Model,Baseline Accuracy,TDA Accuracy,Accuracy Δ,Accuracy Δ%,Baseline F1,TDA F1,F1 Δ,F1 Δ%,Baseline AUC,TDA AUC,AUC Δ,AUC Δ%
Logistic Regression,0.7583,0.8252506650296706,0.06695066502967062,8.829047214779193,0.76,0.8177235720944136,0.05772357209441359,7.595206854528104,0.9454,0.9718120668258096,0.026412066825809544,2.7937451687972863
Random Forest,0.9615,0.9111111111111112,-0.050388888888888816,-5.2406540706072615,0.9615,0.9099161560794548,-0.05158384392054527,-5.364934365111313,0.9971,0.9890192929847208,-0.008080707015279187,-0.8104209222023053
SVM,0.621,0.7732351135666052,0.15223511356660524,24.514511041321292,0.6101,0.7785269606138164,0.16842696061381646,27.606451502018764,0.8971,0.954346234705018,0.057246234705017995,6.381254565267863
