Attack,AUC
Blackhole Attack,0.9864519672554307
Flooding Attack,0.9993185584361841
Normal Traffic,0.9996812818369946
Sybil Attack,0.9999728846147007
Wormhole Attack,0.9693496447138311
