Model,AUC
Baseline RF,0.9972999796750107
TDA-Enhanced RF,0.9909548673714281
Improvement,-0.00634511230358259
