test_idx,label,W2_c2,W2_network,W2_physical,W2_combined,W2_c2_only,W2_network_only,W2_physical_only,W2_c2_network,W2_c2_physical,W2_network_physical,W2_all_three
15,Sybil Attack,0.09610904262380823,0.051172836565723544,0.0,0.14728187918953178,0.09610904262380823,0.051172836565723544,0.0,0.14728187918953178,0.09610904262380823,0.051172836565723544,0.14728187918953178
16,Sybil Attack,0.10771179508123202,0.06378401124903532,0.0,0.17149580633026734,0.10771179508123202,0.06378401124903532,0.0,0.17149580633026734,0.10771179508123202,0.06378401124903532,0.17149580633026734
28,Sybil Attack,0.09607734232885139,0.05641909353478178,0.0,0.15249643586363315,0.09607734232885139,0.05641909353478178,0.0,0.15249643586363315,0.09607734232885139,0.05641909353478178,0.15249643586363315
63,Sybil Attack,0.1260849001137849,0.06373520022430865,0.0,0.18982010033809354,0.1260849001137849,0.06373520022430865,0.0,0.18982010033809354,0.1260849001137849,0.06373520022430865,0.18982010033809354
104,Sybil Attack,0.11175557367429803,0.05100212679295536,0.016995383400155564,0.17975308386740896,0.11175557367429803,0.05100212679295536,0.016995383400155564,0.1627577004672534,0.1287509570744536,0.06799751019311093,0.17975308386740896
128,Sybil Attack,0.09610904262380823,0.051002125503398124,0.0,0.14711116812720637,0.09610904262380823,0.051002125503398124,0.0,0.14711116812720637,0.09610904262380823,0.051002125503398124,0.14711116812720637
141,Sybil Attack,0.08535224706516839,0.03303465417187001,0.03654264781825678,0.15492954905529518,0.08535224706516839,0.03303465417187001,0.03654264781825678,0.1183869012370384,0.12189489488342517,0.0695773019901268,0.15492954905529518
169,Sybil Attack,0.09750625778416197,0.051002345478270164,0.0,0.14850860326243215,0.09750625778416197,0.051002345478270164,0.0,0.14850860326243215,0.09750625778416197,0.051002345478270164,0.14850860326243215
171,Sybil Attack,0.09651139973981253,0.05100212713623349,0.0,0.14751352687604602,0.09651139973981253,0.05100212713623349,0.0,0.14751352687604602,0.09651139973981253,0.05100212713623349,0.14751352687604602
191,Sybil Attack,0.06723790913586657,0.05148690399775078,0.0009783286531770546,0.1197031417867944,0.06723790913586657,0.05148690399775078,0.0009783286531770546,0.11872481313361735,0.06821623778904362,0.05246523265092783,0.1197031417867944
214,Sybil Attack,0.0789730168787886,0.04602506351948793,0.0,0.12499808039827653,0.0789730168787886,0.04602506351948793,0.0,0.12499808039827653,0.0789730168787886,0.04602506351948793,0.12499808039827653
240,Sybil Attack,0.10554891103154201,0.051002125503398124,0.0,0.15655103653494012,0.10554891103154201,0.051002125503398124,0.0,0.15655103653494012,0.10554891103154201,0.051002125503398124,0.15655103653494012
254,Sybil Attack,0.07178919726021517,0.0512498839348728,0.0,0.12303908119508797,0.07178919726021517,0.0512498839348728,0.0,0.12303908119508797,0.07178919726021517,0.0512498839348728,0.12303908119508797
256,Sybil Attack,0.1021383407557826,0.06536053537048118,0.0,0.1674988761262638,0.1021383407557826,0.06536053537048118,0.0,0.1674988761262638,0.1021383407557826,0.06536053537048118,0.1674988761262638
294,Sybil Attack,0.11398896893931357,0.05240224618973914,0.0,0.1663912151290527,0.11398896893931357,0.05240224618973914,0.0,0.1663912151290527,0.11398896893931357,0.05240224618973914,0.1663912151290527
300,Sybil Attack,0.10453328066899395,0.051002126791627085,0.016995383400155564,0.1725307908607766,0.10453328066899395,0.051002126791627085,0.016995383400155564,0.15553540746062103,0.12152866406914951,0.06799751019178266,0.1725307908607766
356,Sybil Attack,0.08168808987276424,0.0510021267930048,0.009103115160433854,0.1417933318262029,0.08168808987276424,0.0510021267930048,0.009103115160433854,0.13269021666576905,0.0907912050331981,0.06010524195343866,0.1417933318262029
368,Sybil Attack,0.10052562400581849,0.05100212713623349,0.0,0.15152775114205197,0.10052562400581849,0.05100212713623349,0.0,0.15152775114205197,0.10052562400581849,0.05100212713623349,0.15152775114205197
369,Sybil Attack,0.09246526808103973,0.051002345478270164,0.0,0.1434676135593099,0.09246526808103973,0.051002345478270164,0.0,0.1434676135593099,0.09246526808103973,0.051002345478270164,0.1434676135593099
380,Sybil Attack,0.1261427205455754,0.05100212679157765,0.0,0.17714484733715305,0.1261427205455754,0.05100212679157765,0.0,0.17714484733715305,0.1261427205455754,0.05100212679157765,0.17714484733715305
391,Sybil Attack,0.10975157339141353,0.05244114388312156,0.0,0.1621927172745351,0.10975157339141353,0.05244114388312156,0.0,0.1621927172745351,0.10975157339141353,0.05244114388312156,0.1621927172745351
404,Sybil Attack,0.09533827359109108,0.05100212679295536,0.0,0.14634040038404644,0.09533827359109108,0.05100212679295536,0.0,0.14634040038404644,0.09533827359109108,0.05100212679295536,0.14634040038404644
424,Sybil Attack,0.06521302831212378,0.051028594355949045,0.016995383400155564,0.1332370060682284,0.06521302831212378,0.051028594355949045,0.016995383400155564,0.11624162266807282,0.08220841171227934,0.06802397775610461,0.1332370060682284
427,Sybil Attack,0.09784752662117242,0.05194457057943377,0.0,0.14979209720060618,0.09784752662117242,0.05194457057943377,0.0,0.14979209720060618,0.09784752662117242,0.05194457057943377,0.14979209720060618
479,Sybil Attack,0.1261427205455754,0.05934487305810675,0.0,0.18548759360368217,0.1261427205455754,0.05934487305810675,0.0,0.18548759360368217,0.1261427205455754,0.05934487305810675,0.18548759360368217
486,Sybil Attack,0.11442410002877706,0.06367559463168927,0.0,0.17809969466046632,0.11442410002877706,0.06367559463168927,0.0,0.17809969466046632,0.11442410002877706,0.06367559463168927,0.17809969466046632
530,Sybil Attack,0.07858191692903396,0.06427541354310225,0.0,0.14285733047213622,0.07858191692903396,0.06427541354310225,0.0,0.14285733047213622,0.07858191692903396,0.06427541354310225,0.14285733047213622
664,Sybil Attack,0.1156164947169008,0.05287697926307248,0.0,0.16849347397997327,0.1156164947169008,0.05287697926307248,0.0,0.16849347397997327,0.1156164947169008,0.05287697926307248,0.16849347397997327
722,Sybil Attack,0.07443149192442618,0.054371487961108224,0.0,0.1288029798855344,0.07443149192442618,0.054371487961108224,0.0,0.1288029798855344,0.07443149192442618,0.054371487961108224,0.1288029798855344
770,Sybil Attack,0.10034470124216267,0.05639331995345144,0.0,0.1567380211956141,0.10034470124216267,0.05639331995345144,0.0,0.1567380211956141,0.10034470124216267,0.05639331995345144,0.1567380211956141
778,Sybil Attack,0.10897329971697418,0.05100212713623349,0.0,0.15997542685320768,0.10897329971697418,0.05100212713623349,0.0,0.15997542685320768,0.10897329971697418,0.05100212713623349,0.15997542685320768
783,Sybil Attack,0.09605122219201774,0.051514566029935205,0.0,0.14756578822195293,0.09605122219201774,0.051514566029935205,0.0,0.14756578822195293,0.09605122219201774,0.051514566029935205,0.14756578822195293
818,Sybil Attack,0.09607734232885139,0.056487650036126866,0.0,0.15256499236497825,0.09607734232885139,0.056487650036126866,0.0,0.15256499236497825,0.09607734232885139,0.056487650036126866,0.15256499236497825
821,Sybil Attack,0.09605122219201774,0.04601676481400139,0.0,0.14206798700601914,0.09605122219201774,0.04601676481400139,0.0,0.14206798700601914,0.09605122219201774,0.04601676481400139,0.14206798700601914
829,Sybil Attack,0.07178919726021517,0.051028594355949045,0.0,0.12281779161616421,0.07178919726021517,0.051028594355949045,0.0,0.12281779161616421,0.07178919726021517,0.051028594355949045,0.12281779161616421
837,Sybil Attack,0.11170706694807318,0.04529081526472796,0.0,0.15699788221280114,0.11170706694807318,0.04529081526472796,0.0,0.15699788221280114,0.11170706694807318,0.04529081526472796,0.15699788221280114
838,Sybil Attack,0.1260849001137849,0.05118654624953445,0.0,0.17727144636331935,0.1260849001137849,0.05118654624953445,0.0,0.17727144636331935,0.1260849001137849,0.05118654624953445,0.17727144636331935
846,Sybil Attack,0.10878980832323121,0.05147136711096776,0.0009783286531770546,0.16123950408737603,0.10878980832323121,0.05147136711096776,0.0009783286531770546,0.16026117543419896,0.10976813697640826,0.052449695764144814,0.16123950408737603
896,Sybil Attack,0.0708533631004221,0.06121972350810497,0.0,0.13207308660852707,0.0708533631004221,0.06121972350810497,0.0,0.13207308660852707,0.0708533631004221,0.06121972350810497,0.13207308660852707
923,Sybil Attack,0.10388720613275133,0.05100212679295536,0.0,0.1548893329257067,0.10388720613275133,0.05100212679295536,0.0,0.1548893329257067,0.10388720613275133,0.05100212679295536,0.1548893329257067
924,Sybil Attack,0.07350863248211129,0.06268518999181362,0.0,0.13619382247392492,0.07350863248211129,0.06268518999181362,0.0,0.13619382247392492,0.07350863248211129,0.06268518999181362,0.13619382247392492
971,Sybil Attack,0.10382101541079387,0.05142413631561522,0.0,0.1552451517264091,0.10382101541079387,0.05142413631561522,0.0,0.1552451517264091,0.10382101541079387,0.05142413631561522,0.1552451517264091
974,Sybil Attack,0.13488498375748043,0.05100212713623349,0.0,0.1858871108937139,0.13488498375748043,0.05100212713623349,0.0,0.1858871108937139,0.13488498375748043,0.05100212713623349,0.1858871108937139
992,Sybil Attack,0.10726324523298018,0.06247254113661607,0.0192309125340451,0.18896669890364134,0.10726324523298018,0.06247254113661607,0.0192309125340451,0.16973578636959624,0.12649415776702527,0.08170345367066117,0.18896669890364134
1023,Sybil Attack,0.11605120255030994,0.05100212713623349,0.0,0.16705332968654343,0.11605120255030994,0.05100212713623349,0.0,0.16705332968654343,0.11605120255030994,0.05100212713623349,0.16705332968654343
1028,Sybil Attack,0.11125712753493439,0.06377292942812637,0.0009783286531770546,0.17600838561623783,0.11125712753493439,0.06377292942812637,0.0009783286531770546,0.17503005696306076,0.11223545618811144,0.06475125808130343,0.17600838561623783
1052,Sybil Attack,0.09610904262380823,0.06378574957811566,0.007305441317038151,0.16720023351896202,0.09610904262380823,0.06378574957811566,0.007305441317038151,0.15989479220192387,0.10341448394084639,0.07109119089515381,0.16720023351896202
1055,Sybil Attack,0.10779149793627678,0.06373577165325155,0.003368077308241235,0.17489534689776956,0.10779149793627678,0.06373577165325155,0.003368077308241235,0.17152726958952833,0.11115957524451801,0.06710384896149278,0.17489534689776956
1080,Sybil Attack,0.09605122219201774,0.05216283169018285,0.0,0.1482140538822006,0.09605122219201774,0.05216283169018285,0.0,0.1482140538822006,0.09605122219201774,0.05216283169018285,0.1482140538822006
1103,Sybil Attack,0.09605122219201774,0.05100212713623349,0.0,0.14705334932825123,0.09605122219201774,0.05100212713623349,0.0,0.14705334932825123,0.09605122219201774,0.05100212713623349,0.14705334932825123
1126,Sybil Attack,0.1260849001137849,0.05119431344943452,0.0,0.1772792135632194,0.1260849001137849,0.05119431344943452,0.0,0.1772792135632194,0.1260849001137849,0.05119431344943452,0.1772792135632194
1171,Sybil Attack,0.1260849001137849,0.06122020294876293,0.0,0.18730510306254783,0.1260849001137849,0.06122020294876293,0.0,0.18730510306254783,0.1260849001137849,0.06122020294876293,0.18730510306254783
1195,Sybil Attack,0.09610904262380823,0.06268143576898219,0.0009783286531770546,0.15976880704596746,0.09610904262380823,0.06268143576898219,0.0009783286531770546,0.15879047839279042,0.09708737127698529,0.06365976442215925,0.15976880704596746
1211,Sybil Attack,0.10923219553716486,0.051002345478270164,0.0009783286531770546,0.1612128696686121,0.10923219553716486,0.051002345478270164,0.0009783286531770546,0.16023454101543502,0.11021052419034191,0.05198067413144722,0.1612128696686121
1227,Sybil Attack,0.1016671754502533,0.05100204650111798,0.0,0.15266922195137128,0.1016671754502533,0.05100204650111798,0.0,0.15266922195137128,0.1016671754502533,0.05100204650111798,0.15266922195137128
1228,Sybil Attack,0.06533977773990517,0.05139303293930099,0.0,0.11673281067920616,0.06533977773990517,0.05139303293930099,0.0,0.11673281067920616,0.06533977773990517,0.05139303293930099,0.11673281067920616
1231,Sybil Attack,0.07549197969108697,0.05113910974379864,0.03654264781825678,0.16317373725314238,0.07549197969108697,0.05113910974379864,0.03654264781825678,0.1266310894348856,0.11203462750934375,0.08768175756205543,0.16317373725314238
1247,Sybil Attack,0.10715420515172504,0.05145168655903728,0.0,0.1586058917107623,0.10715420515172504,0.05145168655903728,0.0,0.1586058917107623,0.10715420515172504,0.05145168655903728,0.1586058917107623
1255,Sybil Attack,0.09605122219201774,0.05100212550202041,0.0,0.14705334769403816,0.09605122219201774,0.05100212550202041,0.0,0.14705334769403816,0.09605122219201774,0.05100212550202041,0.14705334769403816
1285,Sybil Attack,0.10628930565018271,0.051002345478270164,0.0,0.1572916511284529,0.10628930565018271,0.051002345478270164,0.0,0.1572916511284529,0.10628930565018271,0.051002345478270164,0.1572916511284529
1297,Sybil Attack,0.09399425536263002,0.0514506927729592,0.0,0.14544494813558922,0.09399425536263002,0.0514506927729592,0.0,0.14544494813558922,0.09399425536263002,0.0514506927729592,0.14544494813558922
1305,Sybil Attack,0.1261427205455754,0.05670812472887051,0.0,0.18285084527444592,0.1261427205455754,0.05670812472887051,0.0,0.18285084527444592,0.1261427205455754,0.05670812472887051,0.18285084527444592
1335,Sybil Attack,0.08535216958631574,0.052207165053746514,0.0,0.13755933464006226,0.08535216958631574,0.052207165053746514,0.0,0.13755933464006226,0.08535216958631574,0.052207165053746514,0.13755933464006226
1375,Sybil Attack,0.09605122219201774,0.05100204650247849,0.0,0.14705326869449623,0.09605122219201774,0.05100204650247849,0.0,0.14705326869449623,0.09605122219201774,0.05100204650247849,0.14705326869449623
1390,Sybil Attack,0.08963195873878152,0.05173947738315441,0.0,0.14137143612193592,0.08963195873878152,0.05173947738315441,0.0,0.14137143612193592,0.08963195873878152,0.05173947738315441,0.14137143612193592
1399,Sybil Attack,0.09853365608851486,0.06617604294539096,0.0017070470123692616,0.16641674604627507,0.09853365608851486,0.06617604294539096,0.0017070470123692616,0.1647096990339058,0.10024070310088412,0.06788308995776023,0.16641674604627507
1402,Sybil Attack,0.09605122219201774,0.05100204650110076,0.0,0.1470532686931185,0.09605122219201774,0.05100204650110076,0.0,0.1470532686931185,0.09605122219201774,0.05100204650110076,0.1470532686931185
1411,Sybil Attack,0.10726324523298018,0.05154355291616897,0.0,0.15880679814914916,0.10726324523298018,0.05154355291616897,0.0,0.15880679814914916,0.10726324523298018,0.05154355291616897,0.15880679814914916
1426,Sybil Attack,0.10184684526297148,0.05132859869029773,0.016998503960914072,0.17017394791418328,0.10184684526297148,0.05132859869029773,0.016998503960914072,0.1531754439532692,0.11884534922388555,0.06832710265121181,0.17017394791418328
1433,Sybil Attack,0.08139091568011503,0.052529309309061516,0.0,0.13392022498917655,0.08139091568011503,0.052529309309061516,0.0,0.13392022498917655,0.08139091568011503,0.052529309309061516,0.13392022498917655
1449,Sybil Attack,0.0694692574842554,0.05129580629727027,0.0,0.12076506378152568,0.0694692574842554,0.05129580629727027,0.0,0.12076506378152568,0.0694692574842554,0.05129580629727027,0.12076506378152568
1462,Sybil Attack,0.09213043137711963,0.051192273090945546,0.0,0.14332270446806517,0.09213043137711963,0.051192273090945546,0.0,0.14332270446806517,0.09213043137711963,0.051192273090945546,0.14332270446806517
1507,Sybil Attack,0.10524124538672736,0.06263742886537842,0.0,0.1678786742521058,0.10524124538672736,0.06263742886537842,0.0,0.1678786742521058,0.10524124538672736,0.06263742886537842,0.1678786742521058
1508,Sybil Attack,0.11605120255030994,0.05137764352048285,0.0,0.16742884607079278,0.11605120255030994,0.05137764352048285,0.0,0.16742884607079278,0.11605120255030994,0.05137764352048285,0.16742884607079278
1511,Sybil Attack,0.1261427205455754,0.05100212679295536,0.0,0.17714484733853075,0.1261427205455754,0.05100212679295536,0.0,0.17714484733853075,0.1261427205455754,0.05100212679295536,0.17714484733853075
1545,Sybil Attack,0.09605122219201774,0.05629166555777178,0.0,0.15234288774978952,0.09605122219201774,0.05629166555777178,0.0,0.15234288774978952,0.09605122219201774,0.05629166555777178,0.15234288774978952
1556,Sybil Attack,0.09605122219201774,0.04602605063853949,0.0,0.14207727283055724,0.09605122219201774,0.04602605063853949,0.0,0.14207727283055724,0.09605122219201774,0.04602605063853949,0.14207727283055724
1578,Sybil Attack,0.09610904262380823,0.05139303293930099,0.01630905714862051,0.16381113271172976,0.09610904262380823,0.05139303293930099,0.01630905714862051,0.14750207556310924,0.11241809977242874,0.0677020900879215,0.16381113271172976
1586,Sybil Attack,0.09182640710034137,0.051135864712547774,0.0,0.14296227181288915,0.09182640710034137,0.051135864712547774,0.0,0.14296227181288915,0.09182640710034137,0.051135864712547774,0.14296227181288915
1594,Sybil Attack,0.07001602865096676,0.05100212713623349,0.0,0.12101815578720025,0.07001602865096676,0.05100212713623349,0.0,0.12101815578720025,0.07001602865096676,0.05100212713623349,0.12101815578720025
1609,Sybil Attack,0.12156645673899277,0.05790085626747241,0.0009783286531770546,0.18044564165964222,0.12156645673899277,0.05790085626747241,0.0009783286531770546,0.17946731300646518,0.12254478539216983,0.05887918492064947,0.18044564165964222
1613,Sybil Attack,0.108667637845294,0.051248976030385696,0.018556207685632042,0.17847282156131172,0.108667637845294,0.051248976030385696,0.018556207685632042,0.15991661387567968,0.12722384553092603,0.06980518371601774,0.17847282156131172
1623,Sybil Attack,0.10476401317025996,0.05115645590834995,0.0,0.1559204690786099,0.10476401317025996,0.05115645590834995,0.0,0.1559204690786099,0.10476401317025996,0.05115645590834995,0.1559204690786099
1631,Sybil Attack,0.10911582067808556,0.06263742886537842,0.0,0.171753249543464,0.10911582067808556,0.06263742886537842,0.0,0.171753249543464,0.10911582067808556,0.06263742886537842,0.171753249543464
1693,Sybil Attack,0.1103817366305738,0.05131949546191511,0.0,0.1617012320924889,0.1103817366305738,0.05131949546191511,0.0,0.1617012320924889,0.1103817366305738,0.05131949546191511,0.1617012320924889
1739,Sybil Attack,0.09605122219201774,0.045913267044252096,0.0,0.14196448923626984,0.09605122219201774,0.045913267044252096,0.0,0.14196448923626984,0.09605122219201774,0.045913267044252096,0.14196448923626984
1755,Sybil Attack,0.14003661376779503,0.05152437376808695,0.015613818569488942,0.2071748061053709,0.14003661376779503,0.05152437376808695,0.015613818569488942,0.19156098753588197,0.15565043233728396,0.0671381923375759,0.2071748061053709
1762,Sybil Attack,0.11421217378003733,0.06264367775782563,0.0,0.17685585153786296,0.11421217378003733,0.06264367775782563,0.0,0.17685585153786296,0.11421217378003733,0.06264367775782563,0.17685585153786296
1768,Sybil Attack,0.11605120255030994,0.051002345478270164,0.0,0.1670535480285801,0.11605120255030994,0.051002345478270164,0.0,0.1670535480285801,0.11605120255030994,0.051002345478270164,0.1670535480285801
1773,Sybil Attack,0.09605122219201774,0.05106291471858387,0.0,0.1471141369106016,0.09605122219201774,0.05106291471858387,0.0,0.1471141369106016,0.09605122219201774,0.05106291471858387,0.1471141369106016
1806,Sybil Attack,0.10196184629230075,0.051864382876367965,0.0,0.15382622916866873,0.10196184629230075,0.051864382876367965,0.0,0.15382622916866873,0.10196184629230075,0.051864382876367965,0.15382622916866873
1807,Sybil Attack,0.0878457247016339,0.06258665462279114,0.0,0.15043237932442505,0.0878457247016339,0.06258665462279114,0.0,0.15043237932442505,0.0878457247016339,0.06258665462279114,0.15043237932442505
1847,Sybil Attack,0.11175557367429803,0.05153126947395661,0.0,0.16328684314825465,0.11175557367429803,0.05153126947395661,0.0,0.16328684314825465,0.11175557367429803,0.05153126947395661,0.16328684314825465
1864,Sybil Attack,0.10051451009122683,0.05130965646027334,0.0,0.15182416655150016,0.10051451009122683,0.05130965646027334,0.0,0.15182416655150016,0.10051451009122683,0.05130965646027334,0.15182416655150016
1876,Sybil Attack,0.0789730168787886,0.03240305519236535,0.0,0.11137607207115396,0.0789730168787886,0.03240305519236535,0.0,0.11137607207115396,0.0789730168787886,0.03240305519236535,0.11137607207115396
1893,Sybil Attack,0.10844950256498531,0.03714150027862658,0.0,0.1455910028436119,0.10844950256498531,0.03714150027862658,0.0,0.1455910028436119,0.10844950256498531,0.03714150027862658,0.1455910028436119
1898,Sybil Attack,0.09605122219201774,0.04629916276619961,0.0,0.14235038495821734,0.09605122219201774,0.04629916276619961,0.0,0.14235038495821734,0.09605122219201774,0.04629916276619961,0.14235038495821734
1900,Sybil Attack,0.06317749205362885,0.032901467448466004,0.0,0.09607895950209486,0.06317749205362885,0.032901467448466004,0.0,0.09607895950209486,0.06317749205362885,0.032901467448466004,0.09607895950209486
1909,Sybil Attack,0.0878457247016339,0.030395040521152723,0.0,0.11824076522278662,0.0878457247016339,0.030395040521152723,0.0,0.11824076522278662,0.0878457247016339,0.030395040521152723,0.11824076522278662
1928,Sybil Attack,0.09605122219201774,0.030826170463704144,0.0,0.1268773926557219,0.09605122219201774,0.030826170463704144,0.0,0.1268773926557219,0.09605122219201774,0.030826170463704144,0.1268773926557219
1943,Sybil Attack,0.07858191692903396,0.04256508787063439,0.016519370747668016,0.13766637554733638,0.07858191692903396,0.04256508787063439,0.016519370747668016,0.12114700479966836,0.09510128767670198,0.05908445861830241,0.13766637554733638
1944,Sybil Attack,0.11019344776755152,0.02893713274129657,0.016519370747668016,0.1556499512565161,0.11019344776755152,0.02893713274129657,0.016519370747668016,0.13913058050884808,0.12671281851521954,0.045456503488964586,0.1556499512565161
1985,Sybil Attack,0.08535224706516839,0.026528158819540362,0.016035188428244456,0.1279155943129532,0.08535224706516839,0.026528158819540362,0.016035188428244456,0.11188040588470875,0.10138743549341285,0.04256334724778482,0.1279155943129532
2018,Sybil Attack,0.11104974982643377,0.019655292637564194,0.0,0.13070504246399797,0.11104974982643377,0.019655292637564194,0.0,0.13070504246399797,0.11104974982643377,0.019655292637564194,0.13070504246399797
2045,Sybil Attack,0.1080789156528892,0.012717069242236466,0.0,0.12079598489512566,0.1080789156528892,0.012717069242236466,0.0,0.12079598489512566,0.1080789156528892,0.012717069242236466,0.12079598489512566
2085,Sybil Attack,0.10958988471253142,0.047579910795650285,0.0,0.15716979550818172,0.10958988471253142,0.047579910795650285,0.0,0.15716979550818172,0.10958988471253142,0.047579910795650285,0.15716979550818172
2117,Sybil Attack,0.1030562416846036,0.04092675655105488,0.0,0.14398299823565847,0.1030562416846036,0.04092675655105488,0.0,0.14398299823565847,0.1030562416846036,0.04092675655105488,0.14398299823565847
2121,Sybil Attack,0.0663061139538682,0.05100212713623349,0.0,0.1173082410901017,0.0663061139538682,0.05100212713623349,0.0,0.1173082410901017,0.0663061139538682,0.05100212713623349,0.1173082410901017
2132,Sybil Attack,0.09025625209213213,0.04560120055236381,0.0,0.13585745264449595,0.09025625209213213,0.04560120055236381,0.0,0.13585745264449595,0.09025625209213213,0.04560120055236381,0.13585745264449595
2135,Sybil Attack,0.09605122219201774,0.051495472264997066,0.015526120486278364,0.16307281494329315,0.09605122219201774,0.051495472264997066,0.015526120486278364,0.1475466944570148,0.11157734267829611,0.06702159275127544,0.16307281494329315
2148,Sybil Attack,0.12344912997566691,0.05100212713623349,0.0,0.1744512571119004,0.12344912997566691,0.05100212713623349,0.0,0.1744512571119004,0.12344912997566691,0.05100212713623349,0.1744512571119004
2179,Sybil Attack,0.1261613203757957,0.04699851346906115,0.0,0.17315983384485684,0.1261613203757957,0.04699851346906115,0.0,0.17315983384485684,0.1261613203757957,0.04699851346906115,0.17315983384485684
2197,Sybil Attack,0.10952029317895803,0.051192273090945546,0.0,0.16071256626990357,0.10952029317895803,0.051192273090945546,0.0,0.16071256626990357,0.10952029317895803,0.051192273090945546,0.16071256626990357
2225,Sybil Attack,0.1261613203757957,0.01990578657137272,0.0,0.1460671069471684,0.1261613203757957,0.01990578657137272,0.0,0.1460671069471684,0.1261613203757957,0.01990578657137272,0.1460671069471684
2231,Sybil Attack,0.11374113658255787,0.032450206212449706,0.0,0.14619134279500756,0.11374113658255787,0.032450206212449706,0.0,0.14619134279500756,0.11374113658255787,0.032450206212449706,0.14619134279500756
2238,Sybil Attack,0.1166570617027914,0.051344196490480776,0.0,0.16800125819327216,0.1166570617027914,0.051344196490480776,0.0,0.16800125819327216,0.1166570617027914,0.051344196490480776,0.16800125819327216
2248,Sybil Attack,0.0823375072320681,0.05178068591310343,0.0,0.13411819314517154,0.0823375072320681,0.05178068591310343,0.0,0.13411819314517154,0.0823375072320681,0.05178068591310343,0.13411819314517154
2254,Sybil Attack,0.08427989215062583,0.05146812436837368,0.0,0.1357480165189995,0.08427989215062583,0.05146812436837368,0.0,0.1357480165189995,0.08427989215062583,0.05146812436837368,0.1357480165189995
2266,Sybil Attack,0.0947259981230589,0.051351526163823345,0.0,0.14607752428688225,0.0947259981230589,0.051351526163823345,0.0,0.14607752428688225,0.0947259981230589,0.051351526163823345,0.14607752428688225
2274,Sybil Attack,0.12125270961961211,0.021992596121779995,0.0,0.1432453057413921,0.12125270961961211,0.021992596121779995,0.0,0.1432453057413921,0.12125270961961211,0.021992596121779995,0.1432453057413921
2293,Sybil Attack,0.08637274230654668,0.04217666458730689,0.0,0.12854940689385358,0.08637274230654668,0.04217666458730689,0.0,0.12854940689385358,0.08637274230654668,0.04217666458730689,0.12854940689385358
2355,Sybil Attack,0.12075820290272038,0.054371487961108224,0.0,0.1751296908638286,0.12075820290272038,0.054371487961108224,0.0,0.1751296908638286,0.12075820290272038,0.054371487961108224,0.1751296908638286
2364,Sybil Attack,0.11107162461715633,0.0439427984135245,0.0,0.15501442303068083,0.11107162461715633,0.0439427984135245,0.0,0.15501442303068083,0.11107162461715633,0.0439427984135245,0.15501442303068083
2378,Sybil Attack,0.10171333008033298,0.0650250982744488,0.0,0.16673842835478178,0.10171333008033298,0.0650250982744488,0.0,0.16673842835478178,0.10171333008033298,0.0650250982744488,0.16673842835478178
2391,Sybil Attack,0.09605122219201774,0.05140170656395163,0.020069296704769358,0.16752222546073875,0.09605122219201774,0.05140170656395163,0.020069296704769358,0.14745292875596938,0.1161205188967871,0.07147100326872098,0.16752222546073875
2405,Sybil Attack,0.07998506608255729,0.04725048629765794,0.0,0.12723555238021522,0.07998506608255729,0.04725048629765794,0.0,0.12723555238021522,0.07998506608255729,0.04725048629765794,0.12723555238021522
2461,Sybil Attack,0.1260849001137849,0.05145168655903728,0.0009783286531770546,0.17851491532599922,0.1260849001137849,0.05145168655903728,0.0009783286531770546,0.17753658667282218,0.12706322876696197,0.05243001521221433,0.17851491532599922
2466,Sybil Attack,0.10170690651075248,0.05214080353051411,0.0,0.1538477100412666,0.10170690651075248,0.05214080353051411,0.0,0.1538477100412666,0.10170690651075248,0.05214080353051411,0.1538477100412666
2489,Sybil Attack,0.1260849001137849,0.05132859869029773,0.0,0.17741349880408264,0.1260849001137849,0.05132859869029773,0.0,0.17741349880408264,0.1260849001137849,0.05132859869029773,0.17741349880408264
2496,Sybil Attack,0.11903208958775503,0.056487650036126866,0.0,0.1755197396238819,0.11903208958775503,0.056487650036126866,0.0,0.1755197396238819,0.11903208958775503,0.056487650036126866,0.1755197396238819
2505,Sybil Attack,0.06959771997995871,0.0627056733479997,0.0,0.13230339332795843,0.06959771997995871,0.0627056733479997,0.0,0.13230339332795843,0.06959771997995871,0.0627056733479997,0.13230339332795843
2513,Sybil Attack,0.1062709599898298,0.05100212679157765,0.0,0.15727308678140745,0.1062709599898298,0.05100212679157765,0.0,0.15727308678140745,0.1062709599898298,0.05100212679157765,0.15727308678140745
2528,Sybil Attack,0.09605122219201774,0.05120892977629735,0.0,0.1472601519683151,0.09605122219201774,0.05120892977629735,0.0,0.1472601519683151,0.09605122219201774,0.05120892977629735,0.1472601519683151
2544,Sybil Attack,0.1261427205455754,0.051616892909696836,0.0,0.17775961345527225,0.1261427205455754,0.051616892909696836,0.0,0.17775961345527225,0.1261427205455754,0.051616892909696836,0.17775961345527225
2585,Sybil Attack,0.12745903866497338,0.05100212713766064,0.0,0.17846116580263402,0.12745903866497338,0.05100212713766064,0.0,0.17846116580263402,0.12745903866497338,0.05100212713766064,0.17846116580263402
2602,Sybil Attack,0.10066613482393506,0.06377292942812637,0.0,0.16443906425206145,0.10066613482393506,0.06377292942812637,0.0,0.16443906425206145,0.10066613482393506,0.06377292942812637,0.16443906425206145
2617,Sybil Attack,0.10764117750661847,0.05141953093600657,0.000273709869142047,0.1593344183117671,0.10764117750661847,0.05141953093600657,0.000273709869142047,0.15906070844262504,0.10791488737576052,0.051693240805148616,0.1593344183117671
2661,Sybil Attack,0.09605122219201774,0.05134412803055003,0.0,0.14739535022256778,0.09605122219201774,0.05134412803055003,0.0,0.14739535022256778,0.09605122219201774,0.05134412803055003,0.14739535022256778
2670,Sybil Attack,0.07549197969108697,0.05100204650247849,0.0009783286531770546,0.12747235484674252,0.07549197969108697,0.05100204650247849,0.0009783286531770546,0.12649402619356545,0.07647030834426402,0.051980375155655546,0.12747235484674252
2678,Sybil Attack,0.09630628377556891,0.05100212713766064,0.0,0.14730841091322955,0.09630628377556891,0.05100212713766064,0.0,0.14730841091322955,0.09630628377556891,0.05100212713766064,0.14730841091322955
2679,Sybil Attack,0.09605122219201774,0.05135063388944548,0.0009783286531770546,0.14838018473464026,0.09605122219201774,0.05135063388944548,0.0009783286531770546,0.14740185608146322,0.0970295508451948,0.05232896254262254,0.14838018473464026
2686,Sybil Attack,0.09605122219201774,0.05132313032985678,0.0,0.14737435252187453,0.09605122219201774,0.05132313032985678,0.0,0.14737435252187453,0.09605122219201774,0.05132313032985678,0.14737435252187453
2701,Sybil Attack,0.08013187157744081,0.051192273090945546,0.0,0.13132414466838635,0.08013187157744081,0.051192273090945546,0.0,0.13132414466838635,0.08013187157744081,0.051192273090945546,0.13132414466838635
2739,Sybil Attack,0.1261613203757957,0.052959080371150685,0.0,0.17912040074694638,0.1261613203757957,0.052959080371150685,0.0,0.17912040074694638,0.1261613203757957,0.052959080371150685,0.17912040074694638
2749,Sybil Attack,0.07035295700548508,0.06375833450823684,0.0,0.13411129151372192,0.07035295700548508,0.06375833450823684,0.0,0.13411129151372192,0.07035295700548508,0.06375833450823684,0.13411129151372192
2752,Sybil Attack,0.08637274230654668,0.05125788062719473,0.0,0.1376306229337414,0.08637274230654668,0.05125788062719473,0.0,0.1376306229337414,0.08637274230654668,0.05125788062719473,0.1376306229337414
2754,Sybil Attack,0.09605122219201774,0.05646194592092922,0.0,0.15251316811294696,0.09605122219201774,0.05646194592092922,0.0,0.15251316811294696,0.09605122219201774,0.05646194592092922,0.15251316811294696
2778,Sybil Attack,0.10051451009122683,0.05100212713623349,0.0,0.15151663722746034,0.10051451009122683,0.05100212713623349,0.0,0.15151663722746034,0.10051451009122683,0.05100212713623349,0.15151663722746034
2786,Sybil Attack,0.09605122219201774,0.05100212713761121,0.0,0.14705334932962894,0.09605122219201774,0.05100212713761121,0.0,0.14705334932962894,0.09605122219201774,0.05100212713761121,0.14705334932962894
2801,Sybil Attack,0.07350863248211129,0.05632092928504631,0.01002046607470936,0.13985002784186695,0.07350863248211129,0.05632092928504631,0.01002046607470936,0.1298295617671576,0.08352909855682064,0.06634139535975567,0.13985002784186695
2829,Sybil Attack,0.09605122219201774,0.051397949386760684,0.0,0.14744917157877843,0.09605122219201774,0.051397949386760684,0.0,0.14744917157877843,0.09605122219201774,0.051397949386760684,0.14744917157877843
2888,Blackhole Attack,0.06008302268701114,0.03831582309175941,0.03654264781825678,0.13494149359702734,0.06008302268701114,0.03831582309175941,0.03654264781825678,0.09839884577877056,0.09662567050526792,0.07485847091001618,0.13494149359702734
2948,Blackhole Attack,0.06897788852354647,0.013583230720013106,0.03654264781825678,0.11910376706181636,0.06897788852354647,0.013583230720013106,0.03654264781825678,0.08256111924355958,0.10552053634180325,0.050125878538269886,0.11910376706181636
2978,Blackhole Attack,0.03952063831913703,0.015492500975368875,0.03654264781825678,0.09155578711276269,0.03952063831913703,0.015492500975368875,0.03654264781825678,0.05501313929450591,0.07606328613739381,0.052035148793625655,0.09155578711276269
2994,Blackhole Attack,0.06626628214121269,0.010160652589384509,0.03654264781825678,0.11296958254885398,0.06626628214121269,0.010160652589384509,0.03654264781825678,0.0764269347305972,0.10280892995946947,0.046703300407641285,0.11296958254885398
3002,Blackhole Attack,0.08135925286035432,0.014183881663846033,0.03654264781825678,0.13208578234245713,0.08135925286035432,0.014183881663846033,0.03654264781825678,0.09554313452420035,0.1179019006786111,0.05072652948210281,0.13208578234245713
3025,Blackhole Attack,0.09016321504653786,0.010119595878281065,0.03654264781825678,0.13682545874307572,0.09016321504653786,0.010119595878281065,0.03654264781825678,0.10028281092481893,0.12670586286479463,0.04666224369653785,0.13682545874307572
3085,Blackhole Attack,0.08796119966492465,0.01578766600257414,0.03654264781825678,0.14029151348575558,0.08796119966492465,0.01578766600257414,0.03654264781825678,0.10374886566749879,0.12450384748318143,0.05233031382083092,0.14029151348575558
3099,Blackhole Attack,0.04671812361831226,0.010546971432491725,0.011882532992746586,0.06914762804355057,0.04671812361831226,0.010546971432491725,0.011882532992746586,0.05726509505080399,0.05860065661105885,0.022429504425238313,0.06914762804355057
3115,Blackhole Attack,0.10696901696617171,0.026090374476735304,0.0323604876381702,0.16541987908107722,0.10696901696617171,0.026090374476735304,0.0323604876381702,0.13305939144290702,0.1393295046043419,0.0584508621149055,0.16541987908107722
3149,Blackhole Attack,0.10820366975558719,0.01435182713802869,0.03654264781825678,0.15909814471187267,0.10820366975558719,0.01435182713802869,0.03654264781825678,0.12255549689361589,0.14474631757384399,0.05089447495628547,0.15909814471187267
3164,Blackhole Attack,0.057569272897155216,0.003658438240551852,0.03654264781825678,0.09777035895596384,0.057569272897155216,0.003658438240551852,0.03654264781825678,0.061227711137707065,0.094111920715412,0.04020108605880863,0.09777035895596384
3180,Blackhole Attack,0.08284180901736665,0.009014674146000096,0.03654264781825678,0.12839913098162353,0.08284180901736665,0.009014674146000096,0.03654264781825678,0.09185648316336675,0.11938445683562343,0.045557321964256874,0.12839913098162353
3191,Blackhole Attack,0.06521302831212378,0.023265094408559464,0.03654264781825678,0.12502077053894,0.06521302831212378,0.023265094408559464,0.03654264781825678,0.08847812272068324,0.10175567613038056,0.05980774222681624,0.12502077053894
3202,Blackhole Attack,0.028156505324200734,0.009014674146000096,0.03654264781825678,0.0737138272884576,0.028156505324200734,0.009014674146000096,0.03654264781825678,0.03717117947020083,0.06469915314245751,0.045557321964256874,0.0737138272884576
3205,Blackhole Attack,0.06788981553475706,0.009389834497399364,0.03654264781825678,0.1138222978504132,0.06788981553475706,0.009389834497399364,0.03654264781825678,0.07727965003215642,0.10443246335301384,0.045932482315656144,0.1138222978504132
3208,Blackhole Attack,0.09610904262380823,0.00931072373909576,0.03654264781825678,0.1419624141811608,0.09610904262380823,0.00931072373909576,0.03654264781825678,0.105419766362904,0.132651690442065,0.04585337155735254,0.1419624141811608
3210,Blackhole Attack,0.11931557237423684,0.009822458066028592,0.03654264781825678,0.16568067825852223,0.11931557237423684,0.009822458066028592,0.03654264781825678,0.12913803044026545,0.15585822019249362,0.04636510588428537,0.16568067825852223
3229,Blackhole Attack,0.09610904262380823,0.0074555794922730335,0.03654264781825678,0.14010726993433803,0.09610904262380823,0.0074555794922730335,0.03654264781825678,0.10356462211608126,0.132651690442065,0.04399822731052981,0.14010726993433803
3272,Blackhole Attack,0.111236410600146,0.01373416533815251,0.03654264781825678,0.1615132237565553,0.111236410600146,0.01373416533815251,0.03654264781825678,0.12497057593829851,0.14777905841840278,0.05027681315640929,0.1615132237565553
3299,Blackhole Attack,0.08523965095492698,0.021617034569304874,0.03654264781825678,0.14339933334248864,0.08523965095492698,0.021617034569304874,0.03654264781825678,0.10685668552423186,0.12178229877318376,0.058159682387561654,0.14339933334248864
3321,Blackhole Attack,0.05626777542882939,0.023043072515743567,0.03654264781825678,0.11585349576282973,0.05626777542882939,0.023043072515743567,0.03654264781825678,0.07931084794457295,0.09281042324708616,0.05958572033400035,0.11585349576282973
3338,Blackhole Attack,0.11579925419364369,0.00988085383177788,0.03654264781825678,0.16222275584367835,0.11579925419364369,0.00988085383177788,0.03654264781825678,0.12568010802542157,0.15234190201190045,0.04642350165003466,0.16222275584367835
3349,Blackhole Attack,0.0997968963582388,0.00979565889122293,0.03654264781825678,0.1461352030677185,0.0997968963582388,0.00979565889122293,0.03654264781825678,0.10959255524946172,0.13633954417649558,0.04633830670947971,0.1461352030677185
3352,Blackhole Attack,0.1261427205455754,0.010121850570558156,0.03654264781825678,0.17280721893439033,0.1261427205455754,0.010121850570558156,0.03654264781825678,0.13626457111613355,0.16268536836383218,0.04666449838881494,0.17280721893439033
3393,Blackhole Attack,0.0838216092331089,0.009504411016575764,0.03654264781825678,0.12986866806794145,0.0838216092331089,0.009504411016575764,0.03654264781825678,0.09332602024968466,0.12036425705136568,0.046047058834832545,0.12986866806794145
3396,Blackhole Attack,0.1122364722847072,0.009473592172025282,0.03654264781825678,0.15825271227498927,0.1122364722847072,0.009473592172025282,0.03654264781825678,0.12171006445673249,0.14877912010296399,0.046016239990282065,0.15825271227498927
3442,Blackhole Attack,0.10544769754634914,0.02331575259691314,0.03654264781825678,0.16530609796151907,0.10544769754634914,0.02331575259691314,0.03654264781825678,0.1287634501432623,0.14199034536460592,0.05985840041516992,0.16530609796151907
3453,Blackhole Attack,0.09605122219201774,0.020483964518824806,0.03654264781825678,0.15307783452909934,0.09605122219201774,0.020483964518824806,0.03654264781825678,0.11653518671084255,0.1325938700102745,0.05702661233708159,0.15307783452909934
3470,Blackhole Attack,0.12354124999536142,0.00901467414462238,0.03654264781825678,0.16909857195824057,0.12354124999536142,0.00901467414462238,0.03654264781825678,0.1325559241399838,0.1600838978136182,0.04555732196287916,0.16909857195824057
3480,Blackhole Attack,0.037757179227411106,0.010024316232043723,0.03654264781825678,0.08432414327771161,0.037757179227411106,0.010024316232043723,0.03654264781825678,0.04778149545945483,0.07429982704566788,0.0465669640503005,0.08432414327771161
3488,Blackhole Attack,0.10950145657496216,0.02340971096088115,0.03654264781825678,0.1694538153541001,0.10950145657496216,0.02340971096088115,0.03654264781825678,0.1329111675358433,0.14604410439321894,0.05995235877913793,0.1694538153541001
3508,Blackhole Attack,0.09605122219201774,0.009820369801352077,0.03654264781825678,0.1424142398116266,0.09605122219201774,0.009820369801352077,0.03654264781825678,0.10587159199336982,0.1325938700102745,0.04636301761960886,0.1424142398116266
3542,Blackhole Attack,0.08446921392516128,0.009014673801344254,0.03654264781825678,0.13002653554476232,0.08446921392516128,0.009014673801344254,0.03654264781825678,0.09348388772650554,0.12101186174341806,0.045557321619601035,0.13002653554476232
3577,Blackhole Attack,0.09748048747800626,0.0029967688500307553,0.03654264781825678,0.13701990414629378,0.09748048747800626,0.0029967688500307553,0.03654264781825678,0.10047725632803702,0.13402313529626303,0.03953941666828754,0.13701990414629378
3593,Blackhole Attack,0.10687574641427816,0.00901467414462238,0.03654264781825678,0.1524330683771573,0.10687574641427816,0.00901467414462238,0.03654264781825678,0.11589042055890054,0.14341839423253494,0.04555732196287916,0.1524330683771573
3610,Blackhole Attack,0.1273400920886794,0.009241304390273191,0.03654264781825678,0.17312404429720937,0.1273400920886794,0.009241304390273191,0.03654264781825678,0.1365813964789526,0.1638827399069362,0.045783952208529974,0.17312404429720937
3623,Blackhole Attack,0.09605122219201774,0.010024316232043723,0.03654264781825678,0.14261818624231826,0.09605122219201774,0.010024316232043723,0.03654264781825678,0.10607553842406146,0.1325938700102745,0.0465669640503005,0.14261818624231826
3688,Blackhole Attack,0.12611102025061854,0.009348888560319069,0.02190448513062544,0.15736439394156304,0.12611102025061854,0.009348888560319069,0.02190448513062544,0.1354599088109376,0.14801550538124397,0.03125337369094451,0.15736439394156304
3711,Blackhole Attack,0.10380243002493662,0.011649841603383195,0.03654264781825678,0.15199491944657662,0.10380243002493662,0.011649841603383195,0.03654264781825678,0.11545227162831982,0.1403450778431934,0.04819248942163998,0.15199491944657662
3721,Blackhole Attack,0.05750588844713392,0.0030851963356820144,0.03654264781825678,0.09713373260107272,0.05750588844713392,0.0030851963356820144,0.03654264781825678,0.060591084782815934,0.0940485362653907,0.039627844153938795,0.09713373260107272
3764,Blackhole Attack,0.1021383407557826,0.009514575975606883,0.03654264781825678,0.14819556454964627,0.1021383407557826,0.009514575975606883,0.03654264781825678,0.11165291673138948,0.13868098857403938,0.046057223793863664,0.14819556454964627
3773,Blackhole Attack,0.09426516217743591,0.009820369800112166,0.03654264781825678,0.14062817979580486,0.09426516217743591,0.009820369800112166,0.03654264781825678,0.10408553197754808,0.1308078099956927,0.046363017618368946,0.14062817979580486
3792,Blackhole Attack,0.08573202668634759,0.019230147605525418,0.03654264781825678,0.1415048221101298,0.08573202668634759,0.019230147605525418,0.03654264781825678,0.10496217429187302,0.12227467450460437,0.0557727954237822,0.1415048221101298
3801,Blackhole Attack,0.1260849001137849,0.012779784416707681,0.03654264781825678,0.17540733234874936,0.1260849001137849,0.012779784416707681,0.03654264781825678,0.13886468453049258,0.16262754793204168,0.049322432234964464,0.17540733234874936
3899,Blackhole Attack,0.11033755979913491,0.036621110091068526,0.03654264781825678,0.18350131770846023,0.11033755979913491,0.036621110091068526,0.03654264781825678,0.14695866989020345,0.14688020761739168,0.0731637579093253,0.18350131770846023
3920,Blackhole Attack,0.09689495542517984,0.032386951267981114,0.03654264781825678,0.16582455451141773,0.09689495542517984,0.032386951267981114,0.03654264781825678,0.12928190669316095,0.13343760324343662,0.06892959908623789,0.16582455451141773
3927,Blackhole Attack,0.07625741499175928,0.02070605532790716,0.03654264781825678,0.13350611813792324,0.07625741499175928,0.02070605532790716,0.03654264781825678,0.09696347031966644,0.11280006281001606,0.05724870314616394,0.13350611813792324
3948,Blackhole Attack,0.06460321130825365,0.009469743361615865,0.03654264781825678,0.1106156024881263,0.06460321130825365,0.009469743361615865,0.03654264781825678,0.07407295466986952,0.10114585912651043,0.046012391179872644,0.1106156024881263
3959,Blackhole Attack,0.051267754506796666,0.015226034795794471,0.03654264781825678,0.10303643712084792,0.051267754506796666,0.015226034795794471,0.03654264781825678,0.06649378930259114,0.08781040232505344,0.05176868261405125,0.10303643712084792
3996,Blackhole Attack,0.07106157269973595,0.009014673799966538,0.03654264781825678,0.11661889431795927,0.07106157269973595,0.009014673799966538,0.03654264781825678,0.08007624649970249,0.10760422051799273,0.04555732161822332,0.11661889431795927
4031,Blackhole Attack,0.061992585323932634,0.009047140905122606,0.03654264781825678,0.10758237404731202,0.061992585323932634,0.009047140905122606,0.03654264781825678,0.07103972622905524,0.09853523314218941,0.04558978872337938,0.10758237404731202
4038,Blackhole Attack,0.09605122219201774,0.011926304018116955,0.03654264781825678,0.14452017402839146,0.09605122219201774,0.011926304018116955,0.03654264781825678,0.10797752621013469,0.1325938700102745,0.04846895183637373,0.14452017402839146
4048,Blackhole Attack,0.09605122219201774,0.009038312575176706,0.03654264781825678,0.14163218258545124,0.09605122219201774,0.009038312575176706,0.03654264781825678,0.10508953476719445,0.1325938700102745,0.045580960393433484,0.14163218258545124
4092,Blackhole Attack,0.0951256964515805,0.009014674146049532,0.03654264781825678,0.14068301841588682,0.0951256964515805,0.009014674146049532,0.03654264781825678,0.10414037059763004,0.13166834426983728,0.04555732196430631,0.14068301841588682
4107,Blackhole Attack,0.1165781728652022,0.02098451864753549,0.03654264781825678,0.17410533933099448,0.1165781728652022,0.02098451864753549,0.03654264781825678,0.1375626915127377,0.15312082068345897,0.05752716646579227,0.17410533933099448
4112,Blackhole Attack,0.09610904262380823,0.009014673799966538,0.03654264781825678,0.14166636424203155,0.09610904262380823,0.009014673799966538,0.03654264781825678,0.10512371642377477,0.132651690442065,0.04555732161822332,0.14166636424203155
4159,Blackhole Attack,0.10585554319444547,0.009579111658693582,0.03654264781825678,0.15197730267139584,0.10585554319444547,0.009579111658693582,0.03654264781825678,0.11543465485313906,0.14239819101270224,0.04612175947695036,0.15197730267139584
4187,Blackhole Attack,0.1260849001137849,0.009014673801344254,0.03654264781825678,0.17164222173338592,0.1260849001137849,0.009014673801344254,0.03654264781825678,0.13509957391512914,0.16262754793204168,0.045557321619601035,0.17164222173338592
4193,Blackhole Attack,0.09795292349588558,0.010003154939104194,0.03654264781825678,0.14449872625324656,0.09795292349588558,0.010003154939104194,0.03654264781825678,0.10795607843498978,0.13449557131414236,0.04654580275736098,0.14449872625324656
4199,Blackhole Attack,0.10485459309806493,0.012189115142455355,0.03654264781825678,0.15358635605877707,0.10485459309806493,0.012189115142455355,0.03654264781825678,0.11704370824052028,0.14139724091632172,0.04873176296071213,0.15358635605877707
4200,Blackhole Attack,0.07001602865096676,0.013497585541001443,0.03654264781825678,0.12005626201022498,0.07001602865096676,0.013497585541001443,0.03654264781825678,0.0835136141919682,0.10655867646922354,0.050040233359258224,0.12005626201022498
4231,Blackhole Attack,0.0685282286668013,0.02098451864753549,0.03654264781825678,0.12605539513259356,0.0685282286668013,0.02098451864753549,0.03654264781825678,0.0895127473143368,0.10507087648505808,0.05752716646579227,0.12605539513259356
4245,Blackhole Attack,0.1103861382757137,0.004254095199401549,0.03654264781825678,0.15118288129337204,0.1103861382757137,0.004254095199401549,0.03654264781825678,0.11464023347511525,0.14692878609397048,0.04079674301765833,0.15118288129337204
4246,Blackhole Attack,0.11584504038495702,0.0094000713276338,0.03654264781825678,0.1617877595308476,0.11584504038495702,0.0094000713276338,0.03654264781825678,0.1252451117125908,0.1523876882032138,0.04594271914589058,0.1617877595308476
4262,Blackhole Attack,0.1260849001137849,0.0005084029372295633,0.03654264781825678,0.16313595086927124,0.1260849001137849,0.0005084029372295633,0.03654264781825678,0.12659330305101446,0.16262754793204168,0.03705105075548634,0.16313595086927124
4275,Blackhole Attack,0.13335617448695175,0.009067430800758239,0.03654264781825678,0.17896625310596675,0.13335617448695175,0.009067430800758239,0.03654264781825678,0.14242360528770998,0.16989882230520853,0.04561007861901502,0.17896625310596675
4336,Blackhole Attack,0.13578636874357436,0.014642365482342982,0.03654264781825678,0.18697138204417413,0.13578636874357436,0.014642365482342982,0.03654264781825678,0.15042873422591735,0.17232901656183114,0.05118501330059976,0.18697138204417413
4347,Blackhole Attack,0.06741179112133497,0.009041140714066495,0.03654264781825678,0.11299557965365824,0.06741179112133497,0.009041140714066495,0.03654264781825678,0.07645293183540146,0.10395443893959175,0.045583788532323276,0.11299557965365824
4366,Blackhole Attack,0.09761255030817682,0.017267741830623178,0.03654264781825678,0.15142293995705677,0.09761255030817682,0.017267741830623178,0.03654264781825678,0.1148802921388,0.13415519812643362,0.05381038964887996,0.15142293995705677
4413,Blackhole Attack,0.10824210127444117,0.012086233951802906,0.03654264781825678,0.15687098304450087,0.10824210127444117,0.012086233951802906,0.03654264781825678,0.12032833522624407,0.14478474909269795,0.04862888177005968,0.15687098304450087
4437,Blackhole Attack,0.08402692714791267,0.009379670030890522,0.03654264781825678,0.12994924499705995,0.08402692714791267,0.009379670030890522,0.03654264781825678,0.09340659717880319,0.12056957496616945,0.0459223178491473,0.12994924499705995
4447,Blackhole Attack,0.09610904262380823,0.020933834133980655,0.03654264781825678,0.15358552457604568,0.09610904262380823,0.020933834133980655,0.03654264781825678,0.11704287675778889,0.132651690442065,0.05747648195223744,0.15358552457604568
4471,Blackhole Attack,0.09284822446597911,0.009014673801393688,0.03654264781825678,0.13840554608562958,0.09284822446597911,0.009014673801393688,0.03654264781825678,0.1018628982673728,0.1293908722842359,0.04555732161965047,0.13840554608562958
4482,Blackhole Attack,0.08963195873878152,0.009473892235168993,0.03654264781825678,0.1356484987922073,0.08963195873878152,0.009473892235168993,0.03654264781825678,0.09910585097395051,0.1261746065570383,0.04601654005342577,0.1356484987922073
4493,Blackhole Attack,0.06433497662655639,0.009014673800015973,0.03654264781825678,0.10989229824482914,0.06433497662655639,0.009014673800015973,0.03654264781825678,0.07334965042657236,0.10087762444481317,0.04555732161827275,0.10989229824482914
4517,Blackhole Attack,0.09630628377556891,0.009014674146000096,0.03654264781825678,0.1418636057398258,0.09630628377556891,0.009014674146000096,0.03654264781825678,0.10532095792156901,0.1328489315938257,0.045557321964256874,0.1418636057398258
4520,Blackhole Attack,0.1261613203757957,0.009014673801344254,0.03654264781825678,0.17171864199539671,0.1261613203757957,0.009014673801344254,0.03654264781825678,0.13517599417713994,0.16270396819405247,0.045557321619601035,0.17171864199539671
4521,Blackhole Attack,0.1102077824359289,0.00906224724797692,0.03654264781825678,0.1558126775021626,0.1102077824359289,0.00906224724797692,0.03654264781825678,0.11927002968390582,0.14675043025418566,0.0456048950662337,0.1558126775021626
4537,Blackhole Attack,0.022736348985172496,0.018345667376406596,0.03654264781825678,0.07762466417983588,0.022736348985172496,0.018345667376406596,0.03654264781825678,0.04108201636157909,0.059278996803429275,0.054888315194663376,0.07762466417983588
4541,Blackhole Attack,0.1161174323290548,0.010453336194389701,0.03654264781825678,0.1631134163417013,0.1161174323290548,0.010453336194389701,0.03654264781825678,0.1265707685234445,0.15266008014731158,0.04699598401264648,0.1631134163417013
4543,Blackhole Attack,0.1261427205455754,0.01203537233245465,0.03654264781825678,0.17472074069628685,0.1261427205455754,0.01203537233245465,0.03654264781825678,0.13817809287803007,0.16268536836383218,0.04857802015071143,0.17472074069628685
4544,Blackhole Attack,0.10947514876829871,0.009014674146000096,0.03654264781825678,0.1550324707325556,0.10947514876829871,0.009014674146000096,0.03654264781825678,0.11848982291429881,0.1460177965865555,0.045557321964256874,0.1550324707325556
4547,Blackhole Attack,0.10844359534982653,0.009680157629602466,0.03654264781825678,0.1546664007976858,0.10844359534982653,0.009680157629602466,0.03654264781825678,0.118123752979429,0.1449862431680833,0.04622280544785924,0.1546664007976858
4548,Blackhole Attack,0.1260849001137849,0.009398973876104576,0.03654264781825678,0.17202652180814626,0.1260849001137849,0.009398973876104576,0.03654264781825678,0.13548387398988948,0.16262754793204168,0.045941621694361355,0.17202652180814626
4601,Blackhole Attack,0.08455524830735926,0.02991172686542016,0.03654264781825678,0.1510096229910362,0.08455524830735926,0.02991172686542016,0.03654264781825678,0.11446697517277943,0.12109789612561604,0.06645437468367693,0.1510096229910362
4614,Blackhole Attack,0.06897788852354647,0.009119043538304375,0.03654264781825678,0.11463957988010763,0.06897788852354647,0.009119043538304375,0.03654264781825678,0.07809693206185085,0.10552053634180325,0.04566169135656115,0.11463957988010763
4618,Blackhole Attack,0.06521302831212378,0.009308417126521038,0.03654264781825678,0.1110640932569016,0.06521302831212378,0.009308417126521038,0.03654264781825678,0.07452144543864482,0.10175567613038056,0.045851064944777815,0.1110640932569016
4620,Blackhole Attack,0.060765443346320946,0.017208854084490938,0.03654264781825678,0.11451694524906866,0.060765443346320946,0.017208854084490938,0.03654264781825678,0.07797429743081188,0.09730809116457773,0.05375150190274772,0.11451694524906866
4638,Blackhole Attack,0.1261613203757957,0.00915225646816913,0.03654264781825678,0.1718562246622216,0.1261613203757957,0.00915225646816913,0.03654264781825678,0.13531357684396483,0.16270396819405247,0.045694904286425905,0.1718562246622216
4658,Blackhole Attack,0.08610744200195364,0.042863124318601536,0.03654264781825678,0.16551321413881195,0.08610744200195364,0.042863124318601536,0.03654264781825678,0.12897056632055517,0.12265008982021042,0.07940577213685832,0.16551321413881195
4664,Blackhole Attack,0.1260849001137849,0.01630605774638265,0.03654264781825678,0.1789336056784243,0.1260849001137849,0.01630605774638265,0.03654264781825678,0.14239095786016753,0.16262754793204168,0.05284870556463943,0.1789336056784243
4669,Blackhole Attack,0.09573152182905206,0.002106896893113516,0.03654264781825678,0.13438106654042237,0.09573152182905206,0.002106896893113516,0.03654264781825678,0.09783841872216557,0.13227416964730884,0.0386495447113703,0.13438106654042237
4730,Blackhole Attack,0.09540160741408155,0.00898610789198049,0.03654264781825678,0.1409303631243188,0.09540160741408155,0.00898610789198049,0.03654264781825678,0.10438771530606203,0.13194425523233833,0.04552875571023727,0.1409303631243188
4737,Blackhole Attack,0.07350863248211129,0.020820843147323322,0.03654264781825678,0.1308721234476914,0.07350863248211129,0.020820843147323322,0.03654264781825678,0.09432947562943461,0.11005128030036807,0.057363490965580105,0.1308721234476914
4776,Blackhole Attack,0.10416999908558461,0.00924130594601148,0.03654264781825678,0.14995395284985286,0.10416999908558461,0.00924130594601148,0.03654264781825678,0.11341130503159609,0.1407126469038414,0.04578395376426826,0.14995395284985286
4793,Blackhole Attack,0.07103845502864688,0.009198946311738636,0.031989256459541614,0.11222665779992713,0.07103845502864688,0.009198946311738636,0.031989256459541614,0.08023740134038551,0.10302771148818848,0.04118820277128025,0.11222665779992713
4797,Blackhole Attack,0.07400746234901101,0.01431529297866045,0.03654264781825678,0.12486540314592824,0.07400746234901101,0.01431529297866045,0.03654264781825678,0.08832275532767146,0.11055011016726779,0.05085794079691723,0.12486540314592824
4799,Blackhole Attack,0.04428102075736076,0.00921152368158025,0.03654264781825678,0.09003519225719779,0.04428102075736076,0.00921152368158025,0.03654264781825678,0.05349254443894101,0.08082366857561754,0.04575417149983703,0.09003519225719779
4812,Blackhole Attack,0.10726224715904531,0.00901467414462238,0.03654264781825678,0.15281956912192446,0.10726224715904531,0.00901467414462238,0.03654264781825678,0.1162769213036677,0.1438048949773021,0.04555732196287916,0.15281956912192446
4817,Blackhole Attack,0.0972243794304037,0.009435550422223842,0.03654264781825678,0.14320257767088432,0.0972243794304037,0.009435550422223842,0.03654264781825678,0.10665992985262754,0.13376702724866046,0.04597819824048062,0.14320257767088432
4822,Blackhole Attack,0.08127325350810846,0.014356441368257485,0.03654264781825678,0.13217234269462272,0.08127325350810846,0.014356441368257485,0.03654264781825678,0.09562969487636594,0.11781590132636524,0.050899089186514264,0.13217234269462272
4903,Blackhole Attack,0.07653236047951849,0.009152256466778492,0.03654264781825678,0.12222726476455376,0.07653236047951849,0.009152256466778492,0.03654264781825678,0.08568461694629698,0.11307500829777527,0.04569490428503527,0.12222726476455376
4922,Blackhole Attack,0.1001678076185364,0.027059382727689305,0.03654264781825678,0.16376983816448248,0.1001678076185364,0.027059382727689305,0.03654264781825678,0.1272271903462257,0.13671045543679317,0.06360203054594608,0.16376983816448248
4940,Blackhole Attack,0.1260849001137849,0.00210000865921075,0.03654264781825678,0.16472755659125243,0.1260849001137849,0.00210000865921075,0.03654264781825678,0.12818490877299565,0.16262754793204168,0.03864265647746753,0.16472755659125243
4988,Blackhole Attack,0.10656344224904298,0.009014673801344254,0.03654264781825678,0.152120763868644,0.10656344224904298,0.009014673801344254,0.03654264781825678,0.11557811605038723,0.14310609006729974,0.045557321619601035,0.152120763868644
4990,Blackhole Attack,0.11880533164633386,0.009014672510409294,0.03654264781825678,0.16436265197499994,0.11880533164633386,0.009014672510409294,0.03654264781825678,0.12782000415674316,0.15534797946459064,0.04555732032866607,0.16436265197499994
5002,Blackhole Attack,0.10544769754634914,0.021132072825741137,0.03654264781825678,0.16312241819034706,0.10544769754634914,0.021132072825741137,0.03654264781825678,0.12657977037209028,0.14199034536460592,0.057674720643997916,0.16312241819034706
5013,Blackhole Attack,0.09605122219201774,0.010906656831609192,0.03654264781825678,0.14350052684188372,0.09605122219201774,0.010906656831609192,0.03654264781825678,0.10695787902362694,0.1325938700102745,0.04744930464986597,0.14350052684188372
5018,Blackhole Attack,0.09610904262380823,0.046621882472750655,0.03654264781825678,0.17927357291481566,0.09610904262380823,0.046621882472750655,0.03654264781825678,0.14273092509655888,0.132651690442065,0.08316453029100743,0.17927357291481566
5032,Blackhole Attack,0.1260849001137849,0.011983828292645722,0.03654264781825678,0.1746113762246874,0.1260849001137849,0.011983828292645722,0.03654264781825678,0.1380687284064306,0.16262754793204168,0.0485264761109025,0.1746113762246874
5035,Blackhole Attack,0.09605122219201774,0.009014674146000096,0.03654264781825678,0.1416085441562746,0.09605122219201774,0.009014674146000096,0.03654264781825678,0.10506589633801784,0.1325938700102745,0.045557321964256874,0.1416085441562746
5039,Blackhole Attack,0.10828592407132476,0.009014673801393688,0.03654264781825678,0.15384324569097524,0.10828592407132476,0.009014673801393688,0.03654264781825678,0.11730059787271845,0.14482857188958154,0.04555732161965047,0.15384324569097524
5069,Blackhole Attack,0.09032547947718683,0.0019100695098621487,0.03654264781825678,0.12877819680530578,0.09032547947718683,0.0019100695098621487,0.03654264781825678,0.09223554898704898,0.1268681272954436,0.038452717328118925,0.12877819680530578
5183,Blackhole Attack,0.06286640989920797,0.00919260408778373,0.025032563024201607,0.09709157701119331,0.06286640989920797,0.00919260408778373,0.025032563024201607,0.0720590139869917,0.08789897292340958,0.03422516711198534,0.09709157701119331
5200,Wormhole Attack,0.07134909728578366,0.009033650257477004,0.03594906287960592,0.11633181042286658,0.07134909728578366,0.009033650257477004,0.03594906287960592,0.08038274754326066,0.10729816016538958,0.04498271313708292,0.11633181042286658
5202,Wormhole Attack,0.09610904262380823,0.009278511608815355,0.03654264781825678,0.14193020205088036,0.09610904262380823,0.009278511608815355,0.03654264781825678,0.10538755423262358,0.132651690442065,0.045821159427072135,0.14193020205088036
5227,Wormhole Attack,0.05798354052563355,0.009014674146000096,0.019815060361760187,0.08681327503339384,0.05798354052563355,0.009014674146000096,0.019815060361760187,0.06699821467163365,0.07779860088739374,0.02882973450776028,0.08681327503339384
5235,Wormhole Attack,0.07556867815766272,0.009321097988143389,0.03654264781825678,0.12143242396406288,0.07556867815766272,0.009321097988143389,0.03654264781825678,0.0848897761458061,0.1121113259759195,0.045863745806400166,0.12143242396406288
5250,Wormhole Attack,0.07561289415030842,0.023266844840932575,0.03654264781825678,0.13542238680949778,0.07561289415030842,0.023266844840932575,0.03654264781825678,0.098879738991241,0.1121555419685652,0.059809492659189355,0.13542238680949778
5256,Wormhole Attack,0.11014826298669515,0.011918100238283906,0.03654264781825678,0.15860901104323583,0.11014826298669515,0.011918100238283906,0.03654264781825678,0.12206636322497906,0.14669091080495195,0.04846074805654069,0.15860901104323583
5277,Wormhole Attack,0.08130143242856383,0.009203048710402612,0.03654264781825678,0.12704712895722323,0.08130143242856383,0.009203048710402612,0.03654264781825678,0.09050448113896645,0.11784408024682061,0.04574569652865939,0.12704712895722323
5280,Wormhole Attack,0.11618079874118997,0.00901467414462238,0.03654264781825678,0.16173812070406912,0.11618079874118997,0.00901467414462238,0.03654264781825678,0.12519547288581234,0.15272344655944675,0.04555732196287916,0.16173812070406912
5321,Wormhole Attack,0.08731597404391489,0.009416216420433035,0.03654264781825678,0.13327483828260472,0.08731597404391489,0.009416216420433035,0.03654264781825678,0.09673219046434793,0.12385862186217167,0.04595886423868981,0.13327483828260472
5370,Wormhole Attack,0.09605122219201774,0.023252478733157052,0.0,0.1193037009251748,0.09605122219201774,0.023252478733157052,0.0,0.1193037009251748,0.09605122219201774,0.023252478733157052,0.1193037009251748
5377,Wormhole Attack,0.081559893649746,0.011936775365325624,0.03654264781825678,0.13003931683332842,0.081559893649746,0.011936775365325624,0.03654264781825678,0.09349666901507163,0.11810254146800278,0.04847942318358241,0.13003931683332842
5383,Wormhole Attack,0.0204295606269027,0.011888610610797889,0.03654264781825678,0.06886081905595737,0.0204295606269027,0.011888610610797889,0.03654264781825678,0.03231817123770059,0.056972208445159475,0.04843125842905467,0.06886081905595737
5412,Wormhole Attack,0.08963195873878152,0.017267741830623178,0.03654264781825678,0.14344234838766148,0.08963195873878152,0.017267741830623178,0.03654264781825678,0.1068997005694047,0.1261746065570383,0.05381038964887996,0.14344234838766148
5451,Wormhole Attack,0.1260849001137849,0.009067431487753717,0.03654264781825678,0.1716949794197954,0.1260849001137849,0.009067431487753717,0.03654264781825678,0.1351523316015386,0.16262754793204168,0.04561007930601049,0.1716949794197954
5528,Wormhole Attack,0.10595739747636648,0.009014673801344254,0.03654264781825678,0.15151471909596753,0.10595739747636648,0.009014673801344254,0.03654264781825678,0.11497207127771074,0.14250004529462326,0.045557321619601035,0.15151471909596753
5529,Wormhole Attack,0.09605122219201774,0.013400841610063618,0.03654264781825678,0.14599471162033814,0.09605122219201774,0.013400841610063618,0.03654264781825678,0.10945206380208136,0.1325938700102745,0.0499434894283204,0.14599471162033814
5546,Wormhole Attack,0.1054294147630633,0.0024095960517548707,0.0,0.10783901081481817,0.1054294147630633,0.0024095960517548707,0.0,0.10783901081481817,0.1054294147630633,0.0024095960517548707,0.10783901081481817
5572,Wormhole Attack,0.05523277082106477,0.009014673799966538,0.03654264781825678,0.10079009243928809,0.05523277082106477,0.009014673799966538,0.03654264781825678,0.06424744462103131,0.09177541863932155,0.04555732161822332,0.10079009243928809
5574,Wormhole Attack,0.0885973872640483,0.00956551098632717,0.03654264781825678,0.13470554606863225,0.0885973872640483,0.00956551098632717,0.03654264781825678,0.09816289825037547,0.1251400350823051,0.04610815880458395,0.13470554606863225
5590,Wormhole Attack,0.046616894149857174,0.009014674146000096,0.03654264781825678,0.09217421611411405,0.046616894149857174,0.009014674146000096,0.03654264781825678,0.05563156829585727,0.08315954196811395,0.045557321964256874,0.09217421611411405
5641,Wormhole Attack,0.08108991126141304,0.007455579489311331,0.03654264781825678,0.12508813856898116,0.08108991126141304,0.007455579489311331,0.03654264781825678,0.08854549075072438,0.11763255907966982,0.04399822730756811,0.12508813856898116
5650,Wormhole Attack,0.06426108089181705,0.01746503934023469,0.03654264781825678,0.11826876805030852,0.06426108089181705,0.01746503934023469,0.03654264781825678,0.08172612023205174,0.10080372871007383,0.05400768715849147,0.11826876805030852
5657,Wormhole Attack,0.11552786787126348,0.009034778918957225,0.03654264781825678,0.1611052946084775,0.11552786787126348,0.009034778918957225,0.03654264781825678,0.12456264679022071,0.15207051568952026,0.045577426737214,0.1611052946084775
5663,Wormhole Attack,0.051267754506796666,0.01191810023965409,0.03654264781825678,0.09972850256470753,0.051267754506796666,0.01191810023965409,0.03654264781825678,0.06318585474645075,0.08781040232505344,0.04846074805791087,0.09972850256470753
5684,Wormhole Attack,0.07717406994828963,0.009014674144671815,0.03654264781825678,0.12273139191121822,0.07717406994828963,0.009014674144671815,0.03654264781825678,0.08618874409296144,0.1137167177665464,0.045557321962928596,0.12273139191121822
5698,Wormhole Attack,0.05312368474009928,0.009014673799966538,0.0360146431362681,0.09815300167633392,0.05312368474009928,0.009014673799966538,0.0360146431362681,0.062138358540065816,0.08913832787636738,0.04502931693623464,0.09815300167633392
5723,Wormhole Attack,0.1112491465939797,0.023256458633331322,0.0332942906188746,0.16779989584618563,0.1112491465939797,0.023256458633331322,0.0332942906188746,0.13450560522731103,0.14454343721285431,0.05655074925220592,0.16779989584618563
5738,Wormhole Attack,0.11055229026207479,0.011940638658597128,0.03654264781825678,0.1590355767389287,0.11055229026207479,0.011940638658597128,0.03654264781825678,0.12249292892067191,0.14709493808033158,0.048483286476853904,0.1590355767389287
5756,Wormhole Attack,0.03432858133740996,0.020953944646444796,0.03654264781825678,0.09182517380211153,0.03432858133740996,0.020953944646444796,0.03654264781825678,0.055282525983854754,0.07087122915566674,0.057496592464701575,0.09182517380211153
5757,Wormhole Attack,0.08233494802877224,0.01228702859224183,0.03654264781825678,0.13116462443927085,0.08233494802877224,0.01228702859224183,0.03654264781825678,0.09462197662101407,0.11887759584702902,0.04882967641049861,0.13116462443927085
5777,Wormhole Attack,0.10401318890974402,0.00906224724797692,0.03654264781825678,0.14961808397597773,0.10401318890974402,0.00906224724797692,0.03654264781825678,0.11307543615772095,0.14055583672800082,0.0456048950662337,0.14961808397597773
5797,Wormhole Attack,0.09383072920917818,0.00901467414462238,0.03654264781825678,0.13938805117205733,0.09383072920917818,0.00901467414462238,0.03654264781825678,0.10284540335380056,0.13037337702743496,0.04555732196287916,0.13938805117205733
5808,Wormhole Attack,0.11482124749031211,0.009067430945270637,0.03654264781825678,0.16043132625383955,0.11482124749031211,0.009067430945270637,0.03654264781825678,0.12388867843558275,0.1513638953085689,0.04561007876352742,0.16043132625383955
5822,Wormhole Attack,0.06423864240679206,0.0025117591755399273,0.03654264781825678,0.10329304940058877,0.06423864240679206,0.0025117591755399273,0.03654264781825678,0.06675040158233199,0.10078129022504884,0.039054406993796704,0.10329304940058877
5833,Wormhole Attack,0.11374113658255787,0.012487584274956751,0.03654264781825678,0.1627713686757714,0.11374113658255787,0.012487584274956751,0.03654264781825678,0.12622872085751463,0.15028378440081464,0.04903023209321353,0.1627713686757714
5869,Wormhole Attack,0.13223661000022657,0.011737203769397356,0.03654264781825678,0.1805164615878807,0.13223661000022657,0.011737203769397356,0.03654264781825678,0.14397381376962393,0.16877925781848335,0.04827985158765413,0.1805164615878807
5872,Wormhole Attack,0.08392924174187959,0.0007163407344898873,0.03654264781825678,0.12118823029462625,0.08392924174187959,0.0007163407344898873,0.03654264781825678,0.08464558247636947,0.12047188956013637,0.03725898855274667,0.12118823029462625
5888,Wormhole Attack,0.10938667899347473,0.002159530812587058,0.03654264781825678,0.14808885762431856,0.10938667899347473,0.002159530812587058,0.03654264781825678,0.1115462098060618,0.1459293268117315,0.03870217863084384,0.14808885762431856
5903,Wormhole Attack,0.11477291354474015,0.009521191147958734,0.03654264781825678,0.16083675251095567,0.11477291354474015,0.009521191147958734,0.03654264781825678,0.12429410469269889,0.15131556136299693,0.04606383896621551,0.16083675251095567
5950,Wormhole Attack,0.07859023321251676,0.009381769158037559,0.03654264781825678,0.1245146501888111,0.07859023321251676,0.009381769158037559,0.03654264781825678,0.08797200237055432,0.11513288103077354,0.04592441697629434,0.1245146501888111
5952,Wormhole Attack,0.08324806268283269,0.012358485633309787,0.03654264781825678,0.13214919613439924,0.08324806268283269,0.012358485633309787,0.03654264781825678,0.09560654831614247,0.11979071050108947,0.04890113345156657,0.13214919613439924
5961,Wormhole Attack,0.11834696764492986,0.009632502643473994,0.03654264781825678,0.16452211810666062,0.11834696764492986,0.009632502643473994,0.03654264781825678,0.12797947028840384,0.15488961546318664,0.04617515046173078,0.16452211810666062
5976,Wormhole Attack,0.10569395954460357,0.00927687122083351,0.03654264781825678,0.15151347858369385,0.10569395954460357,0.00927687122083351,0.03654264781825678,0.11497083076543708,0.14223660736286037,0.04581951903909029,0.15151347858369385
5978,Wormhole Attack,0.08796119966492465,0.0019100695041253514,0.03654264781825678,0.12641391698730678,0.08796119966492465,0.0019100695041253514,0.03654264781825678,0.08987126916905,0.12450384748318143,0.03845271732238213,0.12641391698730678
5999,Wormhole Attack,0.10667029967839896,0.009014674144671815,0.03654264781825678,0.15222762164132755,0.10667029967839896,0.009014674144671815,0.03654264781825678,0.11568497382307077,0.14321294749665575,0.045557321962928596,0.15222762164132755
6000,Wormhole Attack,0.05272279009894088,0.009197801409037098,0.03654264781825678,0.09846323932623476,0.05272279009894088,0.009197801409037098,0.03654264781825678,0.061920591507977976,0.08926543791719765,0.04574044922729388,0.09846323932623476
6060,Wormhole Attack,0.09610904262380823,0.009301705007806414,0.029863655430061656,0.13527440306167632,0.09610904262380823,0.009301705007806414,0.029863655430061656,0.10541074763161465,0.1259726980538699,0.03916536043786807,0.13527440306167632
6068,Wormhole Attack,0.09768675817159395,0.009014593510867381,0.03654264781825678,0.1432439995007181,0.09768675817159395,0.009014593510867381,0.03654264781825678,0.10670135168246132,0.13422940598985073,0.04555724132912416,0.1432439995007181
6120,Wormhole Attack,0.07350863248211129,0.009014593510884602,0.03654264781825678,0.11906587381125266,0.07350863248211129,0.009014593510884602,0.03654264781825678,0.08252322599299589,0.11005128030036807,0.04555724132914138,0.11906587381125266
6138,Wormhole Attack,0.0848345785981945,0.022191605184506066,0.0,0.10702618378270057,0.0848345785981945,0.022191605184506066,0.0,0.10702618378270057,0.0848345785981945,0.022191605184506066,0.10702618378270057
6146,Wormhole Attack,0.11931084591122441,0.009595991326564957,0.03654264781825678,0.16544948505604615,0.11931084591122441,0.009595991326564957,0.03654264781825678,0.12890683723778937,0.1558534937294812,0.04613863914482173,0.16544948505604615
6178,Wormhole Attack,0.1166988560384117,0.009014673799966538,0.03654264781825678,0.16225617765663503,0.1166988560384117,0.009014673799966538,0.03654264781825678,0.12571352983837825,0.15324150385666846,0.04555732161822332,0.16225617765663503
6201,Wormhole Attack,0.1147144524476668,0.009242923280937596,0.03654264781825678,0.16050002354686116,0.1147144524476668,0.009242923280937596,0.03654264781825678,0.1239573757286044,0.1512571002659236,0.04578557109919437,0.16050002354686116
6202,Wormhole Attack,0.09605122219201774,0.009378784901231644,0.03654264781825678,0.14197265491150618,0.09605122219201774,0.009378784901231644,0.03654264781825678,0.10543000709324939,0.1325938700102745,0.045921432719488425,0.14197265491150618
6214,Wormhole Attack,0.10371851819300289,0.00901467414462238,0.03654264781825678,0.14927584015588205,0.10371851819300289,0.00901467414462238,0.03654264781825678,0.11273319233762527,0.14026116601125965,0.04555732196287916,0.14927584015588205
6275,Wormhole Attack,0.07653652694174425,0.009033192523082148,0.03654264781825678,0.12211236728308317,0.07653652694174425,0.009033192523082148,0.03654264781825678,0.08556971946482639,0.11307917476000102,0.04557584034133893,0.12211236728308317
6297,Wormhole Attack,0.08679526650344482,0.00901467414462238,0.03654264781825678,0.13235258846632397,0.08679526650344482,0.00901467414462238,0.03654264781825678,0.09580994064806721,0.1233379143217016,0.04555732196287916,0.13235258846632397
6308,Wormhole Attack,0.08142382637577339,0.00901467414462238,0.03654264781825678,0.12698114833865254,0.08142382637577339,0.00901467414462238,0.03654264781825678,0.09043850052039577,0.11796647419403017,0.04555732196287916,0.12698114833865254
6368,Wormhole Attack,0.09605122219201774,0.00325904235466247,0.03654264781825678,0.135852912364937,0.09605122219201774,0.00325904235466247,0.03654264781825678,0.09931026454668021,0.1325938700102745,0.03980169017291925,0.135852912364937
6387,Wormhole Attack,0.051267754506796666,0.009244430548431794,0.03654264781825678,0.09705483287348524,0.051267754506796666,0.009244430548431794,0.03654264781825678,0.06051218505522846,0.08781040232505344,0.04578707836668858,0.09705483287348524
6424,Wormhole Attack,0.06596153147992954,0.02325403803642355,0.03654264781825678,0.12575821733460987,0.06596153147992954,0.02325403803642355,0.03654264781825678,0.0892155695163531,0.10250417929818632,0.05979668585468033,0.12575821733460987
6480,Wormhole Attack,0.10399677316371383,0.009014674146000096,0.03654264781825678,0.14955409512797072,0.10399677316371383,0.009014674146000096,0.03654264781825678,0.11301144730971394,0.14053942098197061,0.045557321964256874,0.14955409512797072
6481,Wormhole Attack,0.09610904262380823,0.01008705291631976,0.03654264781825678,0.14273874335838477,0.09610904262380823,0.01008705291631976,0.03654264781825678,0.10619609554012799,0.132651690442065,0.04662970073457654,0.14273874335838477
6499,Wormhole Attack,0.062321271419727216,0.009308417126521038,0.03654264781825678,0.10817233636450503,0.062321271419727216,0.009308417126521038,0.03654264781825678,0.07162968854624825,0.09886391923798399,0.045851064944777815,0.10817233636450503
6502,Wormhole Attack,0.09282136319038463,0.023304806331923278,0.03654264781825678,0.1526688173405647,0.09282136319038463,0.023304806331923278,0.03654264781825678,0.1161261695223079,0.12936401100864142,0.05984745415018006,0.1526688173405647
6511,Wormhole Attack,0.1006582901141262,0.009014593510867381,0.03654264781825678,0.14621553144325036,0.1006582901141262,0.009014593510867381,0.03654264781825678,0.10967288362499358,0.13720093793238297,0.04555724132912416,0.14621553144325036
6532,Wormhole Attack,0.10234080631491156,0.009435550284105232,0.028972261370676,0.1407486179696928,0.10234080631491156,0.009435550284105232,0.028972261370676,0.11177635659901679,0.13131306768558756,0.03840781165478123,0.1407486179696928
6536,Wormhole Attack,0.04092008438905761,0.002933042363032676,0.03654264781825678,0.08039577457034706,0.04092008438905761,0.002933042363032676,0.03654264781825678,0.043853126752090285,0.0774627322073144,0.039475690181289456,0.08039577457034706
6550,Wormhole Attack,0.11183141916589608,0.009765577815543432,0.004665090538402178,0.1262620875198417,0.11183141916589608,0.009765577815543432,0.004665090538402178,0.12159699698143951,0.11649650970429826,0.01443066835394561,0.1262620875198417
6560,Wormhole Attack,0.11881484222667785,0.0204851492874852,0.03654264781825678,0.17584263933241984,0.11881484222667785,0.0204851492874852,0.03654264781825678,0.13929999151416306,0.15535749004493463,0.057027797105741976,0.17584263933241984
6598,Wormhole Attack,0.1261427205455754,0.009895588998043832,0.03654264781825678,0.172580957361876,0.1261427205455754,0.009895588998043832,0.03654264781825678,0.13603830954361923,0.16268536836383218,0.04643823681630061,0.172580957361876
6641,Wormhole Attack,0.0694692574842554,0.00976367212645264,0.03654264781825678,0.11577557742896483,0.0694692574842554,0.00976367212645264,0.03654264781825678,0.07923292961070805,0.10601190530251219,0.04630631994470942,0.11577557742896483
6642,Wormhole Attack,0.10605478511800172,0.009014674144671815,0.03654264781825678,0.15161210708093031,0.10605478511800172,0.009014674144671815,0.03654264781825678,0.11506945926267353,0.14259743293625848,0.045557321962928596,0.15161210708093031
6645,Wormhole Attack,0.10052562400581849,0.009014674144671815,0.03654264781825678,0.1460829459687471,0.10052562400581849,0.009014674144671815,0.03654264781825678,0.10954029815049031,0.13706827182407527,0.045557321962928596,0.1460829459687471
6654,Wormhole Attack,0.10897329971697418,0.013364999847334788,0.03654264781825678,0.15888094738256575,0.10897329971697418,0.013364999847334788,0.03654264781825678,0.12233829956430897,0.14551594753523095,0.04990764766559157,0.15888094738256575
6679,Wormhole Attack,0.1261613203757957,0.009504411014955503,0.03654264781825678,0.17220837920900797,0.1261613203757957,0.009504411014955503,0.03654264781825678,0.1356657313907512,0.16270396819405247,0.04604705883321228,0.17220837920900797
6686,Wormhole Attack,0.07717406994828963,0.011909674181411877,0.03654264781825678,0.12562639194795827,0.07717406994828963,0.011909674181411877,0.03654264781825678,0.0890837441297015,0.1137167177665464,0.04845232199966866,0.12562639194795827
6693,Wormhole Attack,0.10942310371721703,0.009235642218129678,0.03654264781825678,0.15520139375360348,0.10942310371721703,0.009235642218129678,0.03654264781825678,0.11865874593534671,0.1459657515354738,0.045778290036386456,0.15520139375360348
6715,Wormhole Attack,0.11144279497468493,0.0232823138085374,0.03654264781825678,0.1712677566014791,0.11144279497468493,0.0232823138085374,0.03654264781825678,0.13472510878322233,0.1479854427929417,0.05982496162679418,0.1712677566014791
6721,Wormhole Attack,0.12569579358064953,0.008980894782351981,0.018450446258534637,0.15312713462153615,0.12569579358064953,0.008980894782351981,0.018450446258534637,0.1346766883630015,0.14414623983918418,0.02743134104088662,0.15312713462153615
6740,Wormhole Attack,0.08778553504433136,0.009242920843113723,0.03654264781825678,0.13357110370570185,0.08778553504433136,0.009242920843113723,0.03654264781825678,0.09702845588744508,0.12432818286258814,0.0457855686613705,0.13357110370570185
6745,Wormhole Attack,0.07680469854809653,0.009014673801344254,0.03654264781825678,0.12236202016769757,0.07680469854809653,0.009014673801344254,0.03654264781825678,0.08581937234944079,0.11334734636635331,0.045557321619601035,0.12236202016769757
6772,Wormhole Attack,0.1280680630037976,0.009150948977462773,0.03654264781825678,0.17376165979951716,0.1280680630037976,0.009150948977462773,0.03654264781825678,0.13721901198126038,0.1646107108220544,0.04569359679571955,0.17376165979951716
6775,Wormhole Attack,0.08523479041629506,0.009065570951217312,0.03654264781825678,0.13084300918576913,0.08523479041629506,0.009065570951217312,0.03654264781825678,0.09430036136751237,0.12177743823455184,0.04560821876947409,0.13084300918576913
6779,Wormhole Attack,0.1261427205455754,0.009105434419525816,0.03654264781825678,0.171790802783358,0.1261427205455754,0.009105434419525816,0.03654264781825678,0.13524815496510123,0.16268536836383218,0.04564808223778259,0.171790802783358
6816,Wormhole Attack,0.11751470793958567,0.009014673799966538,0.03654264781825678,0.16307202955780897,0.11751470793958567,0.009014673799966538,0.03654264781825678,0.1265293817395522,0.15405735575784246,0.04555732161822332,0.16307202955780897
6850,Wormhole Attack,0.06521302831212378,0.009205817363628195,0.0,0.07441884567575197,0.06521302831212378,0.009205817363628195,0.0,0.07441884567575197,0.06521302831212378,0.009205817363628195,0.07441884567575197
6869,Wormhole Attack,0.11153252138788776,0.02327896755706771,0.03654264781825678,0.17135413676321226,0.11153252138788776,0.02327896755706771,0.03654264781825678,0.13481148894495548,0.14807516920614455,0.05982161537532449,0.17135413676321226
6897,Wormhole Attack,0.10663494363704462,0.018560593307785304,0.03654264781825678,0.1617381847630867,0.10663494363704462,0.018560593307785304,0.03654264781825678,0.12519553694482993,0.1431775914553014,0.055103241126042084,0.1617381847630867
6947,Wormhole Attack,0.0694692574842554,0.023274676374566382,0.022479860819124797,0.11522379467794659,0.0694692574842554,0.023274676374566382,0.022479860819124797,0.09274393385882179,0.0919491183033802,0.04575453719369118,0.11522379467794659
6975,Wormhole Attack,0.11353656457477351,0.01425972548434476,0.03654264781825678,0.16433893787737505,0.11353656457477351,0.01425972548434476,0.03654264781825678,0.12779629005911827,0.1500792123930303,0.05080237330260154,0.16433893787737505
6986,Wormhole Attack,0.10723461236535943,0.0005108831787595273,0.03654264781825678,0.14428814336237572,0.10723461236535943,0.0005108831787595273,0.03654264781825678,0.10774549554411895,0.1437772601836162,0.037053530997016304,0.14428814336237572
7004,Wormhole Attack,0.06533977773990517,0.0174557201326539,0.03438869705338544,0.11718419492594451,0.06533977773990517,0.0174557201326539,0.03438869705338544,0.08279549787255906,0.09972847479329061,0.05184441718603934,0.11718419492594451
7035,Wormhole Attack,0.07524370402465287,0.009431947815587309,0.03654264781825678,0.12121829965849695,0.07524370402465287,0.009431947815587309,0.03654264781825678,0.08467565184024017,0.11178635184290965,0.04597459563384409,0.12121829965849695
7058,Wormhole Attack,0.10554283858732313,0.00901467414462238,0.03654264781825678,0.1511001605502023,0.10554283858732313,0.00901467414462238,0.03654264781825678,0.11455751273194552,0.1420854864055799,0.04555732196287916,0.1511001605502023
7082,Wormhole Attack,0.07194711360082263,0.009014674146049532,0.03654264781825678,0.11750443556512895,0.07194711360082263,0.009014674146049532,0.03654264781825678,0.08096178774687217,0.10848976141907941,0.04555732196430631,0.11750443556512895
7126,Wormhole Attack,0.11355662197044039,0.00906743080215744,0.03654264781825678,0.1591667005908546,0.11355662197044039,0.00906743080215744,0.03654264781825678,0.12262405277259783,0.15009926978869717,0.04561007862041422,0.1591667005908546
7141,Wormhole Attack,0.0928506930811798,0.009385809551807851,0.03654264781825678,0.13877915045124442,0.0928506930811798,0.009385809551807851,0.03654264781825678,0.10223650263298764,0.12939334089943658,0.04592845737006463,0.13877915045124442
7146,Wormhole Attack,0.12674767082975225,0.009895588998043832,0.03654264781825678,0.17318590764605285,0.12674767082975225,0.009895588998043832,0.03654264781825678,0.13664325982779607,0.16329031864800903,0.04643823681630061,0.17318590764605285
7166,Wormhole Attack,0.08679526650344482,0.009014674146000096,0.03654264781825678,0.1323525884677017,0.08679526650344482,0.009014674146000096,0.03654264781825678,0.09580994064944492,0.1233379143217016,0.045557321964256874,0.1323525884677017
7171,Wormhole Attack,0.0708533631004221,0.00932130845372768,0.03410912721613395,0.11428379877028373,0.0708533631004221,0.00932130845372768,0.03410912721613395,0.08017467155414978,0.10496249031655605,0.04343043566986163,0.11428379877028373
7174,Wormhole Attack,0.10656344224904298,0.00906224724797692,0.03654264781825678,0.15216833731527668,0.10656344224904298,0.00906224724797692,0.03654264781825678,0.1156256894970199,0.14310609006729974,0.0456048950662337,0.15216833731527668
7200,Wormhole Attack,0.04684004011233258,0.009014892486659052,0.03654264781825678,0.09239758041724841,0.04684004011233258,0.009014892486659052,0.03654264781825678,0.05585493259899163,0.08338268793058937,0.04555754030491583,0.09239758041724841
7204,Wormhole Attack,0.09590220433922222,0.011708435631486042,0.03654264781825678,0.14415328778896505,0.09590220433922222,0.011708435631486042,0.03654264781825678,0.10761063997070827,0.132444852157479,0.04825108344974282,0.14415328778896505
7239,Wormhole Attack,0.09237440444263884,0.009014674146049532,0.03654264781825678,0.13793172640694515,0.09237440444263884,0.009014674146049532,0.03654264781825678,0.10138907858868837,0.12891705226089561,0.04555732196430631,0.13793172640694515
7258,Wormhole Attack,0.055232285696200284,0.00936107235780432,0.03654264781825678,0.10113600587226139,0.055232285696200284,0.00936107235780432,0.03654264781825678,0.06459335805400461,0.09177493351445706,0.0459037201760611,0.10113600587226139
7280,Wormhole Attack,0.05574215632059741,0.009409017817298415,0.03654264781825678,0.1016938219561526,0.05574215632059741,0.009409017817298415,0.03654264781825678,0.06515117413789583,0.09228480413885419,0.045951665635555194,0.1016938219561526
7334,Wormhole Attack,0.11129872306442427,0.009055119710226104,0.03654264781825678,0.15689649059290717,0.11129872306442427,0.009055119710226104,0.03654264781825678,0.12035384277465037,0.14784137088268107,0.04559776752848288,0.15689649059290717
7336,Wormhole Attack,0.045629240018470026,0.009174312862480874,0.03654264781825678,0.09134620069920768,0.045629240018470026,0.009174312862480874,0.03654264781825678,0.0548035528809509,0.0821718878367268,0.045716960680737655,0.09134620069920768
7351,Wormhole Attack,0.08135925286035432,0.009342669235830386,0.03654264781825678,0.1272445699144415,0.08135925286035432,0.009342669235830386,0.03654264781825678,0.0907019220961847,0.1179019006786111,0.04588531705408717,0.1272445699144415
7377,Wormhole Attack,0.072661286602213,0.009383982582653237,0.03654264781825678,0.11858791700312302,0.072661286602213,0.009383982582653237,0.03654264781825678,0.08204526918486624,0.10920393442046977,0.045926630400910017,0.11858791700312302
7379,Wormhole Attack,0.09610904262380823,0.009209870352052335,0.03654264781825678,0.14186156079411735,0.09610904262380823,0.009209870352052335,0.03654264781825678,0.10531891297586057,0.132651690442065,0.04575251817030911,0.14186156079411735
7400,Wormhole Attack,0.107754732429895,0.020918483226346915,0.03654264781825678,0.16521586347449868,0.107754732429895,0.020918483226346915,0.03654264781825678,0.1286732156562419,0.14429738024815178,0.057461131044603694,0.16521586347449868
7402,Wormhole Attack,0.06905729043702519,0.023243942261580747,0.03654264781825678,0.1288438805168627,0.06905729043702519,0.023243942261580747,0.03654264781825678,0.09230123269860593,0.10559993825528197,0.059786590079837526,0.1288438805168627
7423,Wormhole Attack,0.09605122219201774,0.009014593509489648,0.03654264781825678,0.14160846351976417,0.09605122219201774,0.009014593509489648,0.03654264781825678,0.10506581570150739,0.1325938700102745,0.045557241327746426,0.14160846351976417
7424,Wormhole Attack,0.1260849001137849,0.009680074736262246,0.03654264781825678,0.17230762266830393,0.1260849001137849,0.009680074736262246,0.03654264781825678,0.13576497485004715,0.16262754793204168,0.04622272255451902,0.17230762266830393
7434,Wormhole Attack,0.09510234007981686,0.009163341717018162,0.03654264781825678,0.1408083296150918,0.09510234007981686,0.009163341717018162,0.03654264781825678,0.10426568179683501,0.13164498789807363,0.04570598953527494,0.1408083296150918
7440,Wormhole Attack,0.11572488874520538,0.009473892235168993,0.03654264781825678,0.16174142879863115,0.11572488874520538,0.009473892235168993,0.03654264781825678,0.12519878098037437,0.15226753656346215,0.04601654005342577,0.16174142879863115
7486,Flooding Attack,0.07704724173203518,0.0513393600626334,0.049287446443055494,0.1776740482377241,0.07704724173203518,0.0513393600626334,0.049287446443055494,0.1283866017946686,0.1263346881750907,0.10062680650568889,0.1776740482377241
7488,Flooding Attack,0.0695211828938875,0.05100212679157765,0.03654264781825678,0.15706595750372193,0.0695211828938875,0.05100212679157765,0.03654264781825678,0.12052330968546515,0.10606383071214429,0.08754477460983442,0.15706595750372193
7506,Flooding Attack,0.10388720613275133,0.056083408314804295,0.04095491103446057,0.2009255254820162,0.10388720613275133,0.056083408314804295,0.04095491103446057,0.15997061444755561,0.1448421171672119,0.09703831934926486,0.2009255254820162
7517,Flooding Attack,0.1018823311857652,0.0637249251882221,0.017036622329416357,0.18264387870340368,0.1018823311857652,0.0637249251882221,0.017036622329416357,0.16560725637398732,0.11891895351518156,0.08076154751763846,0.18264387870340368
7518,Flooding Attack,0.09605122219201774,0.05109305397144149,0.010171330167272313,0.15731560633073155,0.09605122219201774,0.05109305397144149,0.010171330167272313,0.14714427616345924,0.10622255235929005,0.0612643841387138,0.15731560633073155
7529,Flooding Attack,0.1260849001137849,0.05100212713623349,0.013670117542946121,0.19075714479296452,0.1260849001137849,0.05100212713623349,0.013670117542946121,0.1770870272500184,0.139755017656731,0.06467224467917962,0.19075714479296452
7537,Flooding Attack,0.10985723946498434,0.05633496184152979,0.006021573846325487,0.17221377515283962,0.10985723946498434,0.05633496184152979,0.006021573846325487,0.16619220130651413,0.11587881331130982,0.06235653568785528,0.17221377515283962
7538,Flooding Attack,0.1064102157772488,0.05147416781150664,0.006021573846325487,0.16390595743508093,0.1064102157772488,0.05147416781150664,0.006021573846325487,0.15788438358875545,0.11243178962357428,0.057495741657832125,0.16390595743508093
7582,Sybil Attack,0.10210144949664131,0.06368904573428613,0.03654264781825678,0.2023331430491842,0.10210144949664131,0.06368904573428613,0.03654264781825678,0.16579049523092743,0.13864409731489807,0.10023169355254291,0.2023331430491842
7586,Sybil Attack,0.09980382793543402,0.051002125503398124,0.03654264781825678,0.1873486012570889,0.09980382793543402,0.051002125503398124,0.03654264781825678,0.15080595343883213,0.1363464757536908,0.0875447733216549,0.1873486012570889
7693,Sybil Attack,0.08758719096832981,0.06277060784798036,0.03654264781825678,0.18690044663456695,0.08758719096832981,0.06277060784798036,0.03654264781825678,0.15035779881631017,0.1241298387865866,0.09931325566623714,0.18690044663456695
7697,Sybil Attack,0.10520077391063073,0.04566675600915188,0.03654264781825678,0.1874101777380394,0.10520077391063073,0.04566675600915188,0.03654264781825678,0.1508675299197826,0.14174342172888751,0.08220940382740866,0.1874101777380394
7723,Sybil Attack,0.10547284449629415,0.05134412803055003,0.03654264781825678,0.19335962034510096,0.10547284449629415,0.05134412803055003,0.03654264781825678,0.15681697252684418,0.14201549231455093,0.0878867758488068,0.19335962034510096
7727,Sybil Attack,0.09847233535541061,0.06284380292362163,0.03654264781825678,0.19785878609728902,0.09847233535541061,0.06284380292362163,0.03654264781825678,0.16131613827903224,0.1350149831736674,0.09938645074187841,0.19785878609728902
7730,Sybil Attack,0.12585957121946087,0.05100204650247849,0.03654264781825678,0.21340426554019615,0.12585957121946087,0.05100204650247849,0.03654264781825678,0.17686161772193937,0.16240221903771765,0.08754469432073528,0.21340426554019615
7732,Sybil Attack,0.1261427205455754,0.0637249251882221,0.03654264781825678,0.22641029355205428,0.1261427205455754,0.0637249251882221,0.03654264781825678,0.1898676457337975,0.16268536836383218,0.10026757300647889,0.22641029355205428
7745,Sybil Attack,0.10415123513212136,0.024079537198040145,0.03654264781825678,0.16477342014841828,0.10415123513212136,0.024079537198040145,0.03654264781825678,0.1282307723301615,0.14069388295037816,0.060622185016296924,0.16477342014841828
7748,Sybil Attack,0.1018823311857652,0.027067006062605155,0.03654264781825678,0.16549198506662713,0.1018823311857652,0.027067006062605155,0.03654264781825678,0.12894933724837035,0.13842497900402198,0.06360965388086193,0.16549198506662713
7769,Sybil Attack,0.09992185358490568,0.02180950549896844,0.0007531247440944605,0.12248448382796859,0.09992185358490568,0.02180950549896844,0.0007531247440944605,0.12173135908387413,0.10067497832900014,0.0225626302430629,0.12248448382796859
7787,Sybil Attack,0.11301931088057898,0.011610542363865464,0.027395996386270615,0.15202584963071505,0.11301931088057898,0.011610542363865464,0.027395996386270615,0.12462985324444445,0.1404153072668496,0.03900653875013608,0.15202584963071505
7811,Sybil Attack,0.10765039870412126,0.05154355291616897,0.0,0.15919395162029024,0.10765039870412126,0.05154355291616897,0.0,0.15919395162029024,0.10765039870412126,0.05154355291616897,0.15919395162029024
7858,Sybil Attack,0.10989469484362678,0.05213848880043501,0.0,0.16203318364406177,0.10989469484362678,0.05213848880043501,0.0,0.16203318364406177,0.10989469484362678,0.05213848880043501,0.16203318364406177
7872,Sybil Attack,0.07850947651293017,0.06276184553484818,0.0,0.14127132204777834,0.07850947651293017,0.06276184553484818,0.0,0.14127132204777834,0.07850947651293017,0.06276184553484818,0.14127132204777834
7879,Sybil Attack,0.10837203673407987,0.014791550584745936,0.005801845548877406,0.1289654328677032,0.10837203673407987,0.014791550584745936,0.005801845548877406,0.1231635873188258,0.11417388228295727,0.02059339613362334,0.1289654328677032
7900,Sybil Attack,0.12924398835730638,0.0510021267930048,0.0,0.1802461151503112,0.12924398835730638,0.0510021267930048,0.0,0.1802461151503112,0.12924398835730638,0.0510021267930048,0.1802461151503112
7906,Sybil Attack,0.09610904262380823,0.051248976030385696,0.0,0.14735801865419393,0.09610904262380823,0.051248976030385696,0.0,0.14735801865419393,0.09610904262380823,0.051248976030385696,0.14735801865419393
7907,Sybil Attack,0.10486649037223222,0.051187157814213936,0.0,0.15605364818644615,0.10486649037223222,0.051187157814213936,0.0,0.15605364818644615,0.10486649037223222,0.051187157814213936,0.15605364818644615
7931,Sybil Attack,0.0972243794304037,0.02752325365063168,0.03654264781825678,0.16129028089929215,0.0972243794304037,0.02752325365063168,0.03654264781825678,0.12474763308103538,0.13376702724866046,0.06406590146888846,0.16129028089929215
7936,Sybil Attack,0.09605122219201774,0.06368904573428613,0.0,0.15974026792630386,0.09605122219201774,0.06368904573428613,0.0,0.15974026792630386,0.09605122219201774,0.06368904573428613,0.15974026792630386
7949,Sybil Attack,0.10579750140798437,0.024140867017332385,0.000725478927294243,0.130663847352611,0.10579750140798437,0.024140867017332385,0.000725478927294243,0.12993836842531675,0.10652298033527861,0.02486634594462663,0.130663847352611
7970,Sybil Attack,0.0789730168787886,0.06271596955110402,0.0,0.14168898642989264,0.0789730168787886,0.06271596955110402,0.0,0.14168898642989264,0.0789730168787886,0.06271596955110402,0.14168898642989264
7987,Sybil Attack,0.11398896893931357,0.0510021267930048,0.0,0.16499109573231838,0.11398896893931357,0.0510021267930048,0.0,0.16499109573231838,0.11398896893931357,0.0510021267930048,0.16499109573231838
7998,Sybil Attack,0.08427989215062583,0.05157687861662337,0.0,0.1358567707672492,0.08427989215062583,0.05157687861662337,0.0,0.1358567707672492,0.08427989215062583,0.05157687861662337,0.1358567707672492
8020,Sybil Attack,0.07178919726021517,0.05134412803055003,0.0,0.1231333252907652,0.07178919726021517,0.05134412803055003,0.0,0.1231333252907652,0.07178919726021517,0.05134412803055003,0.1231333252907652
8026,Sybil Attack,0.09651139973981253,0.05132014733844477,0.0,0.1478315470782573,0.09651139973981253,0.05132014733844477,0.0,0.1478315470782573,0.09651139973981253,0.05132014733844477,0.1478315470782573
8041,Sybil Attack,0.1261427205455754,0.05158707131500875,0.0,0.17772979186058416,0.1261427205455754,0.05158707131500875,0.0,0.17772979186058416,0.1261427205455754,0.05158707131500875,0.17772979186058416
8051,Sybil Attack,0.08230392512284226,0.06378055051727018,0.0,0.14608447564011245,0.08230392512284226,0.06378055051727018,0.0,0.14608447564011245,0.08230392512284226,0.06378055051727018,0.14608447564011245
8058,Sybil Attack,0.09605122219201774,0.051002126791627085,0.015760106955056655,0.1628134559387015,0.09605122219201774,0.051002126791627085,0.015760106955056655,0.14705334898364483,0.1118113291470744,0.06676223374668375,0.1628134559387015
8061,Sybil Attack,0.1261427205455754,0.051538591160406294,0.03537065259738536,0.21305196430336706,0.1261427205455754,0.051538591160406294,0.03537065259738536,0.1776813117059817,0.16151337314296077,0.08690924375779166,0.21305196430336706
8066,Sybil Attack,0.12533364483806153,0.05132313032985678,0.0,0.1766567751679183,0.12533364483806153,0.05132313032985678,0.0,0.1766567751679183,0.12533364483806153,0.05132313032985678,0.1766567751679183
8071,Sybil Attack,0.10628930565018271,0.05212264000569311,0.0035025426913426194,0.16191448834721844,0.10628930565018271,0.05212264000569311,0.0035025426913426194,0.15841194565587582,0.10979184834152533,0.05562518269703573,0.16191448834721844
8086,Sybil Attack,0.08952528730906502,0.06512082765199698,0.0,0.154646114961062,0.08952528730906502,0.06512082765199698,0.0,0.154646114961062,0.08952528730906502,0.06512082765199698,0.154646114961062
8109,Flooding Attack,0.1208448216864522,0.009014673799966538,0.01426662282375927,0.144126118310178,0.1208448216864522,0.009014673799966538,0.01426662282375927,0.12985949548641873,0.13511144451021148,0.023281296623725807,0.144126118310178
8126,Flooding Attack,0.09790715242532035,0.06374254404528491,0.0,0.16164969647060526,0.09790715242532035,0.06374254404528491,0.0,0.16164969647060526,0.09790715242532035,0.06374254404528491,0.16164969647060526
8134,Flooding Attack,0.08243409985061255,0.051509968265533855,0.0,0.1339440681161464,0.08243409985061255,0.051509968265533855,0.0,0.1339440681161464,0.08243409985061255,0.051509968265533855,0.1339440681161464
8137,Flooding Attack,0.11142383566534544,0.045909385702869794,0.0,0.15733322136821523,0.11142383566534544,0.045909385702869794,0.0,0.15733322136821523,0.11142383566534544,0.045909385702869794,0.15733322136821523
8142,Flooding Attack,0.1103861382757137,0.05100212713766064,0.0,0.16138826541337434,0.1103861382757137,0.05100212713766064,0.0,0.16138826541337434,0.1103861382757137,0.05100212713766064,0.16138826541337434
8173,Flooding Attack,0.11215268598944397,0.05211115234792194,0.0,0.1642638383373659,0.11215268598944397,0.05211115234792194,0.0,0.1642638383373659,0.11215268598944397,0.05211115234792194,0.1642638383373659
8208,Flooding Attack,0.07606724092057789,0.05194457057943377,0.0,0.12801181150001165,0.07606724092057789,0.05194457057943377,0.0,0.12801181150001165,0.07606724092057789,0.05194457057943377,0.12801181150001165
8217,Flooding Attack,0.11301931088057898,0.05100212679157765,0.0,0.16402143767215663,0.11301931088057898,0.05100212679157765,0.0,0.16402143767215663,0.11301931088057898,0.05100212679157765,0.16402143767215663
8256,Flooding Attack,0.10838798018231377,0.05100212713623349,0.01843312465146766,0.1778232319700149,0.10838798018231377,0.05100212713623349,0.01843312465146766,0.15939010731854725,0.12682110483378142,0.06943525178770116,0.1778232319700149
8274,Flooding Attack,0.0892044540852997,0.041661115050805456,0.03654264781825678,0.16740821695436192,0.0892044540852997,0.041661115050805456,0.03654264781825678,0.13086556913610514,0.12574710190355648,0.07820376286906223,0.16740821695436192
8280,Flooding Attack,0.09605122219201774,0.014160435332191718,0.03654264781825678,0.14675430534246625,0.09605122219201774,0.014160435332191718,0.03654264781825678,0.11021165752420946,0.1325938700102745,0.0507030831504485,0.14675430534246625
8284,Flooding Attack,0.06765311101118043,0.05100212713766064,0.03654264781825678,0.15519788596709785,0.06765311101118043,0.05100212713766064,0.03654264781825678,0.11865523814884107,0.10419575882943721,0.08754477495591742,0.15519788596709785
8291,Flooding Attack,0.08331848760396993,0.013838161194906294,0.03654264781825678,0.133699296617133,0.08331848760396993,0.013838161194906294,0.03654264781825678,0.09715664879887623,0.1198611354222267,0.05038080901316307,0.133699296617133
8296,Flooding Attack,0.12593144106619186,0.05100212713623349,0.03654264781825678,0.21347621602068212,0.12593144106619186,0.05100212713623349,0.03654264781825678,0.17693356820242534,0.16247408888444864,0.08754477495449027,0.21347621602068212
8307,Flooding Attack,0.09620615972469242,0.017354865496119254,0.03654264781825678,0.15010367303906846,0.09620615972469242,0.017354865496119254,0.03654264781825678,0.11356102522081167,0.1327488075429492,0.05389751331437603,0.15010367303906846
8316,Flooding Attack,0.11522357863417226,0.05129336010297828,0.03654264781825678,0.20305958655540732,0.11522357863417226,0.05129336010297828,0.03654264781825678,0.16651693873715054,0.15176622645242904,0.08783600792123505,0.20305958655540732
8320,Flooding Attack,0.08617354451325755,0.05184070729404363,0.010551282491173722,0.1485655342984749,0.08617354451325755,0.05184070729404363,0.010551282491173722,0.13801425180730117,0.09672482700443127,0.06239198978521735,0.1485655342984749
8321,Flooding Attack,0.09260783665571926,0.06489619985421052,0.0,0.15750403650992978,0.09260783665571926,0.06489619985421052,0.0,0.15750403650992978,0.09260783665571926,0.06489619985421052,0.15750403650992978
8328,Flooding Attack,0.11125712753493439,0.05100204650247849,0.0,0.16225917403741288,0.11125712753493439,0.05100204650247849,0.0,0.16225917403741288,0.11125712753493439,0.05100204650247849,0.16225917403741288
8347,Flooding Attack,0.09610904262380823,0.06282690712189976,0.0,0.158935949745708,0.09610904262380823,0.06282690712189976,0.0,0.158935949745708,0.09610904262380823,0.06282690712189976,0.158935949745708
8348,Flooding Attack,0.09605122219201774,0.0387736116909885,0.0,0.13482483388300626,0.09605122219201774,0.0387736116909885,0.0,0.13482483388300626,0.09605122219201774,0.0387736116909885,0.13482483388300626
8352,Flooding Attack,0.1260849001137849,0.05203712263275839,0.008139739666422455,0.18626176241296574,0.1260849001137849,0.05203712263275839,0.008139739666422455,0.1781220227465433,0.13422463978020735,0.060176862299180844,0.18626176241296574
8378,Flooding Attack,0.09605122219201774,0.051271654754278195,0.006021573846325487,0.1533444507926214,0.09605122219201774,0.051271654754278195,0.006021573846325487,0.14732287694629592,0.10207279603834322,0.05729322860060368,0.1533444507926214
8380,Flooding Attack,0.12253264948788334,0.028309161702923465,0.006021573846325487,0.1568633850371323,0.12253264948788334,0.028309161702923465,0.006021573846325487,0.1508418111908068,0.12855422333420882,0.03433073554924895,0.1568633850371323
8397,Flooding Attack,0.12261467960537514,0.06368904573428613,0.0,0.18630372533966127,0.12261467960537514,0.06368904573428613,0.0,0.18630372533966127,0.12261467960537514,0.06368904573428613,0.18630372533966127
8399,Flooding Attack,0.11643995592272247,0.04639120353042025,0.003270494029323917,0.16610165348246664,0.11643995592272247,0.04639120353042025,0.003270494029323917,0.16283115945314272,0.11971044995204638,0.049661697559744165,0.16610165348246664
8403,Flooding Attack,0.11170706694807318,0.04089464582771043,0.006021573846325487,0.1586232866221091,0.11170706694807318,0.04089464582771043,0.006021573846325487,0.1526017127757836,0.11772864079439867,0.04691621967403591,0.1586232866221091
8426,Flooding Attack,0.12781946731077548,0.0528452410919653,0.0,0.1806647084027408,0.12781946731077548,0.0528452410919653,0.0,0.1806647084027408,0.12781946731077548,0.0528452410919653,0.1806647084027408
8432,Flooding Attack,0.09605122219201774,0.03575443378247082,0.004563262554245742,0.1363689185287343,0.09605122219201774,0.03575443378247082,0.004563262554245742,0.13180565597448857,0.10061448474626349,0.040317696336716564,0.1363689185287343
8451,Flooding Attack,0.11892579706374018,0.01166852594792359,0.03654264781825678,0.16713697082992054,0.11892579706374018,0.01166852594792359,0.03654264781825678,0.13059432301166377,0.15546844488199696,0.048211173766180365,0.16713697082992054
8460,Flooding Attack,0.1260849001137849,0.024168971720301993,0.0,0.1502538718340869,0.1260849001137849,0.024168971720301993,0.0,0.1502538718340869,0.1260849001137849,0.024168971720301993,0.1502538718340869
8464,Flooding Attack,0.11605120255030994,0.051170392454830405,0.023398376568316333,0.19061997157345667,0.11605120255030994,0.051170392454830405,0.023398376568316333,0.16722159500514033,0.13944957911862627,0.07456876902314674,0.19061997157345667
8489,Flooding Attack,0.10448356999056521,0.051351526163823345,0.03654264781825678,0.19237774397264534,0.10448356999056521,0.051351526163823345,0.03654264781825678,0.15583509615438856,0.141026217808822,0.08789417398208013,0.19237774397264534
8495,Flooding Attack,0.12611102025061854,0.05100212713761121,0.0,0.17711314738822975,0.12611102025061854,0.05100212713761121,0.0,0.17711314738822975,0.12611102025061854,0.05100212713761121,0.17711314738822975
8512,Flooding Attack,0.11310248911012923,0.0524863353756842,0.03654264781825678,0.2021314723040702,0.11310248911012923,0.0524863353756842,0.03654264781825678,0.1655888244858134,0.149645136928386,0.08902898319394098,0.2021314723040702
8536,Flooding Attack,0.08254064691263219,0.024085582078055064,0.02479778289045546,0.1314240118811427,0.08254064691263219,0.024085582078055064,0.02479778289045546,0.10662622899068724,0.10733842980308765,0.04888336496851052,0.1314240118811427
8538,Flooding Attack,0.11416698034168174,0.0385185399981511,0.028740840983616955,0.1814263613234498,0.11416698034168174,0.0385185399981511,0.028740840983616955,0.15268552033983285,0.1429078213252987,0.06725938098176806,0.1814263613234498
8547,Flooding Attack,0.10711986101788043,0.06512082765199698,0.0,0.1722406886698774,0.10711986101788043,0.06512082765199698,0.0,0.1722406886698774,0.10711986101788043,0.06512082765199698,0.1722406886698774
8617,Normal Traffic,0.05211148773995877,0.009478427737119781,0.0,0.06158991547707855,0.05211148773995877,0.009478427737119781,0.0,0.06158991547707855,0.05211148773995877,0.009478427737119781,0.06158991547707855
8621,Normal Traffic,0.07798126504809894,0.009148411720936661,0.00951411637648214,0.09664379314551774,0.07798126504809894,0.009148411720936661,0.00951411637648214,0.0871296767690356,0.08749538142458108,0.0186625280974188,0.09664379314551774
8647,Normal Traffic,0.09323465154407075,0.01188210494989559,0.0,0.10511675649396635,0.09323465154407075,0.01188210494989559,0.0,0.10511675649396635,0.09323465154407075,0.01188210494989559,0.10511675649396635
8656,Normal Traffic,0.07871510424134467,0.01423247429061247,0.031583202980940354,0.12453078151289751,0.07871510424134467,0.01423247429061247,0.031583202980940354,0.09294757853195715,0.11029830722228504,0.04581567727155282,0.12453078151289751
8662,Normal Traffic,0.0813778526905746,0.009015082328759342,0.0,0.09039293501933394,0.0813778526905746,0.009015082328759342,0.0,0.09039293501933394,0.0813778526905746,0.009015082328759342,0.09039293501933394
8692,Normal Traffic,0.0751518940248139,0.009187637409867397,0.013303254124064398,0.0976427855587457,0.0751518940248139,0.009187637409867397,0.013303254124064398,0.0843395314346813,0.0884551481488783,0.022490891533931794,0.0976427855587457
8711,Normal Traffic,0.08109004496644479,0.00901467414462238,0.02230313436665354,0.11240785347772071,0.08109004496644479,0.00901467414462238,0.02230313436665354,0.09010471911106717,0.10339317933309833,0.03131780851127592,0.11240785347772071
8739,Normal Traffic,0.07888555269647617,0.009014672511787012,0.0,0.08790022520826318,0.07888555269647617,0.009014672511787012,0.0,0.08790022520826318,0.07888555269647617,0.009014672511787012,0.08790022520826318
8743,Normal Traffic,0.05573104240600575,0.012310764420856605,0.0,0.06804180682686235,0.05573104240600575,0.012310764420856605,0.0,0.06804180682686235,0.05573104240600575,0.012310764420856605,0.06804180682686235
8755,Normal Traffic,0.08497480605633483,0.011878991865603112,0.03296848168172489,0.12982227960366283,0.08497480605633483,0.011878991865603112,0.03296848168172489,0.09685379792193793,0.11794328773805972,0.044847473547328,0.12982227960366283
8764,Normal Traffic,0.06987172451970466,0.009542970902381367,0.034339750153316445,0.11375444557540247,0.06987172451970466,0.009542970902381367,0.034339750153316445,0.07941469542208603,0.10421147467302111,0.043882721055697814,0.11375444557540247
8765,Normal Traffic,0.052919325550074364,0.009157769916916211,0.0,0.06207709546699058,0.052919325550074364,0.009157769916916211,0.0,0.06207709546699058,0.052919325550074364,0.009157769916916211,0.06207709546699058
8768,Normal Traffic,0.0477569071796171,0.020829805527986404,0.0,0.0685867127076035,0.0477569071796171,0.020829805527986404,0.0,0.0685867127076035,0.0477569071796171,0.020829805527986404,0.0685867127076035
8800,Normal Traffic,0.0782972969363987,0.009014672510409294,0.0174226118739409,0.10473458132074889,0.0782972969363987,0.009014672510409294,0.0174226118739409,0.087311969446808,0.0957199088103396,0.026437284384350196,0.10473458132074889
8807,Normal Traffic,0.06357620034274454,0.023268834663231406,0.0,0.08684503500597594,0.06357620034274454,0.023268834663231406,0.0,0.08684503500597594,0.06357620034274454,0.023268834663231406,0.08684503500597594
8815,Normal Traffic,0.10031364954003966,0.02325644731459102,0.013502466423311028,0.1370725632779417,0.10031364954003966,0.02325644731459102,0.013502466423311028,0.12357009685463068,0.11381611596335069,0.03675891373790205,0.1370725632779417
8824,Normal Traffic,0.08018757245813563,0.014304864959017602,0.020015946836936298,0.11450838425408952,0.08018757245813563,0.014304864959017602,0.020015946836936298,0.09449243741715323,0.10020351929507193,0.0343208117959539,0.11450838425408952
8879,Normal Traffic,0.0656680805142695,0.020886413385273417,0.014325238354026255,0.10087973225356918,0.0656680805142695,0.020886413385273417,0.014325238354026255,0.08655449389954292,0.07999331886829576,0.035211651739299674,0.10087973225356918
8945,Normal Traffic,0.07292775300433962,0.014133939165758145,0.03536412771800109,0.12242581988809886,0.07292775300433962,0.014133939165758145,0.03536412771800109,0.08706169217009777,0.10829188072234072,0.04949806688375924,0.12242581988809886
8958,Normal Traffic,0.08227255941561552,0.009016036084402488,0.0,0.09128859550001801,0.08227255941561552,0.009016036084402488,0.0,0.09128859550001801,0.08227255941561552,0.009016036084402488,0.09128859550001801
8972,Normal Traffic,0.050513957966712375,0.00901467414462238,0.034362592923902736,0.0938912250352375,0.050513957966712375,0.00901467414462238,0.034362592923902736,0.05952863211133476,0.0848765508906151,0.04337726706852511,0.0938912250352375
8982,Normal Traffic,0.07189563352575518,0.009043628197938766,0.038522216952974045,0.11946147867666798,0.07189563352575518,0.009043628197938766,0.038522216952974045,0.08093926172369394,0.11041785047872922,0.04756584515091281,0.11946147867666798
8992,Normal Traffic,0.06576882257685372,0.023393086265327906,0.027627284720141598,0.11678919356232323,0.06576882257685372,0.023393086265327906,0.027627284720141598,0.08916190884218163,0.09339610729699532,0.05102037098546951,0.11678919356232323
9002,Normal Traffic,0.07111012478632374,0.009023202528140713,0.04603526482562313,0.12616859214008758,0.07111012478632374,0.009023202528140713,0.04603526482562313,0.08013332731446446,0.11714538961194687,0.055058467353763844,0.12616859214008758
9020,Normal Traffic,0.0468666705929405,0.023274676374031054,0.0,0.07014134696697155,0.0468666705929405,0.023274676374031054,0.0,0.07014134696697155,0.0468666705929405,0.023274676374031054,0.07014134696697155
9036,Normal Traffic,0.08488562692158802,0.011934343364930367,0.05066417969585292,0.1474841499823713,0.08488562692158802,0.011934343364930367,0.05066417969585292,0.09681997028651838,0.13554980661744093,0.06259852306078328,0.1474841499823713
9055,Normal Traffic,0.06384568960965671,0.01738557970529234,0.0,0.08123126931494905,0.06384568960965671,0.01738557970529234,0.0,0.08123126931494905,0.06384568960965671,0.01738557970529234,0.08123126931494905
9079,Normal Traffic,0.06872011276218093,0.009426510536514844,0.0,0.07814662329869577,0.06872011276218093,0.009426510536514844,0.0,0.07814662329869577,0.06872011276218093,0.009426510536514844,0.07814662329869577
9085,Normal Traffic,0.09054098999086561,0.013400841610063618,0.0,0.10394183160092924,0.09054098999086561,0.013400841610063618,0.0,0.10394183160092924,0.09054098999086561,0.013400841610063618,0.10394183160092924
9099,Normal Traffic,0.0647627330371294,0.009292943178955262,0.0,0.07405567621608466,0.0647627330371294,0.009292943178955262,0.0,0.07405567621608466,0.0647627330371294,0.009292943178955262,0.07405567621608466
9128,Normal Traffic,0.051375349361116,0.009328411775211433,0.034416310344730985,0.09512007148105842,0.051375349361116,0.009328411775211433,0.034416310344730985,0.06070376113632743,0.08579165970584698,0.04374472211994242,0.09512007148105842
9140,Normal Traffic,0.05626777542882939,0.009624069464357211,0.0,0.0658918448931866,0.05626777542882939,0.009624069464357211,0.0,0.0658918448931866,0.05626777542882939,0.009624069464357211,0.0658918448931866
9147,Normal Traffic,0.07736786370013571,0.009244430548431794,0.0,0.0866122942485675,0.07736786370013571,0.009244430548431794,0.0,0.0866122942485675,0.07736786370013571,0.009244430548431794,0.0866122942485675
9168,Normal Traffic,0.0817787532405771,0.009192004579730694,0.040087032033418894,0.13105778985372668,0.0817787532405771,0.009192004579730694,0.040087032033418894,0.0909707578203078,0.121865785273996,0.049279036613149585,0.13105778985372668
9190,Normal Traffic,0.06727023174909087,0.003658438240551852,0.006021573846325487,0.07695024383596821,0.06727023174909087,0.003658438240551852,0.006021573846325487,0.07092866998964273,0.07329180559541636,0.009680012086877339,0.07695024383596821
9204,Normal Traffic,0.07404547584464001,0.011761194053853766,0.0,0.08580666989849378,0.07404547584464001,0.011761194053853766,0.0,0.08580666989849378,0.07404547584464001,0.011761194053853766,0.08580666989849378
9208,Normal Traffic,0.07253080771030908,0.009486187433769193,0.005127359453234892,0.08714435459731316,0.07253080771030908,0.009486187433769193,0.005127359453234892,0.08201699514407827,0.07765816716354397,0.014613546887004085,0.08714435459731316
9221,Normal Traffic,0.041921842142108104,0.009014594294101428,0.007884899274563883,0.058821335710773415,0.041921842142108104,0.009014594294101428,0.007884899274563883,0.05093643643620953,0.04980674141667199,0.01689949356866531,0.058821335710773415
9222,Normal Traffic,0.03429805497745167,0.009019674872365433,0.0,0.043317729849817105,0.03429805497745167,0.009019674872365433,0.0,0.043317729849817105,0.03429805497745167,0.009019674872365433,0.043317729849817105
9227,Normal Traffic,0.06333129290112909,0.017267741830623178,0.0,0.08059903473175226,0.06333129290112909,0.017267741830623178,0.0,0.08059903473175226,0.06333129290112909,0.017267741830623178,0.08059903473175226
9241,Normal Traffic,0.06406742014084213,0.009229654865930527,0.012679868198049593,0.08597694320482224,0.06406742014084213,0.009229654865930527,0.012679868198049593,0.07329707500677266,0.07674728833889172,0.02190952306398012,0.08597694320482224
9297,Normal Traffic,0.06429915035966076,0.012136562721495797,0.0,0.07643571308115656,0.06429915035966076,0.012136562721495797,0.0,0.07643571308115656,0.06429915035966076,0.012136562721495797,0.07643571308115656
9338,Normal Traffic,0.08240551630323771,0.009472928945224382,0.0,0.09187844524846209,0.08240551630323771,0.009472928945224382,0.0,0.09187844524846209,0.08240551630323771,0.009472928945224382,0.09187844524846209
9372,Normal Traffic,0.03162715992258195,0.00933896112085884,0.0,0.04096612104344079,0.03162715992258195,0.00933896112085884,0.0,0.04096612104344079,0.03162715992258195,0.00933896112085884,0.04096612104344079
9383,Normal Traffic,0.05534757348310392,0.009308317650417825,0.0,0.06465589113352174,0.05534757348310392,0.009308317650417825,0.0,0.06465589113352174,0.05534757348310392,0.009308317650417825,0.06465589113352174
9404,Normal Traffic,0.08216713322119243,0.009414249075682482,0.02875223257998754,0.12033361487686245,0.08216713322119243,0.009414249075682482,0.02875223257998754,0.09158138229687492,0.11091936580117998,0.03816648165567002,0.12033361487686245
9410,Normal Traffic,0.059460395122807146,0.009014892486659052,0.0,0.0684752876094662,0.059460395122807146,0.009014892486659052,0.0,0.0684752876094662,0.059460395122807146,0.009014892486659052,0.0684752876094662
9479,Normal Traffic,0.056775001405632214,0.023289266952158005,0.014821225278811644,0.09488549363660187,0.056775001405632214,0.023289266952158005,0.014821225278811644,0.08006426835779022,0.07159622668444386,0.03811049223096965,0.09488549363660187
9487,Normal Traffic,0.06822134843153693,0.009014593510867381,0.05652821214296737,0.13376415408537168,0.06822134843153693,0.009014593510867381,0.05652821214296737,0.07723594194240431,0.1247495605745043,0.06554280565383475,0.13376415408537168
9521,Normal Traffic,0.06357458451303191,0.009014673799966538,0.0020160376152837957,0.07460529592828224,0.06357458451303191,0.009014673799966538,0.0020160376152837957,0.07258925831299845,0.0655906221283157,0.011030711415250334,0.07460529592828224
9545,Normal Traffic,0.06335740891946326,0.009255257109005766,0.0,0.07261266602846903,0.06335740891946326,0.009255257109005766,0.0,0.07261266602846903,0.06335740891946326,0.009255257109005766,0.07261266602846903
9549,Normal Traffic,0.0678898841852876,0.02333082087803615,0.0,0.09122070506332375,0.0678898841852876,0.02333082087803615,0.0,0.09122070506332375,0.0678898841852876,0.02333082087803615,0.09122070506332375
9557,Blackhole Attack,0.06463822202756159,0.01467502865414233,0.03295729231243685,0.11227054299414077,0.06463822202756159,0.01467502865414233,0.03295729231243685,0.07931325068170392,0.09759551433999844,0.047632320966579184,0.11227054299414077
9571,Normal Traffic,0.06965030456944993,0.011772797453601064,0.0,0.08142310202305099,0.06965030456944993,0.011772797453601064,0.0,0.08142310202305099,0.06965030456944993,0.011772797453601064,0.08142310202305099
9573,Normal Traffic,0.05129387464363031,0.009025854743943382,0.0,0.0603197293875737,0.05129387464363031,0.009025854743943382,0.0,0.0603197293875737,0.05129387464363031,0.009025854743943382,0.0603197293875737
9578,Blackhole Attack,0.06022157472104636,0.023317254824076795,0.009103934891486297,0.09264276443660945,0.06022157472104636,0.023317254824076795,0.009103934891486297,0.08353882954512315,0.06932550961253266,0.03242118971556309,0.09264276443660945
9608,Normal Traffic,0.07068276727223297,0.002474613987721188,0.0,0.07315738125995415,0.07068276727223297,0.002474613987721188,0.0,0.07315738125995415,0.07068276727223297,0.002474613987721188,0.07315738125995415
9618,Normal Traffic,0.051325574938587165,0.009148411720936661,0.0,0.060473986659523825,0.051325574938587165,0.009148411720936661,0.0,0.060473986659523825,0.051325574938587165,0.009148411720936661,0.060473986659523825
9634,Normal Traffic,0.07633157408811264,0.009322676579104613,0.006841433776072522,0.09249568444328977,0.07633157408811264,0.009322676579104613,0.006841433776072522,0.08565425066721725,0.08317300786418516,0.016164110355177137,0.09249568444328977
9650,Normal Traffic,0.08786143564617402,0.002933042363032676,0.021871972691431204,0.1126664507006379,0.08786143564617402,0.002933042363032676,0.021871972691431204,0.09079447800920669,0.10973340833760523,0.02480501505446388,0.1126664507006379
9691,Normal Traffic,0.07152176987306358,0.009014593510867381,0.02535795052517078,0.10589431390910173,0.07152176987306358,0.009014593510867381,0.02535795052517078,0.08053636338393096,0.09687972039823436,0.03437254403603816,0.10589431390910173
9720,Normal Traffic,0.06729115845184697,0.0074039517151014145,0.01029861273967559,0.08499372290662396,0.06729115845184697,0.0074039517151014145,0.01029861273967559,0.07469511016694838,0.07758977119152255,0.017702564454777005,0.08499372290662396
9736,Normal Traffic,0.06283066446305445,0.009017617684098653,0.0,0.07184828214715311,0.06283066446305445,0.009017617684098653,0.0,0.07184828214715311,0.06283066446305445,0.009017617684098653,0.07184828214715311
9746,Normal Traffic,0.07763316531496062,0.008976735445801071,0.0,0.0866099007607617,0.07763316531496062,0.008976735445801071,0.0,0.0866099007607617,0.07763316531496062,0.008976735445801071,0.0866099007607617
9784,Normal Traffic,0.04233776686040451,0.018565153444909728,0.01675293425096491,0.07765585455627914,0.04233776686040451,0.018565153444909728,0.01675293425096491,0.06090292030531424,0.05909070111136942,0.035318087695874634,0.07765585455627914
9821,Normal Traffic,0.11754254983474488,0.00939259348384179,0.006021573846325487,0.13295671716491217,0.11754254983474488,0.00939259348384179,0.006021573846325487,0.12693514331858669,0.12356412368107036,0.015414167330167278,0.13295671716491217
9824,Normal Traffic,0.046046806653875394,0.00901467414462238,0.0564686477154243,0.11153012851392208,0.046046806653875394,0.00901467414462238,0.0564686477154243,0.05506148079849778,0.1025154543692997,0.06548332186004668,0.11153012851392208
9835,Normal Traffic,0.03480536022165195,0.020490935432939766,0.0,0.05529629565459171,0.03480536022165195,0.020490935432939766,0.0,0.05529629565459171,0.03480536022165195,0.020490935432939766,0.05529629565459171
9842,Normal Traffic,0.08377212498928213,0.014630384844548778,0.01766585047262234,0.11606836030645325,0.08377212498928213,0.014630384844548778,0.01766585047262234,0.0984025098338309,0.10143797546190447,0.032296235317171115,0.11606836030645325
9897,Normal Traffic,0.059121171551728885,0.009278511608815355,0.0,0.06839968316054423,0.059121171551728885,0.009278511608815355,0.0,0.06839968316054423,0.059121171551728885,0.009278511608815355,0.06839968316054423
9900,Normal Traffic,0.0699890397384068,0.009014674146000096,0.034713909815026756,0.11371762369943365,0.0699890397384068,0.009014674146000096,0.034713909815026756,0.0790037138844069,0.10470294955343355,0.04372858396102685,0.11371762369943365
10009,Normal Traffic,0.06804398470672332,0.04470096170210029,0.0,0.11274494640882361,0.06804398470672332,0.04470096170210029,0.0,0.11274494640882361,0.06804398470672332,0.04470096170210029,0.11274494640882361
10017,Blackhole Attack,0.07361667448484636,0.03738247575197816,0.03654264781825678,0.1475417980550813,0.07361667448484636,0.03738247575197816,0.03654264781825678,0.11099915023682452,0.11015932230310314,0.07392512357023494,0.1475417980550813
10042,Normal Traffic,0.05975839647167061,0.05132313032985678,0.0049906159919287625,0.11607214279345615,0.05975839647167061,0.05132313032985678,0.0049906159919287625,0.11108152680152739,0.06474901246359938,0.05631374632178555,0.11607214279345615
10095,Blackhole Attack,0.05750588844713392,0.0208556062099691,0.03654264781825678,0.1149041424753598,0.05750588844713392,0.0208556062099691,0.03654264781825678,0.07836149465710301,0.0940485362653907,0.057398254028225876,0.1149041424753598
10098,Normal Traffic,0.05998054548503888,0.032256279029349424,0.0,0.0922368245143883,0.05998054548503888,0.032256279029349424,0.0,0.0922368245143883,0.05998054548503888,0.032256279029349424,0.0922368245143883
10114,Normal Traffic,0.05817912885306767,0.017272862842487267,0.015251593527428612,0.09070358522298355,0.05817912885306767,0.017272862842487267,0.015251593527428612,0.07545199169555494,0.07343072238049628,0.03252445636991588,0.09070358522298355
10141,Blackhole Attack,0.037757179227411106,0.029618504318863745,0.0,0.06737568354627485,0.037757179227411106,0.029618504318863745,0.0,0.06737568354627485,0.037757179227411106,0.029618504318863745,0.06737568354627485
10149,Normal Traffic,0.051267754506796666,0.030855669166394886,0.0,0.08212342367319156,0.051267754506796666,0.030855669166394886,0.0,0.08212342367319156,0.051267754506796666,0.030855669166394886,0.08212342367319156
10162,Blackhole Attack,0.06786596781836407,0.009014593510867381,0.03654264781825678,0.11342320914748823,0.06786596781836407,0.009014593510867381,0.03654264781825678,0.07688056132923145,0.10440861563662085,0.04555724132912416,0.11342320914748823
10174,Blackhole Attack,0.051267754506796666,0.035040589639332306,0.03654264781825678,0.12285099196438576,0.051267754506796666,0.035040589639332306,0.03654264781825678,0.08630834414612898,0.08781040232505344,0.07158323745758909,0.12285099196438576
10176,Normal Traffic,0.07533826575133,0.010735411640784212,0.0,0.08607367739211422,0.07533826575133,0.010735411640784212,0.0,0.08607367739211422,0.07533826575133,0.010735411640784212,0.08607367739211422
10291,Normal Traffic,0.051267754506796666,0.03572729572504118,0.0,0.08699505023183784,0.051267754506796666,0.03572729572504118,0.0,0.08699505023183784,0.051267754506796666,0.03572729572504118,0.08699505023183784
10297,Normal Traffic,0.03955416702816462,0.038666643357482725,0.0,0.07822081038564735,0.03955416702816462,0.038666643357482725,0.0,0.07822081038564735,0.03955416702816462,0.038666643357482725,0.07822081038564735
10313,Normal Traffic,0.05199149481387061,0.05178892611760828,0.0,0.10378042093147889,0.05199149481387061,0.05178892611760828,0.0,0.10378042093147889,0.05199149481387061,0.05178892611760828,0.10378042093147889
10325,Normal Traffic,0.07459987642532279,0.0663812086836088,0.0,0.1409810851089316,0.07459987642532279,0.0663812086836088,0.0,0.1409810851089316,0.07459987642532279,0.0663812086836088,0.1409810851089316
10337,Normal Traffic,0.0204295606269027,0.009231984601657618,0.03654264781825678,0.0662041930468171,0.0204295606269027,0.009231984601657618,0.03654264781825678,0.029661545228560317,0.056972208445159475,0.0457746324199144,0.0662041930468171
10339,Blackhole Attack,0.06665932728946386,0.009205816689756414,0.03654264781825678,0.11240779179747705,0.06665932728946386,0.009205816689756414,0.03654264781825678,0.07586514397922027,0.10320197510772064,0.04574846450801319,0.11240779179747705
10353,Normal Traffic,0.0647117395872347,0.009349734373850366,0.03400891448693908,0.10807038844802414,0.0647117395872347,0.009349734373850366,0.03400891448693908,0.07406147396108506,0.09872065407417377,0.043358648860789446,0.10807038844802414
10372,Normal Traffic,0.07273124025436459,0.00210000865921075,0.0,0.07483124891357534,0.07273124025436459,0.00210000865921075,0.0,0.07483124891357534,0.07273124025436459,0.00210000865921075,0.07483124891357534
10394,Normal Traffic,0.056338370948789504,0.029491853805001952,0.0,0.08583022475379146,0.056338370948789504,0.029491853805001952,0.0,0.08583022475379146,0.056338370948789504,0.029491853805001952,0.08583022475379146
10416,Normal Traffic,0.0629712647446739,0.01585561380178357,0.0,0.07882687854645748,0.0629712647446739,0.01585561380178357,0.0,0.07882687854645748,0.0629712647446739,0.01585561380178357,0.07882687854645748
10472,Normal Traffic,0.036779723850809076,0.011957021153826162,0.01702393516504006,0.06576068016967529,0.036779723850809076,0.011957021153826162,0.01702393516504006,0.048736745004635235,0.05380365901584913,0.02898095631886622,0.06576068016967529
10475,Normal Traffic,0.07794712444632645,0.017932860156927855,0.0,0.09587998460325431,0.07794712444632645,0.017932860156927855,0.0,0.09587998460325431,0.07794712444632645,0.017932860156927855,0.09587998460325431
10487,Normal Traffic,0.08091232589542846,0.0030092970774680803,0.0,0.08392162297289654,0.08091232589542846,0.0030092970774680803,0.0,0.08392162297289654,0.08091232589542846,0.0030092970774680803,0.08392162297289654
10496,Blackhole Attack,0.07941373529259126,0.01615719551097735,0.013650748967602709,0.10922167977117131,0.07941373529259126,0.01615719551097735,0.013650748967602709,0.0955709308035686,0.09306448426019397,0.02980794447858006,0.10922167977117131
10497,Normal Traffic,0.05073157340724525,0.01871302024048247,0.0,0.06944459364772773,0.05073157340724525,0.01871302024048247,0.0,0.06944459364772773,0.05073157340724525,0.01871302024048247,0.06944459364772773
10510,Normal Traffic,0.04738489654939734,0.009062914831296256,0.0,0.0564478113806936,0.04738489654939734,0.009062914831296256,0.0,0.0564478113806936,0.04738489654939734,0.009062914831296256,0.0564478113806936
10526,Normal Traffic,0.08229537752376428,0.00976477479672334,0.0,0.09206015232048763,0.08229537752376428,0.00976477479672334,0.0,0.09206015232048763,0.08229537752376428,0.00976477479672334,0.09206015232048763
10556,Normal Traffic,0.049815242641501896,0.009642672312828166,0.019169430215302857,0.07862734516963292,0.049815242641501896,0.009642672312828166,0.019169430215302857,0.05945791495433006,0.06898467285680475,0.028812102528131024,0.07862734516963292
10559,Normal Traffic,0.06941429376539815,0.025576905432555884,0.02945955209059425,0.1244507512885483,0.06941429376539815,0.025576905432555884,0.02945955209059425,0.09499119919795404,0.0988738458559924,0.05503645752315013,0.1244507512885483
10587,Normal Traffic,0.07300370640672108,0.015603958649261465,0.0,0.08860766505598254,0.07300370640672108,0.015603958649261465,0.0,0.08860766505598254,0.07300370640672108,0.015603958649261465,0.08860766505598254
10642,Normal Traffic,0.1187878224010831,0.009014674146049532,0.0046329459060355654,0.13243544245316818,0.1187878224010831,0.009014674146049532,0.0046329459060355654,0.12780249654713263,0.12342076830711866,0.013647620052085098,0.13243544245316818
10658,Normal Traffic,0.048293176849525776,0.014355703117042581,0.007388703594780409,0.07003758356134876,0.048293176849525776,0.014355703117042581,0.007388703594780409,0.06264887996656836,0.055681880444306185,0.02174440671182299,0.07003758356134876
10670,Normal Traffic,0.10487165922918198,0.009280938867055354,0.018640777839275716,0.13279337593551305,0.10487165922918198,0.009280938867055354,0.018640777839275716,0.11415259809623735,0.1235124370684577,0.02792171670633107,0.13279337593551305
10718,Blackhole Attack,0.08975198873113985,0.00901467414462238,0.03654264781825678,0.13530931069401902,0.08975198873113985,0.00901467414462238,0.03654264781825678,0.09876666287576223,0.12629463654939663,0.04555732196287916,0.13530931069401902
10740,Normal Traffic,0.0963156228700239,0.014835359676129993,0.030272438787370667,0.14142342133352456,0.0963156228700239,0.014835359676129993,0.030272438787370667,0.1111509825461539,0.12658806165739456,0.04510779846350066,0.14142342133352456
10745,Normal Traffic,0.07782236679457202,0.014928491209283686,0.019500714461237786,0.1122515724650935,0.07782236679457202,0.014928491209283686,0.019500714461237786,0.09275085800385571,0.09732308125580981,0.034429205670521476,0.1122515724650935
10774,Normal Traffic,0.09142535886166372,0.0015206848787011865,0.026755530498676995,0.1197015742390419,0.09142535886166372,0.0015206848787011865,0.026755530498676995,0.09294604374036491,0.11818088936034071,0.02827621537737818,0.1197015742390419
10775,Blackhole Attack,0.08490397709837849,0.020933834133980655,0.03654264781825678,0.14238045905061592,0.08490397709837849,0.020933834133980655,0.03654264781825678,0.10583781123235915,0.12144662491663527,0.05747648195223744,0.14238045905061592
10798,Normal Traffic,0.05750588844713392,0.009014673801393688,0.0,0.0665205622485276,0.05750588844713392,0.009014673801393688,0.0,0.0665205622485276,0.05750588844713392,0.009014673801393688,0.0665205622485276
10815,Blackhole Attack,0.09546539686435963,0.00909932259908875,0.03654264781825678,0.14110736728170517,0.09546539686435963,0.00909932259908875,0.03654264781825678,0.10456471946344839,0.1320080446826164,0.04564197041734553,0.14110736728170517
10823,Blackhole Attack,0.08135925286035432,0.009579111658677749,0.03654264781825678,0.12748101233728887,0.08135925286035432,0.009579111658677749,0.03654264781825678,0.09093836451903207,0.1179019006786111,0.04612175947693453,0.12748101233728887
10842,Normal Traffic,0.061223235232126486,0.009379669373939846,0.0,0.07060290460606633,0.061223235232126486,0.009379669373939846,0.0,0.07060290460606633,0.061223235232126486,0.009379669373939846,0.07060290460606633
10856,Blackhole Attack,0.07327657324665243,0.00946609283717135,0.027448409897676846,0.11019107598150063,0.07327657324665243,0.00946609283717135,0.027448409897676846,0.08274266608382379,0.10072498314432927,0.0369145027348482,0.11019107598150063
10860,Blackhole Attack,0.08130143242856383,0.009012414353691975,0.03654264781825678,0.12685649460051257,0.08130143242856383,0.009012414353691975,0.03654264781825678,0.0903138467822558,0.11784408024682061,0.045555062171948754,0.12685649460051257
10901,Normal Traffic,0.10070712259242857,0.00901467414462238,0.01705945684083609,0.12678125357788705,0.10070712259242857,0.00901467414462238,0.01705945684083609,0.10972179673705096,0.11776657943326466,0.02607413098545847,0.12678125357788705
10921,Normal Traffic,0.09561546871511256,0.011878738098495593,0.0,0.10749420681360816,0.09561546871511256,0.011878738098495593,0.0,0.10749420681360816,0.09561546871511256,0.011878738098495593,0.10749420681360816
10934,Normal Traffic,0.10241762642711469,0.01188306614819332,2.9754522895136803e-06,0.11430366802759752,0.10241762642711469,0.01188306614819332,2.9754522895136803e-06,0.114300692575308,0.1024206018794042,0.011886041600482834,0.11430366802759752
10942,Normal Traffic,0.05157016965904683,0.010578823783447712,0.03654264781825678,0.09869164126075132,0.05157016965904683,0.010578823783447712,0.03654264781825678,0.06214899344249454,0.08811281747730361,0.04712147160170449,0.09869164126075132
10945,Normal Traffic,0.05534757348310392,0.017455720240462345,0.0,0.07280329372356627,0.05534757348310392,0.017455720240462345,0.0,0.07280329372356627,0.05534757348310392,0.017455720240462345,0.07280329372356627
10955,Normal Traffic,0.07776690237410079,0.009041140714066495,0.010070164500467577,0.09687820758863486,0.07776690237410079,0.009041140714066495,0.010070164500467577,0.08680804308816728,0.08783706687456837,0.019111305214534073,0.09687820758863486
10956,Normal Traffic,0.07287119569575895,0.009014892486659052,0.01927453480921918,0.1011606229916372,0.07287119569575895,0.009014892486659052,0.01927453480921918,0.08188608818241801,0.09214573050497812,0.02828942729587823,0.1011606229916372
10962,Blackhole Attack,0.0894882774440661,0.0028887158733189103,0.03654264781825678,0.12891964113564178,0.0894882774440661,0.0028887158733189103,0.03654264781825678,0.092376993317385,0.12603092526232287,0.03943136369157569,0.12891964113564178
10991,Blackhole Attack,0.11096454178092521,0.009160861411404316,0.03461112875136584,0.15473653194369538,0.11096454178092521,0.009160861411404316,0.03461112875136584,0.12012540319232953,0.14557567053229106,0.043771990162770155,0.15473653194369538
11020,Normal Traffic,0.10544769754634914,0.011918100238283906,0.03654264781825678,0.15390844560288983,0.10544769754634914,0.011918100238283906,0.03654264781825678,0.11736579778463305,0.14199034536460592,0.04846074805654069,0.15390844560288983
11039,Normal Traffic,0.051325574938587165,0.02299213161143231,0.006184197143996795,0.08050190369401626,0.051325574938587165,0.02299213161143231,0.006184197143996795,0.07431770655001947,0.05750977208258396,0.029176328755429106,0.08050190369401626
11096,Normal Traffic,0.08324806268283269,0.020490935656837354,0.03991472455207614,0.1436537228917462,0.08324806268283269,0.020490935656837354,0.03991472455207614,0.10373899833967004,0.12316278723490884,0.0604056602089135,0.1436537228917462
11107,Normal Traffic,0.024814252294737636,0.009790446507284264,0.05376208933012935,0.08836678813215125,0.024814252294737636,0.009790446507284264,0.05376208933012935,0.034604698802021897,0.07857634162486699,0.06355253583741362,0.08836678813215125
11135,Normal Traffic,0.029600497984824857,0.011936775365325624,0.03218580367740309,0.07372307702755357,0.029600497984824857,0.011936775365325624,0.03218580367740309,0.04153727335015048,0.06178630166222795,0.04412257904272872,0.07372307702755357
11136,Blackhole Attack,0.021522646268647132,0.009022953534739964,0.0,0.030545599803387096,0.021522646268647132,0.009022953534739964,0.0,0.030545599803387096,0.021522646268647132,0.009022953534739964,0.030545599803387096
11146,Normal Traffic,0.061069694550622076,0.02948843626064577,0.0,0.09055813081126785,0.061069694550622076,0.02948843626064577,0.0,0.09055813081126785,0.061069694550622076,0.02948843626064577,0.09055813081126785
11193,Normal Traffic,0.12412465763006218,0.009014673800015973,0.035840185019642916,0.1689795164497211,0.12412465763006218,0.009014673800015973,0.035840185019642916,0.13313933143007817,0.1599648426497051,0.04485485881965889,0.1689795164497211
11208,Normal Traffic,0.12163009358340135,0.009014673799966538,0.061080332731353076,0.19172510011472096,0.12163009358340135,0.009014673799966538,0.061080332731353076,0.1306447673833679,0.18271042631475443,0.07009500653131961,0.19172510011472096
11209,Normal Traffic,0.03818677534368736,0.012143494666567937,0.01806164091186857,0.06839191092212388,0.03818677534368736,0.012143494666567937,0.01806164091186857,0.0503302700102553,0.05624841625555593,0.030205135578436508,0.06839191092212388
11218,Normal Traffic,0.10117938329466222,0.0030930738863328266,0.048954146350029634,0.15322660353102469,0.10117938329466222,0.0030930738863328266,0.048954146350029634,0.10427245718099505,0.15013352964469184,0.05204722023636246,0.15322660353102469
11231,Normal Traffic,0.09841828284467702,0.009348531756068295,0.04695939060514198,0.1547262052058873,0.09841828284467702,0.009348531756068295,0.04695939060514198,0.10776681460074532,0.145377673449819,0.05630792236121028,0.1547262052058873
11273,Normal Traffic,0.08579595680182733,0.02100689405552653,0.01079837220481917,0.11760122306217304,0.08579595680182733,0.02100689405552653,0.01079837220481917,0.10680285085735386,0.09659432900664651,0.0318052662603457,0.11760122306217304
11274,Normal Traffic,0.047320881145083815,0.023273897086650897,0.0,0.07059477823173471,0.047320881145083815,0.023273897086650897,0.0,0.07059477823173471,0.047320881145083815,0.023273897086650897,0.07059477823173471
11279,Blackhole Attack,0.03345894679356523,0.010006492766878369,0.03654264781825678,0.08000808737870038,0.03345894679356523,0.010006492766878369,0.03654264781825678,0.0434654395604436,0.07000159461182201,0.04654914058513515,0.08000808737870038
11280,Normal Traffic,0.07371124213230218,0.009479568370906043,0.009330152257702796,0.09252096276091103,0.07371124213230218,0.009479568370906043,0.009330152257702796,0.08319081050320823,0.08304139439000498,0.01880972062860884,0.09252096276091103
11297,Normal Traffic,0.08453556690975811,0.009014674146049532,0.04549289155383121,0.13904313260963885,0.08453556690975811,0.009014674146049532,0.04549289155383121,0.09355024105580764,0.13002845846358932,0.054507565699880745,0.13904313260963885
11314,Blackhole Attack,0.10300489299539013,0.009046846418865682,0.03654264781825678,0.1485943872325126,0.10300489299539013,0.009046846418865682,0.03654264781825678,0.11205173941425581,0.1395475408136469,0.04558949423712246,0.1485943872325126
11322,Normal Traffic,0.07296298874135464,0.00901467414462238,0.03654264781825678,0.1185203107042338,0.07296298874135464,0.00901467414462238,0.03654264781825678,0.08197766288597702,0.10950563655961142,0.04555732196287916,0.1185203107042338
11324,Blackhole Attack,0.10822445523757039,0.017472009481593977,0.03654264781825678,0.16223911253742115,0.10822445523757039,0.017472009481593977,0.03654264781825678,0.12569646471916437,0.14476710305582718,0.054014657299850756,0.16223911253742115
11339,Normal Traffic,0.12012183252583342,0.009457232579290244,0.01692574002643678,0.14650480513156044,0.12012183252583342,0.009457232579290244,0.01692574002643678,0.12957906510512365,0.1370475725522702,0.026382972605727025,0.14650480513156044
11358,Normal Traffic,0.06427993276326815,0.02324633379779721,0.015159826193626822,0.10268609275469219,0.06427993276326815,0.02324633379779721,0.015159826193626822,0.08752626656106537,0.07943975895689498,0.038406159991424035,0.10268609275469219
11376,Normal Traffic,0.0718182332930429,0.02332551277397018,0.0,0.09514374606701309,0.0718182332930429,0.02332551277397018,0.0,0.09514374606701309,0.0718182332930429,0.02332551277397018,0.09514374606701309
11401,Blackhole Attack,0.07234028328214984,0.009585067532880139,0.0,0.08192535081502997,0.07234028328214984,0.009585067532880139,0.0,0.08192535081502997,0.07234028328214984,0.009585067532880139,0.08192535081502997
11415,Normal Traffic,0.08446052067208532,0.01680066179598226,0.05426446399405329,0.15552564646212086,0.08446052067208532,0.01680066179598226,0.05426446399405329,0.10126118246806758,0.1387249846661386,0.07106512579003554,0.15552564646212086
11430,Normal Traffic,0.05172793205459146,0.017129396231020978,0.01815772425423094,0.08701505253984339,0.05172793205459146,0.017129396231020978,0.01815772425423094,0.06885732828561245,0.0698856563088224,0.03528712048525191,0.08701505253984339
11437,Blackhole Attack,0.11281577693655553,0.009194019011440051,0.03654264781825678,0.15855244376625238,0.11281577693655553,0.009194019011440051,0.03654264781825678,0.12200979594799559,0.1493584247548123,0.045736666829696834,0.15855244376625238
11445,Normal Traffic,0.09180696307878641,0.009960719403193461,0.0,0.10176768248197987,0.09180696307878641,0.009960719403193461,0.0,0.10176768248197987,0.09180696307878641,0.009960719403193461,0.10176768248197987
11447,Blackhole Attack,0.05220242567434353,0.009014674146000096,0.03654264781825678,0.0977597476386004,0.05220242567434353,0.009014674146000096,0.03654264781825678,0.06121709982034362,0.0887450734926003,0.045557321964256874,0.0977597476386004
11461,Normal Traffic,0.08858697444542508,0.02346068232888296,0.0,0.11204765677430804,0.08858697444542508,0.02346068232888296,0.0,0.11204765677430804,0.08858697444542508,0.02346068232888296,0.11204765677430804
11470,Normal Traffic,0.08043743193787004,0.05129221894400027,0.0,0.1317296508818703,0.08043743193787004,0.05129221894400027,0.0,0.1317296508818703,0.08043743193787004,0.05129221894400027,0.1317296508818703
11500,Normal Traffic,0.03638994801695887,0.017183173587296978,0.01890602871982452,0.07247915032408037,0.03638994801695887,0.017183173587296978,0.01890602871982452,0.05357312160425585,0.055295976736783395,0.036089202307121496,0.07247915032408037
11503,Normal Traffic,0.052212097469099716,0.02076506072588692,0.021926775554173973,0.09490393374916062,0.052212097469099716,0.02076506072588692,0.021926775554173973,0.07297715819498664,0.07413887302327368,0.04269183628006089,0.09490393374916062
11522,Normal Traffic,0.033138646078080106,0.011803219964360765,0.0,0.04494186604244087,0.033138646078080106,0.011803219964360765,0.0,0.04494186604244087,0.033138646078080106,0.011803219964360765,0.04494186604244087
11527,Blackhole Attack,0.06872520104020245,0.014262764625891131,0.031405112126257476,0.11439307779235106,0.06872520104020245,0.014262764625891131,0.031405112126257476,0.08298796566609358,0.10013031316645993,0.0456678767521486,0.11439307779235106
11575,Normal Traffic,0.12230396696958698,0.00925525391637813,0.03654264781825678,0.1681018687042219,0.12230396696958698,0.00925525391637813,0.03654264781825678,0.1315592208859651,0.15884661478784376,0.04579790173463491,0.1681018687042219
11576,Normal Traffic,0.10640424034149813,0.009857891815093054,0.0,0.11626213215659119,0.10640424034149813,0.009857891815093054,0.0,0.11626213215659119,0.10640424034149813,0.009857891815093054,0.11626213215659119
11614,Normal Traffic,0.0605286986205889,0.00948447794220077,0.0,0.07001317656278967,0.0605286986205889,0.00948447794220077,0.0,0.07001317656278967,0.0605286986205889,0.00948447794220077,0.07001317656278967
11619,Normal Traffic,0.07287182052630692,0.002933042363032676,0.0,0.07580486288933959,0.07287182052630692,0.002933042363032676,0.0,0.07580486288933959,0.07287182052630692,0.002933042363032676,0.07580486288933959
11624,Blackhole Attack,0.12499637840884417,0.00978525379062839,0.03654264781825678,0.17132428001772934,0.12499637840884417,0.00978525379062839,0.03654264781825678,0.13478163219947256,0.16153902622710095,0.04632790160888517,0.17132428001772934
11626,Normal Traffic,0.10481393459081986,0.0007163407529697619,0.0,0.10553027534378963,0.10481393459081986,0.0007163407529697619,0.0,0.10553027534378963,0.10481393459081986,0.0007163407529697619,0.10553027534378963
11664,Blackhole Attack,0.09790715242532035,0.012032638973166901,0.03654264781825678,0.14648243921674403,0.09790715242532035,0.012032638973166901,0.03654264781825678,0.10993979139848725,0.1344498002435771,0.04857528679142368,0.14648243921674403
11674,Blackhole Attack,0.08160188155939159,0.009278908658646938,0.028243945453675916,0.11912473567171444,0.08160188155939159,0.009278908658646938,0.028243945453675916,0.09088079021803852,0.1098458270130675,0.037522854112322854,0.11912473567171444
11681,Blackhole Attack,0.10165341851879527,0.009437385885761013,0.03654264781825678,0.14763345222281304,0.10165341851879527,0.009437385885761013,0.03654264781825678,0.11109080440455628,0.13819606633705206,0.04598003370401779,0.14763345222281304
11752,Normal Traffic,0.11045080201388782,0.00901467414462238,0.00034109367446265304,0.11980656983297286,0.11045080201388782,0.00901467414462238,0.00034109367446265304,0.1194654761585102,0.11079189568835048,0.009355767819085033,0.11980656983297286
11757,Normal Traffic,0.11593741462039787,0.009012414353691975,0.03096890270583107,0.15591873167992093,0.11593741462039787,0.009012414353691975,0.03096890270583107,0.12494982897408985,0.14690631732622894,0.03998131705952304,0.15591873167992093
11781,Normal Traffic,0.050513957966712375,0.00901467414462238,0.0,0.05952863211133476,0.050513957966712375,0.00901467414462238,0.0,0.05952863211133476,0.050513957966712375,0.00901467414462238,0.05952863211133476
11800,Blackhole Attack,0.1052988010540477,0.009014674146049532,0.03654264781825678,0.150856123018354,0.1052988010540477,0.009014674146049532,0.03654264781825678,0.11431347520009723,0.1418414488723045,0.04555732196430631,0.150856123018354
11815,Normal Traffic,0.08898865526093995,0.012288140081680204,0.0,0.10127679534262016,0.08898865526093995,0.012288140081680204,0.0,0.10127679534262016,0.08898865526093995,0.012288140081680204,0.10127679534262016
11831,Normal Traffic,0.032861477824545994,0.0019100712351954707,0.010673957944590199,0.04544550700433167,0.032861477824545994,0.0019100712351954707,0.010673957944590199,0.03477154905974147,0.043535435769136197,0.012584029179785669,0.04544550700433167
11841,Normal Traffic,0.08177563060272351,0.009292943178955262,0.019186877497501115,0.11025545127917989,0.08177563060272351,0.009292943178955262,0.019186877497501115,0.09106857378167878,0.10096250810022463,0.028479820676456376,0.11025545127917989
11850,Blackhole Attack,0.09607734232885139,0.009014673801393688,0.0,0.10509201613024508,0.09607734232885139,0.009014673801393688,0.0,0.10509201613024508,0.09607734232885139,0.009014673801393688,0.10509201613024508
11870,Normal Traffic,0.08348122390784521,0.009383506446846322,0.0,0.09286473035469153,0.08348122390784521,0.009383506446846322,0.0,0.09286473035469153,0.08348122390784521,0.009383506446846322,0.09286473035469153
11882,Normal Traffic,0.11374113658255787,0.009793687048932576,0.01809974996845518,0.14163457359994563,0.11374113658255787,0.009793687048932576,0.01809974996845518,0.12353482363149045,0.13184088655101306,0.027893437017387755,0.14163457359994563
11897,Blackhole Attack,0.035172235129720744,0.02197170749883884,0.03654264781825678,0.09368659044681636,0.035172235129720744,0.02197170749883884,0.03654264781825678,0.05714394262855958,0.07171488294797752,0.05851435531709562,0.09368659044681636
11914,Blackhole Attack,0.08887391989524258,0.04654943444893151,0.0342476148473625,0.1696709691915366,0.08887391989524258,0.04654943444893151,0.0342476148473625,0.1354233543441741,0.1231215347426051,0.08079704929629401,0.1696709691915366
11972,Normal Traffic,0.10396215844433288,0.01199897351522865,0.013649357274980976,0.1296104892345425,0.10396215844433288,0.01199897351522865,0.013649357274980976,0.11596113195956152,0.11761151571931386,0.025648330790209624,0.1296104892345425
12016,Blackhole Attack,0.048177777868393945,0.009014674146000096,0.03654264781825678,0.09373509983265083,0.048177777868393945,0.009014674146000096,0.03654264781825678,0.05719245201439404,0.08472042568665072,0.045557321964256874,0.09373509983265083
12020,Blackhole Attack,0.09969835556973429,0.009014673799966538,0.0032077431856830387,0.11192077255538387,0.09969835556973429,0.009014673799966538,0.0032077431856830387,0.10871302936970083,0.10290609875541733,0.012222416985649577,0.11192077255538387
12031,Blackhole Attack,0.058390886525328,0.02553845415047696,0.03654264781825678,0.12047198849406174,0.058390886525328,0.02553845415047696,0.03654264781825678,0.08392934067580496,0.09493353434358479,0.06208110196873374,0.12047198849406174
12033,Blackhole Attack,0.028522595667789055,0.048353538164879695,0.004698797501498503,0.08157493133416725,0.028522595667789055,0.048353538164879695,0.004698797501498503,0.07687613383266875,0.03322139316928756,0.053052335666378195,0.08157493133416725
12043,Blackhole Attack,0.07575808935549219,0.03601876163777925,0.03654264781825678,0.14831949881152823,0.07575808935549219,0.03601876163777925,0.03654264781825678,0.11177685099327145,0.11230073717374897,0.07256140945603604,0.14831949881152823
12065,Normal Traffic,0.10801280544773187,0.009294816220639587,0.0,0.11730762166837146,0.10801280544773187,0.009294816220639587,0.0,0.11730762166837146,0.10801280544773187,0.009294816220639587,0.11730762166837146
12111,Blackhole Attack,0.09904146422952004,0.051091159232915115,0.03654264781825678,0.18667527128069195,0.09904146422952004,0.051091159232915115,0.03654264781825678,0.15013262346243517,0.13558411204777682,0.0876338070511719,0.18667527128069195
12116,Blackhole Attack,0.0618739823711714,0.02725561705774726,0.03654264781825678,0.12567224724717543,0.0618739823711714,0.02725561705774726,0.03654264781825678,0.08912959942891865,0.09841663018942817,0.06379826487600404,0.12567224724717543
12130,Blackhole Attack,0.07040954892171691,0.013400841610063618,0.03654264781825678,0.12035303835003731,0.07040954892171691,0.013400841610063618,0.03654264781825678,0.08381039053178053,0.10695219673997369,0.0499434894283204,0.12035303835003731
12141,Blackhole Attack,0.051267754506796666,0.02550217734877288,0.03654264781825678,0.11331257967382632,0.051267754506796666,0.02550217734877288,0.03654264781825678,0.07676993185556955,0.08781040232505344,0.06204482516702966,0.11331257967382632
12147,Blackhole Attack,0.10746704952683694,0.04621121950382216,0.03654264781825678,0.1902209168489159,0.10746704952683694,0.04621121950382216,0.03654264781825678,0.15367826903065912,0.14400969734509372,0.08275386732207894,0.1902209168489159
12170,Normal Traffic,0.11628198151209353,0.006665226587393084,0.04347549964615302,0.16642270774563964,0.11628198151209353,0.006665226587393084,0.04347549964615302,0.12294720809948662,0.15975748115824656,0.0501407262335461,0.16642270774563964
12178,Blackhole Attack,0.07711247618738093,0.02352880350663636,0.03654264781825678,0.13718392751227407,0.07711247618738093,0.02352880350663636,0.03654264781825678,0.10064127969401729,0.11365512400563771,0.06007145132489314,0.13718392751227407
12187,Blackhole Attack,0.06060215535051951,0.044291089406271834,0.03654264781825678,0.14143589257504813,0.06060215535051951,0.044291089406271834,0.03654264781825678,0.10489324475679135,0.09714480316877629,0.0808337372245286,0.14143589257504813
12210,Blackhole Attack,0.07249271326690218,0.011384239312452745,0.03654264781825678,0.12041960039761171,0.07249271326690218,0.011384239312452745,0.03654264781825678,0.08387695257935493,0.10903536108515896,0.04792688713070953,0.12041960039761171
12214,Blackhole Attack,0.08221837977687461,0.02230831316526655,0.03654264781825678,0.14106934076039795,0.08221837977687461,0.02230831316526655,0.03654264781825678,0.10452669294214116,0.1187610275951314,0.058850960983523326,0.14106934076039795
12232,Blackhole Attack,0.0655948502444695,0.05100204650111798,0.03654264781825678,0.15313954456384427,0.0655948502444695,0.05100204650111798,0.03654264781825678,0.11659689674558749,0.10213749806272628,0.08754469431937476,0.15313954456384427
12248,Blackhole Attack,0.020556310054684092,0.009014593510884602,0.03654264781825678,0.06611355138382546,0.020556310054684092,0.009014593510884602,0.03654264781825678,0.02957090356556869,0.05709895787294087,0.04555724132914138,0.06611355138382546
12285,Normal Traffic,0.08052899956717484,0.020503942478968626,0.02930145680019028,0.13033439884633374,0.08052899956717484,0.020503942478968626,0.02930145680019028,0.10103294204614346,0.10983045636736512,0.049805399279158905,0.13033439884633374
12293,Blackhole Attack,0.08373566996879131,0.041119140759972035,0.03654264781825678,0.16139745854702012,0.08373566996879131,0.041119140759972035,0.03654264781825678,0.12485481072876334,0.12027831778704809,0.07766178857822881,0.16139745854702012
12301,Normal Traffic,0.06400348730360371,0.009019674872365433,0.0129909594125603,0.08601412158852945,0.06400348730360371,0.009019674872365433,0.0129909594125603,0.07302316217596914,0.07699444671616401,0.022010634284925733,0.08601412158852945
12309,Normal Traffic,0.09150013521804838,0.013458429974917436,0.02319945518828294,0.12815802038124874,0.09150013521804838,0.013458429974917436,0.02319945518828294,0.10495856519296581,0.11469959040633132,0.03665788516320037,0.12815802038124874
12316,Normal Traffic,0.03534840389221974,0.0018811803962067938,0.031106066698068868,0.06833565098649541,0.03534840389221974,0.0018811803962067938,0.031106066698068868,0.037229584288426536,0.06645447059028861,0.03298724709427566,0.06833565098649541
12349,Blackhole Attack,0.051267754506796666,0.02093275591180031,0.016125072995668833,0.0883255834142658,0.051267754506796666,0.02093275591180031,0.016125072995668833,0.07220051041859697,0.0673928275024655,0.03705782890746914,0.0883255834142658
12389,Normal Traffic,0.0846331184327801,0.003658438240551852,0.06356782957633506,0.151859386249667,0.0846331184327801,0.003658438240551852,0.06356782957633506,0.08829155667333195,0.14820094800911515,0.06722626781688691,0.151859386249667
12391,Blackhole Attack,0.05485336432654875,0.020829805527986404,0.03654264781825678,0.11222581767279194,0.05485336432654875,0.020829805527986404,0.03654264781825678,0.07568316985453516,0.09139601214480553,0.057372453346243184,0.11222581767279194
12398,Blackhole Attack,0.09417434444585895,0.009014674146001173,0.03654264781825678,0.13973166641011692,0.09417434444585895,0.009014674146001173,0.03654264781825678,0.10318901859186012,0.13071699226411573,0.04555732196425795,0.13973166641011692
12404,Blackhole Attack,0.09903201041513379,0.022784509147808163,0.03654264781825678,0.15835916738119873,0.09903201041513379,0.022784509147808163,0.03654264781825678,0.12181651956294196,0.13557465823339057,0.05932715696606494,0.15835916738119873
12414,Blackhole Attack,0.08373651469682321,0.009014674146000096,0.03654264781825678,0.12929383666108007,0.08373651469682321,0.009014674146000096,0.03654264781825678,0.09275118884282331,0.12027916251507999,0.045557321964256874,0.12929383666108007
12418,Blackhole Attack,0.05113091819152204,0.036845565219923083,0.03654264781825678,0.1245191312297019,0.05113091819152204,0.036845565219923083,0.03654264781825678,0.08797648341144512,0.08767356600977882,0.07338821303817986,0.1245191312297019
12448,Blackhole Attack,0.08617085180655501,0.042711065282755076,0.03654264781825678,0.16542456490756685,0.08617085180655501,0.042711065282755076,0.03654264781825678,0.12888191708931007,0.12271349962481179,0.07925371310101186,0.16542456490756685
12473,Blackhole Attack,0.08340685109097801,0.009377235348250721,0.03654264781825678,0.1293267342574855,0.08340685109097801,0.009377235348250721,0.03654264781825678,0.09278408643922872,0.11994949890923479,0.0459198831665075,0.1293267342574855
12510,Normal Traffic,0.05513379509270806,0.01173720307785962,0.027152820682947765,0.09402381885351545,0.05513379509270806,0.01173720307785962,0.027152820682947765,0.06687099817056769,0.08228661577565582,0.038890023760807385,0.09402381885351545
12512,Blackhole Attack,0.03379844924381289,0.00901467414462238,0.03654264781825678,0.07935577120669204,0.03379844924381289,0.00901467414462238,0.03654264781825678,0.042813123388435265,0.07034109706206967,0.04555732196287916,0.07935577120669204
12536,Normal Traffic,0.11183091665421763,0.009014673801393688,0.04725954604942842,0.16810513650503972,0.11183091665421763,0.009014673801393688,0.04725954604942842,0.12084559045561132,0.15909046270364605,0.05627421985082211,0.16810513650503972
12542,Normal Traffic,0.0643200919967774,0.02095286867905502,0.015526120486278364,0.1007990811621108,0.0643200919967774,0.02095286867905502,0.015526120486278364,0.08527296067583243,0.07984621248305578,0.03647898916533338,0.1007990811621108
12557,Normal Traffic,0.05240670705422178,0.00901503086914152,0.03567601031507078,0.09709774823843408,0.05240670705422178,0.00901503086914152,0.03567601031507078,0.06142173792336329,0.08808271736929256,0.0446910411842123,0.09709774823843408
12583,Normal Traffic,0.07662311020210129,0.00935048826632108,0.035043212929840986,0.12101681139826335,0.07662311020210129,0.00935048826632108,0.035043212929840986,0.08597359846842237,0.11166632313194227,0.044393701196162066,0.12101681139826335
12637,Blackhole Attack,0.1271745156027703,0.03256768220547006,0.03654264781825678,0.19628484562649712,0.1271745156027703,0.03256768220547006,0.03654264781825678,0.15974219780824034,0.16371716342102707,0.06911033002372684,0.19628484562649712
12646,Normal Traffic,0.06061424118952899,0.009304460048634245,0.015374775099777777,0.08529347633794102,0.06061424118952899,0.009304460048634245,0.015374775099777777,0.06991870123816324,0.07598901628930677,0.02467923514841202,0.08529347633794102
12662,Blackhole Attack,0.09758949278520437,0.046122727864551946,0.03654264781825678,0.18025486846801309,0.09758949278520437,0.046122727864551946,0.03654264781825678,0.1437122206497563,0.13413214060346115,0.08266537568280873,0.18025486846801309
12679,Blackhole Attack,0.08892449391016194,0.02879514971888733,0.03654264781825678,0.15426229144730605,0.08892449391016194,0.02879514971888733,0.03654264781825678,0.11771964362904927,0.12546714172841872,0.06533779753714411,0.15426229144730605
12683,Normal Traffic,0.05834633340959679,0.009687590052958838,0.0,0.06803392346255563,0.05834633340959679,0.009687590052958838,0.0,0.06803392346255563,0.05834633340959679,0.009687590052958838,0.06803392346255563
12696,Normal Traffic,0.07222773605487132,0.0073436571765325516,0.05094903320147115,0.13052042643287504,0.07222773605487132,0.0073436571765325516,0.05094903320147115,0.07957139323140387,0.12317676925634247,0.0582926903780037,0.13052042643287504
12713,Blackhole Attack,0.06683569286684402,0.051325345871189934,0.03654264781825678,0.15470368655629074,0.06683569286684402,0.051325345871189934,0.03654264781825678,0.11816103873803395,0.1033783406851008,0.08786799368944671,0.15470368655629074
12720,Normal Traffic,0.08404937487789194,0.024916619832801995,0.04213419249460126,0.1511001872052952,0.08404937487789194,0.024916619832801995,0.04213419249460126,0.10896599471069393,0.1261835673724932,0.06705081232740326,0.1511001872052952
12761,Normal Traffic,0.09109608160475995,0.0022181730856060088,0.0,0.09331425469036596,0.09109608160475995,0.0022181730856060088,0.0,0.09331425469036596,0.09109608160475995,0.0022181730856060088,0.09331425469036596
12780,Blackhole Attack,0.06535784788427693,0.011616796331437463,0.0,0.07697464421571439,0.06535784788427693,0.011616796331437463,0.0,0.07697464421571439,0.06535784788427693,0.011616796331437463,0.07697464421571439
12854,Normal Traffic,0.028156505324200734,0.009024498425733324,0.0,0.037181003749934056,0.028156505324200734,0.009024498425733324,0.0,0.037181003749934056,0.028156505324200734,0.009024498425733324,0.037181003749934056
12902,Normal Traffic,0.06593524322542088,0.01763567705157381,0.0,0.0835709202769947,0.06593524322542088,0.01763567705157381,0.0,0.0835709202769947,0.06593524322542088,0.01763567705157381,0.0835709202769947
12910,Normal Traffic,0.06233639333265935,0.011109406201370164,0.019859276570350786,0.0933050761043803,0.06233639333265935,0.011109406201370164,0.019859276570350786,0.07344579953402951,0.08219566990301014,0.03096868277172095,0.0933050761043803
12912,Blackhole Attack,0.07285995454756428,0.016995594287852238,0.03654264781825678,0.1263981966536733,0.07285995454756428,0.016995594287852238,0.03654264781825678,0.08985554883541652,0.10940260236582106,0.05353824210610902,0.1263981966536733
12916,Blackhole Attack,0.058943402456252916,0.013182112837807576,0.03654264781825678,0.10866816311231728,0.058943402456252916,0.013182112837807576,0.03654264781825678,0.0721255152940605,0.0954860502745097,0.049724760656064355,0.10866816311231728
12973,Blackhole Attack,0.12657173135775612,0.051043931443630716,0.03654264781825678,0.21415831061964363,0.12657173135775612,0.051043931443630716,0.03654264781825678,0.17761566280138685,0.1631143791760129,0.0875865792618875,0.21415831061964363
12996,Normal Traffic,0.07541450922916884,0.01192783437347761,0.010217531582981618,0.09755987518562807,0.07541450922916884,0.01192783437347761,0.010217531582981618,0.08734234360264645,0.08563204081215046,0.022145365956459228,0.09755987518562807
13000,Normal Traffic,0.05991591528294783,0.014288573948856936,0.014347076451318908,0.08855156568312368,0.05991591528294783,0.014288573948856936,0.014347076451318908,0.07420448923180477,0.07426299173426675,0.028635650400175842,0.08855156568312368
13002,Blackhole Attack,0.06726075306433185,0.020162959600478994,0.03654264781825678,0.12396636048306763,0.06726075306433185,0.020162959600478994,0.03654264781825678,0.08742371266481085,0.10380340088258863,0.05670560741873577,0.12396636048306763
13030,Blackhole Attack,0.09460177561462349,0.04407998963710183,0.03654264781825678,0.1752244130699821,0.09460177561462349,0.04407998963710183,0.03654264781825678,0.13868176525172532,0.13114442343288027,0.08062263745535861,0.1752244130699821
13079,Blackhole Attack,0.051325574938587165,0.024044342217241603,0.03654264781825678,0.11191256497408555,0.051325574938587165,0.024044342217241603,0.03654264781825678,0.07536991715582878,0.08786822275684394,0.06058699003549838,0.11191256497408555
13107,Blackhole Attack,0.05797434538885396,0.05119961639980726,0.017523852018715064,0.12669781380737627,0.05797434538885396,0.05119961639980726,0.017523852018715064,0.10917396178866122,0.07549819740756902,0.06872346841852232,0.12669781380737627
13131,Normal Traffic,0.07804450220822652,0.009174314462211407,0.0,0.08721881667043793,0.07804450220822652,0.009174314462211407,0.0,0.08721881667043793,0.07804450220822652,0.009174314462211407,0.08721881667043793
13196,Blackhole Attack,0.052498570680714694,0.03872440457141332,0.03654264781825678,0.1277656230703848,0.052498570680714694,0.03872440457141332,0.03654264781825678,0.09122297525212802,0.08904121849897148,0.0752670523896701,0.1277656230703848
13213,Blackhole Attack,0.05142562835583225,0.036888884043650746,0.03528978351372087,0.12360429591320385,0.05142562835583225,0.036888884043650746,0.03528978351372087,0.08831451239948299,0.08671541186955312,0.07217866755737162,0.12360429591320385
13215,Normal Traffic,0.06375787816476305,0.009278908658646938,0.005312523703549876,0.07834931052695987,0.06375787816476305,0.009278908658646938,0.005312523703549876,0.07303678682341,0.06907040186831293,0.014591432362196814,0.07834931052695987
13220,Blackhole Attack,0.10473428091506617,0.04068037731725371,0.03654264781825678,0.18195730605057667,0.10473428091506617,0.04068037731725371,0.03654264781825678,0.1454146582323199,0.14127692873332295,0.07722302513551049,0.18195730605057667
13222,Blackhole Attack,0.09605122219201774,0.04156283709875845,0.03654264781825678,0.17415670710903297,0.09605122219201774,0.04156283709875845,0.03654264781825678,0.1376140592907762,0.1325938700102745,0.07810548491701523,0.17415670710903297
13378,Blackhole Attack,0.115628266666506,0.03296196497180311,0.03654264781825678,0.18513287945656587,0.115628266666506,0.03296196497180311,0.03654264781825678,0.1485902316383091,0.15217091448476278,0.06950461279005989,0.18513287945656587
13389,Normal Traffic,0.09656524708109038,0.002106896893113516,0.011524718780176756,0.11019686275438065,0.09656524708109038,0.002106896893113516,0.011524718780176756,0.09867214397420389,0.10808996586126714,0.013631615673290272,0.11019686275438065
13405,Normal Traffic,0.05845562666669163,0.020855048166155667,0.0,0.07931067483284729,0.05845562666669163,0.020855048166155667,0.0,0.07931067483284729,0.05845562666669163,0.020855048166155667,0.07931067483284729
13425,Normal Traffic,0.07503824739501294,0.00936209013895235,0.0,0.0844003375339653,0.07503824739501294,0.00936209013895235,0.0,0.0844003375339653,0.07503824739501294,0.00936209013895235,0.0844003375339653
13449,Blackhole Attack,0.10403492537579134,0.024121395132447362,0.03654264781825678,0.1646989683264955,0.10403492537579134,0.024121395132447362,0.03654264781825678,0.12815632050823872,0.14057757319404812,0.06066404295070414,0.1646989683264955
13478,Normal Traffic,0.10623675018382006,0.009027049427365532,0.019501951006929086,0.1347657506181147,0.10623675018382006,0.009027049427365532,0.019501951006929086,0.11526379961118559,0.12573870119074915,0.02852900043429462,0.1347657506181147
13480,Normal Traffic,0.08541922357206509,0.02330322355885772,0.03613572114913797,0.1448581682800608,0.08541922357206509,0.02330322355885772,0.03613572114913797,0.10872244713092281,0.12155494472120307,0.05943894470799568,0.1448581682800608
13484,Normal Traffic,0.08836367267308809,0.015522817899344298,0.014062769537055892,0.11794926010948828,0.08836367267308809,0.015522817899344298,0.014062769537055892,0.10388649057243239,0.10242644221014398,0.02958558743640019,0.11794926010948828
13539,Blackhole Attack,0.09448439320462088,0.026965162267051535,0.03654264781825678,0.1579922032899292,0.09448439320462088,0.026965162267051535,0.03654264781825678,0.12144955547167241,0.13102704102287765,0.06350781008530831,0.1579922032899292
13600,Normal Traffic,0.025450920207204172,0.00901467414462238,0.002009926794509301,0.03647552114633586,0.025450920207204172,0.00901467414462238,0.002009926794509301,0.034465594351826556,0.027460847001713473,0.011024600939131681,0.03647552114633586
13612,Blackhole Attack,0.055863270131516894,0.017236069505636137,0.03654264781825678,0.10964198745540982,0.055863270131516894,0.017236069505636137,0.03654264781825678,0.07309933963715304,0.09240591794977368,0.053778717323892916,0.10964198745540982
13630,Normal Traffic,0.07678298905377169,0.009514664998870983,0.025593224398060502,0.11189087845070317,0.07678298905377169,0.009514664998870983,0.025593224398060502,0.08629765405264267,0.10237621345183219,0.035107889396931484,0.11189087845070317
13645,Blackhole Attack,0.0757531748584746,0.00901467414462238,0.03654264781825678,0.12131049682135377,0.0757531748584746,0.00901467414462238,0.03654264781825678,0.08476784900309699,0.11229582267673138,0.04555732196287916,0.12131049682135377
13647,Blackhole Attack,0.10747447283412528,0.009314705699431752,0.012217462349565398,0.12900664088312244,0.10747447283412528,0.009314705699431752,0.012217462349565398,0.11678917853355704,0.11969193518369069,0.02153216804899715,0.12900664088312244
13675,Blackhole Attack,0.104881260468797,0.009510712663628379,0.03654264781825678,0.15093462095068216,0.104881260468797,0.009510712663628379,0.03654264781825678,0.11439197313242538,0.14142390828705378,0.04605336048188516,0.15093462095068216
13699,Normal Traffic,0.111085918024915,0.00938334809653371,0.0,0.12046926612144872,0.111085918024915,0.00938334809653371,0.0,0.12046926612144872,0.111085918024915,0.00938334809653371,0.12046926612144872
13756,Normal Traffic,0.0712173337040592,0.014835359676129993,0.006858775497386421,0.0929114688775756,0.0712173337040592,0.014835359676129993,0.006858775497386421,0.08605269338018919,0.07807610920144561,0.021694135173516413,0.0929114688775756
13763,Normal Traffic,0.12034267621450179,0.009041140714066495,0.03654264781825678,0.16592646474682507,0.12034267621450179,0.009041140714066495,0.03654264781825678,0.1293838169285683,0.15688532403275857,0.045583788532323276,0.16592646474682507
13769,Normal Traffic,0.08780907805815309,0.024342410651749385,0.02612031813837222,0.1382718068482747,0.08780907805815309,0.024342410651749385,0.02612031813837222,0.11215148870990248,0.11392939619652531,0.050462728790121605,0.1382718068482747
13795,Normal Traffic,0.11025876827861539,0.010049593882661866,0.0,0.12030836216127726,0.11025876827861539,0.010049593882661866,0.0,0.12030836216127726,0.11025876827861539,0.010049593882661866,0.12030836216127726
13804,Normal Traffic,0.07756167923758128,0.01157251457953829,0.0,0.08913419381711957,0.07756167923758128,0.01157251457953829,0.0,0.08913419381711957,0.07756167923758128,0.01157251457953829,0.08913419381711957
13830,Normal Traffic,0.051325574938587165,0.02326090579146575,0.01682715652977492,0.09141363725982785,0.051325574938587165,0.02326090579146575,0.01682715652977492,0.07458648073005292,0.0681527314683621,0.04008806232124067,0.09141363725982785
13836,Blackhole Attack,0.0684699105026477,0.009014674146000096,0.03654264781825678,0.11402723246690458,0.0684699105026477,0.009014674146000096,0.03654264781825678,0.0774845846486478,0.10501255832090448,0.045557321964256874,0.11402723246690458
13840,Normal Traffic,0.07608961927448657,0.017469068655691963,0.020957656549211213,0.11451634447938974,0.07608961927448657,0.017469068655691963,0.020957656549211213,0.09355868793017853,0.09704727582369778,0.03842672520490317,0.11451634447938974
13869,Normal Traffic,0.08056492697795198,0.009148411720936661,0.0,0.08971333869888864,0.08056492697795198,0.009148411720936661,0.0,0.08971333869888864,0.08056492697795198,0.009148411720936661,0.08971333869888864
13888,Normal Traffic,0.11245429203568484,0.009254375576173776,0.015061294909158768,0.1367699625210174,0.11245429203568484,0.009254375576173776,0.015061294909158768,0.12170866761185861,0.1275155869448436,0.024315670485332543,0.1367699625210174
13890,Normal Traffic,0.06247548521565033,0.011888347706323986,0.0,0.07436383292197432,0.06247548521565033,0.011888347706323986,0.0,0.07436383292197432,0.06247548521565033,0.011888347706323986,0.07436383292197432
13912,Normal Traffic,0.07864336945057392,0.009067430800758239,0.0021070896910622763,0.08981788994239442,0.07864336945057392,0.009067430800758239,0.0021070896910622763,0.08771080025133215,0.0807504591416362,0.011174520491820515,0.08981788994239442
13919,Normal Traffic,0.08544326678851266,0.015408177930856632,0.0042404785732899405,0.10509192329265923,0.08544326678851266,0.015408177930856632,0.0042404785732899405,0.1008514447193693,0.0896837453618026,0.019648656504146572,0.10509192329265923
13921,Normal Traffic,0.055862989678597055,0.007455579489311331,0.0,0.06331856916790839,0.055862989678597055,0.007455579489311331,0.0,0.06331856916790839,0.055862989678597055,0.007455579489311331,0.06331856916790839
13924,Normal Traffic,0.09460246586715367,0.001938350270139346,0.0,0.09654081613729301,0.09460246586715367,0.001938350270139346,0.0,0.09654081613729301,0.09460246586715367,0.001938350270139346,0.09654081613729301
13930,Normal Traffic,0.06177997456382191,0.013466717328119744,0.0,0.07524669189194165,0.06177997456382191,0.013466717328119744,0.0,0.07524669189194165,0.06177997456382191,0.013466717328119744,0.07524669189194165
13932,Normal Traffic,0.05936776744690028,0.009317575592817073,0.019501951006929086,0.08818729404664644,0.05936776744690028,0.009317575592817073,0.019501951006929086,0.06868534303971735,0.07886971845382937,0.02881952659974616,0.08818729404664644
13946,Blackhole Attack,0.10628881875884476,0.011931471015958369,0.0,0.11822028977480313,0.10628881875884476,0.011931471015958369,0.0,0.11822028977480313,0.10628881875884476,0.011931471015958369,0.11822028977480313
13986,Blackhole Attack,0.09893641277213937,0.010156724135982514,0.03654264781825678,0.14563578472637867,0.09893641277213937,0.010156724135982514,0.03654264781825678,0.10909313690812188,0.13547906059039616,0.046699371954239295,0.14563578472637867
14013,Normal Traffic,0.05139691933091922,0.009565510984701854,0.0,0.060962430315621076,0.05139691933091922,0.009565510984701854,0.0,0.060962430315621076,0.05139691933091922,0.009565510984701854,0.060962430315621076
14035,Normal Traffic,0.11504793744851757,0.00904192987308878,0.051304491426663754,0.1753943587482701,0.11504793744851757,0.00904192987308878,0.051304491426663754,0.12408986732160636,0.1663524288751813,0.06034642129975253,0.1753943587482701
14052,Blackhole Attack,0.05638708358097134,0.0007163407489146799,0.0,0.05710342432988602,0.05638708358097134,0.0007163407489146799,0.0,0.05710342432988602,0.05638708358097134,0.0007163407489146799,0.05710342432988602
14129,Sybil Attack,0.06724825380427518,0.06283586192377025,0.0,0.13008411572804543,0.06724825380427518,0.06283586192377025,0.0,0.13008411572804543,0.06724825380427518,0.06283586192377025,0.13008411572804543
14130,Sybil Attack,0.08520322828120105,0.051171505403654755,0.0,0.1363747336848558,0.08520322828120105,0.051171505403654755,0.0,0.1363747336848558,0.08520322828120105,0.051171505403654755,0.1363747336848558
14151,Sybil Attack,0.059652556928156936,0.046061845932231484,0.0,0.10571440286038841,0.059652556928156936,0.046061845932231484,0.0,0.10571440286038841,0.059652556928156936,0.046061845932231484,0.10571440286038841
14185,Sybil Attack,0.06608269448489232,0.05147416781150664,0.0,0.11755686229639896,0.06608269448489232,0.05147416781150664,0.0,0.11755686229639896,0.06608269448489232,0.05147416781150664,0.11755686229639896
14192,Sybil Attack,0.09605122219201774,0.05153351111948826,0.0,0.147584733311506,0.09605122219201774,0.05153351111948826,0.0,0.147584733311506,0.09605122219201774,0.05153351111948826,0.147584733311506
14197,Sybil Attack,0.06546242633703916,0.04983656003663339,0.0,0.11529898637367256,0.06546242633703916,0.04983656003663339,0.0,0.11529898637367256,0.06546242633703916,0.04983656003663339,0.11529898637367256
14230,Flooding Attack,0.08265158652994947,0.06268143576898219,0.03654264781825678,0.18187567011718844,0.08265158652994947,0.06268143576898219,0.03654264781825678,0.14533302229893166,0.11919423434820625,0.09922408358723897,0.18187567011718844
14256,Flooding Attack,0.07850947651293017,0.023295762857106717,0.031068494231804272,0.13287373360184115,0.07850947651293017,0.023295762857106717,0.031068494231804272,0.10180523937003688,0.10957797074473444,0.05436425708891099,0.13287373360184115
14261,Flooding Attack,0.1246148651991694,0.027435450163811097,0.01986141480959982,0.17191173017258032,0.1246148651991694,0.027435450163811097,0.01986141480959982,0.1520503153629805,0.14447628000876922,0.047296864973410915,0.17191173017258032
14273,Flooding Attack,0.10453328066899395,0.03221634317213832,0.006021573846325487,0.14277119768745775,0.10453328066899395,0.03221634317213832,0.006021573846325487,0.13674962384113226,0.11055485451531943,0.0382379170184638,0.14277119768745775
14286,Flooding Attack,0.09528515318293873,0.037129132396202566,0.006021573846325487,0.1384358594254668,0.09528515318293873,0.037129132396202566,0.006021573846325487,0.1324142855791413,0.10130672702926422,0.04315070624252805,0.1384358594254668
14302,Flooding Attack,0.07908257406366327,0.035895134647874735,0.0,0.11497770871153801,0.07908257406366327,0.035895134647874735,0.0,0.11497770871153801,0.07908257406366327,0.035895134647874735,0.11497770871153801
14304,Flooding Attack,0.10596262972360586,0.02396704407381316,0.0,0.12992967379741902,0.10596262972360586,0.02396704407381316,0.0,0.12992967379741902,0.10596262972360586,0.02396704407381316,0.12992967379741902
14306,Flooding Attack,0.06166798674372399,0.02970373797528075,0.0,0.09137172471900475,0.06166798674372399,0.02970373797528075,0.0,0.09137172471900475,0.06166798674372399,0.02970373797528075,0.09137172471900475
14324,Flooding Attack,0.08130143242856383,0.021677999713349248,0.028607677626650087,0.13158710976856317,0.08130143242856383,0.021677999713349248,0.028607677626650087,0.10297943214191307,0.10990911005521392,0.050285677339999335,0.13158710976856317
14364,Flooding Attack,0.05480268058534834,0.04340635661120151,0.010592407322585009,0.10880144451913487,0.05480268058534834,0.04340635661120151,0.010592407322585009,0.09820903719654986,0.06539508790793334,0.053998763933786526,0.10880144451913487
14368,Flooding Attack,0.11259688850142137,0.0373897860842463,0.0,0.14998667458566767,0.11259688850142137,0.0373897860842463,0.0,0.14998667458566767,0.11259688850142137,0.0373897860842463,0.14998667458566767
14379,Flooding Attack,0.06521302831212378,0.0284757711880777,0.005788285872104774,0.09947708537230625,0.06521302831212378,0.0284757711880777,0.005788285872104774,0.09368879950020148,0.07100131418422855,0.03426405706018247,0.09947708537230625
14398,Flooding Attack,0.10247190634239686,0.026335999946554337,0.006021573846325487,0.13482948013527668,0.10247190634239686,0.026335999946554337,0.006021573846325487,0.1288079062889512,0.10849348018872235,0.032357573792879825,0.13482948013527668
14412,Flooding Attack,0.0684699105026477,0.051372653824513094,0.0,0.11984256432716078,0.0684699105026477,0.051372653824513094,0.0,0.11984256432716078,0.0684699105026477,0.051372653824513094,0.11984256432716078
14417,Flooding Attack,0.065678409126555,0.06376184150401742,0.0,0.1294402506305724,0.065678409126555,0.06376184150401742,0.0,0.1294402506305724,0.065678409126555,0.06376184150401742,0.1294402506305724
14418,Flooding Attack,0.06612654906618957,0.03835117433676717,0.0,0.10447772340295675,0.06612654906618957,0.03835117433676717,0.0,0.10447772340295675,0.06612654906618957,0.03835117433676717,0.10447772340295675
14421,Flooding Attack,0.11442410002877706,0.02541639546102732,0.01837818133858319,0.15821867682838756,0.11442410002877706,0.02541639546102732,0.01837818133858319,0.13984049548980437,0.13280228136736025,0.043794576799610505,0.15821867682838756
14437,Flooding Attack,0.09854953394561465,0.026029163456237375,0.0,0.12457869740185203,0.09854953394561465,0.026029163456237375,0.0,0.12457869740185203,0.09854953394561465,0.026029163456237375,0.12457869740185203
14450,Flooding Attack,0.12681863776093216,0.019949852863765653,0.0,0.14676849062469782,0.12681863776093216,0.019949852863765653,0.0,0.14676849062469782,0.12681863776093216,0.019949852863765653,0.14676849062469782
14474,Flooding Attack,0.11600080138928028,0.03568626223552969,0.0,0.15168706362480996,0.11600080138928028,0.03568626223552969,0.0,0.15168706362480996,0.11600080138928028,0.03568626223552969,0.15168706362480996
14479,Flooding Attack,0.05273231794342154,0.05100212679295536,0.0,0.10373444473637691,0.05273231794342154,0.05100212679295536,0.0,0.10373444473637691,0.05273231794342154,0.05100212679295536,0.10373444473637691
14489,Flooding Attack,0.09767651683711889,0.051514566029935205,0.0,0.1491910828670541,0.09767651683711889,0.051514566029935205,0.0,0.1491910828670541,0.09767651683711889,0.051514566029935205,0.1491910828670541
14513,Flooding Attack,0.11310248911012923,0.02216128976140887,0.03251368473832047,0.16777746360985857,0.11310248911012923,0.02216128976140887,0.03251368473832047,0.1352637788715381,0.1456161738484497,0.05467497449972934,0.16777746360985857
14520,Flooding Attack,0.09418815583744257,0.05130965646027334,0.0,0.1454978122977159,0.09418815583744257,0.05130965646027334,0.0,0.1454978122977159,0.09418815583744257,0.05130965646027334,0.1454978122977159
14541,Flooding Attack,0.08175670920816475,0.05100212713766064,0.0,0.1327588363458254,0.08175670920816475,0.05100212713766064,0.0,0.1327588363458254,0.08175670920816475,0.05100212713766064,0.1327588363458254
14545,Flooding Attack,0.051325574938587165,0.0510021267930048,0.0,0.10232770173159197,0.051325574938587165,0.0510021267930048,0.0,0.10232770173159197,0.051325574938587165,0.0510021267930048,0.10232770173159197
14570,Wormhole Attack,0.05613111991760405,0.0510021267930048,0.021728124950519317,0.12886137166112815,0.05613111991760405,0.0510021267930048,0.021728124950519317,0.10713324671060885,0.07785924486812337,0.07273025174352413,0.12886137166112815
14595,Wormhole Attack,0.07063488741863866,0.06374254404528491,0.0,0.13437743146392356,0.07063488741863866,0.06374254404528491,0.0,0.13437743146392356,0.07063488741863866,0.06374254404528491,0.13437743146392356
14621,Wormhole Attack,0.03918729807857306,0.05100212679157765,0.0,0.09018942487015072,0.03918729807857306,0.05100212679157765,0.0,0.09018942487015072,0.03918729807857306,0.05100212679157765,0.09018942487015072
14622,Wormhole Attack,0.08130143242856383,0.05204746622924769,0.0,0.13334889865781152,0.08130143242856383,0.05204746622924769,0.0,0.13334889865781152,0.08130143242856383,0.05204746622924769,0.13334889865781152
14628,Wormhole Attack,0.05211148773995877,0.05216628933038797,0.001678950228825818,0.10595672729917256,0.05211148773995877,0.05216628933038797,0.001678950228825818,0.10427777707034674,0.05379043796878459,0.05384523955921379,0.10595672729917256
14645,Wormhole Attack,0.084361474762618,0.05120892977629735,0.0,0.13557040453891536,0.084361474762618,0.05120892977629735,0.0,0.13557040453891536,0.084361474762618,0.05120892977629735,0.13557040453891536
14713,Wormhole Attack,0.11902690336420467,0.02095770859729154,0.03654264781825678,0.17652725977975298,0.11902690336420467,0.02095770859729154,0.03654264781825678,0.1399846119614962,0.15556955118246146,0.05750035641554832,0.17652725977975298
14720,Wormhole Attack,0.07722578679871868,0.00901467414462238,0.03654264781825678,0.12278310876159784,0.07722578679871868,0.00901467414462238,0.03654264781825678,0.08624046094334106,0.11376843461697546,0.04555732196287916,0.12278310876159784
14735,Wormhole Attack,0.12814221395119393,0.009014673801344254,0.03654264781825678,0.17369953557079496,0.12814221395119393,0.009014673801344254,0.03654264781825678,0.13715688775253818,0.1646848617694507,0.045557321619601035,0.17369953557079496
14756,Wormhole Attack,0.051325574938587165,0.009283717175855861,0.03410208499713564,0.09471137711157868,0.051325574938587165,0.009283717175855861,0.03410208499713564,0.06060929211444303,0.08542765993572281,0.043385802172991504,0.09471137711157868
14763,Wormhole Attack,0.1261427205455754,0.009292887124816247,0.03654264781825678,0.17197825548864842,0.1261427205455754,0.009292887124816247,0.03654264781825678,0.13543560767039164,0.16268536836383218,0.04583553494307303,0.17197825548864842
14785,Wormhole Attack,0.07007221644460801,0.00931757573400916,0.02865551480900974,0.1080453069876269,0.07007221644460801,0.00931757573400916,0.02865551480900974,0.07938979217861716,0.09872773125361775,0.0379730905430189,0.1080453069876269
14786,Wormhole Attack,0.09605122219201774,0.009484478085628814,0.035071850497145035,0.1406075507747916,0.09605122219201774,0.009484478085628814,0.035071850497145035,0.10553570027764655,0.1311230726891628,0.04455632858277385,0.1406075507747916
14791,Wormhole Attack,0.11696124556719947,0.0232510405973677,0.04424820010550068,0.18446048627006786,0.11696124556719947,0.0232510405973677,0.04424820010550068,0.14021228616456718,0.16120944567270015,0.06749924070286838,0.18446048627006786
14793,Wormhole Attack,0.1089739038534251,0.010559856268264908,0.03654264781825678,0.1560764079399468,0.1089739038534251,0.010559856268264908,0.03654264781825678,0.11953376012169001,0.14551655167168187,0.04710250408652169,0.1560764079399468
14851,Wormhole Attack,0.09605122219201774,0.009014674146049532,0.03654264781825678,0.14160854415632407,0.09605122219201774,0.009014674146049532,0.03654264781825678,0.10506589633806727,0.1325938700102745,0.04555732196430631,0.14160854415632407
14872,Wormhole Attack,0.10628881875884476,0.02328550646383896,0.03253761897974865,0.16211194420243236,0.10628881875884476,0.02328550646383896,0.03253761897974865,0.12957432522268372,0.1388264377385934,0.05582312544358761,0.16211194420243236
14889,Wormhole Attack,0.11945824047527821,0.009014674146049532,0.03654264781825678,0.1650155624395845,0.11945824047527821,0.009014674146049532,0.03654264781825678,0.12847291462132773,0.15600088829353498,0.04555732196430631,0.1650155624395845
14892,Wormhole Attack,0.09612764245402852,0.00960597292083211,0.03654264781825678,0.14227626319311742,0.09612764245402852,0.00960597292083211,0.03654264781825678,0.10573361537486063,0.1326702902722853,0.04614862073908889,0.14227626319311742
14918,Wormhole Attack,0.07303610488268128,0.01433223403050344,0.01746046599541133,0.10482880490859604,0.07303610488268128,0.01433223403050344,0.01746046599541133,0.08736833891318471,0.09049657087809261,0.03179270002591477,0.10482880490859604
14954,Wormhole Attack,0.10173990748734776,0.009014673800015973,0.03654264781825678,0.14729722910562051,0.10173990748734776,0.009014673800015973,0.03654264781825678,0.11075458128736373,0.13828255530560454,0.04555732161827275,0.14729722910562051
14980,Wormhole Attack,0.10569395954460357,0.009174314124543271,0.03652589809638026,0.1513941717655271,0.10569395954460357,0.009174314124543271,0.03652589809638026,0.11486827366914684,0.14221985764098383,0.04570021222092353,0.1513941717655271
14981,Wormhole Attack,0.11714471298061249,0.009435550420990717,0.0,0.12658026340160322,0.11714471298061249,0.009435550420990717,0.0,0.12658026340160322,0.11714471298061249,0.009435550420990717,0.12658026340160322
14998,Wormhole Attack,0.09054526840597663,0.01492849086877883,0.03654264781825678,0.14201640709301222,0.09054526840597663,0.01492849086877883,0.03654264781825678,0.10547375927475545,0.1270879162242334,0.05147113868703561,0.14201640709301222
15008,Wormhole Attack,0.11685084438062342,0.009404900036523483,0.03654264781825678,0.16279839223540368,0.11685084438062342,0.009404900036523483,0.03654264781825678,0.1262557444171469,0.1533934921988802,0.045947547854780266,0.16279839223540368
15033,Wormhole Attack,0.06952924020145629,0.011970220149814602,0.03654264781825678,0.11804210816952768,0.06952924020145629,0.011970220149814602,0.03654264781825678,0.0814994603512709,0.10607188801971307,0.04851286796807138,0.11804210816952768
15035,Wormhole Attack,0.056923438825531414,0.052440382817515764,0.0,0.10936382164304717,0.056923438825531414,0.052440382817515764,0.0,0.10936382164304717,0.056923438825531414,0.052440382817515764,0.10936382164304717
15068,Wormhole Attack,0.051267754506796666,0.010002848308350864,0.03654264781825678,0.0978132506334043,0.051267754506796666,0.010002848308350864,0.03654264781825678,0.061270602815147526,0.08781040232505344,0.04654549612660765,0.0978132506334043
15095,Wormhole Attack,0.12068051102466551,0.009072071167143638,0.03654264781825678,0.16629523001006594,0.12068051102466551,0.009072071167143638,0.03654264781825678,0.12975258219180916,0.1572231588429223,0.04561471898540042,0.16629523001006594
15097,Wormhole Attack,0.08532061514712977,0.014305024668868984,0.03654264781825678,0.13616828763425554,0.08532061514712977,0.014305024668868984,0.03654264781825678,0.09962563981599876,0.12186326296538655,0.05084767248712577,0.13616828763425554
15124,Wormhole Attack,0.1260849001137849,0.009014674144671815,0.03654264781825678,0.17164222207671348,0.1260849001137849,0.009014674144671815,0.03654264781825678,0.1350995742584567,0.16262754793204168,0.045557321962928596,0.17164222207671348
15131,Wormhole Attack,0.05893505050778181,0.00948726084286345,0.03654264781825678,0.10496495916890204,0.05893505050778181,0.00948726084286345,0.03654264781825678,0.06842231135064526,0.09547769832603858,0.04602990866112023,0.10496495916890204
15134,Wormhole Attack,0.09581695639765357,0.00901467414462238,0.011939453976192421,0.11677108451846838,0.09581695639765357,0.00901467414462238,0.011939453976192421,0.10483163054227596,0.10775641037384599,0.0209541281208148,0.11677108451846838
15156,Wormhole Attack,0.09605122219201774,0.01495195048119288,0.01842853459378715,0.12943170726699776,0.09605122219201774,0.01495195048119288,0.01842853459378715,0.11100317267321062,0.1144797567858049,0.03338048507498003,0.12943170726699776
15162,Wormhole Attack,0.08876234098187685,0.009486187435108068,0.03654264781825678,0.1347911762352417,0.08876234098187685,0.009486187435108068,0.03654264781825678,0.09824852841698492,0.12530498880013363,0.04602883525336485,0.1347911762352417
15177,Wormhole Attack,0.06265504962685214,0.015145004406216724,0.019490648919206606,0.09729070295227546,0.06265504962685214,0.015145004406216724,0.019490648919206606,0.07780005403306886,0.08214569854605874,0.03463565332542333,0.09729070295227546
15181,Wormhole Attack,0.10789125383453649,0.014060250902696766,0.025286930128664547,0.1472384348658978,0.10789125383453649,0.014060250902696766,0.025286930128664547,0.12195150473723325,0.13317818396320102,0.03934718103136131,0.1472384348658978
15227,Wormhole Attack,0.06418983203175312,0.01330180651377716,0.0,0.07749163854553028,0.06418983203175312,0.01330180651377716,0.0,0.07749163854553028,0.06418983203175312,0.01330180651377716,0.07749163854553028
15230,Wormhole Attack,0.07023438789242525,0.025518906174429232,0.036045965516529666,0.13179925958338415,0.07023438789242525,0.025518906174429232,0.036045965516529666,0.09575329406685448,0.10628035340895492,0.061564871690958894,0.13179925958338415
15253,Wormhole Attack,0.10887943629873598,0.015944871550732074,0.02302353571662818,0.14784784356609623,0.10887943629873598,0.015944871550732074,0.02302353571662818,0.12482430784946805,0.13190297201536416,0.038968407267360256,0.14784784356609623
15279,Wormhole Attack,0.10797730158834998,0.013950145154974818,0.03374465891368426,0.15567210565700906,0.10797730158834998,0.013950145154974818,0.03374465891368426,0.1219274467433248,0.14172196050203423,0.04769480406865907,0.15567210565700906
15283,Wormhole Attack,0.09610904262380823,0.009422598709291076,0.03654264781825678,0.1420742891513561,0.09610904262380823,0.009422598709291076,0.03654264781825678,0.10553164133309931,0.132651690442065,0.045965246527547854,0.1420742891513561
15295,Wormhole Attack,0.09605122219201774,0.008590259487105609,0.025457829893672426,0.13009931157279578,0.09605122219201774,0.008590259487105609,0.025457829893672426,0.10464148167912335,0.12150905208569017,0.03404808938077804,0.13009931157279578
15312,Wormhole Attack,0.09610904262380823,0.014030678614434803,0.0,0.11013972123824303,0.09610904262380823,0.014030678614434803,0.0,0.11013972123824303,0.09610904262380823,0.014030678614434803,0.11013972123824303
15359,Wormhole Attack,0.0730813346151166,0.015027019905692414,0.06161559893199574,0.14972395345280476,0.0730813346151166,0.015027019905692414,0.06161559893199574,0.088108354520809,0.13469693354711232,0.07664261883768815,0.14972395345280476
15362,Wormhole Attack,0.07794822597675466,0.012405228717573366,0.0,0.09035345469432803,0.07794822597675466,0.012405228717573366,0.0,0.09035345469432803,0.07794822597675466,0.012405228717573366,0.09035345469432803
15399,Wormhole Attack,0.09873059591777403,0.013682762381419945,0.01725850242750668,0.12967186072670064,0.09873059591777403,0.013682762381419945,0.01725850242750668,0.11241335829919397,0.1159890983452807,0.030941264808926627,0.12967186072670064
15427,Wormhole Attack,0.09605122219201774,0.013764186512222783,0.047252475063437854,0.15706788376767838,0.09605122219201774,0.013764186512222783,0.047252475063437854,0.10981540870424053,0.1433036972554556,0.06101666157566064,0.15706788376767838
15437,Wormhole Attack,0.08214601843556718,0.010582258370267873,0.021023774984802422,0.11375205179063747,0.08214601843556718,0.010582258370267873,0.021023774984802422,0.09272827680583505,0.10316979342036961,0.0316060333550703,0.11375205179063747
15455,Wormhole Attack,0.09815719940266637,0.004314427476231535,0.03654264781825678,0.1390142746971547,0.09815719940266637,0.004314427476231535,0.03654264781825678,0.10247162687889791,0.13469984722092315,0.040857075294488315,0.1390142746971547
15485,Wormhole Attack,0.07759018514986338,0.02554609401916838,0.03654264781825678,0.13967892698728854,0.07759018514986338,0.02554609401916838,0.03654264781825678,0.10313627916903176,0.11413283296812016,0.06208874183742516,0.13967892698728854
15570,Wormhole Attack,0.09610904262380823,0.05100212713766064,0.0,0.14711116976146887,0.09610904262380823,0.05100212713766064,0.0,0.14711116976146887,0.09610904262380823,0.05100212713766064,0.14711116976146887
15585,Wormhole Attack,0.1063354265343044,0.05118654624953445,0.0,0.15752197278383884,0.1063354265343044,0.05118654624953445,0.0,0.15752197278383884,0.1063354265343044,0.05118654624953445,0.15752197278383884
15589,Wormhole Attack,0.07606724092057789,0.0514029639242335,0.0,0.1274702048448114,0.07606724092057789,0.0514029639242335,0.0,0.1274702048448114,0.07606724092057789,0.0514029639242335,0.1274702048448114
15600,Wormhole Attack,0.1410071812888335,0.05134763007982239,0.0,0.1923548113686559,0.1410071812888335,0.05134763007982239,0.0,0.1923548113686559,0.1410071812888335,0.05134763007982239,0.1923548113686559
15604,Wormhole Attack,0.10547284449629415,0.05172189997352748,0.0,0.15719474446982162,0.10547284449629415,0.05172189997352748,0.0,0.15719474446982162,0.10547284449629415,0.05172189997352748,0.15719474446982162
15620,Wormhole Attack,0.12380936468870626,0.0627056733479997,0.0,0.18651503803670597,0.12380936468870626,0.0627056733479997,0.0,0.18651503803670597,0.12380936468870626,0.0627056733479997,0.18651503803670597
15650,Wormhole Attack,0.12729612423975864,0.004737202478824389,0.03654264781825678,0.1685759745368398,0.12729612423975864,0.004737202478824389,0.03654264781825678,0.13203332671858303,0.16383877205801542,0.04127985029708117,0.1685759745368398
15653,Wormhole Attack,0.10169357966567384,0.014974843698980583,0.03654264781825678,0.15321107118291122,0.10169357966567384,0.014974843698980583,0.03654264781825678,0.11666842336465442,0.1382362274839306,0.05151749151723736,0.15321107118291122
15657,Wormhole Attack,0.10544769754634914,0.013521757373333693,0.03654264781825678,0.1555121027379396,0.10544769754634914,0.013521757373333693,0.03654264781825678,0.11896945491968283,0.14199034536460592,0.05006440519159047,0.1555121027379396
15675,Wormhole Attack,0.07383934061361393,0.014412038421881643,0.0,0.08825137903549557,0.07383934061361393,0.014412038421881643,0.0,0.08825137903549557,0.07383934061361393,0.014412038421881643,0.08825137903549557
15721,Wormhole Attack,0.113503580447402,0.009163341717018162,0.03654264781825678,0.15920956998267694,0.113503580447402,0.009163341717018162,0.03654264781825678,0.12266692216442016,0.15004622826565878,0.04570598953527494,0.15920956998267694
15730,Wormhole Attack,0.09992185358490568,0.01435728584684074,0.03654264781825678,0.1508217872500032,0.09992185358490568,0.01435728584684074,0.03654264781825678,0.11427913943174642,0.13646450140316246,0.05089993366509752,0.1508217872500032
15743,Wormhole Attack,0.10106275827993579,0.05152437376808695,0.0,0.15258713204802274,0.10106275827993579,0.05152437376808695,0.0,0.15258713204802274,0.10106275827993579,0.05152437376808695,0.15258713204802274
15766,Wormhole Attack,0.10741847685869434,0.0014146487197613444,0.03654264781825678,0.14537577339671245,0.10741847685869434,0.0014146487197613444,0.03654264781825678,0.10883312557845568,0.1439611246769511,0.037957296538018125,0.14537577339671245
15777,Wormhole Attack,0.08430410600435811,0.011948759072399066,0.03654264781825678,0.13279551289501396,0.08430410600435811,0.011948759072399066,0.03654264781825678,0.09625286507675718,0.1208467538226149,0.04849140689065584,0.13279551289501396
15795,Wormhole Attack,0.07998506608255729,0.015365245618578313,0.03654264781825678,0.1318929595193924,0.07998506608255729,0.015365245618578313,0.03654264781825678,0.0953503117011356,0.11652771390081407,0.05190789343683509,0.1318929595193924
15802,Wormhole Attack,0.10294083682636022,0.009014892486659052,0.03654264781825678,0.14849837713127606,0.10294083682636022,0.009014892486659052,0.03654264781825678,0.11195572931301928,0.13948348464461702,0.04555754030491583,0.14849837713127606
15862,Wormhole Attack,0.11008360572956127,0.015063482100593053,0.03624359967255205,0.16139068750270638,0.11008360572956127,0.015063482100593053,0.03624359967255205,0.12514708783015432,0.14632720540211333,0.0513070817731451,0.16139068750270638
15867,Wormhole Attack,0.09605122219201774,0.00941345722269427,0.03654264781825678,0.14200732723296877,0.09605122219201774,0.00941345722269427,0.03654264781825678,0.105464679414712,0.1325938700102745,0.045956105040951045,0.14200732723296877
15889,Wormhole Attack,0.08771099644990285,0.0514506927729592,0.03448168468241106,0.1736433739052731,0.08771099644990285,0.0514506927729592,0.03448168468241106,0.13916168922286204,0.12219268113231391,0.08593237745537026,0.1736433739052731
15919,Wormhole Attack,0.09610904262380823,0.01633436788957878,0.03654264781825678,0.1489860583316438,0.09610904262380823,0.01633436788957878,0.03654264781825678,0.11244341051338702,0.132651690442065,0.05287701570783556,0.1489860583316438
15937,Wormhole Attack,0.1021383407557826,0.009114565270769292,0.03654264781825678,0.14779555384480866,0.1021383407557826,0.009114565270769292,0.03654264781825678,0.11125290602655188,0.13868098857403938,0.04565721308902607,0.14779555384480866
15957,Wormhole Attack,0.09605122219201774,0.020219429465654498,0.03654264781825678,0.15281329947592903,0.09605122219201774,0.020219429465654498,0.03654264781825678,0.11627065165767224,0.1325938700102745,0.05676207728391128,0.15281329947592903
15965,Wormhole Attack,0.12169620036448484,0.016232106388264486,0.03654264781825678,0.1744709545710061,0.12169620036448484,0.016232106388264486,0.03654264781825678,0.1379283067527493,0.15823884818274161,0.052774754206521265,0.1744709545710061
15993,Wormhole Attack,0.10064673781673797,0.014002026878862199,0.03654264781825678,0.15119141251385695,0.10064673781673797,0.014002026878862199,0.03654264781825678,0.11464876469560017,0.13718938563499475,0.05054467469711898,0.15119141251385695
16004,Wormhole Attack,0.12328223171964567,0.015744554893566916,0.060004298321951303,0.1990310849351639,0.12328223171964567,0.015744554893566916,0.060004298321951303,0.13902678661321258,0.18328653004159698,0.07574885321551822,0.1990310849351639
16012,Wormhole Attack,0.09610904262380823,0.011581609879358818,0.03654264781825678,0.14423330032142384,0.09610904262380823,0.011581609879358818,0.03654264781825678,0.10769065250316705,0.132651690442065,0.048124257697615594,0.14423330032142384
16017,Wormhole Attack,0.10989983623024846,0.056278497000541,0.0,0.16617833323078945,0.10989983623024846,0.056278497000541,0.0,0.16617833323078945,0.10989983623024846,0.056278497000541,0.16617833323078945
16048,Wormhole Attack,0.08123500083989409,0.04801767440968398,0.0,0.12925267524957806,0.08123500083989409,0.04801767440968398,0.0,0.12925267524957806,0.08123500083989409,0.04801767440968398,0.12925267524957806
16069,Wormhole Attack,0.08777412520345644,0.013662684635826886,0.03610929268435138,0.1375461025236347,0.08777412520345644,0.013662684635826886,0.03610929268435138,0.10143680983928333,0.12388341788780782,0.04977197732017827,0.1375461025236347
16104,Wormhole Attack,0.09605122219201774,0.022065502995349758,0.0,0.1181167251873675,0.09605122219201774,0.022065502995349758,0.0,0.1181167251873675,0.09605122219201774,0.022065502995349758,0.1181167251873675
16223,Sybil Attack,0.08679526650344482,0.05134412803055003,0.03654264781825678,0.17468204235225163,0.08679526650344482,0.05134412803055003,0.03654264781825678,0.13813939453399485,0.1233379143217016,0.0878867758488068,0.17468204235225163
16224,Sybil Attack,0.13578636874357436,0.05218742273195201,0.03207901934959481,0.22005281082512118,0.13578636874357436,0.05218742273195201,0.03207901934959481,0.18797379147552637,0.16786538809316917,0.08426644208154682,0.22005281082512118
16253,Sybil Attack,0.1260849001137849,0.05239557134724998,0.03654264781825678,0.21502311927929166,0.1260849001137849,0.05239557134724998,0.03654264781825678,0.17848047146103488,0.16262754793204168,0.08893821916550676,0.21502311927929166
16274,Sybil Attack,0.08130143242856383,0.009014674146000096,0.0,0.09031610657456393,0.08130143242856383,0.009014674146000096,0.0,0.09031610657456393,0.08130143242856383,0.009014674146000096,0.09031610657456393
16278,Sybil Attack,0.09605122219201774,0.03626987917459977,0.0076952661306853186,0.14001636749730284,0.09605122219201774,0.03626987917459977,0.0076952661306853186,0.1323211013666175,0.10374648832270306,0.043965145305285086,0.14001636749730284
16280,Sybil Attack,0.10620353325314097,0.05100212713761121,0.02939850750667329,0.18660416789742545,0.10620353325314097,0.05100212713761121,0.02939850750667329,0.15720566039075218,0.13560204075981425,0.0804006346442845,0.18660416789742545
16287,Sybil Attack,0.11019344776755152,0.056436375176833524,0.028157881648645466,0.19478770459303052,0.11019344776755152,0.056436375176833524,0.028157881648645466,0.16662982294438505,0.138351329416197,0.084594256825479,0.19478770459303052
16303,Sybil Attack,0.10942310371721703,0.06370825451682066,0.0,0.1731313582340377,0.10942310371721703,0.06370825451682066,0.0,0.1731313582340377,0.10942310371721703,0.06370825451682066,0.1731313582340377
16320,Sybil Attack,0.10210144949664131,0.05136959972118646,0.01820126296379429,0.17167231218162207,0.10210144949664131,0.05136959972118646,0.01820126296379429,0.15347104921782778,0.1203027124604356,0.06957086268498075,0.17167231218162207
16397,Flooding Attack,0.080505380535555,0.002132410639395162,0.03654264781825678,0.11918043899320695,0.080505380535555,0.002132410639395162,0.03654264781825678,0.08263779117495017,0.11704802835381178,0.03867505845765194,0.11918043899320695
16436,Flooding Attack,0.09559328327205646,0.014298148508286267,0.03654264781825678,0.1464340795985995,0.09559328327205646,0.014298148508286267,0.03654264781825678,0.10989143178034273,0.13213593109031324,0.05084079632654305,0.1464340795985995
16463,Flooding Attack,0.09483399417201313,0.017888138642950246,0.03654264781825678,0.14926478063322016,0.09483399417201313,0.017888138642950246,0.03654264781825678,0.11272213281496338,0.1313766419902699,0.054430786461207026,0.14926478063322016
16480,Flooding Attack,0.09605122219201774,0.019905795079827336,0.03654264781825678,0.15249966509010185,0.09605122219201774,0.019905795079827336,0.03654264781825678,0.11595701727184507,0.1325938700102745,0.056448442898084115,0.15249966509010185
16513,Flooding Attack,0.11543760885906534,0.03801618279981942,0.006396798258331685,0.15985058991721646,0.11543760885906534,0.03801618279981942,0.006396798258331685,0.15345379165888476,0.12183440711739703,0.044412981058151106,0.15985058991721646
16528,Flooding Attack,0.11350054390421553,0.027167808744612817,0.0,0.14066835264882835,0.11350054390421553,0.027167808744612817,0.0,0.14066835264882835,0.11350054390421553,0.027167808744612817,0.14066835264882835
16545,Flooding Attack,0.11830569168264884,0.00903502916389085,0.028513233016503547,0.15585395386304324,0.11830569168264884,0.00903502916389085,0.028513233016503547,0.1273407208465397,0.1468189246991524,0.0375482621803944,0.15585395386304324
16550,Flooding Attack,0.10997152097117766,0.032001602806981305,0.03654264781825678,0.17851577159641574,0.10997152097117766,0.032001602806981305,0.03654264781825678,0.14197312377815896,0.14651416878943443,0.06854425062523808,0.17851577159641574
16557,Flooding Attack,0.10314308972365278,0.022705849242589865,0.011913085831519404,0.13776202479776206,0.10314308972365278,0.022705849242589865,0.011913085831519404,0.12584893896624266,0.11505617555517218,0.03461893507410927,0.13776202479776206
16567,Flooding Attack,0.09605122219201774,0.03523153939848746,0.0,0.1312827615905052,0.09605122219201774,0.03523153939848746,0.0,0.1312827615905052,0.09605122219201774,0.03523153939848746,0.1312827615905052
16579,Flooding Attack,0.11933346224618133,0.01646529414532794,0.03309294734954327,0.16889170374105253,0.11933346224618133,0.01646529414532794,0.03309294734954327,0.13579875639150926,0.1524264095957246,0.0495582414948712,0.16889170374105253
16585,Flooding Attack,0.07408405716526931,0.014706073320142638,0.03401700161845371,0.12280713210386565,0.07408405716526931,0.014706073320142638,0.03401700161845371,0.08879013048541194,0.10810105878372302,0.048723074938596345,0.12280713210386565
16587,Flooding Attack,0.11970164356069267,0.02471803762761581,0.02716356032518551,0.171583241513494,0.11970164356069267,0.02471803762761581,0.02716356032518551,0.14441968118830847,0.14686520388587818,0.05188159795280132,0.171583241513494
16591,Flooding Attack,0.06385044308902217,0.04832742050221283,0.007232027516588912,0.1194098911078239,0.06385044308902217,0.04832742050221283,0.007232027516588912,0.112177863591235,0.07108247060561108,0.05555944801880174,0.1194098911078239
16614,Flooding Attack,0.09761255030817682,0.02420837438722411,0.0,0.12182092469540093,0.09761255030817682,0.02420837438722411,0.0,0.12182092469540093,0.09761255030817682,0.02420837438722411,0.12182092469540093
16667,Flooding Attack,0.12611102025061854,0.034731158179316365,0.022290309642339894,0.1831324880722748,0.12611102025061854,0.034731158179316365,0.022290309642339894,0.16084217842993492,0.14840132989295843,0.05702146782165626,0.1831324880722748
16684,Flooding Attack,0.09230482669771031,0.051002127136282924,0.032771423467529946,0.17607837730152318,0.09230482669771031,0.051002127136282924,0.032771423467529946,0.14330695383399322,0.12507625016524027,0.08377355060381286,0.17607837730152318
16687,Flooding Attack,0.09736474414862284,0.0650250982744488,0.020865971917186307,0.18325581434025795,0.09736474414862284,0.0650250982744488,0.020865971917186307,0.16238984242307164,0.11823071606580915,0.08589107019163511,0.18325581434025795
16691,Flooding Attack,0.11719432915191379,0.027350845917720357,0.0,0.14454517506963416,0.11719432915191379,0.027350845917720357,0.0,0.14454517506963416,0.11719432915191379,0.027350845917720357,0.14454517506963416
16735,Flooding Attack,0.07711955116709028,0.05100212713761121,0.02295959536229123,0.15108127366699273,0.07711955116709028,0.05100212713761121,0.02295959536229123,0.1281216783047015,0.10007914652938152,0.07396172249990243,0.15108127366699273
16736,Flooding Attack,0.10846007439385631,0.0510848701971091,0.03654264781825678,0.1960875924092222,0.10846007439385631,0.0510848701971091,0.03654264781825678,0.1595449445909654,0.14500272221211308,0.08762751801536588,0.1960875924092222
16747,Flooding Attack,0.09605122219201774,0.06268143576898219,0.03654264781825678,0.19527530577925672,0.09605122219201774,0.06268143576898219,0.03654264781825678,0.15873265796099995,0.1325938700102745,0.09922408358723897,0.19527530577925672
16752,Flooding Attack,0.10388720613275133,0.05133872311478842,0.03654264781825678,0.19176857706579653,0.10388720613275133,0.05133872311478842,0.03654264781825678,0.15522592924753975,0.1404298539510081,0.0878813709330452,0.19176857706579653
16771,Flooding Attack,0.08209623483011164,0.05620857521194448,0.006021573846325487,0.1443263838883816,0.08209623483011164,0.05620857521194448,0.006021573846325487,0.1383048100420561,0.08811780867643712,0.062230149058269964,0.1443263838883816
16774,Flooding Attack,0.12156645673899277,0.05238085214107536,0.01993200609991426,0.1938793149799824,0.12156645673899277,0.05238085214107536,0.01993200609991426,0.17394730888006812,0.14149846283890705,0.07231285824098962,0.1938793149799824
16792,Flooding Attack,0.10897329971697418,0.0510021267930048,0.0,0.15997542650997898,0.10897329971697418,0.0510021267930048,0.0,0.15997542650997898,0.10897329971697418,0.0510021267930048,0.15997542650997898
16808,Flooding Attack,0.08963195873878152,0.051002126791627085,0.03654264781825678,0.17717673334866538,0.08963195873878152,0.051002126791627085,0.03654264781825678,0.1406340855304086,0.1261746065570383,0.08754477460988386,0.17717673334866538
16830,Flooding Attack,0.11703935093215327,0.05204245713562458,0.0,0.16908180806777784,0.11703935093215327,0.05204245713562458,0.0,0.16908180806777784,0.11703935093215327,0.05204245713562458,0.16908180806777784
16838,Flooding Attack,0.12097742687265098,0.046291285523251076,0.0061809558646007115,0.17344966826050276,0.12097742687265098,0.046291285523251076,0.0061809558646007115,0.16726871239590205,0.1271583827372517,0.05247224138785179,0.17344966826050276
16868,Flooding Attack,0.09605122219201774,0.050350907543879775,0.0,0.1464021297358975,0.09605122219201774,0.050350907543879775,0.0,0.1464021297358975,0.09605122219201774,0.050350907543879775,0.1464021297358975
16878,Flooding Attack,0.12375007608872216,0.02324245776120013,0.0,0.14699253384992228,0.12375007608872216,0.02324245776120013,0.0,0.14699253384992228,0.12375007608872216,0.02324245776120013,0.14699253384992228
16889,Flooding Attack,0.12117586592241228,0.051002126791627085,0.010123164458628126,0.18230115717266748,0.12117586592241228,0.051002126791627085,0.010123164458628126,0.17217799271403936,0.1312990303810404,0.06112529125025521,0.18230115717266748
16905,Flooding Attack,0.11198535193043742,0.0515483382723728,0.0,0.16353369020281022,0.11198535193043742,0.0515483382723728,0.0,0.16353369020281022,0.11198535193043742,0.0515483382723728,0.16353369020281022
16930,Flooding Attack,0.09610904262380823,0.05100212679295536,0.0,0.1471111694167636,0.09610904262380823,0.05100212679295536,0.0,0.1471111694167636,0.09610904262380823,0.05100212679295536,0.1471111694167636
16933,Flooding Attack,0.07653652694174425,0.06130971746399866,0.01287524978681306,0.15072149419255595,0.07653652694174425,0.06130971746399866,0.01287524978681306,0.1378462444057429,0.08941177672855731,0.07418496725081172,0.15072149419255595
16934,Flooding Attack,0.09607734232885139,0.05100212679295536,0.029292681724277715,0.17637215084608446,0.09607734232885139,0.05100212679295536,0.029292681724277715,0.14707946912180675,0.1253700240531291,0.08029480851723308,0.17637215084608446
16953,Flooding Attack,0.09605122219201774,0.02341334443514755,0.0325953355198625,0.1520599021470278,0.09605122219201774,0.02341334443514755,0.0325953355198625,0.11946456662716529,0.12864655771188024,0.05600867995501005,0.1520599021470278
16984,Flooding Attack,0.10867490639853497,0.02241828319409488,0.02262740192637202,0.1537205915190019,0.10867490639853497,0.02241828319409488,0.02262740192637202,0.13109318959262986,0.131302308324907,0.0450456851204669,0.1537205915190019
17038,Flooding Attack,0.1260849001137849,0.009910708752157731,0.03654264781825678,0.17253825668419942,0.1260849001137849,0.009910708752157731,0.03654264781825678,0.13599560886594264,0.16262754793204168,0.04645335657041451,0.17253825668419942
17040,Flooding Attack,0.10516331028728226,0.010151591827644356,0.03654264781825678,0.1518575499331834,0.10516331028728226,0.010151591827644356,0.03654264781825678,0.11531490211492662,0.14170595810553904,0.04669423964590114,0.1518575499331834
17047,Flooding Attack,0.1261427205455754,0.06130971746399866,0.0,0.18745243800957406,0.1261427205455754,0.06130971746399866,0.0,0.18745243800957406,0.1261427205455754,0.06130971746399866,0.18745243800957406
17052,Flooding Attack,0.12109744821151894,0.05132363605058181,0.032275748644093154,0.2046968329061939,0.12109744821151894,0.05132363605058181,0.032275748644093154,0.17242108426210073,0.1533731968556121,0.08359938469467496,0.2046968329061939
17078,Flooding Attack,0.12074600571788069,0.056201404293146344,0.04648062424081603,0.22342803425184307,0.12074600571788069,0.056201404293146344,0.04648062424081603,0.17694741001102704,0.16722662995869672,0.10268202853396238,0.22342803425184307
17080,Flooding Attack,0.10620603346498363,0.05261641801382993,0.03367454550593907,0.19249699698475262,0.10620603346498363,0.05261641801382993,0.03367454550593907,0.15882245147881355,0.1398805789709227,0.086290963519769,0.19249699698475262
17086,Flooding Attack,0.1261427205455754,0.021632488716544558,0.0,0.14777520926211996,0.1261427205455754,0.021632488716544558,0.0,0.14777520926211996,0.1261427205455754,0.021632488716544558,0.14777520926211996
17088,Flooding Attack,0.0964985649689655,0.05100212713623349,0.03504742696428143,0.18254811906948043,0.0964985649689655,0.05100212713623349,0.03504742696428143,0.147500692105199,0.13154599193324693,0.08604955410051493,0.18254811906948043
17094,Flooding Attack,0.07023438789242525,0.03695044975018505,0.025816327533145816,0.1330011651757561,0.07023438789242525,0.03695044975018505,0.025816327533145816,0.1071848376426103,0.09605071542557107,0.06276677728333087,0.1330011651757561
17097,Flooding Attack,0.10640424034149813,0.025605579603182847,0.03096291404546629,0.16297273399014728,0.10640424034149813,0.025605579603182847,0.03096291404546629,0.13200981994468097,0.13736715438696442,0.05656849364864914,0.16297273399014728
17153,Flooding Attack,0.10897329971697418,0.04564571145640614,0.0,0.15461901117338034,0.10897329971697418,0.04564571145640614,0.0,0.15461901117338034,0.10897329971697418,0.04564571145640614,0.15461901117338034
17165,Flooding Attack,0.09246526808103973,0.051397949386760684,0.02623415852516646,0.17009737599296687,0.09246526808103973,0.051397949386760684,0.02623415852516646,0.14386321746780042,0.1186994266062062,0.07763210791192715,0.17009737599296687
17224,Flooding Attack,0.09156187639481031,0.06289249214666758,0.005811943611575914,0.16026631215305379,0.09156187639481031,0.06289249214666758,0.005811943611575914,0.15445436854147787,0.09737382000638622,0.06870443575824349,0.16026631215305379
17226,Flooding Attack,0.10005055953574755,0.044208939491838024,0.024903550871516696,0.16916304989910227,0.10005055953574755,0.044208939491838024,0.024903550871516696,0.14425949902758559,0.12495411040726426,0.06911249036335472,0.16916304989910227
17232,Flooding Attack,0.1331992953871784,0.01757815534022905,0.032585638394611934,0.18336308912201937,0.1331992953871784,0.01757815534022905,0.032585638394611934,0.15077745072740745,0.16578493378179032,0.050163793734840985,0.18336308912201937
17248,Flooding Attack,0.10770893529241704,0.06127909979543197,0.03381594728690116,0.20280398237475017,0.10770893529241704,0.06127909979543197,0.03381594728690116,0.16898803508784901,0.1415248825793182,0.09509504708233313,0.20280398237475017
17249,Flooding Attack,0.1261613203757957,0.05280235018282136,0.02102863762756402,0.19999230818618108,0.1261613203757957,0.05280235018282136,0.02102863762756402,0.17896367055861706,0.1471899580033597,0.07383098781038538,0.19999230818618108
17250,Flooding Attack,0.11696124556719947,0.0510848701971091,0.027978296334659973,0.19602441209896854,0.11696124556719947,0.0510848701971091,0.027978296334659973,0.16804611576430856,0.14493954190185945,0.07906316653176906,0.19602441209896854
17298,Flooding Attack,0.09605122219201774,0.051360528744873304,0.04495322456669934,0.19236497550359039,0.09605122219201774,0.051360528744873304,0.04495322456669934,0.14741175093689105,0.1410044467587171,0.09631375331157264,0.19236497550359039
17347,Flooding Attack,0.07664802531290472,0.051372653824513094,0.03530260884987341,0.16332328798729123,0.07664802531290472,0.051372653824513094,0.03530260884987341,0.12802067913741783,0.11195063416277813,0.0866752626743865,0.16332328798729123
17362,Flooding Attack,0.09958614827056941,0.046248669749127225,0.03654264781825678,0.18237746583795342,0.09958614827056941,0.046248669749127225,0.03654264781825678,0.14583481801969664,0.1361287960888262,0.082791317567384,0.18237746583795342
17398,Flooding Attack,0.09605122219201774,0.0304258270233354,0.03654264781825678,0.1630196970336099,0.09605122219201774,0.0304258270233354,0.03654264781825678,0.12647704921535313,0.1325938700102745,0.06696847484159218,0.1630196970336099
17407,Flooding Attack,0.11742790747353775,0.046248669749127225,0.0,0.163676577222665,0.11742790747353775,0.046248669749127225,0.0,0.163676577222665,0.11742790747353775,0.046248669749127225,0.163676577222665
17423,Flooding Attack,0.10510028171329074,0.051633772577584044,0.016579206704351566,0.17331326099522634,0.10510028171329074,0.051633772577584044,0.016579206704351566,0.15673405429087478,0.1216794884176423,0.0682129792819356,0.17331326099522634
17430,Flooding Attack,0.100131041168325,0.06247254113661607,0.0,0.16260358230494107,0.100131041168325,0.06247254113661607,0.0,0.16260358230494107,0.100131041168325,0.06247254113661607,0.16260358230494107
17457,Flooding Attack,0.1260849001137849,0.051135864712547774,0.0,0.17722076482633267,0.1260849001137849,0.051135864712547774,0.0,0.17722076482633267,0.1260849001137849,0.051135864712547774,0.17722076482633267
17480,Flooding Attack,0.09605122219201774,0.052529309309061516,0.0,0.14858053150107925,0.09605122219201774,0.052529309309061516,0.0,0.14858053150107925,0.09605122219201774,0.052529309309061516,0.14858053150107925
17499,Flooding Attack,0.10725749960806936,0.01960240795428199,0.03654264781825678,0.16340255538060813,0.10725749960806936,0.01960240795428199,0.03654264781825678,0.12685990756235135,0.14380014742632613,0.05614505577253877,0.16340255538060813
17509,Flooding Attack,0.09605122219201774,0.06283586192377025,0.0,0.158887084115788,0.09605122219201774,0.06283586192377025,0.0,0.158887084115788,0.09605122219201774,0.06283586192377025,0.158887084115788
17513,Flooding Attack,0.12910285129911525,0.05100212713623349,0.0,0.18010497843534873,0.12910285129911525,0.05100212713623349,0.0,0.18010497843534873,0.12910285129911525,0.05100212713623349,0.18010497843534873
17514,Flooding Attack,0.06765311101118043,0.051509968265533855,0.0,0.1191630792767143,0.06765311101118043,0.051509968265533855,0.0,0.1191630792767143,0.06765311101118043,0.051509968265533855,0.1191630792767143
17516,Flooding Attack,0.10486649037223222,0.051002125503398124,0.0,0.15586861587563033,0.10486649037223222,0.051002125503398124,0.0,0.15586861587563033,0.10486649037223222,0.051002125503398124,0.15586861587563033
17546,Flooding Attack,0.09605122219201774,0.022806443806427594,0.02069342270922661,0.13955108870767194,0.09605122219201774,0.022806443806427594,0.02069342270922661,0.11885766599844533,0.11674464490124435,0.043499866515654205,0.13955108870767194
17592,Flooding Attack,0.1260849001137849,0.05124230509344166,0.0,0.17732720520722656,0.1260849001137849,0.05124230509344166,0.0,0.17732720520722656,0.1260849001137849,0.05124230509344166,0.17732720520722656
17608,Flooding Attack,0.09605122219201774,0.034539164737508066,0.0,0.1305903869295258,0.09605122219201774,0.034539164737508066,0.0,0.1305903869295258,0.09605122219201774,0.034539164737508066,0.1305903869295258
17633,Flooding Attack,0.08795814485575015,0.05100212679295536,0.0,0.1389602716487055,0.08795814485575015,0.05100212679295536,0.0,0.1389602716487055,0.08795814485575015,0.05100212679295536,0.1389602716487055
17644,Flooding Attack,0.0838216092331089,0.05100212550344756,0.006021573846325487,0.14084530858288194,0.0838216092331089,0.05100212550344756,0.006021573846325487,0.13482373473655646,0.08984318307943438,0.05702369934977304,0.14084530858288194
17672,Flooding Attack,0.10817430062708056,0.05100212713761121,0.0,0.15917642776469176,0.10817430062708056,0.05100212713761121,0.0,0.15917642776469176,0.10817430062708056,0.05100212713761121,0.15917642776469176
17673,Flooding Attack,0.11899358755097973,0.022001273516209494,0.0,0.14099486106718923,0.11899358755097973,0.022001273516209494,0.0,0.14099486106718923,0.11899358755097973,0.022001273516209494,0.14099486106718923
17680,Flooding Attack,0.1073846828056157,0.06373577165325155,0.03654264781825678,0.20766310227712403,0.1073846828056157,0.06373577165325155,0.03654264781825678,0.17112045445886725,0.14392733062387247,0.10027841947150833,0.20766310227712403
17704,Flooding Attack,0.09605122219201774,0.05100212679157765,0.0,0.1470533489835954,0.09605122219201774,0.05100212679157765,0.0,0.1470533489835954,0.09605122219201774,0.05100212679157765,0.1470533489835954
17713,Flooding Attack,0.1261613203757957,0.05641909353478178,0.006021573846325487,0.18860198775690296,0.1261613203757957,0.05641909353478178,0.006021573846325487,0.18258041391057747,0.13218289422212118,0.06244066738110726,0.18860198775690296
17724,Flooding Attack,0.12337067424353962,0.06121972350810497,0.0,0.1845903977516446,0.12337067424353962,0.06121972350810497,0.0,0.1845903977516446,0.12337067424353962,0.06121972350810497,0.1845903977516446
17729,Flooding Attack,0.060944367435038824,0.05154355291616897,0.0,0.1124879203512078,0.060944367435038824,0.05154355291616897,0.0,0.1124879203512078,0.060944367435038824,0.05154355291616897,0.1124879203512078
17737,Flooding Attack,0.12611102025061854,0.05239823419823614,0.006021573846325487,0.18453082829518017,0.12611102025061854,0.05239823419823614,0.006021573846325487,0.17850925444885468,0.13213259409694403,0.05841980804456162,0.18453082829518017
17745,Flooding Attack,0.051267754506796666,0.05100212713623349,0.009975565719981311,0.11224544736301148,0.051267754506796666,0.05100212713623349,0.009975565719981311,0.10226988164303016,0.061243320226777975,0.0609776928562148,0.11224544736301148
17769,Flooding Attack,0.09610904262380823,0.05182602982102622,0.0,0.14793507244483445,0.09610904262380823,0.05182602982102622,0.0,0.14793507244483445,0.09610904262380823,0.05182602982102622,0.14793507244483445
17775,Flooding Attack,0.10762322380998221,0.02576391660311813,0.0,0.13338714041310035,0.10762322380998221,0.02576391660311813,0.0,0.13338714041310035,0.10762322380998221,0.02576391660311813,0.13338714041310035
17779,Flooding Attack,0.032021230862875456,0.06271384395716059,0.005225069769905181,0.09996014458994122,0.032021230862875456,0.06271384395716059,0.005225069769905181,0.09473507482003604,0.037246300632780636,0.06793891372706577,0.09996014458994122
17781,Flooding Attack,0.061851475951823554,0.05100212679295536,0.0,0.11285360274477892,0.061851475951823554,0.05100212679295536,0.0,0.11285360274477892,0.061851475951823554,0.05100212679295536,0.11285360274477892
17782,Flooding Attack,0.01893579375348967,0.051002345478270164,0.006021573846325487,0.07595971307808531,0.01893579375348967,0.051002345478270164,0.006021573846325487,0.06993813923175983,0.024957367599815157,0.05702391932459565,0.07595971307808531
17819,Flooding Attack,0.04820406872043434,0.05100204650247849,0.0,0.09920611522291284,0.04820406872043434,0.05100204650247849,0.0,0.09920611522291284,0.04820406872043434,0.05100204650247849,0.09920611522291284
17835,Flooding Attack,0.0814381357767767,0.06276286818739316,0.0,0.14420100396416985,0.0814381357767767,0.06276286818739316,0.0,0.14420100396416985,0.0814381357767767,0.06276286818739316,0.14420100396416985
17841,Flooding Attack,0.12309310844587829,0.04701166600405775,0.0,0.17010477444993605,0.12309310844587829,0.04701166600405775,0.0,0.17010477444993605,0.12309310844587829,0.04701166600405775,0.17010477444993605
17851,Flooding Attack,0.1377565741691841,0.023691043598449167,0.0,0.16144761776763328,0.1377565741691841,0.023691043598449167,0.0,0.16144761776763328,0.1377565741691841,0.023691043598449167,0.16144761776763328
17852,Flooding Attack,0.0668511938499382,0.05109305397144149,0.0,0.11794424782137969,0.0668511938499382,0.05109305397144149,0.0,0.11794424782137969,0.0668511938499382,0.05109305397144149,0.11794424782137969
17855,Flooding Attack,0.10751174701349825,0.05110993055965926,0.03654264781825678,0.1951643253914143,0.10751174701349825,0.05110993055965926,0.03654264781825678,0.1586216775731575,0.14405439483175503,0.08765257837791604,0.1951643253914143
17903,Flooding Attack,0.11062964796416275,0.051242059181759655,0.0,0.16187170714592242,0.11062964796416275,0.051242059181759655,0.0,0.16187170714592242,0.11062964796416275,0.051242059181759655,0.16187170714592242
17920,Flooding Attack,0.09605122219201774,0.051002125503398124,0.006021573846325487,0.15307492154174135,0.09605122219201774,0.051002125503398124,0.006021573846325487,0.14705334769541586,0.10207279603834322,0.05702369934972361,0.15307492154174135
17946,Flooding Attack,0.07756944617492356,0.05239603036964763,0.010745475730792032,0.14071095227536323,0.07756944617492356,0.05239603036964763,0.010745475730792032,0.1299654765445712,0.08831492190571559,0.06314150610043966,0.14071095227536323
17954,Flooding Attack,0.08243409985061255,0.05669662043450229,0.006021573846325487,0.14515229413144032,0.08243409985061255,0.05669662043450229,0.006021573846325487,0.13913072028511483,0.08845567369693803,0.06271819428082778,0.14515229413144032
17962,Flooding Attack,0.11785848237589336,0.05182602982102622,0.015667654886556342,0.1853521670834759,0.11785848237589336,0.05182602982102622,0.015667654886556342,0.16968451219691957,0.1335261372624497,0.06749368470758256,0.1853521670834759
17967,Flooding Attack,0.05523277082106477,0.05153449687698919,0.006021573846325487,0.11278884154437945,0.05523277082106477,0.05153449687698919,0.006021573846325487,0.10676726769805396,0.061254344667390256,0.05755607072331467,0.11278884154437945
17993,Flooding Attack,0.12193146396671878,0.05100212713766064,0.015504845994107045,0.18843843709848646,0.12193146396671878,0.05100212713766064,0.015504845994107045,0.17293359110437942,0.13743630996082581,0.06650697313176769,0.18843843709848646
18007,Flooding Attack,0.032336083481869206,0.051458808526533575,0.0,0.08379489200840279,0.032336083481869206,0.051458808526533575,0.0,0.08379489200840279,0.032336083481869206,0.051458808526533575,0.08379489200840279
18011,Flooding Attack,0.12788273047546586,0.06276286818739316,0.0,0.19064559866285902,0.12788273047546586,0.06276286818739316,0.0,0.19064559866285902,0.12788273047546586,0.06276286818739316,0.19064559866285902
18015,Flooding Attack,0.09969835556973429,0.05139303293930099,0.006021573846325487,0.15711296235536076,0.09969835556973429,0.05139303293930099,0.006021573846325487,0.15109138850903528,0.10571992941605977,0.057414606785626474,0.15711296235536076
18027,Flooding Attack,0.07032652052049448,0.045687019027906665,0.018128763470033383,0.13414230301843455,0.07032652052049448,0.045687019027906665,0.018128763470033383,0.11601353954840116,0.08845528399052786,0.06381578249794005,0.13414230301843455
18028,Flooding Attack,0.05896785746763812,0.051002126791627085,0.016519370747668016,0.12648935500693323,0.05896785746763812,0.051002126791627085,0.016519370747668016,0.10996998425926521,0.07548722821530614,0.0675214975392951,0.12648935500693323
18031,Flooding Attack,0.10105124311405046,0.06377292942812637,0.006021573846325487,0.17084574638850233,0.10105124311405046,0.06377292942812637,0.006021573846325487,0.16482417254217685,0.10707281696037595,0.06979450327445186,0.17084574638850233
18032,Flooding Attack,0.10938667899347473,0.051378960400047774,0.006021573846325487,0.166787213239848,0.10938667899347473,0.051378960400047774,0.006021573846325487,0.1607656393935225,0.11540825283980022,0.05740053424637326,0.166787213239848
18050,Flooding Attack,0.09245956959497012,0.0512498839348728,0.0,0.14370945352984293,0.09245956959497012,0.0512498839348728,0.0,0.14370945352984293,0.09245956959497012,0.0512498839348728,0.14370945352984293
18053,Flooding Attack,0.09605122219201774,0.05184070729404363,0.0,0.14789192948606136,0.09605122219201774,0.05184070729404363,0.0,0.14789192948606136,0.09605122219201774,0.05184070729404363,0.14789192948606136
18058,Flooding Attack,0.061221674483401364,0.05233322166793899,0.005724316387128242,0.11927921253846858,0.061221674483401364,0.05233322166793899,0.005724316387128242,0.11355489615134035,0.0669459908705296,0.05805753805506723,0.11927921253846858
18066,Flooding Attack,0.12075820290272038,0.05135063388944548,0.006021573846325487,0.17813041063849136,0.12075820290272038,0.05135063388944548,0.006021573846325487,0.17210883679216588,0.12677977674904586,0.057372207735770966,0.17813041063849136
18086,Flooding Attack,0.09407908183303629,0.05182602982102622,0.006021573846325487,0.151926685500388,0.09407908183303629,0.05182602982102622,0.006021573846325487,0.1459051116540625,0.10010065567936177,0.057847603667351706,0.151926685500388
18091,Flooding Attack,0.1261427205455754,0.05247903922688296,0.0,0.17862175977245837,0.1261427205455754,0.05247903922688296,0.0,0.17862175977245837,0.1261427205455754,0.05247903922688296,0.17862175977245837
18092,Flooding Attack,0.10173731813352604,0.06276286818739316,0.01886808852091473,0.18336827484183393,0.10173731813352604,0.06276286818739316,0.01886808852091473,0.1645001863209192,0.12060540665444078,0.08163095670830789,0.18336827484183393
18097,Flooding Attack,0.09605122219201774,0.05111015596467286,0.0,0.14716137815669061,0.09605122219201774,0.05111015596467286,0.0,0.14716137815669061,0.09605122219201774,0.05111015596467286,0.14716137815669061
18122,Flooding Attack,0.11018215736894996,0.05172189997352748,0.0,0.16190405734247743,0.11018215736894996,0.05172189997352748,0.0,0.16190405734247743,0.11018215736894996,0.05172189997352748,0.16190405734247743
18124,Flooding Attack,0.09605122219201774,0.05629166555777178,0.018765982065084445,0.17110886981487397,0.09605122219201774,0.05629166555777178,0.018765982065084445,0.15234288774978952,0.11481720425710218,0.07505764762285622,0.17110886981487397
18148,Flooding Attack,0.08685316270255,0.052797080101206796,0.002811917673155643,0.14246216047691243,0.08685316270255,0.052797080101206796,0.002811917673155643,0.1396502428037568,0.08966508037570564,0.05560899777436244,0.14246216047691243
18222,Flooding Attack,0.1261427205455754,0.05100212713766064,0.0028146030881034687,0.1799594507713395,0.1261427205455754,0.05100212713766064,0.0028146030881034687,0.17714484768323605,0.12895732363367887,0.05381673022576411,0.1799594507713395
18229,Flooding Attack,0.10064673781673797,0.022847007497723542,0.0,0.12349374531446151,0.10064673781673797,0.022847007497723542,0.0,0.12349374531446151,0.10064673781673797,0.022847007497723542,0.12349374531446151
18236,Flooding Attack,0.10981356471287393,0.05240224618973914,0.0,0.16221581090261306,0.10981356471287393,0.05240224618973914,0.0,0.16221581090261306,0.10981356471287393,0.05240224618973914,0.16221581090261306
18260,Flooding Attack,0.05356874985251711,0.05261641801382993,0.0,0.10618516786634705,0.05356874985251711,0.05261641801382993,0.0,0.10618516786634705,0.05356874985251711,0.05261641801382993,0.10618516786634705
18291,Flooding Attack,0.04575439373595684,0.06116482259654689,0.018128763470033383,0.12504797980253712,0.04575439373595684,0.06116482259654689,0.018128763470033383,0.10691921633250373,0.06388315720599022,0.07929358606658027,0.12504797980253712
18299,Flooding Attack,0.10458243623359717,0.05629166555777178,0.0,0.16087410179136896,0.10458243623359717,0.05629166555777178,0.0,0.16087410179136896,0.10458243623359717,0.05629166555777178,0.16087410179136896
18306,Flooding Attack,0.09605122219201774,0.05100212679157765,0.006021573846325487,0.15307492282992088,0.09605122219201774,0.05100212679157765,0.006021573846325487,0.1470533489835954,0.10207279603834322,0.05702370063790314,0.15307492282992088
18322,Flooding Attack,0.055471961475726084,0.030122927609018232,0.005793665732325172,0.09138855481706949,0.055471961475726084,0.030122927609018232,0.005793665732325172,0.08559488908474432,0.06126562720805125,0.0359165933413434,0.09138855481706949
