,precision,recall,f1-score,support
Blackhole Attack,0.9977033492822966,0.9982765224052087,0.9979898535464726,5222.0
Flooding Attack,0.9997465788139889,1.0,0.9998732733493855,3945.0
Normal Traffic,1.0,0.9998089780324737,0.9999044798930175,5235.0
Sybil Attack,1.0,1.0,1.0,4816.0
Wormhole Attack,0.9982738780207134,0.9976998274870615,0.997986770204199,5217.0
accuracy,0.9990996521383262,0.9990996521383262,0.9990996521383262,0.9990996521383262
macro avg,0.9991447612233998,0.9991570655849488,0.9991508753986149,24435.0
weighted avg,0.9990997325560631,0.9990996521383262,0.9990996525876104,24435.0
