Model,Test Accuracy,Test F1 (weighted),Test AUC
Logistic Regression (TDA),0.9700838960507469,0.9700651574443226,0.9983031634684311
Random Forest (TDA),0.9990996521383262,0.9990996525876104,0.9999954932435673
SVM (TDA),0.9912011458972785,0.9912015420974322,0.9997364871541233
