test_idx,label,W2_c2,W2_network,W2_physical,W2_c2_only,W2_network_only,W2_physical_only,W2_c2_network,W2_c2_physical,W2_network_physical,W2_all_three
4260,Blackhole Attack,0.08309080354344892,0.010125612670136109,0.032129452518358546,0.08309080354344892,0.010125612670136109,0.032129452518358546,0.09321641621358502,0.11522025606180747,0.04225506518849466,0.12534586873194356
3020,Blackhole Attack,0.043615456089583664,0.00914648952038058,0.019869229881052206,0.043615456089583664,0.00914648952038058,0.019869229881052206,0.05276194560996424,0.06348468597063586,0.029015719401432785,0.07263117549101644
2978,Blackhole Attack,0.08508169508196839,0.011540043403976713,0.036557612363529286,0.08508169508196839,0.011540043403976713,0.036557612363529286,0.0966217384859451,0.12163930744549767,0.048097655767506,0.13317935084947438
4460,Blackhole Attack,0.04450092646299838,0.021184017705721772,0.036557612363529286,0.04450092646299838,0.021184017705721772,0.036557612363529286,0.06568494416872014,0.08105853882652767,0.05774163006925106,0.10224255653224942
4546,Blackhole Attack,0.0919940803292457,0.005279131343857133,0.036557612363529286,0.0919940803292457,0.005279131343857133,0.036557612363529286,0.09727321167310284,0.128551692692775,0.04183674370738642,0.13383082403663213
12897,Blackhole Attack,0.04637620194569447,0.009733527946766175,0.03618395201478967,0.04637620194569447,0.009733527946766175,0.03618395201478967,0.056109729892460644,0.08256015396048413,0.045917479961555846,0.09229368190725032
11724,Blackhole Attack,0.0723405056476481,0.0036096530635073756,0.036557612363529286,0.0723405056476481,0.0036096530635073756,0.036557612363529286,0.07595015871115547,0.10889811801117738,0.040167265427036664,0.11250777107468476
4725,Blackhole Attack,0.11964664505527861,0.021140215968207705,0.036557612363529286,0.11964664505527861,0.021140215968207705,0.036557612363529286,0.1407868610234863,0.1562042574188079,0.05769782833173699,0.1773444733870156
13080,Blackhole Attack,0.07208227255549053,0.025807196455695996,0.028176913360388828,0.07208227255549053,0.025807196455695996,0.028176913360388828,0.09788946901118653,0.10025918591587936,0.05398410981608483,0.12606638237157536
12338,Blackhole Attack,0.06952787484659062,0.036630516557910886,0.036557612363529286,0.06952787484659062,0.036630516557910886,0.036557612363529286,0.1061583914045015,0.1060854872101199,0.07318812892144017,0.14271600376803079
4325,Blackhole Attack,0.11401390456855186,0.021890747754704176,0.036557612363529286,0.11401390456855186,0.021890747754704176,0.036557612363529286,0.13590465232325605,0.15057151693208115,0.05844836011823346,0.17246226468678533
4396,Blackhole Attack,0.06118010621335847,0.00379522438929218,0.036557612363529286,0.06118010621335847,0.00379522438929218,0.036557612363529286,0.06497533060265065,0.09773771857688776,0.04035283675282147,0.10153294296617993
3423,Blackhole Attack,0.11277539656698557,0.002117547348397157,0.036557612363529286,0.11277539656698557,0.002117547348397157,0.036557612363529286,0.11489294391538273,0.14933300893051485,0.03867515971192644,0.15145055627891202
3865,Blackhole Attack,0.047313287977772005,0.010418800967047843,0.036557612363529286,0.047313287977772005,0.010418800967047843,0.036557612363529286,0.05773208894481985,0.08387090034130129,0.04697641333057713,0.09428970130834913
11097,Blackhole Attack,0.09482523480956842,0.02095006003070963,0.036557612363529286,0.09482523480956842,0.02095006003070963,0.036557612363529286,0.11577529484027804,0.1313828471730977,0.057507672394238915,0.15233290720380732
4294,Blackhole Attack,0.11870161150190432,0.0036339294733036334,0.036557612363529286,0.11870161150190432,0.0036339294733036334,0.036557612363529286,0.12233554097520796,0.15525922386543362,0.04019154183683292,0.15889315333873724
4779,Blackhole Attack,0.11442365864714946,0.006971183313063102,0.036557612363529286,0.11442365864714946,0.006971183313063102,0.036557612363529286,0.12139484196021255,0.15098127101067874,0.04352879567659239,0.15795245432374183
4801,Blackhole Attack,0.07638848223371526,0.005262632457943211,0.036557612363529286,0.07638848223371526,0.005262632457943211,0.036557612363529286,0.08165111469165848,0.11294609459724456,0.041820244821472494,0.11820872705518776
3393,Blackhole Attack,0.0932205863124186,0.002677305085852592,0.036557612363529286,0.0932205863124186,0.002677305085852592,0.036557612363529286,0.09589789139827119,0.1297781986759479,0.03923491744938188,0.13245550376180049
4410,Blackhole Attack,0.08658056678933887,0.0036346596682270598,0.02524225378950585,0.08658056678933887,0.0036346596682270598,0.02524225378950585,0.09021522645756593,0.11182282057884471,0.028876913457732908,0.11545748024707178
3008,Blackhole Attack,0.0754706351676128,0.003577794113685896,0.036557612363529286,0.0754706351676128,0.003577794113685896,0.036557612363529286,0.0790484292812987,0.1120282475311421,0.04013540647721518,0.11560604164482799
4019,Blackhole Attack,0.08086652040920284,0.06377430283638214,0.036557612363529286,0.08086652040920284,0.06377430283638214,0.036557612363529286,0.14464082324558497,0.11742413277273211,0.10033191519991141,0.18119843560911425
11928,Blackhole Attack,0.06570890880203048,0.018326837774436215,0.036557612363529286,0.06570890880203048,0.018326837774436215,0.036557612363529286,0.0840357465764667,0.10226652116555976,0.0548844501379655,0.12059335893999598
12290,Blackhole Attack,0.13737145453169097,0.026776170657496223,0.028000578546793504,0.13737145453169097,0.026776170657496223,0.028000578546793504,0.16414762518918719,0.16537203307848447,0.054776749204289724,0.19214820373598068
3791,Blackhole Attack,0.09134741398902273,0.006627694277974662,0.036557612363529286,0.09134741398902273,0.006627694277974662,0.036557612363529286,0.09797510826699739,0.12790502635255202,0.04318530664150395,0.13453272063052668
5066,Blackhole Attack,0.10321788211947427,0.0036339294733417652,0.036557612363529286,0.10321788211947427,0.0036339294733417652,0.036557612363529286,0.10685181159281604,0.13977549448300355,0.04019154183687105,0.14340942395634532
3025,Blackhole Attack,0.12505826371750547,0.004725005062558286,0.036557612363529286,0.12505826371750547,0.004725005062558286,0.036557612363529286,0.12978326878006377,0.16161587608103475,0.041282617426087576,0.16634088114359305
4612,Blackhole Attack,0.06403199579893944,0.0036339294734130997,0.036557612363529286,0.06403199579893944,0.0036339294734130997,0.036557612363529286,0.06766592527235253,0.10058960816246873,0.04019154183694239,0.10422353763588182
5184,Blackhole Attack,0.07951273100264555,0.0036379596793481906,0.036557612363529286,0.07951273100264555,0.0036379596793481906,0.036557612363529286,0.08315069068199374,0.11607034336617483,0.04019557204287748,0.11970830304552302
11499,Blackhole Attack,0.05309034549174266,0.003199680368874025,0.036557612363529286,0.05309034549174266,0.003199680368874025,0.036557612363529286,0.05629002586061668,0.08964795785527194,0.03975729273240331,0.09284763822414596
4364,Blackhole Attack,0.04480588395192381,0.011509965231270666,0.036557612363529286,0.04480588395192381,0.011509965231270666,0.036557612363529286,0.056315849183194475,0.08136349631545309,0.04806757759479995,0.09287346154672377
4800,Blackhole Attack,0.0442966381975626,0.00434983482228048,0.0,0.0442966381975626,0.00434983482228048,0.0,0.04864647301984308,0.0442966381975626,0.00434983482228048,0.04864647301984308
12101,Blackhole Attack,0.06638928382093028,0.03370377912581802,0.036557612363529286,0.06638928382093028,0.03370377912581802,0.036557612363529286,0.1000930629467483,0.10294689618445957,0.0702613914893473,0.13665067531027758
12191,Blackhole Attack,0.12274925960660685,0.025400244250598784,0.036557612363529286,0.12274925960660685,0.025400244250598784,0.036557612363529286,0.14814950385720563,0.15930687197013613,0.06195785661412807,0.1847071162207349
3793,Blackhole Attack,0.12301076876316387,0.003608946096335465,0.036557612363529286,0.12301076876316387,0.003608946096335465,0.036557612363529286,0.12661971485949933,0.15956838112669317,0.04016655845986475,0.1631773272230286
3446,Blackhole Attack,0.12126689953131738,0.003198782164774225,0.036557612363529286,0.12126689953131738,0.003198782164774225,0.036557612363529286,0.1244656816960916,0.15782451189484667,0.03975639452830351,0.16102329405962088
11600,Blackhole Attack,0.1048759286512341,0.0004822570377726748,0.0,0.1048759286512341,0.0004822570377726748,0.0,0.10535818568900678,0.1048759286512341,0.0004822570377726748,0.10535818568900678
12519,Blackhole Attack,0.06910684354898133,0.028564515829663916,0.036557612363529286,0.06910684354898133,0.028564515829663916,0.036557612363529286,0.09767135937864525,0.10566445591251061,0.0651221281931932,0.13422897174217455
3435,Blackhole Attack,0.07901911666564727,0.0067212671926437425,0.036557612363529286,0.07901911666564727,0.0067212671926437425,0.036557612363529286,0.08574038385829101,0.11557672902917657,0.04327887955617303,0.1222979962218203
12521,Blackhole Attack,0.0,0.016457659956859886,0.036557612363529286,0.0,0.016457659956859886,0.036557612363529286,0.016457659956859886,0.036557612363529286,0.053015272320389176,0.053015272320389176
5076,Blackhole Attack,0.11635882380519542,0.00488645818552696,0.036557612363529286,0.11635882380519542,0.00488645818552696,0.036557612363529286,0.12124528199072239,0.15291643616872472,0.041444070549056244,0.15780289435425168
3291,Blackhole Attack,0.04480588395192381,0.0036339294741612547,0.036557612363529286,0.04480588395192381,0.0036339294741612547,0.036557612363529286,0.04843981342608506,0.08136349631545309,0.04019154183769054,0.08499742578961435
4935,Blackhole Attack,0.09229608173260047,0.009807975713333389,0.036557612363529286,0.09229608173260047,0.009807975713333389,0.036557612363529286,0.10210405744593386,0.12885369409612976,0.046365588076862675,0.13866166980946315
5129,Blackhole Attack,0.1081309698050208,0.0036346007322496567,0.036557612363529286,0.1081309698050208,0.0036346007322496567,0.036557612363529286,0.11176557053727044,0.14468858216855007,0.040192213095778945,0.14832318290079974
12804,Blackhole Attack,0.08852300310706868,0.01551607185302641,0.036557612363529286,0.08852300310706868,0.01551607185302641,0.036557612363529286,0.10403907496009508,0.12508061547059796,0.0520736842165557,0.14059668732362438
4770,Blackhole Attack,0.11127710769436658,0.010599118851722912,0.036557612363529286,0.11127710769436658,0.010599118851722912,0.036557612363529286,0.12187622654608948,0.14783472005789586,0.0471567312152522,0.15843383890961876
10900,Blackhole Attack,0.03306027234711706,0.0038186988480997932,0.036557612363529286,0.03306027234711706,0.0038186988480997932,0.036557612363529286,0.03687897119521685,0.06961788471064634,0.04037631121162908,0.07343658355874613
13453,Blackhole Attack,0.0215683180357768,0.018862312231962042,0.036557612363529286,0.0215683180357768,0.018862312231962042,0.036557612363529286,0.04043063026773884,0.05812593039930609,0.05541992459549133,0.07698824263126813
12194,Blackhole Attack,0.07498422212232103,0.028750057339509315,0.036557612363529286,0.07498422212232103,0.028750057339509315,0.036557612363529286,0.10373427946183035,0.11154183448585031,0.0653076697030386,0.14029189182535964
10230,Blackhole Attack,0.04105607012736498,0.01779197484071139,0.036557612363529286,0.04105607012736498,0.01779197484071139,0.036557612363529286,0.05884804496807637,0.07761368249089426,0.05434958720424068,0.09540565733160566
12727,Blackhole Attack,0.034163039867837364,0.03288053321716338,0.036557612363529286,0.034163039867837364,0.03288053321716338,0.036557612363529286,0.06704357308500075,0.07072065223136664,0.06943814558069267,0.10360118544853003
4140,Blackhole Attack,0.06079653225183843,0.012409455974510496,0.0322100674712635,0.06079653225183843,0.012409455974510496,0.0322100674712635,0.07320598822634893,0.09300659972310193,0.044619523445773995,0.10541605569761242
3978,Blackhole Attack,0.04480588395192381,0.003061432433727699,0.036557612363529286,0.04480588395192381,0.003061432433727699,0.036557612363529286,0.047867316385651504,0.08136349631545309,0.03961904479725699,0.08442492874918078
4887,Blackhole Attack,0.1158102433863814,0.011505463281348022,0.036557612363529286,0.1158102433863814,0.011505463281348022,0.036557612363529286,0.12731570666772943,0.15236785574991069,0.04806307564487731,0.1638733190312587
3368,Blackhole Attack,0.06305702625481796,0.0036339294733417652,0.036557612363529286,0.06305702625481796,0.0036339294733417652,0.036557612363529286,0.06669095572815972,0.09961463861834724,0.04019154183687105,0.103248568091689
12932,Blackhole Attack,0.1160140801797429,0.026389741408951624,0.036557612363529286,0.1160140801797429,0.026389741408951624,0.036557612363529286,0.14240382158869452,0.15257169254327219,0.06294735377248091,0.1789614339522238
12098,Blackhole Attack,0.04533305894204663,0.04449634170892748,0.036557612363529286,0.04533305894204663,0.04449634170892748,0.036557612363529286,0.08982940065097411,0.08189067130557592,0.08105395407245677,0.1263870130145034
3876,Blackhole Attack,0.08225127658714457,0.02758518624933765,0.036557612363529286,0.08225127658714457,0.02758518624933765,0.036557612363529286,0.10983646283648221,0.11880888895067385,0.06414279861286694,0.1463940752000115
4526,Blackhole Attack,0.11752953527780466,0.005456127844061053,0.036557612363529286,0.11752953527780466,0.005456127844061053,0.036557612363529286,0.12298566312186571,0.15408714764133394,0.04201374020759034,0.159543275485395
3273,Blackhole Attack,0.11806249484244569,0.00873820991214947,0.036557612363529286,0.11806249484244569,0.00873820991214947,0.036557612363529286,0.12680070475459515,0.15462010720597497,0.04529582227567876,0.16335831711812443
13472,Blackhole Attack,0.0442966381975626,0.03374330527371023,0.036557612363529286,0.0442966381975626,0.03374330527371023,0.036557612363529286,0.07803994347127283,0.08085425056109188,0.07030091763723952,0.1145975558348021
5004,Blackhole Attack,0.132659601628731,0.011396340161444068,0.036557612363529286,0.132659601628731,0.011396340161444068,0.036557612363529286,0.14405594179017506,0.16921721399226028,0.04795395252497335,0.18061355415370434
10974,Blackhole Attack,0.08607106843208591,0.010854468310082348,0.036557612363529286,0.08607106843208591,0.010854468310082348,0.036557612363529286,0.09692553674216825,0.1226286807956152,0.047412080673611634,0.13348314910569753
13302,Blackhole Attack,0.05974226482673882,0.02392391301999827,0.036557612363529286,0.05974226482673882,0.02392391301999827,0.036557612363529286,0.08366617784673709,0.09629987719026811,0.06048152538352755,0.12022379021026638
8918,Blackhole Attack,0.08856012944672825,0.018999192671810404,0.0,0.08856012944672825,0.018999192671810404,0.0,0.10755932211853866,0.08856012944672825,0.018999192671810404,0.10755932211853866
5043,Blackhole Attack,0.054614811441907316,0.04130724567512536,0.036557612363529286,0.054614811441907316,0.04130724567512536,0.036557612363529286,0.09592205711703267,0.09117242380543661,0.07786485803865464,0.13247966948056195
13295,Blackhole Attack,0.10090932187817325,0.032899732544862,0.036557612363529286,0.10090932187817325,0.032899732544862,0.036557612363529286,0.13380905442303526,0.13746693424170253,0.06945734490839128,0.17036666678656454
13153,Blackhole Attack,0.05600005737289827,0.02703506338500406,0.036557612363529286,0.05600005737289827,0.02703506338500406,0.036557612363529286,0.08303512075790233,0.09255766973642755,0.06359267574853335,0.11959273312143162
3568,Blackhole Attack,0.07274558478788157,0.0036346007322496567,0.036557612363529286,0.07274558478788157,0.0036346007322496567,0.036557612363529286,0.07638018552013122,0.10930319715141085,0.040192213095778945,0.11293779788366051
4321,Blackhole Attack,0.08658056678933887,0.0036339294733417652,0.036557612363529286,0.08658056678933887,0.0036339294733417652,0.036557612363529286,0.09021449626268063,0.12313817915286815,0.04019154183687105,0.1267721086262099
12416,Blackhole Attack,0.10768162522729591,0.030327007204564875,0.036557612363529286,0.10768162522729591,0.030327007204564875,0.036557612363529286,0.1380086324318608,0.1442392375908252,0.06688461956809416,0.17456624479539007
4798,Blackhole Attack,0.08491338026978228,0.018433950821683337,0.036557612363529286,0.08491338026978228,0.018433950821683337,0.036557612363529286,0.10334733109146561,0.12147099263331157,0.05499156318521262,0.1399049434549949
3066,Blackhole Attack,0.09883778965139886,0.007009244452251738,0.036557612363529286,0.09883778965139886,0.007009244452251738,0.036557612363529286,0.1058470341036506,0.13539540201492814,0.04356685681578103,0.14240464646717987
3689,Blackhole Attack,0.11874215003695054,0.0030366672770083436,0.036557612363529286,0.11874215003695054,0.0030366672770083436,0.036557612363529286,0.12177881731395888,0.15529976240047982,0.03959427964053763,0.15833642967748818
3795,Blackhole Attack,0.12301076876316387,0.004559910010631082,0.036557612363529286,0.12301076876316387,0.004559910010631082,0.036557612363529286,0.12757067877379497,0.15956838112669317,0.041117522374160366,0.16412829113732424
12037,Blackhole Attack,0.11856568065204484,0.028305600992011123,0.036557612363529286,0.11856568065204484,0.028305600992011123,0.036557612363529286,0.14687128164405597,0.15512329301557412,0.0648632133555404,0.18342889400758525
12729,Blackhole Attack,0.043770730203790936,0.04697087499005756,0.036557612363529286,0.043770730203790936,0.04697087499005756,0.036557612363529286,0.0907416051938485,0.08032834256732022,0.08352848735358684,0.12729921755737778
3901,Blackhole Attack,0.04480588395192381,0.010385601083190686,0.009286817671192646,0.04480588395192381,0.010385601083190686,0.009286817671192646,0.05519148503511449,0.054092701623116454,0.01967241875438333,0.06447830270630714
10162,Blackhole Attack,0.07864876982902955,0.003215774804411979,0.036557612363529286,0.07864876982902955,0.003215774804411979,0.036557612363529286,0.08186454463344153,0.11520638219255883,0.039773387167941265,0.11842215699697081
8830,Blackhole Attack,0.13468434258256998,0.004617030674860973,0.036557612363529286,0.13468434258256998,0.004617030674860973,0.036557612363529286,0.13930137325743094,0.17124195494609926,0.04117464303839026,0.17585898562096022
5012,Blackhole Attack,0.07579199862493595,0.004732988856602127,0.036557612363529286,0.07579199862493595,0.004732988856602127,0.036557612363529286,0.08052498748153808,0.11234961098846524,0.041290601220131416,0.11708259984506736
12601,Blackhole Attack,0.08271908438934329,0.059711528596158935,0.036557612363529286,0.08271908438934329,0.059711528596158935,0.036557612363529286,0.14243061298550222,0.11927669675287259,0.09626914095968822,0.1789882253490315
5145,Blackhole Attack,0.09229608173260047,0.004739669732883535,0.036557612363529286,0.09229608173260047,0.004739669732883535,0.036557612363529286,0.097035751465484,0.12885369409612976,0.04129728209641282,0.1335933638290133
4737,Blackhole Attack,0.08879181538388034,0.010605337524555936,0.036557612363529286,0.08879181538388034,0.010605337524555936,0.036557612363529286,0.09939715290843627,0.12534942774740962,0.047162949888085226,0.13595476527196557
4920,Blackhole Attack,0.04480588395192381,0.002380737867254958,0.036557612363529286,0.04480588395192381,0.002380737867254958,0.036557612363529286,0.047186621819178765,0.08136349631545309,0.03893835023078424,0.08374423418270804
10253,Blackhole Attack,0.04866361054322933,0.00787537369992946,0.025918067819177392,0.04866361054322933,0.00787537369992946,0.025918067819177392,0.05653898424315879,0.07458167836240673,0.03379344151910685,0.08245705206233618
4118,Blackhole Attack,0.1187003610201507,0.018354697198496313,0.036557612363529286,0.1187003610201507,0.018354697198496313,0.036557612363529286,0.13705505821864702,0.15525797338368,0.0549123095620256,0.1736126705821763
3086,Blackhole Attack,0.06958130502461668,0.005258504236774856,0.020243588952736584,0.06958130502461668,0.005258504236774856,0.020243588952736584,0.07483980926139154,0.08982489397735327,0.025502093189511438,0.09508339821412812
13110,Blackhole Attack,0.08639450125740437,0.0036339294734512306,0.036557612363529286,0.08639450125740437,0.0036339294734512306,0.036557612363529286,0.0900284307308556,0.12295211362093367,0.04019154183698052,0.1265860430943849
13231,Blackhole Attack,0.07307386164987034,0.03218046158998091,0.036557612363529286,0.07307386164987034,0.03218046158998091,0.036557612363529286,0.10525432323985126,0.10963147401339962,0.0687380739535102,0.14181193560338054
5020,Blackhole Attack,0.09837761657627052,0.01913608147041876,0.036557612363529286,0.09837761657627052,0.01913608147041876,0.036557612363529286,0.11751369804668928,0.1349352289397998,0.055693693833948045,0.15407131041021857
12863,Blackhole Attack,0.0942352980661211,0.02443809121832518,0.018335223302926532,0.0942352980661211,0.02443809121832518,0.018335223302926532,0.11867338928444629,0.11257052136904763,0.042773314521251715,0.13700861258737282
3227,Blackhole Attack,0.0932205863124186,0.0,0.036557612363529286,0.0932205863124186,0.0,0.036557612363529286,0.0932205863124186,0.1297781986759479,0.036557612363529286,0.1297781986759479
13875,Blackhole Attack,0.0766552335541543,0.004920548645185057,0.019871209072895933,0.0766552335541543,0.004920548645185057,0.019871209072895933,0.08157578219933935,0.09652644262705024,0.024791757718080988,0.10144699127223528
9034,Blackhole Attack,0.05896095949112955,0.0037075168448582043,0.036557612363529286,0.05896095949112955,0.0037075168448582043,0.036557612363529286,0.06266847633598775,0.09551857185465884,0.04026512920838749,0.09922608869951705
13485,Blackhole Attack,0.07062135344178379,0.0038909025545263132,0.03459025059090934,0.07062135344178379,0.0038909025545263132,0.03459025059090934,0.0745122559963101,0.10521160403269313,0.038481153145435654,0.10910250658721944
5182,Blackhole Attack,0.1334893152015147,0.00333777109167321,0.036557612363529286,0.1334893152015147,0.00333777109167321,0.036557612363529286,0.1368270862931879,0.17004692756504397,0.03989538345520249,0.17338469865671718
12370,Blackhole Attack,0.09835709724770855,0.004068947663575452,0.03269900670699128,0.09835709724770855,0.004068947663575452,0.03269900670699128,0.102426044911284,0.13105610395469983,0.036767954370566736,0.1351250516182753
11388,Blackhole Attack,0.07779693506422705,0.010405043178886578,0.036557612363529286,0.07779693506422705,0.010405043178886578,0.036557612363529286,0.08820197824311363,0.11435454742775633,0.04696265554241587,0.1247595906066429
4714,Blackhole Attack,0.1164560386953935,0.0036339294733036334,0.036557612363529286,0.1164560386953935,0.0036339294733036334,0.036557612363529286,0.12008996816869713,0.15301365105892278,0.04019154183683292,0.1566475805322264
4314,Blackhole Attack,0.07422990611712854,0.0036346007322496567,0.036557612363529286,0.07422990611712854,0.0036346007322496567,0.036557612363529286,0.07786450684937819,0.11078751848065782,0.040192213095778945,0.11442211921290749
12963,Blackhole Attack,0.07387437736667979,0.037765387835723786,0.036557612363529286,0.07387437736667979,0.037765387835723786,0.036557612363529286,0.11163976520240357,0.11043198973020907,0.07432300019925307,0.14819737756593285
4618,Blackhole Attack,0.09819551971469333,0.0049633390414369274,0.036557612363529286,0.09819551971469333,0.0049633390414369274,0.036557612363529286,0.10315885875613026,0.13475313207822262,0.041520951404966214,0.13971647111965954
3350,Blackhole Attack,0.08778573003620849,0.04532392526440213,0.036557612363529286,0.08778573003620849,0.04532392526440213,0.036557612363529286,0.1331096553006106,0.12434334239973777,0.08188153762793142,0.1696672676641399
12094,Blackhole Attack,0.06532120165989493,0.022212751222502873,0.005396902207256682,0.06532120165989493,0.022212751222502873,0.005396902207256682,0.08753395288239779,0.0707181038671516,0.027609653429759556,0.09293085508965447
3095,Blackhole Attack,0.0686046216584222,0.006793564475454285,0.036557612363529286,0.0686046216584222,0.006793564475454285,0.036557612363529286,0.07539818613387649,0.10516223402195149,0.04335117683898357,0.11195579849740578
3698,Blackhole Attack,0.06001301886203499,0.0036346007322496567,0.036557612363529286,0.06001301886203499,0.0036346007322496567,0.036557612363529286,0.06364761959428465,0.09657063122556428,0.040192213095778945,0.10020523195781394
4998,Blackhole Attack,0.09605183924587074,0.003199427582930504,0.036557612363529286,0.09605183924587074,0.003199427582930504,0.036557612363529286,0.09925126682880124,0.13260945160940002,0.03975703994645979,0.13580887919233053
11089,Blackhole Attack,0.06651671759116558,0.0038186988480997932,0.036557612363529286,0.06651671759116558,0.0038186988480997932,0.036557612363529286,0.07033541643926537,0.10307432995469487,0.04037631121162908,0.10689302880279467
5067,Blackhole Attack,0.04691352272000482,0.014223065341715059,0.036557612363529286,0.04691352272000482,0.014223065341715059,0.036557612363529286,0.06113658806171988,0.0834711350835341,0.050780677705244345,0.09769420042524916
4605,Blackhole Attack,0.13257543632572916,0.018084745378587487,0.036557612363529286,0.13257543632572916,0.018084745378587487,0.036557612363529286,0.15066018170431664,0.16913304868925844,0.05464235774211677,0.18721779406784592
3669,Blackhole Attack,0.09642253650813576,0.008251034177891466,0.036557612363529286,0.09642253650813576,0.008251034177891466,0.036557612363529286,0.10467357068602723,0.13298014887166504,0.04480864654142075,0.1412311830495565
12705,Blackhole Attack,0.08294993137806024,0.031414393722590334,0.036557612363529286,0.08294993137806024,0.031414393722590334,0.036557612363529286,0.11436432510065057,0.11950754374158953,0.06797200608611961,0.15092193746417987
4342,Blackhole Attack,0.06555656799858055,0.0036346007322496567,0.036557612363529286,0.06555656799858055,0.0036346007322496567,0.036557612363529286,0.0691911687308302,0.10211418036210984,0.040192213095778945,0.10574878109435948
2994,Blackhole Attack,0.0,0.023113791302185237,0.036557612363529286,0.0,0.023113791302185237,0.036557612363529286,0.023113791302185237,0.036557612363529286,0.05967140366571452,0.05967140366571452
11581,Blackhole Attack,0.07480644700816963,0.022055051837700013,0.036557612363529286,0.07480644700816963,0.022055051837700013,0.036557612363529286,0.09686149884586964,0.11136405937169891,0.0586126642012293,0.13341911120939892
3588,Blackhole Attack,0.12091238236168353,0.0036339294733036334,0.036557612363529286,0.12091238236168353,0.0036339294733036334,0.036557612363529286,0.12454631183498716,0.1574699947252128,0.04019154183683292,0.16110392419851643
11985,Blackhole Attack,0.05675056939405474,0.017223606246573545,0.036557612363529286,0.05675056939405474,0.017223606246573545,0.036557612363529286,0.07397417564062829,0.09330818175758403,0.053781218610102835,0.11053178800415758
11390,Blackhole Attack,0.07995214381789095,0.010629235183155155,0.036557612363529286,0.07995214381789095,0.010629235183155155,0.036557612363529286,0.09058137900104611,0.11650975618142023,0.04718684754668444,0.1271389913645754
4664,Blackhole Attack,0.11816033274549609,0.013387728446922546,0.036557612363529286,0.11816033274549609,0.013387728446922546,0.036557612363529286,0.13154806119241863,0.15471794510902537,0.049945340810451835,0.1681056735559479
5149,Blackhole Attack,0.11949635395742347,0.009901052159746591,0.036557612363529286,0.11949635395742347,0.009901052159746591,0.036557612363529286,0.12939740611717007,0.15605396632095275,0.04645866452327588,0.16595501848069935
12602,Blackhole Attack,0.07402620758689847,0.04612324219425384,0.036557612363529286,0.07402620758689847,0.04612324219425384,0.036557612363529286,0.1201494497811523,0.11058381995042776,0.08268085455778312,0.15670706214468158
5074,Blackhole Attack,0.12771206237595392,0.003634715651883999,0.036557612363529286,0.12771206237595392,0.003634715651883999,0.036557612363529286,0.13134677802783792,0.1642696747394832,0.04019232801541329,0.1679043903913672
13374,Blackhole Attack,0.07389081705371967,0.018067301022878405,0.036557612363529286,0.07389081705371967,0.018067301022878405,0.036557612363529286,0.09195811807659807,0.11044842941724894,0.054624913386407695,0.12851573044012735
13382,Blackhole Attack,0.05037644763875567,0.0036346007322496567,0.036557612363529286,0.05037644763875567,0.0036346007322496567,0.036557612363529286,0.05401104837100533,0.08693406000228496,0.040192213095778945,0.09056866073453462
4608,Blackhole Attack,0.09722682941950743,0.006363278969668061,0.036557612363529286,0.09722682941950743,0.006363278969668061,0.036557612363529286,0.10359010838917548,0.13378444178303672,0.04292089133319735,0.14014772075270476
4237,Blackhole Attack,0.11720350631880012,0.00776536478112317,0.036557612363529286,0.11720350631880012,0.00776536478112317,0.036557612363529286,0.1249688710999233,0.15376111868232942,0.044322977144652456,0.16152648346345258
4316,Blackhole Attack,0.04480588395192381,0.008505729503465738,0.036557612363529286,0.04480588395192381,0.008505729503465738,0.036557612363529286,0.053311613455389546,0.08136349631545309,0.045063341866995024,0.08986922581891883
9590,Blackhole Attack,0.09610484549850742,0.025743120383867536,0.036557612363529286,0.09610484549850742,0.025743120383867536,0.036557612363529286,0.12184796588237495,0.1326624578620367,0.06230073274739682,0.15840557824590423
10801,Blackhole Attack,0.02351518567490004,0.005114691361261787,0.036557612363529286,0.02351518567490004,0.005114691361261787,0.036557612363529286,0.02862987703616183,0.060072798038429326,0.041672303724791075,0.06518748939969111
3561,Blackhole Attack,0.04480588395192381,0.013068242495541815,0.036557612363529286,0.04480588395192381,0.013068242495541815,0.036557612363529286,0.057874126447465625,0.08136349631545309,0.0496258548590711,0.09443173881099491
12579,Blackhole Attack,0.09353433777052571,0.03701449470379054,0.036557612363529286,0.09353433777052571,0.03701449470379054,0.036557612363529286,0.13054883247431626,0.130091950134055,0.07357210706731983,0.16710644483784554
11125,Blackhole Attack,0.016041151324412917,0.0036014942402952405,0.036557612363529286,0.016041151324412917,0.0036014942402952405,0.036557612363529286,0.019642645564708155,0.0525987636879422,0.040159106603824525,0.05620025792823744
3304,Blackhole Attack,0.14412130428481343,0.012084758948434773,0.036557612363529286,0.14412130428481343,0.012084758948434773,0.036557612363529286,0.1562060632332482,0.1806789166483427,0.048642371311964056,0.19276367559677748
5164,Blackhole Attack,0.04480588395192381,0.0184191763946688,0.010512305194609942,0.04480588395192381,0.0184191763946688,0.010512305194609942,0.06322506034659262,0.05531818914653375,0.028931481589278742,0.07373736554120255
12423,Blackhole Attack,0.09725310440597208,0.0038716893619849526,0.036557612363529286,0.09725310440597208,0.0038716893619849526,0.036557612363529286,0.10112479376795704,0.13381071676950138,0.04042930172551424,0.13768240613148633
4728,Blackhole Attack,0.04480588395192381,0.010397775395541549,0.036557612363529286,0.04480588395192381,0.010397775395541549,0.036557612363529286,0.05520365934746536,0.08136349631545309,0.046955387759070835,0.09176127171099464
5123,Blackhole Attack,0.0869948833814054,0.00993833991044276,0.036557612363529286,0.0869948833814054,0.00993833991044276,0.036557612363529286,0.09693322329184817,0.12355249574493468,0.04649595227397205,0.13349083565537745
13660,Blackhole Attack,0.0743183338517097,0.0036339294733036334,0.029954956106610545,0.0743183338517097,0.0036339294733036334,0.029954956106610545,0.07795226332501334,0.10427328995832025,0.03358888557991418,0.10790721943162389
3462,Blackhole Attack,0.12147687515259004,0.009144146431235614,0.036557612363529286,0.12147687515259004,0.009144146431235614,0.036557612363529286,0.13062102158382566,0.15803448751611932,0.0457017587947649,0.16717863394735494
4534,Blackhole Attack,0.0436414784315389,0.005118130108866079,0.036557612363529286,0.0436414784315389,0.005118130108866079,0.036557612363529286,0.04875960854040498,0.08019909079506818,0.04167574247239537,0.08531722090393426
12293,Blackhole Attack,0.07388202462506771,0.04251490332408241,0.036557612363529286,0.07388202462506771,0.04251490332408241,0.036557612363529286,0.11639692794915013,0.11043963698859699,0.0790725156876117,0.1529545403126794
3813,Blackhole Attack,0.07383112382529114,0.0036346007322496567,0.036557612363529286,0.07383112382529114,0.0036346007322496567,0.036557612363529286,0.07746572455754079,0.11038873618882042,0.040192213095778945,0.11402333692107008
2958,Blackhole Attack,0.10681183275831249,0.033007659473470785,0.036557612363529286,0.10681183275831249,0.033007659473470785,0.036557612363529286,0.13981949223178328,0.14336944512184177,0.06956527183700006,0.17637710459531256
10444,Blackhole Attack,0.07673030884237869,0.006323599678132398,0.0,0.07673030884237869,0.006323599678132398,0.0,0.08305390852051109,0.07673030884237869,0.006323599678132398,0.08305390852051109
3061,Blackhole Attack,0.08502842807176997,0.014223065341715059,0.004063421557235483,0.08502842807176997,0.014223065341715059,0.004063421557235483,0.09925149341348502,0.08909184962900545,0.018286486898950544,0.1033149149707205
4750,Blackhole Attack,0.09438056833003908,0.004914040969110823,0.036557612363529286,0.09438056833003908,0.004914040969110823,0.036557612363529286,0.0992946092991499,0.13093818069356836,0.04147165333264011,0.13585222166267918
4651,Blackhole Attack,0.11798381527606666,0.022022508499613146,0.005189234946799454,0.11798381527606666,0.022022508499613146,0.005189234946799454,0.14000632377567981,0.12317305022286612,0.027211743446412598,0.14519555872247927
13320,Blackhole Attack,0.07406481442517987,0.019349337566120964,0.036557612363529286,0.07406481442517987,0.019349337566120964,0.036557612363529286,0.09341415199130083,0.11062242678870915,0.05590694992965025,0.12997176435483013
12167,Blackhole Attack,0.10500275272379625,0.03650516850634025,0.036557612363529286,0.10500275272379625,0.03650516850634025,0.036557612363529286,0.1415079212301365,0.14156036508732553,0.07306278086986953,0.17806553359366578
4096,Blackhole Attack,0.0869948833814054,0.003168948341059407,0.036557612363529286,0.0869948833814054,0.003168948341059407,0.036557612363529286,0.09016383172246481,0.12355249574493468,0.039726560704588694,0.1267214440859941
2879,Blackhole Attack,0.10154965750403412,0.004790434949089697,0.031956072674791475,0.10154965750403412,0.004790434949089697,0.031956072674791475,0.10634009245312381,0.1335057301788256,0.036746507623881174,0.1382961651279153
10524,Blackhole Attack,0.05015812282334833,0.013154591574414707,0.036557612363529286,0.05015812282334833,0.013154591574414707,0.036557612363529286,0.06331271439776304,0.08671573518687761,0.049712203937944,0.09987032676129232
3218,Blackhole Attack,0.12293684537575819,0.008229408922962162,0.036557612363529286,0.12293684537575819,0.008229408922962162,0.036557612363529286,0.13116625429872036,0.15949445773928747,0.04478702128649145,0.16772386666224964
4571,Blackhole Attack,0.08678610572010441,0.012428158538101811,0.036557612363529286,0.08678610572010441,0.012428158538101811,0.036557612363529286,0.09921426425820622,0.1233437180836337,0.0489857709016311,0.1357718766217355
2874,Blackhole Attack,0.12831491362845632,0.02242161140455268,0.036557612363529286,0.12831491362845632,0.02242161140455268,0.036557612363529286,0.150736525033009,0.1648725259919856,0.05897922376808197,0.18729413739653827
8895,Blackhole Attack,0.05692988047956657,0.0032322688893329263,0.013594890338318991,0.05692988047956657,0.0032322688893329263,0.013594890338318991,0.06016214936889949,0.07052477081788557,0.016827159227651916,0.07375703970721849
3691,Blackhole Attack,0.13502893965100388,0.010420254789608084,0.036557612363529286,0.13502893965100388,0.010420254789608084,0.036557612363529286,0.14544919444061197,0.17158655201453316,0.04697786715313737,0.18200680680414125
10725,Blackhole Attack,0.12106872631638343,0.0030728115035613436,0.036557612363529286,0.12106872631638343,0.0030728115035613436,0.036557612363529286,0.12414153781994477,0.15762633867991271,0.03963042386709063,0.16069915018347405
13019,Blackhole Attack,0.08244447363856203,0.046971546249003585,0.036557612363529286,0.08244447363856203,0.046971546249003585,0.036557612363529286,0.12941601988756563,0.1190020860020913,0.08352915861253288,0.1659736322510949
3782,Blackhole Attack,0.11596896132680101,0.003634600733107094,0.036557612363529286,0.11596896132680101,0.003634600733107094,0.036557612363529286,0.1196035620599081,0.1525265736903303,0.040192213096636384,0.15616117442343738
13316,Blackhole Attack,0.12424104460739349,0.013399020525841004,0.036557612363529286,0.12424104460739349,0.013399020525841004,0.036557612363529286,0.13764006513323448,0.16079865697092277,0.04995663288937029,0.17419767749676376
13233,Blackhole Attack,0.08599462267302878,0.04812502415472629,0.036557612363529286,0.08599462267302878,0.04812502415472629,0.036557612363529286,0.13411964682775507,0.12255223503655807,0.08468263651825558,0.17067725919128435
13800,Blackhole Attack,0.10145958129274468,0.003929270610146862,0.010485110876579828,0.10145958129274468,0.003929270610146862,0.010485110876579828,0.10538885190289154,0.11194469216932451,0.01441438148672669,0.11587396277947137
4137,Blackhole Attack,0.09136924714034106,0.011706150455427581,0.036557612363529286,0.09136924714034106,0.011706150455427581,0.036557612363529286,0.10307539759576864,0.12792685950387034,0.04826376281895687,0.13963300995929792
10563,Blackhole Attack,0.049508336395943486,0.021833309598746384,0.0,0.049508336395943486,0.021833309598746384,0.0,0.07134164599468987,0.049508336395943486,0.021833309598746384,0.07134164599468987
3232,Blackhole Attack,0.08910252214948641,0.002350772368224495,0.036557612363529286,0.08910252214948641,0.002350772368224495,0.036557612363529286,0.0914532945177109,0.1256601345130157,0.03890838473175378,0.1280109068812402
4962,Blackhole Attack,0.09730793130445778,0.0036339294733036334,0.036557612363529286,0.09730793130445778,0.0036339294733036334,0.036557612363529286,0.1009418607777614,0.13386554366798706,0.04019154183683292,0.13749947314129068
3439,Blackhole Attack,0.11709353041551744,0.010417144374753136,0.011908467375803462,0.11709353041551744,0.010417144374753136,0.011908467375803462,0.1275106747902706,0.1290019977913209,0.022325611750556598,0.13941914216607404
4797,Blackhole Attack,0.038693272869874035,0.010199017143218012,0.036557612363529286,0.038693272869874035,0.010199017143218012,0.036557612363529286,0.048892290013092046,0.07525088523340331,0.0467566295067473,0.08544990237662134
13035,Blackhole Attack,0.09165299284240816,0.042017633891413185,0.036557612363529286,0.09165299284240816,0.042017633891413185,0.036557612363529286,0.13367062673382135,0.12821060520593744,0.07857524625494247,0.17022823909735063
4685,Blackhole Attack,0.10609676930077014,0.004723208085816923,0.036557612363529286,0.10609676930077014,0.004723208085816923,0.036557612363529286,0.11081997738658705,0.14265438166429942,0.04128082044934621,0.14737758975011633
3606,Blackhole Attack,0.11211057600425849,0.00363460073228778,0.036557612363529286,0.11211057600425849,0.00363460073228778,0.036557612363529286,0.11574517673654626,0.14866818836778778,0.04019221309581707,0.15230278910007555
3620,Blackhole Attack,0.09945770968955607,0.011396340160538707,0.036557612363529286,0.09945770968955607,0.011396340160538707,0.036557612363529286,0.11085404985009478,0.13601532205308536,0.04795395252406799,0.14741166221362406
13286,Blackhole Attack,0.02925698774108483,0.017205596667199233,0.036557612363529286,0.02925698774108483,0.017205596667199233,0.036557612363529286,0.04646258440828406,0.06581460010461412,0.05376320903072852,0.08302019677181335
4324,Blackhole Attack,0.04480588395192381,0.003634600732359098,0.036557612363529286,0.04480588395192381,0.003634600732359098,0.036557612363529286,0.04844048468428291,0.08136349631545309,0.040192213095888385,0.0849980970478122
5042,Blackhole Attack,0.1144424058180515,0.036421421362856685,0.036557612363529286,0.1144424058180515,0.036421421362856685,0.036557612363529286,0.15086382718090818,0.1510000181815808,0.07297903372638598,0.18742143954443746
2889,Blackhole Attack,0.12205628045764012,0.0004822570377726748,0.0,0.12205628045764012,0.0004822570377726748,0.0,0.1225385374954128,0.12205628045764012,0.0004822570377726748,0.1225385374954128
4425,Blackhole Attack,0.11837490797957997,0.008251592940264986,0.036557612363529286,0.11837490797957997,0.008251592940264986,0.036557612363529286,0.12662650091984495,0.15493252034310925,0.04480920530379427,0.16318411328337423
4923,Blackhole Attack,0.11687995846951962,0.035819773198059124,0.036557612363529286,0.11687995846951962,0.035819773198059124,0.036557612363529286,0.15269973166757875,0.1534375708330489,0.0723773855615884,0.18925734403110803
3208,Blackhole Attack,0.11327683933757791,0.003612083056687305,0.036557612363529286,0.11327683933757791,0.003612083056687305,0.036557612363529286,0.11688892239426522,0.1498344517011072,0.04016969542021659,0.15344653475779452
3812,Blackhole Attack,0.04218899942948159,0.009578503664042864,0.036557612363529286,0.04218899942948159,0.009578503664042864,0.036557612363529286,0.05176750309352445,0.07874661179301087,0.04613611602757215,0.08832511545705374
4723,Blackhole Attack,0.12293684537575819,0.022022504016250163,0.036557612363529286,0.12293684537575819,0.022022504016250163,0.036557612363529286,0.14495934939200836,0.15949445773928747,0.058580116379779446,0.18151696175553764
3948,Blackhole Attack,0.04518788608881599,0.024207309204785494,0.036557612363529286,0.04518788608881599,0.024207309204785494,0.036557612363529286,0.06939519529360148,0.08174549845234527,0.060764921568314784,0.10595280765713078
13244,Blackhole Attack,0.08263629929136931,0.018486394350021584,0.036557612363529286,0.08263629929136931,0.018486394350021584,0.036557612363529286,0.1011226936413909,0.1191939116548986,0.05504400671355087,0.13768030600492018
13221,Blackhole Attack,0.11626689044878158,0.020752396456295053,0.036557612363529286,0.11626689044878158,0.020752396456295053,0.036557612363529286,0.13701928690507664,0.15282450281231086,0.05731000881982434,0.17357689926860592
3723,Blackhole Attack,0.0442966381975626,0.0028899849170895844,0.036557612363529286,0.0442966381975626,0.0028899849170895844,0.036557612363529286,0.04718662311465218,0.08085425056109188,0.03944759728061887,0.08374423547818147
3922,Blackhole Attack,0.08944133601403728,0.003168791421484807,0.036557612363529286,0.08944133601403728,0.003168791421484807,0.036557612363529286,0.09261012743552209,0.12599894837756656,0.039726403785014096,0.12916773979905138
2904,Blackhole Attack,0.133380390099985,0.010153686395323845,0.036557612363529286,0.133380390099985,0.010153686395323845,0.036557612363529286,0.14353407649530886,0.1699380024635143,0.04671129875885313,0.18009168885883814
12362,Blackhole Attack,0.07105658114743857,0.04632363868959983,0.011831684389532957,0.07105658114743857,0.04632363868959983,0.011831684389532957,0.11738021983703839,0.08288826553697153,0.058155323079132785,0.12921190422657136
3050,Blackhole Attack,0.046058342907108835,0.0033408265371836303,0.036557612363529286,0.046058342907108835,0.0033408265371836303,0.036557612363529286,0.049399169444292464,0.08261595527063811,0.039898438900712915,0.08595678180782175
11690,Blackhole Attack,0.06781180465448101,0.0036339294734130997,0.036557612363529286,0.06781180465448101,0.0036339294734130997,0.036557612363529286,0.07144573412789411,0.10436941701801031,0.04019154183694239,0.1080033464914234
4239,Blackhole Attack,0.04480588395192381,0.009746897165487711,0.036557612363529286,0.04480588395192381,0.009746897165487711,0.036557612363529286,0.05455278111741152,0.08136349631545309,0.046304509529017,0.0911103934809408
12214,Blackhole Attack,0.08498606468453092,0.02996270980614662,0.036557612363529286,0.08498606468453092,0.02996270980614662,0.036557612363529286,0.11494877449067753,0.12154367704806021,0.0665203221696759,0.1515063868542068
3341,Blackhole Attack,0.031346422273807295,0.04697154624915115,0.036557612363529286,0.031346422273807295,0.04697154624915115,0.036557612363529286,0.07831796852295844,0.06790403463733657,0.08352915861268043,0.11487558088648772
2915,Blackhole Attack,0.0,0.0052331990927985475,0.036557612363529286,0.0,0.0052331990927985475,0.036557612363529286,0.0052331990927985475,0.036557612363529286,0.041790811456327834,0.041790811456327834
4553,Blackhole Attack,0.06567065538571723,0.0036339294734512306,0.036557612363529286,0.06567065538571723,0.0036339294734512306,0.036557612363529286,0.06930458485916846,0.10222826774924651,0.04019154183698052,0.10586219722269774
3993,Blackhole Attack,0.1287145946082848,0.009595710646275147,0.036557612363529286,0.1287145946082848,0.009595710646275147,0.036557612363529286,0.13831030525455995,0.16527220697181408,0.04615332300980443,0.17486791761808923
3075,Blackhole Attack,0.12075474158816267,0.014438761155547646,0.036557612363529286,0.12075474158816267,0.014438761155547646,0.036557612363529286,0.1351935027437103,0.15731235395169196,0.05099637351907693,0.1717511151072396
12742,Blackhole Attack,0.029630355115246587,0.009624997146572035,0.036557612363529286,0.029630355115246587,0.009624997146572035,0.036557612363529286,0.03925535226181862,0.06618796747877587,0.04618260951010132,0.07581296462534791
16775,Flooding Attack,0.08613923750839983,0.037782772262896114,0.036557612363529286,0.08613923750839983,0.037782772262896114,0.036557612363529286,0.12392200977129594,0.12269684987192911,0.0743403846264254,0.16047962213482522
17777,Flooding Attack,0.12897733589299315,0.020833508426828,0.01220889823109836,0.12897733589299315,0.020833508426828,0.01220889823109836,0.14981084431982114,0.1411862341240915,0.03304240665792636,0.1620197425509195
14375,Flooding Attack,0.04456050200435301,0.034868945864246464,0.006021573846325487,0.04456050200435301,0.034868945864246464,0.006021573846325487,0.07942944786859948,0.0505820758506785,0.04089051971057195,0.08545102171492497
8126,Flooding Attack,0.04480588395192381,0.04771623783355668,0.0,0.04480588395192381,0.04771623783355668,0.0,0.09252212178548049,0.04480588395192381,0.04771623783355668,0.09252212178548049
16976,Flooding Attack,0.09276896885952562,0.04697087499009569,0.036557612363529286,0.09276896885952562,0.04697087499009569,0.036557612363529286,0.13973984384962132,0.1293265812230549,0.08352848735362498,0.1762974562131506
17778,Flooding Attack,0.1298928565983257,0.0461433367873599,0.03372409146011178,0.1298928565983257,0.0461433367873599,0.03372409146011178,0.1760361933856856,0.16361694805843746,0.07986742824747167,0.2097602848457974
16852,Flooding Attack,0.1219127728793523,0.04697154624904171,0.0,0.1219127728793523,0.04697154624904171,0.0,0.16888431912839402,0.1219127728793523,0.04697154624904171,0.16888431912839402
16349,Flooding Attack,0.09236348407232281,0.06289169561220131,0.006021573846325487,0.09236348407232281,0.06289169561220131,0.006021573846325487,0.15525517968452412,0.0983850579186483,0.0689132694585268,0.1612767535308496
18291,Flooding Attack,0.08857212472366932,0.06278530357252797,0.018128763470033383,0.08857212472366932,0.06278530357252797,0.018128763470033383,0.1513574282961973,0.1067008881937027,0.08091406704256135,0.1694861917662307
17875,Flooding Attack,0.11476084273520504,0.04890587590915736,0.0,0.11476084273520504,0.04890587590915736,0.0,0.16366671864436239,0.11476084273520504,0.04890587590915736,0.16366671864436239
17774,Flooding Attack,0.12091086739618873,0.03511030039452645,0.0,0.12091086739618873,0.03511030039452645,0.0,0.15602116779071518,0.12091086739618873,0.03511030039452645,0.15602116779071518
8557,Flooding Attack,0.04480588395192381,0.04697087499005756,0.036557612363529286,0.04480588395192381,0.04697087499005756,0.036557612363529286,0.09177675894198137,0.08136349631545309,0.08352848735358684,0.12833437130551065
17867,Flooding Attack,0.08910252214948641,0.06139635963109015,0.0,0.08910252214948641,0.06139635963109015,0.0,0.15049888178057658,0.08910252214948641,0.06139635963109015,0.15049888178057658
17531,Flooding Attack,0.11349899271150032,0.046971546249003585,0.0,0.11349899271150032,0.046971546249003585,0.0,0.1604705389605039,0.11349899271150032,0.046971546249003585,0.1604705389605039
14373,Flooding Attack,0.06656033757283115,0.03790794622570742,0.01564832143709282,0.06656033757283115,0.03790794622570742,0.01564832143709282,0.10446828379853858,0.08220865900992397,0.05355626766280024,0.12011660523563139
16815,Flooding Attack,0.09014229327034787,0.04697166116863793,0.016056800906713374,0.09014229327034787,0.04697166116863793,0.016056800906713374,0.1371139544389858,0.10619909417706125,0.0630284620753513,0.15317075534569918
16885,Flooding Attack,0.10711857123324534,0.05183710140119906,0.01877884424971937,0.10711857123324534,0.05183710140119906,0.01877884424971937,0.15895567263444438,0.1258974154829647,0.07061594565091843,0.17773451688416375
16630,Flooding Attack,0.0946691478059628,0.04697087499005756,0.015465581386700964,0.0946691478059628,0.04697087499005756,0.015465581386700964,0.14164002279602037,0.11013472919266377,0.06243645637675852,0.15710560418272132
8169,Flooding Attack,0.04480588395192381,0.04697166116863793,0.0,0.04480588395192381,0.04697166116863793,0.0,0.09177754512056174,0.04480588395192381,0.04697166116863793,0.09177754512056174
16450,Flooding Attack,0.11061523224815512,0.005817539486475931,0.03646975821536328,0.11061523224815512,0.005817539486475931,0.03646975821536328,0.11643277173463104,0.1470849904635184,0.04228729770183921,0.15290252994999431
8535,Flooding Attack,0.08999377004073982,0.04637211742757872,0.004168272550828788,0.08999377004073982,0.04637211742757872,0.004168272550828788,0.13636588746831854,0.0941620425915686,0.050540389978407506,0.14053416001914734
18227,Flooding Attack,0.1191242178036335,0.04629992148166916,0.006021573846325487,0.1191242178036335,0.04629992148166916,0.006021573846325487,0.16542413928530264,0.12514579164995898,0.05232149532799464,0.17144571313162812
16866,Flooding Attack,0.11755973919846652,0.056159596916570756,0.0,0.11755973919846652,0.056159596916570756,0.0,0.17371933611503726,0.11755973919846652,0.056159596916570756,0.17371933611503726
14457,Flooding Attack,0.13199415619285287,0.048086348837112325,0.036557612363529286,0.13199415619285287,0.048086348837112325,0.036557612363529286,0.1800805050299652,0.16855176855638215,0.0846439612006416,0.21663811739349448
8598,Flooding Attack,0.08684961127739915,0.017975058899287466,0.0,0.08684961127739915,0.017975058899287466,0.0,0.10482467017668662,0.08684961127739915,0.017975058899287466,0.10482467017668662
17242,Flooding Attack,0.04638761472623316,0.04636417524753757,0.016972911776847587,0.04638761472623316,0.04636417524753757,0.016972911776847587,0.09275178997377073,0.06336052650308074,0.06333708702438515,0.10972470175061833
7543,Flooding Attack,0.0869948833814054,0.045503155338184935,0.0,0.0869948833814054,0.045503155338184935,0.0,0.13249803871959034,0.0869948833814054,0.045503155338184935,0.13249803871959034
14540,Flooding Attack,0.08604191663834544,0.04626687240253558,0.0,0.08604191663834544,0.04626687240253558,0.0,0.13230878904088103,0.08604191663834544,0.04626687240253558,0.13230878904088103
14482,Flooding Attack,0.04480588395192381,0.014379709976062183,0.006021573846325487,0.04480588395192381,0.014379709976062183,0.006021573846325487,0.05918559392798599,0.05082745779824929,0.02040128382238767,0.06520716777431147
16925,Flooding Attack,0.10481890281395881,0.03736275094001017,0.005653956048678484,0.10481890281395881,0.03736275094001017,0.005653956048678484,0.14218165375396896,0.11047285886263729,0.043016706988688654,0.14783560980264746
17911,Flooding Attack,0.12952189730677005,0.050255702204930544,0.006021573846325487,0.12952189730677005,0.050255702204930544,0.006021573846325487,0.17977759951170058,0.13554347115309553,0.05627727605125603,0.18579917335802607
17608,Flooding Attack,0.08910252214948641,0.018255083652391018,0.0,0.08910252214948641,0.018255083652391018,0.0,0.10735760580187743,0.08910252214948641,0.018255083652391018,0.10735760580187743
14469,Flooding Attack,0.10907839645395187,0.04624663224297879,0.006021573846325487,0.10907839645395187,0.04624663224297879,0.006021573846325487,0.15532502869693066,0.11509997030027735,0.05226820608930428,0.16134660254325614
17469,Flooding Attack,0.11983538988430598,0.05100909976471434,0.0,0.11983538988430598,0.05100909976471434,0.0,0.17084448964902033,0.11983538988430598,0.05100909976471434,0.17084448964902033
16584,Flooding Attack,0.12080046599563628,0.011776230503150723,0.036557612363529286,0.12080046599563628,0.011776230503150723,0.036557612363529286,0.132576696498787,0.15735807835916557,0.04833384286668001,0.16913430886231628
18212,Flooding Attack,0.06125460377120151,0.04697154624904171,0.0,0.06125460377120151,0.04697154624904171,0.0,0.10822615002024322,0.06125460377120151,0.04697154624904171,0.10822615002024322
16680,Flooding Attack,0.1286147475406038,0.047025226695357775,0.03501737936436993,0.1286147475406038,0.047025226695357775,0.03501737936436993,0.1756399742359616,0.16363212690497375,0.08204260605972771,0.21065735360033153
17141,Flooding Attack,0.04691352272000482,0.04770975853137416,0.03227787323076737,0.04691352272000482,0.04770975853137416,0.03227787323076737,0.09462328125137898,0.07919139595077218,0.07998763176214152,0.12690115448214634
17591,Flooding Attack,0.12385385394103748,0.047340091023656994,0.0,0.12385385394103748,0.047340091023656994,0.0,0.17119394496469448,0.12385385394103748,0.047340091023656994,0.17119394496469448
18258,Flooding Attack,0.1023392198571994,0.04697087499020516,0.006021573846325487,0.1023392198571994,0.04697087499020516,0.006021573846325487,0.14931009484740457,0.10836079370352489,0.05299244883653064,0.15533166869373005
8373,Flooding Attack,0.04691352272000482,0.02243939710578089,0.0,0.04691352272000482,0.02243939710578089,0.0,0.0693529198257857,0.04691352272000482,0.02243939710578089,0.0693529198257857
8525,Flooding Attack,0.04480588395192381,0.04697087499009569,0.036557612363529286,0.04480588395192381,0.04697087499009569,0.036557612363529286,0.0917767589420195,0.08136349631545309,0.08352848735362498,0.12833437130554878
16459,Flooding Attack,0.04691352272000482,0.036458684734235726,0.0,0.04691352272000482,0.036458684734235726,0.0,0.08337220745424054,0.04691352272000482,0.036458684734235726,0.08337220745424054
17310,Flooding Attack,0.1227627309255643,0.022685802241762986,0.0407495796060593,0.1227627309255643,0.022685802241762986,0.0407495796060593,0.14544853316732728,0.1635123105316236,0.06343538184782228,0.18619811277338658
8364,Flooding Attack,0.10528091555194863,0.04851125183173688,0.0,0.10528091555194863,0.04851125183173688,0.0,0.1537921673836855,0.10528091555194863,0.04851125183173688,0.1537921673836855
17475,Flooding Attack,0.11882549330564751,0.020877865321656804,0.0,0.11882549330564751,0.020877865321656804,0.0,0.13970335862730432,0.11882549330564751,0.020877865321656804,0.13970335862730432
18274,Flooding Attack,0.0764521324674097,0.04780826062992627,0.0048890293808001965,0.0764521324674097,0.04780826062992627,0.0048890293808001965,0.12426039309733597,0.0813411618482099,0.05269729001072647,0.12914942247813616
16452,Flooding Attack,0.11349899271150032,0.017844401026084533,0.036557612363529286,0.11349899271150032,0.017844401026084533,0.036557612363529286,0.13134339373758486,0.1500566050750296,0.05440201338961382,0.16790100610111414
17566,Flooding Attack,0.09203063996083485,0.06026926063250912,0.036557612363529286,0.09203063996083485,0.06026926063250912,0.036557612363529286,0.15229990059334397,0.12858825232436413,0.0968268729960384,0.18885751295687325
8524,Flooding Attack,0.04480588395192381,0.04627872147580923,0.036557612363529286,0.04480588395192381,0.04627872147580923,0.036557612363529286,0.09108460542773303,0.08136349631545309,0.08283633383933851,0.1276422177912623
7578,Flooding Attack,0.1380864487470151,0.05074669007027078,0.0,0.1380864487470151,0.05074669007027078,0.0,0.18883313881728586,0.1380864487470151,0.05074669007027078,0.18883313881728586
17160,Flooding Attack,0.07385932926930167,0.05155530949428875,0.012494936418785324,0.07385932926930167,0.05155530949428875,0.012494936418785324,0.1254146387635904,0.08635426568808699,0.06405024591307407,0.13790957518237573
14312,Flooding Attack,0.08258163495798095,0.01873968438027048,0.0,0.08258163495798095,0.01873968438027048,0.0,0.10132131933825142,0.08258163495798095,0.01873968438027048,0.10132131933825142
8264,Flooding Attack,0.04480588395192381,0.04837123139663618,0.036557612363529286,0.04480588395192381,0.04837123139663618,0.036557612363529286,0.09317711534855999,0.08136349631545309,0.08492884376016546,0.12973472771208927
8334,Flooding Attack,0.0869948833814054,0.05194200311370137,0.0,0.0869948833814054,0.05194200311370137,0.0,0.13893688649510677,0.0869948833814054,0.05194200311370137,0.13893688649510677
17502,Flooding Attack,0.11794687576928084,0.046648242329201874,0.0,0.11794687576928084,0.046648242329201874,0.0,0.1645951180984827,0.11794687576928084,0.046648242329201874,0.1645951180984827
7512,Flooding Attack,0.10650027890204947,0.046971546249003585,0.021023774984802422,0.10650027890204947,0.046971546249003585,0.021023774984802422,0.15347182515105307,0.1275240538868519,0.067995321233806,0.1744956001358555
14249,Flooding Attack,0.10672298579384135,0.05089031119968686,0.010073218337558958,0.10672298579384135,0.05089031119968686,0.010073218337558958,0.15761329699352822,0.11679620413140031,0.06096352953724582,0.16768651533108717
17238,Flooding Attack,0.13502147810612525,0.04841700153893937,0.04015325178956436,0.13502147810612525,0.04841700153893937,0.04015325178956436,0.1834384796450646,0.1751747298956896,0.08857025332850373,0.22359173143462896
16958,Flooding Attack,0.1161521746882366,0.0454617068237132,0.0,0.1161521746882366,0.0454617068237132,0.0,0.1616138815119498,0.1161521746882366,0.0454617068237132,0.1616138815119498
17298,Flooding Attack,0.09660827817272058,0.046300937680039726,0.044953086849118404,0.09660827817272058,0.046300937680039726,0.044953086849118404,0.1429092158527603,0.14156136502183897,0.09125402452915812,0.1878623027018787
17227,Flooding Attack,0.14412130428481343,0.04552030094189057,0.0,0.14412130428481343,0.04552030094189057,0.0,0.189641605226704,0.14412130428481343,0.04552030094189057,0.189641605226704
17062,Flooding Attack,0.0869948833814054,0.05183710140119906,0.0,0.0869948833814054,0.05183710140119906,0.0,0.13883198478260445,0.0869948833814054,0.05183710140119906,0.13883198478260445
8143,Flooding Attack,0.13803181004575446,0.05100909976471434,0.0013325820466092736,0.13803181004575446,0.05100909976471434,0.0013325820466092736,0.1890409098104688,0.13936439209236373,0.052341681811323613,0.19037349185707808
18002,Flooding Attack,0.09963839939761993,0.04697087499016703,0.0,0.09963839939761993,0.04697087499016703,0.0,0.14660927438778695,0.09963839939761993,0.04697087499016703,0.14660927438778695
16912,Flooding Attack,0.08910252214948641,0.0454617068237132,0.0,0.08910252214948641,0.0454617068237132,0.0,0.1345642289731996,0.08910252214948641,0.0454617068237132,0.1345642289731996
17817,Flooding Attack,0.08127992541326866,0.048086348837112325,0.002800795632303715,0.08127992541326866,0.048086348837112325,0.002800795632303715,0.129366274250381,0.08408072104557238,0.05088714446941604,0.1321670698826847
16357,Flooding Attack,0.11352754895543848,0.06250074226415846,0.0,0.11352754895543848,0.06250074226415846,0.0,0.17602829121959696,0.11352754895543848,0.06250074226415846,0.17602829121959696
17218,Flooding Attack,0.11692602925451541,0.03765897888915454,0.036557612363529286,0.11692602925451541,0.03765897888915454,0.036557612363529286,0.15458500814366993,0.1534836416180447,0.07421659125268382,0.1911426205071992
16763,Flooding Attack,0.09642253650813576,0.046971546249003585,0.01650181483802012,0.09642253650813576,0.046971546249003585,0.01650181483802012,0.14339408275713933,0.11292435134615587,0.0634733610870237,0.15989589759515946
18237,Flooding Attack,0.09066336409223022,0.04738908814080828,0.015504845994107045,0.09066336409223022,0.04738908814080828,0.015504845994107045,0.1380524522330385,0.10616821008633727,0.06289393413491533,0.15355729822714553
18243,Flooding Attack,0.04480588395192381,0.036326214995737176,0.006021573846325487,0.04480588395192381,0.036326214995737176,0.006021573846325487,0.08113209894766099,0.05082745779824929,0.04234778884206266,0.08715367279398648
17485,Flooding Attack,0.04480588395192381,0.04842249638709785,0.0,0.04480588395192381,0.04842249638709785,0.0,0.09322838033902166,0.04480588395192381,0.04842249638709785,0.09322838033902166
8270,Flooding Attack,0.12871871136162463,0.04629314192683912,0.036557612363529286,0.12871871136162463,0.04629314192683912,0.036557612363529286,0.17501185328846375,0.1652763237251539,0.08285075429036841,0.21156946565199303
17688,Flooding Attack,0.11816033274549609,0.04697087499009569,0.036557612363529286,0.11816033274549609,0.04697087499009569,0.036557612363529286,0.16513120773559178,0.15471794510902537,0.08352848735362498,0.20168882009912106
16695,Flooding Attack,0.12635763444798478,0.01915184753146891,0.036557612363529286,0.12635763444798478,0.01915184753146891,0.036557612363529286,0.14550948197945368,0.16291524681151406,0.055709459894998196,0.18206709434298296
17565,Flooding Attack,0.11578250914283413,0.04787481813234011,0.0,0.11578250914283413,0.04787481813234011,0.0,0.16365732727517424,0.11578250914283413,0.04787481813234011,0.16365732727517424
8186,Flooding Attack,0.08999377004073982,0.018510504959047935,0.006021573846325487,0.08999377004073982,0.018510504959047935,0.006021573846325487,0.10850427499978775,0.0960153438870653,0.024532078805373423,0.11452584884611323
14303,Flooding Attack,0.0743986630026745,0.02498346287372573,0.0,0.0743986630026745,0.02498346287372573,0.0,0.09938212587640023,0.0743986630026745,0.02498346287372573,0.09938212587640023
16643,Flooding Attack,0.04480588395192381,0.02023689759625784,0.03772756197290357,0.04480588395192381,0.02023689759625784,0.03772756197290357,0.06504278154818165,0.08253344592482738,0.05796445956916141,0.10277034352108522
17337,Flooding Attack,0.08598062983090506,0.017400863305120137,0.001962564910364353,0.08598062983090506,0.017400863305120137,0.001962564910364353,0.1033814931360252,0.08794319474126941,0.01936342821548449,0.10534405804638955
8351,Flooding Attack,0.12596314406704676,0.05141362702563654,0.0,0.12596314406704676,0.05141362702563654,0.0,0.1773767710926833,0.12596314406704676,0.05141362702563654,0.1773767710926833
16966,Flooding Attack,0.1275878890148181,0.021076218526728693,0.006021573846325487,0.1275878890148181,0.021076218526728693,0.006021573846325487,0.1486641075415468,0.13360946286114359,0.02709779237305418,0.15468568138787228
14442,Flooding Attack,0.08762422099774621,0.023564443975628287,0.015906834412602572,0.08762422099774621,0.023564443975628287,0.015906834412602572,0.1111886649733745,0.10353105541034878,0.03947127838823086,0.12709549938597708
18309,Flooding Attack,0.09229608173260047,0.04636417524753757,0.0,0.09229608173260047,0.04636417524753757,0.0,0.13866025698013804,0.09229608173260047,0.04636417524753757,0.13866025698013804
17888,Flooding Attack,0.07580414973989859,0.04624437677303452,0.0,0.07580414973989859,0.04624437677303452,0.0,0.1220485265129331,0.07580414973989859,0.04624437677303452,0.1220485265129331
17990,Flooding Attack,0.11687503482008746,0.047877611966338454,0.006021573846325487,0.11687503482008746,0.047877611966338454,0.006021573846325487,0.16475264678642593,0.12289660866641294,0.05389918581266394,0.1707742206327514
17849,Flooding Attack,0.11239251487969969,0.0462581397214066,0.0,0.11239251487969969,0.0462581397214066,0.0,0.15865065460110628,0.11239251487969969,0.0462581397214066,0.15865065460110628
17590,Flooding Attack,0.0869948833814054,0.046422216581709246,0.0,0.0869948833814054,0.046422216581709246,0.0,0.13341709996311465,0.0869948833814054,0.046422216581709246,0.13341709996311465
17264,Flooding Attack,0.08910252214948641,0.04795632833649136,0.05102120075854172,0.08910252214948641,0.04795632833649136,0.05102120075854172,0.13705885048597777,0.14012372290802813,0.09897752909503307,0.18808005124451949
8590,Flooding Attack,0.11613280250830751,0.04804367859895127,0.04863205706452787,0.11613280250830751,0.04804367859895127,0.04863205706452787,0.1641764811072588,0.16476485957283538,0.09667573566347915,0.21280853817178666
18172,Flooding Attack,0.05380544792171453,0.06278530357252797,0.006021573846325487,0.05380544792171453,0.06278530357252797,0.006021573846325487,0.1165907514942425,0.059827021768040015,0.06880687741885345,0.12261232534056798
17051,Flooding Attack,0.07832396018188541,0.04649886776826435,0.012494936418785324,0.07832396018188541,0.04649886776826435,0.012494936418785324,0.12482282795014976,0.09081889660067073,0.05899380418704967,0.13731776436893509
17889,Flooding Attack,0.06305702625481796,0.04697166116863793,0.0,0.06305702625481796,0.04697166116863793,0.0,0.1100286874234559,0.06305702625481796,0.04697166116863793,0.1100286874234559
17514,Flooding Attack,0.11912750689616088,0.061365866314276596,0.0,0.11912750689616088,0.061365866314276596,0.0,0.18049337321043746,0.11912750689616088,0.061365866314276596,0.18049337321043746
16411,Flooding Attack,0.10885243285423896,0.04697165187968046,0.016056800906713374,0.10885243285423896,0.04697165187968046,0.016056800906713374,0.1558240847339194,0.12490923376095234,0.06302845278639382,0.17188088564063278
14333,Flooding Attack,0.1194397706827775,0.021178802856375356,0.036557612363529286,0.1194397706827775,0.021178802856375356,0.036557612363529286,0.14061857353915286,0.15599738304630678,0.05773641521990464,0.17717618590268214
18287,Flooding Attack,0.06778263068881867,0.04632867838125987,0.0,0.06778263068881867,0.04632867838125987,0.0,0.11411130907007853,0.06778263068881867,0.04632867838125987,0.11411130907007853
16760,Flooding Attack,0.04480588395192381,0.04770668604478734,0.0,0.04480588395192381,0.04770668604478734,0.0,0.09251256999671115,0.04480588395192381,0.04770668604478734,0.09251256999671115
17686,Flooding Attack,0.10296089551825394,0.027894486003875854,0.0,0.10296089551825394,0.027894486003875854,0.0,0.13085538152212978,0.10296089551825394,0.027894486003875854,0.13085538152212978
16687,Flooding Attack,0.1142626830548358,0.06148464919549466,0.02086597191718631,0.1142626830548358,0.06148464919549466,0.02086597191718631,0.17574733225033046,0.13512865497202212,0.08235062111268096,0.19661330416751677
18141,Flooding Attack,0.10481890281395881,0.04890587590915736,0.006021573846325487,0.10481890281395881,0.04890587590915736,0.006021573846325487,0.15372477872311618,0.11084047666028429,0.054927449755482846,0.15974635256944167
16684,Flooding Attack,0.06403199579893944,0.050561590846407906,0.03276826611569651,0.06403199579893944,0.050561590846407906,0.03276826611569651,0.11459358664534734,0.09680026191463595,0.08332985696210442,0.14736185276104385
14416,Flooding Attack,0.0869948833814054,0.017764940437354187,0.0,0.0869948833814054,0.017764940437354187,0.0,0.10475982381875959,0.0869948833814054,0.017764940437354187,0.10475982381875959
8296,Flooding Attack,0.10819446360208976,0.054720970052291436,0.036557612363529286,0.10819446360208976,0.054720970052291436,0.036557612363529286,0.1629154336543812,0.14475207596561904,0.09127858241582072,0.19947304601791047
8363,Flooding Attack,0.04480588395192381,0.018342115667102223,0.006021573846325487,0.04480588395192381,0.018342115667102223,0.006021573846325487,0.06314799961902604,0.05082745779824929,0.02436368951342771,0.06916957346535152
8205,Flooding Attack,0.07971848250317787,0.040200117236139594,0.0,0.07971848250317787,0.040200117236139594,0.0,0.11991859973931746,0.07971848250317787,0.040200117236139594,0.11991859973931746
8242,Flooding Attack,0.12194895486756191,0.04670852891974481,0.036557612363529286,0.12194895486756191,0.04670852891974481,0.036557612363529286,0.16865748378730672,0.1585065672310912,0.08326614128327409,0.205215096150836
16430,Flooding Attack,0.12308606927417762,0.005263056700830215,0.036557612363529286,0.12308606927417762,0.005263056700830215,0.036557612363529286,0.12834912597500783,0.1596436816377069,0.0418206690643595,0.1649067383385371
17010,Flooding Attack,0.12428945662466506,0.05457404952779432,0.023536538126264977,0.12428945662466506,0.05457404952779432,0.023536538126264977,0.17886350615245938,0.14782599475093003,0.0781105876540593,0.20240004427872435
18050,Flooding Attack,0.09824324659516637,0.046300937680039726,0.0,0.09824324659516637,0.046300937680039726,0.0,0.1445441842752061,0.09824324659516637,0.046300937680039726,0.1445441842752061
17079,Flooding Attack,0.13885184976656878,0.061397587930638604,0.03531790970797017,0.13885184976656878,0.061397587930638604,0.03531790970797017,0.20024943769720738,0.17416975947453894,0.09671549763860877,0.23556734740517754
17113,Flooding Attack,0.04691352272000482,0.04697166116863793,0.04500490226059765,0.04691352272000482,0.04697166116863793,0.04500490226059765,0.09388518388864275,0.09191842498060246,0.09197656342923557,0.1388900861492404
16445,Flooding Attack,0.11558736141279302,0.034824362049137,0.005970854146932398,0.11558736141279302,0.034824362049137,0.005970854146932398,0.15041172346193002,0.12155821555972542,0.04079521619606939,0.15638257760886243
17598,Flooding Attack,0.12037959860122788,0.046971546249003585,0.0,0.12037959860122788,0.046971546249003585,0.0,0.16735114485023145,0.12037959860122788,0.046971546249003585,0.16735114485023145
17709,Flooding Attack,0.08146579048943506,0.013092426334457563,0.0,0.08146579048943506,0.013092426334457563,0.0,0.09455821682389262,0.08146579048943506,0.013092426334457563,0.09455821682389262
17007,Flooding Attack,0.10786291020674177,0.003168658604556786,0.036557612363529286,0.10786291020674177,0.003168658604556786,0.036557612363529286,0.11103156881129855,0.14442052257027105,0.03972627096808607,0.14758918117482783
14447,Flooding Attack,0.13637732780509204,0.04880473544609222,0.0,0.13637732780509204,0.04880473544609222,0.0,0.18518206325118425,0.13637732780509204,0.04880473544609222,0.18518206325118425
16563,Flooding Attack,0.09229608173260047,0.019335419599624395,0.0,0.09229608173260047,0.019335419599624395,0.0,0.11163150133222487,0.09229608173260047,0.019335419599624395,0.11163150133222487
8541,Flooding Attack,0.10321788211947427,0.0462581397214066,0.006021573846325487,0.10321788211947427,0.0462581397214066,0.006021573846325487,0.14947602184088088,0.10923945596579976,0.05227971356773208,0.15549759568720636
17757,Flooding Attack,0.06176883314042195,0.04601183821614024,0.0,0.06176883314042195,0.04601183821614024,0.0,0.10778067135656219,0.06176883314042195,0.04601183821614024,0.10778067135656219
17937,Flooding Attack,0.07107786162430538,0.028245226321217717,0.005793665732325172,0.07107786162430538,0.028245226321217717,0.005793665732325172,0.0993230879455231,0.07687152735663055,0.03403889205354289,0.10511675367784827
14438,Flooding Attack,0.08936638595627683,0.019695975073442618,0.02479778289045546,0.08936638595627683,0.019695975073442618,0.02479778289045546,0.10906236102971945,0.11416416884673229,0.04449375796389808,0.1338601439201749
8511,Flooding Attack,0.12451356187487098,0.062611073283256,0.0,0.12451356187487098,0.062611073283256,0.0,0.187124635158127,0.12451356187487098,0.062611073283256,0.187124635158127
18284,Flooding Attack,0.11806709457175892,0.04601183821614024,0.006021573846325487,0.11806709457175892,0.04601183821614024,0.006021573846325487,0.16407893278789915,0.1240886684180844,0.05203341206246572,0.17010050663422463
8366,Flooding Attack,0.11284376443319344,0.046286078467109,0.010544979944507381,0.11284376443319344,0.046286078467109,0.010544979944507381,0.15912984290030244,0.12338874437770082,0.056831058411616384,0.1696748228448098
17404,Flooding Attack,0.11807262004894402,0.04620378734511046,0.0,0.11807262004894402,0.04620378734511046,0.0,0.16427640739405447,0.11807262004894402,0.04620378734511046,0.16427640739405447
17722,Flooding Attack,0.07834235901767979,0.04768606034815676,0.0,0.07834235901767979,0.04768606034815676,0.0,0.12602841936583656,0.07834235901767979,0.04768606034815676,0.12602841936583656
14214,Flooding Attack,0.11437158993509215,0.061063113974481525,0.036557612363529286,0.11437158993509215,0.061063113974481525,0.036557612363529286,0.17543470390957366,0.15092920229862145,0.0976207263380108,0.21199231627310294
17033,Flooding Attack,0.14382960000191625,0.0036339294733036334,0.036557612363529286,0.14382960000191625,0.0036339294733036334,0.036557612363529286,0.14746352947521987,0.18038721236544553,0.04019154183683292,0.18402114183874915
16451,Flooding Attack,0.11095501041354164,0.023143347491454982,0.01828925259738736,0.11095501041354164,0.023143347491454982,0.01828925259738736,0.13409835790499663,0.129244263010929,0.04143260008884234,0.152387610502384
17782,Flooding Attack,0.0,0.046971546249003585,0.006021573846325487,0.0,0.046971546249003585,0.006021573846325487,0.046971546249003585,0.006021573846325487,0.05299312009532907,0.05299312009532907
17075,Flooding Attack,0.04480588395192381,0.018433802680645782,0.035969078973925935,0.04480588395192381,0.018433802680645782,0.035969078973925935,0.0632396866325696,0.08077496292584974,0.054402881654571716,0.09920876560649552
16444,Flooding Attack,0.11773541633423348,0.013125600159756544,0.0,0.11773541633423348,0.013125600159756544,0.0,0.13086101649399004,0.11773541633423348,0.013125600159756544,0.13086101649399004
18305,Flooding Attack,0.04691352272000482,0.046648242329201874,0.006021573846325487,0.04691352272000482,0.046648242329201874,0.006021573846325487,0.09356176504920669,0.0529350965663303,0.05266981617552736,0.09958333889553217
17632,Flooding Attack,0.13348234409082033,0.05116726205290825,0.0,0.13348234409082033,0.05116726205290825,0.0,0.18464960614372858,0.13348234409082033,0.05116726205290825,0.18464960614372858
8359,Flooding Attack,0.04480588395192381,0.025684089169819083,0.0,0.04480588395192381,0.025684089169819083,0.0,0.07048997312174289,0.04480588395192381,0.025684089169819083,0.07048997312174289
17151,Flooding Attack,0.11988957861865844,0.01790902028279909,0.03519267156406086,0.11988957861865844,0.01790902028279909,0.03519267156406086,0.13779859890145754,0.15508225018271932,0.05310169184685995,0.1729912704655184
17211,Flooding Attack,0.08037212583920894,0.020347306136967617,0.0045945701930455345,0.08037212583920894,0.020347306136967617,0.0045945701930455345,0.10071943197617655,0.08496669603225447,0.02494187633001315,0.10531400216922208
14479,Flooding Attack,0.053146337277382494,0.061063113974481525,0.0,0.053146337277382494,0.061063113974481525,0.0,0.11420945125186402,0.053146337277382494,0.061063113974481525,0.11420945125186402
8408,Flooding Attack,0.04480588395192381,0.04697087499020516,0.0,0.04480588395192381,0.04697087499020516,0.0,0.09177675894212897,0.04480588395192381,0.04697087499020516,0.09177675894212897
18032,Flooding Attack,0.04480588395192381,0.04625718034336637,0.006021573846325487,0.04480588395192381,0.04625718034336637,0.006021573846325487,0.09106306429529018,0.05082745779824929,0.052278754189691856,0.09708463814161566
16666,Flooding Attack,0.11870161150190432,0.04697087499009569,0.0031575338514022444,0.11870161150190432,0.04697087499009569,0.0031575338514022444,0.165672486492,0.12185914535330657,0.05012840884149793,0.16883002034340225
17166,Flooding Attack,0.11829584210221125,0.04538798244204341,0.0514125667686585,0.11829584210221125,0.04538798244204341,0.0514125667686585,0.16368382454425467,0.16970840887086974,0.09680054921070191,0.21509639131291317
17740,Flooding Attack,0.035565414859237754,0.04697087499005756,0.0,0.035565414859237754,0.04697087499005756,0.0,0.08253628984929531,0.035565414859237754,0.04697087499005756,0.08253628984929531
14250,Flooding Attack,0.08569201338860485,0.011881038398881109,0.028156634646673895,0.08569201338860485,0.011881038398881109,0.028156634646673895,0.09757305178748596,0.11384864803527875,0.040037673045555,0.12572968643415985
16341,Flooding Attack,0.04691352272000482,0.04702522527450735,0.017025046593028274,0.04691352272000482,0.04702522527450735,0.017025046593028274,0.09393874799451217,0.0639385693130331,0.06405027186753562,0.11096379458754044
16941,Flooding Attack,0.11685724225655439,0.061383114971418754,0.0,0.11685724225655439,0.061383114971418754,0.0,0.17824035722797316,0.11685724225655439,0.061383114971418754,0.17824035722797316
17267,Flooding Attack,0.11075755401652353,0.0113456005661297,0.036557612363529286,0.11075755401652353,0.0113456005661297,0.036557612363529286,0.12210315458265322,0.14731516638005282,0.04790321292965899,0.1586607669461825
14481,Flooding Attack,0.12651408531380992,0.04539521139634636,0.0,0.12651408531380992,0.04539521139634636,0.0,0.17190929671015628,0.12651408531380992,0.04539521139634636,0.17190929671015628
17146,Flooding Attack,0.11430222951071783,0.009592799231990542,0.03603362273104093,0.11430222951071783,0.009592799231990542,0.03603362273104093,0.12389502874270837,0.15033585224175877,0.045626421963031474,0.1599286514737493
17975,Flooding Attack,0.04239122377528648,0.06272824292529519,0.0,0.04239122377528648,0.06272824292529519,0.0,0.10511946670058167,0.04239122377528648,0.06272824292529519,0.10511946670058167
14270,Flooding Attack,0.12404995024653129,0.0243842776344354,0.0066992439947076085,0.12404995024653129,0.0243842776344354,0.0066992439947076085,0.1484342278809667,0.1307491942412389,0.031083521629143008,0.1551334718756743
8581,Flooding Attack,0.04480588395192381,0.04490948826853774,0.036557612363529286,0.04480588395192381,0.04490948826853774,0.036557612363529286,0.08971537222046155,0.08136349631545309,0.08146710063206702,0.12627298458399083
8252,Flooding Attack,0.11386690178723056,0.0613975854399548,0.0,0.11386690178723056,0.0613975854399548,0.0,0.17526448722718535,0.11386690178723056,0.0613975854399548,0.17526448722718535
17710,Flooding Attack,0.12543253624396405,0.036796012744508395,0.0,0.12543253624396405,0.036796012744508395,0.0,0.16222854898847244,0.12543253624396405,0.036796012744508395,0.16222854898847244
8122,Flooding Attack,0.11210600983605788,0.01938425404795343,0.019387902349375576,0.11210600983605788,0.01938425404795343,0.019387902349375576,0.1314902638840113,0.13149391218543346,0.038772156397329005,0.15087816623338687
17487,Flooding Attack,0.1141218214683246,0.04629992148166916,0.0,0.1141218214683246,0.04629992148166916,0.0,0.16042174294999376,0.1141218214683246,0.04629992148166916,0.16042174294999376
17245,Flooding Attack,0.08857661415571476,0.048745383252973506,0.0287423318042381,0.08857661415571476,0.048745383252973506,0.0287423318042381,0.13732199740868828,0.11731894595995286,0.07748771505721161,0.16606432921292638
8455,Flooding Attack,0.0869948833814054,0.0455804167656062,0.0,0.0869948833814054,0.0455804167656062,0.0,0.1325753001470116,0.0869948833814054,0.0455804167656062,0.1325753001470116
17185,Flooding Attack,0.0869948833814054,0.019411586070347715,0.036557612363529286,0.0869948833814054,0.019411586070347715,0.036557612363529286,0.10640646945175311,0.12355249574493468,0.055969198433877,0.1429640818152824
14536,Flooding Attack,0.11773285788554158,0.04629992148166916,0.036557612363529286,0.11773285788554158,0.04629992148166916,0.036557612363529286,0.16403277936721072,0.15429047024907086,0.08285753384519845,0.20059039173074
17807,Flooding Attack,0.07543005939756531,0.04803357901343088,0.0,0.07543005939756531,0.04803357901343088,0.0,0.1234636384109962,0.07543005939756531,0.04803357901343088,0.1234636384109962
8217,Flooding Attack,0.04480588395192381,0.046971546249003585,0.0,0.04480588395192381,0.046971546249003585,0.0,0.09177743020092739,0.04480588395192381,0.046971546249003585,0.09177743020092739
17299,Flooding Attack,0.09999644624856688,0.05074669007027078,0.0,0.09999644624856688,0.05074669007027078,0.0,0.15074313631883765,0.09999644624856688,0.05074669007027078,0.15074313631883765
17437,Flooding Attack,0.09518233159067949,0.04648637485119403,0.0,0.09518233159067949,0.04648637485119403,0.0,0.14166870644187352,0.09518233159067949,0.04648637485119403,0.14166870644187352
17840,Flooding Attack,0.12808886143373951,0.04697154624915115,0.0018021348283819084,0.12808886143373951,0.04697154624915115,0.0018021348283819084,0.17506040768289066,0.12989099626212142,0.048773681077533056,0.17686254251127256
17552,Flooding Attack,0.04480588395192381,0.04697087499016703,0.0,0.04480588395192381,0.04697087499016703,0.0,0.09177675894209084,0.04480588395192381,0.04697087499016703,0.09177675894209084
8580,Flooding Attack,0.11558736141279302,0.04599468551086241,0.002783611421600357,0.11558736141279302,0.04599468551086241,0.002783611421600357,0.16158204692365544,0.11837097283439338,0.048778296932462765,0.1643656583452558
17406,Flooding Attack,0.07422670992399855,0.054532604941108176,0.0,0.07422670992399855,0.054532604941108176,0.0,0.12875931486510672,0.07422670992399855,0.054532604941108176,0.12875931486510672
18257,Flooding Attack,0.04480588395192381,0.051032179178730395,0.006021573846325487,0.04480588395192381,0.051032179178730395,0.006021573846325487,0.09583806313065421,0.05082745779824929,0.05705375302505588,0.1018596369769797
17568,Flooding Attack,0.0869948833814054,0.04624663224297879,0.0,0.0869948833814054,0.04624663224297879,0.0,0.1332415156243842,0.0869948833814054,0.04624663224297879,0.1332415156243842
16575,Flooding Attack,0.1194397706827775,0.004352149717039091,0.036557612363529286,0.1194397706827775,0.004352149717039091,0.036557612363529286,0.1237919203998166,0.15599738304630678,0.040909762080568374,0.16034953276334588
8530,Flooding Attack,0.08910252214948641,0.02074993242786972,0.01671735301090605,0.08910252214948641,0.02074993242786972,0.01671735301090605,0.10985245457735614,0.10581987516039246,0.03746728543877577,0.1265698075882622
18128,Flooding Attack,0.11685724225655439,0.04841860608028262,0.0,0.11685724225655439,0.04841860608028262,0.0,0.165275848336837,0.11685724225655439,0.04841860608028262,0.165275848336837
17892,Flooding Attack,0.09872166456297549,0.04865519064189244,0.0,0.09872166456297549,0.04865519064189244,0.0,0.14737685520486793,0.09872166456297549,0.04865519064189244,0.14737685520486793
17739,Flooding Attack,0.07490531749224716,0.051032179178730395,0.0,0.07490531749224716,0.051032179178730395,0.0,0.12593749667097756,0.07490531749224716,0.051032179178730395,0.12593749667097756
17258,Flooding Attack,0.08910252214948641,0.020482132176927303,0.036557612363529286,0.08910252214948641,0.020482132176927303,0.036557612363529286,0.10958465432641372,0.1256601345130157,0.057039744540456586,0.146142266689943
17982,Flooding Attack,0.08910252214948641,0.01982035491874242,0.0,0.08910252214948641,0.01982035491874242,0.0,0.10892287706822884,0.08910252214948641,0.01982035491874242,0.10892287706822884
14492,Flooding Attack,0.11986739223295645,0.04855463721817633,0.0,0.11986739223295645,0.04855463721817633,0.0,0.16842202945113277,0.11986739223295645,0.04855463721817633,0.16842202945113277
17493,Flooding Attack,0.11983538988430598,0.04697087499020516,0.0,0.11983538988430598,0.04697087499020516,0.0,0.16680626487451114,0.11983538988430598,0.04697087499020516,0.16680626487451114
17056,Flooding Attack,0.12767664046500324,0.048086348837112325,0.027080535912518577,0.12767664046500324,0.048086348837112325,0.027080535912518577,0.17576298930211556,0.15475717637752182,0.0751668847496309,0.20284352521463414
18193,Flooding Attack,0.060442777942891664,0.05093505243029076,0.027981231206664077,0.060442777942891664,0.05093505243029076,0.027981231206664077,0.11137783037318243,0.08842400914955574,0.07891628363695484,0.1393590615798465
8447,Flooding Attack,0.12660150184874583,0.04632867838125987,0.006021573846325487,0.12660150184874583,0.04632867838125987,0.006021573846325487,0.1729301802300057,0.1326230756950713,0.05235025222758535,0.17895175407633118
17665,Flooding Attack,0.04456050200435301,0.015690046687211155,0.006021573846325487,0.04456050200435301,0.015690046687211155,0.006021573846325487,0.06025054869156417,0.0505820758506785,0.021711620533536643,0.06627212253788965
8439,Flooding Attack,0.08999377004073982,0.04697087499005756,0.00558656195268159,0.08999377004073982,0.04697087499005756,0.00558656195268159,0.13696464503079736,0.0955803319934214,0.05255743694273915,0.14255120698347895
14433,Flooding Attack,0.10371326606341288,0.036463759984157094,0.036557612363529286,0.10371326606341288,0.036463759984157094,0.036557612363529286,0.14017702604756999,0.14027087842694216,0.07302137234768638,0.17673463841109927
8441,Flooding Attack,0.04480588395192381,0.04770668604478734,0.02071622121300596,0.04480588395192381,0.04770668604478734,0.02071622121300596,0.09251256999671115,0.06552210516492976,0.06842290725779329,0.1132287912097171
17858,Flooding Attack,0.11884381411295392,0.016075707327217928,0.0,0.11884381411295392,0.016075707327217928,0.0,0.13491952144017183,0.11884381411295392,0.016075707327217928,0.13491952144017183
17805,Flooding Attack,0.0,0.05155879538522814,0.0,0.0,0.05155879538522814,0.0,0.05155879538522814,0.0,0.05155879538522814,0.05155879538522814
16387,Flooding Attack,0.07854673315284999,0.010417839364765964,0.036557612363529286,0.07854673315284999,0.010417839364765964,0.036557612363529286,0.08896457251761596,0.11510434551637927,0.04697545172829525,0.12552218488114525
7524,Flooding Attack,0.04480588395192381,0.046971546249003585,0.0,0.04480588395192381,0.046971546249003585,0.0,0.09177743020092739,0.04480588395192381,0.046971546249003585,0.09177743020092739
8216,Flooding Attack,0.11708603237409261,0.04697087499005756,0.0,0.11708603237409261,0.04697087499005756,0.0,0.16405690736415018,0.11708603237409261,0.04697087499005756,0.16405690736415018
8509,Flooding Attack,0.06860126621427201,0.03342729169251092,0.00045220112759397635,0.06860126621427201,0.03342729169251092,0.00045220112759397635,0.10202855790678293,0.06905346734186599,0.0338794928201049,0.10248075903437691
17586,Flooding Attack,0.10590410028931088,0.061434029147223436,0.0,0.10590410028931088,0.061434029147223436,0.0,0.1673381294365343,0.10590410028931088,0.061434029147223436,0.1673381294365343
17595,Flooding Attack,0.1421940838140924,0.06287688287817791,0.0,0.1421940838140924,0.06287688287817791,0.0,0.20507096669227032,0.1421940838140924,0.06287688287817791,0.20507096669227032
8343,Flooding Attack,0.14629049411976006,0.046971546249003585,0.0,0.14629049411976006,0.046971546249003585,0.0,0.19326204036876365,0.14629049411976006,0.046971546249003585,0.19326204036876365
8360,Flooding Attack,0.10805521295045786,0.021425513860013692,0.0,0.10805521295045786,0.021425513860013692,0.0,0.12948072681047157,0.10805521295045786,0.021425513860013692,0.12948072681047157
14517,Flooding Attack,0.09755441954874174,0.02747276258271593,0.0,0.09755441954874174,0.02747276258271593,0.0,0.12502718213145766,0.09755441954874174,0.02747276258271593,0.12502718213145766
17164,Flooding Attack,0.11965094591390393,0.051320707800718963,0.010036468353176129,0.11965094591390393,0.051320707800718963,0.010036468353176129,0.1709716537146229,0.12968741426708005,0.06135717615389509,0.181008122067799
10387,Normal Traffic,0.0663344062832052,0.005652397732259111,0.0,0.0663344062832052,0.005652397732259111,0.0,0.07198680401546431,0.0663344062832052,0.005652397732259111,0.07198680401546431
8939,Normal Traffic,0.05481722729984145,0.004535603885748963,0.02261865739353205,0.05481722729984145,0.004535603885748963,0.02261865739353205,0.05935283118559041,0.07743588469337351,0.027154261279281014,0.08197148857912247
9767,Normal Traffic,0.09454103274693286,0.004743253724319786,0.0,0.09454103274693286,0.004743253724319786,0.0,0.09928428647125265,0.09454103274693286,0.004743253724319786,0.09928428647125265
12769,Normal Traffic,0.044438915832747554,0.0024469302897810394,0.017506349522772306,0.044438915832747554,0.0024469302897810394,0.017506349522772306,0.04688584612252859,0.06194526535551986,0.019953279812553345,0.0643921956453009
11932,Normal Traffic,0.064832739904422,0.0036575537351536897,0.036557612363529286,0.064832739904422,0.0036575537351536897,0.036557612363529286,0.06849029363957569,0.10139035226795129,0.040215166098682975,0.10504790600310498
9074,Normal Traffic,0.04615273927334132,0.003168658604556786,0.0,0.04615273927334132,0.003168658604556786,0.0,0.049321397877898104,0.04615273927334132,0.003168658604556786,0.049321397877898104
11050,Normal Traffic,0.05765699967554716,0.013361770886176183,0.0,0.05765699967554716,0.013361770886176183,0.0,0.07101877056172334,0.05765699967554716,0.013361770886176183,0.07101877056172334
10192,Normal Traffic,0.0021076387680810074,0.0221621387352176,0.0,0.0021076387680810074,0.0221621387352176,0.0,0.024269777503298607,0.0021076387680810074,0.0221621387352176,0.024269777503298607
11472,Normal Traffic,0.05819912257698152,0.0038186988480997932,0.0334481639385779,0.05819912257698152,0.0038186988480997932,0.0334481639385779,0.06201782142508131,0.09164728651555942,0.03726686278667769,0.09546598536365922
9238,Normal Traffic,0.0430777027666144,0.010265175445126552,0.005689897508814488,0.0430777027666144,0.010265175445126552,0.005689897508814488,0.053342878211740954,0.04876760027542889,0.015955072953941038,0.059032775720555444
9714,Normal Traffic,0.08413282173999621,0.003168658604556786,0.018230013670609984,0.08413282173999621,0.003168658604556786,0.018230013670609984,0.087301480344553,0.1023628354106062,0.021398672275166772,0.10553149401516299
8736,Normal Traffic,0.05214804707914269,0.01859909276580291,0.0,0.05214804707914269,0.01859909276580291,0.0,0.0707471398449456,0.05214804707914269,0.01859909276580291,0.0707471398449456
10257,Normal Traffic,0.08140088123640465,0.005258504236774856,0.0007975774564946969,0.08140088123640465,0.005258504236774856,0.0007975774564946969,0.08665938547317951,0.08219845869289935,0.0060560816932695525,0.08745696292967421
12648,Normal Traffic,0.1191854069683583,0.0028899849170895844,0.019501951006929086,0.1191854069683583,0.0028899849170895844,0.019501951006929086,0.12207539188544789,0.1386873579752874,0.02239193592401867,0.14157734289237697
12489,Normal Traffic,0.0,0.010615895668660506,0.018084029562558546,0.0,0.010615895668660506,0.018084029562558546,0.010615895668660506,0.018084029562558546,0.028699925231219052,0.028699925231219052
13366,Normal Traffic,0.08262129792028508,0.003858802713676241,0.0,0.08262129792028508,0.003858802713676241,0.0,0.08648010063396132,0.08262129792028508,0.003858802713676241,0.08648010063396132
14007,Normal Traffic,0.117222187657422,0.021953836408107726,0.03793184072111657,0.117222187657422,0.021953836408107726,0.03793184072111657,0.13917602406552973,0.15515402837853856,0.059885677129224296,0.1771078647866463
12258,Normal Traffic,0.0043510397191198315,0.022131629190579895,0.0,0.0043510397191198315,0.022131629190579895,0.0,0.026482668909699726,0.0043510397191198315,0.022131629190579895,0.026482668909699726
10829,Normal Traffic,0.0,0.010629235183155155,0.0,0.0,0.010629235183155155,0.0,0.010629235183155155,0.0,0.010629235183155155,0.010629235183155155
9425,Normal Traffic,0.058267495635474134,0.018437750652889984,0.0,0.058267495635474134,0.018437750652889984,0.0,0.07670524628836412,0.058267495635474134,0.018437750652889984,0.07670524628836412
10252,Normal Traffic,0.07004047261985143,0.008033678286846879,0.0,0.07004047261985143,0.008033678286846879,0.0,0.07807415090669831,0.07004047261985143,0.008033678286846879,0.07807415090669831
9527,Normal Traffic,0.0,0.01858517066667024,0.01670813687584992,0.0,0.01858517066667024,0.01670813687584992,0.01858517066667024,0.01670813687584992,0.035293307542520164,0.035293307542520164
10281,Normal Traffic,0.07497379876091786,0.04910146013423504,0.0,0.07497379876091786,0.04910146013423504,0.0,0.1240752588951529,0.07497379876091786,0.04910146013423504,0.1240752588951529
9275,Normal Traffic,0.08551556256171232,0.009578503664042864,0.0,0.08551556256171232,0.009578503664042864,0.0,0.09509406622575518,0.08551556256171232,0.009578503664042864,0.09509406622575518
12826,Normal Traffic,0.07347100501891399,0.021643747603201313,0.0,0.07347100501891399,0.021643747603201313,0.0,0.0951147526221153,0.07347100501891399,0.021643747603201313,0.0951147526221153
8889,Normal Traffic,0.07799705854450356,0.00835151968611366,0.036557612363529286,0.07799705854450356,0.00835151968611366,0.036557612363529286,0.08634857823061723,0.11455467090803284,0.04490913204964295,0.12290619059414651
13838,Normal Traffic,0.1105988667014697,0.009898534226193353,0.0,0.1105988667014697,0.009898534226193353,0.0,0.12049740092766306,0.1105988667014697,0.009898534226193353,0.12049740092766306
11328,Normal Traffic,0.08419188288556834,0.0036339294733036334,0.03179993709183264,0.08419188288556834,0.0036339294733036334,0.03179993709183264,0.08782581235887196,0.11599181997740098,0.03543386656513627,0.1196257494507046
12739,Normal Traffic,0.0419802217681806,0.00242262040574953,0.015760106955056655,0.0419802217681806,0.00242262040574953,0.015760106955056655,0.04440284217393013,0.057740328723237255,0.018182727360806186,0.06016294912898679
11797,Normal Traffic,0.09305491791458133,0.01859002269064905,0.015868246544525278,0.09305491791458133,0.01859002269064905,0.015868246544525278,0.11164494060523038,0.1089231644591066,0.034458269235174324,0.12751318714975565
10819,Normal Traffic,0.07994344324188447,0.0038070888483206083,0.0058131664113108515,0.07994344324188447,0.0038070888483206083,0.0058131664113108515,0.08375053209020508,0.08575660965319533,0.00962025525963146,0.08956369850151594
13625,Normal Traffic,0.08068044282519017,0.005561190148920008,0.011142727950251563,0.08068044282519017,0.005561190148920008,0.011142727950251563,0.08624163297411018,0.09182317077544173,0.016703918099171572,0.09738436092436174
10372,Normal Traffic,0.0699160629024458,0.011770763527169515,0.0,0.0699160629024458,0.011770763527169515,0.0,0.08168682642961532,0.0699160629024458,0.011770763527169515,0.08168682642961532
12789,Normal Traffic,0.11526154075358531,0.017911975938764545,0.01721679680717756,0.11526154075358531,0.017911975938764545,0.01721679680717756,0.13317351669234986,0.13247833756076288,0.0351287727459421,0.15039031349952742
12298,Normal Traffic,0.0699911640652037,0.0036339294733417652,0.036557612363529286,0.0699911640652037,0.0036339294733417652,0.036557612363529286,0.07362509353854546,0.10654877642873298,0.04019154183687105,0.11018270590207474
12511,Normal Traffic,0.0021076387680810074,0.01158779093398115,0.011126768391860008,0.0021076387680810074,0.01158779093398115,0.011126768391860008,0.013695429702062157,0.013234407159941015,0.02271455932584116,0.024822198093922165
8963,Normal Traffic,0.0698824118429843,0.005252013614073082,0.0,0.0698824118429843,0.005252013614073082,0.0,0.07513442545705738,0.0698824118429843,0.005252013614073082,0.07513442545705738
9890,Normal Traffic,0.04218908033174131,0.0038186988480997932,0.0,0.04218908033174131,0.0038186988480997932,0.0,0.046007779179841106,0.04218908033174131,0.0038186988480997932,0.046007779179841106
13538,Normal Traffic,0.0569270241275361,0.011505463281347323,0.0,0.0569270241275361,0.011505463281347323,0.0,0.06843248740888343,0.0569270241275361,0.011505463281347323,0.06843248740888343
10570,Normal Traffic,0.06797138154592602,0.01684120823053589,0.0,0.06797138154592602,0.01684120823053589,0.0,0.08481258977646192,0.06797138154592602,0.01684120823053589,0.08481258977646192
10046,Normal Traffic,0.0,0.054894536468262534,0.004396600844796039,0.0,0.054894536468262534,0.004396600844796039,0.054894536468262534,0.004396600844796039,0.05929113731305857,0.05929113731305857
8857,Normal Traffic,0.0021076387680810074,0.0036339294733417652,0.0,0.0021076387680810074,0.0036339294733417652,0.0,0.005741568241422773,0.0021076387680810074,0.0036339294733417652,0.005741568241422773
11377,Normal Traffic,0.0,0.00408270681921273,0.0,0.0,0.00408270681921273,0.0,0.00408270681921273,0.0,0.00408270681921273,0.00408270681921273
11694,Normal Traffic,0.043770730203790936,0.003207688590146414,0.0004184033461745451,0.043770730203790936,0.003207688590146414,0.0004184033461745451,0.04697841879393735,0.04418913354996548,0.0036260919363209593,0.04739682214011189
9627,Normal Traffic,0.0749011012393018,0.00435239866113211,0.0,0.0749011012393018,0.00435239866113211,0.0,0.07925349990043391,0.0749011012393018,0.00435239866113211,0.07925349990043391
9976,Normal Traffic,0.10222443710879145,0.003198471336768602,0.0,0.10222443710879145,0.003198471336768602,0.0,0.10542290844556006,0.10222443710879145,0.003198471336768602,0.10542290844556006
10447,Normal Traffic,0.06727300765497249,0.015979646304134815,0.007955455345845408,0.06727300765497249,0.015979646304134815,0.007955455345845408,0.0832526539591073,0.0752284630008179,0.023935101649980223,0.09120810930495271
10537,Normal Traffic,0.06718915873690218,0.012863473518205461,0.0042404785732899405,0.06718915873690218,0.012863473518205461,0.0042404785732899405,0.08005263225510764,0.07142963731019211,0.0171039520914954,0.08429311082839758
13723,Normal Traffic,0.003900025258047748,0.00555757024635246,0.04201728821105659,0.003900025258047748,0.00555757024635246,0.04201728821105659,0.009457595504400208,0.04591731346910434,0.047574858457409046,0.0514748837154568
11853,Normal Traffic,0.0869948833814054,0.008499887983684618,0.045693124884650244,0.0869948833814054,0.008499887983684618,0.045693124884650244,0.09549477136509002,0.13268800826605565,0.05419301286833486,0.14118789624974026
10191,Normal Traffic,0.07284634489062392,0.0036339294733036334,0.048739521835133956,0.07284634489062392,0.0036339294733036334,0.048739521835133956,0.07648027436392754,0.12158586672575787,0.05237345130843759,0.12521979619906148
13353,Normal Traffic,0.10246288362747097,0.003793571303984896,0.028327458765903986,0.10246288362747097,0.003793571303984896,0.028327458765903986,0.10625645493145587,0.13079034239337495,0.03212103006988888,0.13458391369735986
11942,Normal Traffic,0.08109352236392106,0.0036339294734512306,0.01941740560405224,0.08109352236392106,0.0036339294734512306,0.01941740560405224,0.08472745183737229,0.1005109279679733,0.02305133507750347,0.10414485744142453
10968,Normal Traffic,0.0,0.004741545710800232,0.016177944275101674,0.0,0.004741545710800232,0.016177944275101674,0.004741545710800232,0.016177944275101674,0.020919489985901905,0.020919489985901905
9755,Normal Traffic,0.08662456622278754,0.018859188108201235,0.0,0.08662456622278754,0.018859188108201235,0.0,0.10548375433098878,0.08662456622278754,0.018859188108201235,0.10548375433098878
11822,Normal Traffic,0.02156829547520913,0.0036346007322496567,0.0,0.02156829547520913,0.0036346007322496567,0.0,0.02520289620745879,0.02156829547520913,0.0036346007322496567,0.02520289620745879
13521,Normal Traffic,0.03841291338142584,0.006217668535528674,0.0,0.03841291338142584,0.006217668535528674,0.0,0.044630581916954515,0.03841291338142584,0.006217668535528674,0.044630581916954515
13674,Normal Traffic,0.10213945609688566,0.006208190283238652,0.0,0.10213945609688566,0.006208190283238652,0.0,0.10834764638012431,0.10213945609688566,0.006208190283238652,0.10834764638012431
12869,Normal Traffic,0.01666260873904679,0.0034400104726901486,0.0345373087742445,0.01666260873904679,0.0034400104726901486,0.0345373087742445,0.02010261921173694,0.05119991751329129,0.03797731924693465,0.05463992798598144
10365,Normal Traffic,0.06799377414169283,0.0045206356347253,0.0,0.06799377414169283,0.0045206356347253,0.0,0.07251440977641813,0.06799377414169283,0.0045206356347253,0.07251440977641813
8645,Normal Traffic,0.07319753366452553,0.005159728313776337,0.0,0.07319753366452553,0.005159728313776337,0.0,0.07835726197830187,0.07319753366452553,0.005159728313776337,0.07835726197830187
8753,Normal Traffic,0.054346025448089065,0.0036346007322496567,0.0007421169753212553,0.054346025448089065,0.0036346007322496567,0.0007421169753212553,0.057980626180338724,0.05508814242341032,0.004376717707570912,0.05872274315565998
10492,Normal Traffic,0.039007453270976,0.023131720330616768,0.015115113885335709,0.039007453270976,0.023131720330616768,0.015115113885335709,0.06213917360159277,0.05412256715631171,0.03824683421595248,0.07725428748692847
11159,Normal Traffic,0.04308093051512035,0.00296764830796175,0.036557612363529286,0.04308093051512035,0.00296764830796175,0.036557612363529286,0.0460485788230821,0.07963854287864963,0.039525260671491036,0.08260619118661139
10337,Normal Traffic,0.04260880041517578,0.01172126393590113,0.036557612363529286,0.04260880041517578,0.01172126393590113,0.036557612363529286,0.05433006435107691,0.07916641277870506,0.048278876299430416,0.0908876767146062
11347,Normal Traffic,0.06086191734747948,0.0036346007322496567,0.0,0.06086191734747948,0.0036346007322496567,0.0,0.06449651807972913,0.06086191734747948,0.0036346007322496567,0.06449651807972913
13102,Normal Traffic,0.0848023730978154,0.002380737867254958,0.018789007497819126,0.0848023730978154,0.002380737867254958,0.018789007497819126,0.08718311096507035,0.10359138059563452,0.021169745365074086,0.10597211846288948
8660,Normal Traffic,0.010100629371446523,0.00897481125598657,0.0,0.010100629371446523,0.00897481125598657,0.0,0.01907544062743309,0.010100629371446523,0.00897481125598657,0.01907544062743309
9382,Normal Traffic,0.059120242320016884,0.022197366535752036,0.025433615082926415,0.059120242320016884,0.022197366535752036,0.025433615082926415,0.08131760885576891,0.0845538574029433,0.04763098161867845,0.10675122393869532
11360,Normal Traffic,0.10492972568497505,0.010605337523045091,0.016585308871936613,0.10492972568497505,0.010605337523045091,0.016585308871936613,0.11553506320802014,0.12151503455691166,0.027190646394981706,0.13212037207995675
10733,Normal Traffic,0.11861795085584506,0.02465962693178837,0.0,0.11861795085584506,0.02465962693178837,0.0,0.14327757778763342,0.11861795085584506,0.02465962693178837,0.14327757778763342
8962,Normal Traffic,0.06745704553148249,0.0037044587243096182,0.043336918500183626,0.06745704553148249,0.0037044587243096182,0.043336918500183626,0.07116150425579211,0.11079396403166611,0.047041377224493246,0.11449842275597574
11695,Normal Traffic,0.07433486812284631,0.010168863429563937,0.014014440655236129,0.07433486812284631,0.010168863429563937,0.014014440655236129,0.08450373155241026,0.08834930877808245,0.024183304084800065,0.09851817220764639
13731,Normal Traffic,0.13654874423366076,0.02217003677412627,0.021396719680903956,0.13654874423366076,0.02217003677412627,0.021396719680903956,0.15871878100778702,0.1579454639145647,0.04356675645503023,0.18011550068869098
9897,Normal Traffic,0.07845655270693225,0.0036346007322496567,0.0,0.07845655270693225,0.0036346007322496567,0.0,0.0820911534391819,0.07845655270693225,0.0036346007322496567,0.0820911534391819
13757,Normal Traffic,0.07241062597711961,0.010145144353701438,0.036557612363529286,0.07241062597711961,0.010145144353701438,0.036557612363529286,0.08255577033082105,0.10896823834064889,0.046702756717230724,0.11911338269435034
8748,Normal Traffic,0.06989086704285885,0.00363460073228778,0.009726251712223334,0.06989086704285885,0.00363460073228778,0.009726251712223334,0.07352546777514662,0.07961711875508218,0.013360852444511115,0.08325171948736995
11518,Normal Traffic,0.0923399487240252,0.0032455669877222387,0.0,0.0923399487240252,0.0032455669877222387,0.0,0.09558551571174745,0.0923399487240252,0.0032455669877222387,0.09558551571174745
13725,Normal Traffic,0.11584259180171774,0.008189348213084492,0.0,0.11584259180171774,0.008189348213084492,0.0,0.12403194001480224,0.11584259180171774,0.008189348213084492,0.12403194001480224
10001,Normal Traffic,0.07099085653803182,0.004914039742977568,0.010118234042335639,0.07099085653803182,0.004914039742977568,0.010118234042335639,0.07590489628100938,0.08110909058036746,0.015032273785313206,0.08602313032334502
12334,Normal Traffic,0.059658115929597806,0.0036339294733036334,0.020242159033211624,0.059658115929597806,0.0036339294733036334,0.020242159033211624,0.06329204540290144,0.07990027496280944,0.023876088506515257,0.08353420443611306
11127,Normal Traffic,0.08166694413876603,0.0031685107738822853,0.02618231632064625,0.08166694413876603,0.0031685107738822853,0.02618231632064625,0.08483545491264832,0.10784926045941229,0.029350827094528534,0.11101777123329457
13739,Normal Traffic,0.0,0.004835881823395718,0.0030188606317356,0.0,0.004835881823395718,0.0030188606317356,0.004835881823395718,0.0030188606317356,0.007854742455131318,0.007854742455131318
8999,Normal Traffic,0.05768789777116361,0.0026773050801608992,0.0,0.05768789777116361,0.0026773050801608992,0.0,0.060365202851324504,0.05768789777116361,0.0026773050801608992,0.060365202851324504
9776,Normal Traffic,0.0029637164340154676,0.021953836408107726,0.0,0.0029637164340154676,0.021953836408107726,0.0,0.024917552842123193,0.0029637164340154676,0.021953836408107726,0.024917552842123193
9618,Normal Traffic,0.03828142906293849,0.0032459578127931104,0.0,0.03828142906293849,0.0032459578127931104,0.0,0.041527386875731605,0.03828142906293849,0.0032459578127931104,0.041527386875731605
13432,Normal Traffic,0.054651825737632255,0.0037102050148831167,0.030467424356776514,0.054651825737632255,0.0037102050148831167,0.030467424356776514,0.05836203075251537,0.08511925009440877,0.034177629371659635,0.08882945510929188
11174,Normal Traffic,0.0426485382002164,0.00363460073228778,0.0,0.0426485382002164,0.00363460073228778,0.0,0.04628313893250418,0.0426485382002164,0.00363460073228778,0.04628313893250418
14115,Normal Traffic,0.07971848250317787,0.0036339294733417652,0.019501951006929086,0.07971848250317787,0.0036339294733417652,0.019501951006929086,0.08335241197651963,0.09922043351010695,0.023135880480270852,0.10285436298344872
11031,Normal Traffic,0.09594038401068905,0.01814149314854854,0.0,0.09594038401068905,0.01814149314854854,0.0,0.1140818771592376,0.09594038401068905,0.01814149314854854,0.1140818771592376
10521,Normal Traffic,0.05510811104800435,0.0036346007322496567,0.0031388066273372018,0.05510811104800435,0.0036346007322496567,0.0031388066273372018,0.05874271178025401,0.058246917675341556,0.006773407359586859,0.061881518407591214
9008,Normal Traffic,0.08568523304143352,0.00363392947427072,0.04508705833211904,0.08568523304143352,0.00363392947427072,0.04508705833211904,0.08931916251570424,0.13077229137355256,0.04872098780638976,0.13440622084782328
9269,Normal Traffic,0.08336103646241622,0.00914648952038058,0.0,0.08336103646241622,0.00914648952038058,0.0,0.0925075259827968,0.08336103646241622,0.00914648952038058,0.0925075259827968
9116,Normal Traffic,0.009125440378014604,0.010605337523045091,0.0,0.009125440378014604,0.010605337523045091,0.0,0.019730777901059697,0.009125440378014604,0.010605337523045091,0.019730777901059697
11182,Normal Traffic,0.07025903868199385,0.022123330373293754,0.015877466231720233,0.07025903868199385,0.022123330373293754,0.015877466231720233,0.0923823690552876,0.08613650491371408,0.03800079660501399,0.10825983528700783
10522,Normal Traffic,0.0786791900795274,0.01103568086754408,0.023114650691852603,0.0786791900795274,0.01103568086754408,0.023114650691852603,0.08971487094707148,0.10179384077138,0.03415033155939669,0.11282952163892408
11109,Normal Traffic,0.0468201320162672,0.0036346007322496567,0.035072772045816755,0.0468201320162672,0.0036346007322496567,0.035072772045816755,0.05045473274851686,0.08189290406208397,0.038707372778066414,0.08552750479433362
9923,Normal Traffic,0.1042679287069787,0.0067212671926437425,0.018623226105443938,0.1042679287069787,0.0067212671926437425,0.018623226105443938,0.11098919589962243,0.12289115481242263,0.025344493298087682,0.12961242200506637
10123,Normal Traffic,0.106571120832617,0.021260609144626855,0.0,0.106571120832617,0.021260609144626855,0.0,0.12783172997724385,0.106571120832617,0.021260609144626855,0.12783172997724385
11108,Normal Traffic,0.07131321874265573,0.00835151968611366,0.0,0.07131321874265573,0.00835151968611366,0.0,0.0796647384287694,0.07131321874265573,0.00835151968611366,0.0796647384287694
9969,Normal Traffic,0.07832559574257306,0.00897481125598657,0.0,0.07832559574257306,0.00897481125598657,0.0,0.08730040699855962,0.07832559574257306,0.00897481125598657,0.08730040699855962
9210,Normal Traffic,0.06286548139965492,0.0038186988480997932,0.034267249003339884,0.06286548139965492,0.0038186988480997932,0.034267249003339884,0.06668418024775472,0.0971327304029948,0.03808594785143968,0.1009514292510946
12165,Normal Traffic,0.021602509100770672,0.00437078581856589,0.0,0.021602509100770672,0.00437078581856589,0.0,0.025973294919336563,0.021602509100770672,0.00437078581856589,0.025973294919336563
9517,Normal Traffic,0.0442966381975626,0.0049638464603930215,0.0174680893307302,0.0442966381975626,0.0049638464603930215,0.0174680893307302,0.04926048465795562,0.0617647275282928,0.022431935791123223,0.06672857398868581
12631,Normal Traffic,0.0589751688203948,0.0033249053931206423,0.03464780937126634,0.0589751688203948,0.0033249053931206423,0.03464780937126634,0.062300074213515445,0.09362297819166114,0.03797271476438698,0.09694788358478179
9796,Normal Traffic,0.08709279943890944,0.003120639749418419,0.03848360247225115,0.08709279943890944,0.003120639749418419,0.03848360247225115,0.09021343918832786,0.1255764019111606,0.041604242221669564,0.128697041660579
9756,Normal Traffic,0.06553946749716041,0.003198471336768602,0.021591387565799248,0.06553946749716041,0.003198471336768602,0.021591387565799248,0.06873793883392902,0.08713085506295966,0.024789858902567852,0.09032932639972827
10599,Normal Traffic,0.09374188697959761,0.003358610939068133,0.01646105098051616,0.09374188697959761,0.003358610939068133,0.01646105098051616,0.09710049791866573,0.11020293796011377,0.019819661919584293,0.1135615488991819
8894,Normal Traffic,0.08899864017257805,0.009938339909220226,0.03274616631339073,0.08899864017257805,0.009938339909220226,0.03274616631339073,0.09893698008179828,0.12174480648596878,0.042684506222610955,0.13168314639518902
10947,Normal Traffic,0.0463582154586491,0.011660425413191816,0.0,0.0463582154586491,0.011660425413191816,0.0,0.058018640871840915,0.0463582154586491,0.011660425413191816,0.058018640871840915
10188,Normal Traffic,0.057533335905275595,0.03159158040850447,0.0,0.057533335905275595,0.03159158040850447,0.0,0.08912491631378006,0.057533335905275595,0.03159158040850447,0.08912491631378006
13383,Normal Traffic,0.07226565144418336,0.003634600741131925,0.01652256497314113,0.07226565144418336,0.003634600741131925,0.01652256497314113,0.07590025218531528,0.08878821641732448,0.020157165714273055,0.0924228171584564
8742,Normal Traffic,0.0442966381975626,0.005456127844061053,0.0,0.0442966381975626,0.005456127844061053,0.0,0.04975276604162365,0.0442966381975626,0.005456127844061053,0.04975276604162365
11016,Normal Traffic,0.07832396018188541,0.0036346007322496567,0.017242050199375518,0.07832396018188541,0.0036346007322496567,0.017242050199375518,0.08195856091413506,0.09556601038126092,0.020876650931625176,0.09920061111351058
10512,Normal Traffic,0.0021076387680810074,0.0032121364200705968,0.037605346725425176,0.0021076387680810074,0.0032121364200705968,0.037605346725425176,0.005319775188151604,0.03971298549350619,0.04081748314549577,0.04292512191357678
13529,Normal Traffic,0.08103004588397154,0.010873079859344888,0.0,0.08103004588397154,0.010873079859344888,0.0,0.09190312574331644,0.08103004588397154,0.010873079859344888,0.09190312574331644
10084,Normal Traffic,0.07233088446518232,0.024009232359466157,0.011647529777614128,0.07233088446518232,0.024009232359466157,0.011647529777614128,0.09634011682464848,0.08397841424279645,0.035656762137080286,0.10798764660226261
13788,Normal Traffic,0.0442966381975626,0.011545156231985489,0.036557612363529286,0.0442966381975626,0.011545156231985489,0.036557612363529286,0.055841794429548085,0.08085425056109188,0.048102768595514774,0.09239940679307737
9140,Normal Traffic,0.0,0.0036565095133506914,0.0,0.0,0.0036565095133506914,0.0,0.0036565095133506914,0.0,0.0036565095133506914,0.0036565095133506914
12270,Normal Traffic,0.10065147704238007,0.003246615811008569,0.01600831012899485,0.10065147704238007,0.003246615811008569,0.01600831012899485,0.10389809285338865,0.11665978717137493,0.01925492594000342,0.1199064029823835
13345,Normal Traffic,0.042771675045596966,0.0036346007322496567,0.036557612363529286,0.042771675045596966,0.0036346007322496567,0.036557612363529286,0.046406275777846624,0.07932928740912626,0.040192213095778945,0.08296388814137591
13673,Normal Traffic,0.13942367588035112,0.01021227787641353,0.0,0.13942367588035112,0.01021227787641353,0.0,0.14963595375676464,0.13942367588035112,0.01021227787641353,0.14963595375676464
12950,Normal Traffic,0.08339511058452148,0.005279131340981621,0.036557612363529286,0.08339511058452148,0.005279131340981621,0.036557612363529286,0.0886742419255031,0.11995272294805076,0.041836743704510904,0.12523185428903238
13573,Normal Traffic,0.029053445317377854,0.0055539160609724796,0.0,0.029053445317377854,0.0055539160609724796,0.0,0.03460736137835033,0.029053445317377854,0.0055539160609724796,0.03460736137835033
12495,Normal Traffic,0.08880694818463883,0.015363568472482655,0.010090011304820934,0.08880694818463883,0.015363568472482655,0.010090011304820934,0.10417051665712149,0.09889695948945976,0.025453579777303587,0.11426052796194242
11081,Normal Traffic,0.0869948833814054,0.00917983510480214,0.038612681779951065,0.0869948833814054,0.00917983510480214,0.038612681779951065,0.09617471848620754,0.12560756516135646,0.04779251688475321,0.1347874002661586
9876,Normal Traffic,0.05125975360376023,0.00488645818552696,0.0,0.05125975360376023,0.00488645818552696,0.0,0.056146211789287186,0.05125975360376023,0.00488645818552696,0.056146211789287186
10586,Normal Traffic,0.09062050252018493,0.005006584611069715,0.0,0.09062050252018493,0.005006584611069715,0.0,0.09562708713125465,0.09062050252018493,0.005006584611069715,0.09562708713125465
9392,Normal Traffic,0.06611408053008673,0.011840662942127616,0.010669763781319225,0.06611408053008673,0.011840662942127616,0.010669763781319225,0.07795474347221434,0.07678384431140596,0.02251042672344684,0.08862450725353357
10155,Normal Traffic,0.07155293985327162,0.017404141021809885,0.0,0.07155293985327162,0.017404141021809885,0.0,0.0889570808750815,0.07155293985327162,0.017404141021809885,0.0889570808750815
14076,Normal Traffic,0.0440202008132122,0.018388003475384912,0.0009692729139794687,0.0440202008132122,0.018388003475384912,0.0009692729139794687,0.06240820428859711,0.04498947372719167,0.01935727638936438,0.06337747720257658
8849,Normal Traffic,0.07894971286519467,0.004107710891148106,0.010218402924019388,0.07894971286519467,0.004107710891148106,0.010218402924019388,0.08305742375634277,0.08916811578921406,0.014326113815167494,0.09327582668036216
12516,Normal Traffic,0.06179818249509403,0.011674400014496707,0.036084318546142705,0.06179818249509403,0.011674400014496707,0.036084318546142705,0.07347258250959074,0.09788250104123673,0.047758718560639415,0.10955690105573344
9903,Normal Traffic,0.11002097577276307,0.01794008781769668,0.02897682544999558,0.11002097577276307,0.01794008781769668,0.02897682544999558,0.12796106359045975,0.13899780122275865,0.04691691326769226,0.15693788904045533
9916,Normal Traffic,0.021630503920650756,0.01461536020583987,0.0,0.021630503920650756,0.01461536020583987,0.0,0.036245864126490626,0.021630503920650756,0.01461536020583987,0.036245864126490626
13740,Normal Traffic,0.0869948833814054,0.00857290088894222,0.022811159120185408,0.0869948833814054,0.00857290088894222,0.022811159120185408,0.09556778427034762,0.10980604250159082,0.03138406000912763,0.11837894339053304
12771,Normal Traffic,0.06272383421107668,0.006899428128046672,0.02528172091147339,0.06272383421107668,0.006899428128046672,0.02528172091147339,0.06962326233912335,0.08800555512255007,0.03218114903952006,0.09490498325059674
8609,Normal Traffic,0.12510164121180395,0.0036347156488340214,0.031986605159595505,0.12510164121180395,0.0036347156488340214,0.031986605159595505,0.12873635686063797,0.15708824637139945,0.03562132080842953,0.16072296202023348
11729,Normal Traffic,0.0869948833814054,0.004558146435028775,0.0007421169753212553,0.0869948833814054,0.004558146435028775,0.0007421169753212553,0.09155302981643418,0.08773700035672666,0.00530026341035003,0.09229514679175543
13649,Normal Traffic,0.0817816509162698,0.0036339294734512306,0.03203678092705357,0.0817816509162698,0.0036339294734512306,0.03203678092705357,0.08541558038972102,0.11381843184332335,0.0356707104005048,0.11745236131677458
9798,Normal Traffic,0.06804120126441149,0.003292083852335778,0.0,0.06804120126441149,0.003292083852335778,0.0,0.07133328511674726,0.06804120126441149,0.003292083852335778,0.07133328511674726
11874,Normal Traffic,0.12156503134875768,0.0036346007322496567,0.036557612363529286,0.12156503134875768,0.0036346007322496567,0.036557612363529286,0.12519963208100734,0.15812264371228696,0.040192213095778945,0.16175724444453662
9702,Normal Traffic,0.04571726209211836,0.021495542527189215,0.0,0.04571726209211836,0.021495542527189215,0.0,0.06721280461930758,0.04571726209211836,0.021495542527189215,0.06721280461930758
14073,Normal Traffic,0.06788910753324535,0.023869006730182135,0.0,0.06788910753324535,0.023869006730182135,0.0,0.09175811426342749,0.06788910753324535,0.023869006730182135,0.09175811426342749
10368,Normal Traffic,0.07503530397101778,0.004562441713377666,0.016851852064845175,0.07503530397101778,0.004562441713377666,0.016851852064845175,0.07959774568439544,0.09188715603586295,0.02141429377822284,0.09644959774924061
12487,Normal Traffic,0.07087115679808184,0.003322883115611767,0.0,0.07087115679808184,0.003322883115611767,0.0,0.07419403991369361,0.07087115679808184,0.003322883115611767,0.07419403991369361
11186,Normal Traffic,0.14280593296289312,0.01107968917817254,0.015723349743546427,0.14280593296289312,0.01107968917817254,0.015723349743546427,0.15388562214106566,0.15852928270643954,0.026803038921718966,0.16960897188461208
12867,Normal Traffic,0.07321585194541416,0.00374852264615406,0.01091018480323881,0.07321585194541416,0.00374852264615406,0.01091018480323881,0.07696437459156823,0.08412603674865297,0.01465870744939287,0.08787455939480704
8872,Normal Traffic,0.06508053661475519,0.00991965145164172,0.0,0.06508053661475519,0.00991965145164172,0.0,0.07500018806639691,0.06508053661475519,0.00991965145164172,0.07500018806639691
9457,Normal Traffic,0.095536160468393,0.0028410832832363366,0.0,0.095536160468393,0.0028410832832363366,0.0,0.09837724375162933,0.095536160468393,0.0028410832832363366,0.09837724375162933
13634,Normal Traffic,0.0433008302231786,0.0036339294733036334,0.015507214748214614,0.0433008302231786,0.0036339294733036334,0.015507214748214614,0.04693475969648223,0.05880804497139321,0.019141144221518247,0.062441974444696846
10859,Normal Traffic,0.07045194790568327,0.01838472275851132,0.03511132392282873,0.07045194790568327,0.01838472275851132,0.03511132392282873,0.08883667066419458,0.105563271828512,0.053496046681340045,0.12394799458702331
9057,Normal Traffic,0.07716720191680934,0.003634399498058923,0.0027935484417796336,0.07716720191680934,0.003634399498058923,0.0027935484417796336,0.08080160141486827,0.07996075035858898,0.006427947939838557,0.0835951498566479
12542,Normal Traffic,0.08332635362071827,0.003086710409178677,0.015526120486278364,0.08332635362071827,0.003086710409178677,0.015526120486278364,0.08641306402989696,0.09885247410699664,0.018612830895457042,0.10193918451617533
9038,Normal Traffic,0.0746338867308537,0.01018200618767495,0.05580711658174124,0.0746338867308537,0.01018200618767495,0.05580711658174124,0.08481589291852865,0.13044100331259495,0.0659891227694162,0.1406230095002699
8765,Normal Traffic,0.09138863943974611,0.004305488046868466,0.0,0.09138863943974611,0.004305488046868466,0.0,0.09569412748661457,0.09138863943974611,0.004305488046868466,0.09569412748661457
11849,Normal Traffic,0.09274402668707768,0.0036339294733417652,0.05069705455711806,0.09274402668707768,0.0036339294733417652,0.05069705455711806,0.09637795616041944,0.14344108124419575,0.05433098403045982,0.1470750107175375
10903,Normal Traffic,0.12011792671947003,0.01386459232731738,0.003984560692221518,0.12011792671947003,0.01386459232731738,0.003984560692221518,0.1339825190467874,0.12410248741169154,0.017849153019538898,0.13796707973900893
9220,Normal Traffic,0.0759015270506039,0.011680901717871476,0.010487551796979855,0.0759015270506039,0.011680901717871476,0.010487551796979855,0.08758242876847538,0.08638907884758376,0.022168453514851333,0.09806998056545524
8815,Normal Traffic,0.11484167895289142,0.0034856027510287513,0.013502466423311028,0.11484167895289142,0.0034856027510287513,0.013502466423311028,0.11832728170392018,0.12834414537620245,0.01698806917433978,0.1318297481272312
10996,Normal Traffic,0.09237520854400229,0.003005405355840872,0.034097262302987416,0.09237520854400229,0.003005405355840872,0.034097262302987416,0.09538061389984316,0.1264724708469897,0.03710266765882829,0.12947787620283058
10528,Normal Traffic,0.06617031547354624,0.014055489576421797,0.01658683190225342,0.06617031547354624,0.014055489576421797,0.01658683190225342,0.08022580504996804,0.08275714737579966,0.030642321478675218,0.09681263695222146
11458,Normal Traffic,0.030889306574898117,0.01084217415858671,0.0,0.030889306574898117,0.01084217415858671,0.0,0.04173148073348483,0.030889306574898117,0.01084217415858671,0.04173148073348483
11734,Normal Traffic,0.04218899942948159,0.0036339294733036334,0.0,0.04218899942948159,0.0036339294733036334,0.0,0.04582292890278522,0.04218899942948159,0.0036339294733036334,0.04582292890278522
9701,Normal Traffic,0.06909002354854989,0.005373686708184418,0.028308971698062055,0.06909002354854989,0.005373686708184418,0.028308971698062055,0.0744637102567343,0.09739899524661194,0.03368265840624647,0.10277268195479636
10304,Normal Traffic,0.06987187154665463,0.03525356553925289,0.0,0.06987187154665463,0.03525356553925289,0.0,0.10512543708590752,0.06987187154665463,0.03525356553925289,0.10512543708590752
13535,Normal Traffic,0.06805963223449418,0.0036346007322496567,0.01761075781290014,0.06805963223449418,0.0036346007322496567,0.01761075781290014,0.07169423296674383,0.08567039004739432,0.0212453585451498,0.08930499077964398
14112,Normal Traffic,0.07255486402536081,0.009430680303937778,0.0024346774892140544,0.07255486402536081,0.009430680303937778,0.0024346774892140544,0.08198554432929858,0.07498954151457486,0.011865357793151832,0.08442022181851264
13858,Normal Traffic,0.08732847696529497,0.011700108485897288,0.03081497531978644,0.08732847696529497,0.011700108485897288,0.03081497531978644,0.09902858545119225,0.11814345228508141,0.04251508380568372,0.1298435607709787
12651,Normal Traffic,0.10365993707695328,0.021092258483688668,0.023758266679657587,0.10365993707695328,0.021092258483688668,0.023758266679657587,0.12475219556064196,0.12741820375661086,0.044850525163346255,0.14851046224029954
9615,Normal Traffic,0.07349828433350601,0.003634600732397221,0.0,0.07349828433350601,0.003634600732397221,0.0,0.07713288506590324,0.07349828433350601,0.003634600732397221,0.07713288506590324
10293,Normal Traffic,0.0038064951675577303,0.022304942639139624,0.0,0.0038064951675577303,0.022304942639139624,0.0,0.026111437806697356,0.0038064951675577303,0.022304942639139624,0.026111437806697356
10744,Normal Traffic,0.0023715025748714275,0.005448056677859394,0.0,0.0023715025748714275,0.005448056677859394,0.0,0.007819559252730823,0.0023715025748714275,0.005448056677859394,0.007819559252730823
9743,Normal Traffic,0.07424498978627156,0.004134727005254153,0.015226492278688336,0.07424498978627156,0.004134727005254153,0.015226492278688336,0.07837971679152571,0.08947148206495989,0.01936121928394249,0.09360620907021404
10159,Normal Traffic,0.0,0.02171080817741804,0.0,0.0,0.02171080817741804,0.0,0.02171080817741804,0.0,0.02171080817741804,0.02171080817741804
11886,Normal Traffic,0.07908786137210422,0.012988261821887118,0.0,0.07908786137210422,0.012988261821887118,0.0,0.09207612319399133,0.07908786137210422,0.012988261821887118,0.09207612319399133
12282,Normal Traffic,0.08288159968639204,0.0005885473385834833,0.004723348941906055,0.08288159968639204,0.0005885473385834833,0.004723348941906055,0.08347014702497553,0.0876049486282981,0.005311896280489539,0.08819349596688159
12066,Normal Traffic,0.11808526064903117,0.009746025169475491,0.036557612363529286,0.11808526064903117,0.009746025169475491,0.036557612363529286,0.12783128581850667,0.15464287301256047,0.046303637533004774,0.16438889818203595
10600,Normal Traffic,0.057206275343136756,0.02095006124860445,0.0,0.057206275343136756,0.02095006124860445,0.0,0.0781563365917412,0.057206275343136756,0.02095006124860445,0.0781563365917412
12182,Normal Traffic,0.12338769633059798,0.0032044557327842813,0.0,0.12338769633059798,0.0032044557327842813,0.0,0.12659215206338226,0.12338769633059798,0.0032044557327842813,0.12659215206338226
11825,Normal Traffic,0.10183919362411686,0.011847029010394404,0.0007421169753212553,0.10183919362411686,0.011847029010394404,0.0007421169753212553,0.11368622263451127,0.10258131059943812,0.01258914598571566,0.11442833960983252
13436,Normal Traffic,0.06787494516331177,0.021991670359910776,0.0,0.06787494516331177,0.021991670359910776,0.0,0.08986661552322255,0.06787494516331177,0.021991670359910776,0.08986661552322255
10994,Normal Traffic,0.13363969008522836,0.005066193277514892,0.0,0.13363969008522836,0.005066193277514892,0.0,0.13870588336274325,0.13363969008522836,0.005066193277514892,0.13870588336274325
10179,Normal Traffic,0.03909141412500704,0.06476919070826823,0.0,0.03909141412500704,0.06476919070826823,0.0,0.10386060483327526,0.03909141412500704,0.06476919070826823,0.10386060483327526
10995,Normal Traffic,0.08776955237380535,0.006037408616608333,0.0007421169753212553,0.08776955237380535,0.006037408616608333,0.0007421169753212553,0.09380696099041368,0.0885116693491266,0.0067795255919295885,0.09454907796573493
10757,Normal Traffic,0.10322469033725622,0.00836389077362321,0.0,0.10322469033725622,0.00836389077362321,0.0,0.11158858111087942,0.10322469033725622,0.00836389077362321,0.11158858111087942
9487,Normal Traffic,0.028675047374100718,0.011802670707025795,0.056536294872926204,0.028675047374100718,0.011802670707025795,0.056536294872926204,0.04047771808112651,0.08521134224702692,0.068338965579952,0.09701401295405271
10765,Normal Traffic,0.10327704582161594,0.0036339294733417652,0.0,0.10327704582161594,0.0036339294733417652,0.0,0.1069109752949577,0.10327704582161594,0.0036339294733417652,0.1069109752949577
10233,Normal Traffic,0.0848638896740189,0.030828755142045562,0.0,0.0848638896740189,0.030828755142045562,0.0,0.11569264481606445,0.0848638896740189,0.030828755142045562,0.11569264481606445
11656,Normal Traffic,0.12451603875471211,0.0036339294733417652,0.0,0.12451603875471211,0.0036339294733417652,0.0,0.12814996822805388,0.12451603875471211,0.0036339294733417652,0.12814996822805388
8901,Normal Traffic,0.0,0.004883631296223181,0.0,0.0,0.004883631296223181,0.0,0.004883631296223181,0.0,0.004883631296223181,0.004883631296223181
9490,Normal Traffic,0.07754314657322872,0.0031808383128543406,0.022941015470138198,0.07754314657322872,0.0031808383128543406,0.022941015470138198,0.08072398488608307,0.10048416204336692,0.02612185378299254,0.10366500035622127
10377,Normal Traffic,0.07007913401381473,0.02479450744408193,0.04217618957729789,0.07007913401381473,0.02479450744408193,0.04217618957729789,0.09487364145789666,0.11225532359111262,0.06697069702137982,0.13704983103519455
10791,Normal Traffic,0.09116409941057291,0.003555909480396957,0.036557612363529286,0.09116409941057291,0.003555909480396957,0.036557612363529286,0.09472000889096986,0.1277217117741022,0.04011352184392624,0.13127762125449915
9347,Normal Traffic,0.09085374677507338,0.004819409624603631,0.036557612363529286,0.09085374677507338,0.004819409624603631,0.036557612363529286,0.09567315639967701,0.12741135913860266,0.041377021988132916,0.1322307687632063
12238,Normal Traffic,0.10642282899905384,0.010304257596859462,0.014936477710249025,0.10642282899905384,0.010304257596859462,0.014936477710249025,0.1167270865959133,0.12135930670930287,0.025240735307108485,0.13166356430616233
12500,Normal Traffic,0.08350758696599371,0.003198445479358036,0.025769583396556234,0.08350758696599371,0.003198445479358036,0.025769583396556234,0.08670603244535174,0.10927717036254994,0.02896802887591427,0.11247561584190797
9533,Normal Traffic,0.08663304217516804,0.003225296517113613,0.0,0.08663304217516804,0.003225296517113613,0.0,0.08985833869228166,0.08663304217516804,0.003225296517113613,0.08985833869228166
11549,Normal Traffic,0.04218899942948159,0.046959881242417706,0.0,0.04218899942948159,0.046959881242417706,0.0,0.0891488806718993,0.04218899942948159,0.046959881242417706,0.0891488806718993
11040,Normal Traffic,0.08161801676620958,0.002342426801246655,0.03781616206590916,0.08161801676620958,0.002342426801246655,0.03781616206590916,0.08396044356745624,0.11943417883211874,0.040158588867155814,0.1217766056333654
1151,Sybil Attack,0.12421285103277577,0.06483934158793372,0.0,0.12421285103277577,0.06483934158793372,0.0,0.1890521926207095,0.12421285103277577,0.06483934158793372,0.1890521926207095
2370,Sybil Attack,0.11353680607708042,0.05151539029152426,0.0,0.11353680607708042,0.05151539029152426,0.0,0.1650521963686047,0.11353680607708042,0.05151539029152426,0.1650521963686047
2541,Sybil Attack,0.12114172826253089,0.05117432049397279,0.0,0.12114172826253089,0.05117432049397279,0.0,0.1723160487565037,0.12114172826253089,0.05117432049397279,0.1723160487565037
954,Sybil Attack,0.1171005279683435,0.04762352775861973,0.0,0.1171005279683435,0.04762352775861973,0.0,0.16472405572696322,0.1171005279683435,0.04762352775861973,0.16472405572696322
1227,Sybil Attack,0.04480588395192381,0.04697087499009569,0.0,0.04480588395192381,0.04697087499009569,0.0,0.0917767589420195,0.04480588395192381,0.04697087499009569,0.0917767589420195
16209,Sybil Attack,0.04691352272000482,0.04697087499102465,0.036557612363529286,0.04691352272000482,0.04697087499102465,0.036557612363529286,0.09388439771102947,0.0834711350835341,0.08352848735455393,0.13044201007455875
7996,Sybil Attack,0.12445703498793867,0.05065318799373633,0.0,0.12445703498793867,0.05065318799373633,0.0,0.175110222981675,0.12445703498793867,0.05065318799373633,0.175110222981675
7873,Sybil Attack,0.10990883895471434,0.04697154624904171,0.0,0.10990883895471434,0.04697154624904171,0.0,0.15688038520375605,0.10990883895471434,0.04697154624904171,0.15688038520375605
312,Sybil Attack,0.08910252214948641,0.050255702204930544,0.002452317635527418,0.08910252214948641,0.050255702204930544,0.002452317635527418,0.13935822435441697,0.09155483978501383,0.05270801984045796,0.1418105419899444
7895,Sybil Attack,0.11708603237409261,0.04697087499016703,0.0,0.11708603237409261,0.04697087499016703,0.0,0.16405690736425965,0.11708603237409261,0.04697087499016703,0.16405690736425965
2194,Sybil Attack,0.0869948833814054,0.051634744101783425,0.0,0.0869948833814054,0.051634744101783425,0.0,0.13862962748318883,0.0869948833814054,0.051634744101783425,0.13862962748318883
1431,Sybil Attack,0.1380440032094042,0.054600496737420366,0.036557612363529286,0.1380440032094042,0.054600496737420366,0.036557612363529286,0.19264449994682456,0.17460161557293347,0.09115810910094965,0.22920211231035384
1866,Sybil Attack,0.1023392198571994,0.046971546249003585,0.0,0.1023392198571994,0.046971546249003585,0.0,0.14931076610620297,0.1023392198571994,0.046971546249003585,0.14931076610620297
315,Sybil Attack,0.11271894464866412,0.04538798244204341,0.036557612363529286,0.11271894464866412,0.04538798244204341,0.036557612363529286,0.15810692709070753,0.14927655701219342,0.0819455948055727,0.1946645394542368
2712,Sybil Attack,0.15088762766526043,0.04697166116863793,0.0009783286531770546,0.15088762766526043,0.04697166116863793,0.0009783286531770546,0.19785928883389836,0.15186595631843747,0.04794998982181498,0.1988376174870754
1534,Sybil Attack,0.04480588395192381,0.05155530949428875,0.0,0.04480588395192381,0.05155530949428875,0.0,0.09636119344621255,0.04480588395192381,0.05155530949428875,0.09636119344621255
2367,Sybil Attack,0.12825838852386195,0.05392653950404479,0.002257326650413255,0.12825838852386195,0.05392653950404479,0.002257326650413255,0.18218492802790676,0.1305157151742752,0.05618386615445804,0.18444225467832
491,Sybil Attack,0.08936638595627683,0.04646350613382399,0.0,0.08936638595627683,0.04646350613382399,0.0,0.13582989209010082,0.08936638595627683,0.04646350613382399,0.13582989209010082
1036,Sybil Attack,0.12280977555094136,0.046971546249003585,0.0,0.12280977555094136,0.046971546249003585,0.0,0.16978132179994493,0.12280977555094136,0.046971546249003585,0.16978132179994493
7591,Sybil Attack,0.04480588395192381,0.04893225405913707,0.036557612363529286,0.04480588395192381,0.04893225405913707,0.036557612363529286,0.09373813801106087,0.08136349631545309,0.08548986642266636,0.13029575037459015
2700,Sybil Attack,0.08571770377474347,0.04697154624915115,0.0,0.08571770377474347,0.04697154624915115,0.0,0.13268925002389462,0.08571770377474347,0.04697154624915115,0.13268925002389462
679,Sybil Attack,0.08882608476513601,0.0496184514143652,0.0,0.08882608476513601,0.0496184514143652,0.0,0.1384445361795012,0.08882608476513601,0.0496184514143652,0.1384445361795012
7753,Sybil Attack,0.04480588395192381,0.003284716226427369,0.04238358743213701,0.04480588395192381,0.003284716226427369,0.04238358743213701,0.04809060017835118,0.08718947138406082,0.04566830365856438,0.09047418761048819
655,Sybil Attack,0.04480588395192381,0.05206779551793356,0.002631219177044396,0.04480588395192381,0.05206779551793356,0.002631219177044396,0.09687367946985737,0.047437103128968205,0.054699014694977954,0.09950489864690176
7976,Sybil Attack,0.09789622944366647,0.04538798244204341,0.016056800906713374,0.09789622944366647,0.04538798244204341,0.016056800906713374,0.1432842118857099,0.11395303035037985,0.06144478334875678,0.15934101279242327
223,Sybil Attack,0.06787494516331177,0.047025226695357775,0.0,0.06787494516331177,0.047025226695357775,0.0,0.11490017185866955,0.06787494516331177,0.047025226695357775,0.11490017185866955
2759,Sybil Attack,0.12000547874383362,0.04697087499102465,0.0036190219623986972,0.12000547874383362,0.04697087499102465,0.0036190219623986972,0.16697635373485825,0.12362450070623232,0.05058989695342334,0.17059537569725694
7732,Sybil Attack,0.07832396018188541,0.04613883168651794,0.036557612363529286,0.07832396018188541,0.04613883168651794,0.036557612363529286,0.12446279186840334,0.1148815725454147,0.08269644405004722,0.16102040423193262
201,Sybil Attack,0.11754795393001212,0.04633393523205165,0.0,0.11754795393001212,0.04633393523205165,0.0,0.16388188916206375,0.11754795393001212,0.04633393523205165,0.16388188916206375
1650,Sybil Attack,0.04480588395192381,0.05206779551793356,0.0,0.04480588395192381,0.05206779551793356,0.0,0.09687367946985737,0.04480588395192381,0.05206779551793356,0.09687367946985737
1283,Sybil Attack,0.08902734483542518,0.04814248783136506,0.0,0.08902734483542518,0.04814248783136506,0.0,0.13716983266679023,0.08902734483542518,0.04814248783136506,0.13716983266679023
7943,Sybil Attack,0.04480588395192381,0.06266849732348724,0.0,0.04480588395192381,0.06266849732348724,0.0,0.10747438127541105,0.04480588395192381,0.06266849732348724,0.10747438127541105
2711,Sybil Attack,0.04480588395192381,0.045583940149047694,0.0,0.04480588395192381,0.045583940149047694,0.0,0.0903898241009715,0.04480588395192381,0.045583940149047694,0.0903898241009715
408,Sybil Attack,0.11051479275395429,0.06261369751008013,0.0,0.11051479275395429,0.06261369751008013,0.0,0.17312849026403443,0.11051479275395429,0.06261369751008013,0.17312849026403443
7658,Sybil Attack,0.10590410028931088,0.017385006482548135,0.036557612363529286,0.10590410028931088,0.017385006482548135,0.036557612363529286,0.12328910677185902,0.14246171265284016,0.05394261884607742,0.1598467191353883
1473,Sybil Attack,0.0869948833814054,0.054720970052291436,0.0,0.0869948833814054,0.054720970052291436,0.0,0.14171585343369683,0.0869948833814054,0.054720970052291436,0.14171585343369683
506,Sybil Attack,0.07374917218984647,0.052103554382087046,0.0,0.07374917218984647,0.052103554382087046,0.0,0.12585272657193353,0.07374917218984647,0.052103554382087046,0.12585272657193353
7973,Sybil Attack,0.10707074007343514,0.038838766838215015,0.0,0.10707074007343514,0.038838766838215015,0.0,0.14590950691165017,0.10707074007343514,0.038838766838215015,0.14590950691165017
1791,Sybil Attack,0.08517123790562006,0.047825691470265,0.0,0.08517123790562006,0.047825691470265,0.0,0.13299692937588506,0.08517123790562006,0.047825691470265,0.13299692937588506
266,Sybil Attack,0.11271894464866412,0.04585380805165411,0.0,0.11271894464866412,0.04585380805165411,0.0,0.15857275270031823,0.11271894464866412,0.04585380805165411,0.15857275270031823
805,Sybil Attack,0.12114172826253089,0.04583504209594375,0.0,0.12114172826253089,0.04583504209594375,0.0,0.16697677035847464,0.12114172826253089,0.04583504209594375,0.16697677035847464
2858,Sybil Attack,0.11708603237409261,0.04697154624904171,0.0,0.11708603237409261,0.04697154624904171,0.0,0.1640575786231343,0.11708603237409261,0.04697154624904171,0.1640575786231343
2626,Sybil Attack,0.10912019643043677,0.05537725227662654,0.0,0.10912019643043677,0.05537725227662654,0.0,0.16449744870706332,0.10912019643043677,0.05537725227662654,0.16449744870706332
20,Sybil Attack,0.13736581299591683,0.046971546249861024,0.0,0.13736581299591683,0.046971546249861024,0.0,0.18433735924577785,0.13736581299591683,0.046971546249861024,0.18433735924577785
7584,Sybil Attack,0.12945232966102294,0.048745383252973506,0.036557612363529286,0.12945232966102294,0.048745383252973506,0.036557612363529286,0.17819771291399644,0.16600994202455222,0.08530299561650279,0.21475532527752572
2205,Sybil Attack,0.07832396018188541,0.02851254886693669,0.0,0.07832396018188541,0.02851254886693669,0.0,0.1068365090488221,0.07832396018188541,0.02851254886693669,0.1068365090488221
2121,Sybil Attack,0.11887789705470536,0.04697165187968046,0.0,0.11887789705470536,0.04697165187968046,0.0,0.1658495489343858,0.11887789705470536,0.04697165187968046,0.1658495489343858
2826,Sybil Attack,0.08999377004073982,0.047804955382966335,0.0,0.08999377004073982,0.047804955382966335,0.0,0.13779872542370614,0.08999377004073982,0.047804955382966335,0.13779872542370614
2509,Sybil Attack,0.11172320284338619,0.054167711328213144,0.0,0.11172320284338619,0.054167711328213144,0.0,0.16589091417159935,0.11172320284338619,0.054167711328213144,0.16589091417159935
2033,Sybil Attack,0.10978046132922674,0.008403080583639777,0.0,0.10978046132922674,0.008403080583639777,0.0,0.11818354191286652,0.10978046132922674,0.008403080583639777,0.11818354191286652
2477,Sybil Attack,0.04480588395192381,0.06270311203307555,0.0,0.04480588395192381,0.06270311203307555,0.0,0.10750899598499936,0.04480588395192381,0.06270311203307555,0.10750899598499936
1987,Sybil Attack,0.1115153150097289,0.022145760967282477,0.0,0.1115153150097289,0.022145760967282477,0.0,0.13366107597701138,0.1115153150097289,0.022145760967282477,0.13366107597701138
7820,Sybil Attack,0.10590410028931088,0.06148464919549466,0.028502116370810796,0.10590410028931088,0.06148464919549466,0.028502116370810796,0.16738874948480553,0.13440621666012167,0.08998676556630546,0.19589086585561633
1090,Sybil Attack,0.12705716053906838,0.04653106114459622,0.0009783286531770546,0.12705716053906838,0.04653106114459622,0.0009783286531770546,0.1735882216836646,0.12803548919224544,0.04750938979777328,0.17456655033684165
16243,Sybil Attack,0.11806709457175892,0.047877611966338454,0.02817343660225383,0.11806709457175892,0.047877611966338454,0.02817343660225383,0.16594470653809737,0.14624053117401276,0.07605104856859228,0.1941181431403512
7812,Sybil Attack,0.10718160410105478,0.04768515323671104,0.0,0.10718160410105478,0.04768515323671104,0.0,0.1548667573377658,0.10718160410105478,0.04768515323671104,0.1548667573377658
7656,Sybil Attack,0.07832396018188541,0.049258351412964696,0.036557612363529286,0.07832396018188541,0.049258351412964696,0.036557612363529286,0.12758231159485012,0.1148815725454147,0.08581596377649398,0.1641399239583794
7637,Sybil Attack,0.10831957432651809,0.04748479947269606,0.036557612363529286,0.10831957432651809,0.04748479947269606,0.036557612363529286,0.15580437379921414,0.14487718669004737,0.08404241183622535,0.19236198616274341
2481,Sybil Attack,0.11498087474128812,0.047814991538429163,0.0,0.11498087474128812,0.047814991538429163,0.0,0.1627958662797173,0.11498087474128812,0.047814991538429163,0.1627958662797173
7882,Sybil Attack,0.11334756644769053,0.04648637485119403,0.0,0.11334756644769053,0.04648637485119403,0.0,0.15983394129888456,0.11334756644769053,0.04648637485119403,0.15983394129888456
1266,Sybil Attack,0.12032654144865479,0.061434029147223436,0.0,0.12032654144865479,0.061434029147223436,0.0,0.18176057059587822,0.12032654144865479,0.061434029147223436,0.18176057059587822
1580,Sybil Attack,0.10446399988152161,0.04697087499016703,0.0,0.10446399988152161,0.04697087499016703,0.0,0.15143487487168864,0.10446399988152161,0.04697087499016703,0.15143487487168864
552,Sybil Attack,0.07268658050365807,0.0471364013694379,0.0,0.07268658050365807,0.0471364013694379,0.0,0.11982298187309598,0.07268658050365807,0.0471364013694379,0.11982298187309598
1347,Sybil Attack,0.0869948833814054,0.046971546249003585,0.0,0.0869948833814054,0.046971546249003585,0.0,0.133966429630409,0.0869948833814054,0.046971546249003585,0.133966429630409
929,Sybil Attack,0.0932205863124186,0.04715564436485372,0.0,0.0932205863124186,0.04715564436485372,0.0,0.1403762306772723,0.0932205863124186,0.04715564436485372,0.1403762306772723
2614,Sybil Attack,0.10877667877199135,0.06267595992569117,0.0,0.10877667877199135,0.06267595992569117,0.0,0.1714526386976825,0.10877667877199135,0.06267595992569117,0.1714526386976825
1360,Sybil Attack,0.0806749300239483,0.04858137695123495,0.0,0.0806749300239483,0.04858137695123495,0.0,0.12925630697518325,0.0806749300239483,0.04858137695123495,0.12925630697518325
16244,Sybil Attack,0.10246288362747097,0.047621098389339214,0.036557612363529286,0.10246288362747097,0.047621098389339214,0.036557612363529286,0.15008398201681017,0.13902049599100025,0.08417871075286851,0.18664159438033945
1587,Sybil Attack,0.10520686663110292,0.047026065937423665,0.0,0.10520686663110292,0.047026065937423665,0.0,0.15223293256852657,0.10520686663110292,0.047026065937423665,0.15223293256852657
1437,Sybil Attack,0.10558743134481674,0.04687217254391236,0.036557612363529286,0.10558743134481674,0.04687217254391236,0.036557612363529286,0.1524596038887291,0.14214504370834602,0.08342978490744166,0.18901721625225837
7893,Sybil Attack,0.08902734483542518,0.04564268542142356,0.0,0.08902734483542518,0.04564268542142356,0.0,0.13467003025684873,0.08902734483542518,0.04564268542142356,0.13467003025684873
7906,Sybil Attack,0.1195343991342736,0.05200481338389822,0.0,0.1195343991342736,0.05200481338389822,0.0,0.17153921251817184,0.1195343991342736,0.05200481338389822,0.17153921251817184
1321,Sybil Attack,0.08075967506381994,0.06253845593228785,0.0,0.08075967506381994,0.06253845593228785,0.0,0.14329813099610778,0.08075967506381994,0.06253845593228785,0.14329813099610778
2621,Sybil Attack,0.09722682941950743,0.04697087499091518,0.0,0.09722682941950743,0.04697087499091518,0.0,0.14419770441042262,0.09722682941950743,0.04697087499091518,0.14419770441042262
1387,Sybil Attack,0.04480588395192381,0.046648242329201874,0.015595470360903408,0.04480588395192381,0.046648242329201874,0.015595470360903408,0.09145412628112567,0.06040135431282721,0.062243712690105285,0.10704959664202908
267,Sybil Attack,0.1085805314457754,0.06265051269602191,0.0,0.1085805314457754,0.06265051269602191,0.0,0.1712310441417973,0.1085805314457754,0.06265051269602191,0.1712310441417973
45,Sybil Attack,0.0869948833814054,0.04697087499009569,0.0,0.0869948833814054,0.04697087499009569,0.0,0.1339657583715011,0.0869948833814054,0.04697087499009569,0.1339657583715011
295,Sybil Attack,0.08936638595627683,0.06283906323257875,0.016995383400155564,0.08936638595627683,0.06283906323257875,0.016995383400155564,0.1522054491888556,0.10636176935643239,0.07983444663273431,0.16920083258901114
92,Sybil Attack,0.0788954176304325,0.04697154624915115,0.0014151991312403855,0.0788954176304325,0.04697154624915115,0.0014151991312403855,0.12586696387958363,0.08031061676167288,0.04838674538039153,0.127282163010824
265,Sybil Attack,0.11755973919846652,0.046971546249003585,0.0,0.11755973919846652,0.046971546249003585,0.0,0.1645312854474701,0.11755973919846652,0.046971546249003585,0.1645312854474701
1091,Sybil Attack,0.1160140801797429,0.046971546249003585,0.0009783286531770546,0.1160140801797429,0.046971546249003585,0.0009783286531770546,0.16298562642874648,0.11699240883291996,0.04794987490218064,0.16396395508192352
1653,Sybil Attack,0.04691352272000482,0.05152248602637716,0.0,0.04691352272000482,0.05152248602637716,0.0,0.09843600874638198,0.04691352272000482,0.05152248602637716,0.09843600874638198
2611,Sybil Attack,0.11611910269457953,0.046971546249003585,0.0,0.11611910269457953,0.046971546249003585,0.0,0.1630906489435831,0.11611910269457953,0.046971546249003585,0.1630906489435831
7630,Sybil Attack,0.11999368952993877,0.04629928500503867,0.036557612363529286,0.11999368952993877,0.04629928500503867,0.036557612363529286,0.16629297453497743,0.15655130189346805,0.08285689736856797,0.2028505868985067
1016,Sybil Attack,0.1096021802096844,0.05444551860864477,0.0,0.1096021802096844,0.05444551860864477,0.0,0.16404769881832917,0.1096021802096844,0.05444551860864477,0.16404769881832917
7809,Sybil Attack,0.04691352272000482,0.051864751119351814,0.0,0.04691352272000482,0.051864751119351814,0.0,0.09877827383935664,0.04691352272000482,0.051864751119351814,0.09877827383935664
8059,Sybil Attack,0.1298875790338922,0.04697087499009569,0.01363405960181732,0.1298875790338922,0.04697087499009569,0.01363405960181732,0.1768584540239879,0.14352163863570952,0.06060493459191301,0.19049251362580522
1601,Sybil Attack,0.10590410028931088,0.046971546249003585,0.0,0.10590410028931088,0.046971546249003585,0.0,0.15287564653831448,0.10590410028931088,0.046971546249003585,0.15287564653831448
1539,Sybil Attack,0.09236348407232281,0.051818382121951154,0.0,0.09236348407232281,0.051818382121951154,0.0,0.14418186619427398,0.09236348407232281,0.051818382121951154,0.14418186619427398
631,Sybil Attack,0.11579674048995564,0.04894745012597117,0.0,0.11579674048995564,0.04894745012597117,0.0,0.16474419061592682,0.11579674048995564,0.04894745012597117,0.16474419061592682
1748,Sybil Attack,0.1156552206531379,0.035500580699345544,0.0,0.1156552206531379,0.035500580699345544,0.0,0.15115580135248344,0.1156552206531379,0.035500580699345544,0.15115580135248344
2450,Sybil Attack,0.0869948833814054,0.054434053518393394,0.0,0.0869948833814054,0.054434053518393394,0.0,0.1414289368997988,0.0869948833814054,0.054434053518393394,0.1414289368997988
956,Sybil Attack,0.06555656799858055,0.04765389865653717,0.0,0.06555656799858055,0.04765389865653717,0.0,0.11321046665511772,0.06555656799858055,0.04765389865653717,0.11321046665511772
2047,Sybil Attack,0.07486992922466526,0.006639821147697936,0.0,0.07486992922466526,0.006639821147697936,0.0,0.0815097503723632,0.07486992922466526,0.006639821147697936,0.0815097503723632
14182,Sybil Attack,0.0740670784355841,0.04542201580974125,0.0,0.0740670784355841,0.04542201580974125,0.0,0.11948909424532536,0.0740670784355841,0.04542201580974125,0.11948909424532536
2741,Sybil Attack,0.1227627309255643,0.04697166116863793,0.0,0.1227627309255643,0.04697166116863793,0.0,0.16973439209420224,0.1227627309255643,0.04697166116863793,0.16973439209420224
925,Sybil Attack,0.10609676930077014,0.04697166116863793,0.0,0.10609676930077014,0.04697166116863793,0.0,0.15306843046940807,0.10609676930077014,0.04697166116863793,0.15306843046940807
7767,Sybil Attack,0.0869948833814054,0.04098259149331152,0.0020008366726246563,0.0869948833814054,0.04098259149331152,0.0020008366726246563,0.12797747487471692,0.08899572005403006,0.04298342816593618,0.12997831154734157
449,Sybil Attack,0.08936638595627683,0.0461433367873599,0.020468836808810606,0.08936638595627683,0.0461433367873599,0.020468836808810606,0.13550972274363673,0.10983522276508743,0.0666121735961705,0.15597855955244733
1411,Sybil Attack,0.1052086145294765,0.06287346807239202,0.0,0.1052086145294765,0.06287346807239202,0.0,0.16808208260186852,0.1052086145294765,0.06287346807239202,0.16808208260186852
2572,Sybil Attack,0.10895647547492336,0.046971546249003585,0.002257326650413255,0.10895647547492336,0.046971546249003585,0.002257326650413255,0.15592802172392695,0.11121380212533662,0.04922887289941684,0.1581853483743402
2044,Sybil Attack,0.047177386526795234,0.008702771208379442,0.0,0.047177386526795234,0.008702771208379442,0.0,0.05588015773517468,0.047177386526795234,0.008702771208379442,0.05588015773517468
253,Sybil Attack,0.0869948833814054,0.049131010179601274,0.0,0.0869948833814054,0.049131010179601274,0.0,0.13612589356100668,0.0869948833814054,0.049131010179601274,0.13612589356100668
2464,Sybil Attack,0.0869948833814054,0.04798801054283955,0.0,0.0869948833814054,0.04798801054283955,0.0,0.13498289392424495,0.0869948833814054,0.04798801054283955,0.13498289392424495
1325,Sybil Attack,0.0869948833814054,0.04399004329455584,0.0,0.0869948833814054,0.04399004329455584,0.0,0.13098492667596123,0.0869948833814054,0.04399004329455584,0.13098492667596123
1627,Sybil Attack,0.12265956529765804,0.048086348837112325,0.0,0.12265956529765804,0.048086348837112325,0.0,0.17074591413477036,0.12265956529765804,0.048086348837112325,0.17074591413477036
2123,Sybil Attack,0.10731474012571963,0.046971546249003585,0.0,0.10731474012571963,0.046971546249003585,0.0,0.15428628637472322,0.10731474012571963,0.046971546249003585,0.15428628637472322
2722,Sybil Attack,0.09428245851971563,0.04627872147580923,0.0027344489516568926,0.09428245851971563,0.04627872147580923,0.0027344489516568926,0.14056117999552487,0.09701690747137252,0.04901317042746612,0.14329562894718176
7971,Sybil Attack,0.11749576175294954,0.04697087499016703,0.0007421169753212553,0.11749576175294954,0.04697087499016703,0.0007421169753212553,0.16446663674311657,0.1182378787282708,0.04771299196548828,0.16520875371843782
452,Sybil Attack,0.04691352272000482,0.04642913587956747,0.0,0.04691352272000482,0.04642913587956747,0.0,0.09334265859957229,0.04691352272000482,0.04642913587956747,0.09334265859957229
2026,Sybil Attack,0.09653915705768554,0.02500563526118834,0.0,0.09653915705768554,0.02500563526118834,0.0,0.12154479231887388,0.09653915705768554,0.02500563526118834,0.12154479231887388
1150,Sybil Attack,0.04691352272000482,0.045965136425928095,0.0,0.04691352272000482,0.045965136425928095,0.0,0.09287865914593291,0.04691352272000482,0.045965136425928095,0.09287865914593291
2650,Sybil Attack,0.09533634137822558,0.04626149054438921,0.0,0.09533634137822558,0.04626149054438921,0.0,0.1415978319226148,0.09533634137822558,0.04626149054438921,0.1415978319226148
843,Sybil Attack,0.04480588395192381,0.04697154624915115,0.0,0.04480588395192381,0.04697154624915115,0.0,0.09177743020107496,0.04480588395192381,0.04697154624915115,0.09177743020107496
836,Sybil Attack,0.1068321929852118,0.04690706573003179,0.0007881694655037519,0.1068321929852118,0.04690706573003179,0.0007881694655037519,0.15373925871524358,0.10762036245071555,0.04769523519553554,0.15452742818074733
167,Sybil Attack,0.11957693918787288,0.06267083886778094,0.0,0.11957693918787288,0.06267083886778094,0.0,0.18224777805565381,0.11957693918787288,0.06267083886778094,0.18224777805565381
14125,Sybil Attack,0.07698072938309225,0.04621969579124207,0.0,0.07698072938309225,0.04621969579124207,0.0,0.12320042517433433,0.07698072938309225,0.04621969579124207,0.12320042517433433
2091,Sybil Attack,0.08910252214948641,0.03406884218077236,0.0,0.08910252214948641,0.03406884218077236,0.0,0.12317136433025877,0.08910252214948641,0.03406884218077236,0.12317136433025877
150,Sybil Attack,0.11036212845312934,0.04841860608028262,0.0,0.11036212845312934,0.04841860608028262,0.0,0.15878073453341196,0.11036212845312934,0.04841860608028262,0.15878073453341196
2433,Sybil Attack,0.12050255323028006,0.049394785819634406,0.0,0.12050255323028006,0.049394785819634406,0.0,0.16989733904991447,0.12050255323028006,0.049394785819634406,0.16989733904991447
444,Sybil Attack,0.10305678350362103,0.04702522527450735,0.0,0.10305678350362103,0.04702522527450735,0.0,0.15008200877812838,0.10305678350362103,0.04702522527450735,0.15008200877812838
2592,Sybil Attack,0.08604842724126968,0.046971546249003585,0.0,0.08604842724126968,0.046971546249003585,0.0,0.13301997349027328,0.08604842724126968,0.046971546249003585,0.13301997349027328
2664,Sybil Attack,0.0819906764970089,0.048030024729281154,0.0,0.0819906764970089,0.048030024729281154,0.0,0.13002070122629006,0.0819906764970089,0.048030024729281154,0.13002070122629006
2063,Sybil Attack,0.11652389231715082,0.046971546249003585,0.0,0.11652389231715082,0.046971546249003585,0.0,0.1634954385661544,0.11652389231715082,0.046971546249003585,0.1634954385661544
2822,Sybil Attack,0.12818091980753407,0.04601442142712877,0.0,0.12818091980753407,0.04601442142712877,0.0,0.17419534123466285,0.12818091980753407,0.04601442142712877,0.17419534123466285
44,Sybil Attack,0.0846161748048955,0.048086348837112325,0.0,0.0846161748048955,0.048086348837112325,0.0,0.13270252364200782,0.0846161748048955,0.048086348837112325,0.13270252364200782
1907,Sybil Attack,0.08325227881654168,0.03266368800498694,0.0,0.08325227881654168,0.03266368800498694,0.0,0.11591596682152862,0.08325227881654168,0.03266368800498694,0.11591596682152862
47,Sybil Attack,0.0869948833814054,0.04697165187968046,0.0,0.0869948833814054,0.04697165187968046,0.0,0.13396653526108587,0.0869948833814054,0.04697165187968046,0.13396653526108587
950,Sybil Attack,0.11242349181546465,0.048180904204315124,0.0,0.11242349181546465,0.048180904204315124,0.0,0.16060439601977977,0.11242349181546465,0.048180904204315124,0.16060439601977977
1806,Sybil Attack,0.11029318802632257,0.057051479342685216,0.0,0.11029318802632257,0.057051479342685216,0.0,0.16734466736900777,0.11029318802632257,0.057051479342685216,0.16734466736900777
7668,Sybil Attack,0.06991006067549115,0.0327451078823541,0.036557612363529286,0.06991006067549115,0.0327451078823541,0.036557612363529286,0.10265516855784525,0.10646767303902044,0.06930272024588338,0.13921278092137454
1798,Sybil Attack,0.07811679684995342,0.05457404952779432,0.0,0.07811679684995342,0.05457404952779432,0.0,0.13269084637774775,0.07811679684995342,0.05457404952779432,0.13269084637774775
760,Sybil Attack,0.0893068104149222,0.04697087499020516,0.005165530398239088,0.0893068104149222,0.04697087499020516,0.005165530398239088,0.13627768540512736,0.09447234081316128,0.052136405388444246,0.14144321580336644
122,Sybil Attack,0.11986739223295645,0.046971661165587944,0.0020289551217553686,0.11986739223295645,0.046971661165587944,0.0020289551217553686,0.16683905339854438,0.12189634735471182,0.04900061628734331,0.16886800852029976
7666,Sybil Attack,0.07122252114344238,0.031078514276090367,0.036557612363529286,0.07122252114344238,0.031078514276090367,0.036557612363529286,0.10230103541953275,0.10778013350697166,0.06763612663961965,0.13885864778306203
262,Sybil Attack,0.12032654144865479,0.04697154624915115,0.01553314147520095,0.12032654144865479,0.04697154624915115,0.01553314147520095,0.16729808769780594,0.13585968292385575,0.0625046877243521,0.1828312291730069
1685,Sybil Attack,0.04480588395192381,0.049131010179601274,0.0,0.04480588395192381,0.049131010179601274,0.0,0.09393689413152509,0.04480588395192381,0.049131010179601274,0.09393689413152509
791,Sybil Attack,0.09861133187363834,0.04777233530699676,0.0,0.09861133187363834,0.04777233530699676,0.0,0.1463836671806351,0.09861133187363834,0.04777233530699676,0.1463836671806351
2119,Sybil Attack,0.10206722114894515,0.06301904288377705,0.0028287446610923,0.10206722114894515,0.06301904288377705,0.0028287446610923,0.1650862640327222,0.10489596581003745,0.06584778754486935,0.16791500869381448
2582,Sybil Attack,0.13262973597492161,0.04814245452194979,0.0,0.13262973597492161,0.04814245452194979,0.0,0.1807721904968714,0.13262973597492161,0.04814245452194979,0.1807721904968714
426,Sybil Attack,0.10831957432651809,0.046971546249003585,0.003671987496601109,0.10831957432651809,0.046971546249003585,0.003671987496601109,0.1552911205755217,0.1119915618231192,0.050643533745604694,0.1589631080721228
1891,Sybil Attack,0.10990883895471434,0.026677130258000517,0.0,0.10990883895471434,0.026677130258000517,0.0,0.13658596921271488,0.10990883895471434,0.026677130258000517,0.13658596921271488
2339,Sybil Attack,0.11541947918490184,0.06140072653918169,0.0,0.11541947918490184,0.06140072653918169,0.0,0.17682020572408352,0.11541947918490184,0.06140072653918169,0.17682020572408352
272,Sybil Attack,0.09606563755568404,0.04633393523205165,0.0,0.09606563755568404,0.04633393523205165,0.0,0.14239957278773568,0.09606563755568404,0.04633393523205165,0.14239957278773568
14139,Sybil Attack,0.040219100917417386,0.04697087499009569,0.011142727950251563,0.040219100917417386,0.04697087499009569,0.011142727950251563,0.08718997590751307,0.05136182886766895,0.05811360294034725,0.09833270385776463
2483,Sybil Attack,0.11911059280698048,0.06279069271975155,0.0,0.11911059280698048,0.06279069271975155,0.0,0.18190128552673202,0.11911059280698048,0.06279069271975155,0.18190128552673202
720,Sybil Attack,0.11695334591868069,0.046971546249003585,0.0,0.11695334591868069,0.046971546249003585,0.0,0.16392489216768427,0.11695334591868069,0.046971546249003585,0.16392489216768427
1451,Sybil Attack,0.1168922472865245,0.04697087499020516,0.0,0.1168922472865245,0.04697087499020516,0.0,0.16386312227672967,0.1168922472865245,0.04697087499020516,0.16386312227672967
1790,Sybil Attack,0.085218294505568,0.04697165187968046,0.0,0.085218294505568,0.04697165187968046,0.0,0.13218994638524845,0.085218294505568,0.04697165187968046,0.13218994638524845
928,Sybil Attack,0.08586195407928879,0.04548621262266457,0.0,0.08586195407928879,0.04548621262266457,0.0,0.13134816670195337,0.08586195407928879,0.04548621262266457,0.13134816670195337
597,Sybil Attack,0.1181976436729589,0.04654297888586218,0.0,0.1181976436729589,0.04654297888586218,0.0,0.16474062255882108,0.1181976436729589,0.04654297888586218,0.16474062255882108
969,Sybil Attack,0.08910252214948641,0.04582038579375197,0.0,0.08910252214948641,0.04582038579375197,0.0,0.13492290794323838,0.08910252214948641,0.04582038579375197,0.13492290794323838
2692,Sybil Attack,0.12081557886156952,0.04697165187968046,0.0,0.12081557886156952,0.04697165187968046,0.0,0.16778723074124996,0.12081557886156952,0.04697165187968046,0.16778723074124996
2140,Sybil Attack,0.09229608173260047,0.030112162358855162,0.0,0.09229608173260047,0.030112162358855162,0.0,0.12240824409145563,0.09229608173260047,0.030112162358855162,0.12240824409145563
612,Sybil Attack,0.07996791392818109,0.05074669007027078,0.0,0.07996791392818109,0.05074669007027078,0.0,0.13071460399845186,0.07996791392818109,0.05074669007027078,0.13071460399845186
1041,Sybil Attack,0.09819551971469333,0.06288667466463486,0.004144886349858014,0.09819551971469333,0.06288667466463486,0.004144886349858014,0.1610821943793282,0.10234040606455135,0.06703156101449288,0.1652270807291862
1373,Sybil Attack,0.0899232224208578,0.048163467615877864,0.0,0.0899232224208578,0.048163467615877864,0.0,0.13808669003673568,0.0899232224208578,0.048163467615877864,0.13808669003673568
2224,Sybil Attack,0.10167144578250581,0.03525314944769386,0.0,0.10167144578250581,0.03525314944769386,0.0,0.13692459523019967,0.10167144578250581,0.03525314944769386,0.13692459523019967
1301,Sybil Attack,0.08537521685231181,0.05224334218789377,0.0,0.08537521685231181,0.05224334218789377,0.0,0.1376185590402056,0.08537521685231181,0.05224334218789377,0.1376185590402056
1720,Sybil Attack,0.11707153539610717,0.046971546249003585,0.0,0.11707153539610717,0.046971546249003585,0.0,0.16404308164511075,0.11707153539610717,0.046971546249003585,0.16404308164511075
525,Sybil Attack,0.11067594423964916,0.06159821104485893,0.0,0.11067594423964916,0.06159821104485893,0.0,0.1722741552845081,0.11067594423964916,0.06159821104485893,0.1722741552845081
8001,Sybil Attack,0.06860126621427201,0.06272824292529519,0.0,0.06860126621427201,0.06272824292529519,0.0,0.1313295091395672,0.06860126621427201,0.06272824292529519,0.1313295091395672
16331,Sybil Attack,0.091626015968191,0.048745383252973506,0.0,0.091626015968191,0.048745383252973506,0.0,0.1403713992211645,0.091626015968191,0.048745383252973506,0.1403713992211645
1212,Sybil Attack,0.1171005279683435,0.046971661165626066,0.0,0.1171005279683435,0.046971661165626066,0.0,0.16407218913396956,0.1171005279683435,0.046971661165626066,0.16407218913396956
959,Sybil Attack,0.09428245851971563,0.05457404952779432,0.0,0.09428245851971563,0.05457404952779432,0.0,0.14885650804750994,0.09428245851971563,0.05457404952779432,0.14885650804750994
734,Sybil Attack,0.10609676930077014,0.04770668604478734,0.0,0.10609676930077014,0.04770668604478734,0.0,0.15380345534555748,0.10609676930077014,0.04770668604478734,0.15380345534555748
293,Sybil Attack,0.07486992922466526,0.05074669007027078,0.0,0.07486992922466526,0.05074669007027078,0.0,0.12561661929493603,0.07486992922466526,0.05074669007027078,0.12561661929493603
1753,Sybil Attack,0.04480588395192381,0.04697154624904171,0.0,0.04480588395192381,0.04697154624904171,0.0,0.09177743020096552,0.04480588395192381,0.04697154624904171,0.09177743020096552
1466,Sybil Attack,0.04480588395192381,0.04814245452194979,0.0,0.04480588395192381,0.04814245452194979,0.0,0.0929483384738736,0.04480588395192381,0.04814245452194979,0.0929483384738736
776,Sybil Attack,0.11691967531203191,0.05422750290263618,0.0,0.11691967531203191,0.05422750290263618,0.0,0.1711471782146681,0.11691967531203191,0.05422750290263618,0.1711471782146681
1801,Sybil Attack,0.10560241620376223,0.050561590846407906,0.0,0.10560241620376223,0.050561590846407906,0.0,0.15616400705017014,0.10560241620376223,0.050561590846407906,0.15616400705017014
1714,Sybil Attack,0.0869948833814054,0.04715564436485372,0.0,0.0869948833814054,0.04715564436485372,0.0,0.13415052774625913,0.0869948833814054,0.04715564436485372,0.13415052774625913
16282,Sybil Attack,0.09518233159067949,0.03794196420457912,0.0,0.09518233159067949,0.03794196420457912,0.0,0.1331242957952586,0.09518233159067949,0.03794196420457912,0.1331242957952586
1458,Sybil Attack,0.10978046132922674,0.06265051269602191,0.0,0.10978046132922674,0.06265051269602191,0.0,0.17243097402524865,0.10978046132922674,0.06265051269602191,0.17243097402524865
1144,Sybil Attack,0.04480588395192381,0.04632867838125987,0.0,0.04480588395192381,0.04632867838125987,0.0,0.09113456233318368,0.04480588395192381,0.04632867838125987,0.09113456233318368
1962,Sybil Attack,0.10722038600788664,0.04069061415347039,0.016995383400155564,0.10722038600788664,0.04069061415347039,0.016995383400155564,0.14791100016135703,0.1242157694080422,0.05768599755362595,0.1649063835615126
237,Sybil Attack,0.11539547774420109,0.04697087499102465,0.0,0.11539547774420109,0.04697087499102465,0.0,0.16236635273522573,0.11539547774420109,0.04697087499102465,0.16236635273522573
981,Sybil Attack,0.12445703498793867,0.06301904288377705,0.0,0.12445703498793867,0.06301904288377705,0.0,0.18747607787171572,0.12445703498793867,0.06301904288377705,0.18747607787171572
588,Sybil Attack,0.10978046132922674,0.061383114971418754,0.0,0.10978046132922674,0.061383114971418754,0.0,0.1711635763006455,0.10978046132922674,0.061383114971418754,0.1711635763006455
640,Sybil Attack,0.09379655859521802,0.051499869299582175,0.017155217315793208,0.09379655859521802,0.051499869299582175,0.017155217315793208,0.14529642789480018,0.11095177591101123,0.06865508661537538,0.16245164521059338
11,Sybil Attack,0.04480588395192381,0.04697087499016703,0.002257326650413255,0.04480588395192381,0.04697087499016703,0.002257326650413255,0.09177675894209084,0.04706321060233706,0.04922820164058028,0.09403408559250409
704,Sybil Attack,0.11695334591868069,0.06262437017565223,0.0,0.11695334591868069,0.06262437017565223,0.0,0.17957771609433293,0.11695334591868069,0.06262437017565223,0.17957771609433293
274,Sybil Attack,0.04480588395192381,0.04532392526440213,0.005734944375221032,0.04480588395192381,0.04532392526440213,0.005734944375221032,0.09012980921632593,0.05054082832714484,0.05105886963962317,0.09586475359154696
7909,Sybil Attack,0.087282582268101,0.021625952345369265,0.0,0.087282582268101,0.021625952345369265,0.0,0.10890853461347026,0.087282582268101,0.021625952345369265,0.10890853461347026
1024,Sybil Attack,0.04691352272000482,0.04697087499102465,0.0009783286531770546,0.04691352272000482,0.04697087499102465,0.0009783286531770546,0.09388439771102947,0.04789185137318187,0.0479492036442017,0.09486272636420652
846,Sybil Attack,0.09658903499157917,0.06287485365218742,0.0009783286531770546,0.09658903499157917,0.06287485365218742,0.0009783286531770546,0.1594638886437666,0.09756736364475622,0.06385318230536448,0.16044221729694363
7735,Sybil Attack,0.11800341761644934,0.0469740058824627,0.036557612363529286,0.11800341761644934,0.0469740058824627,0.036557612363529286,0.16497742349891203,0.15456102997997861,0.08353161824599198,0.20153503586244131
1972,Sybil Attack,0.04691352272000482,0.03163246008783783,0.015508962044163948,0.04691352272000482,0.03163246008783783,0.015508962044163948,0.07854598280784264,0.06242248476416877,0.04714142213200177,0.09405494485200659
16238,Sybil Attack,0.1171005279683435,0.046971546249003585,0.03652873115724469,0.1171005279683435,0.046971546249003585,0.03652873115724469,0.1640720742173471,0.1536292591255882,0.08350027740624827,0.2006008053745918
1689,Sybil Attack,0.1167892651445124,0.04582739025363232,0.0,0.1167892651445124,0.04582739025363232,0.0,0.16261665539814474,0.1167892651445124,0.04582739025363232,0.16261665539814474
1897,Sybil Attack,0.04480588395192381,0.03269552601643156,0.0,0.04480588395192381,0.03269552601643156,0.0,0.07750140996835536,0.04480588395192381,0.03269552601643156,0.07750140996835536
186,Sybil Attack,0.09236348407232281,0.04697087499005756,0.015000926947494848,0.09236348407232281,0.04697087499005756,0.015000926947494848,0.13933435906238037,0.10736441101981765,0.061971801937552404,0.15433528600987523
1400,Sybil Attack,0.07971848250317787,0.05183710140119906,0.0,0.07971848250317787,0.05183710140119906,0.0,0.13155558390437694,0.07971848250317787,0.05183710140119906,0.13155558390437694
1870,Sybil Attack,0.1380440032094042,0.03178518777394347,0.0,0.1380440032094042,0.03178518777394347,0.0,0.16982919098334764,0.1380440032094042,0.03178518777394347,0.16982919098334764
1609,Sybil Attack,0.11596896132680101,0.04633393523205165,0.0009783286531770546,0.11596896132680101,0.04633393523205165,0.0009783286531770546,0.16230289655885266,0.11694728997997807,0.0473122638852287,0.1632812252120297
7759,Sybil Attack,0.08857661415571476,0.0028410832832363366,0.0,0.08857661415571476,0.0028410832832363366,0.0,0.09141769743895109,0.08857661415571476,0.0028410832832363366,0.09141769743895109
1078,Sybil Attack,0.13356463346667913,0.046971546249003585,0.0,0.13356463346667913,0.046971546249003585,0.0,0.1805361797156827,0.13356463346667913,0.046971546249003585,0.1805361797156827
1912,Sybil Attack,0.06860126621427201,0.04488179267104338,0.0,0.06860126621427201,0.04488179267104338,0.0,0.11348305888531539,0.06860126621427201,0.04488179267104338,0.11348305888531539
1242,Sybil Attack,0.08680439834776775,0.04645172904746948,0.0,0.08680439834776775,0.04645172904746948,0.0,0.13325612739523723,0.08680439834776775,0.04645172904746948,0.13325612739523723
2501,Sybil Attack,0.0869948833814054,0.04646350613382399,0.0,0.0869948833814054,0.04646350613382399,0.0,0.1334583895152294,0.0869948833814054,0.04646350613382399,0.1334583895152294
15359,Wormhole Attack,0.1194397706827775,0.009317868429857415,0.061617965317290635,0.1194397706827775,0.009317868429857415,0.061617965317290635,0.1287576391126349,0.18105773600006814,0.07093583374714806,0.19037560442992554
6348,Wormhole Attack,0.12618395679554026,0.010046446781960991,0.036557612363529286,0.12618395679554026,0.010046446781960991,0.036557612363529286,0.13623040357750124,0.16274156915906954,0.046604059145490276,0.17278801594103052
6566,Wormhole Attack,0.04480588395192381,0.00392927061175525,0.036557612363529286,0.04480588395192381,0.00392927061175525,0.036557612363529286,0.04873515456367906,0.08136349631545309,0.040486882975284536,0.08529276692720834
5987,Wormhole Attack,0.08684961127739915,0.0036339294733036334,0.036557612363529286,0.08684961127739915,0.0036339294733036334,0.036557612363529286,0.09048354075070278,0.12340722364092843,0.04019154183683292,0.12704115311423206
6312,Wormhole Attack,0.09473590816817103,0.011270810696542994,0.036557612363529286,0.09473590816817103,0.011270810696542994,0.036557612363529286,0.10600671886471402,0.13129352053170032,0.04782842306007228,0.1425643312282433
14909,Wormhole Attack,0.074400156179503,0.002181119485698337,0.036557612363529286,0.074400156179503,0.002181119485698337,0.036557612363529286,0.07658127566520134,0.1109577685430323,0.038738731849227624,0.11313888802873062
7042,Wormhole Attack,0.14994951990768654,0.0036339294733036334,0.036557612363529286,0.14994951990768654,0.0036339294733036334,0.036557612363529286,0.15358344938099017,0.18650713227121582,0.04019154183683292,0.19014106174451945
14809,Wormhole Attack,0.1158102433863814,0.003634706362926527,0.036557612363529286,0.1158102433863814,0.003634706362926527,0.036557612363529286,0.11944494974930793,0.15236785574991069,0.04019231872645582,0.15600256211283722
7164,Wormhole Attack,0.122917726350577,0.0036339294733036334,0.036557612363529286,0.122917726350577,0.0036339294733036334,0.036557612363529286,0.12655165582388064,0.1594753387141063,0.04019154183683292,0.16310926818740992
5891,Wormhole Attack,0.08684961127739915,0.008500462542256927,0.036557612363529286,0.08684961127739915,0.008500462542256927,0.036557612363529286,0.09535007381965607,0.12340722364092843,0.04505807490578621,0.13190768618318535
16011,Wormhole Attack,0.04480588395192381,0.01205734587225913,0.036557612363529286,0.04480588395192381,0.01205734587225913,0.036557612363529286,0.05686322982418294,0.08136349631545309,0.048614958235788416,0.09342084218771222
7321,Wormhole Attack,0.13645262962271298,0.008975668415191406,0.036557612363529286,0.13645262962271298,0.008975668415191406,0.036557612363529286,0.14542829803790439,0.17301024198624226,0.045533280778720694,0.18198591040143366
15823,Wormhole Attack,0.08564624418470124,0.0036339294733417652,0.036557612363529286,0.08564624418470124,0.0036339294733417652,0.036557612363529286,0.089280173658043,0.12220385654823052,0.04019154183687105,0.12583778602157228
6794,Wormhole Attack,0.04480588395192381,0.0036339294734130997,0.036557612363529286,0.04480588395192381,0.0036339294734130997,0.036557612363529286,0.04843981342533691,0.08136349631545309,0.04019154183694239,0.0849974257888662
16081,Wormhole Attack,0.10590410028931088,0.010987298404274908,0.036557612363529286,0.10590410028931088,0.010987298404274908,0.036557612363529286,0.1168913986935858,0.14246171265284016,0.04754491076780419,0.1534490110571151
15156,Wormhole Attack,0.10718564328559795,0.014036633929410923,0.01842853459378715,0.10718564328559795,0.014036633929410923,0.01842853459378715,0.12122227721500886,0.12561417787938509,0.03246516852319807,0.13965081180879602
15153,Wormhole Attack,0.04480588395192381,0.013133196348871758,0.02631365193802614,0.04480588395192381,0.013133196348871758,0.02631365193802614,0.057939080300795566,0.07111953588994994,0.0394468482868979,0.08425273223882171
15197,Wormhole Attack,0.11539547774420109,0.011839542505054316,0.04462787874126627,0.11539547774420109,0.011839542505054316,0.04462787874126627,0.1272350202492554,0.16002335648546737,0.05646742124632059,0.17186289899052168
5713,Wormhole Attack,0.06823441565617525,0.010746831149374768,0.036557612363529286,0.06823441565617525,0.010746831149374768,0.036557612363529286,0.07898124680555002,0.10479202801970453,0.047304443512904054,0.1155388591690793
6059,Wormhole Attack,0.08604842724126968,0.0038186988480997932,0.036557612363529286,0.08604842724126968,0.0038186988480997932,0.036557612363529286,0.08986712608936948,0.12260603960479896,0.04037631121162908,0.12642473845289876
14818,Wormhole Attack,0.04480588395192381,0.022163961459577837,0.05434495588127665,0.04480588395192381,0.022163961459577837,0.05434495588127665,0.06696984541150164,0.09915083983320046,0.0765089173408545,0.12131480129277829
5995,Wormhole Attack,0.1301578691570955,0.005254124242546174,0.036557612363529286,0.1301578691570955,0.005254124242546174,0.036557612363529286,0.1354119933996417,0.1667154815206248,0.04181173660607546,0.17196960576317097
15708,Wormhole Attack,0.1177319114942272,0.00643592069865483,0.036557612363529286,0.1177319114942272,0.00643592069865483,0.036557612363529286,0.12416783219288202,0.1542895238577565,0.04299353306218412,0.1607254445564113
16065,Wormhole Attack,0.10790750515552333,0.006864385313754395,0.020777423351234586,0.10790750515552333,0.006864385313754395,0.020777423351234586,0.11477189046927773,0.12868492850675792,0.02764180866498898,0.13554931382051233
6449,Wormhole Attack,0.09099307797822039,0.0036339294734512306,0.036557612363529286,0.09099307797822039,0.0036339294734512306,0.036557612363529286,0.09462700745167162,0.12755069034174968,0.04019154183698052,0.1311846198152009
7007,Wormhole Attack,0.08688605371434097,0.003225296521400014,0.036557612363529286,0.08688605371434097,0.003225296521400014,0.036557612363529286,0.09011135023574098,0.12344366607787025,0.0397829088849293,0.12666896259927027
6335,Wormhole Attack,0.11606701609298942,0.011840662942127616,0.036557612363529286,0.11606701609298942,0.011840662942127616,0.036557612363529286,0.12790767903511704,0.1526246284565187,0.0483982753056569,0.16446529139864632
5770,Wormhole Attack,0.04691352272000482,0.018830465891889567,0.036557612363529286,0.04691352272000482,0.018830465891889567,0.036557612363529286,0.06574398861189439,0.0834711350835341,0.05538807825541885,0.10230160097542368
6040,Wormhole Attack,0.05380544792171453,0.0036339294734512306,0.036557612363529286,0.05380544792171453,0.0036339294734512306,0.036557612363529286,0.05743937739516576,0.09036306028524382,0.04019154183698052,0.09399698975869505
7083,Wormhole Attack,0.04177468283741506,0.018437748850358492,0.036557612363529286,0.04177468283741506,0.018437748850358492,0.036557612363529286,0.06021243168777356,0.07833229520094434,0.054995361213887775,0.09677004405130285
7100,Wormhole Attack,0.05088891533878027,0.00392927061175525,0.036557612363529286,0.05088891533878027,0.00392927061175525,0.036557612363529286,0.05481818595053552,0.08744652770230955,0.040486882975284536,0.09137579831406481
5365,Wormhole Attack,0.04480588395192381,0.018373401667089014,0.036557612363529286,0.04480588395192381,0.018373401667089014,0.036557612363529286,0.06317928561901281,0.08136349631545309,0.0549310140306183,0.0997368979825421
14755,Wormhole Attack,0.10722038600788664,0.005432358194472566,0.02859801821977724,0.10722038600788664,0.005432358194472566,0.02859801821977724,0.1126527442023592,0.1358184042276639,0.03403037641424981,0.14125076242213644
14605,Wormhole Attack,0.07790640055079512,0.05178482965656596,0.0,0.07790640055079512,0.05178482965656596,0.0,0.12969123020736106,0.07790640055079512,0.05178482965656596,0.12969123020736106
5549,Wormhole Attack,0.03844639486461787,0.003146409836575293,0.036557612363529286,0.03844639486461787,0.003146409836575293,0.036557612363529286,0.04159280470119316,0.07500400722814715,0.03970402220010458,0.07815041706472245
16143,Wormhole Attack,0.04480588395192381,0.028533741327554887,0.05216623535370253,0.04480588395192381,0.028533741327554887,0.05216623535370253,0.0733396252794787,0.09697211930562634,0.08069997668125742,0.12550586063318123
6209,Wormhole Attack,0.11957693918787288,0.004739669729501336,0.036557612363529286,0.11957693918787288,0.004739669729501336,0.036557612363529286,0.12431660891737421,0.15613455155140216,0.04129728209303062,0.1608742212809035
15535,Wormhole Attack,0.13913817796635403,0.04697154624915115,0.0,0.13913817796635403,0.04697154624915115,0.0,0.18610972421550517,0.13913817796635403,0.04697154624915115,0.18610972421550517
6513,Wormhole Attack,0.11444476454294368,0.002343751640307794,0.036557612363529286,0.11444476454294368,0.002343751640307794,0.036557612363529286,0.11678851618325148,0.15100237690647297,0.03890136400383708,0.15334612854678076
14695,Wormhole Attack,0.11813999463474956,0.0036346007322496567,0.036557612363529286,0.11813999463474956,0.0036346007322496567,0.036557612363529286,0.12177459536699921,0.15469760699827884,0.040192213095778945,0.1583322077305285
6814,Wormhole Attack,0.1070312781201589,0.003647772248616385,0.036557612363529286,0.1070312781201589,0.003647772248616385,0.036557612363529286,0.11067905036877529,0.1435888904836882,0.04020538461214567,0.14723666273230457
6479,Wormhole Attack,0.11346037428471868,0.0036339294733036334,0.036557612363529286,0.11346037428471868,0.0036339294733036334,0.036557612363529286,0.11709430375802232,0.15001798664824798,0.04019154183683292,0.1536519161215516
5679,Wormhole Attack,0.12059788257685976,0.009942264048825044,0.036557612363529286,0.12059788257685976,0.009942264048825044,0.036557612363529286,0.1305401466256848,0.15715549494038905,0.04649987641235433,0.16709775898921408
15847,Wormhole Attack,0.1360277848237394,0.0036339294733036334,0.036557612363529286,0.1360277848237394,0.0036339294733036334,0.036557612363529286,0.13966171429704302,0.17258539718726867,0.04019154183683292,0.1762193266605723
14591,Wormhole Attack,0.06019294951056384,0.04697087499020516,0.0,0.06019294951056384,0.04697087499020516,0.0,0.107163824500769,0.06019294951056384,0.04697087499020516,0.107163824500769
6668,Wormhole Attack,0.13371582853280684,0.0030738781193914086,0.036557612363529286,0.13371582853280684,0.0030738781193914086,0.036557612363529286,0.13678970665219825,0.17027344089633611,0.039631490482920695,0.17334731901572753
6879,Wormhole Attack,0.0788954176304325,0.011736030891015546,0.0,0.0788954176304325,0.011736030891015546,0.0,0.09063144852144804,0.0788954176304325,0.011736030891015546,0.09063144852144804
6003,Wormhole Attack,0.09094553643303037,0.004693028084870044,0.036557612363529286,0.09094553643303037,0.004693028084870044,0.036557612363529286,0.09563856451790041,0.12750314879655966,0.04125064044839933,0.1321961768814297
6859,Wormhole Attack,0.1427574012481727,0.003634600733107094,0.0,0.1427574012481727,0.003634600733107094,0.0,0.1463920019812798,0.1427574012481727,0.003634600733107094,0.1463920019812798
6259,Wormhole Attack,0.11242349181546465,0.018945869248827588,0.036557612363529286,0.11242349181546465,0.018945869248827588,0.036557612363529286,0.13136936106429226,0.14898110417899393,0.055503481612356874,0.16792697342782154
6953,Wormhole Attack,0.07228014842216882,0.0030728115088643846,0.036557612363529286,0.07228014842216882,0.0030728115088643846,0.036557612363529286,0.0753529599310332,0.1088377607856981,0.03963042387239367,0.1119105722945625
5894,Wormhole Attack,0.11960531728566072,0.0036346007322496567,0.036557612363529286,0.11960531728566072,0.0036346007322496567,0.036557612363529286,0.12323991801791037,0.15616292964919,0.040192213095778945,0.15979753038143965
15251,Wormhole Attack,0.057014088464374585,0.010938511086635641,0.019032237165890763,0.057014088464374585,0.010938511086635641,0.019032237165890763,0.06795259955101023,0.07604632563026535,0.029970748252526404,0.08698483671690099
6582,Wormhole Attack,0.10932907091379479,0.0037037500670748912,0.036557612363529286,0.10932907091379479,0.0037037500670748912,0.036557612363529286,0.11303282098086968,0.14588668327732407,0.04026136243060418,0.14959043334439898
15313,Wormhole Attack,0.09203063996083485,0.01037344829586503,0.02479778289045546,0.09203063996083485,0.01037344829586503,0.02479778289045546,0.10240408825669989,0.11682842285129032,0.03517123118632049,0.12720187114715534
16180,Wormhole Attack,0.10351678727870495,0.006130256254337777,0.036557612363529286,0.10351678727870495,0.006130256254337777,0.036557612363529286,0.10964704353304272,0.14007439964223423,0.04268786861786707,0.146204655896572
6410,Wormhole Attack,0.12093781001796261,0.01043263229769572,0.036557612363529286,0.12093781001796261,0.01043263229769572,0.036557612363529286,0.13137044231565834,0.1574954223814919,0.046990244661225006,0.16792805467918762
6602,Wormhole Attack,0.1221374224940142,0.003275363763670122,0.036557612363529286,0.1221374224940142,0.003275363763670122,0.036557612363529286,0.12541278625768432,0.1586950348575435,0.03983297612719941,0.1619703986212136
15252,Wormhole Attack,0.1297677487635766,0.009576645253531135,0.03816127090693035,0.1297677487635766,0.009576645253531135,0.03816127090693035,0.13934439401710774,0.16792901967050694,0.04773791616046148,0.17750566492403808
6915,Wormhole Attack,0.11779749363808965,0.0117906147084401,0.036557612363529286,0.11779749363808965,0.0117906147084401,0.036557612363529286,0.12958810834652976,0.15435510600161895,0.04834822707196938,0.16614572071005904
14750,Wormhole Attack,0.11910068063807594,0.00532240546286109,0.036557612363529286,0.11910068063807594,0.00532240546286109,0.036557612363529286,0.12442308610093702,0.15565829300160522,0.04188001782639038,0.1609806984644663
7436,Wormhole Attack,0.09562426358518122,0.018867419061550577,0.036557612363529286,0.09562426358518122,0.018867419061550577,0.036557612363529286,0.1144916826467318,0.1321818759487105,0.05542503142507986,0.1510492950102611
7188,Wormhole Attack,0.11506492263391764,0.02109512551368479,0.036557612363529286,0.11506492263391764,0.02109512551368479,0.036557612363529286,0.13616004814760244,0.15162253499744693,0.057652737877214075,0.17271766051113172
5754,Wormhole Attack,0.0,0.009595710646275147,0.036557612363529286,0.0,0.009595710646275147,0.036557612363529286,0.009595710646275147,0.036557612363529286,0.04615332300980443,0.04615332300980443
15123,Wormhole Attack,0.0869948833814054,0.018430431267198108,0.036557612363529286,0.0869948833814054,0.018430431267198108,0.036557612363529286,0.10542531464860351,0.12355249574493468,0.054988043630727394,0.1419829270121328
14831,Wormhole Attack,0.09482523480956842,3.047491756176858e-08,0.032579249813073155,0.09482523480956842,3.047491756176858e-08,0.032579249813073155,0.09482526528448598,0.1274044846226416,0.03257928028799072,0.12740451509755912
15768,Wormhole Attack,0.08788681446704416,0.018430431267198108,0.036557612363529286,0.08788681446704416,0.018430431267198108,0.036557612363529286,0.10631724573424227,0.12444442683057344,0.054988043630727394,0.14287485809777156
5795,Wormhole Attack,0.06098490360669376,0.003272454223611188,0.036557612363529286,0.06098490360669376,0.003272454223611188,0.036557612363529286,0.06425735783030495,0.09754251597022304,0.03983006658714047,0.10081497019383423
15988,Wormhole Attack,0.11119248733833707,0.047825691470265,0.0,0.11119248733833707,0.047825691470265,0.0,0.15901817880860208,0.11119248733833707,0.047825691470265,0.15901817880860208
6497,Wormhole Attack,0.12265706196471646,0.003634715651883999,0.036557612363529286,0.12265706196471646,0.003634715651883999,0.036557612363529286,0.12629177761660046,0.15921467432824574,0.04019232801541329,0.16284938998012974
6050,Wormhole Attack,0.04480588395192381,0.0036339294734512306,0.036557612363529286,0.04480588395192381,0.0036339294734512306,0.036557612363529286,0.04843981342537504,0.08136349631545309,0.04019154183698052,0.08499742578890432
15810,Wormhole Attack,0.13134967951254037,0.008190324945801727,0.036557612363529286,0.13134967951254037,0.008190324945801727,0.036557612363529286,0.13954000445834208,0.16790729187606965,0.044747937309331014,0.17609761682187136
15417,Wormhole Attack,0.0,0.008377604340800985,0.036557612363529286,0.0,0.008377604340800985,0.036557612363529286,0.008377604340800985,0.036557612363529286,0.044935216704330275,0.044935216704330275
15673,Wormhole Attack,0.04480588395192381,0.009089027194761614,0.016404981446231925,0.04480588395192381,0.009089027194761614,0.016404981446231925,0.053894911146685424,0.061210865398155734,0.02549400864099354,0.07029989259291736
5968,Wormhole Attack,0.12185201615972882,0.0036346007322496567,0.036557612363529286,0.12185201615972882,0.0036346007322496567,0.036557612363529286,0.1254866168919785,0.1584096285232581,0.040192213095778945,0.16204422925550777
5927,Wormhole Attack,0.12012602415721725,0.022203567011353436,0.036557612363529286,0.12012602415721725,0.022203567011353436,0.036557612363529286,0.1423295911685707,0.15668363652074654,0.05876117937488272,0.17888720353209997
14932,Wormhole Attack,0.10907839645395187,0.00370375007061644,0.036557612363529286,0.10907839645395187,0.00370375007061644,0.036557612363529286,0.1127821465245683,0.14563600881748115,0.04026136243414573,0.14933975888809758
14812,Wormhole Attack,0.12094172392225906,0.0037005736787119594,0.036557612363529286,0.12094172392225906,0.0037005736787119594,0.036557612363529286,0.12464229760097102,0.15749933628578835,0.04025818604224125,0.16119990996450032
7459,Wormhole Attack,0.027156049345878137,0.0036339294733036334,0.036557612363529286,0.027156049345878137,0.0036339294733036334,0.036557612363529286,0.03078997881918177,0.06371366170940743,0.04019154183683292,0.06734759118271105
6708,Wormhole Attack,0.07058959379227728,0.0036339294741612547,0.02205094863669492,0.07058959379227728,0.0036339294741612547,0.02205094863669492,0.07422352326643854,0.0926405424289722,0.025684878110856173,0.09627447190313346
5788,Wormhole Attack,0.10912019643043677,0.00991965145164172,0.036557612363529286,0.10912019643043677,0.00991965145164172,0.036557612363529286,0.1190398478820785,0.14567780879396605,0.046477263815171005,0.15559746024560778
5986,Wormhole Attack,0.08447470143175173,0.004095002550510507,0.036557612363529286,0.08447470143175173,0.004095002550510507,0.036557612363529286,0.08856970398226224,0.12103231379528101,0.04065261491403979,0.12512731634579152
6157,Wormhole Attack,0.04480588395192381,0.003166996836720598,0.036557612363529286,0.04480588395192381,0.003166996836720598,0.036557612363529286,0.04797288078864441,0.08136349631545309,0.03972460920024989,0.0845304931521737
5961,Wormhole Attack,0.11588374557622919,0.008348636573296004,0.036557612363529286,0.11588374557622919,0.008348636573296004,0.036557612363529286,0.12423238214952519,0.15244135793975847,0.044906248936825294,0.16078999451305448
5451,Wormhole Attack,0.12831599571439833,0.0036346007322496567,0.036557612363529286,0.12831599571439833,0.0036346007322496567,0.036557612363529286,0.131950596446648,0.1648736080779276,0.040192213095778945,0.16850820881017728
5317,Wormhole Attack,0.04480588395192381,0.011556095822316925,0.036557612363529286,0.04480588395192381,0.011556095822316925,0.036557612363529286,0.056361979774240734,0.08136349631545309,0.04811370818584621,0.09291959213777001
16060,Wormhole Attack,0.11067594423964916,0.008771312200272725,0.031949110553953816,0.11067594423964916,0.008771312200272725,0.031949110553953816,0.11944725643992188,0.142625054793603,0.04072042275422654,0.1513963669938757
6152,Wormhole Attack,0.04480588395192381,0.008149459396613132,0.03649267533965999,0.04480588395192381,0.008149459396613132,0.03649267533965999,0.05295534334853694,0.0812985592915838,0.044642134736273126,0.08944801868819693
7149,Wormhole Attack,0.04480588395192381,0.01063243409627573,0.036557612363529286,0.04480588395192381,0.01063243409627573,0.036557612363529286,0.05543831804819954,0.08136349631545309,0.04719004645980501,0.09199593041172882
7451,Wormhole Attack,0.05483506925413131,0.00407085233521909,0.036557612363529286,0.05483506925413131,0.00407085233521909,0.036557612363529286,0.0589059215893504,0.09139268161766059,0.040628464698748375,0.09546353395287968
6155,Wormhole Attack,0.10946408716841169,0.00952865486164203,0.036557612363529286,0.10946408716841169,0.00952865486164203,0.036557612363529286,0.11899274203005372,0.14602169953194097,0.04608626722517131,0.155550354393583
15733,Wormhole Attack,0.10711857123324534,0.00819681483029922,0.034332351926678654,0.10711857123324534,0.00819681483029922,0.034332351926678654,0.11531538606354455,0.141450923159924,0.042529166756977876,0.1496477379902232
7220,Wormhole Attack,0.08867595244805154,0.0036339294734512306,0.036557612363529286,0.08867595244805154,0.0036339294734512306,0.036557612363529286,0.09230988192150277,0.12523356481158082,0.04019154183698052,0.12886749428503205
5613,Wormhole Attack,0.06768766081704591,0.0036339294734512306,0.036557612363529286,0.06768766081704591,0.0036339294734512306,0.036557612363529286,0.07132159029049714,0.1042452731805752,0.04019154183698052,0.10787920265402642
5307,Wormhole Attack,0.11061523224815512,0.005156374131942848,0.036557612363529286,0.11061523224815512,0.005156374131942848,0.036557612363529286,0.11577160638009797,0.1471728446116844,0.04171398649547214,0.15232921874362726
14702,Wormhole Attack,0.11874215003695054,0.022186404637368828,0.036557612363529286,0.11874215003695054,0.022186404637368828,0.036557612363529286,0.14092855467431936,0.15529976240047982,0.05874401700089811,0.17748616703784864
16142,Wormhole Attack,0.0722052072543538,0.0063618784791758375,0.036557612363529286,0.0722052072543538,0.0063618784791758375,0.036557612363529286,0.07856708573352963,0.10876281961788309,0.042919490842705126,0.11512469809705891
15557,Wormhole Attack,0.10711857123324534,0.05224334218789377,0.0,0.10711857123324534,0.05224334218789377,0.0,0.1593619134211391,0.10711857123324534,0.05224334218789377,0.1593619134211391
6237,Wormhole Attack,0.0869948833814054,0.009919651452911652,0.036557612363529286,0.0869948833814054,0.009919651452911652,0.036557612363529286,0.09691453483431706,0.12355249574493468,0.04647726381644094,0.13347214719784634
7385,Wormhole Attack,0.06912161720413917,0.0036346007322496567,0.036557612363529286,0.06912161720413917,0.0036346007322496567,0.036557612363529286,0.07275621793638883,0.10567922956766845,0.040192213095778945,0.10931383029991812
5980,Wormhole Attack,0.08722525822934817,0.005221061773295541,0.036557612363529286,0.08722525822934817,0.005221061773295541,0.036557612363529286,0.0924463200026437,0.12378287059287746,0.04177867413682483,0.129003932366173
6687,Wormhole Attack,0.08936638595627683,0.0036346007322496567,0.036557612363529286,0.08936638595627683,0.0036346007322496567,0.036557612363529286,0.09300098668852648,0.1259239983198061,0.040192213095778945,0.12955859905205577
6637,Wormhole Attack,0.04480588395192381,0.004515924125350838,0.036557612363529286,0.04480588395192381,0.004515924125350838,0.036557612363529286,0.04932180807727465,0.08136349631545309,0.041073536488880125,0.08587942044080393
6592,Wormhole Attack,0.070737668147421,0.0036339294733036334,0.010968663638291696,0.070737668147421,0.0036339294733036334,0.010968663638291696,0.07437159762072462,0.0817063317857127,0.014602593111595329,0.08534026125901632
14596,Wormhole Attack,0.047963084907601816,0.046971546249003585,0.0,0.047963084907601816,0.046971546249003585,0.0,0.0949346311566054,0.047963084907601816,0.046971546249003585,0.0949346311566054
7075,Wormhole Attack,0.04480588395192381,0.021998101166755744,0.036557612363529286,0.04480588395192381,0.021998101166755744,0.036557612363529286,0.06680398511867955,0.08136349631545309,0.05855571353028503,0.10336159748220883
6285,Wormhole Attack,0.05598413176898254,0.0036347156527414062,0.036557612363529286,0.05598413176898254,0.0036347156527414062,0.036557612363529286,0.05961884742172394,0.09254174413251182,0.04019232801627069,0.09617645978525323
14803,Wormhole Attack,0.09099307797822039,0.0034226628662470037,0.036557612363529286,0.09099307797822039,0.0034226628662470037,0.036557612363529286,0.09441574084446738,0.12755069034174968,0.03998027522977629,0.13097335320799666
5954,Wormhole Attack,0.04480588395192381,0.003634600732359098,0.036557612363529286,0.04480588395192381,0.003634600732359098,0.036557612363529286,0.04844048468428291,0.08136349631545309,0.040192213095888385,0.0849980970478122
6870,Wormhole Attack,0.09518233159067949,0.0031615195616821307,0.036557612363529286,0.09518233159067949,0.0031615195616821307,0.036557612363529286,0.09834385115236162,0.13173994395420877,0.03971913192521142,0.1349014635158909
15990,Wormhole Attack,0.11707153539610717,0.049034479930180175,0.0,0.11707153539610717,0.049034479930180175,0.0,0.16610601532628733,0.11707153539610717,0.049034479930180175,0.16610601532628733
5493,Wormhole Attack,0.09826395170741817,0.004962512536033267,0.0,0.09826395170741817,0.004962512536033267,0.0,0.10322646424345143,0.09826395170741817,0.004962512536033267,0.10322646424345143
6286,Wormhole Attack,0.07983833492403819,0.0036339294734512306,0.036557612363529286,0.07983833492403819,0.0036339294734512306,0.036557612363529286,0.08347226439748942,0.11639594728756747,0.04019154183698052,0.1200298767610187
5591,Wormhole Attack,0.04691352272000482,0.021882524191327704,0.036557612363529286,0.04691352272000482,0.021882524191327704,0.036557612363529286,0.06879604691133252,0.0834711350835341,0.05844013655485699,0.10535365927486182
14986,Wormhole Attack,0.1177319114942272,0.0036339294733036334,0.018219926835731013,0.1177319114942272,0.0036339294733036334,0.018219926835731013,0.12136584096753084,0.13595183832995822,0.021853856309034646,0.13958576780326185
15206,Wormhole Attack,0.10576627520199104,0.008570545859337116,0.03886320190949706,0.10576627520199104,0.008570545859337116,0.03886320190949706,0.11433682106132816,0.1446294771114881,0.047433747768834175,0.15320002297082522
6070,Wormhole Attack,0.08684961127739915,0.011849560286309128,0.036557612363529286,0.08684961127739915,0.011849560286309128,0.036557612363529286,0.09869917156370828,0.12340722364092843,0.04840717264983842,0.13525678392723756
14929,Wormhole Attack,0.09276896885952562,0.02492328372928229,0.036557612363529286,0.09276896885952562,0.02492328372928229,0.036557612363529286,0.11769225258880792,0.1293265812230549,0.06148089609281157,0.1542498649523372
7429,Wormhole Attack,0.06869310875957652,0.0031443604223101197,0.036557612363529286,0.06869310875957652,0.0031443604223101197,0.036557612363529286,0.07183746918188663,0.1052507211231058,0.03970197278583941,0.10839508154541591
6724,Wormhole Attack,0.04691352272000482,0.00300382210006911,0.036557612363529286,0.04691352272000482,0.00300382210006911,0.036557612363529286,0.04991734482007393,0.0834711350835341,0.039561434463598395,0.08647495718360321
15808,Wormhole Attack,0.11687503482008746,0.011996130716782537,0.036557612363529286,0.11687503482008746,0.011996130716782537,0.036557612363529286,0.12887116553687,0.15343264718361674,0.04855374308031182,0.16542877790039928
15103,Wormhole Attack,0.133375781871466,0.003382333397237012,0.036557612363529286,0.133375781871466,0.003382333397237012,0.036557612363529286,0.13675811526870302,0.1699333942349953,0.0399399457607663,0.1733157276322323
5323,Wormhole Attack,0.0,0.02130960308541947,0.036557612363529286,0.0,0.02130960308541947,0.036557612363529286,0.02130960308541947,0.036557612363529286,0.05786721544894875,0.05786721544894875
15124,Wormhole Attack,0.04638761472623316,0.0032328750504823926,0.036557612363529286,0.04638761472623316,0.0032328750504823926,0.036557612363529286,0.04962048977671555,0.08294522708976244,0.03979048741401168,0.08617810214024484
6423,Wormhole Attack,0.10681264127154393,0.0036346007322496567,0.036557612363529286,0.10681264127154393,0.0036346007322496567,0.036557612363529286,0.11044724200379358,0.14337025363507322,0.040192213095778945,0.14700485436732286
5286,Wormhole Attack,0.06555624450120552,0.0028899849170895844,0.036557612363529286,0.06555624450120552,0.0028899849170895844,0.036557612363529286,0.0684462294182951,0.10211385686473481,0.03944759728061887,0.1050038417818244
14765,Wormhole Attack,0.0021076387680810074,0.004765673290435254,0.036557612363529286,0.0021076387680810074,0.004765673290435254,0.036557612363529286,0.006873312058516261,0.0386652511316103,0.04132328565396454,0.04343092442204555
15612,Wormhole Attack,0.13714583267594901,0.046300937680039726,0.0,0.13714583267594901,0.046300937680039726,0.0,0.18344677035598875,0.13714583267594901,0.046300937680039726,0.18344677035598875
16146,Wormhole Attack,0.04691352272000482,0.00612225026494349,0.036557612363529286,0.04691352272000482,0.00612225026494349,0.036557612363529286,0.05303577298494831,0.0834711350835341,0.04267986262847277,0.0895933853484776
6055,Wormhole Attack,0.11949635395742347,0.004550567895031276,0.0,0.11949635395742347,0.004550567895031276,0.0,0.12404692185245475,0.11949635395742347,0.004550567895031276,0.12404692185245475
5350,Wormhole Attack,0.07589007696839101,0.003322883115611767,0.036557612363529286,0.07589007696839101,0.003322883115611767,0.036557612363529286,0.07921296008400278,0.11244768933192029,0.039880495479141055,0.11577057244753206
15769,Wormhole Attack,0.04691352272000482,0.013354275313762792,0.036557612363529286,0.04691352272000482,0.013354275313762792,0.036557612363529286,0.06026779803376761,0.0834711350835341,0.04991188767729208,0.09682541039729689
5579,Wormhole Attack,0.04480588395192381,0.01063622004015511,0.036557612363529286,0.04480588395192381,0.01063622004015511,0.036557612363529286,0.05544210399207892,0.08136349631545309,0.047193832403684396,0.0919997163556082
5460,Wormhole Attack,0.06493978736815832,0.00363460073228778,0.036557612363529286,0.06493978736815832,0.00363460073228778,0.036557612363529286,0.0685743881004461,0.10149739973168762,0.04019221309581707,0.10513200046397539
5651,Wormhole Attack,0.08776955237380535,0.02114021596770399,0.036557612363529286,0.08776955237380535,0.02114021596770399,0.036557612363529286,0.10890976834150934,0.12432716473733463,0.05769782833123328,0.14546738070503862
5224,Wormhole Attack,0.07826274434266876,0.013361770886176183,0.036557612363529286,0.07826274434266876,0.013361770886176183,0.036557612363529286,0.09162451522884495,0.11482035670619806,0.04991938324970547,0.12818212759237424
5642,Wormhole Attack,0.05721353313171431,0.0021781581225906433,0.036557612363529286,0.05721353313171431,0.0021781581225906433,0.036557612363529286,0.059391691254304955,0.0937711454952436,0.03873577048611993,0.09594930361783424
15546,Wormhole Attack,0.09118208589761828,0.06262437017565223,0.0,0.09118208589761828,0.06262437017565223,0.0,0.1538064560732705,0.09118208589761828,0.06262437017565223,0.1538064560732705
7023,Wormhole Attack,0.0,0.003495358047931949,0.036557612363529286,0.0,0.003495358047931949,0.036557612363529286,0.003495358047931949,0.036557612363529286,0.04005297041146123,0.04005297041146123
14788,Wormhole Attack,0.1122629294834063,0.00363460073228778,0.036557612363529286,0.1122629294834063,0.00363460073228778,0.036557612363529286,0.11589753021569407,0.14882054184693558,0.04019221309581707,0.15245514257922335
6366,Wormhole Attack,0.13351281561918366,0.0036482187129696104,0.017098381061559396,0.13351281561918366,0.0036482187129696104,0.017098381061559396,0.13716103433215326,0.15061119668074305,0.020746599774529008,0.15425941539371266
5775,Wormhole Attack,0.0747972900138813,0.02084925729121067,0.036557612363529286,0.0747972900138813,0.02084925729121067,0.036557612363529286,0.09564654730509198,0.11135490237741058,0.057406869654739956,0.13220415966862126
14982,Wormhole Attack,0.04480588395192381,0.005279131341090213,0.01800017928508696,0.04480588395192381,0.005279131341090213,0.01800017928508696,0.05008501529301402,0.06280606323701077,0.02327931062617717,0.06808519457810097
15090,Wormhole Attack,0.052828480006695766,0.005159728313776337,0.036557612363529286,0.052828480006695766,0.005159728313776337,0.036557612363529286,0.05798820832047211,0.08938609237022505,0.04171734067730562,0.09454582068400139
6685,Wormhole Attack,0.11762249823427953,0.02195707578155731,0.036557612363529286,0.11762249823427953,0.02195707578155731,0.036557612363529286,0.13957957401583684,0.1541801105978088,0.0585146881450866,0.17613718637936612
15079,Wormhole Attack,0.12286065845371184,0.0036339294733417652,0.036557612363529286,0.12286065845371184,0.0036339294733417652,0.036557612363529286,0.12649458792705362,0.15941827081724114,0.04019154183687105,0.1630522002905829
15161,Wormhole Attack,0.07557371464930407,0.008923477080685603,0.016063888487856913,0.07557371464930407,0.008923477080685603,0.016063888487856913,0.08449719172998968,0.09163760313716099,0.024987365568542516,0.1005610802178466
6372,Wormhole Attack,0.10288261654989461,0.005165038720835518,0.036557612363529286,0.10288261654989461,0.005165038720835518,0.036557612363529286,0.10804765527073013,0.1394402289134239,0.041722651084364806,0.1446052676342594
15025,Wormhole Attack,0.0,0.0036339294733417652,0.036557612363529286,0.0,0.0036339294733417652,0.036557612363529286,0.0036339294733417652,0.036557612363529286,0.04019154183687105,0.04019154183687105
15869,Wormhole Attack,0.08785476075982876,0.023006863369875362,0.036557612363529286,0.08785476075982876,0.023006863369875362,0.036557612363529286,0.11086162412970413,0.12441237312335804,0.05956447573340465,0.1474192364932334
16168,Wormhole Attack,0.12019665579338852,0.024370091366019156,0.018176551593379244,0.12019665579338852,0.024370091366019156,0.018176551593379244,0.14456674715940768,0.13837320738676775,0.042546642959398404,0.16274329875278692
6597,Wormhole Attack,0.13159725165854474,0.022153054343775905,0.036557612363529286,0.13159725165854474,0.022153054343775905,0.036557612363529286,0.15375030600232065,0.16815486402207402,0.058710666707305195,0.19030791836584993
5417,Wormhole Attack,0.11903579006905235,0.00363392947427072,0.036557612363529286,0.11903579006905235,0.00363392947427072,0.036557612363529286,0.12266971954332306,0.15559340243258163,0.04019154183780001,0.15922733190685234
7307,Wormhole Attack,0.0957765180802977,0.009024880845016275,0.036557612363529286,0.0957765180802977,0.009024880845016275,0.036557612363529286,0.10480139892531398,0.132334130443827,0.04558249320854556,0.14135901128884326
6824,Wormhole Attack,0.11049219053215635,0.010250753183587424,0.036557612363529286,0.11049219053215635,0.010250753183587424,0.036557612363529286,0.12074294371574378,0.14704980289568564,0.04680836554711671,0.15730055607927307
16153,Wormhole Attack,0.11700820929089906,0.01225092489258009,0.016328204247644716,0.11700820929089906,0.01225092489258009,0.016328204247644716,0.12925913418347915,0.13333641353854378,0.028579129140224806,0.14558733843112387
5204,Wormhole Attack,0.09591617063817046,0.004517563148138482,0.036557612363529286,0.09591617063817046,0.004517563148138482,0.036557612363529286,0.10043373378630893,0.13247378300169974,0.04107517551166777,0.1369913461498382
6474,Wormhole Attack,0.11734908047727632,0.0044275472214400195,0.036557612363529286,0.11734908047727632,0.0044275472214400195,0.036557612363529286,0.12177662769871635,0.1539066928408056,0.0409851595849693,0.15833424006224564
6732,Wormhole Attack,0.11930825561102579,0.008186926123242814,0.036557612363529286,0.11930825561102579,0.008186926123242814,0.036557612363529286,0.1274951817342686,0.15586586797455507,0.0447445384867721,0.16405279409779788
15678,Wormhole Attack,0.12475802776981476,0.04667694355807453,0.016994879519974374,0.12475802776981476,0.04667694355807453,0.016994879519974374,0.1714349713278893,0.14175290728978912,0.0636718230780489,0.18842985084786368
15029,Wormhole Attack,0.11681808573757915,0.021974459832818313,0.036557612363529286,0.11681808573757915,0.021974459832818313,0.036557612363529286,0.13879254557039747,0.15337569810110843,0.058532072196347595,0.17535015793392675
7313,Wormhole Attack,0.04218899942948159,0.022233964529043006,0.036557612363529286,0.04218899942948159,0.022233964529043006,0.036557612363529286,0.06442296395852459,0.07874661179301087,0.05879157689257229,0.10098057632205387
15058,Wormhole Attack,0.07761801438204574,0.003024551376275504,0.013073324865912048,0.07761801438204574,0.003024551376275504,0.013073324865912048,0.08064256575832124,0.09069133924795779,0.016097876242187552,0.09371589062423329
5506,Wormhole Attack,0.10707074007343514,0.0031599433774885063,0.036557612363529286,0.10707074007343514,0.0031599433774885063,0.036557612363529286,0.11023068345092366,0.14362835243696442,0.03971755574101779,0.14678829581445293
15995,Wormhole Attack,0.12005370826977901,0.010507828431124678,0.019119040398164974,0.12005370826977901,0.010507828431124678,0.019119040398164974,0.1305615367009037,0.139172748667944,0.02962686882928965,0.14968057709906868
14578,Wormhole Attack,0.07422172414736562,0.04697165187968046,0.01605234749546655,0.07422172414736562,0.04697165187968046,0.01605234749546655,0.12119337602704608,0.09027407164283217,0.06302399937514701,0.13724572352251263
15806,Wormhole Attack,0.12390578183404484,0.008405118495668879,0.036557612363529286,0.12390578183404484,0.008405118495668879,0.036557612363529286,0.1323109003297137,0.16046339419757413,0.04496273085919816,0.168868512693243
15059,Wormhole Attack,0.0869948833814054,0.0182686956936022,0.036557612363529286,0.0869948833814054,0.0182686956936022,0.036557612363529286,0.10526357907500761,0.12355249574493468,0.054826308057131484,0.1418211914385369
16046,Wormhole Attack,0.12099980422371942,0.05132057011347199,0.0,0.12099980422371942,0.05132057011347199,0.0,0.1723203743371914,0.12099980422371942,0.05132057011347199,0.1723203743371914
15398,Wormhole Attack,0.09370891961525513,0.011147184232386073,0.036557612363529286,0.09370891961525513,0.011147184232386073,0.036557612363529286,0.1048561038476412,0.1302665319787844,0.04770479659591536,0.1414137162111705
7328,Wormhole Attack,0.04373993432632835,0.005064047251095206,0.036557612363529286,0.04373993432632835,0.005064047251095206,0.036557612363529286,0.04880398157742355,0.08029754668985764,0.041621659614624495,0.08536159394095283
14820,Wormhole Attack,0.07469820561028709,0.0036346007322496567,0.036557612363529286,0.07469820561028709,0.0036346007322496567,0.036557612363529286,0.07833280634253674,0.11125581797381637,0.040192213095778945,0.11489041870606603
5296,Wormhole Attack,0.0,0.01153337284892723,0.036557612363529286,0.0,0.01153337284892723,0.036557612363529286,0.01153337284892723,0.036557612363529286,0.048090985212456513,0.048090985212456513
6488,Wormhole Attack,0.0747972900138813,0.00363392947427072,0.036557612363529286,0.0747972900138813,0.00363392947427072,0.036557612363529286,0.07843121948815202,0.11135490237741058,0.04019154183780001,0.1149888318516813
15930,Wormhole Attack,0.08882608476513601,0.0053921108982492826,0.036557612363529286,0.08882608476513601,0.0053921108982492826,0.036557612363529286,0.0942181956633853,0.1253836971286653,0.041949723261778565,0.13077580802691458
14888,Wormhole Attack,0.04480588395192381,0.0036522441805605446,0.036557612363529286,0.04480588395192381,0.0036522441805605446,0.036557612363529286,0.04845812813248435,0.08136349631545309,0.04020985654408983,0.08501574049601364
7231,Wormhole Attack,0.08256557310783844,0.003633931090110825,0.036557612363529286,0.08256557310783844,0.003633931090110825,0.036557612363529286,0.08619950419794926,0.11912318547136772,0.04019154345364011,0.12275711656147856
7047,Wormhole Attack,0.12952646859628308,0.005368686245331102,0.029628522769885157,0.12952646859628308,0.005368686245331102,0.029628522769885157,0.13489515484161418,0.15915499136616823,0.03499720901521626,0.16452367761149933
6719,Wormhole Attack,0.04691352272000482,0.004370785822045353,0.036557612363529286,0.04691352272000482,0.004370785822045353,0.036557612363529286,0.05128430854205017,0.0834711350835341,0.04092839818557464,0.08784192090557946
15311,Wormhole Attack,0.11680680521060849,0.012192700450231192,0.012364769111211505,0.11680680521060849,0.012192700450231192,0.012364769111211505,0.12899950566083968,0.12917157432182,0.024557469561442696,0.14136427477205118
6137,Wormhole Attack,0.048903035663331325,0.007989039297175711,0.036557612363529286,0.048903035663331325,0.007989039297175711,0.036557612363529286,0.056892074960507036,0.08546064802686061,0.044546651660705,0.09344968732403633
6315,Wormhole Attack,0.12952646859628308,0.011273303164302473,0.036557612363529286,0.12952646859628308,0.011273303164302473,0.036557612363529286,0.14079977176058556,0.16608408095981236,0.04783091552783176,0.17735738412411484
15432,Wormhole Attack,0.09162609869720584,0.007680993952253115,0.0,0.09162609869720584,0.007680993952253115,0.0,0.09930709264945896,0.09162609869720584,0.007680993952253115,0.09930709264945896
6955,Wormhole Attack,0.08571770377474347,0.005055638860061653,0.036557612363529286,0.08571770377474347,0.005055638860061653,0.036557612363529286,0.09077334263480512,0.12227531613827275,0.04161325122359094,0.1273309549983344
14608,Wormhole Attack,0.08827631920250036,0.06245034136757937,0.0058568457988616715,0.08827631920250036,0.06245034136757937,0.0058568457988616715,0.15072666057007972,0.09413316500136203,0.06830718716644105,0.1565835063689414
5896,Wormhole Attack,0.0806749300239483,0.0051563741325771,0.036557612363529286,0.0806749300239483,0.0051563741325771,0.036557612363529286,0.0858313041565254,0.11723254238747757,0.04171398649610639,0.12238891652005468
16084,Wormhole Attack,0.10590410028931088,0.0071476492529433675,0.03614222099204964,0.10590410028931088,0.0071476492529433675,0.03614222099204964,0.11305174954225425,0.14204632128136052,0.043289870244993006,0.1491939705343039
16172,Wormhole Attack,0.0869948833814054,0.005010836271416442,0.036557612363529286,0.0869948833814054,0.005010836271416442,0.036557612363529286,0.09200571965282184,0.12355249574493468,0.04156844863494573,0.12856333201635112
15800,Wormhole Attack,0.11239416143141735,0.048030024729281154,0.016390628719336137,0.11239416143141735,0.048030024729281154,0.016390628719336137,0.1604241861606985,0.1287847901507535,0.06442065344861729,0.17681481488003464
5480,Wormhole Attack,0.1115153150097289,0.0036339294733417652,0.036557612363529286,0.1115153150097289,0.0036339294733417652,0.036557612363529286,0.11514924448307066,0.1480729273732582,0.04019154183687105,0.15170685684659996
14753,Wormhole Attack,0.0869948833814054,0.0049638464603930215,0.036557612363529286,0.0869948833814054,0.0049638464603930215,0.036557612363529286,0.09195872984179843,0.12355249574493468,0.04152145882392231,0.1285163422053277
5760,Wormhole Attack,0.0869948833814054,0.02084925729121067,0.02145633731053004,0.0869948833814054,0.02084925729121067,0.02145633731053004,0.10784414067261608,0.10845122069193544,0.042305594601740715,0.12930047798314612
5911,Wormhole Attack,0.12968516463731528,0.02431716395350273,0.036557612363529286,0.12968516463731528,0.02431716395350273,0.036557612363529286,0.154002328590818,0.16624277700084455,0.06087477631703202,0.19055994095434728
15055,Wormhole Attack,0.05484849781859873,0.02220699849037421,0.036557612363529286,0.05484849781859873,0.02220699849037421,0.036557612363529286,0.07705549630897295,0.09140611018212802,0.0587646108539035,0.11361310867250224
5352,Wormhole Attack,0.0928607433458297,0.009595710646275147,0.036557612363529286,0.0928607433458297,0.009595710646275147,0.036557612363529286,0.10245645399210485,0.12941835570935897,0.04615332300980443,0.13901406635563412
5526,Wormhole Attack,0.08910252214948641,0.0036346007322496567,0.036557612363529286,0.08910252214948641,0.0036346007322496567,0.036557612363529286,0.09273712288173606,0.1256601345130157,0.040192213095778945,0.12929473524526536
6181,Wormhole Attack,0.04480588395192381,0.005102466200364163,0.036557612363529286,0.04480588395192381,0.005102466200364163,0.036557612363529286,0.04990835015228797,0.08136349631545309,0.04166007856389345,0.08646596251581726
14588,Wormhole Attack,0.05230214658282473,0.04928049024036948,0.0140057087807827,0.05230214658282473,0.04928049024036948,0.0140057087807827,0.10158263682319421,0.06630785536360742,0.06328619902115218,0.1155883456039769
15319,Wormhole Attack,0.04218899942948159,0.022816484667476676,0.0013016726550541535,0.04218899942948159,0.022816484667476676,0.0013016726550541535,0.06500548409695826,0.04349067208453574,0.02411815732253083,0.06630715675201242
15883,Wormhole Attack,0.10978046132922674,0.009591377967604543,0.032142957126846325,0.10978046132922674,0.009591377967604543,0.032142957126846325,0.11937183929683129,0.14192341845607306,0.04173433509445087,0.1515147964236776
