test_idx,label,W2_c2,W2_network,W2_physical,W2_c2_only,W2_network_only,W2_physical_only,W2_c2_network,W2_c2_physical,W2_network_physical,W2_all_three
10830,Blackhole Attack,-1.3204386793826952,0.1942235732778307,1.4944283329765993,-1.3204386793826952,0.1942235732778307,1.4944283329765993,-1.1262151061048644,0.17398965359390406,1.68865190625443,0.36821322687173486
12461,Blackhole Attack,-0.8252288986530094,1.2974097938366225,1.4944283329765993,-0.8252288986530094,1.2974097938366225,1.4944283329765993,0.47218089518361306,0.6691994343235899,2.7918381268132215,1.9666092281602123
4068,Blackhole Attack,1.594178158441129,1.4215898214364628,1.2368710334759854,1.594178158441129,1.4215898214364628,1.2368710334759854,3.015767979877592,2.8310491919171143,2.658460854912448,4.252639013353577
4505,Blackhole Attack,1.5440108937617432,0.29796330849735647,1.4944283329765993,1.5440108937617432,0.29796330849735647,1.4944283329765993,1.8419742022590997,3.038439226738342,1.7923916414739558,3.336402535235699
3266,Blackhole Attack,1.268441062182729,-0.9016982523252266,1.4944283329765993,1.268441062182729,-0.9016982523252266,1.4944283329765993,0.3667428098575023,2.762869395159328,0.5927300806513727,1.8611711428341016
2923,Blackhole Attack,1.5421449163087342,1.6909625396625687,1.4944283329765993,1.5421449163087342,1.6909625396625687,1.4944283329765993,3.233107455971303,3.0365732492853335,3.185390872639168,4.727535788947902
4701,Blackhole Attack,1.2868738861831062,0.12274373064389678,1.4944283329765993,1.2868738861831062,0.12274373064389678,1.4944283329765993,1.409617616827003,2.7813022191597057,1.617172063620496,2.904045949803602
3307,Blackhole Attack,-0.9664053684247454,-0.10944007064974957,1.4944283329765993,-0.9664053684247454,-0.10944007064974957,1.4944283329765993,-1.075845439074495,0.5280229645518538,1.3849882623268497,0.41858289390210435
3579,Blackhole Attack,2.02740576942017,-0.5965605302970333,1.4944283329765993,2.02740576942017,-0.5965605302970333,1.4944283329765993,1.430845239123137,3.5218341023967694,0.897867802679566,2.9252735720997363
11421,Blackhole Attack,0.13051337457280845,-0.4995656601336481,1.4944283329765993,0.13051337457280845,-0.4995656601336481,1.4944283329765993,-0.3690522855608397,1.6249417075494077,0.9948626728429512,1.1253760474157595
4935,Blackhole Attack,-0.3168822837419864,0.03218556220701098,1.4944283329765993,-0.3168822837419864,0.03218556220701098,1.4944283329765993,-0.28469672153497544,1.1775460492346128,1.5266138951836103,1.2097316114416239
3140,Blackhole Attack,1.3196704920594668,-0.8390470408866398,1.4944283329765993,1.3196704920594668,-0.8390470408866398,1.4944283329765993,0.480623451172827,2.814098825036066,0.6553812920899594,1.9750517841494264
4838,Blackhole Attack,0.8896621270444048,-0.9267013530227907,1.4944283329765993,0.8896621270444048,-0.9267013530227907,1.4944283329765993,-0.037039225978385826,2.384090460021004,0.5677269799538086,1.4573891069982134
11899,Blackhole Attack,0.16096540236695853,2.588161745220407,1.4944283329765993,0.16096540236695853,2.588161745220407,1.4944283329765993,2.7491271475873655,1.6553937353435577,4.082590078197006,4.243555480563964
11467,Blackhole Attack,-0.17591193431035154,0.2999907018706522,1.4944283329765993,-0.17591193431035154,0.2999907018706522,1.4944283329765993,0.12407876756030065,1.3185163986662478,1.7944190348472515,1.6185071005368998
3045,Blackhole Attack,0.8903520541173097,0.01874181228846414,1.4944283329765993,0.8903520541173097,0.01874181228846414,1.4944283329765993,0.9090938664057738,2.384780387093909,1.5131701452650634,2.403522199382373
3628,Blackhole Attack,-1.9001530245578306,-0.37547229393759324,1.4944283329765993,-1.9001530245578306,-0.37547229393759324,1.4944283329765993,-2.275625318495424,-0.40572469158123137,1.118956039039006,-0.7811969855188248
13658,Blackhole Attack,0.9182861429033072,-0.09798579427155074,1.4944283329765993,0.9182861429033072,-0.09798579427155074,1.4944283329765993,0.8203003486317565,2.4127144758799064,1.3964425387050485,2.3147286816083557
10250,Blackhole Attack,0.26201476639623156,-0.5224978954559366,-0.8666166030529321,0.26201476639623156,-0.5224978954559366,-0.8666166030529321,-0.26048312905970505,-0.6046018366567005,-1.3891144985088686,-1.127099732112637
4306,Blackhole Attack,0.9643016688325811,-0.8465033485352639,1.4944283329765993,0.9643016688325811,-0.8465033485352639,1.4944283329765993,0.11779832029731718,2.4587300018091804,0.6479249844413354,1.6122266532739165
11505,Blackhole Attack,0.19246693977816576,-0.562097830978774,1.4944283329765993,0.19246693977816576,-0.562097830978774,1.4944283329765993,-0.3696308912006082,1.686895272754765,0.9323305019978253,1.124797441775991
11887,Blackhole Attack,0.9160648133179362,3.81607973010272,1.4944283329765993,0.9160648133179362,3.81607973010272,1.4944283329765993,4.732144543420656,2.4104931462945354,5.310508063079319,6.226572876397255
4738,Blackhole Attack,1.313509237500071,-0.6353594689207808,1.4944283329765993,1.313509237500071,-0.6353594689207808,1.4944283329765993,0.6781497685792902,2.8079375704766703,0.8590688640558185,2.1725781015558896
10163,Blackhole Attack,1.3148246208188126,1.4070977665513895,1.4944283329765993,1.3148246208188126,1.4070977665513895,1.4944283329765993,2.721922387370202,2.809252953795412,2.901526099527989,4.216350720346801
12797,Blackhole Attack,-0.46548961067023376,2.367211337048691,1.4944283329765993,-0.46548961067023376,2.367211337048691,1.4944283329765993,1.9017217263784572,1.0289387223063655,3.86163967002529,3.3961500593550564
3754,Blackhole Attack,0.6523497354569653,-0.00906409286495205,1.4944283329765993,0.6523497354569653,-0.00906409286495205,1.4944283329765993,0.6432856425920133,2.1467780684335644,1.4853642401116471,2.1377139755686123
10982,Blackhole Attack,1.5987259931791105,0.3077104676467302,1.4222121795963945,1.5987259931791105,0.3077104676467302,1.4222121795963945,1.9064364608258406,3.020938172775505,1.7299226472431246,3.328648640422235
13011,Blackhole Attack,-0.963691935714874,3.949346819897378,1.4944283329765993,-0.963691935714874,3.949346819897378,1.4944283329765993,2.985654884182504,0.5307363972617253,5.443775152873977,4.480083217159104
2942,Blackhole Attack,0.736272946308605,-0.48535977694439103,1.4944283329765993,0.736272946308605,-0.48535977694439103,1.4944283329765993,0.25091316936421393,2.230701279285204,1.0090685560322084,1.7453415023408132
12534,Blackhole Attack,0.33931445243875,-0.517518968936281,1.4944283329765993,0.33931445243875,-0.517518968936281,1.4944283329765993,-0.178204516497531,1.8337427854153492,0.9769093640403183,1.3162238164790683
4442,Blackhole Attack,-0.46210665253629646,-0.8390470408866398,1.4944283329765993,-0.46210665253629646,-0.8390470408866398,1.4944283329765993,-1.3011536934229362,1.0323216804403028,0.6553812920899594,0.19327463955366309
9529,Blackhole Attack,0.35362501918868217,0.21368695624191134,1.4944283329765993,0.35362501918868217,0.21368695624191134,1.4944283329765993,0.5673119754305935,1.8480533521652815,1.7081152892185105,2.0617403084071926
10486,Blackhole Attack,-1.047148642269964,-0.23626815370074056,-0.8666166030529321,-1.047148642269964,-0.23626815370074056,-0.8666166030529321,-1.2834167959707046,-1.9137652453228962,-1.1028847567536726,-2.150033399023637
12960,Blackhole Attack,0.5837692422017945,3.070333936184496,1.4944283329765993,0.5837692422017945,3.070333936184496,1.4944283329765993,3.6541031783862903,2.0781975751783937,4.564762269161095,5.14853151136289
10777,Blackhole Attack,-0.9664053684247454,-0.6038907884403006,1.4944283329765993,-0.9664053684247454,-0.6038907884403006,1.4944283329765993,-1.5702961568650462,0.5280229645518538,0.8905375445362986,-0.07586782388844693
3955,Blackhole Attack,-0.9664053684247454,0.46169365660626993,1.4944283329765993,-0.9664053684247454,0.46169365660626993,1.4944283329765993,-0.5047117118184755,0.5280229645518538,1.9561219895828692,0.9897166211581238
4597,Blackhole Attack,0.048235073993520755,0.8187047924274735,1.4944283329765993,0.048235073993520755,0.8187047924274735,1.4944283329765993,0.8669398664209943,1.54266340697012,2.3131331254040726,2.3613681993975937
4692,Blackhole Attack,2.1737239969539477,-0.22638400496452582,1.4944283329765993,2.1737239969539477,-0.22638400496452582,1.4944283329765993,1.9473399919894219,3.668152329930547,1.2680443280120735,3.441768324966021
10891,Blackhole Attack,0.6518414501896965,-0.8390470408866398,-0.8666166030529321,0.6518414501896965,-0.8390470408866398,-0.8666166030529321,-0.1872055906969433,-0.21477515286323556,-1.7056636439395718,-1.0538221937498755
4471,Blackhole Attack,0.35004924295707374,0.09425335545263908,1.4944283329765993,0.35004924295707374,0.09425335545263908,1.4944283329765993,0.4443025984097128,1.8444775759336731,1.5886816884292383,1.9387309313863121
13194,Blackhole Attack,-0.739504361068278,3.969289964988038,1.4944283329765993,-0.739504361068278,3.969289964988038,1.4944283329765993,3.22978560391976,0.7549239719083213,5.463718297964638,4.724213936896359
4330,Blackhole Attack,1.5421449163087342,1.497725023731455,1.4944283329765993,1.5421449163087342,1.497725023731455,1.4944283329765993,3.039869940040189,3.0365732492853335,2.9921533567080543,4.5342982730167884
3435,Blackhole Attack,1.839896261401376,-0.20395373883969725,1.4944283329765993,1.839896261401376,-0.20395373883969725,1.4944283329765993,1.6359425225616788,3.3343245943779753,1.290474594136902,3.130370855538278
10139,Blackhole Attack,-0.28197478204975424,0.5506296437637259,1.4944283329765993,-0.28197478204975424,0.5506296437637259,1.4944283329765993,0.2686548617139717,1.212453550926845,2.045057976740325,1.763083194690571
3327,Blackhole Attack,1.5390832466428406,-0.11070623445425253,1.4944283329765993,1.5390832466428406,-0.11070623445425253,1.4944283329765993,1.4283770121885881,3.03351157961944,1.3837220985223468,2.9228053451651874
4109,Blackhole Attack,0.88927908724667,-0.8390442411429965,1.4944283329765993,0.88927908724667,-0.8390442411429965,1.4944283329765993,0.05023484610367357,2.3837074202232693,0.6553840918336028,1.5446631790802727
3865,Blackhole Attack,-2.3672789109200023,-0.021069679383244007,1.4944283329765993,-2.3672789109200023,-0.021069679383244007,1.4944283329765993,-2.3883485903032464,-0.872850577943403,1.4733586535933552,-0.8939202573266471
4463,Blackhole Attack,0.8381293682541463,-0.6905456264621644,1.4944283329765993,0.8381293682541463,-0.6905456264621644,1.4944283329765993,0.14758374179198186,2.3325577012307455,0.8038827065144348,1.6420120747685811
13973,Blackhole Attack,-0.9909356636712525,-0.5971709451348516,1.4944283329765993,-0.9909356636712525,-0.5971709451348516,1.4944283329765993,-1.588106608806104,0.5034926693053468,0.8972573878417477,-0.09367827582950472
5123,Blackhole Attack,2.170289505477253,0.047484778707957254,1.4944283329765993,2.170289505477253,0.047484778707957254,1.4944283329765993,2.21777428418521,3.664717838453852,1.5419131116845566,3.712202617161809
5048,Blackhole Attack,0.8896621270444048,4.019769737607421,1.4944283329765993,0.8896621270444048,4.019769737607421,1.4944283329765993,4.909431864651825,2.384090460021004,5.51419807058402,6.403860197628425
13176,Blackhole Attack,0.9639680192019976,3.102362854079137,1.4944283329765993,0.9639680192019976,3.102362854079137,1.4944283329765993,4.066330873281134,2.458396352178597,4.596791187055736,5.560759206257734
3059,Blackhole Attack,1.3630778869389664,-0.022786138883881615,1.4944283329765993,1.3630778869389664,-0.022786138883881615,1.4944283329765993,1.3402917480550847,2.8575062199155656,1.4716421940927176,2.834720081031684
4390,Blackhole Attack,1.2478211506554364,-0.6657062213762984,1.2499347207822777,1.2478211506554364,-0.6657062213762984,1.2499347207822777,0.582114929279138,2.497755871437714,0.5842284994059793,1.8320496500614158
12054,Blackhole Attack,0.5996831765012893,-0.45218046493323016,1.1995872857053198,0.5996831765012893,-0.45218046493323016,1.1995872857053198,0.14750271156805916,1.7992704622066091,0.7474068207720896,1.347089997273379
2966,Blackhole Attack,0.40466883649249336,0.791661093235714,1.4944283329765993,0.40466883649249336,0.791661093235714,1.4944283329765993,1.1963299297282073,1.8990971694690926,2.286089426212313,2.6907582627048066
13001,Blackhole Attack,-0.2741528978305854,1.4187899121915617,1.4944283329765993,-0.2741528978305854,1.4187899121915617,1.4944283329765993,1.1446370143609763,1.2202754351460139,2.913218245168161,2.6390653473375756
4441,Blackhole Attack,1.5608847776162678,-0.8390470408866398,1.4944283329765993,1.5608847776162678,-0.8390470408866398,1.4944283329765993,0.7218377367296279,3.0553131105928673,0.6553812920899594,2.216266069706227
3896,Blackhole Attack,0.8556497559450099,3.8349838817374415,1.4944283329765993,0.8556497559450099,3.8349838817374415,1.4944283329765993,4.690633637682452,2.350078088921609,5.329412214714041,6.185061970659051
4218,Blackhole Attack,1.4730082791307928,-0.8390442411429965,1.4944283329765993,1.4730082791307928,-0.8390442411429965,1.4944283329765993,0.6339640379877963,2.967436612107392,0.6553840918336028,2.1283923709643955
4561,Blackhole Attack,1.1674490544435974,-0.8390442397533838,1.4944283329765993,1.1674490544435974,-0.8390442397533838,1.4944283329765993,0.32840481469021354,2.661877387420197,0.6553840932232154,1.8228331476668127
11511,Blackhole Attack,-1.8141109934633672,1.4039286826929775,1.4944283329765993,-1.8141109934633672,1.4039286826929775,1.4944283329765993,-0.4101823107703897,-0.31968266048676797,2.8983570156695766,1.0842460222062096
4282,Blackhole Attack,2.4067023398631675,-0.04544245643785182,1.4944283329765993,2.4067023398631675,-0.04544245643785182,1.4944283329765993,2.3612598834253156,3.9011306728397668,1.4489858765387476,3.855688216401915
4827,Blackhole Attack,1.3295223954849567,-0.9072851626636671,1.4944283329765993,1.3295223954849567,-0.9072851626636671,1.4944283329765993,0.42223723282128955,2.823950728461556,0.5871431703129322,1.9166655657978888
4292,Blackhole Attack,1.8794627006105251,0.03443960120437317,1.4944283329765993,1.8794627006105251,0.03443960120437317,1.4944283329765993,1.9139023018148982,3.3738910335871246,1.5288679341809726,3.4083306347914974
3136,Blackhole Attack,1.3196526123410055,-0.4775709580343588,1.4944283329765993,1.3196526123410055,-0.4775709580343588,1.4944283329765993,0.8420816543066467,2.8140809453176048,1.0168573749422405,2.3365099872832458
13119,Blackhole Attack,-0.8256860422542092,1.1303183197781033,1.4944283329765993,-0.8256860422542092,1.1303183197781033,1.4944283329765993,0.3046322775238941,0.6687422907223901,2.6247466527547028,1.7990606105004934
5050,Blackhole Attack,-0.3789809349456116,-0.46273124511774255,0.32966996565421297,-0.3789809349456116,-0.46273124511774255,0.32966996565421297,-0.8417121800633541,-0.04931096929139861,-0.13306127946352958,-0.5120422144091412
10058,Blackhole Attack,0.32025587802227107,-0.48956641322541933,1.4944283329765993,0.32025587802227107,-0.48956641322541933,1.4944283329765993,-0.16931053520314826,1.8146842109988703,1.0048619197511799,1.325117797773451
4299,Blackhole Attack,2.244070447901849,1.4058030563306667,1.4944283329765993,2.244070447901849,1.4058030563306667,1.4944283329765993,3.6498735042325157,3.7384987808784484,2.900231389307266,5.144301837209115
4585,Blackhole Attack,2.170289505477253,-0.07864534688853912,1.4944283329765993,2.170289505477253,-0.07864534688853912,1.4944283329765993,2.0916441585887138,3.664717838453852,1.4157829860880602,3.586072491565313
5178,Blackhole Attack,1.840737632951515,-0.4754327662060559,1.4944283329765993,1.840737632951515,-0.4754327662060559,1.4944283329765993,1.365304866745459,3.3351659659281143,1.0189955667705433,2.8597331997220583
13574,Blackhole Attack,-0.963691935714874,1.0799279648562876,0.7930491154539631,-0.963691935714874,1.0799279648562876,0.7930491154539631,0.11623602914141362,-0.17064282026091093,1.8729770803102506,0.9092851445953767
13503,Blackhole Attack,-0.9645529356265402,-0.4351136953265611,-0.1449952940447727,-0.9645529356265402,-0.4351136953265611,-0.1449952940447727,-1.3996666309531012,-1.1095482296713128,-0.5801089893713338,-1.544661924997874
13170,Blackhole Attack,1.9709139026780274,2.054774192324087,1.4944283329765993,1.9709139026780274,2.054774192324087,1.4944283329765993,4.025688095002114,3.4653422356546266,3.5492025253006863,5.520116427978714
2870,Blackhole Attack,0.6546690363225699,0.5206574079751645,1.4944283329765993,0.6546690363225699,0.5206574079751645,1.4944283329765993,1.1753264442977343,2.1490973692991693,2.015085740951764,2.6697547772743335
4413,Blackhole Attack,0.21631767370860644,0.9926705076792387,1.4944283329765993,0.21631767370860644,0.9926705076792387,1.4944283329765993,1.2089881813878451,1.7107460066852056,2.487098840655838,2.703416514364444
10245,Blackhole Attack,-0.5875175252566125,0.5689777425850693,-0.8666166030529321,-0.5875175252566125,0.5689777425850693,-0.8666166030529321,-0.018539782671543215,-1.4541341283095446,-0.2976388604678628,-0.8851563857244753
12409,Blackhole Attack,-0.860823785254584,3.788749237649218,1.4944283329765993,-0.860823785254584,3.788749237649218,1.4944283329765993,2.927925452394634,0.6336045477220152,5.283177570625817,4.422353785371233
4666,Blackhole Attack,1.1698684352721693,0.36679533276454523,-0.8666166030529321,1.1698684352721693,0.36679533276454523,-0.8666166030529321,1.5366637680367146,0.30325183221923724,-0.49982127028838685,0.6700471649837825
3163,Blackhole Attack,-0.06106984786322478,1.8680729578344242,1.4944283329765993,-0.06106984786322478,1.8680729578344242,1.4944283329765993,1.8070031099711994,1.4333584851133745,3.3625012908110232,3.3014314429477984
12550,Blackhole Attack,-1.7446659214713978,-0.8390470394793876,1.4944283329765993,-1.7446659214713978,-0.8390470394793876,1.4944283329765993,-2.5837129609507854,-0.2502375884947985,0.6553812934972116,-1.0892846279741861
4035,Blackhole Attack,1.1246953853533246,1.393787669390009,1.4944283329765993,1.1246953853533246,1.393787669390009,1.4944283329765993,2.5184830547433337,2.6191237183299236,2.888216002366608,4.012911387719933
3863,Blackhole Attack,1.022616507600578,-0.5166274895537046,1.4944283329765993,1.022616507600578,-0.5166274895537046,1.4944283329765993,0.5059890180468734,2.517044840577177,0.9778008434228946,2.0004173510234726
4363,Blackhole Attack,0.8896621270444048,-0.8465478143464753,1.4944283329765993,0.8896621270444048,-0.8465478143464753,1.4944283329765993,0.043114312697929535,2.384090460021004,0.647880518630124,1.5375426456745287
4881,Blackhole Attack,0.19692527792570907,0.5035361096046079,1.4944283329765993,0.19692527792570907,0.5035361096046079,1.4944283329765993,0.700461387530317,1.6913536109023084,1.9979644425812073,2.194889720506916
10018,Blackhole Attack,0.11343714215975743,-0.8057277759659964,1.4944283329765993,0.11343714215975743,-0.8057277759659964,1.4944283329765993,-0.692290633806239,1.6078654751363568,0.6887005570106028,0.8021376991703603
13278,Blackhole Attack,0.2930941255693871,1.9626390104850708,1.4944283329765993,0.2930941255693871,1.9626390104850708,1.4944283329765993,2.2557331360544577,1.7875224585459863,3.45706734346167,3.750161469031057
12749,Blackhole Attack,-0.963691935714874,1.2492069464380742,1.4944283329765993,-0.963691935714874,1.2492069464380742,1.4944283329765993,0.2855150107232002,0.5307363972617253,2.7436352794146734,1.7799433436997996
5120,Blackhole Attack,0.8911910126465746,-0.8390442411605853,1.4944283329765993,0.8911910126465746,-0.8390442411605853,1.4944283329765993,0.05214677148598934,2.385619345623174,0.655384091816014,1.5465751044625886
3725,Blackhole Attack,2.4810825948433632,-0.5546260918337439,1.4944283329765993,2.4810825948433632,-0.5546260918337439,1.4944283329765993,1.9264565030096192,3.9755109278199625,0.9398022411428554,3.4208848359862185
3828,Blackhole Attack,1.5627161654134476,-0.8390442397533838,1.4944283329765993,1.5627161654134476,-0.8390442397533838,1.4944283329765993,0.7236719256600638,3.0571444983900466,0.6553840932232154,2.218100258636663
10888,Blackhole Attack,0.3559387464729788,1.266042269558058,1.4944283329765993,0.3559387464729788,1.266042269558058,1.4944283329765993,1.6219810160310368,1.8503670794495781,2.7604706025346575,3.116409349007636
4334,Blackhole Attack,1.7893445030466477,0.09722077325509033,-0.8666166030529321,1.7893445030466477,0.09722077325509033,-0.8666166030529321,1.886565276301738,0.9227278999937156,-0.7693958297978417,1.019948673248806
11010,Blackhole Attack,-0.33818321105864635,-0.4077562653388965,1.4944283329765993,-0.33818321105864635,-0.4077562653388965,1.4944283329765993,-0.7459394763975429,1.1562451219179528,1.0866720676377029,0.7484888565790564
12919,Blackhole Attack,-0.2527895512766492,-0.34996674428423646,1.4944283329765993,-0.2527895512766492,-0.34996674428423646,1.4944283329765993,-0.6027562955608856,1.2416387816999501,1.1444615886923628,0.8916720374157137
13244,Blackhole Attack,-0.0067525290571149995,0.8769674505396085,1.4944283329765993,-0.0067525290571149995,0.8769674505396085,1.4944283329765993,0.8702149214824935,1.4876758039194842,2.3713957835162076,2.364643254459093
13935,Blackhole Attack,-0.457522859004009,1.2974100317727437,0.22055961699916649,-0.457522859004009,1.2974100317727437,0.22055961699916649,0.8398871727687347,-0.23696324200484253,1.5179696487719103,1.060446789767901
12393,Blackhole Attack,-1.0622703806309481,-0.441234310415844,1.4944283329765993,-1.0622703806309481,-0.441234310415844,1.4944283329765993,-1.5035046910467922,0.43215795234565113,1.0531940225607552,-0.009076358070192914
12862,Blackhole Attack,-0.8121169412057488,0.7923734112681244,1.4944283329765993,-0.8121169412057488,0.7923734112681244,1.4944283329765993,-0.019743529937624404,0.6823113917708504,2.2868017442447237,1.4746848030389748
4083,Blackhole Attack,0.16304345845063842,-0.90728515087351,1.4944283329765993,0.16304345845063842,-0.90728515087351,1.4944283329765993,-0.7442416924228716,1.6574717914272377,0.5871431821030892,0.7501866405537276
4145,Blackhole Attack,0.9723422402096692,-0.08015792871868158,1.4944283329765993,0.9723422402096692,-0.08015792871868158,1.4944283329765993,0.8921843114909876,2.4667705731862686,1.4142704042579177,2.386612644467587
2880,Blackhole Attack,0.3072505919077608,-0.8390442411605853,0.5246467023275587,0.3072505919077608,-0.8390442411605853,0.5246467023275587,-0.5317936492528246,0.8318972942353196,-0.31439753883302657,-0.007146946925265851
13332,Blackhole Attack,1.231582370352018,-0.5512851348218645,1.4944283329765993,1.231582370352018,-0.5512851348218645,1.4944283329765993,0.6802972355301534,2.726010703328617,0.9431431981547348,2.174725568506753
13222,Blackhole Attack,1.8883452616206289,2.236388847138302,1.4944283329765993,1.8883452616206289,2.236388847138302,1.4944283329765993,4.124734108758931,3.382773594597228,3.7308171801149013,5.61916244173553
13472,Blackhole Attack,0.316935442717974,2.6752028331225093,1.4944283329765993,0.316935442717974,2.6752028331225093,1.4944283329765993,2.9921382758404835,1.8113637756945733,4.1696311660991086,4.486566608817083
12006,Blackhole Attack,0.341218177980802,-0.6698919046601414,1.4944283329765993,0.341218177980802,-0.6698919046601414,1.4944283329765993,-0.32867372667933936,1.8356465109574014,0.8245364283164579,1.16575460629726
12040,Blackhole Attack,1.3501319374840213,1.0376844701062224,1.4944283329765993,1.3501319374840213,1.0376844701062224,1.4944283329765993,2.3878164075902437,2.8445602704606205,2.5321128030828217,3.882244740566843
12417,Blackhole Attack,-1.8956128591608332,3.0356123356946534,1.4944283329765993,-1.8956128591608332,3.0356123356946534,1.4944283329765993,1.1399994765338202,-0.40118452618423395,4.530040668671253,2.634427809510419
4005,Blackhole Attack,1.5436941483193123,-0.8390442411429965,1.4944283329765993,1.5436941483193123,-0.8390442411429965,1.4944283329765993,0.7046499071763158,3.0381224812959116,0.6553840918336028,2.199078240152915
4297,Blackhole Attack,1.3461029653546088,-0.8390470394969771,1.4944283329765993,1.3461029653546088,-0.8390470394969771,1.4944283329765993,0.5070559258576317,2.840531298331208,0.6553812934796222,2.001484258834231
12828,Blackhole Attack,-0.2527636834824765,2.995545655464466,1.4944283329765993,-0.2527636834824765,2.995545655464466,1.4944283329765993,2.7427819719819895,1.2416646494941228,4.489973988441065,4.237210304958589
9325,Blackhole Attack,-1.5265084614574804,-0.39318311628701386,1.0363057586098614,-1.5265084614574804,-0.39318311628701386,1.0363057586098614,-1.9196915777444943,-0.490202702847619,0.6431226423228475,-0.8833858191346329
3084,Blackhole Attack,0.3541673864320639,-0.44750407665318875,1.4944283329765993,0.3541673864320639,-0.44750407665318875,1.4944283329765993,-0.09333669022112484,1.8485957194086633,1.0469242563234105,1.4010916427554745
3180,Blackhole Attack,2.1730029381871243,0.056337691999370276,1.4944283329765993,2.1730029381871243,0.056337691999370276,1.4944283329765993,2.2293406301864946,3.6674312711637236,1.5507660249759696,3.723768963163094
12850,Blackhole Attack,-0.29735783867020676,2.905129824041056,1.4944283329765993,-0.29735783867020676,2.905129824041056,1.4944283329765993,2.607771985370849,1.1970704943063926,4.399558157017655,4.102200318347448
4849,Blackhole Attack,0.6935315687590652,1.2752739534123898,1.4944283329765993,0.6935315687590652,1.2752739534123898,1.4944283329765993,1.968805522171455,2.1879599017356646,2.769702286388989,3.4632338551480544
2917,Blackhole Attack,0.8828304843163987,0.6129792770815723,1.4944283329765993,0.8828304843163987,0.6129792770815723,1.4944283329765993,1.4958097613979708,2.377258817292998,2.1074076100581713,2.99023809437457
3371,Blackhole Attack,1.843217927109897,-0.7026322758015042,1.4944283329765993,1.843217927109897,-0.7026322758015042,1.4944283329765993,1.1405856513083927,3.3376462600864962,0.791796057175095,2.635013984284992
12168,Blackhole Attack,-1.165690733242597,-0.0824147538356073,1.4944283329765993,-1.165690733242597,-0.0824147538356073,1.4944283329765993,-1.2481054870782042,0.3287375997340023,1.412013579140992,0.24632284589839504
4915,Blackhole Attack,1.5650399029814692,-0.47949694139364274,1.4944283329765993,1.5650399029814692,-0.47949694139364274,1.4944283329765993,1.0855429615878265,3.0594682359580685,1.0149313915829565,2.5799712945644258
13071,Blackhole Attack,-1.3339853573926994,4.284922843306106,1.4944283329765993,-1.3339853573926994,4.284922843306106,1.4944283329765993,2.950937485913406,0.16044297558389986,5.779351176282705,4.445365818890005
3744,Blackhole Attack,0.6908677211810182,0.2959105759832825,1.4944283329765993,0.6908677211810182,0.2959105759832825,1.4944283329765993,0.9867782971643008,2.1852960541576176,1.7903389089598818,2.4812066301409
11965,Blackhole Attack,1.8370058640784837,1.2135854973839761,1.4944283329765993,1.8370058640784837,1.2135854973839761,1.4944283329765993,3.05059136146246,3.331434197055083,2.708013830360575,4.545019694439059
4876,Blackhole Attack,0.8896621270444048,-0.8465478143464753,1.4944283329765993,0.8896621270444048,-0.8465478143464753,1.4944283329765993,0.043114312697929535,2.384090460021004,0.647880518630124,1.5375426456745287
4643,Blackhole Attack,0.05451198823421539,-0.8465478127886832,1.4944283329765993,0.05451198823421539,-0.8465478127886832,1.4944283329765993,-0.7920358245544677,1.5489403212108146,0.6478805201879161,0.7023925084221315
13186,Blackhole Attack,2.2844584217493193,0.681550271775522,1.4944283329765993,2.2844584217493193,0.681550271775522,1.4944283329765993,2.9660086935248415,3.7788867547259186,2.175978604752121,4.460437026501441
11248,Blackhole Attack,1.7165635194683733,-0.40601392574427364,1.4944283329765993,1.7165635194683733,-0.40601392574427364,1.4944283329765993,1.3105495937240996,3.2109918524449723,1.0884144072323256,2.804977926700699
11573,Blackhole Attack,0.316935442717974,1.308095173065306,1.4944283329765993,0.316935442717974,1.308095173065306,1.4944283329765993,1.6250306157832801,1.8113637756945733,2.802523506041905,3.1194589487598794
13128,Blackhole Attack,-0.9435066427167684,3.029621455853035,1.4944283329765993,-0.9435066427167684,3.029621455853035,1.4944283329765993,2.0861148131362666,0.5509216902598308,4.524049788829634,3.580543146112866
3985,Blackhole Attack,1.5247717866611568,0.25930657392850354,-0.5702440443209323,1.5247717866611568,0.25930657392850354,-0.5702440443209323,1.7840783605896604,0.9545277423402244,-0.3109374703924288,1.213834316268728
12411,Blackhole Attack,-0.31920779068975413,2.4663595572079657,1.4944283329765993,-0.31920779068975413,2.4663595572079657,1.4944283329765993,2.1471517665182116,1.1752205422868451,3.960787890184565,3.641580099494811
11484,Blackhole Attack,-0.18040900971976545,0.5605572261030133,-0.5390995961961027,-0.18040900971976545,0.5605572261030133,-0.5390995961961027,0.3801482163832478,-0.7195086059158682,0.02145762990691058,-0.1589513798128549
3513,Blackhole Attack,0.8896621270444048,-0.8390442411429965,1.4944283329765993,0.8896621270444048,-0.8390442411429965,1.4944283329765993,0.050617885901408366,2.384090460021004,0.6553840918336028,1.5450462188780076
4268,Blackhole Attack,0.28890842530564015,-0.8465478143464753,-0.5696934030662754,0.28890842530564015,-0.8465478143464753,-0.5696934030662754,-0.5576393890408351,-0.2807849777606352,-1.4162412174127508,-1.1273327921071106
3774,Blackhole Attack,1.4853687163456362,1.3976522755826937,1.4944283329765993,1.4853687163456362,1.3976522755826937,1.4944283329765993,2.88302099192833,2.9797970493222357,2.8920806085592927,4.377449324904929
12799,Blackhole Attack,2.673967362896125,1.2184365927434784,1.4944283329765993,2.673967362896125,1.2184365927434784,1.4944283329765993,3.8924039556396033,4.168395695872724,2.7128649257200776,5.386832288616203
12048,Blackhole Attack,0.12189142762172414,2.2465859241528636,1.150019391772559,0.12189142762172414,2.2465859241528636,1.150019391772559,2.3684773517745876,1.2719108193942832,3.396605315925423,3.5184967435471464
13185,Blackhole Attack,0.3142220100081025,3.064613929302809,1.4944283329765993,0.3142220100081025,3.064613929302809,1.4944283329765993,3.3788359393109113,1.8086503429847018,4.559042262279409,4.873264272287511
12659,Blackhole Attack,2.3866610671744763,3.596951401764862,1.4944283329765993,2.3866610671744763,3.596951401764862,1.4944283329765993,5.983612468939338,3.8810894001510756,5.091379734741461,7.478040801915937
4213,Blackhole Attack,2.170289505477253,-0.47585684007205736,1.4944283329765993,2.170289505477253,-0.47585684007205736,1.4944283329765993,1.6944326654051955,3.664717838453852,1.018571492904542,3.188860998381795
5055,Blackhole Attack,0.9959442021502476,-0.5664683317124238,0.8969624265524815,0.9959442021502476,-0.5664683317124238,0.8969624265524815,0.42947587043782376,1.892906628702729,0.33049409484005765,1.3264382969903052
4890,Blackhole Attack,-0.16279500000687794,-0.6188568643778908,1.4944283329765993,-0.16279500000687794,-0.6188568643778908,1.4944283329765993,-0.7816518643847687,1.3316333329697214,0.8755714685987085,0.7127764685918305
4951,Blackhole Attack,1.6350950493116398,-0.5205499825461187,1.4944283329765993,1.6350950493116398,-0.5205499825461187,1.4944283329765993,1.1145450667655212,3.129523382288239,0.9738783504304805,2.6089733997421205
11807,Blackhole Attack,1.5196718761421417,-0.8390470408866398,-0.8666166030529321,1.5196718761421417,-0.8390470408866398,-0.8666166030529321,0.6806248352555019,0.6530552730892096,-1.7056636439395718,-0.1859917677974302
13261,Blackhole Attack,1.1993849959391516,2.4336044475542136,1.4944283329765993,1.1993849959391516,2.4336044475542136,1.4944283329765993,3.632989443493365,2.693813328915751,3.928032780530813,5.127417776469964
12977,Blackhole Attack,0.45655668096912755,-0.4936853817635254,0.7221726782194233,0.45655668096912755,-0.4936853817635254,0.7221726782194233,-0.03712870079439784,1.1787293591885508,0.22848729645589794,0.6850439774250254
3518,Blackhole Attack,1.6925459990619116,-0.8390442411605853,1.4944283329765993,1.6925459990619116,-0.8390442411605853,1.4944283329765993,0.8535017579013263,3.1869743320385107,0.655384091816014,2.3479300908779255
3161,Blackhole Attack,0.4155457264995324,-0.6480341907050505,-0.8666166030529321,0.4155457264995324,-0.6480341907050505,-0.8666166030529321,-0.2324884642055181,-0.45107087655339967,-1.5146507937579825,-1.0991050672584501
4375,Blackhole Attack,2.039515038409022,-0.6261307792521689,1.4944283329765993,2.039515038409022,-0.6261307792521689,1.4944283329765993,1.413384259156853,3.533943371385621,0.8682975537244304,2.9078125921334523
4448,Blackhole Attack,1.5296223895375176,-0.701014773750263,1.4944283329765993,1.5296223895375176,-0.701014773750263,1.4944283329765993,0.8286076157872546,3.024050722514117,0.7934135592263363,2.323035948763854
12197,Blackhole Attack,-0.5592375781869869,2.0771601569630587,1.047455886866611,-0.5592375781869869,2.0771601569630587,1.047455886866611,1.5179225787760717,0.4882183086796241,3.1246160438296697,2.5653784656426826
13975,Blackhole Attack,1.1720667351517295,-0.8465478127886832,1.4944283329765993,1.1720667351517295,-0.8465478127886832,1.4944283329765993,0.32551892236304636,2.666495068128329,0.6478805201879161,1.8199472553396456
12193,Blackhole Attack,1.478403915686479,2.9407636127121393,1.4944283329765993,1.478403915686479,2.9407636127121393,1.4944283329765993,4.419167528398618,2.972832248663078,4.4351919456887385,5.913595861375217
4793,Blackhole Attack,0.6796273047326757,-0.46505654679167746,1.1991034623059749,0.6796273047326757,-0.46505654679167746,1.1991034623059749,0.21457075794099828,1.8787307670386506,0.7340469155142975,1.4136742202469732
3047,Blackhole Attack,0.8068178778738043,1.7852565563944507,1.4944283329765993,0.8068178778738043,1.7852565563944507,1.4944283329765993,2.592074434268255,2.3012462108504037,3.27968488937105,4.086502767244854
11495,Blackhole Attack,-0.12615897385103797,-0.4470084435909266,1.4944283329765993,-0.12615897385103797,-0.4470084435909266,1.4944283329765993,-0.5731674174419645,1.3682693591255612,1.0474198893856728,0.9212609155346347
4892,Blackhole Attack,-0.30251050190808626,1.3982000517915163,1.4944283329765993,-0.30251050190808626,1.3982000517915163,1.4944283329765993,1.09568954988343,1.191917831068513,2.8926283847681153,2.5901178828600293
12175,Blackhole Attack,1.4625253859081544,2.492838088280111,1.4944283329765993,1.4625253859081544,2.492838088280111,1.4944283329765993,3.9553634741882657,2.956953718884754,3.9872664212567104,5.449791807164865
12159,Blackhole Attack,0.2752574579019205,1.223194488369901,1.4944283329765993,0.2752574579019205,1.223194488369901,1.4944283329765993,1.4984519462718215,1.7696857908785197,2.7176228213465006,2.992880279248421
4491,Blackhole Attack,2.155539178104757,-0.20700363091979426,1.4944283329765993,2.155539178104757,-0.20700363091979426,1.4944283329765993,1.9485355471849626,3.649967511081356,1.287424702056805,3.442963880161562
3181,Blackhole Attack,-0.3168822837419864,1.283933630278845,1.4944283329765993,-0.3168822837419864,1.283933630278845,1.4944283329765993,0.9670513465368586,1.1775460492346128,2.7783619632554446,2.4614796795134577
4267,Blackhole Attack,-2.1648263081852015,1.0799279648562876,0.00017971859873931032,-2.1648263081852015,1.0799279648562876,0.00017971859873931032,-1.0848983433289139,-2.164646589586462,1.080107683455027,-1.0847186247301746
13675,Blackhole Attack,-0.33159112063333407,-0.8390442411605853,1.4944283329765993,-0.33159112063333407,-0.8390442411605853,1.4944283329765993,-1.1706353617939194,1.1628372123432653,0.655384091816014,0.3237929711826799
10126,Blackhole Attack,0.08913116820256449,0.9113332823491224,1.4944283329765993,0.08913116820256449,0.9113332823491224,1.4944283329765993,1.0004644505516869,1.5835595011791637,2.4057616153257215,2.494892783528286
2891,Blackhole Attack,-1.3417715039578169,-0.3248918983914598,1.4944283329765993,-1.3417715039578169,-0.3248918983914598,1.4944283329765993,-1.6666634023492768,0.15265682901878241,1.1695364345851393,-0.17223506937267752
13798,Blackhole Attack,-0.915668571135249,-0.631114393979796,1.4944283329765993,-0.915668571135249,-0.631114393979796,1.4944283329765993,-1.546782965115045,0.5787597618413503,0.8633139389968033,-0.05235463213844582
3052,Blackhole Attack,-0.9182660728108052,1.0169994011069443,1.4944283329765993,-0.9182660728108052,1.0169994011069443,1.4944283329765993,0.09873332829613912,0.5761622601657941,2.5114277340835436,1.5931616612727384
4778,Blackhole Attack,0.05256002253302323,1.4973281132618097,1.131308645704259,0.05256002253302323,1.4973281132618097,1.131308645704259,1.5498881357948329,1.183868668237282,2.628636758966069,2.681196781499092
12483,Blackhole Attack,1.9838685487682541,4.1284759385164636,1.4944283329765993,1.9838685487682541,4.1284759385164636,1.4944283329765993,6.112344487284718,3.4782968817448534,5.622904271493063,7.606772820261317
4009,Blackhole Attack,0.8930966185210996,-0.67494419953399,1.4944283329765993,0.8930966185210996,-0.67494419953399,1.4944283329765993,0.21815241898710958,2.387524951497699,0.8194841334426093,1.7125807519637088
11480,Blackhole Attack,-1.4105845601118123,0.0716769269022037,1.4944283329765993,-1.4105845601118123,0.0716769269022037,1.4944283329765993,-1.3389076332096086,0.08384377286478695,1.566105259878803,0.15552069976699068
4761,Blackhole Attack,0.7725197127239973,-0.11070623445425253,1.4944283329765993,0.7725197127239973,-0.11070623445425253,1.4944283329765993,0.6618134782697448,2.2669480457005964,1.3837220985223468,2.156241811246344
13401,Blackhole Attack,0.07021260992260127,-0.3952011077057916,1.4944283329765993,0.07021260992260127,-0.3952011077057916,1.4944283329765993,-0.32498849778319033,1.5646409428992005,1.0992272252708077,1.169439835193409
3208,Blackhole Attack,1.5650399029814692,-0.5245885479026537,1.4944283329765993,1.5650399029814692,-0.5245885479026537,1.4944283329765993,1.0404513550788155,3.0594682359580685,0.9698397850739455,2.5348796880554145
4790,Blackhole Attack,1.639491461418693,-0.8390442411605853,1.4944283329765993,1.639491461418693,-0.8390442411605853,1.4944283329765993,0.8004472202581078,3.1339197943952923,0.655384091816014,2.294875553234707
3012,Blackhole Attack,1.1811862408732179,-0.05067505194477253,1.4944283329765993,1.1811862408732179,-0.05067505194477253,1.4944283329765993,1.1305111889284454,2.675614573849817,1.4437532810318268,2.624939521905045
4350,Blackhole Attack,0.8896621270444048,-0.4843600117819696,1.4944283329765993,0.8896621270444048,-0.4843600117819696,1.4944283329765993,0.40530211526243526,2.384090460021004,1.0100683211946297,1.8997304482390345
4146,Blackhole Attack,-0.947118013168976,1.4048539060776934,1.4944283329765993,-0.947118013168976,1.4048539060776934,1.4944283329765993,0.4577358929087174,0.5473103198076232,2.8992822390542927,1.9521642258853167
3194,Blackhole Attack,0.8896621270444048,-0.8390470405086241,1.4944283329765993,0.8896621270444048,-0.8390470405086241,1.4944283329765993,0.05061508653578073,2.384090460021004,0.6553812924679752,1.5450434195123801
12918,Blackhole Attack,-0.4660333409411408,3.405336385794762,1.4944283329765993,-0.4660333409411408,3.405336385794762,1.4944283329765993,2.939303044853621,1.0283949920354585,4.899764718771362,4.43373137783022
3616,Blackhole Attack,0.7667465483971531,-0.8390470408866398,1.4944283329765993,0.7667465483971531,-0.8390470408866398,1.4944283329765993,-0.07230049248948678,2.261174881373752,0.6553812920899594,1.4221278404871125
2921,Blackhole Attack,0.8941709461810156,-0.4550723563592821,-0.2602446662376904,0.8941709461810156,-0.4550723563592821,-0.2602446662376904,0.43909858982173344,0.6339262799433252,-0.7153170225969725,0.17885392358404306
5091,Blackhole Attack,1.429532751592583,-0.8390442397533838,1.4944283329765993,1.429532751592583,-0.8390442397533838,1.4944283329765993,0.5904885118391993,2.923961084569182,0.6553840932232154,2.0849168448157984
11989,Blackhole Attack,1.5883151292720663,4.824021115755135,1.4944283329765993,1.5883151292720663,4.824021115755135,1.4944283329765993,6.412336245027202,3.082743462248666,6.318449448731735,7.906764578003801
3441,Blackhole Attack,1.5199962248215184,2.865546863144057,1.4944283329765993,1.5199962248215184,2.865546863144057,1.4944283329765993,4.3855430879655755,3.014424557798118,4.359975196120656,5.879971420942175
3827,Blackhole Attack,0.8923755597542764,-0.05061553152910716,1.4944283329765993,0.8923755597542764,-0.05061553152910716,1.4944283329765993,0.8417600282251693,2.3868038927308755,1.443812801447492,2.3361883612017684
3622,Blackhole Attack,1.522774550890927,1.3960020181849588,1.4944283329765993,1.522774550890927,1.3960020181849588,1.4944283329765993,2.918776569075886,3.017202883867526,2.890430351161558,4.413204902052485
12138,Blackhole Attack,1.5914399468422191,3.562423906151178,1.4944283329765993,1.5914399468422191,3.562423906151178,1.4944283329765993,5.153863852993397,3.0858682798188184,5.056852239127777,6.648292185969996
5031,Blackhole Attack,1.458944340171218,-0.26491424348137194,1.4944283329765993,1.458944340171218,-0.26491424348137194,1.4944283329765993,1.194030096689846,2.9533726731478174,1.2295140894952272,2.6884584296664453
11914,Blackhole Attack,1.2532158255705326,3.74342130877761,1.3439773481304322,1.2532158255705326,3.74342130877761,1.3439773481304322,4.996637134348142,2.5971931737009646,5.087398656908042,6.340614482478575
3325,Blackhole Attack,0.8896621270444048,-0.05350792521429684,1.4944283329765993,0.8896621270444048,-0.05350792521429684,1.4944283329765993,0.836154201830108,2.384090460021004,1.4409204077623023,2.330582534806707
3375,Blackhole Attack,-0.08713349429427414,2.7565767042321725,1.4944283329765993,-0.08713349429427414,2.7565767042321725,1.4944283329765993,2.6694432099378984,1.4072948386823252,4.251005037208772,4.163871542914498
2985,Blackhole Attack,1.3753245611140295,0.5169534545800171,1.4944283329765993,1.3753245611140295,0.5169534545800171,1.4944283329765993,1.8922780156940466,2.8697528940906287,2.0113817875566165,3.386706348670646
8881,Blackhole Attack,0.24628106566415095,1.0798140441165223,1.4944283329765993,0.24628106566415095,1.0798140441165223,1.4944283329765993,1.3260951097806732,1.7407093986407502,2.5742423770931215,2.8205234427572723
13149,Blackhole Attack,0.7373194894382178,3.2715610175483265,1.4944283329765993,0.7373194894382178,3.2715610175483265,1.4944283329765993,4.008880506986545,2.231747822414817,4.765989350524926,5.503308839963144
12508,Blackhole Attack,1.724979880191845,1.019104482991559,-0.8666166030529321,1.724979880191845,1.019104482991559,-0.8666166030529321,2.744084363183404,0.8583632771389129,0.1524878799386269,1.8774677601304721
12679,Blackhole Attack,0.9711566534837256,2.1270068483106312,1.4944283329765993,0.9711566534837256,2.1270068483106312,1.4944283329765993,3.0981635017943567,2.4655849864603248,3.6214351812872305,4.592591834770956
9592,Blackhole Attack,0.8452497931255964,1.2935046890078101,1.4944283329765993,0.8452497931255964,1.2935046890078101,1.4944283329765993,2.1387544821334066,2.3396781261021955,2.7879330219844096,3.633182815110006
10551,Blackhole Attack,-0.1562778249049825,0.1765265561949079,-0.016306474593813722,-0.1562778249049825,0.1765265561949079,-0.016306474593813722,0.02024873128992541,-0.17258429949879622,0.1602200816010942,0.003942256696111687
16410,Flooding Attack,0.7074098061891969,1.6364530507782546,1.4944283329765993,0.7074098061891969,1.6364530507782546,1.4944283329765993,2.3438628569674513,2.201838139165796,3.130881383754854,3.8382911899440506
17931,Flooding Attack,1.1618056104712455,3.8349838817374415,-0.8666166030529321,1.1618056104712455,3.8349838817374415,-0.8666166030529321,4.996789492208687,0.29518900741831344,2.9683672786845094,4.130172889155755
14476,Flooding Attack,-0.9757481642423163,2.878683458463123,1.4944283329765993,-0.9757481642423163,2.878683458463123,1.4944283329765993,1.9029352942208069,0.518680168734283,4.373111791439722,3.3973636271974064
16850,Flooding Attack,-0.3291115178687341,3.834986681463497,-0.5441595056594846,-0.3291115178687341,3.834986681463497,-0.5441595056594846,3.5058751635947627,-0.8732710235282186,3.2908271758040124,2.961715657935278
16764,Flooding Attack,2.170289505477253,2.2796569973643623,-0.8666166030529321,2.170289505477253,2.2796569973643623,-0.8666166030529321,4.449946502841615,1.3036729024243208,1.4130403943114302,3.583329899788683
16406,Flooding Attack,0.6615502708829968,2.357578746849354,0.29023209599366545,0.6615502708829968,2.357578746849354,0.29023209599366545,3.019129017732351,0.9517823668766623,2.6478108428430196,3.3093611137260166
17435,Flooding Attack,0.8896621270444048,4.894375530528963,-0.8666166030529321,0.8896621270444048,4.894375530528963,-0.8666166030529321,5.784037657573368,0.02304552399147275,4.027758927476031,4.917421054520435
18174,Flooding Attack,0.1681630208060657,4.121462390437548,0.8862006577690023,0.1681630208060657,4.121462390437548,0.8862006577690023,4.289625411243614,1.054363678575068,5.007663048206551,5.175826069012617
18074,Flooding Attack,1.2458047870515083,4.02301153924374,-0.8666166030529321,1.2458047870515083,4.02301153924374,-0.8666166030529321,5.268816326295248,0.37918818399857623,3.1563949361908077,4.402199723242315
8522,Flooding Attack,-0.14951336187376565,1.4109181096545866,1.4944283329765993,-0.14951336187376565,1.4109181096545866,1.4944283329765993,1.261404747780821,1.3449149711028336,2.9053464426311857,2.7558330807574203
16574,Flooding Attack,2.4005967875236593,1.354060336716124,1.4944283329765993,2.4005967875236593,1.354060336716124,1.4944283329765993,3.7546571242397833,3.8950251205002586,2.848488669692723,5.249085457216383
17620,Flooding Attack,1.378581230150978,3.982313722474199,-0.4777179437143898,1.378581230150978,3.982313722474199,-0.4777179437143898,5.360894952625177,0.9008632864365883,3.504595778759809,4.8831770089107875
14482,Flooding Attack,0.8896621270444048,0.5770583432145603,-0.4777179437143898,0.8896621270444048,0.5770583432145603,-0.4777179437143898,1.4667204702589651,0.41194418333001503,0.09934039950017048,0.9890025265445753
17192,Flooding Attack,1.3429955698357972,1.1117617691171195,0.8471252667815244,1.3429955698357972,1.1117617691171195,0.8471252667815244,2.4547573389529167,2.1901208366173215,1.9588870358986439,3.3018826057344413
8359,Flooding Attack,0.8896621270444048,1.8106979748047647,-0.8666166030529321,0.8896621270444048,1.8106979748047647,-0.8666166030529321,2.7003601018491694,0.02304552399147275,0.9440813717518326,1.8337434987962373
17545,Flooding Attack,0.8923755597542764,4.877894280347577,-0.8666166030529321,0.8923755597542764,4.877894280347577,-0.8666166030529321,5.770269840101853,0.025758956701344315,4.011277677294645,4.903653237048921
17150,Flooding Attack,0.4360668617677685,2.384910851916448,1.4944283329765993,0.4360668617677685,2.384910851916448,1.4944283329765993,2.8209777136842167,1.9304951947443678,3.8793391848930474,4.315406046660816
18259,Flooding Attack,-1.4073541622116155,3.996018643909355,-0.4838996640143592,-1.4073541622116155,3.996018643909355,-0.4838996640143592,2.5886644816977396,-1.8912538262259746,3.512118979894996,2.1047648176833804
14349,Flooding Attack,0.8896621270444048,1.878197980826181,-0.8666166030529321,0.8896621270444048,1.878197980826181,-0.8666166030529321,2.767860107870586,0.02304552399147275,1.011581377773249,1.901243504817654
16628,Flooding Attack,0.11742724020209167,-0.23456384419695722,0.23644477875297748,0.11742724020209167,-0.23456384419695722,0.23644477875297748,-0.11713660399486556,0.35387201895506915,0.0018809345560202584,0.11930817475811192
16835,Flooding Attack,1.4231586385663868,3.834986682870698,0.34620043432337927,1.4231586385663868,3.834986682870698,0.34620043432337927,5.258145321437085,1.7693590728897661,4.181187117194077,5.604345755760464
8141,Flooding Attack,1.5085277709904796,4.316933429210839,-0.8666166030529321,1.5085277709904796,4.316933429210839,-0.8666166030529321,5.825461200201318,0.6419111679375475,3.450316826157907,4.958844597148387
8244,Flooding Attack,2.000277866875018,3.834986682870698,-0.8666166030529321,2.000277866875018,3.834986682870698,-0.8666166030529321,5.835264549745716,1.133661263822086,2.968370079817766,4.9686479466927835
16754,Flooding Attack,1.093644712259456,4.037051623630768,0.3673163527016896,1.093644712259456,4.037051623630768,0.3673163527016896,5.1306963358902244,1.4609610649611455,4.404367976332458,5.498012688591914
17044,Flooding Attack,1.2254979771596,4.513122562626439,-0.6670492722789952,1.2254979771596,4.513122562626439,-0.6670492722789952,5.738620539786039,0.5584487048806047,3.8460732903474435,5.071571267507044
16967,Flooding Attack,0.5853328210738314,1.4476915057277733,-0.8666166030529321,0.5853328210738314,1.4476915057277733,-0.8666166030529321,2.0330243268016046,-0.28128378197910064,0.5810749026748412,1.1664077237486725
17958,Flooding Attack,1.5440108937617432,4.17856143790395,-0.4777179437143898,1.5440108937617432,4.17856143790395,-0.4777179437143898,5.722572331665693,1.0662929500473535,3.70084349418956,5.244854387951303
17043,Flooding Attack,2.1654674364840725,-0.2567350675175652,1.4944283329765993,2.1654674364840725,-0.2567350675175652,1.4944283329765993,1.9087323689665072,3.6598957694606717,1.237693265459034,3.4031607019431065
16995,Flooding Attack,0.9580360784872639,2.041942968933667,0.3929017213314434,0.9580360784872639,2.041942968933667,0.3929017213314434,2.999979047420931,1.3509377998187073,2.43484469026511,3.3928807687523745
8561,Flooding Attack,1.474320887505733,3.834986681481085,-0.2461844041944043,1.474320887505733,3.834986681481085,-0.2461844041944043,5.309307568986818,1.2281364833113286,3.588802277286681,5.0631231647924135
16687,Flooding Attack,1.6911353565241132,5.628632112301085,0.4809959499910281,1.6911353565241132,5.628632112301085,0.4809959499910281,7.319767468825199,2.1721313065151415,6.1096280622921135,7.800763418816227
16503,Flooding Attack,0.9578646908517782,2.386043434710457,1.4944283329765993,0.9578646908517782,2.386043434710457,1.4944283329765993,3.343908125562235,2.4522930238283775,3.880471767687056,4.838336458538834
14523,Flooding Attack,0.04324016348170652,5.637955130998493,-0.5484717809228562,0.04324016348170652,5.637955130998493,-0.5484717809228562,5.681195294480199,-0.5052316174411496,5.0894833500756365,5.132723513557343
17405,Flooding Attack,1.2240030796551042,4.336916999838482,1.4944283329765993,1.2240030796551042,4.336916999838482,1.4944283329765993,5.560920079493586,2.7184314126317037,5.831345332815081,7.0553484124701855
17265,Flooding Attack,2.3749990665366463,3.834986681463497,-0.21494878379583382,2.3749990665366463,3.834986681463497,-0.21494878379583382,6.209985748000143,2.1600502827408126,3.6200378976676633,5.995036964204309
8104,Flooding Attack,2.170289505477253,-0.20461845371948523,0.5884282748968133,2.170289505477253,-0.20461845371948523,0.5884282748968133,1.9656710517577676,2.758717780374066,0.38380982117732804,2.5540993266545806
18040,Flooding Attack,0.15664553295099137,3.8349838817374415,-0.5525334799096349,0.15664553295099137,3.8349838817374415,-0.5525334799096349,3.991629414688433,-0.3958879469586435,3.2824504018278065,3.4390959347787984
8318,Flooding Attack,-0.03774574943770164,0.9416237932323058,1.4944283329765993,-0.03774574943770164,0.9416237932323058,1.4944283329765993,0.9038780437946042,1.4566825835388977,2.436052126208905,2.3983063767712034
8223,Flooding Attack,0.8896621270444048,2.4103524176411373,-0.8666166030529321,0.8896621270444048,2.4103524176411373,-0.8666166030529321,3.300014544685542,0.02304552399147275,1.5437358145882052,2.43339794163261
16762,Flooding Attack,1.6592181804333856,4.5467857676642875,0.22312683313575413,1.6592181804333856,4.5467857676642875,0.22312683313575413,6.206003948097673,1.8823450135691397,4.769912600800041,6.429130781233427
8199,Flooding Attack,2.133917185154382,4.039495812304077,1.4944283329765993,2.133917185154382,4.039495812304077,1.4944283329765993,6.173412997458459,3.628345518130981,5.533924145280676,7.667841330435058
17423,Flooding Attack,1.531386729930813,4.10508892524304,0.20413855577541992,1.531386729930813,4.10508892524304,0.20413855577541992,5.636475655173853,1.7355252857062329,4.30922748101846,5.840614210949273
17210,Flooding Attack,-0.4946735445517188,1.520264297030097,-0.7573862372816879,-0.4946735445517188,1.520264297030097,-0.7573862372816879,1.0255907524783783,-1.2520597818334067,0.7628780597484092,0.2682045151966904
16737,Flooding Attack,0.8923755597542764,3.195846127596452,0.7349289009603203,0.8923755597542764,3.195846127596452,0.7349289009603203,4.088221687350728,1.6273044607145968,3.930775028556772,4.823150588311049
7528,Flooding Attack,0.8805555703410338,4.822613121210914,0.5327228161340898,0.8805555703410338,4.822613121210914,0.5327228161340898,5.703168691551948,1.4132783864751235,5.355335937345004,6.235891507686038
18041,Flooding Attack,1.2928196506288459,4.109801079696861,-0.4777179437143898,1.2928196506288459,4.109801079696861,-0.4777179437143898,5.402620730325706,0.815101706914456,3.632083135982471,4.924902786611317
8119,Flooding Attack,1.5650399029814692,3.8349838817374415,-0.720334043872051,1.5650399029814692,3.8349838817374415,-0.720334043872051,5.400023784718911,0.8447058591094182,3.1146498378653904,4.67968974084686
16856,Flooding Attack,0.3743437516328383,3.834986681481085,-0.8666166030529321,0.3743437516328383,3.834986681481085,-0.8666166030529321,4.209330433113923,-0.4922728514200938,2.968370078428153,3.342713830060991
17363,Flooding Attack,-0.029736144500372267,4.146691806973982,-0.8666166030529321,-0.029736144500372267,4.146691806973982,-0.8666166030529321,4.11695566247361,-0.8963527475533044,3.2800752039210503,3.250339059420678
16459,Flooding Attack,0.8923755597542764,2.944817683470639,-0.8666166030529321,0.8923755597542764,2.944817683470639,-0.8666166030529321,3.837193243224916,0.025758956701344315,2.078201080417707,2.9705766401719838
16557,Flooding Attack,1.628430739018292,0.9490801865744242,-0.09758447267340406,1.628430739018292,0.9490801865744242,-0.09758447267340406,2.577510925592716,1.5308462663448879,0.8514957139010201,2.479926452919312
7483,Flooding Attack,1.5769326155193768,3.4119050120219634,-0.6525853341152744,1.5769326155193768,3.4119050120219634,-0.6525853341152744,4.98883762754134,0.9243472814041024,2.759319677906689,4.336252293426066
16769,Flooding Attack,1.8317790689467341,4.082770828921707,-0.8666166030529321,1.8317790689467341,4.082770828921707,-0.8666166030529321,5.914549897868442,0.9651624658938021,3.216154225868775,5.047933294815509
14316,Flooding Attack,1.6312299260162024,1.758182378658379,-0.8666166030529321,1.6312299260162024,1.758182378658379,-0.8666166030529321,3.3894123046745817,0.7646133229632703,0.8915657756054469,2.5227957016216496
14439,Flooding Attack,1.0289028496766792,3.48646626645146,-0.25720178720292086,1.0289028496766792,3.48646626645146,-0.25720178720292086,4.51536911612814,0.7717010624737584,3.229264479248539,4.258167328925219
17658,Flooding Attack,1.856227353770914,4.8801101022566575,-0.8666166030529321,1.856227353770914,4.8801101022566575,-0.8666166030529321,6.736337456027572,0.9896107507179819,4.013493499203726,5.869720852974639
14327,Flooding Attack,1.1460713400954685,1.354765903043152,-0.8666166030529321,1.1460713400954685,1.354765903043152,-0.8666166030529321,2.5008372431386205,0.2794547370425364,0.48814929999021994,1.6342206400856885
17897,Flooding Attack,-0.08595918563425956,3.8349838817198525,-0.8666166030529321,-0.08595918563425956,3.8349838817198525,-0.8666166030529321,3.749024696085593,-0.9525757886871916,2.9683672786669204,2.882408093032661
14321,Flooding Attack,0.5977353278265634,2.2105581667538847,-0.8666166030529321,0.5977353278265634,2.2105581667538847,-0.8666166030529321,2.808293494580448,-0.26888127522636873,1.3439415637009526,1.941676891527516
17976,Flooding Attack,0.4397228078852507,5.573925916536468,-0.460329189223382,0.4397228078852507,5.573925916536468,-0.460329189223382,6.013648724421719,-0.020606381338131308,5.1135967273130865,5.553319535198337
16823,Flooding Attack,0.8896621270444048,4.499801130460444,-0.8666166030529321,0.8896621270444048,4.499801130460444,-0.8666166030529321,5.389463257504849,0.02304552399147275,3.633184527407512,4.522846654451916
14490,Flooding Attack,1.7673872368053762,3.7473295696012916,1.4944283329765993,1.7673872368053762,3.7473295696012916,1.4944283329765993,5.514716806406668,3.2618155697819757,5.241757902577891,7.009145139383267
16580,Flooding Attack,1.6386688731222123,1.8728766820416252,-0.8666166030529321,1.6386688731222123,1.8728766820416252,-0.8666166030529321,3.5115455551638375,0.7720522700692802,1.006260078988693,2.6449289521109054
14496,Flooding Attack,1.3972085136238397,4.10001411242687,-0.8666166030529321,1.3972085136238397,4.10001411242687,-0.8666166030529321,5.49722262605071,0.5305919105709076,3.233397509373938,4.630606022997778
14456,Flooding Attack,1.0267360992482168,4.318577562643962,1.4944283329765993,1.0267360992482168,4.318577562643962,1.4944283329765993,5.345313661892179,2.521164432224816,5.813005895620561,6.8397419948687785
16933,Flooding Attack,0.8896621270444048,3.834986681481085,-0.03507861837871799,0.8896621270444048,3.834986681481085,-0.03507861837871799,4.72464880852549,0.8545835086656869,3.799908063102367,4.689570190146772
17917,Flooding Attack,1.2051156595465622,0.8256093242446242,-0.6761398403097738,1.2051156595465622,0.8256093242446242,-0.6761398403097738,2.0307249837911865,0.5289758192367884,0.14946948393485038,1.3545851434814127
17720,Flooding Attack,0.8328278659384679,4.039495812304077,-0.8666166030529321,0.8328278659384679,4.039495812304077,-0.8666166030529321,4.8723236782425445,-0.033788737114464173,3.172879209251145,4.005707075189612
14370,Flooding Attack,1.0695960034050687,1.346139935675108,-0.8666166030529321,1.0695960034050687,1.346139935675108,-0.8666166030529321,2.415735939080177,0.20297940035213657,0.47952333262217595,1.5491193360272448
16367,Flooding Attack,2.0319393771838548,3.7473295696012916,1.4944283329765993,2.0319393771838548,3.7473295696012916,1.4944283329765993,5.779268946785146,3.526367710160454,5.241757902577891,7.273697279761746
8182,Flooding Attack,0.4125269619214411,5.7410685245181385,-0.8666166030529321,0.4125269619214411,5.7410685245181385,-0.8666166030529321,6.153595486439579,-0.454089641131491,4.874451921465207,5.286978883386647
16755,Flooding Attack,0.5307050607366801,4.509223891792747,-0.49691608531498377,0.5307050607366801,4.509223891792747,-0.49691608531498377,5.039928952529427,0.03378897542169634,4.012307806477763,4.5430128672144425
8540,Flooding Attack,-0.1145871111370378,4.160358417803117,-0.4777179437143898,-0.1145871111370378,4.160358417803117,-0.4777179437143898,4.045771306666079,-0.5923050548514276,3.682640474088727,3.5680533629516895
18046,Flooding Attack,1.898346450394202,4.035995172153708,0.20741584204333469,1.898346450394202,4.035995172153708,0.20741584204333469,5.93434162254791,2.1057622924375368,4.243411014197043,6.141757464591245
18215,Flooding Attack,0.9403989243339018,4.194856361152705,-0.4777179437143898,0.9403989243339018,4.194856361152705,-0.4777179437143898,5.135255285486607,0.462680980619512,3.717138417438315,4.657537341772217
8339,Flooding Attack,0.11742724020209167,3.8274831098353994,-0.8666166030529321,0.11742724020209167,3.8274831098353994,-0.8666166030529321,3.944910350037491,-0.7491893628508404,2.9608665067824673,3.078293746984559
16630,Flooding Attack,-0.3291115178687341,3.834986681463497,0.13221593154254443,-0.3291115178687341,3.834986681463497,0.13221593154254443,3.5058751635947627,-0.19689558632618967,3.9672026130060414,3.638091095137307
7468,Flooding Attack,1.3713026576751144,-0.5878162657321951,-0.8666166030529321,1.3713026576751144,-0.5878162657321951,-0.8666166030529321,0.7834863919429192,0.5046860546221823,-1.4544328687851271,-0.08313021111001284
14459,Flooding Attack,2.0888926298073036,3.996018643909355,-0.8666166030529321,2.0888926298073036,3.996018643909355,-0.8666166030529321,6.084911273716658,1.2222760267543715,3.129402040856423,5.218294670663726
16909,Flooding Attack,1.3591031907262079,4.035995172153708,-0.4777179437143898,1.3591031907262079,4.035995172153708,-0.4777179437143898,5.395098362879915,0.8813852470118181,3.558277228439318,4.917380419165526
17666,Flooding Attack,-0.30251050190808626,1.1033428127005125,-0.8666166030529321,-0.30251050190808626,1.1033428127005125,-0.8666166030529321,0.8008323107924262,-1.1691271049610183,0.2367262096475804,-0.06578429226050586
17390,Flooding Attack,2.170289505477253,2.4946948298011704,0.7378939920397439,2.170289505477253,2.4946948298011704,0.7378939920397439,4.664984335278423,2.9081834975169967,3.2325888218409142,5.4028783273181675
17097,Flooding Attack,1.2200684610122228,1.050594415732973,1.1330994370325609,1.2200684610122228,1.050594415732973,1.1330994370325609,2.2706628767451957,2.3531678980447834,2.1836938527655336,3.4037623137777566
16699,Flooding Attack,1.5009169349349463,1.0679618842602356,1.4944283329765993,1.5009169349349463,1.0679618842602356,1.4944283329765993,2.5688788191951817,2.9953452679115458,2.562390217236835,4.063307152171781
14239,Flooding Attack,0.0522102122163218,3.834986682870698,1.4944283329765993,0.0522102122163218,3.834986682870698,1.4944283329765993,3.88719689508702,1.546638545192921,5.329415015847298,5.381625228063619
8298,Flooding Attack,0.9922429726648008,2.2612552696995087,1.4944283329765993,0.9922429726648008,2.2612552696995087,1.4944283329765993,3.2534982423643095,2.4866713056414,3.755683602676108,4.747926575340909
16518,Flooding Attack,2.170289505477253,2.837986642665961,2.2202021795967384,2.170289505477253,2.837986642665961,2.2202021795967384,5.008276148143214,4.390491685073991,5.058188822262699,7.228478327739952
18139,Flooding Attack,1.8129447293647203,4.873897034001295,-0.4777179437143898,1.8129447293647203,4.873897034001295,-0.4777179437143898,6.686841763366015,1.3352267856503306,4.396179090286905,6.209123819651626
18324,Flooding Attack,-0.6035908733188583,2.241480982940431,-0.4777179437143898,-0.6035908733188583,2.241480982940431,-0.4777179437143898,1.6378901096215728,-1.081308817033248,1.763763039226041,1.1601721659071829
18067,Flooding Attack,1.7962060571633953,4.092436100560428,-0.4777179437143898,1.7962060571633953,4.092436100560428,-0.4777179437143898,5.888642157723823,1.3184881134490056,3.614718156846038,5.410924214009434
16760,Flooding Attack,0.8896621270444048,4.15792295908168,-0.8666166030529321,0.8896621270444048,4.15792295908168,-0.8666166030529321,5.047585086126085,0.02304552399147275,3.291306356028748,4.180968483073153
17086,Flooding Attack,0.8896621270444048,1.3193591524204027,-0.8666166030529321,0.8896621270444048,1.3193591524204027,-0.8666166030529321,2.2090212794648076,0.02304552399147275,0.4527425493674706,1.3424046764118756
16667,Flooding Attack,0.19031877900910676,2.236210010038197,0.5729856931867469,0.19031877900910676,2.236210010038197,0.5729856931867469,2.426528789047304,0.7633044721958536,2.809195703224944,2.999514482234051
7580,Flooding Attack,-0.3168822837419864,4.107541206191102,0.1703993840045463,-0.3168822837419864,4.107541206191102,0.1703993840045463,3.7906589224491154,-0.1464828997374401,4.277940590195648,3.9610583064536615
17807,Flooding Attack,-0.6418426611364911,4.141858329945859,-0.8666166030529321,-0.6418426611364911,4.141858329945859,-0.8666166030529321,3.500015668809368,-1.5084592641894232,3.275241726892927,2.633399065756436
18036,Flooding Attack,2.2026052828952154,3.8349866828882875,-0.4777179437143898,2.2026052828952154,3.8349866828882875,-0.4777179437143898,6.037591965783503,1.7248873391808255,3.3572687391738976,5.559874022069113
17227,Flooding Attack,2.6688234024060877,4.047281951193697,-0.8666166030529321,2.6688234024060877,4.047281951193697,-0.8666166030529321,6.716105353599785,1.8022067993531556,3.180665348140765,5.849488750546852
17685,Flooding Attack,-0.4711432857771085,4.302414950140562,-0.8666166030529321,-0.4711432857771085,4.302414950140562,-0.8666166030529321,3.831271664363454,-1.3377598888300406,3.4357983470876303,2.964655061310522
7510,Flooding Attack,1.069513788724023,3.8349838831446945,-0.7545675393346106,1.069513788724023,3.8349838831446945,-0.7545675393346106,4.904497671868717,0.3149462493894123,3.080416343810084,4.149930132534107
18127,Flooding Attack,0.5859509358494362,4.0220693334037465,-0.4777179437143898,0.5859509358494362,4.0220693334037465,-0.4777179437143898,4.608020269253183,0.10823299213504645,3.5443513896893566,4.130302325538794
17965,Flooding Attack,0.2196549119583903,0.9767051468053394,-0.49950230729985245,0.2196549119583903,0.9767051468053394,-0.49950230729985245,1.1963600587637298,-0.2798473953414622,0.4772028395054869,0.6968577514638773
17511,Flooding Attack,1.7460345705589848,4.1232362637533555,-0.8666166030529321,1.7460345705589848,4.1232362637533555,-0.8666166030529321,5.86927083431234,0.8794179675060527,3.2566196607004234,5.002654231259408
17373,Flooding Attack,1.4942957128412928,4.1038096498298104,-0.8666166030529321,1.4942957128412928,4.1038096498298104,-0.8666166030529321,5.598105362671103,0.6276791097883607,3.2371930467768784,4.731488759618172
16373,Flooding Attack,0.8896621270444048,0.9564283582780901,-0.8666166030529321,0.8896621270444048,0.9564283582780901,-0.8666166030529321,1.8460904853224949,0.02304552399147275,0.08981175522515805,0.9794738822695628
17036,Flooding Attack,1.8167852520090533,1.101274434907175,1.3011219432672774,1.8167852520090533,1.101274434907175,1.3011219432672774,2.9180596869162283,3.117907195276331,2.402396378174452,4.219181630183506
8157,Flooding Attack,2.170289505477253,3.834986682870698,-0.8666166030529321,2.170289505477253,3.834986682870698,-0.8666166030529321,6.005276188347951,1.3036729024243208,2.968370079817766,5.138659585295018
17470,Flooding Attack,1.0041659944149564,4.0863672191253695,-0.8666166030529321,1.0041659944149564,4.0863672191253695,-0.8666166030529321,5.090533213540326,0.13754939136202426,3.2197506160724374,4.223916610487393
18263,Flooding Attack,-0.9664053684247454,4.1562587742282835,-0.8666166030529321,-0.9664053684247454,4.1562587742282835,-0.8666166030529321,3.189853405803538,-1.8330219714776774,3.2896421711753514,2.323236802750606
18226,Flooding Attack,1.2558219493072293,0.8014689536202291,1.4174778329414128,1.2558219493072293,0.8014689536202291,1.4174778329414128,2.057290902927458,2.673299782248642,2.218946786561642,3.474768735868871
17309,Flooding Attack,1.8228225802055316,0.9408147991782907,-0.8666166030529321,1.8228225802055316,0.9408147991782907,-0.8666166030529321,2.7636373793838223,0.9562059771525995,0.0741981961253586,1.8970207763308902
18153,Flooding Attack,0.8896621270444048,4.049110747558859,-0.4777179437143898,0.8896621270444048,4.049110747558859,-0.4777179437143898,4.938772874603264,0.41194418333001503,3.571392803844469,4.461054930888874
17006,Flooding Attack,1.164515824708972,3.834986681481085,1.7519890021794846,1.164515824708972,3.834986681481085,1.7519890021794846,4.999502506190057,2.9165048268884566,5.58697568366057,6.751491508369542
17280,Flooding Attack,1.5668621690480582,-0.9267013530227907,1.4944283329765993,1.5668621690480582,-0.9267013530227907,1.4944283329765993,0.6401608160252675,3.0612905020246575,0.5677269799538086,2.134589149001867
14244,Flooding Attack,0.8923755597542764,0.8666739706696411,-0.2895395948207665,0.8923755597542764,0.8666739706696411,-0.2895395948207665,1.7590495304239175,0.6028359649335099,0.5771343758488746,1.469509935603151
8490,Flooding Attack,0.8896621270444048,4.908364880946583,0.23307119242811283,0.8896621270444048,4.908364880946583,0.23307119242811283,5.798027007990988,1.1227333194725178,5.141436073374696,6.031098200419101
16617,Flooding Attack,0.19031877900910676,1.5937379574638246,-0.6677500884528699,0.19031877900910676,1.5937379574638246,-0.6677500884528699,1.7840567364729314,-0.4774313094437631,0.9259878690109548,1.1163066480200614
8225,Flooding Attack,0.17810929842504886,3.8349838831446945,-0.8666166030529321,0.17810929842504886,3.8349838831446945,-0.8666166030529321,4.013093181569744,-0.6885073046278832,2.9683672800917624,3.1464765785168116
18033,Flooding Attack,1.1944469609118813,5.574713311291198,-0.4777179437143898,1.1944469609118813,5.574713311291198,-0.4777179437143898,6.769160272203079,0.7167290171974915,5.096995367576809,6.29144232848869
8574,Flooding Attack,0.08605634671072046,5.900418685780061,0.7349289009603203,0.08605634671072046,5.900418685780061,0.7349289009603203,5.986475032490782,0.8209852476710408,6.635347586740382,6.721403933451103
16801,Flooding Attack,0.8923755597542764,4.04522579193803,0.6734086804092727,0.8923755597542764,4.04522579193803,0.6734086804092727,4.937601351692306,1.5657842401635491,4.718634472347302,5.611010032101579
17825,Flooding Attack,2.692651092510136,3.979054158924482,-0.8666166030529321,2.692651092510136,3.979054158924482,-0.8666166030529321,6.671705251434618,1.826034489457204,3.11243755587155,5.805088648381686
18261,Flooding Attack,0.7541425719523851,3.949346819897378,0.13221593154254443,0.7541425719523851,3.949346819897378,0.13221593154254443,4.703489391849763,0.8863585034949295,4.081562751439923,4.8357053233923075
8501,Flooding Attack,1.3547251298890042,0.8810174418090359,0.5175662222390145,1.3547251298890042,0.8810174418090359,0.5175662222390145,2.23574257169804,1.8722913521280187,1.3985836640480502,2.7533087939370544
14230,Flooding Attack,2.170289505477253,3.8275275740888186,1.4944283329765993,2.170289505477253,3.8275275740888186,1.4944283329765993,5.9978170795660715,3.664717838453852,5.321955907065417,7.492245412542671
8500,Flooding Attack,1.4643903039073565,3.834986681481085,-0.8666166030529321,1.4643903039073565,3.834986681481085,-0.8666166030529321,5.299376985388442,0.5977737008544244,2.968370078428153,4.432760382335509
16931,Flooding Attack,1.4211229871586613,5.749521798563184,-0.5119430492767475,1.4211229871586613,5.749521798563184,-0.5119430492767475,7.170644785721845,0.9091799378819138,5.2375787492864365,6.6587017364450976
18225,Flooding Attack,2.1730029381871243,3.834986682870698,0.32032393210583665,2.1730029381871243,3.834986682870698,0.32032393210583665,6.007989621057822,2.493326870292961,4.155310614976535,6.3283135531636585
7508,Flooding Attack,0.47278635332474633,5.6188583871071485,0.7225671710271436,0.47278635332474633,5.6188583871071485,0.7225671710271436,6.091644740431895,1.19535352435189,6.341425558134292,6.814211911459038
16798,Flooding Attack,0.8896621270444048,1.7804866092036105,0.13412821134374125,0.8896621270444048,1.7804866092036105,0.13412821134374125,2.670148736248015,1.0237903383881461,1.9146148205473517,2.8042769475917564
8543,Flooding Attack,2.2589303236310547,3.985190153781784,-0.8666166030529321,2.2589303236310547,3.985190153781784,-0.8666166030529321,6.244120477412839,1.3923137205781226,3.118573550728852,5.377503874359906
18105,Flooding Attack,0.8896621270444048,5.753006764395634,-0.4777179437143898,0.8896621270444048,5.753006764395634,-0.4777179437143898,6.642668891440039,0.41194418333001503,5.2752888206812445,6.164950947725649
17573,Flooding Attack,2.471875645643064,4.096794056448786,-0.8666166030529321,2.471875645643064,4.096794056448786,-0.8666166030529321,6.56866970209185,1.605259042590132,3.230177453395854,5.702053099038919
14342,Flooding Attack,1.7440142878669378,0.9802256087008722,-0.8666166030529321,1.7440142878669378,0.9802256087008722,-0.8666166030529321,2.72423989656781,0.8773976848140057,0.11360900564794008,1.857623293514878
14413,Flooding Attack,2.255255332892149,3.1730299036405194,-0.8666166030529321,2.255255332892149,3.1730299036405194,-0.8666166030529321,5.428285236532668,1.3886387298392169,2.3064133005875873,4.561668633479735
17920,Flooding Attack,2.014316222357265,3.834983882115458,-0.4777179437143898,2.014316222357265,3.834983882115458,-0.4777179437143898,5.849300104472723,1.5365982786428751,3.357265938401068,5.371582160758334
17756,Flooding Attack,0.16016137505425934,4.506010939099555,-0.8666166030529321,0.16016137505425934,4.506010939099555,-0.8666166030529321,4.6661723141538145,-0.7064552279986728,3.639394336046623,3.7995557111008824
16603,Flooding Attack,1.840737632951515,-0.8390442411429965,1.4944283329765993,1.840737632951515,-0.8390442411429965,1.4944283329765993,1.0016933918085185,3.3351659659281143,0.6553840918336028,2.4961217247851177
16761,Flooding Attack,0.7937971148382023,4.872389645265841,-0.05838114091618314,0.7937971148382023,4.872389645265841,-0.05838114091618314,5.666186760104043,0.7354159739220191,4.814008504349657,5.60780561918786
8385,Flooding Attack,1.583345471676247,4.220438031335685,-0.8666166030529321,1.583345471676247,4.220438031335685,-0.8666166030529321,5.803783503011932,0.7167288686233149,3.3538214282827528,4.937166899958999
8188,Flooding Attack,1.1441582525212612,3.8275275740888186,0.5629046481076653,1.1441582525212612,3.8275275740888186,0.5629046481076653,4.97168582661008,1.7070629006289266,4.390432222196484,5.534590474717745
16621,Flooding Attack,0.8845934395858401,0.7220299037983882,-0.8666166030529321,0.8845934395858401,0.7220299037983882,-0.8666166030529321,1.6066233433842283,0.017976836532908047,-0.14458669925454393,0.7400067403312962
17257,Flooding Attack,1.1635190152428132,3.053190830521841,-0.8666166030529321,1.1635190152428132,3.053190830521841,-0.8666166030529321,4.216709845764655,0.2969024121898811,2.186574227468909,3.3500932427117225
16470,Flooding Attack,2.2026052828952154,1.0282580168730309,0.8869688331180043,2.2026052828952154,1.0282580168730309,0.8869688331180043,3.230863299768246,3.0895741160132197,1.9152268499910352,4.11783213288625
17889,Flooding Attack,0.142018627325975,3.8274831082776064,-0.8666166030529321,0.142018627325975,3.8274831082776064,-0.8666166030529321,3.9695017356035813,-0.724597975726957,2.9608665052246743,3.1028851325506492
17840,Flooding Attack,1.474320887505733,3.8349838831446945,-0.7502271280433891,1.474320887505733,3.8349838831446945,-0.7502271280433891,5.309304770650428,0.7240937594623439,3.0847567551013055,4.559077642607039
17956,Flooding Attack,0.2931872341538202,4.063827004197652,0.3136054527814404,0.2931872341538202,4.063827004197652,0.3136054527814404,4.357014238351472,0.6067926869352607,4.377432456979093,4.670619691132913
17646,Flooding Attack,1.093644712259456,2.913316028854284,-0.07811441487961684,1.093644712259456,2.913316028854284,-0.07811441487961684,4.00696074111374,1.015530297379839,2.835201613974667,3.928846326234123
8179,Flooding Attack,1.3943716563099213,4.872389645265841,0.2083532800627044,1.3943716563099213,4.872389645265841,0.2083532800627044,6.266761301575762,1.6027249363726257,5.080742925328545,6.475114581638467
16577,Flooding Attack,2.244070447901849,-0.8390442411605853,1.4944283329765993,2.244070447901849,-0.8390442411605853,1.4944283329765993,1.405026206741264,3.7384987808784484,0.655384091816014,2.8994545397178633
14526,Flooding Attack,1.4669974462559217,5.917269516920217,-0.35950682107322623,1.4669974462559217,5.917269516920217,-0.35950682107322623,7.384266963176138,1.1074906251826955,5.557762695846991,7.024760142102912
17343,Flooding Attack,0.8896621270444048,4.196532450327764,-0.3777303525558307,0.8896621270444048,4.196532450327764,-0.3777303525558307,5.086194577372169,0.5119317744885741,3.818802097771933,4.708464224816338
17819,Flooding Attack,-0.9178971576175023,4.039495812304077,-0.8666166030529321,-0.9178971576175023,4.039495812304077,-0.8666166030529321,3.121598654686575,-1.7845137606704344,3.172879209251145,2.2549820516336427
17527,Flooding Attack,0.8896621270444048,5.625791569852023,-0.8666166030529321,0.8896621270444048,5.625791569852023,-0.8666166030529321,6.515453696896428,0.02304552399147275,4.75917496679909,5.648837093843495
16838,Flooding Attack,1.8516266563488653,4.14046796647729,-0.46742438013586957,1.8516266563488653,4.14046796647729,-0.46742438013586957,5.992094622826156,1.3842022762129957,3.6730435863414206,5.524670242690286
17236,Flooding Attack,1.8935119028374696,3.834986681481085,0.9845579254219433,1.8935119028374696,3.834986681481085,0.9845579254219433,5.7284985843185545,2.878069828259413,4.819544606903029,6.713056509740498
8384,Flooding Attack,1.018784104075072,4.504853841550197,-0.8666166030529321,1.018784104075072,4.504853841550197,-0.8666166030529321,5.5236379456252696,0.15216750102213994,3.638237238497265,4.657021342572337
8257,Flooding Attack,2.1730029381871243,4.124004105640516,-0.8666166030529321,2.1730029381871243,4.124004105640516,-0.8666166030529321,6.297007043827641,1.3063863351341922,3.257387502587584,5.430390440774708
17741,Flooding Attack,0.03845218573488382,3.834986682870698,-0.8666166030529321,0.03845218573488382,3.834986682870698,-0.8666166030529321,3.873438868605582,-0.8281644173180482,2.968370079817766,3.0068222655526498
16447,Flooding Attack,1.7204769456050988,1.5610137181519854,-0.8666166030529321,1.7204769456050988,1.5610137181519854,-0.8666166030529321,3.281490663757084,0.8538603425521667,0.6943971150990533,2.414874060704152
16546,Flooding Attack,1.4781011153502146,1.3482642492670436,1.4877232517502275,1.4781011153502146,1.3482642492670436,1.4877232517502275,2.826365364617258,2.965824367100442,2.835987501017271,4.314088616367486
18211,Flooding Attack,-2.179875510284822,1.1377244526442147,-0.492437211840809,-2.179875510284822,1.1377244526442147,-0.492437211840809,-1.0421510576406072,-2.672312722125631,0.6452872408034057,-1.5345882694814161
18323,Flooding Attack,0.8896621270444048,4.336916999838482,-0.8666166030529321,0.8896621270444048,4.336916999838482,-0.8666166030529321,5.2265791268828865,0.02304552399147275,3.4703003967855497,4.359962523829955
17278,Flooding Attack,1.9452826963601184,1.364107236197496,-0.8666166030529321,1.9452826963601184,1.364107236197496,-0.8666166030529321,3.3093899325576146,1.0786660933071863,0.4974906331445639,2.4427733295046825
17032,Flooding Attack,1.6824056667201055,1.4048539060776934,1.4944283329765993,1.6824056667201055,1.4048539060776934,1.4944283329765993,3.087259572797799,3.1768339996967048,2.8992822390542927,4.581687905774398
18102,Flooding Attack,1.7977196024925708,4.501213126176363,0.9913182466243337,1.7977196024925708,4.501213126176363,0.9913182466243337,6.298932728668934,2.7890378491169043,5.492531372800697,7.290250975293268
17639,Flooding Attack,-0.5960199984125187,4.109018431281431,0.5093512408400143,-0.5960199984125187,4.109018431281431,0.5093512408400143,3.512998432868912,-0.08666875757250447,4.618369672121445,4.022349673708926
18138,Flooding Attack,0.8896621270444048,3.8349866833108552,-0.4777179437143898,0.8896621270444048,3.8349866833108552,-0.4777179437143898,4.72464881035526,0.41194418333001503,3.3572687395964653,4.246930866640871
14470,Flooding Attack,0.8911910126465746,4.847907472359508,-0.8666166030529321,0.8911910126465746,4.847907472359508,-0.8666166030529321,5.739098485006083,0.024574409593642543,3.981290869306576,4.872481881953151
16414,Flooding Attack,1.0303814532149411,0.3636871612273049,1.4944283329765993,1.0303814532149411,0.3636871612273049,1.4944283329765993,1.394068614442246,2.5248097861915406,1.8581154942039042,2.8884969474188456
17755,Flooding Attack,-0.3115030460183715,3.834986682870698,-0.8666166030529321,-0.3115030460183715,3.834986682870698,-0.8666166030529321,3.5234836368523266,-1.1781196490713035,2.968370079817766,2.6568670337993945
17359,Flooding Attack,1.248814424695229,3.265146831553173,1.4944283329765993,1.248814424695229,3.265146831553173,1.4944283329765993,4.513961256248402,2.7432427576718283,4.759575164529773,6.008389589225001
17450,Flooding Attack,0.8896621270444048,5.7410685245181385,-0.8666166030529321,0.8896621270444048,5.7410685245181385,-0.8666166030529321,6.630730651562543,0.02304552399147275,4.874451921465207,5.764114048509612
14495,Flooding Attack,0.17810929842504886,2.788046116486402,-0.8666166030529321,0.17810929842504886,2.788046116486402,-0.8666166030529321,2.9661554149114506,-0.6885073046278832,1.9214295134334698,2.0995388118585185
17375,Flooding Attack,-0.03954536369168322,4.897142413976897,0.707799296533501,-0.03954536369168322,4.897142413976897,0.707799296533501,4.8575970502852135,0.6682539328418178,5.604941710510398,5.565396346818715
17430,Flooding Attack,2.1737239969539477,4.061670562828817,-0.8666166030529321,2.1737239969539477,4.061670562828817,-0.8666166030529321,6.2353945597827645,1.3071073939010156,3.1950539597758847,5.368777956729833
17600,Flooding Attack,1.5079071645836313,3.433178651607182,-0.8666166030529321,1.5079071645836313,3.433178651607182,-0.8666166030529321,4.941085816190813,0.6412905615306992,2.5665620485542497,4.074469213137881
8442,Flooding Attack,1.4120145840795435,3.930148093430947,-0.8666166030529321,1.4120145840795435,3.930148093430947,-0.8666166030529321,5.3421626775104905,0.5453979810266114,3.063531490378015,4.475546074457558
8226,Flooding Attack,0.8923755597542764,3.7473295696012916,-0.8666166030529321,0.8923755597542764,3.7473295696012916,-0.8666166030529321,4.639705129355568,0.025758956701344315,2.8807129665483595,3.773088526302636
14454,Flooding Attack,0.8896621270444048,4.1430602760082085,-0.4777179437143898,0.8896621270444048,4.1430602760082085,-0.4777179437143898,5.032722403052613,0.41194418333001503,3.6653423322938186,4.555004459338224
7537,Flooding Attack,0.279029883903422,4.49807095808034,-0.4777179437143898,0.279029883903422,4.49807095808034,-0.4777179437143898,4.777100841983762,-0.19868805981096782,4.02035301436595,4.299382898269372
17808,Flooding Attack,-0.4472541320639119,4.501790293648128,1.4944283329765993,-0.4472541320639119,4.501790293648128,1.4944283329765993,4.054536161584216,1.0471742009126874,5.996218626624727,5.548964494560815
14397,Flooding Attack,1.5481702681935727,3.070320718370576,-0.8666166030529321,1.5481702681935727,3.070320718370576,-0.8666166030529321,4.618490986564149,0.6815536651406406,2.203704115317644,3.751874383511217
8344,Flooding Attack,2.0951899054703826,3.7473295696012916,0.5207494995397058,2.0951899054703826,3.7473295696012916,0.5207494995397058,5.842519475071674,2.6159394050100886,4.268079069140997,6.36326897461138
14465,Flooding Attack,-0.5440358640444148,2.9683220784617976,-0.8666166030529321,-0.5440358640444148,2.9683220784617976,-0.8666166030529321,2.424286214417383,-1.4106524670973468,2.1017054754088655,1.5576696113644508
8346,Flooding Attack,1.065828284055895,3.834986681463497,-0.8666166030529321,1.065828284055895,3.834986681463497,-0.8666166030529321,4.900814965519392,0.19921168100296294,2.968370078410565,4.03419836246646
8168,Flooding Attack,0.8896621270444048,3.834983882115458,-0.8666166030529321,0.8896621270444048,3.834983882115458,-0.8666166030529321,4.724646009159863,0.02304552399147275,2.9683672790625257,3.858029406106931
17413,Flooding Attack,0.8896621270444048,3.1005331662151865,-0.8666166030529321,0.8896621270444048,3.1005331662151865,-0.8666166030529321,3.990195293259591,0.02304552399147275,2.2339165631622544,3.123578690206659
7478,Flooding Attack,1.9980861227951254,3.9761195382279912,-0.8666166030529321,1.9980861227951254,3.9761195382279912,-0.8666166030529321,5.974205661023117,1.1314695197421933,3.109502935175059,5.107589057970184
8475,Flooding Attack,2.5653291812085866,4.013128628788879,0.7431842976068186,2.5653291812085866,4.013128628788879,0.7431842976068186,6.578457809997465,3.308513478815405,4.756312926395697,7.3216421076042835
17607,Flooding Attack,1.2142248343326592,4.49807095808034,-0.8666166030529321,1.2142248343326592,4.49807095808034,-0.8666166030529321,5.7122957924129985,0.34760823127972706,3.6314543550274077,4.845679189360066
17670,Flooding Attack,0.316935442717974,4.013632415730945,-0.4777179437143898,0.316935442717974,4.013632415730945,-0.4777179437143898,4.330567858448919,-0.16078250099641578,3.535914472016555,3.8528499147345294
8308,Flooding Attack,-0.21881854536734657,1.848015992847813,0.7582975917326745,-0.21881854536734657,1.848015992847813,0.7582975917326745,1.6291974474804665,0.539479046365328,2.6063135845804877,2.387495039213141
17259,Flooding Attack,0.716357348787024,1.699139858090338,1.4944283329765993,0.716357348787024,1.699139858090338,1.4944283329765993,2.415497206877362,2.2107856817636233,3.1935681910669373,3.9099255398539614
16970,Flooding Attack,1.9452826963601184,0.9982792959722963,-0.8666166030529321,1.9452826963601184,0.9982792959722963,-0.8666166030529321,2.943561992332415,1.0786660933071863,0.13166269291936417,2.0769453892794827
16753,Flooding Attack,0.9959442021502476,4.881582249910939,-0.7198854528037633,0.9959442021502476,4.881582249910939,-0.7198854528037633,5.877526452061186,0.27605874934648433,4.161696797107176,5.157640999257423
18240,Flooding Attack,0.8923755597542764,3.9945225076007786,-0.8666166030529321,0.8923755597542764,3.9945225076007786,-0.8666166030529321,4.886898067355055,0.025758956701344315,3.1279059045478466,4.020281464302123
17116,Flooding Attack,0.8896621270444048,4.01288749264377,0.08675342849302455,0.8896621270444048,4.01288749264377,0.08675342849302455,4.902549619688175,0.9764155555374294,4.099640921136795,4.9893030481812
17103,Flooding Attack,2.6819306019827476,4.177959354775553,-0.8666166030529321,2.6819306019827476,4.177959354775553,-0.8666166030529321,6.859889956758301,1.8153139989298155,3.3113427517226213,5.993273353705369
8231,Flooding Attack,1.3471394622365267,2.3306900236376813,1.4944283329765993,1.3471394622365267,2.3306900236376813,1.4944283329765993,3.677829485874208,2.841567795213126,3.8251183566142806,5.172257818850808
17570,Flooding Attack,0.8712272974418188,5.64141288503679,-0.8666166030529321,0.8712272974418188,5.64141288503679,-0.8666166030529321,6.512640182478609,0.004610694388886727,4.774796281983859,5.646023579425677
9945,Normal Traffic,-0.004440839120285191,1.0191573723278322,-0.8666166030529321,-0.004440839120285191,1.0191573723278322,-0.8666166030529321,1.014716533207547,-0.8710574421732172,0.15254076927490012,0.14809993015461487
9294,Normal Traffic,-1.5983341733666085,-0.8390442397533838,-0.8666166030529321,-1.5983341733666085,-0.8390442397533838,-0.8666166030529321,-2.4373784131199923,-2.4649507764195406,-1.7056608428063158,-3.3039950161729243
13410,Normal Traffic,0.544529292054509,0.30746567708647177,3.012646302392998,0.544529292054509,0.30746567708647177,3.012646302392998,0.8519949691409807,3.5571755944475068,3.32011197947947,3.8646412715339786
8872,Normal Traffic,0.06147771407375096,0.04962813363388943,-0.8666166030529321,0.06147771407375096,0.04962813363388943,-0.8666166030529321,0.1111058477076404,-0.8051388889791812,-0.8169884694190427,-0.7555107553452917
9694,Normal Traffic,0.3071757570497966,0.0340550665525869,0.25037883085436746,0.3071757570497966,0.0340550665525869,0.25037883085436746,0.3412308236023835,0.5575545879041641,0.28443389740695435,0.591609654456751
10082,Normal Traffic,1.253757095411059,-0.6723564512931767,-0.8666166030529321,1.253757095411059,-0.6723564512931767,-0.8666166030529321,0.5814006441178824,0.387140492358127,-1.5389730543461089,-0.2852159589350497
12470,Normal Traffic,0.4543261357128333,0.7084619335491518,-0.15880033091751775,0.4543261357128333,0.7084619335491518,-0.15880033091751775,1.162788069261985,0.29552580479531554,0.549661602631634,1.0039877383444673
9364,Normal Traffic,-0.40874940717940755,-0.9267013530227907,-0.8666166030529321,-0.40874940717940755,-0.9267013530227907,-0.8666166030529321,-1.3354507602021983,-1.2753660102323396,-1.7933179560757226,-2.2020673632551304
9480,Normal Traffic,-0.9664053684247454,-0.44156605827444784,-0.8666166030529321,-0.9664053684247454,-0.44156605827444784,-0.8666166030529321,-1.4079714266991932,-1.8330219714776774,-1.30818266132738,-2.2745880297521253
10476,Normal Traffic,0.34242306607472883,-0.7398100335130317,-0.8666166030529321,0.34242306607472883,-0.7398100335130317,-0.8666166030529321,-0.3973869674383028,-0.5241935369782033,-1.6064266365659639,-1.264003570491235
9401,Normal Traffic,0.041748285945601815,-0.6485159533410393,-0.5306497075690176,0.041748285945601815,-0.6485159533410393,-0.5306497075690176,-0.6067676673954374,-0.4889014216234158,-1.179165660910057,-1.1374173749644552
8810,Normal Traffic,-0.4347957166535221,0.22542332249031977,0.632303036459479,-0.4347957166535221,0.22542332249031977,0.632303036459479,-0.20937239416320236,0.19750731980595693,0.8577263589497988,0.4229306422962767
10721,Normal Traffic,-0.12026166066303152,-0.7825848498539896,-0.7779437281129749,-0.12026166066303152,-0.7825848498539896,-0.7779437281129749,-0.9028465105170211,-0.8982053887760064,-1.5605285779669644,-1.680790238629996
11408,Normal Traffic,0.8477124425136143,1.0212792911552355,0.5449723749532749,0.8477124425136143,1.0212792911552355,0.5449723749532749,1.86899173366885,1.3926848174668893,1.5662516661085104,2.4139641086221246
11067,Normal Traffic,-0.48318242959328805,1.3567283959207266,3.158354917061392,-0.48318242959328805,1.3567283959207266,3.158354917061392,0.8735459663274385,2.675172487468104,4.515083312982118,4.031900883388831
9376,Normal Traffic,-0.14574883039915698,-0.42148851036828644,0.7134083590096957,-0.14574883039915698,-0.42148851036828644,0.7134083590096957,-0.5672373407674434,0.5676595286105387,0.29191984864140924,0.14617101824225232
11158,Normal Traffic,0.008384044810251935,1.406860482382704,1.4944283329765993,0.008384044810251935,1.406860482382704,1.4944283329765993,1.415244527192956,1.5028123777868512,2.9012888153593033,2.909672860169555
13830,Normal Traffic,-2.4596583687880087,-0.67494419953399,0.22015220223251844,-2.4596583687880087,-0.67494419953399,0.22015220223251844,-3.1346025683219985,-2.2395061665554903,-0.4547919973014716,-2.91445036608948
13805,Normal Traffic,-1.7687330515444895,-0.6328388966641242,0.11243309589027647,-1.7687330515444895,-0.6328388966641242,0.11243309589027647,-2.4015719482086135,-1.656299955654213,-0.5204058007738477,-2.289138852318337
10302,Normal Traffic,-1.9706546066061879,4.144250996949921,-0.8666166030529321,-1.9706546066061879,4.144250996949921,-0.8666166030529321,2.173596390343733,-2.8372712096591197,3.277634393896989,1.306979787290801
9323,Normal Traffic,-0.06045840845140176,-0.06333733394319353,-0.8666166030529321,-0.06045840845140176,-0.06333733394319353,-0.8666166030529321,-0.12379574239459529,-0.9270750115043338,-0.9299539369961256,-0.9904123454475273
12557,Normal Traffic,0.8182813580404762,0.04366377553521337,1.4375173305367057,0.8182813580404762,0.04366377553521337,1.4375173305367057,0.8619451335756896,2.255798688577182,1.481181106071919,2.2994624641123953
9735,Normal Traffic,0.31842113272093364,-0.8285183444186898,1.1780612314356516,0.31842113272093364,-0.8285183444186898,1.1780612314356516,-0.5100972116977561,1.4964823641565852,0.3495428870169618,0.6679640197378954
9513,Normal Traffic,-1.6789796287732113,-0.839044239735795,-0.8666166030529321,-1.6789796287732113,-0.839044239735795,-0.8666166030529321,-2.5180238685090064,-2.5455962318261434,-1.7056608427887272,-3.3846404715619385
11276,Normal Traffic,-0.7099961553736824,0.04957843655813812,-0.8666166030529321,-0.7099961553736824,0.04957843655813812,-0.8666166030529321,-0.6604177188155443,-1.5766127584266145,-0.817038166494794,-1.5270343218684763
12702,Normal Traffic,0.6551893941466174,1.4089056581981065,-0.8666166030529321,0.6551893941466174,1.4089056581981065,-0.8666166030529321,2.064095052344724,-0.21142720890631472,0.5422890551451744,1.197478449291792
11015,Normal Traffic,0.12469389057844758,1.283933520854234,1.4944283329765993,0.12469389057844758,1.283933520854234,1.4944283329765993,1.4086274114326816,1.6191222235550469,2.778361853830833,2.903055744409281
11311,Normal Traffic,0.21388799177420878,-0.02212820290283582,1.5181714527331844,0.21388799177420878,-0.02212820290283582,1.5181714527331844,0.19175978887137296,1.7320594445073931,1.4960432498303486,1.7099312416045573
9748,Normal Traffic,-0.41804552094612457,1.3036947895019912,-0.8666166030529321,-0.41804552094612457,1.3036947895019912,-0.8666166030529321,0.8856492685558667,-1.2846621239990568,0.43707818644905916,0.019032665502934587
13813,Normal Traffic,-1.4240048969389585,0.31792445457717655,-0.8666166030529321,-1.4240048969389585,0.31792445457717655,-0.8666166030529321,-1.1060804423617818,-2.2906214999918904,-0.5486921484757555,-1.972697045414714
11378,Normal Traffic,0.259988217858473,-0.48268212621007955,-0.15597762880344723,0.259988217858473,-0.48268212621007955,-0.15597762880344723,-0.22269390835160657,0.10401058905502575,-0.6386597550135268,-0.3786715371550538
12160,Normal Traffic,-0.511211757812989,1.0106480164401979,0.1022720629425436,-0.511211757812989,1.0106480164401979,0.1022720629425436,0.49943625862720886,-0.4089396948704454,1.1129200793827414,0.6017083215697525
10559,Normal Traffic,0.028672447899511067,-0.017588259952934414,1.0399983287709398,0.028672447899511067,-0.017588259952934414,1.0399983287709398,0.011084187946576653,1.0686707766704509,1.0224100688180053,1.0510825167175164
9265,Normal Traffic,-1.7457984181010051,0.3148239971729782,0.3929017213314434,-1.7457984181010051,0.3148239971729782,0.3929017213314434,-1.4309744209280268,-1.3528966967695617,0.7077257185044217,-1.0380726995965834
10531,Normal Traffic,-0.3568227829544689,1.4417783188274496,-0.31608501016202845,-0.3568227829544689,1.4417783188274496,-0.31608501016202845,1.0849555358729805,-0.6729077931164973,1.125693308665421,0.768870525710952
14013,Normal Traffic,-0.5497022394809861,1.086284197253459,-0.8666166030529321,-0.5497022394809861,1.086284197253459,-0.8666166030529321,0.5365819577724729,-1.4163188425339182,0.21966759420052684,-0.3300346452804592
13367,Normal Traffic,-0.16352149640723926,0.7863575380804739,1.3316827086490042,-0.16352149640723926,0.7863575380804739,1.3316827086490042,0.6228360416732347,1.1681612122417648,2.1180402467294783,1.9545187503222388
13710,Normal Traffic,1.2838239047289102,0.056337692144121515,1.4412931249511296,1.2838239047289102,0.056337692144121515,1.4412931249511296,1.3401615968730316,2.7251170296800398,1.497630817095251,2.7814547218241614
10117,Normal Traffic,-0.9664053684247454,2.413448856275461,-0.8666166030529321,-0.9664053684247454,2.413448856275461,-0.8666166030529321,1.4470434878507157,-1.8330219714776774,1.546832253222529,0.5804268847977836
11069,Normal Traffic,-1.6816750416896633,-0.7473584510039114,-0.8666166030529321,-1.6816750416896633,-0.7473584510039114,-0.8666166030529321,-2.429033492693575,-2.548291644742595,-1.6139750540568434,-3.295650095746507
11688,Normal Traffic,-0.4884034257914628,-0.5420653365510744,-0.8666166030529321,-0.4884034257914628,-0.5420653365510744,-0.8666166030529321,-1.030468762342537,-1.355020028844395,-1.4086819396040065,-1.8970853653954691
11081,Normal Traffic,2.170289505477253,-0.008482530765521006,1.6271533914564136,2.170289505477253,-0.008482530765521006,1.6271533914564136,2.1618069747117317,3.797442896933666,1.6186708606908926,3.788960366168145
11348,Normal Traffic,1.559876723852078,-0.7032337003786865,1.4944283329765993,1.559876723852078,-0.7032337003786865,1.4944283329765993,0.8566430234733916,3.054305056828677,0.7911946325979128,2.351071356449991
10625,Normal Traffic,-0.7099961553736824,-0.42148851055628633,-0.8666166030529321,-0.7099961553736824,-0.42148851055628633,-0.8666166030529321,-1.1314846659299689,-1.5766127584266145,-1.2881051136092183,-1.998101268982901
14042,Normal Traffic,2.5609969242442587,-0.7082974000932034,-0.7427772354272394,2.5609969242442587,-0.7082974000932034,-0.7427772354272394,1.8526995241510553,1.8182196888170195,-1.4510746355204427,1.109922288723816
13619,Normal Traffic,2.185884501295388,-0.4872438673259928,-0.8666166030529321,2.185884501295388,-0.4872438673259928,-0.8666166030529321,1.6986406339693954,1.319267898242456,-1.3538604703789248,0.8320240309164633
11943,Normal Traffic,-0.6145179035567075,-0.8168226800528741,1.409250518113228,-0.6145179035567075,-0.8168226800528741,1.409250518113228,-1.4313405836095816,0.7947326145565204,0.5924278380603539,-0.022090065496353617
13355,Normal Traffic,0.9019073567279741,-0.4836886142345713,-0.7427772354272394,0.9019073567279741,-0.4836886142345713,-0.7427772354272394,0.41821874249340274,0.15913012130073467,-1.2264658496618108,-0.32455849293383665
13682,Normal Traffic,-0.9648764828225758,-0.6073768974152094,-0.8666166030529321,-0.9648764828225758,-0.6073768974152094,-0.8666166030529321,-1.5722533802377852,-1.8314930858755079,-1.4739935004681415,-2.4388699832907172
9297,Normal Traffic,-0.12954360306277304,-0.48135663834014497,-0.8666166030529321,-0.12954360306277304,-0.48135663834014497,-0.8666166030529321,-0.610900241402918,-0.9961602061157051,-1.3479732413930772,-1.4775168444558502
10659,Normal Traffic,-1.693024037018512,-0.8390442397533838,0.7404838132646575,-1.693024037018512,-0.8390442397533838,0.7404838132646575,-2.532068276771896,-0.9525402237538544,-0.09856042648872632,-1.7915844635072382
9038,Normal Traffic,-0.2991606073989432,-0.030520114951584323,2.7376425780302327,-0.2991606073989432,-0.030520114951584323,2.7376425780302327,-0.3296807223505275,2.4384819706312895,2.7071224630786483,2.407961855679705
9867,Normal Traffic,-2.172949779211137,-0.8390442411605853,-0.8666166030529321,-2.172949779211137,-0.8390442411605853,-0.8666166030529321,-3.011994020371722,-3.039566382264069,-1.7056608442135173,-3.8786106234246542
11755,Normal Traffic,-0.6616205345572691,-0.8390470394793876,-0.8666166030529321,-0.6616205345572691,-0.8390470394793876,-0.8666166030529321,-1.5006675740366568,-1.5282371376102013,-1.7056636425323197,-2.367284177089589
14040,Normal Traffic,-0.3375672481040968,0.05235022349973148,0.2840103142727463,-0.3375672481040968,0.05235022349973148,0.2840103142727463,-0.28521702460436527,-0.05355693383135046,0.33636053777247776,-0.0012067103316189542
9896,Normal Traffic,-0.30072951300544587,-0.8390442411429965,-0.7208289185640047,-0.30072951300544587,-0.8390442411429965,-0.7208289185640047,-1.1397737541484423,-1.0215584315694506,-1.559873159707001,-1.860602672712447
9380,Normal Traffic,-1.0195798695608553,-0.4791898871059671,2.0241478356777947,-1.0195798695608553,-0.4791898871059671,2.0241478356777947,-1.4987697566668223,1.0045679661169393,1.5449579485718274,0.5253780790109723
10223,Normal Traffic,0.576948292758296,2.392505991789448,-0.8666166030529321,0.576948292758296,2.392505991789448,-0.8666166030529321,2.969454284547744,-0.28966831029463613,1.5258893887365157,2.1028376814948118
10198,Normal Traffic,0.5788015797390698,1.38538805313076,-0.5003616389017993,0.5788015797390698,1.38538805313076,-0.5003616389017993,1.9641896328698298,0.07843994083727046,0.8850264142289608,1.4638279939680305
12767,Normal Traffic,1.9411927749446936,-0.7821323290660592,0.11677454762174463,1.9411927749446936,-0.7821323290660592,0.11677454762174463,1.1590604458786342,2.057967322566438,-0.6653577814443146,1.2758349935003788
9274,Normal Traffic,-0.1679704076947817,-0.442036655166315,-0.8666166030529321,-0.1679704076947817,-0.442036655166315,-0.8666166030529321,-0.6100070628610967,-1.0345870107477138,-1.3086532582192472,-1.4766236659140288
13515,Normal Traffic,-1.7800176723103773,-0.09773537018116205,-0.8666166030529321,-1.7800176723103773,-0.09773537018116205,-0.8666166030529321,-1.8777530424915394,-2.6466342753633096,-0.9643519732340942,-2.7443696455444715
12560,Normal Traffic,0.26230712230063413,-0.379450911581992,0.20143598458447484,0.26230712230063413,-0.379450911581992,0.20143598458447484,-0.11714378928135788,0.463743106885109,-0.17801492699751717,0.08429219530311696
8860,Normal Traffic,-2.172949779211137,0.05837735240742776,1.4654498333936352,-2.172949779211137,0.05837735240742776,1.4654498333936352,-2.114572426803709,-0.7074999458175018,1.523827185801063,-0.649122593410074
8840,Normal Traffic,0.5041882067214579,-0.8261390173118581,-0.8666166030529321,0.5041882067214579,-0.8261390173118581,-0.8666166030529321,-0.3219508105904002,-0.36242839633147417,-1.6927556203647902,-1.1885674136433324
12803,Normal Traffic,-0.4530303605247645,-0.4856139880985955,-0.8666166030529321,-0.4530303605247645,-0.4856139880985955,-0.8666166030529321,-0.93864434862336,-1.3196469635776966,-1.3522305911515276,-1.805260951676292
10211,Normal Traffic,1.4863948499405686,-0.8390442411429965,-0.8666166030529321,1.4863948499405686,-0.8390442411429965,-0.8666166030529321,0.6473506087975721,0.6197782468876365,-1.7056608441959287,-0.21926599425535998
9340,Normal Traffic,0.4805570662911954,-0.6766805969567712,-0.8666166030529321,0.4805570662911954,-0.6766805969567712,-0.8666166030529321,-0.1961235306655758,-0.3860595367617367,-1.5432972000097034,-1.0627401337185078
9173,Normal Traffic,-1.05296339067653,-0.5659873043521505,-0.8666166030529321,-1.05296339067653,-0.5659873043521505,-0.8666166030529321,-1.6189506950286807,-1.9195799937294622,-1.4326039074050825,-2.485567298081613
12015,Normal Traffic,-0.8022191580917163,-0.588877721108176,-0.8666166030529321,-0.8022191580917163,-0.588877721108176,-0.8666166030529321,-1.3910968791998923,-1.6688357611446483,-1.455494324161108,-2.257713482252824
13571,Normal Traffic,1.5954947902472765,-0.07249764567331075,2.3634623209940897,1.5954947902472765,-0.07249764567331075,2.3634623209940897,1.5229971445739656,3.958957111241366,2.290964675320779,3.8864594655680555
11123,Normal Traffic,0.7180646142007432,-0.8390470394793876,-0.8666166030529321,0.7180646142007432,-0.8390470394793876,-0.8666166030529321,-0.12098242527864445,-0.1485519888521889,-1.7056636425323197,-0.9875990283315765
12979,Normal Traffic,-0.2887888789532205,-0.42059232291682497,2.687356305715383,-0.2887888789532205,-0.42059232291682497,2.687356305715383,-0.7093812018700454,2.3985674267621624,2.266763982798558,1.9779751038453377
9846,Normal Traffic,0.8657893330982475,-0.4676574731537885,2.405506884982084,0.8657893330982475,-0.4676574731537885,2.405506884982084,0.39813185994445893,3.2712962180803316,1.9378494118282954,2.803638744926543
13944,Normal Traffic,-1.3583264122128271,0.2919133296370012,0.3438603371823994,-1.3583264122128271,0.2919133296370012,0.3438603371823994,-1.066413082575826,-1.0144660750304277,0.6357736668194005,-0.7225527453934266
11411,Normal Traffic,-0.3355510770908527,-0.4448663304402704,-0.8666166030529321,-0.3355510770908527,-0.4448663304402704,-0.8666166030529321,-0.7804174075311231,-1.2021676801437848,-1.3114829334932026,-1.647034010584055
9345,Normal Traffic,-0.823566824443911,-0.6045058137163057,2.2077334226606666,-0.823566824443911,-0.6045058137163057,2.2077334226606666,-1.428072638160217,1.3841665982167557,1.603227608944361,0.7796607845004497
9774,Normal Traffic,-1.70371718063238,-0.43666880199947233,-0.8666166030529321,-1.70371718063238,-0.43666880199947233,-0.8666166030529321,-2.1403859826318525,-2.570333783685312,-1.3032854050524043,-3.0070025856847846
14099,Normal Traffic,1.0124062412538097,1.3978798422661078,2.8214503446740005,1.0124062412538097,1.3978798422661078,2.8214503446740005,2.4102860835199174,3.83385658592781,4.219330186940108,5.231736428193917
11750,Normal Traffic,-0.4854300489027762,0.056337692144121515,-0.6254842695096753,-0.4854300489027762,0.056337692144121515,-0.6254842695096753,-0.42909235675865465,-1.1109143184124515,-0.5691465773655537,-1.05457662626833
8819,Normal Traffic,-0.13349634913976516,-0.709143171242025,-0.8666166030529321,-0.13349634913976516,-0.709143171242025,-0.8666166030529321,-0.8426395203817901,-1.0001129521926972,-1.5757597742949572,-1.7092561234347223
9495,Normal Traffic,-0.2518180193379199,-0.053038369425266116,-0.17866759382133976,-0.2518180193379199,-0.053038369425266116,-0.17866759382133976,-0.30485638876318605,-0.4304856131592597,-0.23170596324660586,-0.4835239825845258
12283,Normal Traffic,0.457991522509888,-0.4793491938350529,1.375549854233682,0.457991522509888,-0.4793491938350529,1.375549854233682,-0.021357671325164918,1.83354137674357,0.896200660398629,1.354192182908517
9391,Normal Traffic,0.3581507354848698,0.06526425407055202,-0.8666166030529321,0.3581507354848698,0.06526425407055202,-0.8666166030529321,0.42341498955542184,-0.5084658675680622,-0.8013523489823801,-0.44320161349751025
13142,Normal Traffic,1.0387606297587904,-0.8465033485352639,-0.14700441233529438,1.0387606297587904,-0.8465033485352639,-0.14700441233529438,0.19225728122352648,0.891756217423496,-0.9935077608705583,0.0452528688882321
12906,Normal Traffic,0.29681491193981335,-0.1175805710748772,-0.8666166030529321,0.29681491193981335,-0.1175805710748772,-0.8666166030529321,0.17923434086493617,-0.5698016911131187,-0.9841971741278093,-0.6873822621879959
11418,Normal Traffic,0.20017898971287448,-0.5420025343388483,-0.8666166030529321,0.20017898971287448,-0.5420025343388483,-0.8666166030529321,-0.34182354462597375,-0.6664376133400576,-1.4086191373917805,-1.208440147678906
8904,Normal Traffic,0.6680954586262473,-0.05014342178566777,-0.7087131258541507,0.6680954586262473,-0.05014342178566777,-0.7087131258541507,0.6179520368405795,-0.04061766722790339,-0.7588565476398185,-0.09076108901357116
9877,Normal Traffic,-0.9464001325036168,-0.8362329052753864,0.1965075603304656,-0.9464001325036168,-0.8362329052753864,0.1965075603304656,-1.7826330377790032,-0.7498925721731512,-0.6397253449449208,-1.5861254774485376
13842,Normal Traffic,0.7575077860014479,-0.8390470409042293,-0.6436658229142096,0.7575077860014479,-0.8390470409042293,-0.6436658229142096,-0.08153925490278147,0.11384196308723826,-1.4827128638184388,-0.7252050778169911
11847,Normal Traffic,0.7414478490477171,0.013760999014027967,-0.8666166030529321,0.7414478490477171,0.013760999014027967,-0.8666166030529321,0.755208848061745,-0.125168754005215,-0.8528556040389041,-0.11140775499118705
9864,Normal Traffic,-0.23021043543745615,1.2752739534123898,-0.8666166030529321,-0.23021043543745615,1.2752739534123898,-0.8666166030529321,1.0450635179749337,-1.0968270384903882,0.4086573503594577,0.1784469149220016
10057,Normal Traffic,-0.3994875227878029,-0.6328388966641242,-0.8666166030529321,-0.3994875227878029,-0.6328388966641242,-0.8666166030529321,-1.032326419451927,-1.266104125840735,-1.4994554997170564,-1.8989430225048591
11734,Normal Traffic,0.3142220100081025,-0.8390442411605853,-0.8666166030529321,0.3142220100081025,-0.8390442411605853,-0.8666166030529321,-0.5248222311524828,-0.5523945930448295,-1.7056608442135173,-1.391438834205415
11050,Normal Traffic,-1.3060804123371292,0.4905541814487723,-0.8666166030529321,-1.3060804123371292,0.4905541814487723,-0.8666166030529321,-0.815526230888357,-2.172697015390061,-0.3760624216041598,-1.6821428339412892
10880,Normal Traffic,0.8923755597542764,0.0492444720775057,-0.8666166030529321,0.8923755597542764,0.0492444720775057,-0.8666166030529321,0.9416200318317821,0.025758956701344315,-0.8173721309754264,0.07500342877885002
10834,Normal Traffic,1.6700676339343874,0.03443923328709576,-0.8666166030529321,1.6700676339343874,0.03443923328709576,-0.8666166030529321,1.7045068672214831,0.8034510308814553,-0.8321773697658363,0.8378902641685511
12453,Normal Traffic,0.3142220100081025,-0.7936629649445526,1.4944283329765993,0.3142220100081025,-0.7936629649445526,1.4944283329765993,-0.47944095493645006,1.8086503429847018,0.7007653680320467,1.0149873780401493
10786,Normal Traffic,0.7211227404967019,0.30843897916731244,-0.4777179437143898,0.7211227404967019,0.30843897916731244,-0.4777179437143898,1.0295617196640143,0.24340479678231208,-0.16927896454707736,0.5518437759496245
9644,Normal Traffic,-0.1195132011462857,-0.8390442411605853,-0.8666166030529321,-0.1195132011462857,-0.8390442411605853,-0.8666166030529321,-0.958557442306871,-0.9861298041992178,-1.7056608442135173,-1.825174045359803
11043,Normal Traffic,-0.6690501703914772,1.5859264214552335,-0.8666166030529321,-0.6690501703914772,1.5859264214552335,-0.8666166030529321,0.9168762510637564,-1.5356667734444094,0.7193098184023015,0.050259648010824276
11017,Normal Traffic,0.8923755597542764,-0.839044239735795,1.4833662067706952,0.8923755597542764,-0.839044239735795,1.4833662067706952,0.0533313200184814,2.3757417665249716,0.6443219670349002,1.5366975267891765
10556,Normal Traffic,-1.374773563127034,0.2729958403848538,0.37142612485685333,-1.374773563127034,0.2729958403848538,0.37142612485685333,-1.10177772274218,-1.0033474382701806,0.6444219652417071,-0.7303515978853268
14057,Normal Traffic,-0.30163933717252656,-0.46094420197638963,-0.8666166030529321,-0.30163933717252656,-0.46094420197638963,-0.8666166030529321,-0.7625835391489162,-1.1682559402254586,-1.3275608050293217,-1.6292001422018483
10539,Normal Traffic,0.1886483603362572,-0.7575671022130749,2.280299189631449,0.1886483603362572,-0.7575671022130749,2.280299189631449,-0.5689187418768177,2.468947549967706,1.5227320874183743,1.7113804477546313
10822,Normal Traffic,-0.07899993623726512,-0.8390442411429965,-0.18103167620164637,-0.07899993623726512,-0.8390442411429965,-0.18103167620164637,-0.9180441773802616,-0.2600316124389115,-1.0200759173446428,-1.0990758535819078
9646,Normal Traffic,-0.9664053684247454,1.0280213604469748,-0.4777179437143898,-0.9664053684247454,1.0280213604469748,-0.4777179437143898,0.06161599202222934,-1.4441233121391353,0.550303416732585,-0.41610195169216047
8822,Normal Traffic,-1.8946324590834012,-0.8465478143464753,0.486555617558448,-1.8946324590834012,-0.8465478143464753,0.486555617558448,-2.7411802734298765,-1.4080768415249532,-0.3599921967880273,-2.2546246558714285
10542,Normal Traffic,-0.3629890522323031,-0.4987521420117578,-0.21025584756372756,-0.3629890522323031,-0.4987521420117578,-0.21025584756372756,-0.8617411942440609,-0.5732448997960307,-0.7090079895754854,-1.0719970418077884
10008,Normal Traffic,-0.5476100086645731,1.8024717408802826,-0.8666166030529321,-0.5476100086645731,1.8024717408802826,-0.8666166030529321,1.2548617322157094,-1.4142266117175053,0.9358551378273505,0.3882451291627773
11264,Normal Traffic,1.129857725857953,-0.6489570003451663,1.4944283329765993,1.129857725857953,-0.6489570003451663,1.4944283329765993,0.4809007255127866,2.624286058834552,0.8454713326314329,1.975329058489386
9162,Normal Traffic,-1.6879044746630847,0.29959854554664406,-0.8666166030529321,-1.6879044746630847,0.29959854554664406,-0.8666166030529321,-1.3883059291164406,-2.554521077716017,-0.567018057506288,-2.2549225321693727
12221,Normal Traffic,-0.464793772282993,0.09623697878433163,0.44952517216247345,-0.464793772282993,0.09623697878433163,0.44952517216247345,-0.3685567934986614,-0.01526860012051956,0.5457621509468051,0.08096837866381207
9946,Normal Traffic,0.900606909088583,1.3982001683998972,-0.8666166030529321,0.900606909088583,1.3982001683998972,-0.8666166030529321,2.29880707748848,0.0339903060356509,0.5315835653469652,1.432190474435548
9879,Normal Traffic,-0.14818410505200835,-0.22618386971488977,0.3929017213314434,-0.14818410505200835,-0.22618386971488977,0.3929017213314434,-0.3743679747668981,0.24471761627943506,0.16671785161655364,0.018533746564545317
11212,Normal Traffic,-2.0055808573429164,0.2941430719912249,1.1496395714162355,-2.0055808573429164,0.2941430719912249,1.1496395714162355,-1.7114377853516913,-0.8559412859266808,1.4437826434074603,-0.5617982139354558
11442,Normal Traffic,1.0318010986348654,-0.8390442397533838,1.4287113207420075,1.0318010986348654,-0.8390442397533838,1.4287113207420075,0.19275685888148153,2.460512419376873,0.5896670809886236,1.621468179623489
13582,Normal Traffic,0.7670237014822721,0.05591659042966246,1.4944283329765993,0.7670237014822721,0.05591659042966246,1.4944283329765993,0.8229402919119345,2.2614520344588716,1.5503449234062616,2.317368624888534
8950,Normal Traffic,-0.3706987791235141,-0.9016941041614918,0.9152828610847323,-0.3706987791235141,-0.9016941041614918,0.9152828610847323,-1.272392883285006,0.5445840819612182,0.013588756923240575,-0.35711002220027366
8789,Normal Traffic,-0.9951958606468732,-0.839044239735795,0.3740078860408296,-0.9951958606468732,-0.839044239735795,0.3740078860408296,-1.8342401003826683,-0.6211879746060436,-0.46503635369496543,-1.4602322143418387
13706,Normal Traffic,0.8896621270444048,-0.8390442407649944,-0.10422122855293729,0.8896621270444048,-0.8390442407649944,-0.10422122855293729,0.05061788627941044,0.7854408984914676,-0.9432654693179316,-0.05360334227352685
13635,Normal Traffic,-0.6388723699726877,1.0288771170926652,0.23494801023482859,-0.6388723699726877,1.0288771170926652,0.23494801023482859,0.39000474711997746,-0.4039243597378591,1.2638251273274936,0.624952757354806
9295,Normal Traffic,-0.5462103981907429,-0.0323450806719677,0.16669426755564215,-0.5462103981907429,-0.0323450806719677,0.16669426755564215,-0.5785554788627106,-0.37951613063510076,0.13434918688367445,-0.4118612113070685
11590,Normal Traffic,-0.1145871111370378,0.5187926699295755,0.045629288034642244,-0.1145871111370378,0.5187926699295755,0.045629288034642244,0.4042055587925377,-0.06895782310239557,0.5644219579642178,0.44983484682717995
8706,Normal Traffic,-0.011616606166209124,-0.48956641322541933,-0.8666166030529321,-0.011616606166209124,-0.48956641322541933,-0.8666166030529321,-0.5011830193916285,-0.8782332092191412,-1.3561830162783515,-1.3677996224445605
8619,Normal Traffic,0.39639932194789795,-0.20395373883969725,-0.5354700841861656,0.39639932194789795,-0.20395373883969725,-0.5354700841861656,0.1924455831082007,-0.13907076223826764,-0.7394238230258628,-0.3430245010779649
11801,Normal Traffic,0.5862521166745936,0.2803065398916901,-0.8666166030529321,0.5862521166745936,0.2803065398916901,-0.8666166030529321,0.8665586565662837,-0.28036448637833844,-0.586310063161242,-5.794648664836366e-05
12866,Normal Traffic,2.5532149627996183,1.4058030563306667,-0.8666166030529321,2.5532149627996183,1.4058030563306667,-0.8666166030529321,3.9590180191302853,1.6865983597466863,0.5391864532777346,3.092401416077353
9280,Normal Traffic,1.2470830710047318,-0.8390470408866398,0.2666809135431744,1.2470830710047318,-0.8390470408866398,0.2666809135431744,0.408036030118092,1.5137639845479063,-0.5723661273434655,0.6747169436612663
9203,Normal Traffic,-1.6657487164600435,-0.07864519354691223,0.509081162315836,-1.6657487164600435,-0.07864519354691223,0.509081162315836,-1.7443939100069557,-1.1566675541442075,0.43043596876892376,-1.2353127476911197
9078,Normal Traffic,0.30625950014950953,-0.4712600858793298,-0.8666166030529321,0.30625950014950953,-0.4712600858793298,-0.8666166030529321,-0.1650005857298203,-0.5603571029034226,-1.337876688932262,-1.0316171887827523
13956,Normal Traffic,-0.4554593075285393,0.052334211627525044,-0.8666166030529321,-0.4554593075285393,0.052334211627525044,-0.8666166030529321,-0.40312509590101425,-1.3220759105814714,-0.814282391425407,-1.2697416989539463
10111,Normal Traffic,0.9350660407933993,0.5344067994880201,-0.8666166030529321,0.9350660407933993,0.5344067994880201,-0.8666166030529321,1.4694728402814192,0.06844943774046719,-0.33220980356491203,0.6028562372284871
11329,Normal Traffic,1.6115335381328202,-0.4791185893925457,0.004813703047841669,1.6115335381328202,-0.4791185893925457,0.004813703047841669,1.1324149487402746,1.6163472411806619,-0.474304886344704,1.1372286517881163
9800,Normal Traffic,-0.3038653362129628,6.709166518813537e-05,-0.5484717809228562,-0.3038653362129628,6.709166518813537e-05,-0.5484717809228562,-0.30379824454777465,-0.852337117135819,-0.548404689257668,-0.8522700254706308
13499,Normal Traffic,-0.004440839120285191,-0.5188094851577596,-0.8666166030529321,-0.004440839120285191,-0.5188094851577596,-0.8666166030529321,-0.5232503242780447,-0.8710574421732172,-1.3854260882106917,-1.389866927330977
10283,Normal Traffic,-0.9380820325059831,5.632572396645663,-0.4777179437143898,-0.9380820325059831,5.632572396645663,-0.4777179437143898,4.694490364139679,-1.4157999762203728,5.154854452931273,4.21677242042529
9702,Normal Traffic,-1.699421962518159,1.329288855015666,-0.8666166030529321,-1.699421962518159,1.329288855015666,-0.8666166030529321,-0.37013310750249295,-2.566038565571091,0.462672251962734,-1.236749710555425
11731,Normal Traffic,1.9793013496245944,-0.8390442411429965,-0.8666166030529321,1.9793013496245944,-0.8390442411429965,-0.8666166030529321,1.140257108481598,1.1126847465716623,-1.7056608441959287,0.2736405054286659
10281,Normal Traffic,-0.2798900230827951,4.155873226803493,-0.8666166030529321,-0.2798900230827951,4.155873226803493,-0.8666166030529321,3.875983203720698,-1.1465066261357273,3.289256623750561,3.0093666006677657
9228,Normal Traffic,1.3755894595088094,-0.6480341907050505,0.839364568325509,1.3755894595088094,-0.6480341907050505,0.839364568325509,0.7275552688037589,2.2149540278343185,0.19133037762045846,1.5669198371292679
8709,Normal Traffic,0.9889962825545192,1.2835786160013574,-0.8666166030529321,0.9889962825545192,1.2835786160013574,-0.8666166030529321,2.2725748985558765,0.12237967950158712,0.4169620129484253,1.4059582955029444
11670,Normal Traffic,0.8896621270444048,-0.4602534457184644,1.4944283329765993,0.8896621270444048,-0.4602534457184644,1.4944283329765993,0.42940868132594046,2.384090460021004,1.034174887258135,1.9238370143025398
11532,Normal Traffic,-0.9008769133333654,0.7276836434885826,-0.45945058482030177,-0.9008769133333654,0.7276836434885826,-0.45945058482030177,-0.17319326984478278,-1.360327498153667,0.26823305866828084,-0.6326438546650845
11881,Normal Traffic,0.25571951346883437,-0.8390442407636546,2.3472431712687936,0.25571951346883437,-0.8390442407636546,2.3472431712687936,-0.5833247272948202,2.602962684737628,1.5081989305051389,1.7639184439739735
12330,Normal Traffic,1.8670817775189026,-0.44700980924824607,0.8465322962026399,1.8670817775189026,-0.44700980924824607,0.8465322962026399,1.4200719682706566,2.7136140737215424,0.39952248695439385,2.2666042644732967
11172,Normal Traffic,-1.7687330515444895,0.07169247799595034,0.3708830915088306,-1.7687330515444895,0.07169247799595034,0.3708830915088306,-1.6970405735485392,-1.3978499600356589,0.44257556950478094,-1.3261574820397086
12316,Normal Traffic,-0.33329294457822367,0.039481182772907394,1.140261187457689,-0.33329294457822367,0.039481182772907394,1.140261187457689,-0.29381176180531626,0.8069682428794652,1.1797423702305962,0.8464494256523727
9993,Normal Traffic,-0.9664053684247454,0.30040725986501565,0.14249720445400602,-0.9664053684247454,0.30040725986501565,0.14249720445400602,-0.6659981085597297,-0.8239081639707394,0.44290446431902164,-0.5235009041057237
11268,Normal Traffic,-0.7068205169095015,-0.48956641322541933,0.5330786683281528,-0.7068205169095015,-0.48956641322541933,0.5330786683281528,-1.1963869301349208,-0.17374184858134878,0.04351225510273343,-0.663308261806768
14044,Normal Traffic,-1.1872966031171448,1.6674358884148903,-0.8666166030529321,-1.1872966031171448,1.6674358884148903,-0.8666166030529321,0.4801392852977455,-2.053913206170077,0.8008192853619582,-0.38647731775518657
14073,Normal Traffic,-0.3916308616109444,1.5836316159192991,-0.8666166030529321,-0.3916308616109444,1.5836316159192991,-0.8666166030529321,1.1920007543083546,-1.2582474646638766,0.717015012866367,0.3253841512554225
11090,Normal Traffic,1.276729451076196,-0.26867471524640113,-0.8666166030529321,1.276729451076196,-0.26867471524640113,-0.8666166030529321,1.0080547358297949,0.41011284802326387,-1.1352913182993332,0.1414381327768628
12928,Normal Traffic,1.7374367355271976,-0.7786689886565138,-0.8666166030529321,1.7374367355271976,-0.7786689886565138,-0.8666166030529321,0.9587677468706838,0.8708201324742655,-1.6452855917094458,0.09215114381775169
11628,Normal Traffic,0.5777613136750012,-0.8390470405086241,-0.8666166030529321,0.5777613136750012,-0.8390470405086241,-0.8666166030529321,-0.26128572683362294,-0.2888552893779309,-1.7056636435615562,-1.1279023298865551
11105,Normal Traffic,-0.5556696225779179,-0.6188568646958886,2.102458279063476,-0.5556696225779179,-0.6188568646958886,2.102458279063476,-1.1745264872738064,1.546788656485558,1.483601414367587,0.9279317917896694
9671,Normal Traffic,-0.4757958869679591,-0.8390442397533838,0.17011176390595206,-0.4757958869679591,-0.8390442397533838,0.17011176390595206,-1.314840126721343,-0.30568412306200704,-0.6689324758474318,-1.1447283628153908
13413,Normal Traffic,2.170289505477253,-0.6073768974152094,0.07899510638281651,2.170289505477253,-0.6073768974152094,0.07899510638281651,1.5629126080620435,2.2492846118600696,-0.5283817910323929,1.64190771444486
11045,Normal Traffic,1.1400652409651533,-0.4799862751946296,-0.8666166030529321,1.1400652409651533,-0.4799862751946296,-0.8666166030529321,0.6600789657705237,0.2734486379122212,-1.3466028782475616,-0.20653763728240837
11354,Normal Traffic,-1.1945172245861537,-0.5518980510873133,-0.3528197125082995,-1.1945172245861537,-0.5518980510873133,-0.3528197125082995,-1.746415275673467,-1.5473369370944532,-0.9047177635956127,-2.0992349881817667
10740,Normal Traffic,0.8035316706344108,1.405405005530581,1.0885052902874046,0.8035316706344108,1.405405005530581,1.0885052902874046,2.2089366761649916,1.8920369609218155,2.4939102958179857,3.2974419664523964
10667,Normal Traffic,1.5987700554363002,-0.8390470408866398,-0.8666166030529321,1.5987700554363002,-0.8390470408866398,-0.8666166030529321,0.7597230145496604,0.7321534523833682,-1.7056636439395718,-0.10689358850327169
12069,Normal Traffic,-0.7099961553736824,0.05142989120604825,0.25164181168857147,-0.7099961553736824,0.05142989120604825,0.25164181168857147,-0.6585662641676342,-0.45835434368511097,0.3030717028946197,-0.4069244524790627
10819,Normal Traffic,-0.8114000790407683,-0.6237900015837449,-0.4911777756689268,-0.8114000790407683,-0.6237900015837449,-0.4911777756689268,-1.4351900806245133,-1.3025778547096951,-1.1149677772526716,-1.92636785629344
12472,Normal Traffic,0.05694285009905842,-0.6114800606454597,0.3929017213314434,0.05694285009905842,-0.6114800606454597,0.3929017213314434,-0.5545372105464013,0.4498445714305018,-0.21857833931401627,-0.16163548921495785
9996,Normal Traffic,0.14201044214630437,-0.4998088486053341,-0.5354700841861656,0.14201044214630437,-0.4998088486053341,-0.5354700841861656,-0.3577984064590297,-0.3934596420398612,-1.0352789327914997,-0.8932684906451953
14062,Normal Traffic,1.0435120075087905,-0.5654618581264358,-0.21945260210327533,1.0435120075087905,-0.5654618581264358,-0.21945260210327533,0.4780501493823547,0.8240594054055151,-0.7849144602297111,0.25859754727907935
11948,Normal Traffic,1.2385811707534922,-0.8390442397138195,1.4944283329765993,1.2385811707534922,-0.8390442397138195,1.4944283329765993,0.3995369310396727,2.7330095037300914,0.6553840932627798,1.893965264016272
10451,Normal Traffic,-0.858624798928808,1.1927940667620391,-0.336470606646786,-0.858624798928808,1.1927940667620391,-0.336470606646786,0.3341692678332311,-1.195095405575594,0.8563234601152532,-0.0023013388135549318
10868,Normal Traffic,-0.44881578065788214,-0.29168761368212553,-0.8666166030529321,-0.44881578065788214,-0.29168761368212553,-0.8666166030529321,-0.7405033943400077,-1.3154323837108142,-1.1583042167350577,-1.6071199973929398
14004,Normal Traffic,0.440682108236532,-0.7884551292012245,2.541751101646919,0.440682108236532,-0.7884551292012245,2.541751101646919,-0.34777302096469254,2.982433209883451,1.7532959724456945,2.1939780806822267
11117,Normal Traffic,0.42708271257901653,1.083778997501207,2.8254885911396688,0.42708271257901653,1.083778997501207,2.8254885911396688,1.5108617100802237,3.2525713037186854,3.909267588640876,4.336350301219893
9978,Normal Traffic,1.725819448939438,1.02140495933164,0.11247643106828703,1.725819448939438,1.02140495933164,0.11247643106828703,2.7472244082710784,1.8382958800077251,1.1338813903999272,2.8597008393393653
12481,Normal Traffic,1.7124200399289693,-0.839044239357793,-0.8666166030529321,1.7124200399289693,-0.839044239357793,-0.8666166030529321,0.8733758005711763,0.8458034368760372,-1.7056608424107251,0.006759197518244164
9487,Normal Traffic,-0.4239491443170617,0.2999907018706522,2.78473599033367,-0.4239491443170617,0.2999907018706522,2.78473599033367,-0.12395844244640952,2.3607868460166084,3.084726692204322,2.6607775478872604
10774,Normal Traffic,0.39993977562633776,-0.6926420403242006,0.8613685062182043,0.39993977562633776,-0.6926420403242006,0.8613685062182043,-0.29270226469786287,1.261308281844542,0.16872646589400364,0.5686662415203414
9367,Normal Traffic,0.13376748785267964,-0.8390442397533838,-0.8666166030529321,0.13376748785267964,-0.8390442397533838,-0.8666166030529321,-0.7052767519007042,-0.7328491152002524,-1.7056608428063158,-1.5718933549536362
8973,Normal Traffic,0.2372863875554815,-0.4685398007265948,1.427410481012732,0.2372863875554815,-0.4685398007265948,1.427410481012732,-0.23125341317111328,1.6646968685682135,0.9588706802861371,1.1961570678416187
11481,Normal Traffic,-0.963691935714874,0.18697468005224538,1.206819400301423,-0.963691935714874,0.18697468005224538,1.206819400301423,-0.7767172556626286,0.243127464586549,1.3937940803536684,0.43010214463879437
13843,Normal Traffic,-0.3159547265055452,1.3986325942365,-0.8666166030529321,-0.3159547265055452,1.3986325942365,-0.8666166030529321,1.082677867730955,-1.1825713295584772,0.532015991183568,0.2160612646780229
12005,Normal Traffic,0.23366606126376352,-0.5963651588283537,1.974258207182585,0.23366606126376352,-0.5963651588283537,1.974258207182585,-0.3626990975645902,2.2079242684463485,1.377893048354231,1.6115591096179949
10885,Normal Traffic,0.00885881653674578,-0.8390470408866398,1.2431383811019145,0.00885881653674578,-0.8390470408866398,1.2431383811019145,-0.830188224349894,1.2519971976386604,0.4040913402152747,0.4129501567520205
10235,Normal Traffic,-1.3251292434420177,4.8717809570128345,-0.8666166030529321,-1.3251292434420177,4.8717809570128345,-0.8666166030529321,3.546651713570817,-2.1917458464949497,4.005164353959902,2.680035110517885
10420,Normal Traffic,0.1834934570454907,1.052088171153525,-0.7599354820288231,0.1834934570454907,1.052088171153525,-0.7599354820288231,1.2355816281990157,-0.5764420249833324,0.29215268912470194,0.47564614617019263
12785,Normal Traffic,0.3903398553881898,-0.4725157409455454,0.11677454762174463,0.3903398553881898,-0.4725157409455454,0.11677454762174463,-0.08217588555735555,0.5071144030099345,-0.3557411933238007,0.03459866206438908
13864,Normal Traffic,2.110461913741928,-0.5378028544841361,0.06751403808329405,2.110461913741928,-0.5378028544841361,0.06751403808329405,1.5726590592577918,2.1779759518252217,-0.4702888164008421,1.640173097341086
9780,Normal Traffic,-0.9664053684247454,-0.9267013530227907,-0.8666166030529321,-0.9664053684247454,-0.9267013530227907,-0.8666166030529321,-1.8931067214475361,-1.8330219714776774,-1.7933179560757226,-2.7597233245004684
10812,Normal Traffic,0.6743514977270113,-0.5273675153153045,-0.8666166030529321,0.6743514977270113,-0.5273675153153045,-0.8666166030529321,0.14698398241170685,-0.19226510532592078,-1.3939841183682367,-0.7196326206412252
13479,Normal Traffic,0.3814451552545036,-0.49369537790730006,-0.14871340709755537,0.3814451552545036,-0.49369537790730006,-0.14871340709755537,-0.11225022265279644,0.23273174815694825,-0.6424087850048554,-0.2609636297503518
12474,Normal Traffic,0.30059707134313857,-0.49416388056547345,0.3178297632097943,0.30059707134313857,-0.49416388056547345,0.3178297632097943,-0.19356680922233488,0.6184268345529329,-0.17633411735567917,0.1242629539874594
9452,Normal Traffic,0.16829513285265563,-0.8465478143464753,0.366596486335542,0.16829513285265563,-0.8465478143464753,0.366596486335542,-0.6782526814938197,0.5348916191881976,-0.4799513280109333,-0.3116561951582777
12718,Normal Traffic,0.8189104561589784,-0.44568158806015,-0.07403165857220326,0.8189104561589784,-0.44568158806015,-0.07403165857220326,0.3732288680988284,0.7448787975867751,-0.5197132466323533,0.2991972095266251
11247,Normal Traffic,0.7606400934079449,-0.4357418836169333,0.6212330512986851,0.7606400934079449,-0.4357418836169333,0.6212330512986851,0.32489820979101164,1.38187314470663,0.18549116768175183,0.9461312610896968
9382,Normal Traffic,0.4082964342912623,1.4048458390956062,0.7759936281440836,0.4082964342912623,1.4048458390956062,0.7759936281440836,1.8131422733868685,1.1842900624353458,2.18083946723969,2.589135901530952
11340,Normal Traffic,0.08733444392466123,1.3977247370634769,1.4670554876845603,0.08733444392466123,1.3977247370634769,1.4670554876845603,1.4850591809881382,1.5543899316092216,2.864780224748037,2.9521146686726984
9043,Normal Traffic,-0.8543143966169013,-0.10839687752235956,0.1391189919050725,-0.8543143966169013,-0.10839687752235956,0.1391189919050725,-0.9627112741392609,-0.7151954047118289,0.030722114382712926,-0.8235922822341885
10075,Normal Traffic,-0.1970628250057214,1.7723802939176097,-0.8666166030529321,-0.1970628250057214,1.7723802939176097,-0.8666166030529321,1.5753174689118883,-1.0636794280586535,0.9057636908646776,0.7087008658589562
10097,Normal Traffic,1.4390072451026392,0.018528927986440895,-0.8666166030529321,1.4390072451026392,0.018528927986440895,-0.8666166030529321,1.4575361730890801,0.5723906420497071,-0.8480876750664912,0.590919570036148
10922,Normal Traffic,-0.9479043849975801,-0.5664582143653007,-0.8666166030529321,-0.9479043849975801,-0.5664582143653007,-0.8666166030529321,-1.5143625993628809,-1.8145209880505122,-1.4330748174182328,-2.380979202415813
8981,Normal Traffic,1.8545343954649933,-0.4573658272161171,1.1418919960952836,1.8545343954649933,-0.4573658272161171,1.1418919960952836,1.3971685682488761,2.996426391560277,0.6845261688791664,2.53906056434416
1382,Sybil Attack,0.4360668617677685,3.834986681463497,-0.8666166030529321,0.4360668617677685,3.834986681463497,-0.8666166030529321,4.2710535432312655,-0.4305497412851636,2.968370078410565,3.4044369401783334
1469,Sybil Attack,0.8930966185210996,3.834986681463497,-0.8666166030529321,0.8930966185210996,3.834986681463497,-0.8666166030529321,4.728083299984597,0.026480015468167473,2.968370078410565,3.861466696931665
2596,Sybil Attack,1.0610460812110574,5.637316657992144,-0.8666166030529321,1.0610460812110574,5.637316657992144,-0.8666166030529321,6.698362739203201,0.19442947815812528,4.770700054939212,5.831746136150269
87,Sybil Attack,0.9922429726648008,5.574713311291198,-0.8666166030529321,0.9922429726648008,5.574713311291198,-0.8666166030529321,6.566956283955999,0.12562636961186868,4.708096708238266,5.700339680903067
14132,Sybil Attack,-0.08280052154161582,3.834986682870698,-0.8666166030529321,-0.08280052154161582,3.834986682870698,-0.8666166030529321,3.752186161329082,-0.949417124594548,2.968370079817766,2.88556955827615
1622,Sybil Attack,2.170289505477253,3.9668910114739555,-0.8666166030529321,2.170289505477253,3.9668910114739555,-0.8666166030529321,6.137180516951208,1.3036729024243208,3.1002744084210234,5.270563913898275
609,Sybil Attack,1.2428764241562764,4.513122562626439,-0.8666166030529321,1.2428764241562764,4.513122562626439,-0.8666166030529321,5.755998986782715,0.3762598211033443,3.6465059595735068,4.889382383729783
7722,Sybil Attack,-0.1145871111370378,4.492607048630452,1.4944283329765993,-0.1145871111370378,4.492607048630452,1.4944283329765993,4.378019937493415,1.3798412218395615,5.987035381607051,5.872448270470014
22,Sybil Attack,2.170289505477253,4.14385213124943,0.23101700369894465,2.170289505477253,4.14385213124943,0.23101700369894465,6.314141636726683,2.4013065091761976,4.374869134948375,6.545158640425628
2247,Sybil Attack,1.0147648816564583,3.834986681463497,-0.8666166030529321,1.0147648816564583,3.834986681463497,-0.8666166030529321,4.8497515631199555,0.1481482786035262,2.968370078410565,3.9831349600670234
1977,Sybil Attack,2.170289505477253,1.4994642920858219,-0.13162669961074122,2.170289505477253,1.4994642920858219,-0.13162669961074122,3.6697537975630747,2.0386628058665117,1.3678375924750807,3.5381270979523336
2045,Sybil Attack,1.2973518468777077,-0.0623817341943265,-0.8666166030529321,1.2973518468777077,-0.0623817341943265,-0.8666166030529321,1.2349701126833812,0.43073524382477557,-0.9289983372472586,0.3683535096304491
1730,Sybil Attack,1.2384201641727237,5.869690046873053,-0.8666166030529321,1.2384201641727237,5.869690046873053,-0.8666166030529321,7.108110211045777,0.3718035611197916,5.003073443820121,6.241493607992846
2643,Sybil Attack,1.573956416592553,3.2673440014345427,-0.8666166030529321,1.573956416592553,3.2673440014345427,-0.8666166030529321,4.841300418027096,0.7073398135396209,2.4007273983816106,3.974683814974164
1055,Sybil Attack,0.7196504884421703,4.020214929793925,-0.6490919519979791,0.7196504884421703,4.020214929793925,-0.6490919519979791,4.739865418236095,0.07055853644419119,3.3711229777959457,4.090773466238115
313,Sybil Attack,1.3939608429328536,5.743829884101282,-0.8666166030529321,1.3939608429328536,5.743829884101282,-0.8666166030529321,7.137790727034135,0.5273442398799215,4.87721328104835,6.271174123981202
1898,Sybil Attack,1.129857725857953,3.7113286330778164,-0.8666166030529321,1.129857725857953,3.7113286330778164,-0.8666166030529321,4.8411863589357695,0.2632411228050209,2.8447120300248843,3.9745697558828375
1963,Sybil Attack,1.3676640696776876,3.1024098045863546,0.23101700369894465,1.3676640696776876,3.1024098045863546,0.23101700369894465,4.470073874264042,1.5986810733766323,3.3334268082852994,4.7010908779629865
7711,Sybil Attack,1.7712319463007962,3.8349866832662887,1.4944283329765993,1.7712319463007962,3.8349866832662887,1.4944283329765993,5.606218629567085,3.2656602792773954,5.329415016242888,7.100646962543684
2313,Sybil Attack,0.8896621270444048,4.028209350012937,0.20522888441304168,0.8896621270444048,4.028209350012937,0.20522888441304168,4.917871477057342,1.0948910114574466,4.233438234425979,5.123100361470383
1078,Sybil Attack,2.412929554368566,3.834986682870698,-0.8666166030529321,2.412929554368566,3.834986682870698,-0.8666166030529321,6.247916237239264,1.5463129513156337,2.968370079817766,5.381299634186332
7932,Sybil Attack,1.0575097877272017,4.53322906126365,-0.8666166030529321,1.0575097877272017,4.53322906126365,-0.8666166030529321,5.590738848990851,0.19089318467426963,3.6666124582107176,4.724122245937918
1833,Sybil Attack,0.9542898757513313,4.882867036005344,-0.8666166030529321,0.9542898757513313,4.882867036005344,-0.8666166030529321,5.837156911756675,0.0876732726983992,4.016250432952411,4.970540308703743
627,Sybil Attack,0.8896621270444048,5.900418685780061,-0.8666166030529321,0.8896621270444048,5.900418685780061,-0.8666166030529321,6.790080812824466,0.02304552399147275,5.03380208272713,5.923464209771534
1464,Sybil Attack,0.8089188531991867,4.094523851965756,-0.8666166030529321,0.8089188531991867,4.094523851965756,-0.8666166030529321,4.903442705164943,-0.05769774985374543,3.227907248912824,4.036826102112011
1942,Sybil Attack,0.8896621270444048,1.5465486030832203,-0.8666166030529321,0.8896621270444048,1.5465486030832203,-0.8666166030529321,2.436210730127625,0.02304552399147275,0.6799320000302882,1.569594127074693
1648,Sybil Attack,0.8930966185210996,3.8349866828882875,-0.8666166030529321,0.8930966185210996,3.8349866828882875,-0.8666166030529321,4.728083301409387,0.026480015468167473,2.9683700798353554,3.861466698356455
14129,Sybil Attack,0.13338343218886262,4.509564319873517,-0.8666166030529321,0.13338343218886262,4.509564319873517,-0.8666166030529321,4.64294775206238,-0.7332331708640695,3.642947716820585,3.7763311490094478
1034,Sybil Attack,0.878099906346721,4.05302897837686,-0.8666166030529321,0.878099906346721,4.05302897837686,-0.8666166030529321,4.931128884723581,0.011483303293788882,3.1864123753239277,4.064512281670648
8014,Sybil Attack,0.16304345845063842,3.966956020844798,-0.8666166030529321,0.16304345845063842,3.966956020844798,-0.8666166030529321,4.129999479295437,-0.7035731446022937,3.100339417791866,3.263382876242505
840,Sybil Attack,-0.029736144500372267,3.8275275740888186,-0.8666166030529321,-0.029736144500372267,3.8275275740888186,-0.8666166030529321,3.7977914295884463,-0.8963527475533044,2.9609109710358865,2.931174826535514
446,Sybil Attack,1.8589779629827465,3.9550749587393077,0.455347288168534,1.8589779629827465,3.9550749587393077,0.455347288168534,5.8140529217220545,2.3143252511512804,4.410422246907841,6.2694002098905885
7899,Sybil Attack,0.9959442021502476,3.948808626044884,-0.8666166030529321,0.9959442021502476,3.948808626044884,-0.8666166030529321,4.944752828195131,0.1293275990973155,3.082192022991952,4.078136225142199
2311,Sybil Attack,0.09647259642562418,3.8349838817374415,0.13302566346715963,0.09647259642562418,3.8349838817374415,0.13302566346715963,3.931456478163066,0.22949825989278383,3.9680095452046014,4.064482141630226
864,Sybil Attack,-0.30251050190808626,5.64141288503679,0.23101700369894465,-0.30251050190808626,5.64141288503679,0.23101700369894465,5.338902383128704,-0.07149349820914161,5.872429888735735,5.569919386827649
657,Sybil Attack,0.8923755597542764,4.14046796647729,-0.8034320085726683,0.8923755597542764,4.14046796647729,-0.8034320085726683,5.0328435262315665,0.08894355118160813,3.337035957904622,4.229411517658898
662,Sybil Attack,1.4696194648581264,3.8349866828882875,-0.8666166030529321,1.4696194648581264,3.8349866828882875,-0.8666166030529321,5.304606147746414,0.6030028618051944,2.9683700798353554,4.437989544693481
1683,Sybil Attack,1.2734218835681317,4.4988852976180755,-0.8666166030529321,1.2734218835681317,4.4988852976180755,-0.8666166030529321,5.772307181186207,0.4068052805151996,3.6322686945651435,4.9056905781332745
1620,Sybil Attack,0.5623213299983,3.8349866828882875,1.4944283329765993,0.5623213299983,3.8349866828882875,1.4944283329765993,4.397308012886588,2.0567496629748994,5.329415015864887,5.891736345863187
21,Sybil Attack,0.8896621270444048,4.109801079696861,-0.8666166030529321,0.8896621270444048,4.109801079696861,-0.8666166030529321,4.999463206741265,0.02304552399147275,3.2431844766439286,4.132846603688334
7887,Sybil Attack,0.8918254853247595,-0.6643222376468073,-0.8666166030529321,0.8918254853247595,-0.6643222376468073,-0.8666166030529321,0.22750324767795216,0.025208882271827382,-1.5309388406997395,-0.6391133553749799
7758,Sybil Attack,0.716357348787024,1.4058030563306667,-0.8666166030529321,0.716357348787024,1.4058030563306667,-0.8666166030529321,2.1221604051176906,-0.15025925426590814,0.5391864532777346,1.2555438020647585
7931,Sybil Attack,0.9643016688325811,-0.11459175460586717,1.4944283329765993,0.9643016688325811,-0.11459175460586717,1.4944283329765993,0.8497099142267139,2.4587300018091804,1.379836578370732,2.344138247203313
2606,Sybil Attack,1.1674490544435974,3.834986682870698,-0.8666166030529321,1.1674490544435974,3.834986682870698,-0.8666166030529321,5.002435737314295,0.3008324513906653,2.968370079817766,4.135819134261363
643,Sybil Attack,0.3743437516328383,3.9981721452991033,-0.8666166030529321,0.3743437516328383,3.9981721452991033,-0.8666166030529321,4.372515896931942,-0.4922728514200938,3.131555542246171,3.50589929387901
473,Sybil Attack,1.205786365245398,5.756191130471871,-0.8666166030529321,1.205786365245398,5.756191130471871,-0.8666166030529321,6.961977495717269,0.33916976219246586,4.889574527418938,6.095360892664337
167,Sybil Attack,1.3229087255258982,5.734466441694596,-0.8666166030529321,1.3229087255258982,5.734466441694596,-0.8666166030529321,7.057375167220494,0.45629212247296613,4.867849838641664,6.190758564167561
7752,Sybil Attack,1.435194022424288,4.005035450874631,-0.454773184752278,1.435194022424288,4.005035450874631,-0.454773184752278,5.44022947329892,0.98042083767201,3.5502622661223535,4.985456288546642
7790,Sybil Attack,1.1698684352721693,0.725879703539732,-0.8666166030529321,1.1698684352721693,0.725879703539732,-0.8666166030529321,1.8957481388119013,0.30325183221923724,-0.14073689951320012,1.0291315357589692
703,Sybil Attack,1.72505123238607,3.8349838817198525,-0.8666166030529321,1.72505123238607,3.8349838817198525,-0.8666166030529321,5.560035114105922,0.858434629333138,2.9683672786669204,4.69341851105299
7994,Sybil Attack,0.008945924727530202,3.7473295696012916,-0.8666166030529321,0.008945924727530202,3.7473295696012916,-0.8666166030529321,3.756275494328822,-0.8576706783254019,2.8807129665483595,2.88965889127589
16245,Sybil Attack,0.08733444392466123,3.834986682870698,1.4944283329765993,0.08733444392466123,3.834986682870698,1.4944283329765993,3.9223211267953593,1.5817627769012605,5.329415015847298,5.4167494597719585
1351,Sybil Attack,0.9381703378516479,5.757159731012765,-0.8666166030529321,0.9381703378516479,5.757159731012765,-0.8666166030529321,6.695330068864413,0.07155373479871585,4.890543127959832,5.8287134658114805
811,Sybil Attack,2.170289505477253,4.0072844746696745,-0.8666166030529321,2.170289505477253,4.0072844746696745,-0.8666166030529321,6.177573980146928,1.3036729024243208,3.1406678716167424,5.310957377093995
2755,Sybil Attack,2.1737239969539477,4.069837431942364,-0.6839243311677073,2.1737239969539477,4.069837431942364,-0.6839243311677073,6.243561428896312,1.4897996657862405,3.385913100774657,5.559637097728604
7984,Sybil Attack,0.3743437516328383,3.934409545645102,-0.7446074866383472,0.3743437516328383,3.934409545645102,-0.7446074866383472,4.30875329727794,-0.3702637350055089,3.189802059006755,3.564145810639593
2564,Sybil Attack,0.8923755597542764,4.100490995422777,-0.8666166030529321,0.8923755597542764,4.100490995422777,-0.8666166030529321,4.992866555177053,0.025758956701344315,3.2338743923698448,4.126249952124121
1280,Sybil Attack,-0.09124567040917052,3.9424279556975486,-0.8666166030529321,-0.09124567040917052,3.9424279556975486,-0.8666166030529321,3.851182285288378,-0.9578622734621026,3.0758113526446165,2.984565682235446
1323,Sybil Attack,0.8896621270444048,3.9980163778142725,-0.8666166030529321,0.8896621270444048,3.9980163778142725,-0.8666166030529321,4.887678504858678,0.02304552399147275,3.1313997747613405,4.021061901805746
865,Sybil Attack,1.4323273710543258,4.338029624898336,-0.8666166030529321,1.4323273710543258,4.338029624898336,-0.8666166030529321,5.770356995952662,0.5657107680013937,3.4714130218454042,4.90374039289973
2008,Sybil Attack,1.2323750837341005,1.6970279929998673,0.2024465701430367,1.2323750837341005,1.6970279929998673,0.2024465701430367,2.929403076733968,1.4348216538771372,1.899474563142904,3.1318496468770047
1632,Sybil Attack,0.8896621270444048,3.8349838831446945,-0.8666166030529321,0.8896621270444048,3.8349838831446945,-0.8666166030529321,4.724646010189099,0.02304552399147275,2.9683672800917624,3.858029407136167
796,Sybil Attack,1.5731853698145666,4.485206047412325,-0.8666166030529321,1.5731853698145666,4.485206047412325,-0.8666166030529321,6.058391417226892,0.7065687667616345,3.6185894443593933,5.191774814173959
1704,Sybil Attack,0.048741279270103875,2.5312997628766007,-0.8666166030529321,0.048741279270103875,2.5312997628766007,-0.8666166030529321,2.580041042146705,-0.8178753237828282,1.6646831598236687,1.7134244390937727
1250,Sybil Attack,0.8896621270444048,3.8274831082776064,-0.8666166030529321,0.8896621270444048,3.8274831082776064,-0.8666166030529321,4.717145235322011,0.02304552399147275,2.9608665052246743,3.850528632269079
7617,Sybil Attack,1.205786365245398,4.013632415730945,1.4944283329765993,1.205786365245398,4.013632415730945,1.4944283329765993,5.219418780976343,2.7002146982219974,5.508060748707544,6.7138471139529425
879,Sybil Attack,0.7667465483971531,4.298078706806299,0.23101700369894465,0.7667465483971531,4.298078706806299,0.23101700369894465,5.064825255203452,0.9977635520960977,4.529095710505244,5.295842258902397
1298,Sybil Attack,2.182410878974352,5.917269516920217,-0.8666166030529321,2.182410878974352,5.917269516920217,-0.8666166030529321,8.09968039589457,1.3157942759214198,5.050652913867285,7.233063792841637
108,Sybil Attack,2.2026052828952154,3.9980163778142725,-0.7739467073221088,2.2026052828952154,3.9980163778142725,-0.7739467073221088,6.200621660709488,1.4286585755731065,3.2240696704921636,5.426674953387379
14160,Sybil Attack,1.8506732114599111,4.942907513288837,-0.8666166030529321,1.8506732114599111,4.942907513288837,-0.8666166030529321,6.7935807247487485,0.9840566084069791,4.076290910235905,5.926964121695816
243,Sybil Attack,2.1730029381871243,4.157427326019417,-0.8666166030529321,2.1730029381871243,4.157427326019417,-0.8666166030529321,6.330430264206541,1.3063863351341922,3.290810722966485,5.463813661153608
7810,Sybil Attack,1.2262740826623069,3.986110509612754,-0.8666166030529321,1.2262740826623069,3.986110509612754,-0.8666166030529321,5.212384592275061,0.3596574796093748,3.1194939065598217,4.345767989222129
478,Sybil Attack,1.3943716563099213,4.048108811797834,-0.8666166030529321,1.3943716563099213,4.048108811797834,-0.8666166030529321,5.442480468107756,0.5277550532569892,3.1814922087449022,4.575863865054824
1457,Sybil Attack,2.170289505477253,5.753682750363995,-0.8666166030529321,2.170289505477253,5.753682750363995,-0.8666166030529321,7.923972255841248,1.3036729024243208,4.887066147311064,7.057355652788315
895,Sybil Attack,1.2973518468777077,4.11996475045445,-0.8666166030529321,1.2973518468777077,4.11996475045445,-0.8666166030529321,5.4173165973321575,0.43073524382477557,3.253348147401518,4.550699994279226
988,Sybil Attack,1.435194022424288,3.8349866833108552,-0.8666166030529321,1.435194022424288,3.8349866833108552,-0.8666166030529321,5.270180705735143,0.568577419371356,2.968370080257923,4.4035641026822105
8059,Sybil Attack,2.2720917395384075,3.834986681481085,0.013928522823770426,2.2720917395384075,3.834986681481085,0.013928522823770426,6.107078421019493,2.286020262362178,3.8489152043048556,6.121006943843263
252,Sybil Attack,1.840737632951515,4.162652504996242,-0.8666166030529321,1.840737632951515,4.162652504996242,-0.8666166030529321,6.003390137947757,0.974121029898583,3.2960359019433096,5.136773534894825
1282,Sybil Attack,0.879030275419933,3.966376206275723,-0.8666166030529321,0.879030275419933,3.966376206275723,-0.8666166030529321,4.845406481695656,0.01241367236700086,3.099759603222791,3.9787898786427243
1234,Sybil Attack,2.0400434103274647,4.32741748205745,0.23101700369894465,2.0400434103274647,4.32741748205745,0.23101700369894465,6.367460892384914,2.2710604140264095,4.558434485756394,6.598477896083859
14187,Sybil Attack,0.7197842879834939,5.865951870346399,0.2319138095905077,0.7197842879834939,5.865951870346399,0.2319138095905077,6.585736158329893,0.9516980975740016,6.097865679936907,6.817649967920401
1300,Sybil Attack,0.9406957136203086,3.8349838831446945,-0.7662233814048183,0.9406957136203086,3.8349838831446945,-0.7662233814048183,4.775679596765003,0.1744723322154903,3.0687605017398765,4.009456215360185
8095,Sybil Attack,1.2978278615346417,3.834986682870698,-0.1565327764803167,1.2978278615346417,3.834986682870698,-0.1565327764803167,5.13281454440534,1.141295085054325,3.678453906390381,4.976281767925023
1110,Sybil Attack,1.069609664773888,3.834986682870698,-0.8034320085726683,1.069609664773888,3.834986682870698,-0.8034320085726683,4.904596347644586,0.2661776562012197,3.0315546742980297,4.101164339071918
1773,Sybil Attack,2.170289505477253,4.122135455577322,-0.8666166030529321,2.170289505477253,4.122135455577322,-0.8666166030529321,6.292424961054575,1.3036729024243208,3.2555188525243897,5.4258083580016425
14182,Sybil Attack,-0.7182298937492171,4.072570145095447,-0.8666166030529321,-0.7182298937492171,4.072570145095447,-0.8666166030529321,3.3543402513462297,-1.5848464968021492,3.2059535420425145,2.4877236482932976
1484,Sybil Attack,1.1674490544435974,3.8274831082776064,-0.8666166030529321,1.1674490544435974,3.8274831082776064,-0.8666166030529321,4.994932162721204,0.3008324513906653,2.9608665052246743,4.1283155596682715
7689,Sybil Attack,1.3328765607862743,3.834986682870698,1.4944283329765993,1.3328765607862743,3.834986682870698,1.4944283329765993,5.1678632436569725,2.8273048937628733,5.329415015847298,6.662291576633572
976,Sybil Attack,1.5421449163087342,4.338029624898336,-0.8666166030529321,1.5421449163087342,4.338029624898336,-0.8666166030529321,5.8801745412070705,0.6755283132558021,3.4714130218454042,5.013557938154138
1835,Sybil Attack,1.4853687163456362,5.635429493302763,-0.8666166030529321,1.4853687163456362,5.635429493302763,-0.8666166030529321,7.1207982096484,0.6187521132927041,4.768812890249832,6.254181606595468
1579,Sybil Attack,2.1730029381871243,3.9353490126706383,0.26294610886916686,2.1730029381871243,3.9353490126706383,0.26294610886916686,6.108351950857763,2.4359490470562912,4.198295121539805,6.3712980597269295
1363,Sybil Attack,-0.03774574943770164,3.8349838817198525,-0.8666166030529321,-0.03774574943770164,3.8349838817198525,-0.8666166030529321,3.7972381322821507,-0.9043623524906337,2.9683672786669204,2.9306215292292186
409,Sybil Attack,1.4380184966593208,4.343764496843634,-0.8666166030529321,1.4380184966593208,4.343764496843634,-0.8666166030529321,5.781782993502954,0.5714018936063887,3.477147893790702,4.915166390450022
710,Sybil Attack,2.237512650723654,5.7277092641267675,-0.8666166030529321,2.237512650723654,5.7277092641267675,-0.8666166030529321,7.965221914850421,1.3708960476707217,4.861092661073835,7.098605311797488
1466,Sybil Attack,0.8896621270444048,4.094523851965756,-0.8666166030529321,0.8896621270444048,4.094523851965756,-0.8666166030529321,4.984185979010161,0.02304552399147275,3.227907248912824,4.117569375957229
7836,Sybil Attack,1.3706374465663742,-0.8390442411605853,-0.8666166030529321,1.3706374465663742,-0.8390442411605853,-0.8666166030529321,0.5315932054057889,0.5040208435134421,-1.7056608442135173,-0.3350233976471432
2552,Sybil Attack,2.210234881901214,3.8349838817374415,0.13612580216176476,2.210234881901214,3.8349838817374415,0.13612580216176476,6.045218763638656,2.346360684062979,3.9711096838992064,6.18134456580042
7593,Sybil Attack,1.525755210732962,5.6312439394108464,1.4944283329765993,1.525755210732962,5.6312439394108464,1.4944283329765993,7.156999150143808,3.020183543709561,7.125672272387446,8.651427483120408
2002,Sybil Attack,1.5585014748068695,-0.8390442411605853,-0.8356238921052215,1.5585014748068695,-0.8390442411605853,-0.8356238921052215,0.7194572336462842,0.722877582701648,-1.6746681332658069,-0.11616665845893726
1322,Sybil Attack,0.09143788788678674,3.938213531477595,-0.8666166030529321,0.09143788788678674,3.938213531477595,-0.8666166030529321,4.029651419364382,-0.7751787151661453,3.071596928424663,3.1630348163114497
2560,Sybil Attack,1.6828214709957385,3.8275275740888186,-0.8666166030529321,1.6828214709957385,3.8275275740888186,-0.8666166030529321,5.510349045084557,0.8162048679428064,2.9609109710358865,4.6437324420316255
2353,Sybil Attack,1.065828284055895,4.136896765694268,-0.8666166030529321,1.065828284055895,4.136896765694268,-0.8666166030529321,5.202725049750163,0.19921168100296294,3.270280162641336,4.3361084466972315
16328,Sybil Attack,1.1674490544435974,4.338029624898336,-0.8666166030529321,1.1674490544435974,4.338029624898336,-0.8666166030529321,5.505478679341934,0.3008324513906653,3.4714130218454042,4.638862076289001
2068,Sybil Attack,-0.0788179797633656,4.881582249910939,-0.8666166030529321,-0.0788179797633656,4.881582249910939,-0.8666166030529321,4.8027642701475735,-0.9454345828162977,4.014965646858007,3.9361476670946414
1595,Sybil Attack,1.5613846556383462,3.9980163778142725,-0.8666166030529321,1.5613846556383462,3.9980163778142725,-0.8666166030529321,5.559401033452619,0.6947680525854141,3.1313997747613405,4.692784430399687
1737,Sybil Attack,2.170289505477253,4.165614657179513,-0.8666166030529321,2.170289505477253,4.165614657179513,-0.8666166030529321,6.335904162656766,1.3036729024243208,3.298998054126581,5.469287559603833
2437,Sybil Attack,0.36109054037075955,3.8349866828882875,-0.8666166030529321,0.36109054037075955,3.8349866828882875,-0.8666166030529321,4.196077223259047,-0.5055260626821725,2.9683700798353554,3.3294606202061146
2122,Sybil Attack,0.36143572974390764,5.623375281479148,-0.8666166030529321,0.36143572974390764,5.623375281479148,-0.8666166030529321,5.984811011223055,-0.5051808733090244,4.756758678426216,5.1181944081701225
8003,Sybil Attack,1.3706374465663742,3.834986682870698,-0.8666166030529321,1.3706374465663742,3.834986682870698,-0.8666166030529321,5.205624129437072,0.5040208435134421,2.968370079817766,4.33900752638414
235,Sybil Attack,0.15664553295099137,4.000798983182016,-0.8666166030529321,0.15664553295099137,4.000798983182016,-0.8666166030529321,4.157444516133007,-0.7099710701019407,3.1341823801290842,3.2908279130800753
16289,Sybil Attack,0.8923755597542764,4.616978054445659,-0.8666166030529321,0.8923755597542764,4.616978054445659,-0.8666166030529321,5.509353614199935,0.025758956701344315,3.750361451392727,4.642737011147004
2459,Sybil Attack,1.913405962902887,4.309847265119061,-0.8034320085726683,1.913405962902887,4.309847265119061,-0.8034320085726683,6.223253228021949,1.1099739543302187,3.506415256546393,5.419821219449281
551,Sybil Attack,1.5627161654134476,3.834986681463497,-0.8666166030529321,1.5627161654134476,3.834986681463497,-0.8666166030529321,5.397702846876944,0.6960995623605155,2.968370078410565,4.531086243824012
951,Sybil Attack,0.8896621270444048,5.637955130998493,-0.8666166030529321,0.8896621270444048,5.637955130998493,-0.8666166030529321,6.5276172580428975,0.02304552399147275,4.771338527945561,5.661000654989966
2390,Sybil Attack,0.879030275419933,4.027263111218563,-0.8666166030529321,0.879030275419933,4.027263111218563,-0.8666166030529321,4.906293386638496,0.01241367236700086,3.1606465081656308,4.0396767835855645
2010,Sybil Attack,1.8589779629827465,0.06073498761993743,1.4944283329765993,1.8589779629827465,0.06073498761993743,1.4944283329765993,1.919712950602684,3.3534062959593456,1.5551633205965367,3.4141412835792835
460,Sybil Attack,1.5630777318854878,3.834983882115458,-0.8666166030529321,1.5630777318854878,3.834983882115458,-0.8666166030529321,5.398061614000945,0.6964611288325557,2.9683672790625257,4.531445010948014
16232,Sybil Attack,1.5436941483193123,4.876102882394943,1.4944283329765993,1.5436941483193123,4.876102882394943,1.4944283329765993,6.419797030714255,3.0381224812959116,6.3705312153715425,7.914225363690854
1573,Sybil Attack,0.8896621270444048,4.17856143790395,-0.8666166030529321,0.8896621270444048,4.17856143790395,-0.8666166030529321,5.0682235649483545,0.02304552399147275,3.3119448348510176,4.201606961895422
1431,Sybil Attack,1.8202777398311254,4.876102882394943,1.4944283329765993,1.8202777398311254,4.876102882394943,1.4944283329765993,6.6963806222260684,3.3147060728077244,6.3705312153715425,8.190808955202668
2822,Sybil Attack,1.4809506818913907,4.0109217869691705,-0.8666166030529321,1.4809506818913907,4.0109217869691705,-0.8666166030529321,5.491872468860561,0.6143340788384586,3.1443051839162384,4.625255865807629
14173,Sybil Attack,0.5623213299983,4.000798983182016,0.23101700369894465,0.5623213299983,4.000798983182016,0.23101700369894465,4.563120313180316,0.7933383336972446,4.231815986880961,4.794137316879261
868,Sybil Attack,2.170289505477253,3.834986681481085,-0.8666166030529321,2.170289505477253,3.834986681481085,-0.8666166030529321,6.005276186958338,1.3036729024243208,2.968370078428153,5.138659583905406
1416,Sybil Attack,0.8896621270444048,3.966956020844798,0.27852480056419715,0.8896621270444048,3.966956020844798,0.27852480056419715,4.856618147889203,1.1681869276086019,4.245480821408995,5.1351429484534
2842,Sybil Attack,1.5448072978990108,3.9981721452991033,-0.8666166030529321,1.5448072978990108,3.9981721452991033,-0.8666166030529321,5.542979443198114,0.6781906948460787,3.131555542246171,4.676362840145181
2597,Sybil Attack,1.7165635194683733,3.834986682870698,-0.8666166030529321,1.7165635194683733,3.834986682870698,-0.8666166030529321,5.5515502023390715,0.8499469164154412,2.968370079817766,4.68493359928614
2196,Sybil Attack,1.8783249042968357,5.9212456937550195,1.4944283329765993,1.8783249042968357,5.9212456937550195,1.4944283329765993,7.799570598051855,3.372753237273435,7.415674026731619,9.293998931028455
16258,Sybil Attack,1.9571159273548984,3.834986682870698,1.4944283329765993,1.9571159273548984,3.834986682870698,1.4944283329765993,5.792102610225596,3.451544260331498,5.329415015847298,7.286530943202195
2449,Sybil Attack,1.3943716563099213,5.753006764395634,-0.8666166030529321,1.3943716563099213,5.753006764395634,-0.8666166030529321,7.1473784207055555,0.5277550532569892,4.886390161342701,6.280761817652623
441,Sybil Attack,2.170289505477253,5.7277092641267675,-0.8666166030529321,2.170289505477253,5.7277092641267675,-0.8666166030529321,7.897998769604021,1.3036729024243208,4.861092661073835,7.031382166551088
2464,Sybil Attack,2.170289505477253,4.17265607983168,-0.8666166030529321,2.170289505477253,4.17265607983168,-0.8666166030529321,6.342945585308932,1.3036729024243208,3.3060394767787478,5.476328982256
14163,Sybil Attack,-0.7086381217165092,4.1573674554237385,-0.8666166030529321,-0.7086381217165092,4.1573674554237385,-0.8666166030529321,3.448729333707229,-1.5752547247694413,3.2907508523708064,2.582112730654297
1518,Sybil Attack,1.9017522659926414,4.328457424868618,-0.8666166030529321,1.9017522659926414,4.328457424868618,-0.8666166030529321,6.230209690861259,1.0351356629397093,3.4618408218156858,5.3635930878083276
2610,Sybil Attack,0.9922429726648008,3.8349838831446945,1.4944283329765993,0.9922429726648008,3.8349838831446945,1.4944283329765993,4.827226855809496,2.4866713056414,5.329412216121294,6.321655188786095
1010,Sybil Attack,1.2142248343326592,4.094523851965756,-0.8666166030529321,1.2142248343326592,4.094523851965756,-0.8666166030529321,5.308748686298415,0.34760823127972706,3.227907248912824,4.4421320832454825
99,Sybil Attack,0.8923755597542764,3.834986681463497,0.13612580216176476,0.8923755597542764,3.834986681463497,0.13612580216176476,4.727362241217773,1.0285013619160412,3.971112483625262,4.8634880433795376
430,Sybil Attack,-0.5112114154508521,5.752933064901918,0.23261403916580292,-0.5112114154508521,5.752933064901918,0.23261403916580292,5.241721649451066,-0.2785973762850492,5.985547104067721,5.474335688616869
568,Sybil Attack,2.1730029381871243,5.616032539412197,-0.8666166030529321,2.1730029381871243,5.616032539412197,-0.8666166030529321,7.789035477599322,1.3063863351341922,4.749415936359265,6.9224188745463895
266,Sybil Attack,1.458944340171218,4.0573706734159565,-0.8666166030529321,1.458944340171218,4.0573706734159565,-0.8666166030529321,5.516315013587175,0.592327737118286,3.1907540703630244,4.649698410534242
842,Sybil Attack,0.8930966185210996,3.8349838831446945,-0.8666166030529321,0.8930966185210996,3.8349838831446945,-0.8666166030529321,4.728080501665794,0.026480015468167473,2.9683672800917624,3.8614638986128615
2343,Sybil Attack,0.8412265675259119,4.063827004197652,-0.8666166030529321,0.8412265675259119,4.063827004197652,-0.8666166030529321,4.905053571723563,-0.025390035527020238,3.1972104011447198,4.038436968670631
2295,Sybil Attack,1.3031488213577886,2.435782649094127,-0.8666166030529321,1.3031488213577886,2.435782649094127,-0.8666166030529321,3.7389314704519157,0.43653221830485656,1.569166046041195,2.8723148673989836
14186,Sybil Attack,0.9016732820034435,3.969289964988038,-0.8034320085726683,0.9016732820034435,3.969289964988038,-0.8034320085726683,4.870963246991482,0.09824127343077527,3.16585795641537,4.067531238418814
1440,Sybil Attack,0.8896621270444048,4.49807095808034,-0.8666166030529321,0.8896621270444048,4.49807095808034,-0.8666166030529321,5.3877330851247445,0.02304552399147275,3.6314543550274077,4.521116482071813
2769,Sybil Attack,1.4473180882897427,4.149383533460754,-0.8666166030529321,1.4473180882897427,4.149383533460754,-0.8666166030529321,5.596701621750497,0.5807014852368106,3.282766930407822,4.730085018697565
1194,Sybil Attack,0.8930966185210996,4.116261776199447,-0.8034320085726683,0.8930966185210996,4.116261776199447,-0.8034320085726683,5.009358394720547,0.08966460994843128,3.3128297676267784,4.205926386147878
786,Sybil Attack,1.525613051033631,3.8349838831446945,-0.8666166030529321,1.525613051033631,3.8349838831446945,-0.8666166030529321,5.360596934178325,0.6589964479806989,2.9683672800917624,4.4939803311253925
2278,Sybil Attack,1.6629796050697092,2.3864262323502143,-0.8666166030529321,1.6629796050697092,2.3864262323502143,-0.8666166030529321,4.049405837419924,0.7963630020167771,1.5198096292972822,3.1827892343669917
7831,Sybil Attack,0.048235073993520755,-0.6068212435385751,-0.8666166030529321,0.048235073993520755,-0.6068212435385751,-0.8666166030529321,-0.5585861695450544,-0.8183815290594113,-1.4734378465915072,-1.4252027725979866
882,Sybil Attack,1.3063652559881647,5.6340437091488145,-0.8666166030529321,1.3063652559881647,5.6340437091488145,-0.8666166030529321,6.940408965136979,0.4397486529352326,4.767427106095882,6.073792362084047
1571,Sybil Attack,0.8896621270444048,4.5467857676642875,-0.8666166030529321,0.8896621270444048,4.5467857676642875,-0.8666166030529321,5.436447894708692,0.02304552399147275,3.6801691646113555,4.56983129165576
198,Sybil Attack,-0.35564235811019956,4.838291420518787,-0.8666166030529321,-0.35564235811019956,4.838291420518787,-0.8666166030529321,4.482649062408587,-1.2222589611631316,3.9716748174658547,3.616032459355655
1045,Sybil Attack,0.34188821529060176,3.834986682870698,-0.6543402108639532,0.34188821529060176,3.834986682870698,-0.6543402108639532,4.1768748981613,-0.31245199557335146,3.1806464720067447,3.5225346872973464
2109,Sybil Attack,0.8896621270444048,3.7186515284221744,-0.8666166030529321,0.8896621270444048,3.7186515284221744,-0.8666166030529321,4.60831365546658,0.02304552399147275,2.8520349253692423,3.7416970524136475
14124,Sybil Attack,-0.15678040291795178,5.869690046873053,-0.8666166030529321,-0.15678040291795178,5.869690046873053,-0.8666166030529321,5.7129096439551015,-1.023397005970884,5.003073443820121,4.84629304090217
7920,Sybil Attack,0.8911910126465746,0.04957836248101254,-0.7779437281129749,0.8911910126465746,0.04957836248101254,-0.7779437281129749,0.9407693751275872,0.11324728453359978,-0.7283653656319623,0.16282564701461233
395,Sybil Attack,1.1674490544435974,4.047281951193697,-0.8666166030529321,1.1674490544435974,4.047281951193697,-0.8666166030529321,5.214731005637295,0.3008324513906653,3.180665348140765,4.348114402584363
7604,Sybil Attack,1.2298515415936533,4.328457424868618,1.4944283329765993,1.2298515415936533,4.328457424868618,1.4944283329765993,5.558308966462271,2.724279874570253,5.822885757845217,7.052737299438871
7856,Sybil Attack,1.2281659231290367,3.942249862625517,-0.6099143828058815,1.2281659231290367,3.942249862625517,-0.6099143828058815,5.170415785754554,0.6182515403231552,3.3323354798196356,4.560501402948672
2765,Sybil Attack,0.846492137760737,4.141533107663016,-0.8666166030529321,0.846492137760737,4.141533107663016,-0.8666166030529321,4.988025245423753,-0.020124465292195137,3.274916504610084,4.12140864237082
1483,Sybil Attack,0.36143572974390764,3.834986681481085,-0.8666166030529321,0.36143572974390764,3.834986681481085,-0.8666166030529321,4.196422411224993,-0.5051808733090244,2.968370078428153,3.3298058081720607
16292,Sybil Attack,0.026635487387060938,3.9981721452991033,-0.8666166030529321,0.026635487387060938,3.9981721452991033,-0.8666166030529321,4.024807632686164,-0.8399811156658712,3.131555542246171,3.158191029633232
2297,Sybil Attack,0.8896621270444048,0.6986448762838857,-0.8666166030529321,0.8896621270444048,0.6986448762838857,-0.8666166030529321,1.5883070033282904,0.02304552399147275,-0.16797172676904637,0.7216904002753584
8035,Sybil Attack,0.31799501922117224,4.096794056448786,0.3276462735071812,0.31799501922117224,4.096794056448786,0.3276462735071812,4.414789075669958,0.6456412927283535,4.424440329955967,4.742435349177139
7794,Sybil Attack,2.170289505477253,1.8059295841490521,-0.8666166030529321,2.170289505477253,1.8059295841490521,-0.8666166030529321,3.976219089626305,1.3036729024243208,0.93931298109612,3.109602486573373
33,Sybil Attack,0.8896621270444048,4.498908978834657,-0.8666166030529321,0.8896621270444048,4.498908978834657,-0.8666166030529321,5.388571105879062,0.02304552399147275,3.632292375781725,4.52195450282613
2376,Sybil Attack,2.0254936383727378,4.818572487869734,-0.8666166030529321,2.0254936383727378,4.818572487869734,-0.8666166030529321,6.844066126242471,1.1588770353198057,3.9519558848168015,5.97744952318954
2058,Sybil Attack,1.4521712473783759,3.8349866832662887,-0.8034320085726683,1.4521712473783759,3.8349866832662887,-0.8034320085726683,5.287157930644664,0.6487392388057076,3.0315546746936204,4.483725922071995
2586,Sybil Attack,2.081542271515901,4.342030712759827,-0.8666166030529321,2.081542271515901,4.342030712759827,-0.8666166030529321,6.4235729842757285,1.214925668462969,3.4754141097068953,5.556956381222797
7612,Sybil Attack,0.7667465483971531,4.109018431281431,1.4944283329765993,0.7667465483971531,4.109018431281431,1.4944283329765993,4.875764979678584,2.261174881373752,5.60344676425803,6.370193312655183
1287,Sybil Attack,2.170289505477253,3.834986681463497,-0.8666166030529321,2.170289505477253,3.834986681463497,-0.8666166030529321,6.005276186940749,1.3036729024243208,2.968370078410565,5.138659583887817
534,Sybil Attack,1.2928196506288459,3.834986681463497,-0.8666166030529321,1.2928196506288459,3.834986681463497,-0.8666166030529321,5.127806332092343,0.42620304757591376,2.968370078410565,4.26118972903941
1492,Sybil Attack,-0.2625524862295831,3.834986682870698,-0.8034320085726683,-0.2625524862295831,3.834986682870698,-0.8034320085726683,3.572434196641115,-1.0659844948022514,3.0315546742980297,2.7690021880684466
1726,Sybil Attack,0.13326448049982648,2.001079019397505,-0.8666166030529321,0.13326448049982648,2.001079019397505,-0.8666166030529321,2.134343499897332,-0.7333521225531057,1.1344624163445731,1.2677268968443998
1334,Sybil Attack,0.9144029182715181,5.616032539412197,-0.8666166030529321,0.9144029182715181,5.616032539412197,-0.8666166030529321,6.530435457683716,0.047786315218586006,4.749415936359265,5.663818854630783
1788,Sybil Attack,0.36586902161726575,3.747327917168396,-0.8034320085726683,0.36586902161726575,3.747327917168396,-0.8034320085726683,4.113196938785662,-0.4375629869554025,2.943895908595728,3.3097649302129937
1232,Sybil Attack,2.1730029381871243,3.834986681463497,0.23101700369894465,2.1730029381871243,3.834986681463497,0.23101700369894465,6.007989619650621,2.404019941886069,4.066003685162442,6.239006623349566
1662,Sybil Attack,0.921335324783206,4.157391146832723,-0.8666166030529321,0.921335324783206,4.157391146832723,-0.8666166030529321,5.078726471615929,0.05471872173027392,3.2907745437797913,4.212109868562997
16260,Sybil Attack,0.08605634671072046,3.8274831082776064,1.4944283329765993,0.08605634671072046,3.8274831082776064,1.4944283329765993,3.9135394549883267,1.5804846796873198,5.321911441254206,5.407967787964926
2421,Sybil Attack,0.18484056550356603,3.3747860551114983,-0.8666166030529321,0.18484056550356603,3.3747860551114983,-0.8666166030529321,3.5596266206150644,-0.681776037549366,2.5081694520585662,2.6930100175621323
7733,Sybil Attack,1.525613051033631,4.157391146832723,1.4944283329765993,1.525613051033631,4.157391146832723,1.4944283329765993,5.683004197866355,3.0200413840102303,5.651819479809323,7.177432530842954
7729,Sybil Attack,1.5567942107860269,5.747419633060842,1.4944283329765993,1.5567942107860269,5.747419633060842,1.4944283329765993,7.304213843846869,3.051222543762626,7.241847966037441,8.798642176823467
1316,Sybil Attack,2.1405021079443074,3.7473295696012916,-0.8666166030529321,2.1405021079443074,3.7473295696012916,-0.8666166030529321,5.8878316775455986,1.2738855048913753,2.8807129665483595,5.021215074492666
1072,Sybil Attack,-0.21881854536734657,3.834986682870698,-0.8666166030529321,-0.21881854536734657,3.834986682870698,-0.8666166030529321,3.6161681375033514,-1.0854351484202787,2.968370079817766,2.7495515344504193
1831,Sybil Attack,1.0731842677591372,4.058299707829632,0.23101700369894465,1.0731842677591372,4.058299707829632,0.23101700369894465,5.131483975588769,1.304201271458082,4.289316711528577,5.362500979287714
2442,Sybil Attack,0.8896621270444048,4.1114089028977805,-0.8666166030529321,0.8896621270444048,4.1114089028977805,-0.8666166030529321,5.001071029942185,0.02304552399147275,3.2447922998448484,4.134454426889253
2147,Sybil Attack,1.432085619681396,5.748992331222439,0.13774238667541325,1.432085619681396,5.748992331222439,0.13774238667541325,7.181077950903835,1.5698280063568093,5.886734717897852,7.318820337579248
7717,Sybil Attack,1.302979201736813,4.32741748205745,1.4944283329765993,1.302979201736813,4.32741748205745,1.4944283329765993,5.630396683794262,2.797407534713412,5.821845815034049,7.1248250167708616
496,Sybil Attack,0.7196504884421703,5.917269516920217,-0.8666166030529321,0.7196504884421703,5.917269516920217,-0.8666166030529321,6.636920005362387,-0.1469661146107618,5.050652913867285,5.770303402309455
715,Sybil Attack,0.9963228056767995,3.8274831082776064,-0.8666166030529321,0.9963228056767995,3.8274831082776064,-0.8666166030529321,4.823805913954406,0.12970620262386745,2.9608665052246743,3.9571893109014735
2644,Sybil Attack,2.424989565452266,3.426592923548818,-0.8666166030529321,2.424989565452266,3.426592923548818,-0.8666166030529321,5.851582489001084,1.5583729623993339,2.559976320495886,4.984965885948151
9,Sybil Attack,1.1719748773989915,4.122135455577322,-0.8666166030529321,1.1719748773989915,4.122135455577322,-0.8666166030529321,5.294110332976313,0.30535827434605944,3.2555188525243897,4.4274937299233805
16307,Sybil Attack,1.0857487482969055,4.092436100560428,-0.8666166030529321,1.0857487482969055,4.092436100560428,-0.8666166030529321,5.178184848857333,0.2191321452439734,3.2258194975074956,4.3115682458044
907,Sybil Attack,2.1730029381871243,4.096794056448786,-0.8666166030529321,2.1730029381871243,4.096794056448786,-0.8666166030529321,6.269796994635911,1.3063863351341922,3.230177453395854,5.403180391582978
1446,Sybil Attack,1.2562979621835024,4.047281951193697,-0.8666166030529321,1.2562979621835024,4.047281951193697,-0.8666166030529321,5.3035799133772,0.38968135913057034,3.180665348140765,4.436963310324268
1186,Sybil Attack,0.4155457264995324,3.834986681463497,-0.8666166030529321,0.4155457264995324,3.834986681463497,-0.8666166030529321,4.250532407963029,-0.45107087655339967,2.968370078410565,3.3839158049100972
1838,Sybil Attack,0.8896621270444048,5.917269516920217,-0.8666166030529321,0.8896621270444048,5.917269516920217,-0.8666166030529321,6.806931643964622,0.02304552399147275,5.050652913867285,5.94031504091169
16224,Sybil Attack,0.1507432072497795,3.966956020844798,1.206695885123651,0.1507432072497795,3.966956020844798,1.206695885123651,4.117699228094578,1.3574390923734303,5.173651905968449,5.324395113218229
777,Sybil Attack,-0.16927515535305393,4.1038096498298104,-0.8666166030529321,-0.16927515535305393,4.1038096498298104,-0.8666166030529321,3.9345344944767566,-1.035891758405986,3.2371930467768784,3.0679178914238245
2727,Sybil Attack,2.1737239969539477,4.2384212626104425,-0.8666166030529321,2.1737239969539477,4.2384212626104425,-0.8666166030529321,6.41214525956439,1.3071073939010156,3.3718046595575104,5.545528656511458
6220,Wormhole Attack,0.9641238073642872,-0.9016990782984463,1.4944283329765993,0.9641238073642872,-0.9016990782984463,1.4944283329765993,0.062424729065840845,2.4585521403408865,0.592729254678153,1.5568530620424401
7327,Wormhole Attack,0.3216891522079748,-0.40583125846495427,1.4944283329765993,0.3216891522079748,-0.40583125846495427,1.4944283329765993,-0.08414210625697949,1.816117485184574,1.088597074511645,1.4102862267196197
15559,Wormhole Attack,2.170289505477253,4.122535057836469,-0.8666166030529321,2.170289505477253,4.122535057836469,-0.8666166030529321,6.292824563313722,1.3036729024243208,3.255918454783537,5.42620796026079
7318,Wormhole Attack,-0.9664053684247454,-0.5602122448597293,1.4944283329765993,-0.9664053684247454,-0.5602122448597293,1.4944283329765993,-1.5266176132844747,0.5280229645518538,0.93421608811687,-0.03218928030787538
7275,Wormhole Attack,-0.9682350012850969,-0.42148851036828644,1.4944283329765993,-0.9682350012850969,-0.42148851036828644,1.4944283329765993,-1.3897235116533833,0.5261933316915024,1.0729398226083129,0.10470482132321601
5854,Wormhole Attack,0.9381703378516479,0.36679533276454523,2.357675888495269,0.9381703378516479,0.36679533276454523,2.357675888495269,1.3049656706161932,3.295846226346917,2.7244712212598143,3.662641559111462
14692,Wormhole Attack,0.23887118494129916,-0.8465478143464753,2.8214824794978077,0.23887118494129916,-0.8465478143464753,2.8214824794978077,-0.6076766294051761,3.060353664439107,1.9749346651513324,2.2138058500926316
14831,Wormhole Attack,-0.26668225800193285,-0.5194781504379502,1.2374888846330103,-0.26668225800193285,-0.5194781504379502,1.2374888846330103,-0.786160408439883,0.9708066266310775,0.7180107341950601,0.4513284761931273
15683,Wormhole Attack,0.8896621270444048,0.014750505128903173,1.4944283329765993,0.8896621270444048,0.014750505128903173,1.4944283329765993,0.904412632173308,2.384090460021004,1.5091788381055025,2.3988409651499074
6828,Wormhole Attack,0.1736133341946788,-0.8390442411429965,1.4944283329765993,0.1736133341946788,-0.8390442411429965,1.4944283329765993,-0.6654309069483176,1.668041667171278,0.6553840918336028,0.8289974260282816
16000,Wormhole Attack,0.1743924537794871,0.3188403470017272,1.4944283329765993,0.1743924537794871,0.3188403470017272,1.4944283329765993,0.4932328007812143,1.6688207867560862,1.8132686799783264,1.9876611337578136
5661,Wormhole Attack,1.2377971973957045,1.0795155614688132,1.4944283329765993,1.2377971973957045,1.0795155614688132,1.4944283329765993,2.3173127588645177,2.732225530372304,2.5739438944454127,3.811741091841117
5365,Wormhole Attack,0.8896621270444048,0.9994248772761865,1.4944283329765993,0.8896621270444048,0.9994248772761865,1.4944283329765993,1.8890870043205914,2.384090460021004,2.4938532102527855,3.3835153372971907
6137,Wormhole Attack,-2.1585779973772365,-0.1904852692296036,1.4944283329765993,-2.1585779973772365,-0.1904852692296036,1.4944283329765993,-2.3490632666068403,-0.6641496644006373,1.3039430637469958,-0.854634933630241
6540,Wormhole Attack,0.8896621270444048,-0.5536661393421954,1.4944283329765993,0.8896621270444048,-0.5536661393421954,1.4944283329765993,0.3359959877022094,2.384090460021004,0.9407621936344038,1.8304243206788087
7047,Wormhole Attack,1.517195268108348,-0.43468605176109437,1.046918475557973,1.517195268108348,-0.43468605176109437,1.046918475557973,1.0825092163472536,2.5641137436663213,0.6122324237968786,2.1294276919052266
15322,Wormhole Attack,-0.9664053684247454,-0.0653863701176037,0.31279790632944,-0.9664053684247454,-0.0653863701176037,0.31279790632944,-1.0317917385423492,-0.6536074620953054,0.24741153621183629,-0.7189938322129092
16054,Wormhole Attack,1.864926312005896,-0.4267106296774073,-0.8666166030529321,1.864926312005896,-0.4267106296774073,-0.8666166030529321,1.4382156823284888,0.998309708952964,-1.2933272327303393,0.5715990792755568
14727,Wormhole Attack,-0.7262097696111973,-0.5915079598582883,0.036343229451095825,-0.7262097696111973,-0.5915079598582883,0.036343229451095825,-1.3177177294694857,-0.6898665401601015,-0.5551647304071925,-1.2813745000183898
6940,Wormhole Attack,0.8896621270444048,-0.4573658272161171,1.4944283329765993,0.8896621270444048,-0.4573658272161171,1.4944283329765993,0.4322962998282877,2.384090460021004,1.037062505760482,1.926724632804887
6656,Wormhole Attack,0.8896621270444048,-0.8390470409042293,1.4944283329765993,0.8896621270444048,-0.8390470409042293,1.4944283329765993,0.050615086140175514,2.384090460021004,0.65538129207237,1.5450434191167748
7085,Wormhole Attack,-1.2701165596197137,-0.5044329216927723,1.4944283329765993,-1.2701165596197137,-0.5044329216927723,1.4944283329765993,-1.774549481312486,0.22431177335688557,0.989995411283827,-0.28012114833588675
7097,Wormhole Attack,0.3594522231748201,0.22321304351280355,1.4944283329765993,0.3594522231748201,0.22321304351280355,1.4944283329765993,0.5826652666876236,1.8538805561514193,1.7176413764894027,2.077093599664223
7043,Wormhole Attack,-0.412297840133798,-0.8390442411429965,1.4944283329765993,-0.412297840133798,-0.8390442411429965,1.4944283329765993,-1.2513420812767944,1.0821304928428013,0.6553840918336028,0.2430862516998049
15215,Wormhole Attack,1.5567942107860269,0.1535382887445475,0.7667805441453216,1.5567942107860269,0.1535382887445475,0.7667805441453216,1.7103324995305744,2.3235747549313484,0.920318832889869,2.477113043675896
15672,Wormhole Attack,1.7124200399289693,-0.5553599462877824,-0.8666166030529321,1.7124200399289693,-0.5553599462877824,-0.8666166030529321,1.1570600936411868,0.8458034368760372,-1.4219765493407146,0.2904434905882547
5400,Wormhole Attack,-0.6236924117350493,0.033236594438826754,-0.12939848536856402,-0.6236924117350493,0.033236594438826754,-0.12939848536856402,-0.5904558172962225,-0.7530908971036133,-0.09616189092973726,-0.7198543026647866
15565,Wormhole Attack,2.127912150418328,3.834986682870698,-0.8666166030529321,2.127912150418328,3.834986682870698,-0.8666166030529321,5.962898833289026,1.2612955473653957,2.968370079817766,5.096282230236094
15549,Wormhole Attack,0.5461941116837276,3.8274831082776064,-0.8666166030529321,0.5461941116837276,3.8274831082776064,-0.8666166030529321,4.373677219961334,-0.32042249136920453,2.9608665052246743,3.507060616908402
6829,Wormhole Attack,0.6899383905281606,-0.02397756725601213,1.4944283329765993,0.6899383905281606,-0.02397756725601213,1.4944283329765993,0.6659608232721486,2.18436672350476,1.4704507657205872,2.1603891562487476
6651,Wormhole Attack,-0.07175407065448437,1.2752731641632444,1.4944283329765993,-0.07175407065448437,1.2752731641632444,1.4944283329765993,1.20351909350876,1.422674262322115,2.7697014971398435,2.697947426485359
14637,Wormhole Attack,-1.9446110395580725,3.8349838831446945,0.17011176390595206,-1.9446110395580725,3.8349838831446945,0.17011176390595206,1.890372843586622,-1.7744992756521203,4.005095647050647,2.0604846074925742
7432,Wormhole Attack,-0.40906769633047374,1.0388865890746952,1.4944283329765993,-0.40906769633047374,1.0388865890746952,1.4944283329765993,0.6298188927442214,1.0853606366461255,2.5333149220512947,2.1242472257208207
15605,Wormhole Attack,1.1474293737526409,5.76607009504021,-0.8666166030529321,1.1474293737526409,5.76607009504021,-0.8666166030529321,6.9134994687928515,0.2808127706997088,4.899453491987279,6.046882865739919
15568,Wormhole Attack,2.170289505477253,4.00577862719114,-0.8666166030529321,2.170289505477253,4.00577862719114,-0.8666166030529321,6.176068132668393,1.3036729024243208,3.139162024138208,5.30945152961546
6047,Wormhole Attack,0.6408039017443024,-0.8390442411605853,1.4944283329765993,0.6408039017443024,-0.8390442411605853,1.4944283329765993,-0.19824033941628294,2.1352322347209016,0.655384091816014,1.2961879935603164
6784,Wormhole Attack,1.1078958522247209,-0.5306768217163239,1.4944283329765993,1.1078958522247209,-0.5306768217163239,1.4944283329765993,0.577219030508397,2.6023241852013204,0.9637515112602754,2.0716473634849963
7136,Wormhole Attack,-0.15996012034525076,-0.5858117005078728,1.4944283329765993,-0.15996012034525076,-0.5858117005078728,1.4944283329765993,-0.7457718208531235,1.3344682126313485,0.9086166324687265,0.7486565121234757
6557,Wormhole Attack,2.0270420183275664,0.057948545166445986,1.4944283329765993,2.0270420183275664,0.057948545166445986,1.4944283329765993,2.0849905634940122,3.5214703513041656,1.5523768781430451,3.5794188964706115
15719,Wormhole Attack,2.0607505007494944,0.14169383490199275,1.6941525455373436,2.0607505007494944,0.14169383490199275,1.6941525455373436,2.2024443356514873,3.754903046286838,1.8358463804393363,3.896596881188831
5913,Wormhole Attack,0.34188821529060176,1.0162812251895186,1.4944283329765993,0.34188821529060176,1.0162812251895186,1.4944283329765993,1.3581694404801203,1.836316548267201,2.510709558166118,2.8525977734567194
15604,Wormhole Attack,2.513330474485412,4.162092300042497,-0.8666166030529321,2.513330474485412,4.162092300042497,-0.8666166030529321,6.6754227745279096,1.64671387143248,3.295475696989565,5.808806171474977
5747,Wormhole Attack,1.205786365245398,-0.5533482118499987,1.4944283329765993,1.205786365245398,-0.5533482118499987,1.4944283329765993,0.6524381533953992,2.7002146982219974,0.9410801211266006,2.1468664863719984
15276,Wormhole Attack,1.3227766814501276,1.0795156410571842,0.9750714516680142,1.3227766814501276,1.0795156410571842,0.9750714516680142,2.4022923225073116,2.297848133118142,2.0545870927251983,3.377363774175326
15221,Wormhole Attack,0.316935442717974,-0.16793896753103552,1.5119552424128226,0.316935442717974,-0.16793896753103552,1.5119552424128226,0.1489964751869385,1.8288906851307967,1.3440162748817872,1.6609517175997612
5826,Wormhole Attack,2.408254595134638,-0.8390442397533838,1.4944283329765993,2.408254595134638,-0.8390442397533838,1.4944283329765993,1.5692103553812542,3.902682928111237,0.6553840932232154,3.0636386883578535
6578,Wormhole Attack,0.8896621270444048,-0.8390442397533838,1.4944283329765993,0.8896621270444048,-0.8390442397533838,1.4944283329765993,0.05061788729102101,2.384090460021004,0.6553840932232154,1.5450462202676203
6521,Wormhole Attack,1.6080185348726614,-0.8390442411429965,1.4944283329765993,1.6080185348726614,-0.8390442411429965,1.4944283329765993,0.768974293729665,3.1024468678492605,0.6553840918336028,2.2634026267062644
14575,Wormhole Attack,-0.8084131254805825,4.158155216550552,0.7334030118424827,-0.8084131254805825,4.158155216550552,0.7334030118424827,3.34974209106997,-0.07501011363809984,4.891558228393035,4.083145102912453
5246,Wormhole Attack,-0.5497022394809861,-0.8390442397533838,0.6166524687110393,-0.5497022394809861,-0.8390442397533838,0.6166524687110393,-1.3887464792343698,0.06695022923005323,-0.22239177104234453,-0.7720940105233305
14704,Wormhole Attack,1.494407968962136,0.05139747812648041,1.4944283329765993,1.494407968962136,0.05139747812648041,1.4944283329765993,1.5458054470886162,2.9888363019387354,1.5458258111030796,3.0402337800652157
15696,Wormhole Attack,0.9131048806628086,-0.6152156127280489,3.308478539939145,0.9131048806628086,-0.6152156127280489,3.308478539939145,0.29788926793475967,4.221583420601954,2.693262927211096,3.6063678078739048
6876,Wormhole Attack,1.6384045336803164,1.4058030541787503,1.4944283329765993,1.6384045336803164,1.4058030541787503,1.4944283329765993,3.0442075878590664,3.1328328666569156,2.9002313871553493,4.538635920835666
15622,Wormhole Attack,1.309857097278407,3.9585691017813223,-0.8666166030529321,1.309857097278407,3.9585691017813223,-0.8666166030529321,5.268426199059729,0.44324049422547485,3.09195249872839,4.401809596006798
6395,Wormhole Attack,2.1202406430929455,-0.6138086424809341,1.4944283329765993,2.1202406430929455,-0.6138086424809341,1.4944283329765993,1.5064320006120113,3.6146689760695447,0.8806196904956651,3.0008603335886104
15690,Wormhole Attack,0.8896621270444048,-0.4505989440854895,1.4944283329765993,0.8896621270444048,-0.4505989440854895,1.4944283329765993,0.43906318295891533,2.384090460021004,1.0438293888911097,1.9334915159355146
5600,Wormhole Attack,-0.6030458865000163,-0.8390442411605853,1.4944283329765993,-0.6030458865000163,-0.8390442411605853,1.4944283329765993,-1.4420901276606015,0.8913824464765829,0.655384091816014,0.052338205315997754
15386,Wormhole Attack,1.3340028820340744,-0.03495309391437203,1.5994037088565698,1.3340028820340744,-0.03495309391437203,1.5994037088565698,1.2990497881197023,2.933406590890644,1.5644506149421977,2.898453496976272
14740,Wormhole Attack,1.4694654577557145,-0.20969644464624182,1.4944283329765993,1.4694654577557145,-0.20969644464624182,1.4944283329765993,1.2597690131094725,2.963893790732314,1.2847318883303576,2.754197346086072
15052,Wormhole Attack,0.8896621270444048,-0.8390470409042293,1.2419472793261448,0.8896621270444048,-0.8390470409042293,1.2419472793261448,0.050615086140175514,2.1316094063705497,0.40290023842191547,1.2925623654663203
5202,Wormhole Attack,1.2323750837341005,1.022736939522096,1.4944283329765993,1.2323750837341005,1.022736939522096,1.4944283329765993,2.2551120232561965,2.7268034167107,2.517165272498695,3.749540356232796
7081,Wormhole Attack,1.5731853698145666,-0.9166653354447334,-0.8666166030529321,1.5731853698145666,-0.9166653354447334,-0.8666166030529321,0.6565200343698332,0.7065687667616345,-1.7832819384976655,-0.2100965686830989
15301,Wormhole Attack,2.2142698166369703,-0.441234310415844,1.4297510156010946,2.2142698166369703,-0.441234310415844,1.4297510156010946,1.7730355062211263,3.644020832238065,0.9885167051852506,3.2027865218222207
6127,Wormhole Attack,1.3063652559881647,0.05142989120604825,1.4944283329765993,1.3063652559881647,0.05142989120604825,1.4944283329765993,1.357795147194213,2.8007935889647637,1.5458582241826475,2.852223480170812
15237,Wormhole Attack,1.2220469084545147,-0.04419539212308303,0.7936702894894129,1.2220469084545147,-0.04419539212308303,0.7936702894894129,1.1778515163314316,2.0157171979439275,0.7494748973663299,1.9715218058208444
6042,Wormhole Attack,0.6258571477602844,-0.14464676725967843,1.4944283329765993,0.6258571477602844,-0.14464676725967843,1.4944283329765993,0.48121038050060605,2.1202854807368836,1.3497815657169208,1.9756387134772053
15504,Wormhole Attack,1.5243810046896642,3.8349838817198525,-0.8666166030529321,1.5243810046896642,3.8349838817198525,-0.8666166030529321,5.359364886409517,0.6577644016367321,2.9683672786669204,4.492748283356585
6580,Wormhole Attack,1.8288766406823331,-0.10839752113748996,1.4944283329765993,1.8288766406823331,-0.10839752113748996,1.4944283329765993,1.7204791195448432,3.3233049736589324,1.3860308118391094,3.2149074525214427
7250,Wormhole Attack,0.8336927791069878,-0.5778082519333126,1.4944283329765993,0.8336927791069878,-0.5778082519333126,1.4944283329765993,0.25588452717367516,2.328121112083587,0.9166200810432866,1.7503128601502744
6248,Wormhole Attack,-0.963691935714874,-0.4363503426157457,1.4944283329765993,-0.963691935714874,-0.4363503426157457,1.4944283329765993,-1.4000422783306197,0.5307363972617253,1.0580779903608537,0.0943860546459796
15105,Wormhole Attack,2.508853574151293,0.08160195111140275,1.4944283329765993,2.508853574151293,0.08160195111140275,1.4944283329765993,2.5904555252626955,4.003281907127892,1.576030284088002,4.084883858239294
7143,Wormhole Attack,1.4257608652265397,-0.4494023892877996,1.4944283329765993,1.4257608652265397,-0.4494023892877996,1.4944283329765993,0.97635847593874,2.920189198203139,1.0450259436887996,2.4707868089153395
5440,Wormhole Attack,1.0546269212513177,1.0858908884614762,1.4944283329765993,1.0546269212513177,1.0858908884614762,1.4944283329765993,2.1405178097127937,2.549055254227917,2.5803192214380752,3.634946142689393
15329,Wormhole Attack,1.3063652559881647,0.22904594683358281,1.4944283329765993,1.3063652559881647,0.22904594683358281,1.4944283329765993,1.5354112028217475,2.8007935889647637,1.723474279810182,3.029839535798347
5987,Wormhole Attack,0.2931872341538202,-0.8390442411605853,1.4944283329765993,0.2931872341538202,-0.8390442411605853,1.4944283329765993,-0.5458570070067651,1.7876155671304195,0.655384091816014,0.9485713259698342
14708,Wormhole Attack,-1.065806524937403,-0.6681051748903812,1.1963731030696445,-1.065806524937403,-0.6681051748903812,1.1963731030696445,-1.7339116998277841,0.1305665781322416,0.5282679281792633,-0.5375385967581396
5819,Wormhole Attack,1.2978278615346417,-0.5340946732741708,1.4944283329765993,1.2978278615346417,-0.5340946732741708,1.4944283329765993,0.7637331882604709,2.792256194511241,0.9603336597024285,2.2581615212370703
15745,Wormhole Attack,1.7027619211193836,-0.5253009213775907,-0.8666166030529321,1.7027619211193836,-0.5253009213775907,-0.8666166030529321,1.1774609997417929,0.8361453180664515,-1.3919175244305229,0.31084439668886077
6582,Wormhole Attack,1.6020384032701889,-0.6442306921932296,1.4944283329765993,1.6020384032701889,-0.6442306921932296,1.4944283329765993,0.9578077110769593,3.0964667362467884,0.8501976407833697,2.4522360440535587
15479,Wormhole Attack,-1.4949769550983905,-0.6211118871091195,-0.08806936116253156,-1.4949769550983905,-0.6211118871091195,-0.08806936116253156,-2.11608884220751,-1.583046316260922,-0.7091812482716511,-2.2041582033700413
15986,Wormhole Attack,-1.2455553604156093,0.10015696636920292,1.4944283329765993,-1.2455553604156093,0.10015696636920292,1.4944283329765993,-1.1453983940464063,0.24887297256098995,1.5945852993458023,0.34902993893019296
16060,Wormhole Attack,1.8288766406823331,-0.12124085394990262,1.1967918311180668,1.8288766406823331,-0.12124085394990262,1.1967918311180668,1.7076357867324305,3.0256684718004,1.0755509771681642,2.904427617850497
5325,Wormhole Attack,-1.5870695929893996,-0.468539801025001,0.38191378710237944,-1.5870695929893996,-0.468539801025001,0.38191378710237944,-2.0556093940144007,-1.2051558058870202,-0.08662601392262154,-1.6736956069120212
15767,Wormhole Attack,0.3136205418121799,3.834986682870698,0.1249368970009395,0.3136205418121799,3.834986682870698,0.1249368970009395,4.148607224682878,0.4385574388131194,3.9599235798716377,4.273544121683817
5699,Wormhole Attack,2.1121914426173927,-0.8390442411605853,1.4944283329765993,2.1121914426173927,-0.8390442411605853,1.4944283329765993,1.2731472014568075,3.606619775593992,0.655384091816014,2.7675755344334068
15196,Wormhole Attack,-0.5938060435694686,0.004516031893363529,0.7967842769117768,-0.5938060435694686,0.004516031893363529,0.7967842769117768,-0.5892900116761051,0.20297823334230813,0.8013003088051404,0.20749426523567172
7256,Wormhole Attack,0.7216922248759668,0.05159339062987562,1.4944283329765993,0.7216922248759668,0.05159339062987562,1.4944283329765993,0.7732856155058425,2.216120557852566,1.5460217236064748,2.2677139484824416
14800,Wormhole Attack,2.1730029381871243,1.392662923079498,1.4944283329765993,2.1730029381871243,1.392662923079498,1.4944283329765993,3.5656658612666225,3.6674312711637236,2.887091256056097,5.060094194243222
15746,Wormhole Attack,0.9922429726648008,4.145314902364821,-0.5675113076021095,0.9922429726648008,4.145314902364821,-0.5675113076021095,5.137557875029621,0.4247316650626912,3.5778035947627114,4.570046567427512
6603,Wormhole Attack,2.1730029381871243,0.031662573523752444,1.4944283329765993,2.1730029381871243,0.031662573523752444,1.4944283329765993,2.2046655117108767,3.6674312711637236,1.5260909065003516,3.699093844687476
14596,Wormhole Attack,-1.70371718063238,3.834986682870698,-0.8666166030529321,-1.70371718063238,3.834986682870698,-0.8666166030529321,2.131269502238318,-2.570333783685312,2.968370079817766,1.264652899185386
6649,Wormhole Attack,2.1730029381871243,-0.6707702411400388,1.4944283329765993,2.1730029381871243,-0.6707702411400388,1.4944283329765993,1.5022326970470856,3.6674312711637236,0.8236580918365605,2.996661030023685
6262,Wormhole Attack,1.6433043515191645,1.3977247690574728,1.4944283329765993,1.6433043515191645,1.3977247690574728,1.4944283329765993,3.0410291205766375,3.137732684495764,2.8921531020340723,4.535457453553237
7007,Wormhole Attack,-0.18716933804651545,-0.5836389841370239,1.4944283329765993,-0.18716933804651545,-0.5836389841370239,1.4944283329765993,-0.7708083221835393,1.307258994930084,0.9107893488395754,0.7236200107930599
15700,Wormhole Attack,-0.3087588127160507,0.2301958108060606,-0.4416412939597644,-0.3087588127160507,0.2301958108060606,-0.4416412939597644,-0.0785630019099901,-0.7504001066758151,-0.21144548315370382,-0.5202042958697546
6176,Wormhole Attack,0.0522102122163218,-0.8465478139085504,1.4944283329765993,0.0522102122163218,-0.8465478139085504,1.4944283329765993,-0.7943376016922286,1.546638545192921,0.6478805190680489,0.7000907312843707
7078,Wormhole Attack,0.1636850539819068,0.06365130178768383,1.4944283329765993,0.1636850539819068,0.06365130178768383,1.4944283329765993,0.22733635576959063,1.658113386958506,1.5580796347642831,1.72176468874619
5866,Wormhole Attack,2.1559888796122646,-0.569896736685852,1.4944283329765993,2.1559888796122646,-0.569896736685852,1.4944283329765993,1.5860921429264128,3.650417212588864,0.9245315962907473,3.080520475903012
6918,Wormhole Attack,0.8896621270444048,-0.4367130994363324,1.4944283329765993,0.8896621270444048,-0.4367130994363324,1.4944283329765993,0.45294902760807243,2.384090460021004,1.0577152335402669,1.9473773605846718
5322,Wormhole Attack,0.3739467664038423,-0.48547070460320374,0.890992050596905,0.3739467664038423,-0.48547070460320374,0.890992050596905,-0.11152393819936146,1.2649388170007474,0.40552134599370127,0.7794681123975435
14802,Wormhole Attack,1.6386688731222123,-0.4586944629937891,1.4944283329765993,1.6386688731222123,-0.4586944629937891,1.4944283329765993,1.1799744101284233,3.1330972060988116,1.0357338699828103,2.6744027431050226
14597,Wormhole Attack,0.3743437516328383,0.02082025497774872,1.167021421634833,0.3743437516328383,0.02082025497774872,1.167021421634833,0.395164006610587,1.5413651732676712,1.1878416766125817,1.56218542824542
6919,Wormhole Attack,1.651540823651981,-0.08629163732429602,1.4944283329765993,1.651540823651981,-0.08629163732429602,1.4944283329765993,1.565249186327685,3.1459691566285803,1.4081366956523031,3.059677519304284
6616,Wormhole Attack,-0.963691935714874,-0.6019642996872602,1.4944283329765993,-0.963691935714874,-0.6019642996872602,1.4944283329765993,-1.5656562354021342,0.5307363972617253,0.8924640332893391,-0.0712279024255349
14835,Wormhole Attack,1.7880013554369694,-0.7468508067438296,1.4944283329765993,1.7880013554369694,-0.7468508067438296,1.4944283329765993,1.0411505486931398,3.2824296884135684,0.7475775262327696,2.535578881669739
7176,Wormhole Attack,1.3934692575649195,-0.8390470408866398,1.4944283329765993,1.3934692575649195,-0.8390470408866398,1.4944283329765993,0.5544222166782796,2.8878975905415185,0.6553812920899594,2.048850549654879
6925,Wormhole Attack,1.355118400450565,-0.5984006050357826,1.4944283329765993,1.355118400450565,-0.5984006050357826,1.4944283329765993,0.7567177954147823,2.8495467334271645,0.8960277279408166,2.2511461283913814
15156,Wormhole Attack,2.162431550439262,0.3468630195382452,0.3235759578954235,2.162431550439262,0.3468630195382452,0.3235759578954235,2.509294569977507,2.4860075083346853,0.6704389774336688,2.8328705278729305
14849,Wormhole Attack,-1.947313165878321,0.05591659042966246,1.1413233810620436,-1.947313165878321,0.05591659042966246,1.1413233810620436,-1.8913965754486584,-0.8059897848162774,1.197239971491706,-0.7500731943866148
6954,Wormhole Attack,-0.9664053684247454,0.05487584932250946,1.4944283329765993,-0.9664053684247454,0.05487584932250946,1.4944283329765993,-0.911529519102236,0.5280229645518538,1.5493041822991087,0.5828988138743633
5938,Wormhole Attack,1.3517254099065643,-0.8390470394793876,1.4944283329765993,1.3517254099065643,-0.8390470394793876,1.4944283329765993,0.5126783704271767,2.8461537428831636,0.6553812934972116,2.007106703403776
6341,Wormhole Attack,1.1812196491271154,-0.47919053211436824,1.4944283329765993,1.1812196491271154,-0.47919053211436824,1.4944283329765993,0.7020291170127472,2.6756479821037145,1.0152378008622311,2.1964574499893463
6040,Wormhole Attack,0.023395205141374886,-0.8390470408866398,1.4944283329765993,0.023395205141374886,-0.8390470408866398,1.4944283329765993,-0.8156518357452649,1.517823538117974,0.6553812920899594,0.6787764972313344
15718,Wormhole Attack,1.4565799726813478,-0.6505633857266968,1.4944283329765993,1.4565799726813478,-0.6505633857266968,1.4944283329765993,0.806016586954651,2.951008305657947,0.8438649472499025,2.30044491993125
15747,Wormhole Attack,0.6721490281215973,4.504853841550197,0.7656827760872031,0.6721490281215973,4.504853841550197,0.7656827760872031,5.177002869671795,1.4378318042088005,5.270536617637401,5.942685645758998
15398,Wormhole Attack,-0.30251050190808626,0.17863582732281952,1.4944283329765993,-0.30251050190808626,0.17863582732281952,1.4944283329765993,-0.12387467458526674,1.191917831068513,1.6730641602994187,1.3705536583913325
15901,Wormhole Attack,1.1349361684512056,-0.0657365983092425,1.4944283329765993,1.1349361684512056,-0.0657365983092425,1.4944283329765993,1.0691995701419632,2.629364501427805,1.4286917346673569,2.5636279031185625
6472,Wormhole Attack,0.13326448049982648,1.2770256439913552,1.4944283329765993,0.13326448049982648,1.2770256439913552,1.4944283329765993,1.4102901244911816,1.6276928134764257,2.7714539769679547,2.904718457467781
6325,Wormhole Attack,1.4112596675915037,-0.8390442411429965,-0.3566538205847046,1.4112596675915037,-0.8390442411429965,-0.3566538205847046,0.5722154264485072,1.0546058470067992,-1.195698061727701,0.21556160586380263
5993,Wormhole Attack,0.8896621270444048,1.398164381310835,1.4944283329765993,0.8896621270444048,1.398164381310835,1.4944283329765993,2.28782650835524,2.384090460021004,2.892592714287434,3.7822548413318393
6508,Wormhole Attack,0.8705873597980341,-0.8390442411605853,1.4944283329765993,0.8705873597980341,-0.8390442411605853,1.4944283329765993,0.03154311863744885,2.3650156927746333,0.655384091816014,1.5259714516140481
5889,Wormhole Attack,1.9254864131998928,0.05591659042966246,1.4944283329765993,1.9254864131998928,0.05591659042966246,1.4944283329765993,1.9814030036295551,3.419914746176492,1.5503449234062616,3.4758313366061544
6408,Wormhole Attack,1.4688611826736664,-0.6482052712132869,1.4944283329765993,1.4688611826736664,-0.6482052712132869,1.4944283329765993,0.8206559114603795,2.9632895156502657,0.8462230617633124,2.315084244436979
15220,Wormhole Attack,0.8896621270444048,0.030415188837376494,1.4944283329765993,0.8896621270444048,0.030415188837376494,1.4944283329765993,0.9200773158817813,2.384090460021004,1.5248435218139758,2.4145056488583805
6819,Wormhole Attack,1.4221884889846057,-0.8390442397533838,1.4944283329765993,1.4221884889846057,-0.8390442397533838,1.4944283329765993,0.5831442492312219,2.916616821961205,0.6553840932232154,2.077572582207821
15378,Wormhole Attack,-0.4417086195261774,0.8581588251925466,-0.8666166030529321,-0.4417086195261774,0.8581588251925466,-0.8666166030529321,0.4164502056663692,-1.3083252225791095,-0.008457777860385485,-0.4501663973865629
15198,Wormhole Attack,1.3721782509891356,0.04358731670288982,0.7349289009603203,1.3721782509891356,0.04358731670288982,0.7349289009603203,1.4157655676920253,2.1071071519494557,0.7785162176632101,2.1506944686523455
6273,Wormhole Attack,1.069609664773888,-0.8390442397533838,1.4944283329765993,1.069609664773888,-0.8390442397533838,1.4944283329765993,0.23056542502050414,2.5640379977504875,0.6553840932232154,1.7249937579971033
7314,Wormhole Attack,1.8582521830830518,0.04677523144604378,1.4944283329765993,1.8582521830830518,0.04677523144604378,1.4944283329765993,1.9050274145290955,3.3526805160596513,1.541203564422643,3.399455747505695
14587,Wormhole Attack,-0.31392257916041616,5.869690046873053,0.45001158547030745,-0.31392257916041616,5.869690046873053,0.45001158547030745,5.555767467712637,0.1360890063098913,6.319701632343361,6.005779053182945
7194,Wormhole Attack,-0.08713349429427414,0.09425352022922688,1.4944283329765993,-0.08713349429427414,0.09425352022922688,1.4944283329765993,0.007120025934952742,1.4072948386823252,1.5886818532058262,1.501548358911552
5908,Wormhole Attack,1.6635307715774932,-0.519267322125635,1.4944283329765993,1.6635307715774932,-0.519267322125635,1.4944283329765993,1.1442634494518582,3.1579591045540925,0.9751610108509643,2.6386917824284577
6073,Wormhole Attack,0.5034144797320275,6.709166518813537e-05,1.4944283329765993,0.5034144797320275,6.709166518813537e-05,1.4944283329765993,0.5034815713972156,1.9978428127086267,1.4944954246417874,1.9979099043738149
15323,Wormhole Attack,1.6173609059595506,0.3798402747624915,1.4944283329765993,1.6173609059595506,0.3798402747624915,1.4944283329765993,1.9972011807220422,3.11178923893615,1.8742686077390909,3.4916295136986415
6709,Wormhole Attack,0.16735634005385389,-0.3897453717074946,1.4944283329765993,0.16735634005385389,-0.3897453717074946,1.4944283329765993,-0.22238903165364074,1.661784673030453,1.1046829612691047,1.2720393013229585
5269,Wormhole Attack,-1.450759291014296,1.394366981792358,1.4944283329765993,-1.450759291014296,1.394366981792358,1.4944283329765993,-0.05639230922193783,0.04366904196230337,2.8887953147689576,1.4380360237546614
16171,Wormhole Attack,0.5587451664002685,1.50486569196896,1.4944283329765993,0.5587451664002685,1.50486569196896,1.4944283329765993,2.0636108583692288,2.053173499376868,2.9992940249455593,3.558039191345828
6833,Wormhole Attack,1.4369263593943957,-0.8390446527223998,1.4944283329765993,1.4369263593943957,-0.8390446527223998,1.4944283329765993,0.5978817066719959,2.931354692370995,0.6553836802541995,2.092310039648595
14713,Wormhole Attack,2.569571448200224,-0.5577309993209054,1.4944283329765993,2.569571448200224,-0.5577309993209054,1.4944283329765993,2.0118404488793185,4.063999781176824,0.9366973336556939,3.5062687818559177
14826,Wormhole Attack,-0.033433298431422113,-0.637206450795148,1.4944283329765993,-0.033433298431422113,-0.637206450795148,1.4944283329765993,-0.6706397492265701,1.4609950345451772,0.8572218821814512,0.8237885837500292
14676,Wormhole Attack,-0.6861990601969811,3.834986682870698,-0.05838114091618314,-0.6861990601969811,3.834986682870698,-0.05838114091618314,3.148787622673717,-0.7445802011131643,3.776605541954515,3.090406481757534
15007,Wormhole Attack,-0.4842993594604261,-0.3812606807618353,1.4944283329765993,-0.4842993594604261,-0.3812606807618353,1.4944283329765993,-0.8655600402222614,1.0101289735161731,1.113167652214764,0.6288682927543379
14927,Wormhole Attack,2.170289505477253,-0.5786864875928929,1.4944283329765993,2.170289505477253,-0.5786864875928929,1.4944283329765993,1.5916030178843599,3.664717838453852,0.9157418453837064,3.086031350860959
15674,Wormhole Attack,-0.4498024203632614,-0.6835478776278318,-0.8666166030529321,-0.4498024203632614,-0.6835478776278318,-0.8666166030529321,-1.1333502979910932,-1.3164190234161934,-1.5501644806807637,-1.9999669010440253
6441,Wormhole Attack,1.6911353565241132,-0.846547812769212,1.4944283329765993,1.6911353565241132,-0.846547812769212,1.4944283329765993,0.8445875437549012,3.1855636895007127,0.6478805202073873,2.3390158767315006
15251,Wormhole Attack,0.12481039832816239,0.16783800997319528,0.3625656185592369,0.12481039832816239,0.16783800997319528,0.3625656185592369,0.2926484083013577,0.4873760168873993,0.5304036285324322,0.6552140268605946
15115,Wormhole Attack,1.1052115024348679,-0.422657178315859,1.4944283329765993,1.1052115024348679,-0.422657178315859,1.4944283329765993,0.6825543241190088,2.599639835411467,1.0717711546607402,2.176982657095608
15748,Wormhole Attack,-0.21028478589241117,-0.7089937577930874,1.4944283329765993,-0.21028478589241117,-0.7089937577930874,1.4944283329765993,-0.9192785436854986,1.284143547084188,0.7854345751835119,0.5751497892911007
6862,Wormhole Attack,-0.011284205234150906,-0.839044239735795,1.4944283329765993,-0.011284205234150906,-0.839044239735795,1.4944283329765993,-0.8503284449699459,1.4831441277424484,0.6553840932408043,0.6440998880066534
5266,Wormhole Attack,-1.7446659214713978,0.2941430720606983,1.4944283329765993,-1.7446659214713978,0.2941430720606983,1.4944283329765993,-1.4505228494106994,-0.2502375884947985,1.7885714050372976,0.04390548356589985
5196,Wormhole Attack,0.023395205141374886,-0.8390442411429965,1.4944283329765993,0.023395205141374886,-0.8390442411429965,1.4944283329765993,-0.8156490360016215,1.517823538117974,0.6553840918336028,0.6787792969749777
6303,Wormhole Attack,1.5926071847319407,-0.6310383320890602,-0.03017201666307015,1.5926071847319407,-0.6310383320890602,-0.03017201666307015,0.9615688526428805,1.5624351680688706,-0.6612103487521304,0.9313968359798104
14832,Wormhole Attack,0.8896621270444048,-0.2934861711887946,1.4944283329765993,0.8896621270444048,-0.2934861711887946,1.4944283329765993,0.5961759558556102,2.384090460021004,1.2009421617878047,2.0906042888322096
15495,Wormhole Attack,-0.963691935714874,-0.8390470408866398,1.4944283329765993,-0.963691935714874,-0.8390470408866398,1.4944283329765993,-1.8027389766015138,0.5307363972617253,0.6553812920899594,-0.30831064362491456
15639,Wormhole Attack,1.5898499757179363,-0.45647629007425217,1.0857913812435651,1.5898499757179363,-0.45647629007425217,1.0857913812435651,1.1333736856436842,2.6756413569615014,0.629315091169313,2.2191650668872493
5469,Wormhole Attack,1.3630119308218824,-0.49582223002199544,1.4944283329765993,1.3630119308218824,-0.49582223002199544,1.4944283329765993,0.867189700799887,2.8574402637984817,0.9986061029546038,2.3616180337764865
15954,Wormhole Attack,1.205786365245398,0.08561698513677135,1.4944283329765993,1.205786365245398,0.08561698513677135,1.4944283329765993,1.2914033503821694,2.7002146982219974,1.5800453181133707,2.7858316833587686
14697,Wormhole Attack,2.170289505477253,-0.6352177055836967,0.5972110011510021,2.170289505477253,-0.6352177055836967,0.5972110011510021,1.5350717998935561,2.767500506628255,-0.038006704432694605,2.1322828010445583
15040,Wormhole Attack,0.9542898757513313,-0.8390470394793876,-0.3719137397654599,0.9542898757513313,-0.8390470394793876,-0.3719137397654599,0.11524283627194365,0.5823761359858715,-1.2109607792448476,-0.25667090349351623
14913,Wormhole Attack,2.1737239969539477,1.4428323476881353,1.4944283329765993,2.1737239969539477,1.4428323476881353,1.4944283329765993,3.616556344642083,3.668152329930547,2.9372606806647346,5.110984677618682
5870,Wormhole Attack,1.3063652559881647,-0.8390442407649944,1.4944283329765993,1.3063652559881647,-0.8390442407649944,1.4944283329765993,0.46732101522317027,2.8007935889647637,0.6553840922116049,1.9617493481997696
6098,Wormhole Attack,1.151644004633339,-0.47483256799370527,1.4944283329765993,1.151644004633339,-0.47483256799370527,1.4944283329765993,0.6768114366396336,2.6460723376099384,1.019595764982894,2.171239769616233
5678,Wormhole Attack,0.8923755597542764,-0.8319623282539482,1.4944283329765993,0.8923755597542764,-0.8319623282539482,1.4944283329765993,0.06041323150032818,2.3868038927308755,0.662466004722651,1.5548415644769276
15507,Wormhole Attack,1.2978278615346417,3.8274831098548705,-0.8666166030529321,1.2978278615346417,3.8274831098548705,-0.8666166030529321,5.125310971389512,0.4312112584817096,2.9608665068019384,4.258694368336579
5520,Wormhole Attack,1.8213258231744844,1.3954475390471062,1.4944283329765993,1.8213258231744844,1.3954475390471062,1.4944283329765993,3.2167733622215904,3.3157541561510837,2.8898758720237057,4.71120169519819
15188,Wormhole Attack,0.9808514248653967,0.06865606901981211,1.4944283329765993,0.9808514248653967,0.06865606901981211,1.4944283329765993,1.0495074938852087,2.475279757841996,1.5630844019964114,2.5439358268618077
5311,Wormhole Attack,0.3142220100081025,0.08480474151757089,1.4944283329765993,0.3142220100081025,0.08480474151757089,1.4944283329765993,0.3990267515256734,1.8086503429847018,1.5792330744941703,1.8934550845022726
15370,Wormhole Attack,-0.963691935714874,0.09129765332828943,1.4944283329765993,-0.963691935714874,0.09129765332828943,1.4944283329765993,-0.8723942823865846,0.5307363972617253,1.5857259863048887,0.6220340505900147
5710,Wormhole Attack,1.1244143563439646,-0.5557884384607626,1.4944283329765993,1.1244143563439646,-0.5557884384607626,1.4944283329765993,0.5686259178832019,2.618842689320564,0.9386398945158366,2.063054250859801
14863,Wormhole Attack,0.4977410832563232,0.04433204451714463,4.920239954407633,0.4977410832563232,0.04433204451714463,4.920239954407633,0.5420731277734678,5.417981037663957,4.964571998924778,5.462313082181101
7199,Wormhole Attack,0.45795376579391645,0.2280104316969748,1.4944283329765993,0.45795376579391645,0.2280104316969748,1.4944283329765993,0.6859641974908912,1.9523820987705158,1.7224387646735742,2.1803925304674907
6152,Wormhole Attack,0.8896621270444048,-0.04613547651562731,1.4902344258405746,0.8896621270444048,-0.04613547651562731,1.4902344258405746,0.8435266505287775,2.3798965528849796,1.4440989493249474,2.333761076369352
7156,Wormhole Attack,0.8834074779047547,0.36648803525188717,1.4944283329765993,0.8834074779047547,0.36648803525188717,1.4944283329765993,1.2498955131566418,2.377835810881354,1.8609163682284864,2.7443238461332413
6944,Wormhole Attack,2.1737239969539477,0.22266766681899294,1.4944283329765993,2.1737239969539477,0.22266766681899294,1.4944283329765993,2.3963916637729406,3.668152329930547,1.7170959997955921,3.89081999674954
14936,Wormhole Attack,0.8896621270444048,-0.34008282558531056,1.4944283329765993,0.8896621270444048,-0.34008282558531056,1.4944283329765993,0.5495793014590943,2.384090460021004,1.1543455073912887,2.0440076344356934
16164,Wormhole Attack,1.1435686960703828,-0.14696091676042533,1.4944283329765993,1.1435686960703828,-0.14696091676042533,1.4944283329765993,0.9966077793099575,2.637997029046982,1.347467416216174,2.4910361122865567
15387,Wormhole Attack,1.7024039564195377,-0.165295047998954,1.4944283329765993,1.7024039564195377,-0.165295047998954,1.4944283329765993,1.5371089084205836,3.196832289396137,1.3291332849776452,3.031537241397183
6779,Wormhole Attack,1.001036836614503,-0.8390470394969771,1.4944283329765993,1.001036836614503,-0.8390470394969771,1.4944283329765993,0.16198979711752592,2.4954651695911023,0.6553812934796222,1.6564181300941252
6044,Wormhole Attack,0.8896621270444048,0.032209195045186406,1.4944283329765993,0.8896621270444048,0.032209195045186406,1.4944283329765993,0.9218713220895912,2.384090460021004,1.5266375280217857,2.4162996550661906
16078,Wormhole Attack,0.08605634671072046,-0.5285648115865342,-0.8666166030529321,0.08605634671072046,-0.5285648115865342,-0.8666166030529321,-0.44250846487581375,-0.7805602563422116,-1.3951814146394663,-1.3091250679287458
5247,Wormhole Attack,-0.9664053684247454,-0.555123472991761,1.4944283329765993,-0.9664053684247454,-0.555123472991761,1.4944283329765993,-1.5215288414165065,0.5280229645518538,0.9393048599848383,-0.02710050843990719
5190,Wormhole Attack,1.2973518468777077,1.086284197253459,-0.6457500488586266,1.2973518468777077,1.086284197253459,-0.6457500488586266,2.3836360441311664,0.651601798019081,0.4405341483948323,1.7378859952725398
6457,Wormhole Attack,1.2466576428036478,0.05122749208132186,1.4944283329765993,1.2466576428036478,0.05122749208132186,1.4944283329765993,1.2978851348849696,2.741085975780247,1.545655825057921,2.792313467861569
5973,Wormhole Attack,1.1349361684512056,-0.8390470394793876,1.4944283329765993,1.1349361684512056,-0.8390470394793876,1.4944283329765993,0.29588912897181796,2.629364501427805,0.6553812934972116,1.7903174619484172
6928,Wormhole Attack,1.5085277709904796,1.0593956271415603,1.4944283329765993,1.5085277709904796,1.0593956271415603,1.4944283329765993,2.5679233981320397,3.0029561039670787,2.5538239601181596,4.062351731108639
6437,Wormhole Attack,0.1114015739977529,-0.8390470394793876,1.4944283329765993,0.1114015739977529,-0.8390470394793876,1.4944283329765993,-0.7276454654816348,1.6058299069743522,0.6553812934972116,0.7667828674949645
7382,Wormhole Attack,-0.3537599789162297,-0.2039546378218975,1.4944283329765993,-0.3537599789162297,-0.2039546378218975,1.4944283329765993,-0.5577146167381272,1.1406683540603697,1.2904736951547018,0.9367137162384721
5362,Wormhole Attack,-0.9736414986501695,-0.45218046493323016,1.4944283329765993,-0.9736414986501695,-0.45218046493323016,1.4944283329765993,-1.4258219635833997,0.5207868343264298,1.042247868043369,0.06860636939319953
6711,Wormhole Attack,0.5821587808269691,1.3243065052557703,1.4944283329765993,0.5821587808269691,1.3243065052557703,1.4944283329765993,1.9064652860827396,2.0765871138035683,2.81873483823237,3.400893619059339
7009,Wormhole Attack,-0.029736144500372267,-0.5305979080048704,1.4944283329765993,-0.029736144500372267,-0.5305979080048704,1.4944283329765993,-0.5603340525052427,1.464692188476227,0.9638304249717289,0.9340942804713566
15710,Wormhole Attack,1.2142248343326592,1.5757939864699324,1.4944283329765993,1.2142248343326592,1.5757939864699324,1.4944283329765993,2.7900188208025916,2.7086531673092584,3.0702223194465317,4.28444715377919
5234,Wormhole Attack,-1.861627928078042,-0.20155980968282053,1.4944283329765993,-1.861627928078042,-0.20155980968282053,1.4944283329765993,-2.0631877377608623,-0.3671995951014426,1.2928685232937787,-0.568759404784263
7263,Wormhole Attack,0.9894623257005265,1.5859262815784338,1.4944283329765993,0.9894623257005265,1.5859262815784338,1.4944283329765993,2.5753886072789602,2.483890658677126,3.0803546145550333,4.06981694025556
15617,Wormhole Attack,0.45897486038422575,4.328457424868618,-0.8666166030529321,0.45897486038422575,4.328457424868618,-0.8666166030529321,4.7874322852528435,-0.40764174266870634,3.4618408218156858,3.9208156821999114
15567,Wormhole Attack,2.170289505477253,4.1232362637533555,-0.8666166030529321,2.170289505477253,4.1232362637533555,-0.8666166030529321,6.293525769230609,1.3036729024243208,3.2566196607004234,5.426909166177676
7351,Wormhole Attack,0.3142220100081025,-0.40606114037615704,1.4944283329765993,0.3142220100081025,-0.40606114037615704,1.4944283329765993,-0.09183913036805452,1.8086503429847018,1.0883671926004421,1.4025892026085447
5282,Wormhole Attack,1.3378420799521518,0.3180593129273597,1.4944283329765993,1.3378420799521518,0.3180593129273597,1.4944283329765993,1.6559013928795114,2.832270412928751,1.812487645903959,3.1503297258561105
7304,Wormhole Attack,1.3328765607862743,-0.8465478143464753,1.4944283329765993,1.3328765607862743,-0.8465478143464753,1.4944283329765993,0.48632874643979895,2.8273048937628733,0.647880518630124,1.9807570794163982
5188,Wormhole Attack,-0.45730188682876394,-0.03451884398476591,1.4944283329765993,-0.45730188682876394,-0.03451884398476591,1.4944283329765993,-0.49182073081352984,1.0371264461478353,1.4599094889918334,1.0026076021630694
5909,Wormhole Attack,0.8710216219850495,0.08370220701397565,1.4944283329765993,0.8710216219850495,0.08370220701397565,1.4944283329765993,0.9547238289990252,2.365449954961649,1.578130539990575,2.4491521619756247
