test_idx,label,W2_c2,W2_network,W2_physical,W2_c2_only,W2_network_only,W2_physical_only,W2_c2_network,W2_c2_physical,W2_network_physical,W2_all_three
13718,Blackhole Attack,0.0931036817453835,0.002793061733941051,0.03513660398952565,0.0931036817453835,0.002793061733941051,0.03513660398952565,0.09589674347932454,0.12824028573490914,0.037929665723466705,0.1310333474688502
12100,Blackhole Attack,0.1230348097400102,0.017249491787988732,0.036557612363529286,0.1230348097400102,0.017249491787988732,0.036557612363529286,0.14028430152799892,0.1595924221035395,0.053807104151518015,0.1768419138915282
3563,Blackhole Attack,0.1046896896457144,0.0022903316581886013,0.036557612363529286,0.1046896896457144,0.0022903316581886013,0.036557612363529286,0.10698002130390301,0.14124730200924368,0.03884794402171789,0.1435376336674323
8813,Blackhole Attack,0.04186770776835848,0.003978273831309574,0.036557612363529286,0.04186770776835848,0.003978273831309574,0.036557612363529286,0.04584598159966805,0.07842532013188777,0.04053588619483886,0.08240359396319734
10471,Blackhole Attack,0.05666883773119788,0.02278550667208612,0.036557612363529286,0.05666883773119788,0.02278550667208612,0.036557612363529286,0.079454344403284,0.09322645009472716,0.059343119035615406,0.11601195676681328
12445,Blackhole Attack,0.12033597203401689,0.054904425483074414,0.036557612363529286,0.12033597203401689,0.054904425483074414,0.036557612363529286,0.1752403975170913,0.15689358439754617,0.0914620378466037,0.21179800988062059
3007,Blackhole Attack,0.1060964879285033,0.0005402197650995603,0.036557612363529286,0.1060964879285033,0.0005402197650995603,0.036557612363529286,0.10663670769360287,0.1426541002920326,0.03709783212862885,0.14319432005713215
12822,Blackhole Attack,0.023081084700310363,0.010569946093985315,0.01616511915101745,0.023081084700310363,0.010569946093985315,0.01616511915101745,0.033651030794295676,0.039246203851327814,0.026735065245002763,0.04981614994531312
4287,Blackhole Attack,0.11688059350240729,7.033840782970515e-05,0.036557612363529286,0.11688059350240729,7.033840782970515e-05,0.036557612363529286,0.11695093191023699,0.15343820586593657,0.03662795077135899,0.15350854427376628
10173,Blackhole Attack,0.04816943984976635,0.029100862914896435,0.0,0.04816943984976635,0.029100862914896435,0.0,0.07727030276466279,0.04816943984976635,0.029100862914896435,0.07727030276466279
3850,Blackhole Attack,0.07501681456018386,0.010727320989084396,0.036557612363529286,0.07501681456018386,0.010727320989084396,0.036557612363529286,0.08574413554926825,0.11157442692371314,0.04728493335261368,0.12230174791279755
3150,Blackhole Attack,0.09090544864383233,0.00018269248549978944,0.036557612363529286,0.09090544864383233,0.00018269248549978944,0.036557612363529286,0.09108814112933213,0.12746306100736163,0.03674030484902908,0.12764575349286142
13615,Blackhole Attack,0.07616297518806706,1.5489856327504173e-08,0.029844182764797552,0.07616297518806706,1.5489856327504173e-08,0.029844182764797552,0.07616299067792338,0.10600715795286461,0.02984419825465388,0.10600717344272094
4743,Blackhole Attack,0.0944268359182335,0.01079450775119201,0.036557612363529286,0.0944268359182335,0.01079450775119201,0.036557612363529286,0.10522134366942551,0.13098444828176278,0.0473521201147213,0.1417789560329548
13532,Blackhole Attack,0.03953823554146253,0.0056546214779551185,0.036557612363529286,0.03953823554146253,0.0056546214779551185,0.036557612363529286,0.04519285701941765,0.07609584790499183,0.042212233841484405,0.08175046938294694
3684,Blackhole Attack,0.11921030198292797,0.021677543258835516,0.036557612363529286,0.11921030198292797,0.021677543258835516,0.036557612363529286,0.14088784524176348,0.15576791434645726,0.0582351556223648,0.17744545760529276
4400,Blackhole Attack,0.12738484915577664,6.363439193698936e-08,0.036557612363529286,0.12738484915577664,6.363439193698936e-08,0.036557612363529286,0.1273849127901686,0.16394246151930592,0.03655767599792122,0.16394252515369787
11235,Blackhole Attack,0.0720433205063892,0.00401791615368604,0.036557612363529286,0.0720433205063892,0.00401791615368604,0.036557612363529286,0.07606123666007525,0.10860093286991848,0.040575528517215326,0.11261884902360453
2909,Blackhole Attack,0.09194601072990397,0.003744345822326898,0.036557612363529286,0.09194601072990397,0.003744345822326898,0.036557612363529286,0.09569035655223086,0.12850362309343324,0.04030195818585618,0.13224796891576016
13313,Blackhole Attack,0.06662100696116294,0.050733485460153736,0.036557612363529286,0.06662100696116294,0.050733485460153736,0.036557612363529286,0.11735449242131668,0.10317861932469222,0.08729109782368302,0.15391210478484596
5039,Blackhole Attack,0.06788696865223418,0.0025139186564166276,0.036557612363529286,0.06788696865223418,0.0025139186564166276,0.036557612363529286,0.07040088730865081,0.10444458101576345,0.03907153101994591,0.1069584996721801
4660,Blackhole Attack,0.0944268359182335,7.033840782970515e-05,0.036557612363529286,0.0944268359182335,7.033840782970515e-05,0.036557612363529286,0.09449717432606321,0.13098444828176278,0.03662795077135899,0.1310547866895925
4649,Blackhole Attack,0.09526272198239914,0.001567965455403348,0.036557612363529286,0.09526272198239914,0.001567965455403348,0.036557612363529286,0.09683068743780249,0.13182033434592844,0.03812557781893264,0.13338829980133177
5180,Blackhole Attack,0.09376506796538303,0.0024246906304933743,0.036557612363529286,0.09376506796538303,0.0024246906304933743,0.036557612363529286,0.0961897585958764,0.1303226803289123,0.03898230299402266,0.1327473709594057
4090,Blackhole Attack,0.08701676959398442,1.3941320332770111e-07,0.036557612363529286,0.08701676959398442,1.3941320332770111e-07,0.036557612363529286,0.08701690900718775,0.12357438195751372,0.036557751776732615,0.12357452137071703
14058,Blackhole Attack,0.1144366089224502,0.0,0.036557612363529286,0.1144366089224502,0.0,0.036557612363529286,0.1144366089224502,0.15099422128597947,0.036557612363529286,0.15099422128597947
4151,Blackhole Attack,0.10162784494248481,0.009085907885462837,0.0,0.10162784494248481,0.009085907885462837,0.0,0.11071375282794764,0.10162784494248481,0.009085907885462837,0.11071375282794764
3556,Blackhole Attack,0.06788696865223418,0.010442648004940765,0.036557612363529286,0.06788696865223418,0.010442648004940765,0.036557612363529286,0.07832961665717494,0.10444458101576345,0.04700026036847005,0.11488722902070422
12669,Blackhole Attack,0.05569605238599789,0.030470506248074767,0.033165821382414064,0.05569605238599789,0.030470506248074767,0.033165821382414064,0.08616655863407266,0.08886187376841195,0.06363632763048883,0.11933238001648672
4819,Blackhole Attack,0.10559681441314425,0.029456450355617773,0.036557612363529286,0.10559681441314425,0.029456450355617773,0.036557612363529286,0.13505326476876203,0.14215442677667353,0.06601406271914706,0.1716108771322913
3931,Blackhole Attack,0.0882998954001028,0.01091651076410516,0.004176254731541091,0.0882998954001028,0.01091651076410516,0.004176254731541091,0.09921640616420796,0.0924761501316439,0.01509276549564625,0.10339266089574906
3841,Blackhole Attack,0.11018289025415826,0.02100472247466859,0.036557612363529286,0.11018289025415826,0.02100472247466859,0.036557612363529286,0.13118761272882684,0.14674050261768753,0.05756233483819788,0.16774522509235612
10840,Blackhole Attack,0.07329563429923203,0.01999526432189056,0.036557612363529286,0.07329563429923203,0.01999526432189056,0.036557612363529286,0.09329089862112258,0.1098532466627613,0.05655287668541985,0.12984851098465186
5096,Blackhole Attack,0.10313331682383169,0.00469975784171987,0.036557612363529286,0.10313331682383169,0.00469975784171987,0.036557612363529286,0.10783307466555156,0.13969092918736098,0.04125737020524915,0.14439068702908084
4782,Blackhole Attack,0.11375853545775748,0.007744150377097211,0.03631284688699764,0.11375853545775748,0.007744150377097211,0.03631284688699764,0.12150268583485468,0.15007138234475512,0.04405699726409485,0.15781553272185234
4444,Blackhole Attack,0.05687740059576355,1.50188736258365e-07,0.036557612363529286,0.05687740059576355,1.50188736258365e-07,0.036557612363529286,0.05687755078449981,0.09343501295929284,0.036557762552265546,0.0934351631480291
4829,Blackhole Attack,0.05944398948515392,0.02169630038564843,0.036557612363529286,0.05944398948515392,0.02169630038564843,0.036557612363529286,0.08114028987080235,0.0960016018486832,0.05825391274917772,0.11769790223433163
3051,Blackhole Attack,0.12073484638523996,0.007815347544700304,0.036557612363529286,0.12073484638523996,0.007815347544700304,0.036557612363529286,0.12855019392994027,0.15729245874876924,0.04437295990822959,0.16510780629346955
3269,Blackhole Attack,0.1171064878871897,0.011486973404912275,0.036557612363529286,0.1171064878871897,0.011486973404912275,0.036557612363529286,0.12859346129210197,0.153664100250719,0.04804458576844156,0.16515107365563125
13314,Blackhole Attack,0.10106602006671297,0.01995887947768758,0.036557612363529286,0.10106602006671297,0.01995887947768758,0.036557612363529286,0.12102489954440056,0.13762363243024225,0.05651649184121686,0.15758251190792985
12756,Blackhole Attack,0.09562493460315355,0.016758980813332318,0.036557612363529286,0.09562493460315355,0.016758980813332318,0.036557612363529286,0.11238391541648587,0.13218254696668283,0.053316593176861604,0.14894152778001515
2992,Blackhole Attack,0.0700514493880879,0.02262980972925631,0.036557612363529286,0.0700514493880879,0.02262980972925631,0.036557612363529286,0.0926812591173442,0.10660906175161719,0.059187422092785595,0.12923887148087349
4962,Blackhole Attack,0.09886364997077962,1.5489856327504173e-08,0.036557612363529286,0.09886364997077962,1.5489856327504173e-08,0.036557612363529286,0.09886366546063595,0.1354212623343089,0.036557627853385614,0.13542127782416524
4290,Blackhole Attack,0.11956208767628204,0.010703934009640138,0.030291619304024395,0.11956208767628204,0.010703934009640138,0.030291619304024395,0.1302660216859222,0.14985370698030642,0.04099555331366453,0.16055764098994657
3683,Blackhole Attack,0.12300894512653206,0.003420868534722696,0.036557612363529286,0.12300894512653206,0.003420868534722696,0.036557612363529286,0.12642981366125475,0.15956655749006135,0.039978480898251983,0.16298742602478403
4330,Blackhole Attack,0.09188486979135829,0.022607456052455913,0.036557612363529286,0.09188486979135829,0.022607456052455913,0.036557612363529286,0.1144923258438142,0.12844248215488757,0.0591650684159852,0.1510499382073435
4706,Blackhole Attack,0.098344543532068,0.0177796349757287,0.036557612363529286,0.098344543532068,0.0177796349757287,0.036557612363529286,0.11612417850779669,0.1349021558955973,0.05433724733925799,0.15268179087132597
4732,Blackhole Attack,0.10162784494248481,0.009577814478326275,0.036557612363529286,0.10162784494248481,0.009577814478326275,0.036557612363529286,0.11120565942081108,0.1381854573060141,0.046135426841855565,0.14776327178434037
4382,Blackhole Attack,0.11856012540298254,1.5489856327504173e-08,0.036557612363529286,0.11856012540298254,1.5489856327504173e-08,0.036557612363529286,0.11856014089283887,0.15511773776651183,0.036557627853385614,0.15511775325636815
12145,Blackhole Attack,0.07375424145105874,0.0209469513926063,0.036557612363529286,0.07375424145105874,0.0209469513926063,0.036557612363529286,0.09470119284366504,0.11031185381458802,0.057504563756135586,0.13125880520719432
4853,Blackhole Attack,0.09044804852233529,0.008876518849416117,0.036557612363529286,0.09044804852233529,0.008876518849416117,0.036557612363529286,0.09932456737175141,0.12700566088586457,0.0454341312129454,0.1358821797352807
3970,Blackhole Attack,0.0418641921598328,0.028897124370761813,0.036557612363529286,0.0418641921598328,0.028897124370761813,0.036557612363529286,0.07076131653059461,0.07842180452336209,0.0654547367342911,0.1073189288941239
12578,Blackhole Attack,0.060531455274969836,0.04388456375174467,0.036557612363529286,0.060531455274969836,0.04388456375174467,0.036557612363529286,0.1044160190267145,0.09708906763849912,0.08044217611527396,0.1409736313902438
4835,Blackhole Attack,0.07703679277361983,0.00810143605061117,0.036557612363529286,0.07703679277361983,0.00810143605061117,0.036557612363529286,0.085138228824231,0.11359440513714911,0.04465904841414046,0.12169584118776028
3076,Blackhole Attack,0.052589056523537736,0.020741522388618962,0.036557612363529286,0.052589056523537736,0.020741522388618962,0.036557612363529286,0.07333057891215669,0.08914666888706702,0.05729913475214825,0.10988819127568597
4479,Blackhole Attack,0.10862561031459957,0.011375047373339161,0.036557612363529286,0.10862561031459957,0.011375047373339161,0.036557612363529286,0.12000065768793873,0.14518322267812886,0.047932659736868444,0.15655827005146802
13402,Blackhole Attack,0.10850372193842131,0.019297223036866363,0.036557612363529286,0.10850372193842131,0.019297223036866363,0.036557612363529286,0.12780094497528768,0.1450613343019506,0.05585483540039565,0.16435855733881696
12029,Blackhole Attack,0.07375424145105874,0.03595828205765837,0.036557612363529286,0.07375424145105874,0.03595828205765837,0.036557612363529286,0.10971252350871712,0.11031185381458802,0.07251589442118767,0.1462701358722464
11928,Blackhole Attack,0.0612906039765795,0.017657794823668974,0.036557612363529286,0.0612906039765795,0.017657794823668974,0.036557612363529286,0.07894839880024847,0.09784821634010879,0.054215407187198264,0.11550601116377776
11336,Blackhole Attack,0.023234207959673486,0.004433968321273758,0.036557612363529286,0.023234207959673486,0.004433968321273758,0.036557612363529286,0.027668176280947244,0.05979182032320277,0.04099158068480305,0.06422578864447653
4944,Blackhole Attack,0.06846456630623916,0.04259018674347912,0.036557612363529286,0.06846456630623916,0.04259018674347912,0.036557612363529286,0.11105475304971829,0.10502217866976846,0.0791477991070084,0.14761236541324757
13244,Blackhole Attack,0.080225205616165,0.01671179636581088,0.036557612363529286,0.080225205616165,0.01671179636581088,0.036557612363529286,0.09693700198197588,0.11678281797969428,0.05326940872934016,0.13349461434550516
12871,Blackhole Attack,0.07746680962641261,0.02567760474474992,0.036557612363529286,0.07746680962641261,0.02567760474474992,0.036557612363529286,0.10314441437116253,0.1140244219899419,0.06223521710827921,0.13970202673469181
12403,Blackhole Attack,0.09308582383582308,0.015970767121337617,0.036557612363529286,0.09308582383582308,0.015970767121337617,0.036557612363529286,0.10905659095716069,0.12964343619935237,0.052528379484866904,0.14561420332068997
4818,Blackhole Attack,0.09288422692240506,0.04252415687745199,0.036557612363529286,0.09288422692240506,0.04252415687745199,0.036557612363529286,0.13540838379985703,0.12944183928593433,0.07908176924098129,0.17196599616338631
9802,Blackhole Attack,0.0511388239691412,0.0033190271381338034,0.0,0.0511388239691412,0.0033190271381338034,0.0,0.054457851107275,0.0511388239691412,0.0033190271381338034,0.054457851107275
11973,Blackhole Attack,0.10357824919311331,0.04701041368580189,0.036557612363529286,0.10357824919311331,0.04701041368580189,0.036557612363529286,0.1505886628789152,0.1401358615566426,0.08356802604933117,0.18714627524244448
10103,Blackhole Attack,0.029624895057014815,0.013813479378512482,0.010415465901132005,0.029624895057014815,0.013813479378512482,0.010415465901132005,0.0434383744355273,0.04004036095814682,0.024228945279644486,0.0538538403366593
12141,Blackhole Attack,0.0635139295271727,0.021072228519816435,0.036557612363529286,0.0635139295271727,0.021072228519816435,0.036557612363529286,0.08458615804698914,0.100071541890702,0.05762984088334572,0.12114377041051844
3832,Blackhole Attack,0.06788696865223418,7.033827137421217e-05,0.036557612363529286,0.06788696865223418,7.033827137421217e-05,0.036557612363529286,0.0679573069236084,0.10444458101576345,0.0366279506349035,0.10451491928713769
4550,Blackhole Attack,0.0680400919115973,1.3941320332770111e-07,0.036557612363529286,0.0680400919115973,1.3941320332770111e-07,0.036557612363529286,0.06804023132480062,0.10459770427512657,0.036557751776732615,0.10459784368832992
10716,Blackhole Attack,0.07184274840315316,0.00909476372368587,0.036557612363529286,0.07184274840315316,0.00909476372368587,0.036557612363529286,0.08093751212683903,0.10840036076668244,0.04565237608721516,0.11749512449036831
3242,Blackhole Attack,0.06838291318691231,1.4101379565274486e-07,0.036557612363529286,0.06838291318691231,1.4101379565274486e-07,0.036557612363529286,0.06838305420070796,0.10494052555044159,0.03655775337732494,0.10494066656423726
4421,Blackhole Attack,0.0680400919115973,1.4101379565274486e-07,0.036557612363529286,0.0680400919115973,1.4101379565274486e-07,0.036557612363529286,0.06804023292539295,0.10459770427512657,0.03655775337732494,0.10459784528892224
3737,Blackhole Attack,0.09237298208610151,0.018123053866970457,0.036557612363529286,0.09237298208610151,0.018123053866970457,0.036557612363529286,0.11049603595307196,0.1289305944496308,0.05468066623049975,0.14705364831660125
4804,Blackhole Attack,0.06788696865223418,0.002218094998921187,0.036557612363529286,0.06788696865223418,0.002218094998921187,0.036557612363529286,0.07010506365115536,0.10444458101576345,0.03877570736245047,0.10666267601468465
3612,Blackhole Attack,0.1078599114296572,0.011367991175605649,0.036557612363529286,0.1078599114296572,0.011367991175605649,0.036557612363529286,0.11922790260526285,0.14441752379318648,0.047925603539134935,0.15578551496879214
4263,Blackhole Attack,0.11681948519734953,0.020736256102089186,0.036557612363529286,0.11681948519734953,0.020736256102089186,0.036557612363529286,0.1375557412994387,0.1533770975608788,0.05729386846561847,0.17411335366296798
4579,Blackhole Attack,0.06788696865223418,0.003963566177993621,0.036557612363529286,0.06788696865223418,0.003963566177993621,0.036557612363529286,0.0718505348302278,0.10444458101576345,0.04052117854152291,0.10840814719375708
4599,Blackhole Attack,0.10286167202678512,0.0028945876989882914,0.0281210399806678,0.10286167202678512,0.0028945876989882914,0.0281210399806678,0.1057562597257734,0.13098271200745293,0.031015627679656092,0.13387729970644122
3289,Blackhole Attack,0.11022448863246286,0.002783646444630704,0.036557612363529286,0.11022448863246286,0.002783646444630704,0.036557612363529286,0.11300813507709356,0.14678210099599215,0.03934125880815999,0.14956574744062284
9557,Blackhole Attack,0.09726402198587576,0.0214610103884134,0.032940257523845905,0.09726402198587576,0.0214610103884134,0.032940257523845905,0.11872503237428916,0.13020427950972166,0.054401267912259306,0.15166528989813507
12999,Blackhole Attack,0.08818185528550468,0.017297992220862164,0.036557612363529286,0.08818185528550468,0.017297992220862164,0.036557612363529286,0.10547984750636684,0.12473946764903396,0.05385560458439145,0.14203745986989613
11001,Blackhole Attack,0.10274410470536548,0.02067886710677359,0.0,0.10274410470536548,0.02067886710677359,0.0,0.12342297181213907,0.10274410470536548,0.02067886710677359,0.12342297181213907
5080,Blackhole Attack,0.12476488823541868,3.047491756176858e-08,0.036557612363529286,0.12476488823541868,3.047491756176858e-08,0.036557612363529286,0.12476491871033624,0.16132250059894795,0.03655764283844685,0.16132253107386552
3227,Blackhole Attack,0.09134476953894002,0.003633799909945313,0.036557612363529286,0.09134476953894002,0.003633799909945313,0.036557612363529286,0.09497856944888533,0.1279023819024693,0.0401914122734746,0.1315361818124146
3284,Blackhole Attack,0.06788696865223418,0.0024722688571205994,0.036557612363529286,0.06788696865223418,0.0024722688571205994,0.036557612363529286,0.07035923750935477,0.10444458101576345,0.03902988122064988,0.10691684987288405
4009,Blackhole Attack,0.06809553151679984,0.002120130582116303,0.036557612363529286,0.06809553151679984,0.002120130582116303,0.036557612363529286,0.07021566209891614,0.10465314388032912,0.03867774294564559,0.10677327446244542
3202,Blackhole Attack,0.09185682856327504,0.00456777425557139,0.036557612363529286,0.09185682856327504,0.00456777425557139,0.036557612363529286,0.09642460281884643,0.12841444092680432,0.04112538661910067,0.1329822151823757
3234,Blackhole Attack,0.042287439632828966,0.0047125092099550014,0.036557612363529286,0.042287439632828966,0.0047125092099550014,0.036557612363529286,0.04699994884278397,0.07884505199635825,0.04127012157348429,0.08355756120631325
12736,Blackhole Attack,0.07218619647768904,0.017152941801753224,0.036557612363529286,0.07218619647768904,0.017152941801753224,0.036557612363529286,0.08933913827944226,0.10874380884121831,0.05371055416528251,0.12589675064297154
13427,Blackhole Attack,0.08020941810264381,1.3941320332770111e-07,0.036557612363529286,0.08020941810264381,1.3941320332770111e-07,0.036557612363529286,0.08020955751584714,0.1167670304661731,0.036557751776732615,0.11676716987937644
13185,Blackhole Attack,0.05666883773119788,0.03728827087197038,0.036557612363529286,0.05666883773119788,0.03728827087197038,0.036557612363529286,0.09395710860316826,0.09322645009472716,0.07384588323549968,0.13051472096669756
11185,Blackhole Attack,0.11060389479175942,0.0023792149001861367,0.036557612363529286,0.11060389479175942,0.0023792149001861367,0.036557612363529286,0.11298310969194555,0.1471615071552887,0.038936827263715425,0.14954072205547483
13172,Blackhole Attack,0.05647926216472712,0.02018490558664848,0.036557612363529286,0.05647926216472712,0.02018490558664848,0.036557612363529286,0.0766641677513756,0.0930368745282564,0.05674251795017776,0.11322178011490489
13152,Blackhole Attack,0.06822209775719568,0.024545049732191782,0.036557612363529286,0.06822209775719568,0.024545049732191782,0.036557612363529286,0.09276714748938746,0.10477971012072496,0.06110266209572107,0.12932475985291675
3421,Blackhole Attack,0.06788696865223418,0.003438724916077539,0.036557612363529286,0.06788696865223418,0.003438724916077539,0.036557612363529286,0.07132569356831171,0.10444458101576345,0.039996337279606824,0.107883305931841
4557,Blackhole Attack,0.06253884963464791,0.010295188397266605,0.036557612363529286,0.06253884963464791,0.010295188397266605,0.036557612363529286,0.07283403803191452,0.0990964619981772,0.04685280076079589,0.1093916503954438
4580,Blackhole Attack,0.07592896243331614,0.0036479127134326117,0.036557612363529286,0.07592896243331614,0.0036479127134326117,0.036557612363529286,0.07957687514674874,0.11248657479684543,0.0402055250769619,0.11613448751027802
3293,Blackhole Attack,0.10147472168312169,0.003256538927407727,0.036557612363529286,0.10147472168312169,0.003256538927407727,0.036557612363529286,0.10473126061052941,0.13803233404665097,0.03981415129093702,0.1412888729740587
3244,Blackhole Attack,0.13377162210532614,0.0007276178065719921,0.036557612363529286,0.13377162210532614,0.0007276178065719921,0.036557612363529286,0.13449923991189813,0.17032923446885542,0.037285230170101276,0.1710568522754274
5072,Blackhole Attack,0.10147472168312169,0.009020101132467422,0.036557612363529286,0.10147472168312169,0.009020101132467422,0.036557612363529286,0.11049482281558912,0.13803233404665097,0.04557771349599671,0.1470524351791184
4252,Blackhole Attack,0.12136567935925477,0.0008217106236002285,0.036557612363529286,0.12136567935925477,0.0008217106236002285,0.036557612363529286,0.122187389982855,0.15792329172278405,0.03737932298712952,0.15874500234638428
12925,Blackhole Attack,0.10540170863330298,0.03737348209301803,0.036557612363529286,0.10540170863330298,0.03737348209301803,0.036557612363529286,0.142775190726321,0.14195932099683226,0.07393109445654732,0.17933280308985028
13173,Blackhole Attack,0.08576652969324026,0.04894783508720502,0.036557612363529286,0.08576652969324026,0.04894783508720502,0.036557612363529286,0.1347143647804453,0.12232414205676956,0.08550544745073431,0.17127197714397457
12207,Blackhole Attack,0.03223090882169602,0.04531612710276102,0.036557612363529286,0.03223090882169602,0.04531612710276102,0.036557612363529286,0.07754703592445704,0.0687885211852253,0.08187373946629031,0.11410464828798633
4058,Blackhole Attack,0.03788942482798631,0.020765339735125874,0.036557612363529286,0.03788942482798631,0.020765339735125874,0.036557612363529286,0.05865476456311218,0.0744470371915156,0.057322952098655164,0.09521237692664147
4002,Blackhole Attack,0.10162784494248481,0.01096544854123584,0.036557612363529286,0.10162784494248481,0.01096544854123584,0.036557612363529286,0.11259329348372064,0.1381854573060141,0.04752306090476513,0.14915090584724994
13067,Blackhole Attack,0.08332189400867468,0.03186021637303794,0.036557612363529286,0.08332189400867468,0.03186021637303794,0.036557612363529286,0.11518211038171261,0.11987950637220396,0.06841782873656722,0.1517397227452419
11998,Blackhole Attack,0.11856012540298254,1.5489856327504173e-08,0.036557612363529286,0.11856012540298254,1.5489856327504173e-08,0.036557612363529286,0.11856014089283887,0.15511773776651183,0.036557627853385614,0.15511775325636815
13327,Blackhole Attack,0.07472425798873011,0.004027515173798827,0.0,0.07472425798873011,0.004027515173798827,0.0,0.07875177316252895,0.07472425798873011,0.004027515173798827,0.07875177316252895
4635,Blackhole Attack,0.11672874414765678,0.0029625697936361273,0.036557612363529286,0.11672874414765678,0.0029625697936361273,0.036557612363529286,0.11969131394129291,0.15328635651118608,0.039520182157165414,0.1562489263048222
5110,Blackhole Attack,0.08842030031791762,0.04378016885726076,0.036557612363529286,0.08842030031791762,0.04378016885726076,0.036557612363529286,0.13220046917517836,0.1249779126814469,0.08033778122079005,0.16875808153870764
4852,Blackhole Attack,0.10162784494248481,0.010672972529299914,0.036557612363529286,0.10162784494248481,0.010672972529299914,0.036557612363529286,0.11230081747178472,0.1381854573060141,0.0472305848928292,0.148858429835314
3882,Blackhole Attack,0.06639677625260682,0.03566488346021382,0.036557612363529286,0.06639677625260682,0.03566488346021382,0.036557612363529286,0.10206165971282063,0.1029543886161361,0.0722224958237431,0.13861927207634991
3266,Blackhole Attack,0.11688059350240729,0.0005873168196484074,0.036557612363529286,0.11688059350240729,0.0005873168196484074,0.036557612363529286,0.1174679103220557,0.15343820586593657,0.037144929183177695,0.15402552268558498
4907,Blackhole Attack,0.10147472168312169,0.0029237861338955442,0.036557612363529286,0.10147472168312169,0.0029237861338955442,0.036557612363529286,0.10439850781701723,0.13803233404665097,0.03948139849742483,0.1409561201805465
4013,Blackhole Attack,0.13563942190609377,0.006187859791577903,0.036557612363529286,0.13563942190609377,0.006187859791577903,0.036557612363529286,0.14182728169767167,0.17219703426962304,0.04274547215510719,0.17838489406120095
13281,Blackhole Attack,0.04213465168167435,0.018145220692380806,0.036557612363529286,0.04213465168167435,0.018145220692380806,0.036557612363529286,0.06027987237405516,0.07869226404520363,0.05470283305591009,0.09683748473758444
3623,Blackhole Attack,0.12099548158431611,0.021812175252991797,0.036557612363529286,0.12099548158431611,0.021812175252991797,0.036557612363529286,0.1428076568373079,0.1575530939478454,0.058369787616521084,0.17936526920083717
10815,Blackhole Attack,0.11120169162265583,0.007955411969873231,0.036557612363529286,0.11120169162265583,0.007955411969873231,0.036557612363529286,0.11915710359252907,0.14775930398618511,0.04451302433340252,0.15571471595605835
5108,Blackhole Attack,0.11421297938384511,0.010442648003976587,0.036557612363529286,0.11421297938384511,0.010442648003976587,0.036557612363529286,0.1246556273878217,0.1507705917473744,0.047000260367505875,0.161213239751351
3602,Blackhole Attack,0.1331418621897067,0.0039022035436478563,0.036557612363529286,0.1331418621897067,0.0039022035436478563,0.036557612363529286,0.13704406573335456,0.16969947455323597,0.04045981590717714,0.17360167809688384
3439,Blackhole Attack,0.11722722577487868,0.008923651914223167,0.011908467375803462,0.11722722577487868,0.008923651914223167,0.011908467375803462,0.12615087768910185,0.12913569315068213,0.02083211929002663,0.1380593450649053
11654,Blackhole Attack,0.093094945152984,1.3941320332770111e-07,0.0,0.093094945152984,1.3941320332770111e-07,0.0,0.09309508456618733,0.093094945152984,1.3941320332770111e-07,0.09309508456618733
3668,Blackhole Attack,0.09478952504996632,0.0028832858311583554,0.036557612363529286,0.09478952504996632,0.0028832858311583554,0.036557612363529286,0.09767281088112467,0.1313471374134956,0.03944089819468764,0.13423042324465395
10100,Blackhole Attack,0.025397184992925398,0.0016832400794678565,0.014104588088677084,0.025397184992925398,0.0016832400794678565,0.014104588088677084,0.027080425072393253,0.03950177308160248,0.01578782816814494,0.04118501316107034
12637,Blackhole Attack,0.08819101672223087,0.03438370496539426,0.036557612363529286,0.08819101672223087,0.03438370496539426,0.036557612363529286,0.12257472168762512,0.12474862908576015,0.07094131732892354,0.1591323340511544
5109,Blackhole Attack,0.11659455037973623,0.011507649320224697,0.036557612363529286,0.11659455037973623,0.011507649320224697,0.036557612363529286,0.12810219969996092,0.1531521627432655,0.04806526168375398,0.1646598120634902
4934,Blackhole Attack,0.11302798170911947,0.00390220354061614,0.036557612363529286,0.11302798170911947,0.00390220354061614,0.036557612363529286,0.11693018524973561,0.14958559407264876,0.04045981590414543,0.1534877976132649
4848,Blackhole Attack,0.08403749013193038,0.023301107431995725,0.036557612363529286,0.08403749013193038,0.023301107431995725,0.036557612363529286,0.10733859756392611,0.12059510249545966,0.05985871979552501,0.1438962099274554
2886,Blackhole Attack,0.03360663201207202,0.008207696386360597,0.036557612363529286,0.03360663201207202,0.008207696386360597,0.036557612363529286,0.04181432839843262,0.07016424437560131,0.04476530874988988,0.07837194076196191
12168,Blackhole Attack,0.0742750741479708,0.007744065556830574,0.036557612363529286,0.0742750741479708,0.007744065556830574,0.036557612363529286,0.08201913970480137,0.11083268651150008,0.04430167792035986,0.11857675206833065
4558,Blackhole Attack,0.08541334707361008,0.008845552672898965,0.036557612363529286,0.08541334707361008,0.008845552672898965,0.036557612363529286,0.09425889974650904,0.12197095943713937,0.04540316503642825,0.13081651211003834
12662,Blackhole Attack,0.039404095203713047,0.04515766640993124,0.036557612363529286,0.039404095203713047,0.04515766640993124,0.036557612363529286,0.08456176161364429,0.07596170756724233,0.08171527877346052,0.12111937397717357
12171,Blackhole Attack,0.0979735332344192,0.043814251725083284,0.036557612363529286,0.0979735332344192,0.043814251725083284,0.036557612363529286,0.14178778495950248,0.1345311455979485,0.08037186408861258,0.17834539732303176
4533,Blackhole Attack,0.027403125640153507,0.014395716659148062,0.036557612363529286,0.027403125640153507,0.014395716659148062,0.036557612363529286,0.04179884229930157,0.0639607380036828,0.05095332902267735,0.07835645466283087
3703,Blackhole Attack,0.0680400919115973,0.017455707947972455,0.036557612363529286,0.0680400919115973,0.017455707947972455,0.036557612363529286,0.08549579985956975,0.10459770427512657,0.054013320311501745,0.12205341222309904
4596,Blackhole Attack,0.07850542988202622,0.00914898966161399,0.036557612363529286,0.07850542988202622,0.00914898966161399,0.036557612363529286,0.08765441954364021,0.1150630422455555,0.045706602025143275,0.1242120319071695
4730,Blackhole Attack,0.0680400919115973,0.018645869229575635,0.036557612363529286,0.0680400919115973,0.018645869229575635,0.036557612363529286,0.08668596114117293,0.10459770427512657,0.055203481593104925,0.12324357350470222
3264,Blackhole Attack,0.06195730356878206,0.008526665933578792,0.036557612363529286,0.06195730356878206,0.008526665933578792,0.036557612363529286,0.07048396950236085,0.09851491593231135,0.04508427829710808,0.10704158186589013
4749,Blackhole Attack,0.0923080468881839,0.0019907432769185854,0.036557612363529286,0.0923080468881839,0.0019907432769185854,0.036557612363529286,0.0942987901651025,0.1288656592517132,0.038548355640447875,0.1308564025286318
5128,Blackhole Attack,0.06788696865223418,7.033826966862822e-05,0.036557612363529286,0.06788696865223418,7.033826966862822e-05,0.036557612363529286,0.0679573069219028,0.10444458101576345,0.03662795063319792,0.10451491928543208
12378,Blackhole Attack,0.039920331406737515,0.036010394770902274,0.036557612363529286,0.039920331406737515,0.036010394770902274,0.036557612363529286,0.0759307261776398,0.0764779437702668,0.07256800713443157,0.11248833854116908
9621,Blackhole Attack,0.023081084700310363,0.002858730186772017,0.036557612363529286,0.023081084700310363,0.002858730186772017,0.036557612363529286,0.025939814887082382,0.059638697063839646,0.039416342550301305,0.062497427250611665
4333,Blackhole Attack,0.08984112229255534,0.016511655044297205,0.036557612363529286,0.08984112229255534,0.016511655044297205,0.036557612363529286,0.10635277733685254,0.12639873465608462,0.05306926740782649,0.14291038970038183
3519,Blackhole Attack,0.11614501151809115,0.007728020538618943,0.036557612363529286,0.11614501151809115,0.007728020538618943,0.036557612363529286,0.12387303205671009,0.15270262388162043,0.04428563290214823,0.16043064442023938
3022,Blackhole Attack,0.0995321591159273,0.023579910421818565,0.0,0.0995321591159273,0.023579910421818565,0.0,0.12311206953774587,0.0995321591159273,0.023579910421818565,0.12311206953774587
10214,Blackhole Attack,0.04756514172327056,0.00013642919597159464,0.036557612363529286,0.04756514172327056,0.00013642919597159464,0.036557612363529286,0.04770157091924215,0.08412275408679984,0.03669404155950088,0.08425918328277143
11143,Blackhole Attack,0.07746680962641261,0.003068301106363071,0.03434941284484358,0.07746680962641261,0.003068301106363071,0.03434941284484358,0.08053511073277568,0.1118162224712562,0.03741771395120665,0.11488452357761926
12496,Blackhole Attack,0.11058548438615401,1.3941320332770111e-07,0.036557612363529286,0.11058548438615401,1.3941320332770111e-07,0.036557612363529286,0.11058562379935734,0.1471430967496833,0.036557751776732615,0.14714323616288663
12603,Blackhole Attack,0.08447673338976847,0.04381436649416611,0.036557612363529286,0.08447673338976847,0.04381436649416611,0.036557612363529286,0.12829109988393458,0.12103434575329775,0.0803719788576954,0.16484871224746386
12850,Blackhole Attack,0.06750230441671978,0.03577328027874899,0.036557612363529286,0.06750230441671978,0.03577328027874899,0.036557612363529286,0.10327558469546877,0.10405991678024906,0.07233089264227827,0.13983319705899805
4540,Blackhole Attack,0.11613651720377913,0.004904059354949936,0.036557612363529286,0.11613651720377913,0.004904059354949936,0.036557612363529286,0.12104057655872906,0.1526941295673084,0.041461671718479226,0.15759818892225835
3846,Blackhole Attack,0.09484918051051028,0.006660724554678531,0.036557612363529286,0.09484918051051028,0.006660724554678531,0.036557612363529286,0.10150990506518881,0.13140679287403956,0.04321833691820782,0.1380675174287181
12483,Blackhole Attack,0.1346882526662455,0.047257818842387216,0.036557612363529286,0.1346882526662455,0.047257818842387216,0.036557612363529286,0.18194607150863273,0.1712458650297748,0.0838154312059165,0.218503683872162
4111,Blackhole Attack,0.06788696865223418,0.007840472660032804,0.036557612363529286,0.06788696865223418,0.007840472660032804,0.036557612363529286,0.07572744131226698,0.10444458101576345,0.04439808502356209,0.11228505367579628
3887,Blackhole Attack,0.08557261784568254,0.0017530716399684191,0.036557612363529286,0.08557261784568254,0.0017530716399684191,0.036557612363529286,0.08732568948565096,0.12213023020921182,0.03831068400349771,0.12388330184918026
3561,Blackhole Attack,0.06788696865223418,0.011066770759483613,0.036557612363529286,0.06788696865223418,0.011066770759483613,0.036557612363529286,0.0789537394117178,0.10444458101576345,0.0476243831230129,0.11551135177524707
3682,Blackhole Attack,0.11949013294869028,1.5489856327504173e-08,0.036557612363529286,0.11949013294869028,1.5489856327504173e-08,0.036557612363529286,0.1194901484385466,0.15604774531221957,0.036557627853385614,0.15604776080207589
4772,Blackhole Attack,0.08455192607298873,1.3941320332770111e-07,0.036557612363529286,0.08455192607298873,1.3941320332770111e-07,0.036557612363529286,0.08455206548619205,0.121109538436518,0.036557751776732615,0.12110967784972135
12473,Blackhole Attack,0.07161364396142487,0.01316583107932924,0.036557612363529286,0.07161364396142487,0.01316583107932924,0.036557612363529286,0.08477947504075412,0.10817125632495417,0.04972344344285853,0.1213370874042834
5012,Blackhole Attack,0.07346465791587917,0.0020215151487120793,0.036557612363529286,0.07346465791587917,0.0020215151487120793,0.036557612363529286,0.07548617306459125,0.11002227027940845,0.038579127512241365,0.11204378542812055
4102,Blackhole Attack,0.1154298157134056,2.6244712826584138e-08,0.036557612363529286,0.1154298157134056,2.6244712826584138e-08,0.036557612363529286,0.11542984195811842,0.15198742807693488,0.03655763860824211,0.1519874543216477
4107,Blackhole Attack,0.11942318540500924,0.0023643880607981216,0.036557612363529286,0.11942318540500924,0.0023643880607981216,0.036557612363529286,0.12178757346580736,0.15598079776853851,0.038922000424327405,0.15834518582933665
12190,Blackhole Attack,0.05274247869816438,0.02117528668217343,0.036557612363529286,0.05274247869816438,0.02117528668217343,0.036557612363529286,0.07391776538033781,0.08930009106169368,0.05773289904570272,0.11047537774386709
4321,Blackhole Attack,0.0785541845480677,0.0,0.036557612363529286,0.0785541845480677,0.0,0.036557612363529286,0.0785541845480677,0.11511179691159698,0.036557612363529286,0.11511179691159698
4160,Blackhole Attack,0.04691352272000482,0.0026925918344262384,0.036557612363529286,0.04691352272000482,0.0026925918344262384,0.036557612363529286,0.049606114554431056,0.0834711350835341,0.039250204197955524,0.08616372691796034
3072,Blackhole Attack,0.059686921077318496,0.017950289173058985,0.036557612363529286,0.059686921077318496,0.017950289173058985,0.036557612363529286,0.07763721025037748,0.09624453344084778,0.05450790153658827,0.11419482261390676
11307,Blackhole Attack,0.08095841686642098,0.007211959497341293,0.036557612363529286,0.08095841686642098,0.007211959497341293,0.036557612363529286,0.08817037636376228,0.11751602922995028,0.043769571860870576,0.12472798872729157
4984,Blackhole Attack,0.1154298157134056,0.0037361305006839533,0.036557612363529286,0.1154298157134056,0.0037361305006839533,0.036557612363529286,0.11916594621408956,0.15198742807693488,0.040293742864213236,0.15572355857761885
3190,Blackhole Attack,0.10978529337191736,0.0023562773664308704,0.036557612363529286,0.10978529337191736,0.0023562773664308704,0.036557612363529286,0.11214157073834824,0.14634290573544664,0.038913889729960155,0.14869918310187752
12036,Blackhole Attack,0.058949289642743305,0.03706860827731689,0.0,0.058949289642743305,0.03706860827731689,0.0,0.09601789792006019,0.058949289642743305,0.03706860827731689,0.09601789792006019
10250,Blackhole Attack,0.0670676491423231,0.0029672959367444025,0.0,0.0670676491423231,0.0029672959367444025,0.0,0.0700349450790675,0.0670676491423231,0.0029672959367444025,0.0700349450790675
4523,Blackhole Attack,0.09188486979135829,0.0029784277989696713,0.036557612363529286,0.09188486979135829,0.0029784277989696713,0.036557612363529286,0.09486329759032797,0.12844248215488757,0.03953604016249896,0.13142090995385725
3065,Blackhole Attack,0.10524771643294625,0.022518726228322107,0.036557612363529286,0.10524771643294625,0.022518726228322107,0.036557612363529286,0.12776644266126835,0.14180532879647553,0.05907633859185139,0.16432405502479763
13028,Blackhole Attack,0.08782677520629123,0.0391431360022146,0.036557612363529286,0.08782677520629123,0.0391431360022146,0.036557612363529286,0.12696991120850581,0.12438438756982051,0.07570074836574389,0.1635275235720351
9803,Blackhole Attack,0.023081084700310363,0.003145647151652334,0.03195821425784094,0.023081084700310363,0.003145647151652334,0.03195821425784094,0.026226731851962698,0.05503929895815131,0.03510386140949327,0.05818494610980364
3795,Blackhole Attack,0.124274744318279,0.0040444468605109335,0.036557612363529286,0.124274744318279,0.0040444468605109335,0.036557612363529286,0.12831919117878993,0.1608323566818083,0.04060205922404022,0.1648768035423192
12155,Blackhole Attack,0.03239122365835173,0.017414461676809788,0.036557612363529286,0.03239122365835173,0.017414461676809788,0.036557612363529286,0.04980568533516152,0.06894883602188101,0.053972074040339074,0.0863632976986908
9935,Blackhole Attack,0.023081084700310363,0.003765226914085093,0.009945927165560897,0.023081084700310363,0.003765226914085093,0.009945927165560897,0.026846311614395456,0.03302701186587126,0.013711154079645991,0.036792238779956354
12508,Blackhole Attack,0.09460159884757967,0.018216482065383434,0.0,0.09460159884757967,0.018216482065383434,0.0,0.11281808091296311,0.09460159884757967,0.018216482065383434,0.11281808091296311
4604,Blackhole Attack,0.0865941525371405,0.0015197549836999218,0.036557612363529286,0.0865941525371405,0.0015197549836999218,0.036557612363529286,0.08811390752084043,0.12315176490066979,0.038077367347229205,0.12467151988436972
3083,Blackhole Attack,0.07543081340069673,0.018283436873312017,0.036557612363529286,0.07543081340069673,0.018283436873312017,0.036557612363529286,0.09371425027400875,0.11198842576422602,0.0548410492368413,0.13027186263753804
3009,Blackhole Attack,0.10332365344399942,0.0012971212080157555,0.036557612363529286,0.10332365344399942,0.0012971212080157555,0.036557612363529286,0.10462077465201518,0.13988126580752872,0.03785473357154504,0.14117838701554447
3468,Blackhole Attack,0.11811376634505119,0.004287369314362446,0.036557612363529286,0.11811376634505119,0.004287369314362446,0.036557612363529286,0.12240113565941364,0.15467137870858047,0.04084498167789173,0.15895874802294294
11447,Blackhole Attack,0.06742699167317358,0.007779379604141771,0.036557612363529286,0.06742699167317358,0.007779379604141771,0.036557612363529286,0.07520637127731535,0.10398460403670287,0.04433699196767106,0.11176398364084464
5007,Blackhole Attack,0.12041192185548868,1.3941320332770111e-07,0.036557612363529286,0.12041192185548868,1.3941320332770111e-07,0.036557612363529286,0.12041206126869201,0.15696953421901796,0.036557751776732615,0.1569696736322213
13659,Blackhole Attack,0.06364496430575428,0.002103350423409578,0.02459262976502647,0.06364496430575428,0.002103350423409578,0.02459262976502647,0.06574831472916386,0.08823759407078074,0.02669598018843605,0.09034094449419033
3228,Blackhole Attack,0.10012914087224895,0.009397131573322715,0.036557612363529286,0.10012914087224895,0.009397131573322715,0.036557612363529286,0.10952627244557166,0.13668675323577822,0.045954743936852005,0.14608388480910095
2898,Blackhole Attack,0.09082236976218662,0.006943854875626203,0.036557612363529286,0.09082236976218662,0.006943854875626203,0.036557612363529286,0.09776622463781282,0.1273799821257159,0.04350146723915549,0.1343238370013421
2936,Blackhole Attack,0.09577451360369928,0.005094568134085211,0.036557612363529286,0.09577451360369928,0.005094568134085211,0.036557612363529286,0.10086908173778449,0.13233212596722857,0.041652180497614495,0.13742669410131378
11077,Blackhole Attack,0.11015351891607872,0.0018552543108766102,0.036557612363529286,0.11015351891607872,0.0018552543108766102,0.036557612363529286,0.11200877322695534,0.146711131279608,0.038412866674405896,0.14856638559048463
12311,Blackhole Attack,0.11743462206378513,0.0233303477558039,0.036557612363529286,0.11743462206378513,0.0233303477558039,0.036557612363529286,0.14076496981958903,0.1539922344273144,0.059887960119333186,0.1773225821831183
13683,Blackhole Attack,0.0798205652555622,1.3941320332770111e-07,0.036557612363529286,0.0798205652555622,1.3941320332770111e-07,0.036557612363529286,0.07982070466876554,0.1163781776190915,0.036557751776732615,0.11637831703229481
12899,Blackhole Attack,0.07133121940289769,0.06140365612278517,0.036557612363529286,0.07133121940289769,0.06140365612278517,0.036557612363529286,0.13273487552568286,0.10788883176642697,0.09796126848631445,0.16929248788921214
3254,Blackhole Attack,0.0475021629362601,0.0007199261924816561,0.036557612363529286,0.0475021629362601,0.0007199261924816561,0.036557612363529286,0.048222089128741756,0.08405977529978939,0.037277538556010945,0.08477970149227104
4986,Blackhole Attack,0.1219649000041454,1.5489856327504173e-08,0.036557612363529286,0.1219649000041454,1.5489856327504173e-08,0.036557612363529286,0.12196491549400172,0.15852251236767467,0.036557627853385614,0.15852252785753101
4755,Blackhole Attack,0.05763945043290793,0.00338180705037482,0.036557612363529286,0.05763945043290793,0.00338180705037482,0.036557612363529286,0.06102125748328275,0.09419706279643722,0.03993941941390411,0.09757886984681204
13320,Blackhole Attack,0.07074063239715413,0.01846540536078313,0.036557612363529286,0.07074063239715413,0.01846540536078313,0.036557612363529286,0.08920603775793726,0.10729824476068342,0.055023017724312416,0.12576365012146654
17723,Flooding Attack,0.11550298545023391,0.043814251725083284,0.010634355854368845,0.11550298545023391,0.043814251725083284,0.010634355854368845,0.1593172371753172,0.12613734130460275,0.05444860757945213,0.16995159302968604
8128,Flooding Attack,0.10039654146096766,0.047721030409351835,0.0,0.10039654146096766,0.047721030409351835,0.0,0.1481175718703195,0.10039654146096766,0.047721030409351835,0.1481175718703195
14525,Flooding Attack,0.0893701133677654,0.04371377076780399,0.010123164458628126,0.0893701133677654,0.04371377076780399,0.010123164458628126,0.1330838841355694,0.09949327782639353,0.05383693522643212,0.14320704859419753
17288,Flooding Attack,0.09478952504996632,0.04584504403607135,0.03516653499373952,0.09478952504996632,0.04584504403607135,0.03516653499373952,0.14063456908603766,0.12995606004370586,0.08101157902981088,0.17580110407977717
8471,Flooding Attack,0.0680400919115973,0.046354969040494874,0.02086597191718631,0.0680400919115973,0.046354969040494874,0.02086597191718631,0.11439506095209218,0.0889060638287836,0.06722094095768119,0.13526103286927849
14529,Flooding Attack,0.06016938090185553,0.047029840000129684,0.036557612363529286,0.06016938090185553,0.047029840000129684,0.036557612363529286,0.10719922090198522,0.09672699326538481,0.08358745236365897,0.1437568332655145
17860,Flooding Attack,0.11327792794858907,0.046889434464466674,0.0,0.11327792794858907,0.046889434464466674,0.0,0.16016736241305574,0.11327792794858907,0.046889434464466674,0.16016736241305574
8301,Flooding Attack,0.10844744119984666,0.046354969040494874,0.036557612363529286,0.10844744119984666,0.046354969040494874,0.036557612363529286,0.15480241024034153,0.14500505356337595,0.08291258140402416,0.1913600226038708
16382,Flooding Attack,0.07510830425870588,0.046889434464466674,0.036557612363529286,0.07510830425870588,0.046889434464466674,0.036557612363529286,0.12199773872317254,0.11166591662223516,0.08344704682799596,0.15855535108670182
8145,Flooding Attack,0.10656528144338442,0.06477245043575303,0.0,0.10656528144338442,0.06477245043575303,0.0,0.17133773187913745,0.10656528144338442,0.06477245043575303,0.17133773187913745
7500,Flooding Attack,0.11728602188202325,0.0460211642363572,0.016899986796927013,0.11728602188202325,0.0460211642363572,0.016899986796927013,0.16330718611838047,0.13418600867895025,0.06292115103328422,0.18020717291530747
8108,Flooding Attack,0.10162784494248481,0.02817431386257322,0.006021573846325487,0.10162784494248481,0.02817431386257322,0.006021573846325487,0.12980215880505802,0.10764941878881029,0.034195887708898705,0.1358237326513835
8394,Flooding Attack,0.13212210984959916,0.018507703660908432,0.0,0.13212210984959916,0.018507703660908432,0.0,0.15062981351050758,0.13212210984959916,0.018507703660908432,0.15062981351050758
16453,Flooding Attack,0.11615145765376456,0.013297410170750189,0.036557612363529286,0.11615145765376456,0.013297410170750189,0.036557612363529286,0.12944886782451476,0.15270907001729384,0.049855022534279474,0.16600648018804404
16570,Flooding Attack,0.0707805085383886,0.006712131107634101,0.036557612363529286,0.0707805085383886,0.006712131107634101,0.036557612363529286,0.07749263964602271,0.10733812090191788,0.043269743471163385,0.11405025200955199
17083,Flooding Attack,0.0944375073792832,0.020667674312825422,0.0016912856291955468,0.0944375073792832,0.020667674312825422,0.0016912856291955468,0.11510518169210862,0.09612879300847875,0.02235895994202097,0.11679646732130416
17585,Flooding Attack,0.06788696865223418,0.03301196653984159,0.0,0.06788696865223418,0.03301196653984159,0.0,0.10089893519207577,0.06788696865223418,0.03301196653984159,0.10089893519207577
14462,Flooding Attack,0.0992814093939256,0.053783566390067435,0.01734004903897777,0.0992814093939256,0.053783566390067435,0.01734004903897777,0.15306497578399303,0.11662145843290336,0.0711236154290452,0.1704050248229708
16372,Flooding Attack,0.11817957075993937,0.04381436649416611,0.0175794681776259,0.11817957075993937,0.04381436649416611,0.0175794681776259,0.1619939372541055,0.13575903893756527,0.06139383467179201,0.1795734054317314
8147,Flooding Attack,0.13291845790986545,0.04381425595528802,0.01727548468158168,0.13291845790986545,0.04381425595528802,0.01727548468158168,0.17673271386515346,0.15019394259144714,0.0610897406368697,0.19400819854673515
17204,Flooding Attack,0.1365340948382756,0.019898883942855442,0.023338834243180374,0.1365340948382756,0.019898883942855442,0.023338834243180374,0.15643297878113105,0.15987292908145598,0.04323771818603582,0.17977181302431142
17449,Flooding Attack,0.0988355534773578,0.04745109034145034,0.0,0.0988355534773578,0.04745109034145034,0.0,0.14628664381880813,0.0988355534773578,0.04745109034145034,0.14628664381880813
17928,Flooding Attack,0.12628028485362275,0.043814364893573786,0.006021573846325487,0.12628028485362275,0.043814364893573786,0.006021573846325487,0.17009464974719654,0.13230185869994823,0.04983593873989927,0.17611622359352203
17477,Flooding Attack,0.0680400919115973,0.04381428911476239,0.0,0.0680400919115973,0.04381428911476239,0.0,0.1118543810263597,0.0680400919115973,0.04381428911476239,0.1118543810263597
17700,Flooding Attack,0.09478952504996632,0.05080421150883546,0.01837818133858319,0.09478952504996632,0.05080421150883546,0.01837818133858319,0.14559373655880178,0.1131677063885495,0.06918239284741864,0.16397191789738497
17220,Flooding Attack,0.06788696865223418,0.025590365096475755,0.034082722669435475,0.06788696865223418,0.025590365096475755,0.034082722669435475,0.09347733374870992,0.10196969132166965,0.05967308776591123,0.12756005641814538
16896,Flooding Attack,0.0707805085383886,0.05431780310561177,0.0,0.0707805085383886,0.05431780310561177,0.0,0.12509831164400037,0.0707805085383886,0.05431780310561177,0.12509831164400037
8181,Flooding Attack,0.06788696865223418,0.04759941668246639,0.0,0.06788696865223418,0.04759941668246639,0.0,0.11548638533470057,0.06788696865223418,0.04759941668246639,0.11548638533470057
16752,Flooding Attack,0.08627884472851316,0.04381422548037046,0.036557612363529286,0.08627884472851316,0.04381422548037046,0.036557612363529286,0.1300930702088836,0.12283645709204244,0.08037183784389974,0.1666506825724129
7550,Flooding Attack,0.10147472168312169,0.04854895683132587,0.017687987500822285,0.10147472168312169,0.04854895683132587,0.017687987500822285,0.15002367851444756,0.11916270918394398,0.06623694433214815,0.16771166601526985
8111,Flooding Attack,0.09044804852233529,0.02974612163737297,0.02500460870261146,0.09044804852233529,0.02974612163737297,0.02500460870261146,0.12019417015970826,0.11545265722494674,0.05475073033998443,0.14519877886231972
16814,Flooding Attack,0.05639502555291252,0.0469105720922231,0.0,0.05639502555291252,0.0469105720922231,0.0,0.10330559764513562,0.05639502555291252,0.0469105720922231,0.10330559764513562
8376,Flooding Attack,0.06788696865223418,0.026907233196215404,0.014004055835466473,0.06788696865223418,0.026907233196215404,0.014004055835466473,0.09479420184844958,0.08189102448770065,0.040911289031681876,0.10879825768391606
16631,Flooding Attack,0.12085909921504309,0.04388456375174467,0.018111435581298546,0.12085909921504309,0.04388456375174467,0.018111435581298546,0.16474366296678777,0.13897053479634164,0.061995999333043214,0.18285509854808632
14379,Flooding Attack,0.1154298157134056,0.015461263915136012,0.005788774859137262,0.1154298157134056,0.015461263915136012,0.005788774859137262,0.13089107962854163,0.12121859057254286,0.021250038774273273,0.1366798544876789
17052,Flooding Attack,0.11908176566124384,0.05083237162231072,0.032275748644093154,0.11908176566124384,0.05083237162231072,0.032275748644093154,0.16991413728355456,0.151357514305337,0.08310812026640388,0.20218988592764772
17838,Flooding Attack,0.09204519953867184,0.04738096563862321,0.0,0.09204519953867184,0.04738096563862321,0.0,0.13942616517729506,0.09204519953867184,0.04738096563862321,0.13942616517729506
18047,Flooding Attack,0.1142343287771939,0.042634480153508174,0.0,0.1142343287771939,0.042634480153508174,0.0,0.15686880893070207,0.1142343287771939,0.042634480153508174,0.15686880893070207
16731,Flooding Attack,0.07556632782017592,0.0179237724991701,0.036557612363529286,0.07556632782017592,0.0179237724991701,0.036557612363529286,0.09349010031934601,0.1121239401837052,0.054481384862699385,0.1300477126828753
17652,Flooding Attack,0.14121180839848987,0.013911567880709673,0.0,0.14121180839848987,0.013911567880709673,0.0,0.15512337627919956,0.14121180839848987,0.013911567880709673,0.15512337627919956
17015,Flooding Attack,0.08472621535866132,0.030591834289560884,0.036557612363529286,0.08472621535866132,0.030591834289560884,0.036557612363529286,0.1153180496482222,0.1212838277221906,0.06714944665309017,0.15187566201175148
17645,Flooding Attack,0.11728641600403697,0.04733983318316677,0.0,0.11728641600403697,0.04733983318316677,0.0,0.16462624918720375,0.11728641600403697,0.04733983318316677,0.16462624918720375
17411,Flooding Attack,0.12273784994340692,0.01800015282259658,0.0,0.12273784994340692,0.01800015282259658,0.0,0.1407380027660035,0.12273784994340692,0.01800015282259658,0.1407380027660035
14346,Flooding Attack,0.12065135806395669,0.020545866442677637,0.0,0.12065135806395669,0.020545866442677637,0.0,0.14119722450663433,0.12065135806395669,0.020545866442677637,0.14119722450663433
17878,Flooding Attack,0.11604186764055674,0.037597465440511325,0.011453330928704493,0.11604186764055674,0.037597465440511325,0.011453330928704493,0.15363933308106806,0.12749519856926123,0.04905079636921582,0.16509266400977254
17828,Flooding Attack,0.07808330369375684,0.022214024944227216,0.0,0.07808330369375684,0.022214024944227216,0.0,0.10029732863798405,0.07808330369375684,0.022214024944227216,0.10029732863798405
16609,Flooding Attack,0.0978591501532207,0.015046937897869917,0.004926045627261122,0.0978591501532207,0.015046937897869917,0.004926045627261122,0.11290608805109062,0.10278519578048183,0.01997298352513104,0.11783213367835174
16420,Flooding Attack,0.06788696865223418,0.007670475508598682,0.0,0.06788696865223418,0.007670475508598682,0.0,0.07555744416083286,0.06788696865223418,0.007670475508598682,0.07555744416083286
8373,Flooding Attack,0.0680400919115973,0.021585341563655998,0.0,0.0680400919115973,0.021585341563655998,0.0,0.08962543347525329,0.0680400919115973,0.021585341563655998,0.08962543347525329
8412,Flooding Attack,0.10147472168312169,0.03486493761211439,0.04844201332421485,0.10147472168312169,0.03486493761211439,0.04844201332421485,0.1363396592952361,0.14991673500733654,0.08330695093632924,0.18478167261945094
17836,Flooding Attack,0.1121583675819692,0.043814364893573786,0.0030662255319697795,0.1121583675819692,0.043814364893573786,0.0030662255319697795,0.155972732475543,0.11522459311393898,0.046880590425543565,0.15903895800751278
18311,Flooding Attack,0.06788696865223418,0.047489425796510054,0.0053029015375608834,0.06788696865223418,0.047489425796510054,0.0053029015375608834,0.11537639444874423,0.07318987018979506,0.05279232733407094,0.12067929598630511
8509,Flooding Attack,0.07234684230486765,0.03231975226476707,0.00045220112759397635,0.07234684230486765,0.03231975226476707,0.00045220112759397635,0.10466659456963473,0.07279904343246163,0.032771953392361046,0.1051187956972287
18194,Flooding Attack,0.11856012540298254,0.043814364893573786,0.02534235180520409,0.11856012540298254,0.043814364893573786,0.02534235180520409,0.16237449029655632,0.14390247720818664,0.06915671669877788,0.1877168421017604
14401,Flooding Attack,0.1077423756740958,0.016726367202523323,0.01463197094682711,0.1077423756740958,0.016726367202523323,0.01463197094682711,0.12446874287661912,0.1223743466209229,0.031358338149350434,0.13910071382344624
17963,Flooding Attack,0.09376506796538303,0.04768850430444618,0.0185754304541199,0.09376506796538303,0.04768850430444618,0.0185754304541199,0.14145357226982921,0.11234049841950293,0.06626393475856608,0.1600290027239491
16579,Flooding Attack,0.11472209813350522,0.03200536249856044,0.033103842104636835,0.11472209813350522,0.03200536249856044,0.033103842104636835,0.14672746063206565,0.14782594023814205,0.06510920460319727,0.1798313027367025
17914,Flooding Attack,0.05455074057834866,0.05075763351424647,0.01114633189151545,0.05455074057834866,0.05075763351424647,0.01114633189151545,0.10530837409259514,0.06569707246986412,0.061903965405761915,0.11645470598411059
8230,Flooding Attack,0.10147472168312169,0.05082371924052625,0.0,0.10147472168312169,0.05082371924052625,0.0,0.15229844092364794,0.10147472168312169,0.05082371924052625,0.15229844092364794
16676,Flooding Attack,0.0680400919115973,0.03109988312681911,0.0,0.0680400919115973,0.03109988312681911,0.0,0.0991399750384164,0.0680400919115973,0.03109988312681911,0.0991399750384164
8294,Flooding Attack,0.11430893169921875,0.047360454773652125,0.036557612363529286,0.11430893169921875,0.047360454773652125,0.036557612363529286,0.16166938647287088,0.15086654406274805,0.08391806713718142,0.19822699883640016
8428,Flooding Attack,0.10162784494248481,0.04935801489137333,0.0,0.10162784494248481,0.04935801489137333,0.0,0.15098585983385815,0.10162784494248481,0.04935801489137333,0.15098585983385815
17154,Flooding Attack,0.09244787225312087,0.05395732292646724,0.0030900323020224634,0.09244787225312087,0.05395732292646724,0.0030900323020224634,0.1464051951795881,0.09553790455514334,0.0570473552284897,0.14949522748161057
14345,Flooding Attack,0.12135604204993256,0.016304958540859373,0.0,0.12135604204993256,0.016304958540859373,0.0,0.13766100059079192,0.12135604204993256,0.016304958540859373,0.13766100059079192
17131,Flooding Attack,0.11937626520640518,0.04573144610773712,0.01963974816598983,0.11937626520640518,0.04573144610773712,0.01963974816598983,0.1651077113141423,0.139016013372395,0.06537119427372695,0.18474745948013216
14530,Flooding Attack,0.11980746061441687,0.04388414693057611,0.036557612363529286,0.11980746061441687,0.04388414693057611,0.036557612363529286,0.16369160754499298,0.15636507297794616,0.0804417592941054,0.20024921990852226
14557,Flooding Attack,0.06788696865223418,0.04791087153841503,0.036557612363529286,0.06788696865223418,0.04791087153841503,0.036557612363529286,0.1157978401906492,0.10444458101576345,0.08446848390194431,0.15235545255417848
18142,Flooding Attack,0.0680400919115973,0.05116947872226346,0.006021573846325487,0.0680400919115973,0.05116947872226346,0.006021573846325487,0.11920957063386076,0.07406166575792278,0.057191052568588946,0.12523114448018624
18324,Flooding Attack,0.09289305544584825,0.029570406488621165,0.006021573846325487,0.09289305544584825,0.029570406488621165,0.006021573846325487,0.12246346193446941,0.09891462929217373,0.03559198033494665,0.1284850357807949
8437,Flooding Attack,0.09164226120350594,0.03597296241202498,0.0,0.09164226120350594,0.03597296241202498,0.0,0.1276152236155309,0.09164226120350594,0.03597296241202498,0.1276152236155309
17267,Flooding Attack,0.10960919387936979,0.011297650466873331,0.036557612363529286,0.10960919387936979,0.011297650466873331,0.036557612363529286,0.12090684434624313,0.14616680624289907,0.04785526283040262,0.1574644567097724
18134,Flooding Attack,0.07248013793009944,0.04885942856852885,0.016570962318350334,0.07248013793009944,0.04885942856852885,0.016570962318350334,0.12133956649862829,0.08905110024844978,0.06543039088687919,0.13791052881697863
8570,Flooding Attack,0.10664421359041956,0.04463593610397069,0.022951360504641617,0.10664421359041956,0.04463593610397069,0.022951360504641617,0.15128014969439024,0.12959557409506117,0.0675872966086123,0.17423151019903185
14509,Flooding Attack,0.06788696865223418,0.0469744746883086,0.036557612363529286,0.06788696865223418,0.0469744746883086,0.036557612363529286,0.11486144334054277,0.10444458101576345,0.08353208705183789,0.15141905570407205
16535,Flooding Attack,0.10371927575410894,0.046546950638282,0.0,0.10371927575410894,0.046546950638282,0.0,0.15026622639239096,0.10371927575410894,0.046546950638282,0.15026622639239096
8494,Flooding Attack,0.11495385494761419,0.016892219856782634,0.028874029811399582,0.11495385494761419,0.016892219856782634,0.028874029811399582,0.13184607480439683,0.14382788475901376,0.04576624966818221,0.16072010461579642
16531,Flooding Attack,0.11718591546107213,0.03504773609220951,0.0,0.11718591546107213,0.03504773609220951,0.0,0.15223365155328164,0.11718591546107213,0.03504773609220951,0.15223365155328164
8408,Flooding Attack,0.06788696865223418,0.043814251725083284,0.0,0.06788696865223418,0.043814251725083284,0.0,0.11170122037731746,0.06788696865223418,0.043814251725083284,0.11170122037731746
17423,Flooding Attack,0.12418640791942823,0.046989405317415356,0.01657920670435157,0.12418640791942823,0.046989405317415356,0.01657920670435157,0.17117581323684358,0.1407656146237798,0.06356861202176692,0.18775501994119514
14273,Flooding Attack,0.11087423346837923,0.026674919803397368,0.006021573846325487,0.11087423346837923,0.026674919803397368,0.006021573846325487,0.13754915327177658,0.11689580731470471,0.03269649364972285,0.14357072711810207
8431,Flooding Attack,0.07171975863963642,0.06082716677122831,0.018442419729968216,0.07171975863963642,0.06082716677122831,0.018442419729968216,0.13254692541086474,0.09016217836960463,0.07926958650119653,0.15098934514083295
8458,Flooding Attack,0.09738441847443799,0.043814364893573786,0.03245908945968953,0.09738441847443799,0.043814364893573786,0.03245908945968953,0.14119878336801178,0.12984350793412752,0.07627345435326333,0.17365787282770132
17553,Flooding Attack,0.11856307661714136,0.054009865205176234,0.0,0.11856307661714136,0.054009865205176234,0.0,0.17257294182231758,0.11856307661714136,0.054009865205176234,0.17257294182231758
7502,Flooding Attack,0.10162784494248481,0.048550805724341284,0.01874513723371736,0.10162784494248481,0.048550805724341284,0.01874513723371736,0.1501786506668261,0.12037298217620217,0.06729594295805864,0.16892378790054347
16658,Flooding Attack,0.07220900959207732,0.008142714630061316,0.0,0.07220900959207732,0.008142714630061316,0.0,0.08035172422213864,0.07220900959207732,0.008142714630061316,0.08035172422213864
17349,Flooding Attack,0.08694085119361772,0.05426432980902171,0.027263444935540816,0.08694085119361772,0.05426432980902171,0.027263444935540816,0.14120518100263943,0.11420429612915853,0.08152777474456252,0.16846862593818024
18188,Flooding Attack,0.07931021595625981,0.04923906298044834,0.006021573846325487,0.07931021595625981,0.04923906298044834,0.006021573846325487,0.12854927893670814,0.0853317898025853,0.055260636826773825,0.13457085278303363
8340,Flooding Attack,0.12162043946361864,0.018206943391101245,0.0,0.12162043946361864,0.018206943391101245,0.0,0.13982738285471988,0.12162043946361864,0.018206943391101245,0.13982738285471988
14284,Flooding Attack,0.023234207959673486,0.01759327132318143,0.0,0.023234207959673486,0.01759327132318143,0.0,0.04082747928285492,0.023234207959673486,0.01759327132318143,0.04082747928285492
17341,Flooding Attack,0.11538887225071079,0.003261611530692077,0.036557612363529286,0.11538887225071079,0.003261611530692077,0.036557612363529286,0.11865048378140286,0.15194648461424007,0.039819223894221364,0.15520809614493214
14237,Flooding Attack,0.06329964599271579,0.046118768844759794,0.036557612363529286,0.06329964599271579,0.046118768844759794,0.036557612363529286,0.10941841483747558,0.09985725835624507,0.08267638120828907,0.14597602720100486
18144,Flooding Attack,0.11893830703999894,0.04816086046076845,0.0,0.11893830703999894,0.04816086046076845,0.0,0.1670991675007674,0.11893830703999894,0.04816086046076845,0.1670991675007674
8189,Flooding Attack,0.14504482104405617,0.03669183505852529,0.0,0.14504482104405617,0.03669183505852529,0.0,0.18173665610258144,0.14504482104405617,0.03669183505852529,0.18173665610258144
17213,Flooding Attack,0.14194463833484497,0.05431648154286431,0.00422026617613966,0.14194463833484497,0.05431648154286431,0.00422026617613966,0.19626111987770928,0.14616490451098463,0.05853674771900397,0.20048138605384894
17237,Flooding Attack,0.06788696865223418,0.02277028260671582,0.019501951006929086,0.06788696865223418,0.02277028260671582,0.019501951006929086,0.09065725125895,0.08738891965916326,0.042272233613644905,0.11015920226587908
16679,Flooding Attack,0.10162784494248481,0.04745109034145034,0.018858230524092863,0.10162784494248481,0.04745109034145034,0.018858230524092863,0.14907893528393515,0.12048607546657766,0.0663093208655432,0.167937165808028
14246,Flooding Attack,0.09797709993929492,0.015371983860503124,0.02992701772689667,0.09797709993929492,0.015371983860503124,0.02992701772689667,0.11334908379979804,0.12790411766619159,0.045299001587399794,0.1432761015266947
17502,Flooding Attack,0.11848946251268813,0.04577588482378559,0.0,0.11848946251268813,0.04577588482378559,0.0,0.16426534733647372,0.11848946251268813,0.04577588482378559,0.16426534733647372
17725,Flooding Attack,0.10147472168312169,0.05434967961028905,0.0,0.10147472168312169,0.05434967961028905,0.0,0.15582440129341074,0.10147472168312169,0.05434967961028905,0.15582440129341074
16778,Flooding Attack,0.0680400919115973,0.036616529877719156,0.0,0.0680400919115973,0.036616529877719156,0.0,0.10465662178931645,0.0680400919115973,0.036616529877719156,0.10465662178931645
17646,Flooding Attack,0.12173136083375413,0.035870008897521,0.01220889823109836,0.12173136083375413,0.035870008897521,0.01220889823109836,0.15760136973127514,0.1339402590648525,0.048078907128619355,0.1698102679623735
8250,Flooding Attack,0.11738066612736536,0.046076234799886234,0.0,0.11738066612736536,0.046076234799886234,0.0,0.1634569009272516,0.11738066612736536,0.046076234799886234,0.1634569009272516
17954,Flooding Attack,0.1210510098352221,0.05072927969895056,0.006021573846325487,0.1210510098352221,0.05072927969895056,0.006021573846325487,0.17178028953417265,0.12707258368154759,0.056750853545276043,0.17780186338049814
8485,Flooding Attack,0.12255822652077324,0.06140365612278517,0.0,0.12255822652077324,0.06140365612278517,0.0,0.1839618826435584,0.12255822652077324,0.06140365612278517,0.1839618826435584
18176,Flooding Attack,0.08456469665139417,0.04816086046076845,0.006021573846325487,0.08456469665139417,0.04816086046076845,0.006021573846325487,0.1327255571121626,0.09058627049771965,0.054182434307093935,0.1387471309584881
17833,Flooding Attack,0.09571192021411909,0.05461579468267498,0.0,0.09571192021411909,0.05461579468267498,0.0,0.15032771489679408,0.09571192021411909,0.05461579468267498,0.15032771489679408
14459,Flooding Attack,0.09950978292188603,0.045926703559063586,0.0,0.09950978292188603,0.045926703559063586,0.0,0.14543648648094962,0.09950978292188603,0.045926703559063586,0.14543648648094962
18297,Flooding Attack,0.07319208295655161,0.0479220693620641,0.015465581386700964,0.07319208295655161,0.0479220693620641,0.015465581386700964,0.1211141523186157,0.08865766434325258,0.06338765074876507,0.13657973370531667
16860,Flooding Attack,0.11478995268677449,0.045730409097703734,0.0,0.11478995268677449,0.045730409097703734,0.0,0.1605203617844782,0.11478995268677449,0.045730409097703734,0.1605203617844782
16763,Flooding Attack,0.09291559851679987,0.043814364893573786,0.01650181483802012,0.09291559851679987,0.043814364893573786,0.01650181483802012,0.13672996341037366,0.10941741335481998,0.06031617973159391,0.1532317782483938
16712,Flooding Attack,0.09449614381583613,0.046546950638282,0.036557612363529286,0.09449614381583613,0.046546950638282,0.036557612363529286,0.1410430944541181,0.1310537561793654,0.0831045630018113,0.1776007068176474
8166,Flooding Attack,0.10701942778827073,0.05431780310561177,0.0,0.10701942778827073,0.05431780310561177,0.0,0.1613372308938825,0.10701942778827073,0.05431780310561177,0.1613372308938825
17238,Flooding Attack,0.13460071737106144,0.04616728347412894,0.04015325178956436,0.13460071737106144,0.04616728347412894,0.04015325178956436,0.18076800084519037,0.1747539691606258,0.0863205352636933,0.22092125263475473
18115,Flooding Attack,0.0680400919115973,0.043814364893573786,0.0,0.0680400919115973,0.043814364893573786,0.0,0.11185445680517109,0.0680400919115973,0.043814364893573786,0.11185445680517109
16610,Flooding Attack,0.09294761767691574,0.016511967742590797,0.023456872526871536,0.09294761767691574,0.016511967742590797,0.023456872526871536,0.10945958541950654,0.11640449020378728,0.03996884026946233,0.13291645794637807
14499,Flooding Attack,0.1223261423210823,0.04643054320278337,0.0,0.1223261423210823,0.04643054320278337,0.0,0.16875668552386566,0.1223261423210823,0.04643054320278337,0.16875668552386566
7522,Flooding Attack,0.10635800096487955,0.04609342440211888,0.0166217380025259,0.10635800096487955,0.04609342440211888,0.0166217380025259,0.15245142536699843,0.12297973896740544,0.06271516240464478,0.16907316336952433
14519,Flooding Attack,0.06546218156085126,0.06243659627857945,0.036557612363529286,0.06546218156085126,0.06243659627857945,0.036557612363529286,0.1278987778394307,0.10201979392438054,0.09899420864210873,0.16445639020296
14426,Flooding Attack,0.09185682856327504,0.03970524796651747,0.006021573846325487,0.09185682856327504,0.03970524796651747,0.006021573846325487,0.13156207652979252,0.09787840240960052,0.045726821812842953,0.137583650376118
14472,Flooding Attack,0.12417295700096359,0.0167220200945651,0.0,0.12417295700096359,0.0167220200945651,0.0,0.1408949770955287,0.12417295700096359,0.0167220200945651,0.1408949770955287
17799,Flooding Attack,0.08806588245078792,0.06254976749909964,0.0,0.08806588245078792,0.06254976749909964,0.0,0.15061564994988758,0.08806588245078792,0.06254976749909964,0.15061564994988758
16686,Flooding Attack,0.08014715245880512,1.5489856327504173e-08,0.03955814397856246,0.08014715245880512,1.5489856327504173e-08,0.03955814397856246,0.08014716794866145,0.11970529643736758,0.039558159468418785,0.1197053119272239
14478,Flooding Attack,0.08751764960007921,0.04703394939734983,0.0,0.08751764960007921,0.04703394939734983,0.0,0.13455159899742905,0.08751764960007921,0.04703394939734983,0.13455159899742905
16822,Flooding Attack,0.10155596025220902,0.0465066418608519,0.0,0.10155596025220902,0.0465066418608519,0.0,0.1480626021130609,0.10155596025220902,0.0465066418608519,0.1480626021130609
18074,Flooding Attack,0.07915745406746275,0.046194806007089396,0.0,0.07915745406746275,0.046194806007089396,0.0,0.12535226007455214,0.07915745406746275,0.046194806007089396,0.12535226007455214
14242,Flooding Attack,0.06274316776588035,0.04381422548037046,0.036557612363529286,0.06274316776588035,0.04381422548037046,0.036557612363529286,0.1065573932462508,0.09930078012940963,0.08037183784389974,0.14311500560978008
14555,Flooding Attack,0.1035230199313043,0.04381436649416611,0.006021573846325487,0.1035230199313043,0.04381436649416611,0.006021573846325487,0.14733738642547042,0.10954459377762979,0.049835940340491595,0.1533589602717959
16919,Flooding Attack,0.09044804852233529,0.06253292032411849,0.0188809193720518,0.09044804852233529,0.06253292032411849,0.0188809193720518,0.1529809688464538,0.10932896789438709,0.08141383969617029,0.1718618882185056
8224,Flooding Attack,0.11559648313649784,0.02795985349965825,0.006021573846325487,0.11559648313649784,0.02795985349965825,0.006021573846325487,0.14355633663615608,0.12161805698282332,0.033981427345983736,0.14957791048248156
16380,Flooding Attack,0.12086697008873816,0.02605201448499673,0.036557612363529286,0.12086697008873816,0.02605201448499673,0.036557612363529286,0.1469189845737349,0.15742458245226745,0.06260962684852601,0.18347659693726417
8470,Flooding Attack,0.08009030347446443,0.028879250793217563,0.0,0.08009030347446443,0.028879250793217563,0.0,0.10896955426768198,0.08009030347446443,0.028879250793217563,0.10896955426768198
18072,Flooding Attack,0.08004250506458843,0.043814364893573786,0.015465581386700964,0.08004250506458843,0.043814364893573786,0.015465581386700964,0.12385686995816222,0.0955080864512894,0.05927994628027475,0.13932245134486318
17979,Flooding Attack,0.06369256820803337,0.045818438354219816,0.019289744213909863,0.06369256820803337,0.045818438354219816,0.019289744213909863,0.10951100656225318,0.08298231242194323,0.06510818256812968,0.12880075077616304
16383,Flooding Attack,0.1379095656973073,0.009251018440517213,0.036557612363529286,0.1379095656973073,0.009251018440517213,0.036557612363529286,0.1471605841378245,0.1744671780608366,0.0458086308040465,0.1837181965013538
7531,Flooding Attack,0.1308113627012211,0.050727067024690244,0.029657949717668733,0.1308113627012211,0.050727067024690244,0.029657949717668733,0.18153842972591133,0.16046931241888984,0.08038501674235898,0.21119637944358005
16889,Flooding Attack,0.12065135806395669,0.04381436403038169,0.010123164458628126,0.12065135806395669,0.04381436403038169,0.010123164458628126,0.16446572209433838,0.1307745225225848,0.05393752848900982,0.1745888865529665
8451,Flooding Attack,0.10147472168312169,1.5489856327504173e-08,0.036557612363529286,0.10147472168312169,1.5489856327504173e-08,0.036557612363529286,0.10147473717297802,0.13803233404665097,0.036557627853385614,0.1380323495365073
14217,Flooding Attack,0.1232938745316063,0.04757710844383846,0.036557612363529286,0.1232938745316063,0.04757710844383846,0.036557612363529286,0.17087098297544476,0.1598514868951356,0.08413472080736775,0.20742859533897404
17829,Flooding Attack,0.10229574584129664,0.04687025192304551,0.01728673287734916,0.10229574584129664,0.04687025192304551,0.01728673287734916,0.14916599776434214,0.1195824787186458,0.06415698480039467,0.1664527306416913
8151,Flooding Attack,0.1325855472619164,0.04934196949554725,0.0391844374415744,0.1325855472619164,0.04934196949554725,0.0391844374415744,0.18192751675746366,0.1717699847034908,0.08852640693712165,0.22111195419903806
18143,Flooding Attack,0.07767627525096216,0.04746512229473927,0.015465581386700964,0.07767627525096216,0.04746512229473927,0.015465581386700964,0.12514139754570142,0.09314185663766313,0.06293070368144024,0.14060697893240237
17129,Flooding Attack,0.10147472168312169,0.043814364893573786,0.01037273421553881,0.10147472168312169,0.043814364893573786,0.01037273421553881,0.14528908657669548,0.11184745589866049,0.054187099109112596,0.15566182079223428
14231,Flooding Attack,0.052937260784618495,0.04683347428108707,0.036557612363529286,0.052937260784618495,0.04683347428108707,0.036557612363529286,0.09977073506570557,0.08949487314814777,0.08339108664461636,0.13632834742923486
14389,Flooding Attack,0.0680400919115973,0.011027853189327507,0.036557612363529286,0.0680400919115973,0.011027853189327507,0.036557612363529286,0.0790679451009248,0.10459770427512657,0.047585465552856795,0.11562555746445408
17694,Flooding Attack,0.06439726308246453,0.046546950638282,0.0,0.06439726308246453,0.046546950638282,0.0,0.11094421372074653,0.06439726308246453,0.046546950638282,0.11094421372074653
8505,Flooding Attack,0.1088250572174923,0.0201281597481578,0.0342855620409403,0.1088250572174923,0.0201281597481578,0.0342855620409403,0.1289532169656501,0.1431106192584326,0.0544137217890981,0.1632387790065904
18019,Flooding Attack,0.023081084700310363,0.06141722904627858,0.0,0.023081084700310363,0.06141722904627858,0.0,0.08449831374658895,0.023081084700310363,0.06141722904627858,0.08449831374658895
16844,Flooding Attack,0.13478657547780343,0.06148977405697682,0.0,0.13478657547780343,0.06148977405697682,0.0,0.19627634953478024,0.13478657547780343,0.06148977405697682,0.19627634953478024
17074,Flooding Attack,0.0680400919115973,0.014441293315448562,0.024368575038272177,0.0680400919115973,0.014441293315448562,0.024368575038272177,0.08248138522704586,0.09240866694986948,0.03880986835372074,0.10684996026531804
16349,Flooding Attack,0.09484918051051028,0.062416792212194164,0.006021573846325487,0.09484918051051028,0.062416792212194164,0.006021573846325487,0.15726597272270443,0.10087075435683576,0.06843836605851965,0.1632875465690299
16884,Flooding Attack,0.09937804851792646,0.045730409097703734,0.0022590675620858328,0.09937804851792646,0.045730409097703734,0.0022590675620858328,0.14510845761563018,0.1016371160800123,0.047989476659789566,0.147367525177716
17683,Flooding Attack,0.10030085781457869,0.029093731252042752,0.006021573846325487,0.10030085781457869,0.029093731252042752,0.006021573846325487,0.12939458906662143,0.10632243166090417,0.03511530509836824,0.13541616291294692
16379,Flooding Attack,0.10147472168312169,0.027425975149186863,0.010653178119111172,0.10147472168312169,0.027425975149186863,0.010653178119111172,0.12890069683230854,0.11212789980223287,0.038079153268298034,0.13955387495141972
16594,Flooding Attack,0.11985960676570293,0.0,0.036557612363529286,0.11985960676570293,0.0,0.036557612363529286,0.11985960676570293,0.1564172191292322,0.036557612363529286,0.1564172191292322
14381,Flooding Attack,0.11128660836568603,0.008724678470218314,0.0,0.11128660836568603,0.008724678470218314,0.0,0.12001128683590434,0.11128660836568603,0.008724678470218314,0.12001128683590434
17672,Flooding Attack,0.09253108966014933,0.046186019956556384,0.0,0.09253108966014933,0.046186019956556384,0.0,0.13871710961670572,0.09253108966014933,0.046186019956556384,0.13871710961670572
14333,Flooding Attack,0.11753414843703897,0.020132848570422315,0.036557612363529286,0.11753414843703897,0.020132848570422315,0.036557612363529286,0.13766699700746127,0.15409176080056824,0.0566904609339516,0.17422460937099055
17207,Flooding Attack,0.09609803940602374,0.03880420171443859,0.006021573846325487,0.09609803940602374,0.03880420171443859,0.006021573846325487,0.13490224112046234,0.10211961325234922,0.04482577556076407,0.14092381496678782
7515,Flooding Attack,0.12727758640233452,0.06254871629543973,0.02337551866652828,0.12727758640233452,0.06254871629543973,0.02337551866652828,0.18982630269777426,0.1506531050688628,0.08592423496196801,0.21320182136430255
17630,Flooding Attack,0.06644348000975528,0.05080421150883546,0.0,0.06644348000975528,0.05080421150883546,0.0,0.11724769151859074,0.06644348000975528,0.05080421150883546,0.11724769151859074
18041,Flooding Attack,0.11645015852452423,0.04703394939734983,0.006021573846325487,0.11645015852452423,0.04703394939734983,0.006021573846325487,0.16348410792187407,0.12247173237084971,0.053055523243675316,0.16950568176819955
14544,Flooding Attack,0.06788696865223418,0.061409757160288105,0.0,0.06788696865223418,0.061409757160288105,0.0,0.12929672581252227,0.06788696865223418,0.061409757160288105,0.12929672581252227
8516,Flooding Attack,0.13764733448856614,0.01629555139873796,0.036557612363529286,0.13764733448856614,0.01629555139873796,0.036557612363529286,0.1539428858873041,0.17420494685209542,0.052853163762267244,0.19050049825083337
18147,Flooding Attack,0.06788696865223418,0.043814364893573786,0.006021573846325487,0.06788696865223418,0.043814364893573786,0.006021573846325487,0.11170133354580797,0.07390854249855966,0.04983593873989927,0.11772290739213345
17774,Flooding Attack,0.11993128907614785,0.03465674306375665,0.0,0.11993128907614785,0.03465674306375665,0.0,0.1545880321399045,0.11993128907614785,0.03465674306375665,0.1545880321399045
8502,Flooding Attack,0.11335811339274769,0.03236215108192211,0.06685692992974125,0.11335811339274769,0.03236215108192211,0.06685692992974125,0.1457202644746698,0.18021504332248894,0.09921908101166335,0.21257719440441103
18154,Flooding Attack,0.07841251596399583,0.04735595348909389,0.018207165132221873,0.07841251596399583,0.04735595348909389,0.018207165132221873,0.12576846945308973,0.0966196810962177,0.06556311862131577,0.1439756345853116
14292,Flooding Attack,0.07686859178990141,0.023163091234196777,0.0,0.07686859178990141,0.023163091234196777,0.0,0.10003168302409818,0.07686859178990141,0.023163091234196777,0.10003168302409818
17042,Flooding Attack,0.06788696865223418,0.0034637504370582757,0.036557612363529286,0.06788696865223418,0.0034637504370582757,0.036557612363529286,0.07135071908929246,0.10444458101576345,0.04002136280058756,0.10790833145282175
17240,Flooding Attack,0.10162784494248481,0.04733324816375061,0.039045510541790285,0.10162784494248481,0.04733324816375061,0.039045510541790285,0.14896109310623543,0.1406733554842751,0.0863787587055409,0.1880066036480257
14362,Flooding Attack,0.053849171824434605,0.03463828099516888,0.0,0.053849171824434605,0.03463828099516888,0.0,0.08848745281960349,0.053849171824434605,0.03463828099516888,0.08848745281960349
16677,Flooding Attack,0.1102891719673984,0.008503865798686108,0.02336046346298043,0.1102891719673984,0.008503865798686108,0.02336046346298043,0.1187930377660845,0.13364963543037883,0.03186432926166654,0.14215350122906495
18178,Flooding Attack,0.1144366089224502,0.048442374323745346,0.006021573846325487,0.1144366089224502,0.048442374323745346,0.006021573846325487,0.16287898324619554,0.12045818276877568,0.05446394817007083,0.16890055709252103
8435,Flooding Attack,0.10012914087224895,0.04381436489519357,0.005724316387128242,0.10012914087224895,0.04381436489519357,0.005724316387128242,0.14394350576744253,0.10585345725937718,0.049538681282321806,0.14966782215457078
17802,Flooding Attack,0.06998406873485066,0.04381436649416611,0.0,0.06998406873485066,0.04381436649416611,0.0,0.11379843522901678,0.06998406873485066,0.04381436649416611,0.11379843522901678
17497,Flooding Attack,0.0901619046087419,0.04685285698695797,0.0,0.0901619046087419,0.04685285698695797,0.0,0.13701476159569986,0.0901619046087419,0.04685285698695797,0.13701476159569986
17993,Flooding Attack,0.0680400919115973,0.04388456375174467,0.015504845994107045,0.0680400919115973,0.04388456375174467,0.015504845994107045,0.11192465566334196,0.08354493790570434,0.05938940974585171,0.127429501657449
16572,Flooding Attack,0.11430893169921875,0.011146618289039713,0.036557612363529286,0.11430893169921875,0.011146618289039713,0.036557612363529286,0.12545554998825847,0.15086654406274805,0.047704230652569,0.16201316235178775
16940,Flooding Attack,0.13372662786254785,0.05458701726796338,0.036557612363529286,0.13372662786254785,0.05458701726796338,0.036557612363529286,0.18831364513051124,0.17028424022607713,0.09114462963149267,0.22487125749404052
17016,Flooding Attack,0.06788696865223418,0.04709483707508144,0.03227787323076737,0.06788696865223418,0.04709483707508144,0.03227787323076737,0.11498180572731562,0.10016484188300154,0.0793727103058488,0.14725967895808298
16662,Flooding Attack,0.11559192860825011,0.03713300393960088,0.0,0.11559192860825011,0.03713300393960088,0.0,0.152724932547851,0.11559192860825011,0.03713300393960088,0.152724932547851
18080,Flooding Attack,0.06788696865223418,0.062279030494256316,0.006021573846325487,0.06788696865223418,0.062279030494256316,0.006021573846325487,0.1301659991464905,0.07390854249855966,0.0683006043405818,0.13618757299281598
14328,Flooding Attack,0.0670144264735818,0.037471521832825115,0.006021573846325487,0.0670144264735818,0.037471521832825115,0.006021573846325487,0.10448594830640692,0.07303600031990728,0.0434930956791506,0.11050752215273241
14244,Flooding Attack,0.0680400919115973,0.015989490685079603,0.008935263047696962,0.0680400919115973,0.015989490685079603,0.008935263047696962,0.0840295825966769,0.07697535495929425,0.024924753732776563,0.09296484564437385
8339,Flooding Attack,0.08918591865147438,0.04388456388820016,0.0,0.08918591865147438,0.04388456388820016,0.0,0.13307048253967454,0.08918591865147438,0.04388456388820016,0.13307048253967454
8438,Flooding Attack,0.07931021595625981,0.023558681472340276,0.006021573846325487,0.07931021595625981,0.023558681472340276,0.006021573846325487,0.10286889742860009,0.0853317898025853,0.029580255318665764,0.10889047127492557
16916,Flooding Attack,0.10989282071558487,0.034642250850685855,0.017515679923745246,0.10989282071558487,0.034642250850685855,0.017515679923745246,0.1445350715662707,0.12740850063933012,0.0521579307744311,0.16205075149001597
16627,Flooding Attack,0.06788696865223418,0.0174236994666387,0.018570691571010035,0.06788696865223418,0.0174236994666387,0.018570691571010035,0.08531066811887288,0.0864576602232442,0.03599439103764873,0.10388135968988291
14241,Flooding Attack,0.06508693676366108,0.061385533319842034,0.036557612363529286,0.06508693676366108,0.061385533319842034,0.036557612363529286,0.1264724700835031,0.10164454912719037,0.09794314568337131,0.16303008244703238
16668,Flooding Attack,0.10604512594449841,0.06145712443198196,0.004917529946902343,0.10604512594449841,0.06145712443198196,0.004917529946902343,0.16750225037648037,0.11096265589140075,0.0663746543788843,0.1724197803233827
14398,Flooding Attack,0.07650730208219583,0.02152152511317054,0.006021573846325487,0.07650730208219583,0.02152152511317054,0.006021573846325487,0.09802882719536637,0.08252887592852132,0.027543098959496026,0.10405040104169186
8311,Flooding Attack,0.06788696865223418,0.04716406886355683,0.036557612363529286,0.06788696865223418,0.04716406886355683,0.036557612363529286,0.115051037515791,0.10444458101576345,0.08372168122708612,0.1516086498793203
16649,Flooding Attack,0.06788696865223418,0.061409757160288105,0.019647626023939043,0.06788696865223418,0.061409757160288105,0.019647626023939043,0.12929672581252227,0.08753459467617322,0.08105738318422714,0.14894435183646132
16360,Flooding Attack,0.06788696865223418,0.043814364893573786,0.017687987500822285,0.06788696865223418,0.043814364893573786,0.017687987500822285,0.11170133354580797,0.08557495615305646,0.06150235239439607,0.12938932104663026
14223,Flooding Attack,0.0,0.04714779103084241,0.036557612363529286,0.0,0.04714779103084241,0.036557612363529286,0.04714779103084241,0.036557612363529286,0.0837054033943717,0.0837054033943717
18202,Flooding Attack,0.06788696865223418,0.04880404456235998,0.015504845994107045,0.06788696865223418,0.04880404456235998,0.015504845994107045,0.11669101321459416,0.08339181464634123,0.06430889055646703,0.1321958592087012
14355,Flooding Attack,0.09259551827865663,0.019312065094879604,0.0,0.09259551827865663,0.019312065094879604,0.0,0.11190758337353623,0.09259551827865663,0.019312065094879604,0.11190758337353623
8426,Flooding Attack,0.1122916041443491,0.06138254783187472,0.0,0.1122916041443491,0.06138254783187472,0.0,0.17367415197622382,0.1122916041443491,0.06138254783187472,0.17367415197622382
14266,Flooding Attack,0.11310011216217374,0.04661492084659967,0.006394599997453307,0.11310011216217374,0.04661492084659967,0.006394599997453307,0.1597150330087734,0.11949471215962704,0.05300952084405298,0.16610963300622672
16640,Flooding Attack,0.06788696865223418,0.009548973774212065,0.0,0.06788696865223418,0.009548973774212065,0.0,0.07743594242644625,0.06788696865223418,0.009548973774212065,0.07743594242644625
11641,Normal Traffic,0.11811376634505119,0.008535066367002957,0.036557612363529286,0.11811376634505119,0.008535066367002957,0.036557612363529286,0.12664883271205415,0.15467137870858047,0.04509267873053224,0.16320644507558343
10684,Normal Traffic,0.06998406873485066,0.004184039855172727,0.0,0.06998406873485066,0.004184039855172727,0.0,0.07416810859002339,0.06998406873485066,0.004184039855172727,0.07416810859002339
8852,Normal Traffic,0.10564229668933586,0.009492379668789566,2.0865281041698713e-06,0.10564229668933586,0.009492379668789566,2.0865281041698713e-06,0.11513467635812542,0.10564438321744003,0.009494466196893736,0.1151367628862296
10519,Normal Traffic,0.0687719572938298,0.002120130582116303,0.0,0.0687719572938298,0.002120130582116303,0.0,0.0708920878759461,0.0687719572938298,0.002120130582116303,0.0708920878759461
13753,Normal Traffic,0.023234207959673486,1.3941320332770111e-07,0.0049150267782759735,0.023234207959673486,1.3941320332770111e-07,0.0049150267782759735,0.023234347372876815,0.02814923473794946,0.0049151661914793015,0.02814937415115279
11327,Normal Traffic,0.1100256750386744,0.002088249905590427,0.03723964727231375,0.1100256750386744,0.002088249905590427,0.03723964727231375,0.11211392494426482,0.14726532231098816,0.03932789717790418,0.14935357221657858
13691,Normal Traffic,0.023081084700310363,0.003892360606430754,0.015226492278688336,0.023081084700310363,0.003892360606430754,0.015226492278688336,0.026973445306741117,0.0383075769789987,0.019118852885119088,0.042199937585429455
11067,Normal Traffic,0.07507096498376783,0.021183869189399004,0.062321282564841554,0.07507096498376783,0.021183869189399004,0.062321282564841554,0.09625483417316684,0.1373922475486094,0.08350515175424056,0.1585761167380084
12708,Normal Traffic,0.0977679533287141,0.007801399119513964,0.00650544970388342,0.0977679533287141,0.007801399119513964,0.00650544970388342,0.10556935244822807,0.10427340303259752,0.014306848823397385,0.11207480215211149
12948,Normal Traffic,0.09695650432103414,3.047491756176858e-08,0.0069293501804762805,0.09695650432103414,3.047491756176858e-08,0.0069293501804762805,0.0969565347959517,0.10388585450151042,0.006929380655393842,0.10388588497642798
10635,Normal Traffic,0.06788696865223418,7.033827137421217e-05,0.03084991952937974,0.06788696865223418,7.033827137421217e-05,0.03084991952937974,0.0679573069236084,0.09873688818161391,0.030920257800753952,0.09880722645298813
13559,Normal Traffic,0.12227305025877225,0.008731854196105733,0.0,0.12227305025877225,0.008731854196105733,0.0,0.13100490445487797,0.12227305025877225,0.008731854196105733,0.13100490445487797
8739,Normal Traffic,0.09239108947833294,0.02406343893020476,0.0,0.09239108947833294,0.02406343893020476,0.0,0.1164545284085377,0.09239108947833294,0.02406343893020476,0.1164545284085377
9176,Normal Traffic,0.05769335528164305,0.020716273347478387,0.0007421169753212553,0.05769335528164305,0.020716273347478387,0.0007421169753212553,0.07840962862912143,0.058435472256964306,0.021458390322799642,0.07915174560444269
11393,Normal Traffic,0.06826187731743974,0.0008217106236002285,0.02207708686956127,0.06826187731743974,0.0008217106236002285,0.02207708686956127,0.06908358794103997,0.090338964187001,0.022898797493161496,0.09116067481060124
13326,Normal Traffic,0.14672632281461842,1.5489856327504173e-08,0.015226492278688336,0.14672632281461842,1.5489856327504173e-08,0.015226492278688336,0.14672633830447473,0.16195281509330675,0.015226507768544664,0.16195283058316307
9299,Normal Traffic,0.07229257703748099,0.0004309915431432758,0.0,0.07229257703748099,0.0004309915431432758,0.0,0.07272356858062426,0.07229257703748099,0.0004309915431432758,0.07272356858062426
9641,Normal Traffic,0.04920189973513214,0.02345488881956934,0.0,0.04920189973513214,0.02345488881956934,0.0,0.07265678855470148,0.04920189973513214,0.02345488881956934,0.07265678855470148
13825,Normal Traffic,0.06781595721524748,0.009149807932091083,0.015291940583355803,0.06781595721524748,0.009149807932091083,0.015291940583355803,0.07696576514733856,0.08310789779860328,0.024441748515446886,0.09225770573069436
10855,Normal Traffic,0.08409928379761876,0.0036479127134326117,0.008578681183974453,0.08409928379761876,0.0036479127134326117,0.008578681183974453,0.08774719651105137,0.09267796498159321,0.012226593897407064,0.09632587769502582
12001,Normal Traffic,0.11104073068828604,0.018719046873256488,0.035968319280943524,0.11104073068828604,0.018719046873256488,0.035968319280943524,0.12975977756154253,0.14700904996922956,0.054687366154200015,0.16572809684248604
9995,Normal Traffic,0.023081084700310363,0.0026060073906580996,0.017643339776027916,0.023081084700310363,0.0026060073906580996,0.017643339776027916,0.025687092090968464,0.04072442447633828,0.020249347166686017,0.04333043186699638
11591,Normal Traffic,0.059511929729443316,0.0046840138278737365,0.0,0.059511929729443316,0.0046840138278737365,0.0,0.06419594355731706,0.059511929729443316,0.0046840138278737365,0.06419594355731706
10313,Normal Traffic,0.07510972909783017,0.05073139935044965,0.0,0.07510972909783017,0.05073139935044965,0.0,0.12584112844827983,0.07510972909783017,0.05073139935044965,0.12584112844827983
10205,Normal Traffic,0.07194513510070955,0.04211019258534493,0.004396600844796039,0.07194513510070955,0.04211019258534493,0.004396600844796039,0.11405532768605448,0.07634173594550558,0.04650679343014097,0.11845192853085051
8700,Normal Traffic,0.07495572438633716,0.009099483691200092,0.01605234749546655,0.07495572438633716,0.009099483691200092,0.01605234749546655,0.08405520807753725,0.09100807188180371,0.025151831186666643,0.1001075555730038
13787,Normal Traffic,0.08420982121885681,1.3941320332770111e-07,0.003923017047065228,0.08420982121885681,1.3941320332770111e-07,0.003923017047065228,0.08420996063206014,0.08813283826592204,0.003923156460268556,0.08813297767912537
11626,Normal Traffic,0.11718591546107213,0.01064546964642496,0.0,0.11718591546107213,0.01064546964642496,0.0,0.1278313851074971,0.11718591546107213,0.01064546964642496,0.1278313851074971
10003,Normal Traffic,0.09875268131208406,0.009081769836042917,0.0,0.09875268131208406,0.009081769836042917,0.0,0.10783445114812698,0.09875268131208406,0.009081769836042917,0.10783445114812698
9732,Normal Traffic,0.07293033759245875,0.004503665854561824,0.025389190755324465,0.07293033759245875,0.004503665854561824,0.025389190755324465,0.07743400344702057,0.09831952834778321,0.02989285660988629,0.10282319420234504
12185,Normal Traffic,0.0917591052447056,0.018306894706451977,0.0,0.0917591052447056,0.018306894706451977,0.0,0.11006599995115757,0.0917591052447056,0.018306894706451977,0.11006599995115757
10640,Normal Traffic,0.07952255505619905,0.003056746749735157,0.034787170874917936,0.07952255505619905,0.003056746749735157,0.034787170874917936,0.08257930180593422,0.11430972593111699,0.03784391762465309,0.11736647268085215
9190,Normal Traffic,0.07158526898522716,0.0008217106236002285,0.006021573846325487,0.07158526898522716,0.0008217106236002285,0.006021573846325487,0.07240697960882739,0.07760684283155264,0.006843284469925715,0.07842855345515287
9968,Normal Traffic,0.0642035552411636,0.004641280416754675,0.0,0.0642035552411636,0.004641280416754675,0.0,0.06884483565791827,0.0642035552411636,0.004641280416754675,0.06884483565791827
13841,Normal Traffic,0.1026462158756181,0.0023643880607981216,0.002880142405241885,0.1026462158756181,0.0023643880607981216,0.002880142405241885,0.10501060393641623,0.10552635828085999,0.005244530466040006,0.10789074634165811
9923,Normal Traffic,0.10228554755429925,0.006561987294622875,0.018623226105443938,0.10228554755429925,0.006561987294622875,0.018623226105443938,0.10884753484892212,0.12090877365974319,0.02518521340006681,0.12747076095436605
9994,Normal Traffic,0.04912879133412325,1.3941320332770111e-07,0.0,0.04912879133412325,1.3941320332770111e-07,0.0,0.04912893074732658,0.04912879133412325,1.3941320332770111e-07,0.04912893074732658
11944,Normal Traffic,0.09156369487861142,0.009018221423482645,0.05112197465633996,0.09156369487861142,0.009018221423482645,0.05112197465633996,0.10058191630209407,0.14268566953495138,0.06014019607982261,0.15170389095843403
13826,Normal Traffic,0.03303802910457221,2.6244712826584138e-08,0.0,0.03303802910457221,2.6244712826584138e-08,0.0,0.033038055349285035,0.03303802910457221,2.6244712826584138e-08,0.033038055349285035
10619,Normal Traffic,0.11949013294869028,0.017950290060960546,0.012634344139513833,0.11949013294869028,0.017950290060960546,0.012634344139513833,0.13744042300965081,0.1321244770882041,0.03058463420047438,0.15007476714916465
10396,Normal Traffic,0.05287460275245426,0.0071175272178157474,0.010710598395228501,0.05287460275245426,0.0071175272178157474,0.010710598395228501,0.05999212997027001,0.06358520114768276,0.017828125613044248,0.07070272836549851
8945,Normal Traffic,0.06815663600328072,3.047491756176858e-08,0.03536412771800109,0.06815663600328072,3.047491756176858e-08,0.03536412771800109,0.06815666647819828,0.1035207637212818,0.03536415819291865,0.10352079419619936
13924,Normal Traffic,0.07030227252860836,3.047491756176858e-08,0.0,0.07030227252860836,3.047491756176858e-08,0.0,0.07030230300352593,0.07030227252860836,3.047491756176858e-08,0.07030230300352593
9317,Normal Traffic,0.023081084700310363,0.009049176696873062,0.0,0.023081084700310363,0.009049176696873062,0.0,0.032130261397183425,0.023081084700310363,0.009049176696873062,0.032130261397183425
8712,Normal Traffic,0.06397328425456744,0.006187859791577903,0.0,0.06397328425456744,0.006187859791577903,0.0,0.07016114404614535,0.06397328425456744,0.006187859791577903,0.07016114404614535
11877,Normal Traffic,0.07661137631176498,1.5489856327504173e-08,0.0,0.07661137631176498,1.5489856327504173e-08,0.0,0.07661139180162131,0.07661137631176498,1.5489856327504173e-08,0.07661139180162131
12632,Normal Traffic,0.0491000244265878,0.0,0.02914694572465745,0.0491000244265878,0.0,0.02914694572465745,0.0491000244265878,0.07824697015124525,0.02914694572465745,0.07824697015124525
10683,Normal Traffic,0.03548512160650277,0.021695907147431814,0.0,0.03548512160650277,0.021695907147431814,0.0,0.05718102875393459,0.03548512160650277,0.021695907147431814,0.05718102875393459
8880,Normal Traffic,0.07482892804114064,0.00297829260170613,0.024543080510858042,0.07482892804114064,0.00297829260170613,0.024543080510858042,0.07780722064284676,0.09937200855199868,0.02752137311256417,0.1023503011537048
12949,Normal Traffic,0.10637731264097358,0.00677087615132645,0.0,0.10637731264097358,0.00677087615132645,0.0,0.11314818879230003,0.10637731264097358,0.00677087615132645,0.11314818879230003
10764,Normal Traffic,0.10802777388804333,1.3941320332770111e-07,0.015414639620826688,0.10802777388804333,1.3941320332770111e-07,0.015414639620826688,0.10802791330124666,0.12344241350887002,0.015414779034030015,0.12344255292207335
9410,Normal Traffic,0.1078657799541543,0.002827749031657237,0.0,0.1078657799541543,0.002827749031657237,0.0,0.11069352898581154,0.1078657799541543,0.002827749031657237,0.11069352898581154
13690,Normal Traffic,0.074154592639021,0.020704017596863456,0.009264860065724786,0.074154592639021,0.020704017596863456,0.009264860065724786,0.09485861023588445,0.08341945270474578,0.029968877662588243,0.10412347030160923
10362,Normal Traffic,0.05666883773119788,0.008926934247443223,0.0,0.05666883773119788,0.008926934247443223,0.0,0.06559577197864111,0.05666883773119788,0.008926934247443223,0.06559577197864111
11247,Normal Traffic,0.10675286069538342,0.004430754524326201,0.023037355235799348,0.10675286069538342,0.004430754524326201,0.023037355235799348,0.11118361521970963,0.12979021593118278,0.02746810976012555,0.13422097045550896
10088,Normal Traffic,0.08814984768696046,0.008984315670965113,0.0,0.08814984768696046,0.008984315670965113,0.0,0.09713416335792557,0.08814984768696046,0.008984315670965113,0.09713416335792557
9653,Normal Traffic,0.0861329895529859,0.010740687410778315,0.0,0.0861329895529859,0.010740687410778315,0.0,0.09687367696376421,0.0861329895529859,0.010740687410778315,0.09687367696376421
13557,Normal Traffic,0.110474652920932,1.3941320332770111e-07,0.0010484385278680675,0.110474652920932,1.3941320332770111e-07,0.0010484385278680675,0.11047479233413533,0.11152309144880007,0.0010485779410713953,0.1115232308620034
10566,Normal Traffic,0.08612746425031885,1.3941320332770111e-07,0.0009783286531770546,0.08612746425031885,1.3941320332770111e-07,0.0009783286531770546,0.08612760366352218,0.0871057929034959,0.0009784680663803824,0.08710593231669923
11337,Normal Traffic,0.023081084700310363,0.00401596722711521,0.0,0.023081084700310363,0.00401596722711521,0.0,0.027097051927425574,0.023081084700310363,0.00401596722711521,0.027097051927425574
8745,Normal Traffic,0.07164427457260043,0.0019684865081209535,0.0,0.07164427457260043,0.0019684865081209535,0.0,0.07361276108072139,0.07164427457260043,0.0019684865081209535,0.07361276108072139
8976,Normal Traffic,0.0349911753429414,0.011413110697551115,0.03338027484811597,0.0349911753429414,0.011413110697551115,0.03338027484811597,0.046404286040492515,0.06837145019105736,0.044793385545667086,0.07978456088860848
10357,Normal Traffic,0.028686194697966585,0.01872916164510151,0.01241964027306896,0.028686194697966585,0.01872916164510151,0.01241964027306896,0.047415356343068094,0.041105834971035544,0.031148801918170474,0.05983499661613705
9276,Normal Traffic,0.06579801083983561,0.003963566177993621,0.0,0.06579801083983561,0.003963566177993621,0.0,0.06976157701782923,0.06579801083983561,0.003963566177993621,0.06976157701782923
8691,Normal Traffic,0.07571954386542683,0.021812175252991797,0.03426063916827669,0.07571954386542683,0.021812175252991797,0.03426063916827669,0.09753171911841862,0.10998018303370352,0.056072814421268484,0.1317923582866953
9624,Normal Traffic,0.10079196558578243,0.0035412838414720653,0.02804120594045637,0.10079196558578243,0.0035412838414720653,0.02804120594045637,0.1043332494272545,0.1288331715262388,0.03158248978192844,0.13237445536771086
12833,Normal Traffic,0.023081084700310363,0.0,0.031166189508242077,0.023081084700310363,0.0,0.031166189508242077,0.023081084700310363,0.05424727420855244,0.031166189508242077,0.05424727420855244
10996,Normal Traffic,0.09190590080645783,0.0026925918344262384,0.034097262302987416,0.09190590080645783,0.0026925918344262384,0.034097262302987416,0.09459849264088407,0.12600316310944526,0.036789854137413654,0.12869575494387148
13930,Normal Traffic,0.09200880305314843,0.0030338999211132053,0.0,0.09200880305314843,0.0030338999211132053,0.0,0.09504270297426164,0.09200880305314843,0.0030338999211132053,0.09504270297426164
10256,Normal Traffic,0.07134700036856781,0.046181600510092874,0.0,0.07134700036856781,0.046181600510092874,0.0,0.11752860087866068,0.07134700036856781,0.046181600510092874,0.11752860087866068
10456,Normal Traffic,0.046408160066039816,0.029318165928161735,0.015441404592301594,0.046408160066039816,0.029318165928161735,0.015441404592301594,0.07572632599420155,0.06184956465834141,0.04475957052046333,0.09116773058650314
13514,Normal Traffic,0.08317410303638456,1.385500112343706e-07,0.017582108439268718,0.08317410303638456,1.385500112343706e-07,0.017582108439268718,0.08317424158639579,0.10075621147565328,0.017582246989279952,0.1007563500256645
11382,Normal Traffic,0.10189075199581604,0.021771517120239614,0.036557612363529286,0.10189075199581604,0.021771517120239614,0.036557612363529286,0.12366226911605566,0.13844836435934532,0.0583291294837689,0.16021988147958494
11512,Normal Traffic,0.07257478217544157,0.0018243426880677652,0.004715103289766404,0.07257478217544157,0.0018243426880677652,0.004715103289766404,0.07439912486350933,0.07728988546520797,0.006539445977834169,0.07911422815327573
10722,Normal Traffic,0.05322700487682083,0.0064556868422031375,0.0,0.05322700487682083,0.0064556868422031375,0.0,0.05968269171902397,0.05322700487682083,0.0064556868422031375,0.05968269171902397
11590,Normal Traffic,0.09291559851679987,0.013431340691141339,0.0141249034093711,0.09291559851679987,0.013431340691141339,0.0141249034093711,0.10634693920794121,0.10704050192617097,0.02755624410051244,0.12047184261731231
11430,Normal Traffic,0.031645649577432426,0.01934268330083716,0.01815772425423094,0.031645649577432426,0.01934268330083716,0.01815772425423094,0.050988332878269586,0.04980337383166336,0.0375004075550681,0.06914605713250052
10748,Normal Traffic,0.087123793601705,0.004017774751135785,0.008577770376703167,0.087123793601705,0.004017774751135785,0.008577770376703167,0.09114156835284078,0.09570156397840816,0.012595545127838951,0.09971933872954394
10138,Normal Traffic,0.061905074938065074,0.026741382180579948,0.015226492278688336,0.061905074938065074,0.026741382180579948,0.015226492278688336,0.08864645711864502,0.0771315672167534,0.041967874459268285,0.10387294939733335
13507,Normal Traffic,0.060403035040827946,0.001990743276913485,0.015226492278688336,0.060403035040827946,0.001990743276913485,0.015226492278688336,0.06239377831774143,0.07562952731951628,0.01721723555560182,0.07762027059642976
9372,Normal Traffic,0.07540073702683867,0.009073465588121025,0.0,0.07540073702683867,0.009073465588121025,0.0,0.08447420261495969,0.07540073702683867,0.009073465588121025,0.08447420261495969
9713,Normal Traffic,0.023081084700310363,1.385500112343706e-07,0.05261982300315363,0.023081084700310363,1.385500112343706e-07,0.05261982300315363,0.023081223250321598,0.075700907703464,0.05261996155316487,0.07570104625347523
10308,Normal Traffic,0.05711325841357287,0.022783134379976054,0.017690902964077954,0.05711325841357287,0.022783134379976054,0.017690902964077954,0.07989639279354893,0.07480416137765082,0.04047403734405401,0.09758729575762688
9646,Normal Traffic,0.023081084700310363,0.018213617273037174,0.006021573846325487,0.023081084700310363,0.018213617273037174,0.006021573846325487,0.04129470197334754,0.02910265854663585,0.024235191119362662,0.04731627581967302
11114,Normal Traffic,0.05435215543946825,0.0004736026178167595,0.016404981446231925,0.05435215543946825,0.0004736026178167595,0.016404981446231925,0.05482575805728501,0.07075713688570018,0.016878584064048685,0.07123073950351694
10172,Normal Traffic,0.060973952155957356,0.04085578759445596,0.0,0.060973952155957356,0.04085578759445596,0.0,0.10182973975041332,0.060973952155957356,0.04085578759445596,0.10182973975041332
10315,Normal Traffic,0.06832963234757854,0.04043784310236716,0.0,0.06832963234757854,0.04043784310236716,0.0,0.1087674754499457,0.06832963234757854,0.04043784310236716,0.1087674754499457
10454,Normal Traffic,0.07791438430763148,0.02022665293653195,0.013585945202832884,0.07791438430763148,0.02022665293653195,0.013585945202832884,0.09814103724416343,0.09150032951046436,0.03381259813936484,0.1117269824469963
10981,Normal Traffic,0.0936299226800065,0.008023481911394618,0.004193007502429208,0.0936299226800065,0.008023481911394618,0.004193007502429208,0.10165340459140113,0.09782293018243571,0.012216489413823826,0.10584641209383033
8912,Normal Traffic,0.08857689248918793,0.021812175252991797,0.0,0.08857689248918793,0.021812175252991797,0.0,0.11038906774217973,0.08857689248918793,0.021812175252991797,0.11038906774217973
11445,Normal Traffic,0.0636365054011031,0.00867951168347983,0.0,0.0636365054011031,0.00867951168347983,0.0,0.07231601708458293,0.0636365054011031,0.00867951168347983,0.07231601708458293
13692,Normal Traffic,0.1117988387722316,2.6244712826584138e-08,0.0,0.1117988387722316,2.6244712826584138e-08,0.0,0.11179886501694442,0.1117988387722316,2.6244712826584138e-08,0.11179886501694442
11137,Normal Traffic,0.06693446424227592,0.004641280416754675,0.0,0.06693446424227592,0.004641280416754675,0.0,0.07157574465903059,0.06693446424227592,0.004641280416754675,0.07157574465903059
9898,Normal Traffic,0.0731452027348678,0.021702686407132604,0.01668549340599568,0.0731452027348678,0.021702686407132604,0.01668549340599568,0.0948478891420004,0.08983069614086348,0.03838817981312828,0.11153338254799608
11801,Normal Traffic,0.06065020361331392,0.011218562105112958,0.0,0.06065020361331392,0.011218562105112958,0.0,0.07186876571842687,0.06065020361331392,0.011218562105112958,0.07186876571842687
10097,Normal Traffic,0.09007455156697458,0.00859990030065934,0.0,0.09007455156697458,0.00859990030065934,0.0,0.09867445186763392,0.09007455156697458,0.00859990030065934,0.09867445186763392
9719,Normal Traffic,0.06820334942926182,0.00392611596264866,0.0,0.06820334942926182,0.00392611596264866,0.0,0.07212946539191048,0.06820334942926182,0.00392611596264866,0.07212946539191048
13529,Normal Traffic,0.08451389530705632,0.008526665933578792,0.0,0.08451389530705632,0.008526665933578792,0.0,0.0930405612406351,0.08451389530705632,0.008526665933578792,0.0930405612406351
9659,Normal Traffic,0.06145174525956375,0.009423807024227484,0.01358263354289469,0.06145174525956375,0.009423807024227484,0.01358263354289469,0.07087555228379123,0.07503437880245843,0.02300644056712217,0.08445818582668592
13493,Normal Traffic,0.03634192183185679,0.000435459601002934,0.02817382330221811,0.03634192183185679,0.000435459601002934,0.02817382330221811,0.036777381432859725,0.0645157451340749,0.028609282903221043,0.06495120473507783
12590,Normal Traffic,0.08588934671683757,0.01051998236783154,0.0,0.08588934671683757,0.01051998236783154,0.0,0.09640932908466911,0.08588934671683757,0.01051998236783154,0.09640932908466911
10967,Normal Traffic,0.08522756490423347,0.0036267944434391925,0.0,0.08522756490423347,0.0036267944434391925,0.0,0.08885435934767266,0.08522756490423347,0.0036267944434391925,0.08885435934767266
10968,Normal Traffic,0.023081084700310363,0.0047125092099550014,0.016177944275101674,0.023081084700310363,0.0047125092099550014,0.016177944275101674,0.027793593910265365,0.03925902897541204,0.020890453485056675,0.04397153818536704
10661,Normal Traffic,0.10799427866286841,0.0027250406065940174,0.02138316050774578,0.10799427866286841,0.0027250406065940174,0.02138316050774578,0.11071931926946244,0.1293774391706142,0.024108201114339797,0.1321024797772082
8842,Normal Traffic,0.08385973432302947,0.004775444738199913,0.019348552684661402,0.08385973432302947,0.004775444738199913,0.019348552684661402,0.08863517906122938,0.10320828700769087,0.024123997422861317,0.10798373174589078
9857,Normal Traffic,0.023081084700310363,0.021776488713331783,0.0,0.023081084700310363,0.021776488713331783,0.0,0.044857573413642146,0.023081084700310363,0.021776488713331783,0.044857573413642146
12860,Normal Traffic,0.09736684819789374,0.004066287664516878,0.0181855740808488,0.09736684819789374,0.004066287664516878,0.0181855740808488,0.10143313586241061,0.11555242227874253,0.022251861745365677,0.1196187099432594
13447,Normal Traffic,0.0721029067600395,0.004008140146372398,0.0,0.0721029067600395,0.004008140146372398,0.0,0.07611104690641189,0.0721029067600395,0.004008140146372398,0.07611104690641189
10314,Normal Traffic,0.07607665242141637,0.019177295829980998,0.0,0.07607665242141637,0.019177295829980998,0.0,0.09525394825139737,0.07607665242141637,0.019177295829980998,0.09525394825139737
11348,Normal Traffic,0.11712463072913813,0.001822224117305642,0.036557612363529286,0.11712463072913813,0.001822224117305642,0.036557612363529286,0.11894685484644378,0.15368224309266743,0.03837983648083493,0.15550446720997307
10121,Normal Traffic,0.07556632782017592,0.01806092931310865,0.0,0.07556632782017592,0.01806092931310865,0.0,0.09362725713328457,0.07556632782017592,0.01806092931310865,0.09362725713328457
11462,Normal Traffic,0.06685553232193804,3.047491756176858e-08,0.0,0.06685553232193804,3.047491756176858e-08,0.0,0.0668555627968556,0.06685553232193804,3.047491756176858e-08,0.0668555627968556
10469,Normal Traffic,0.03528236885542773,0.031036024912097112,0.0,0.03528236885542773,0.031036024912097112,0.0,0.06631839376752484,0.03528236885542773,0.031036024912097112,0.06631839376752484
8996,Normal Traffic,0.09322777487229257,0.0008217106236002285,0.05584418363420706,0.09322777487229257,0.0008217106236002285,0.05584418363420706,0.0940494854958928,0.14907195850649962,0.05666589425780729,0.14989366913009985
9366,Normal Traffic,0.06855222944082387,0.002400098352368795,0.018939327375006535,0.06855222944082387,0.002400098352368795,0.018939327375006535,0.07095232779319266,0.0874915568158304,0.02133942572737533,0.08989165516819919
10702,Normal Traffic,0.09298184426293651,0.002633616441152961,0.013166139132390927,0.09298184426293651,0.002633616441152961,0.013166139132390927,0.09561546070408948,0.10614798339532744,0.015799755573543888,0.1087815998364804
10296,Normal Traffic,0.05399047987165971,0.02295767521667888,0.0,0.05399047987165971,0.02295767521667888,0.0,0.07694815508833859,0.05399047987165971,0.02295767521667888,0.07694815508833859
12762,Normal Traffic,0.09363393866967047,0.0042650810226763005,0.0,0.09363393866967047,0.0042650810226763005,0.0,0.09789901969234677,0.09363393866967047,0.0042650810226763005,0.09789901969234677
8778,Normal Traffic,0.05666883773119788,0.00670055452505947,0.018083865471998445,0.05666883773119788,0.00670055452505947,0.018083865471998445,0.06336939225625735,0.07475270320319632,0.024784419997057914,0.08145325772825579
10501,Normal Traffic,0.07562923234249097,0.006291159735609479,0.0,0.07562923234249097,0.006291159735609479,0.0,0.08192039207810045,0.07562923234249097,0.006291159735609479,0.08192039207810045
11418,Normal Traffic,0.05133031208683109,0.003416796351958941,0.0,0.05133031208683109,0.003416796351958941,0.0,0.05474710843879003,0.05133031208683109,0.003416796351958941,0.05474710843879003
9257,Normal Traffic,0.08696802146848714,1.5489856327504173e-08,0.0,0.08696802146848714,1.5489856327504173e-08,0.0,0.08696803695834347,0.08696802146848714,1.5489856327504173e-08,0.08696803695834347
12608,Normal Traffic,0.0589040616315795,0.002605036999436895,0.016995383400155564,0.0589040616315795,0.002605036999436895,0.016995383400155564,0.06150909863101639,0.07589944503173507,0.01960042039959246,0.07850448203117195
8624,Normal Traffic,0.0752699131868878,0.0002017110070485822,0.03216445405121844,0.0752699131868878,0.0002017110070485822,0.03216445405121844,0.07547162419393638,0.10743436723810625,0.032366165058267025,0.10763607824515482
12285,Normal Traffic,0.1068646499228477,0.018185506833426193,0.02930145680019028,0.1068646499228477,0.018185506833426193,0.02930145680019028,0.1250501567562739,0.13616610672303797,0.04748696363361647,0.15435161355646418
10263,Normal Traffic,0.07346465791587917,0.043172766743497744,0.0,0.07346465791587917,0.043172766743497744,0.0,0.1166374246593769,0.07346465791587917,0.043172766743497744,0.1166374246593769
8777,Normal Traffic,0.07549018432722895,0.00038337567177638336,0.016404981446231925,0.07549018432722895,0.00038337567177638336,0.016404981446231925,0.07587355999900534,0.09189516577346088,0.01678835711800831,0.09227854144523727
9029,Normal Traffic,0.07593628206639633,1.4678544163855573e-07,0.0,0.07593628206639633,1.4678544163855573e-07,0.0,0.07593642885183796,0.07593628206639633,1.4678544163855573e-07,0.07593642885183796
13956,Normal Traffic,0.030575012971060803,0.009045269671746905,0.0,0.030575012971060803,0.009045269671746905,0.0,0.03962028264280771,0.030575012971060803,0.009045269671746905,0.03962028264280771
13760,Normal Traffic,0.04032510996162838,0.0003670133695660662,0.0,0.04032510996162838,0.0003670133695660662,0.0,0.040692123331194444,0.04032510996162838,0.0003670133695660662,0.040692123331194444
10080,Normal Traffic,0.04764292740043881,0.03393466248620297,0.0,0.04764292740043881,0.03393466248620297,0.0,0.08157758988664178,0.04764292740043881,0.03393466248620297,0.08157758988664178
11843,Normal Traffic,0.0997992622684249,0.01847068296237933,0.0,0.0997992622684249,0.01847068296237933,0.0,0.11826994523080422,0.0997992622684249,0.01847068296237933,0.11826994523080422
13981,Normal Traffic,0.10012914087224895,0.002088249905590427,0.007066544869520725,0.10012914087224895,0.002088249905590427,0.007066544869520725,0.10221739077783937,0.10719568574176967,0.009154794775111151,0.1092839356473601
9677,Normal Traffic,0.037348226393497955,0.02175469637213736,0.0,0.037348226393497955,0.02175469637213736,0.0,0.059102922765635314,0.037348226393497955,0.02175469637213736,0.059102922765635314
9087,Normal Traffic,0.053555344825484186,0.0030163612367678895,0.017599660091903602,0.053555344825484186,0.0030163612367678895,0.017599660091903602,0.05657170606225208,0.07115500491738778,0.02061602132867149,0.07417136615415568
9463,Normal Traffic,0.028169910120777592,1.3941320332770111e-07,0.024517500103945745,0.028169910120777592,1.3941320332770111e-07,0.024517500103945745,0.02817004953398092,0.05268741022472334,0.024517639517149074,0.05268754963792667
9085,Normal Traffic,0.06027777626505412,0.000587324562296607,0.0,0.06027777626505412,0.000587324562296607,0.0,0.06086510082735073,0.06027777626505412,0.000587324562296607,0.06086510082735073
12778,Normal Traffic,0.13895759304092958,0.002115208348820101,0.0,0.13895759304092958,0.002115208348820101,0.0,0.14107280138974967,0.13895759304092958,0.002115208348820101,0.14107280138974967
8758,Normal Traffic,0.08593093965167004,3.047491756176858e-08,0.0022964854232646846,0.08593093965167004,3.047491756176858e-08,0.0022964854232646846,0.0859309701265876,0.08822742507493472,0.0022965158981822463,0.08822745554985228
13375,Normal Traffic,0.11813633485119326,0.012761969969668684,0.0,0.11813633485119326,0.012761969969668684,0.0,0.13089830482086195,0.11813633485119326,0.012761969969668684,0.13089830482086195
12134,Normal Traffic,0.06476536316720867,0.0008863063921566182,0.007955455345845408,0.06476536316720867,0.0008863063921566182,0.007955455345845408,0.06565166955936529,0.07272081851305408,0.008841761738002026,0.0736071249052107
14042,Normal Traffic,0.1113122730984869,0.001811483968281256,0.0019174864179493309,0.1113122730984869,0.001811483968281256,0.0019174864179493309,0.11312375706676815,0.11322975951643624,0.003728970386230587,0.11504124348471748
9627,Normal Traffic,0.07254716009267223,0.003532292793396848,0.0,0.07254716009267223,0.003532292793396848,0.0,0.07607945288606908,0.07254716009267223,0.003532292793396848,0.07607945288606908
8889,Normal Traffic,0.07554526978662611,0.006456665779785124,0.036557612363529286,0.07554526978662611,0.006456665779785124,0.036557612363529286,0.08200193556641124,0.1121028821501554,0.04301427814331441,0.11855954792994053
10835,Normal Traffic,0.11385253402040094,7.033827137421217e-05,0.01515994171183686,0.11385253402040094,7.033827137421217e-05,0.01515994171183686,0.11392287229177515,0.12901247573223779,0.015230279983211073,0.12908281400361202
11834,Normal Traffic,0.03683260894281155,0.004479974234052941,0.0,0.03683260894281155,0.004479974234052941,0.0,0.04131258317686449,0.03683260894281155,0.004479974234052941,0.04131258317686449
9502,Normal Traffic,0.0745130649620521,0.008515818562646976,0.019491966345278444,0.0745130649620521,0.008515818562646976,0.019491966345278444,0.08302888352469907,0.09400503130733054,0.02800778490792542,0.10252084986997752
13389,Normal Traffic,0.08743555611224642,1.5489856327504173e-08,0.011526612438240283,0.08743555611224642,1.5489856327504173e-08,0.011526612438240283,0.08743557160210275,0.0989621685504867,0.011526627928096611,0.09896218404034303
12724,Normal Traffic,0.12139381107827964,0.022507860422595852,0.0,0.12139381107827964,0.022507860422595852,0.0,0.1439016715008755,0.12139381107827964,0.022507860422595852,0.1439016715008755
9683,Normal Traffic,0.023081084700310363,0.000591082763981702,0.0,0.023081084700310363,0.000591082763981702,0.0,0.023672167464292064,0.023081084700310363,0.000591082763981702,0.023672167464292064
12384,Normal Traffic,0.023234207959673486,0.00029112023848365943,0.038383394176724886,0.023234207959673486,0.00029112023848365943,0.038383394176724886,0.023525328198157145,0.06161760213639837,0.03867451441520855,0.06190872237488203
10862,Normal Traffic,0.07448165945096402,0.003885699224094893,0.0,0.07448165945096402,0.003885699224094893,0.0,0.07836735867505891,0.07448165945096402,0.003885699224094893,0.07836735867505891
9937,Normal Traffic,0.0525503485155548,0.004775444738199913,0.0,0.0525503485155548,0.004775444738199913,0.0,0.05732579325375471,0.0525503485155548,0.004775444738199913,0.05732579325375471
13847,Normal Traffic,0.05338921051648554,0.01051243907443119,0.017369600089444184,0.05338921051648554,0.01051243907443119,0.017369600089444184,0.06390164959091674,0.07075881060592973,0.027882039163875376,0.08127124968036092
12206,Normal Traffic,0.08790366208534235,0.012818734968209972,0.028667767024543305,0.08790366208534235,0.012818734968209972,0.028667767024543305,0.10072239705355232,0.11657142910988566,0.04148650199275328,0.12939016407809562
9757,Normal Traffic,0.06867897159352501,0.012529053721863394,0.0,0.06867897159352501,0.012529053721863394,0.0,0.0812080253153884,0.06867897159352501,0.012529053721863394,0.0812080253153884
8938,Normal Traffic,0.055943922340276536,0.003454087846569844,0.03822274608920201,0.055943922340276536,0.003454087846569844,0.03822274608920201,0.05939801018684638,0.09416666842947854,0.04167683393577185,0.09762075627604838
11296,Normal Traffic,0.09538481175434907,0.0038824281179269454,0.021424955979618465,0.09538481175434907,0.0038824281179269454,0.021424955979618465,0.09926723987227601,0.11680976773396753,0.02530738409754541,0.12069219585189447
12499,Normal Traffic,0.07614931230512872,0.0009603649028052084,0.034524266285775644,0.07614931230512872,0.0009603649028052084,0.034524266285775644,0.07710967720793394,0.11067357859090438,0.035484631188580855,0.11163394349370959
9729,Normal Traffic,0.06770139011609787,0.003454087846569844,0.025011637400769664,0.06770139011609787,0.003454087846569844,0.025011637400769664,0.07115547796266772,0.09271302751686752,0.028465725247339507,0.09616711536343739
11050,Normal Traffic,0.059511929729443316,0.013165831079301164,0.0,0.059511929729443316,0.013165831079301164,0.0,0.07267776080874448,0.059511929729443316,0.013165831079301164,0.07267776080874448
13074,Normal Traffic,0.04466872599984956,0.015528563112085614,0.0,0.04466872599984956,0.015528563112085614,0.0,0.06019728911193517,0.04466872599984956,0.015528563112085614,0.06019728911193517
12480,Normal Traffic,0.08249561199803425,0.004424190446389729,0.026000937357943787,0.08249561199803425,0.004424190446389729,0.026000937357943787,0.08691980244442397,0.10849654935597804,0.030425127804333516,0.11292073980236776
10897,Normal Traffic,0.09233749591697947,6.363439193698936e-08,0.0,0.09233749591697947,6.363439193698936e-08,0.0,0.0923375595513714,0.09233749591697947,6.363439193698936e-08,0.0923375595513714
8935,Normal Traffic,0.07222479292733641,0.021810000458004835,0.016414678128134297,0.07222479292733641,0.021810000458004835,0.016414678128134297,0.09403479338534125,0.08863947105547071,0.038224678586139135,0.11044947151347555
9752,Normal Traffic,0.0906125601889107,0.021632720688502034,0.01646105098051616,0.0906125601889107,0.021632720688502034,0.01646105098051616,0.11224528087741273,0.10707361116942686,0.038093771669018194,0.1287063318579289
11285,Normal Traffic,0.06678448192926216,0.018474850411664124,0.046880850759263244,0.06678448192926216,0.018474850411664124,0.046880850759263244,0.08525933234092628,0.11366533268852541,0.06535570117092737,0.13214018310018952
9427,Normal Traffic,0.049983641098042514,1.3941320332770111e-07,0.017843673875193,0.049983641098042514,1.3941320332770111e-07,0.017843673875193,0.04998378051124584,0.06782731497323552,0.017843813288396328,0.06782745438643883
11092,Normal Traffic,0.09942654163357133,0.0029237861299468673,0.036557612363529286,0.09942654163357133,0.0029237861299468673,0.036557612363529286,0.1023503277635182,0.13598415399710062,0.03948139849347616,0.1389079401270475
9010,Normal Traffic,0.02589715955090697,0.020495433708001172,0.02325677763200476,0.02589715955090697,0.020495433708001172,0.02325677763200476,0.04639259325890814,0.04915393718291173,0.04375221134000593,0.0696493708909129
8801,Normal Traffic,0.057052461197115004,0.009064792407836919,0.0,0.057052461197115004,0.009064792407836919,0.0,0.06611725360495192,0.057052461197115004,0.009064792407836919,0.06611725360495192
12868,Normal Traffic,0.0880961762688752,0.0023892708435508795,0.021526200341645957,0.0880961762688752,0.0023892708435508795,0.021526200341645957,0.09048544711242608,0.10962237661052116,0.023915471185196838,0.11201164745407204
10868,Normal Traffic,0.06547490068602205,0.00569566504119563,0.0,0.06547490068602205,0.00569566504119563,0.0,0.07117056572721768,0.06547490068602205,0.00569566504119563,0.07117056572721768
9804,Normal Traffic,0.07330788239312737,0.017455707947972455,0.005804740316958246,0.07330788239312737,0.017455707947972455,0.005804740316958246,0.09076359034109982,0.07911262271008561,0.023260448264930702,0.09656833065805806
12070,Normal Traffic,0.07087204421806417,0.008988198036306686,0.036557612363529286,0.07087204421806417,0.008988198036306686,0.036557612363529286,0.07986024225437086,0.10742965658159345,0.045545810399835976,0.11641785461790014
10592,Normal Traffic,0.11714992540762206,0.021636422372584847,0.0,0.11714992540762206,0.021636422372584847,0.0,0.1387863477802069,0.11714992540762206,0.021636422372584847,0.1387863477802069
8696,Normal Traffic,0.0727320443913927,0.012812631685789277,0.0,0.0727320443913927,0.012812631685789277,0.0,0.08554467607718198,0.0727320443913927,0.012812631685789277,0.08554467607718198
8661,Normal Traffic,0.08401461784856235,0.003523846071411125,0.01094294342763985,0.08401461784856235,0.003523846071411125,0.01094294342763985,0.08753846391997347,0.0949575612762022,0.014466789499050975,0.09848140734761332
8786,Normal Traffic,0.06961858388037138,0.020741523540441693,0.0,0.06961858388037138,0.020741523540441693,0.0,0.09036010742081307,0.06961858388037138,0.020741523540441693,0.09036010742081307
10950,Normal Traffic,0.12315495216754993,0.009160519622396005,0.0,0.12315495216754993,0.009160519622396005,0.0,0.13231547178994593,0.12315495216754993,0.009160519622396005,0.13231547178994593
13871,Normal Traffic,0.023234207959673486,0.021800160566711135,0.0,0.023234207959673486,0.021800160566711135,0.0,0.04503436852638462,0.023234207959673486,0.021800160566711135,0.04503436852638462
10844,Normal Traffic,0.08186008522008854,0.008060693034009744,0.050034482087167695,0.08186008522008854,0.008060693034009744,0.050034482087167695,0.08992077825409829,0.13189456730725624,0.05809517512117744,0.13995526034126599
9576,Normal Traffic,0.08321473946062177,0.003301112768468351,0.0,0.08321473946062177,0.003301112768468351,0.0,0.08651585222909013,0.08321473946062177,0.003301112768468351,0.08651585222909013
8906,Normal Traffic,0.049983641098042514,0.018216482065383434,0.0,0.049983641098042514,0.018216482065383434,0.0,0.06820012316342594,0.049983641098042514,0.018216482065383434,0.06820012316342594
13717,Normal Traffic,0.07821161337057475,0.018719046873256488,0.018339562480348317,0.07821161337057475,0.018719046873256488,0.018339562480348317,0.09693066024383123,0.09655117585092307,0.037058609353604804,0.11527022272417956
11002,Normal Traffic,0.0708981313868029,0.018096039984322583,0.016527990686253803,0.0708981313868029,0.018096039984322583,0.016527990686253803,0.08899417137112547,0.0874261220730567,0.034624030670576386,0.10552216205737927
11425,Normal Traffic,0.06848271297013667,0.011307503476419532,0.0,0.06848271297013667,0.011307503476419532,0.0,0.0797902164465562,0.06848271297013667,0.011307503476419532,0.0797902164465562
13531,Normal Traffic,0.09026452119198589,0.003686665130523631,0.0,0.09026452119198589,0.003686665130523631,0.0,0.09395118632250951,0.09026452119198589,0.003686665130523631,0.09395118632250951
14115,Normal Traffic,0.08789959680588404,0.0,0.019501951006929086,0.08789959680588404,0.0,0.019501951006929086,0.08789959680588404,0.10740154781281312,0.019501951006929086,0.10740154781281312
10087,Normal Traffic,0.05720721839589147,0.03576803361089774,0.004005643984193896,0.05720721839589147,0.03576803361089774,0.004005643984193896,0.09297525200678922,0.061212862380085366,0.039773677595091636,0.09698089599098311
8784,Normal Traffic,0.08700266971247536,0.00019111869225820423,0.020106955050778346,0.08700266971247536,0.00019111869225820423,0.020106955050778346,0.08719378840473356,0.10710962476325371,0.02029807374303655,0.10730074345551191
11963,Normal Traffic,0.06476536316720867,0.0024720329602592487,0.0,0.06476536316720867,0.0024720329602592487,0.0,0.06723739612746792,0.06476536316720867,0.0024720329602592487,0.06723739612746792
10935,Normal Traffic,0.07072237991672445,2.6244712826584138e-08,0.01646105098051616,0.07072237991672445,2.6244712826584138e-08,0.01646105098051616,0.07072240616143727,0.08718343089724061,0.016461077225228986,0.08718345714195343
12627,Normal Traffic,0.09660311267530447,0.009094763720472998,0.0314171467614137,0.09660311267530447,0.009094763720472998,0.0314171467614137,0.10569787639577746,0.1280202594367182,0.0405119104818867,0.13711502315719115
11936,Normal Traffic,0.03528236885542773,0.004037970017141728,0.035602074592157446,0.03528236885542773,0.004037970017141728,0.035602074592157446,0.03932033887256946,0.07088444344758518,0.03964004460929917,0.0749224134647269
10189,Normal Traffic,0.08471276679448284,0.008628182214803047,0.01646105098051616,0.08471276679448284,0.008628182214803047,0.01646105098051616,0.09334094900928588,0.101173817774999,0.025089233195319208,0.10980199998980204
8910,Normal Traffic,0.06597825147018266,1.3941320332770111e-07,0.015489149742513694,0.06597825147018266,1.3941320332770111e-07,0.015489149742513694,0.06597839088338599,0.08146740121269636,0.01548928915571702,0.08146754062589968
11113,Normal Traffic,0.11054830673424151,0.0020865077090011794,0.018878155991900077,0.11054830673424151,0.0020865077090011794,0.018878155991900077,0.11263481444324269,0.12942646272614158,0.020964663700901255,0.13151297043514276
12766,Normal Traffic,0.023081084700310363,0.004127105632438479,0.013469389157907378,0.023081084700310363,0.004127105632438479,0.013469389157907378,0.027208190332748843,0.03655047385821774,0.017596494790345855,0.04067757949065622
11623,Normal Traffic,0.02316232326939769,0.01096544854123584,0.0,0.02316232326939769,0.01096544854123584,0.0,0.034127771810633534,0.02316232326939769,0.01096544854123584,0.034127771810633534
69,Sybil Attack,0.07271386584846584,0.04381436649416611,0.0,0.07271386584846584,0.04381436649416611,0.0,0.11652823234263196,0.07271386584846584,0.04381436649416611,0.11652823234263196
1743,Sybil Attack,0.10147472168312169,0.05386708415108436,0.0009632660282702654,0.10147472168312169,0.05386708415108436,0.0009632660282702654,0.15534180583420604,0.10243798771139195,0.05483035017935463,0.1563050718624763
16246,Sybil Attack,0.13393520524570934,0.050748926991043095,0.036557612363529286,0.13393520524570934,0.050748926991043095,0.036557612363529286,0.18468413223675245,0.17049281760923862,0.08730653935457239,0.22124174460028173
16274,Sybil Attack,0.05137388198832227,0.00323333021373441,0.0,0.05137388198832227,0.00323333021373441,0.0,0.05460721220205668,0.05137388198832227,0.00323333021373441,0.05460721220205668
7969,Sybil Attack,0.06788696865223418,0.046912216384335535,0.0,0.06788696865223418,0.046912216384335535,0.0,0.11479918503656972,0.06788696865223418,0.046912216384335535,0.11479918503656972
916,Sybil Attack,0.10656528144338442,0.046194806007089396,0.0009783286531770546,0.10656528144338442,0.046194806007089396,0.0009783286531770546,0.1527600874504738,0.10754361009656148,0.04717313466026645,0.15373841610365085
1916,Sybil Attack,0.1210815881514935,0.02864284790388548,0.0,0.1210815881514935,0.02864284790388548,0.0,0.149724436055379,0.1210815881514935,0.02864284790388548,0.149724436055379
1366,Sybil Attack,0.08461665961140216,0.05431648154286431,0.0,0.08461665961140216,0.05431648154286431,0.0,0.13893314115426647,0.08461665961140216,0.05431648154286431,0.13893314115426647
2336,Sybil Attack,0.0769894452365133,0.05060554677948966,0.015484883667922186,0.0769894452365133,0.05060554677948966,0.015484883667922186,0.12759499201600297,0.09247432890443548,0.06609043044741185,0.14307987568392516
542,Sybil Attack,0.10635250146884068,0.04622008040525766,0.0,0.10635250146884068,0.04622008040525766,0.0,0.15257258187409833,0.10635250146884068,0.04622008040525766,0.15257258187409833
2105,Sybil Attack,0.08762733140659323,0.06241134181349768,0.0009783286531770546,0.08762733140659323,0.06241134181349768,0.0009783286531770546,0.1500386732200909,0.08860566005977029,0.06338967046667474,0.15101700187326794
552,Sybil Attack,0.08215411034542176,0.04550848120259891,0.0,0.08215411034542176,0.04550848120259891,0.0,0.12766259154802068,0.08215411034542176,0.04550848120259891,0.12766259154802068
569,Sybil Attack,0.11720215570219347,0.06139884461260086,0.0,0.11720215570219347,0.06139884461260086,0.0,0.17860100031479434,0.11720215570219347,0.06139884461260086,0.17860100031479434
367,Sybil Attack,0.06788696865223418,0.047019394052836005,0.0,0.06788696865223418,0.047019394052836005,0.0,0.11490636270507018,0.06788696865223418,0.047019394052836005,0.11490636270507018
2398,Sybil Attack,0.06788696865223418,0.043814364893573786,0.036557612363529286,0.06788696865223418,0.043814364893573786,0.036557612363529286,0.11170133354580797,0.10444458101576345,0.08037197725710307,0.14825894590933725
2440,Sybil Attack,0.12213827841560632,0.046889434464466674,0.01537898182265192,0.12213827841560632,0.046889434464466674,0.01537898182265192,0.16902771288007298,0.13751726023825825,0.06226841628711859,0.18440669470272492
796,Sybil Attack,0.11917096084043637,0.050598449648179486,0.0,0.11917096084043637,0.050598449648179486,0.0,0.16976941048861585,0.11917096084043637,0.050598449648179486,0.16976941048861585
2116,Sybil Attack,0.06788696865223418,0.020996597371359383,0.0,0.06788696865223418,0.020996597371359383,0.0,0.08888356602359355,0.06788696865223418,0.020996597371359383,0.08888356602359355
197,Sybil Attack,0.0769894452365133,0.06245704719609748,0.0,0.0769894452365133,0.06245704719609748,0.0,0.13944649243261079,0.0769894452365133,0.06245704719609748,0.13944649243261079
1698,Sybil Attack,0.1420773185354486,0.026975477386279492,0.0,0.1420773185354486,0.026975477386279492,0.0,0.16905279592172812,0.1420773185354486,0.026975477386279492,0.16905279592172812
8003,Sybil Attack,0.11385027143777286,0.043814364893573786,0.0,0.11385027143777286,0.043814364893573786,0.0,0.15766463633134664,0.11385027143777286,0.043814364893573786,0.15766463633134664
7965,Sybil Attack,0.10095563405873353,0.01417608978907197,0.016995383400155564,0.10095563405873353,0.01417608978907197,0.016995383400155564,0.11513172384780551,0.1179510174588891,0.031171473189227535,0.13212710724796106
7660,Sybil Attack,0.0679682072213215,0.035780692532941416,0.036557612363529286,0.0679682072213215,0.035780692532941416,0.036557612363529286,0.10374889975426292,0.1045258195848508,0.0723383048964707,0.14030651211779221
16267,Sybil Attack,0.10168328454768735,0.032577468325618066,0.0,0.10168328454768735,0.032577468325618066,0.0,0.1342607528733054,0.10168328454768735,0.032577468325618066,0.1342607528733054
2171,Sybil Attack,0.0850044694456366,0.05461579468267498,0.0,0.0850044694456366,0.05461579468267498,0.0,0.13962026412831158,0.0850044694456366,0.05461579468267498,0.13962026412831158
2305,Sybil Attack,0.10727262993993075,0.02896479420420233,0.0,0.10727262993993075,0.02896479420420233,0.0,0.1362374241441331,0.10727262993993075,0.02896479420420233,0.1362374241441331
1837,Sybil Attack,0.11976115595644488,0.06226307019104778,0.0,0.11976115595644488,0.06226307019104778,0.0,0.18202422614749264,0.11976115595644488,0.06226307019104778,0.18202422614749264
383,Sybil Attack,0.11980746061441687,0.06126559050441795,0.0,0.11980746061441687,0.06126559050441795,0.0,0.18107305111883482,0.11980746061441687,0.06126559050441795,0.18107305111883482
2199,Sybil Attack,0.06788696865223418,0.04703394939734983,0.036557612363529286,0.06788696865223418,0.04703394939734983,0.036557612363529286,0.11492091804958401,0.10444458101576345,0.08359156176087912,0.1514785304131133
527,Sybil Attack,0.12088253637334018,0.047410495421040526,0.0,0.12088253637334018,0.047410495421040526,0.0,0.1682930317943807,0.12088253637334018,0.047410495421040526,0.1682930317943807
16297,Sybil Attack,0.1088250572174923,0.054908536818066817,0.0,0.1088250572174923,0.054908536818066817,0.0,0.16373359403555912,0.1088250572174923,0.054908536818066817,0.16373359403555912
14194,Sybil Attack,0.07391818218253982,0.04381436403038169,0.0,0.07391818218253982,0.04381436403038169,0.0,0.11773254621292151,0.07391818218253982,0.04381436403038169,0.11773254621292151
2484,Sybil Attack,0.11449974604646229,0.04761707643441303,0.0,0.11449974604646229,0.04761707643441303,0.0,0.16211682248087533,0.11449974604646229,0.04761707643441303,0.16211682248087533
862,Sybil Attack,0.0679682072213215,0.06252015090720188,0.0022753780411142732,0.0679682072213215,0.06252015090720188,0.0022753780411142732,0.13048835812852339,0.07024358526243578,0.06479552894831615,0.13276373616963766
2392,Sybil Attack,0.06788696865223418,0.048442374323745346,0.02022553139946107,0.06788696865223418,0.048442374323745346,0.02022553139946107,0.11632934297597952,0.08811250005169524,0.06866790572320641,0.1365548743754406
1613,Sybil Attack,0.10717389492298122,0.04791087153841503,0.018556207685632042,0.10717389492298122,0.04791087153841503,0.018556207685632042,0.15508476646139624,0.12573010260861328,0.06646707922404707,0.17364097414702828
7923,Sybil Attack,0.10147472168312169,0.0066552411850924476,0.0,0.10147472168312169,0.0066552411850924476,0.0,0.10812996286821414,0.10147472168312169,0.0066552411850924476,0.10812996286821414
2125,Sybil Attack,0.06788696865223418,0.02338367484555768,0.0,0.06788696865223418,0.02338367484555768,0.0,0.09127064349779185,0.06788696865223418,0.02338367484555768,0.09127064349779185
517,Sybil Attack,0.06788696865223418,0.04783512350241529,0.036557612363529286,0.06788696865223418,0.04783512350241529,0.036557612363529286,0.11572209215464946,0.10444458101576345,0.08439273586594458,0.15227970451817874
7778,Sybil Attack,0.10147472168312169,0.028063003006387456,0.0009783286531770546,0.10147472168312169,0.028063003006387456,0.0009783286531770546,0.12953772468950914,0.10245305033629874,0.02904133165956451,0.13051605334268618
2050,Sybil Attack,0.06788696865223418,0.04381422548037046,0.0009783286531770546,0.06788696865223418,0.04381422548037046,0.0009783286531770546,0.11170119413260463,0.06886529730541123,0.04479255413354751,0.11267952278578168
1966,Sybil Attack,0.12227471626643052,0.040309068288619174,0.014936477710249025,0.12227471626643052,0.040309068288619174,0.014936477710249025,0.16258378455504968,0.13721119397667955,0.0552455459988682,0.1775202622652987
1440,Sybil Attack,0.06788696865223418,0.050719543551638005,0.0,0.06788696865223418,0.050719543551638005,0.0,0.11860651220387218,0.06788696865223418,0.050719543551638005,0.11860651220387218
2511,Sybil Attack,0.12920396014861046,0.04745109034145034,0.0,0.12920396014861046,0.04745109034145034,0.0,0.1766550504900608,0.12920396014861046,0.04745109034145034,0.1766550504900608
2167,Sybil Attack,0.1268310257704262,0.04538324350714758,0.0009783286531770546,0.1268310257704262,0.04538324350714758,0.0009783286531770546,0.17221426927757377,0.12780935442360325,0.04636157216032463,0.1731925979307508
7875,Sybil Attack,0.0680400919115973,0.06253292032411849,0.0,0.0680400919115973,0.06253292032411849,0.0,0.13057301223571577,0.0680400919115973,0.06253292032411849,0.13057301223571577
2242,Sybil Attack,0.09563619330625678,0.04602668820058658,0.0,0.09563619330625678,0.04602668820058658,0.0,0.14166288150684336,0.09563619330625678,0.04602668820058658,0.14166288150684336
7989,Sybil Attack,0.09910148596780907,0.0626036665649217,0.0,0.09910148596780907,0.0626036665649217,0.0,0.16170515253273077,0.09910148596780907,0.0626036665649217,0.16170515253273077
441,Sybil Attack,0.10147472168312169,0.062237438973739255,0.0,0.10147472168312169,0.062237438973739255,0.0,0.16371216065686095,0.10147472168312169,0.062237438973739255,0.16371216065686095
16217,Sybil Attack,0.11656603023656646,0.050734018051974035,0.036557612363529286,0.11656603023656646,0.050734018051974035,0.036557612363529286,0.1673000482885405,0.15312364260009576,0.08729163041550332,0.20385766065206978
756,Sybil Attack,0.11559648313649784,0.04880842795616433,0.0,0.11559648313649784,0.04880842795616433,0.0,0.16440491109266217,0.11559648313649784,0.04880842795616433,0.16440491109266217
1437,Sybil Attack,0.10524768089142425,0.04573144610773712,0.036557612363529286,0.10524768089142425,0.04573144610773712,0.036557612363529286,0.15097912699916138,0.14180529325495353,0.08228905847126641,0.18753673936269066
1659,Sybil Attack,0.11421297938384511,0.043814364893573786,0.0,0.11421297938384511,0.043814364893573786,0.0,0.1580273442774189,0.11421297938384511,0.043814364893573786,0.1580273442774189
1315,Sybil Attack,0.11385253402040094,0.04717785781620391,0.0,0.11385253402040094,0.04717785781620391,0.0,0.16103039183660484,0.11385253402040094,0.04717785781620391,0.16103039183660484
7853,Sybil Attack,0.10162784494248481,0.021229158807192408,0.0009783286531770546,0.10162784494248481,0.021229158807192408,0.0009783286531770546,0.12285700374967722,0.10260617359566186,0.022207487460369463,0.12383533240285427
16273,Sybil Attack,0.09830990819854474,0.0024870345061266982,0.034166473124033696,0.09830990819854474,0.0024870345061266982,0.034166473124033696,0.10079694270467143,0.13247638132257844,0.03665350763016039,0.13496341582870514
1959,Sybil Attack,0.08741659554612305,0.02466162065753003,0.0,0.08741659554612305,0.02466162065753003,0.0,0.11207821620365307,0.08741659554612305,0.02466162065753003,0.11207821620365307
2064,Sybil Attack,0.10147472168312169,0.043814364893573786,0.0,0.10147472168312169,0.043814364893573786,0.0,0.14528908657669548,0.10147472168312169,0.043814364893573786,0.14528908657669548
2294,Sybil Attack,0.13202292891981415,0.031108230074491032,0.0,0.13202292891981415,0.031108230074491032,0.0,0.1631311589943052,0.13202292891981415,0.031108230074491032,0.1631311589943052
8018,Sybil Attack,0.0680400919115973,0.0625256462486002,0.0,0.0680400919115973,0.0625256462486002,0.0,0.1305657381601975,0.0680400919115973,0.0625256462486002,0.1305657381601975
2285,Sybil Attack,0.10727262993993075,0.025009038182752096,0.0,0.10727262993993075,0.025009038182752096,0.0,0.13228166812268286,0.10727262993993075,0.025009038182752096,0.13228166812268286
1898,Sybil Attack,0.11820803178788694,0.043392572131836546,0.0,0.11820803178788694,0.043392572131836546,0.0,0.16160060391972347,0.11820803178788694,0.043392572131836546,0.16160060391972347
349,Sybil Attack,0.1144366089224502,0.062416523299441085,0.0,0.1144366089224502,0.062416523299441085,0.0,0.17685313222189128,0.1144366089224502,0.062416523299441085,0.17685313222189128
2856,Sybil Attack,0.07265623206037429,0.0476729679037857,0.0,0.07265623206037429,0.0476729679037857,0.0,0.12032919996416,0.07265623206037429,0.0476729679037857,0.12032919996416
1027,Sybil Attack,0.06788696865223418,0.0476729679037857,0.0,0.06788696865223418,0.0476729679037857,0.0,0.11555993655601987,0.06788696865223418,0.0476729679037857,0.11555993655601987
1725,Sybil Attack,0.10168328454768735,0.029714301633801683,0.0,0.10168328454768735,0.029714301633801683,0.0,0.13139758618148903,0.10168328454768735,0.029714301633801683,0.13139758618148903
154,Sybil Attack,0.0797970592948652,0.04463593610397069,0.02327004273981495,0.0797970592948652,0.04463593610397069,0.02327004273981495,0.1244329953988359,0.10306710203468016,0.06790597884378563,0.14770303813865085
208,Sybil Attack,0.10717389492298122,0.04923906298044834,0.0,0.10717389492298122,0.04923906298044834,0.0,0.15641295790342957,0.10717389492298122,0.04923906298044834,0.15641295790342957
849,Sybil Attack,0.08758244998751899,0.046989405317415356,0.0,0.08758244998751899,0.046989405317415356,0.0,0.13457185530493435,0.08758244998751899,0.046989405317415356,0.13457185530493435
411,Sybil Attack,0.11718591546107213,0.048079555886057834,0.0,0.11718591546107213,0.048079555886057834,0.0,0.16526547134712996,0.11718591546107213,0.048079555886057834,0.16526547134712996
355,Sybil Attack,0.0680400919115973,0.04597238054644321,0.02055111819564686,0.0680400919115973,0.04597238054644321,0.02055111819564686,0.1140124724580405,0.08859121010724416,0.06652349874209007,0.13456359065368736
2008,Sybil Attack,0.1183935794711112,0.024438007869474483,0.016553008577441988,0.1183935794711112,0.024438007869474483,0.016553008577441988,0.14283158734058568,0.1349465880485532,0.04099101644691647,0.15938459591802767
7780,Sybil Attack,0.08009117677382527,6.992144848990117e-05,0.0,0.08009117677382527,6.992144848990117e-05,0.0,0.08016109822231517,0.08009117677382527,6.992144848990117e-05,0.08016109822231517
298,Sybil Attack,0.10162784494248481,0.04900219953982161,0.016995383400155564,0.10162784494248481,0.04900219953982161,0.016995383400155564,0.1506300444823064,0.11862322834264037,0.06599758293997718,0.16762542788246199
1112,Sybil Attack,0.11419961794291925,0.061385533319842034,0.0,0.11419961794291925,0.061385533319842034,0.0,0.17558515126276128,0.11419961794291925,0.061385533319842034,0.17558515126276128
1676,Sybil Attack,0.06788696865223418,0.04381436403038169,0.0,0.06788696865223418,0.04381436403038169,0.0,0.11170133268261587,0.06788696865223418,0.04381436403038169,0.11170133268261587
2552,Sybil Attack,0.13037850179760635,0.043814251725083284,0.015526120486278364,0.13037850179760635,0.043814251725083284,0.015526120486278364,0.17419275352268965,0.1459046222838847,0.059340372211361646,0.189718874008968
2364,Sybil Attack,0.12684701451922623,0.04717785781620391,0.0,0.12684701451922623,0.04717785781620391,0.0,0.17402487233543013,0.12684701451922623,0.04717785781620391,0.17402487233543013
247,Sybil Attack,0.11703819172639209,0.043814364893573786,0.0,0.11703819172639209,0.043814364893573786,0.0,0.16085255661996586,0.11703819172639209,0.043814364893573786,0.16085255661996586
2787,Sybil Attack,0.09946770931122581,0.06402194161897554,0.0,0.09946770931122581,0.06402194161897554,0.0,0.16348965093020135,0.09946770931122581,0.06402194161897554,0.16348965093020135
2090,Sybil Attack,0.11967207732643947,0.02264562206920476,0.0,0.11967207732643947,0.02264562206920476,0.0,0.14231769939564423,0.11967207732643947,0.02264562206920476,0.14231769939564423
2458,Sybil Attack,0.08019404564253621,0.046777070927836444,0.0,0.08019404564253621,0.046777070927836444,0.0,0.12697111657037266,0.08019404564253621,0.046777070927836444,0.12697111657037266
2332,Sybil Attack,0.06788696865223418,0.011066482282367073,0.0,0.06788696865223418,0.011066482282367073,0.0,0.07895345093460125,0.06788696865223418,0.011066482282367073,0.07895345093460125
2784,Sybil Attack,0.11899827228625998,0.04381422548037046,0.0,0.11899827228625998,0.04381422548037046,0.0,0.16281249776663043,0.11899827228625998,0.04381422548037046,0.16281249776663043
537,Sybil Attack,0.08620690518636409,0.043814251725083284,0.0,0.08620690518636409,0.043814251725083284,0.0,0.1300211569114474,0.08620690518636409,0.043814251725083284,0.1300211569114474
7707,Sybil Attack,0.11720215570219347,0.043814251725083284,0.036557612363529286,0.11720215570219347,0.043814251725083284,0.036557612363529286,0.16101640742727674,0.15375976806572275,0.08037186408861258,0.19757401979080602
2815,Sybil Attack,0.08620690518636409,0.04381422548037046,0.0,0.08620690518636409,0.04381422548037046,0.0,0.13002113066673454,0.08620690518636409,0.04381422548037046,0.13002113066673454
1191,Sybil Attack,0.06788696865223418,0.04594851633717144,0.015895590621201945,0.06788696865223418,0.04594851633717144,0.015895590621201945,0.11383548498940561,0.08378255927343611,0.061844106958373384,0.12973107561060757
363,Sybil Attack,0.09484918051051028,0.046425862281171446,0.0,0.09484918051051028,0.046425862281171446,0.0,0.14127504279168174,0.09484918051051028,0.046425862281171446,0.14127504279168174
7788,Sybil Attack,0.07645153352935624,0.0026768231765901137,0.02737937657690726,0.07645153352935624,0.0026768231765901137,0.02737937657690726,0.07912835670594635,0.1038309101062635,0.03005619975349737,0.10650773328285361
7614,Sybil Attack,0.11664863235507697,0.043814240970226785,0.036557612363529286,0.11664863235507697,0.043814240970226785,0.036557612363529286,0.16046287332530376,0.15320624471860625,0.08037185333375607,0.19702048568883304
531,Sybil Attack,0.10691448879441777,0.046532695698004334,0.0,0.10691448879441777,0.046532695698004334,0.0,0.15344718449242212,0.10691448879441777,0.046532695698004334,0.15344718449242212
1955,Sybil Attack,0.08366906534131764,0.023955622489389167,0.0,0.08366906534131764,0.023955622489389167,0.0,0.1076246878307068,0.08366906534131764,0.023955622489389167,0.1076246878307068
7647,Sybil Attack,0.11728602188202325,0.04463593610397069,0.036557612363529286,0.11728602188202325,0.04463593610397069,0.036557612363529286,0.16192195798599393,0.15384363424555253,0.08119354846749997,0.1984795703495232
667,Sybil Attack,0.10524842119952646,0.044401542300018866,0.0,0.10524842119952646,0.044401542300018866,0.0,0.14964996349954532,0.10524842119952646,0.044401542300018866,0.14964996349954532
1069,Sybil Attack,0.11810151825115583,0.043814364893573786,0.0,0.11810151825115583,0.043814364893573786,0.0,0.16191588314472963,0.11810151825115583,0.043814364893573786,0.16191588314472963
2197,Sybil Attack,0.10704994661840318,0.043814364893573786,0.0,0.10704994661840318,0.043814364893573786,0.0,0.15086431151197696,0.10704994661840318,0.043814364893573786,0.15086431151197696
2709,Sybil Attack,0.09484918051051028,0.05893092256161775,0.0,0.09484918051051028,0.05893092256161775,0.0,0.15378010307212803,0.09484918051051028,0.05893092256161775,0.15378010307212803
7649,Sybil Attack,0.07635673709141066,0.046777070927836444,0.036557612363529286,0.07635673709141066,0.046777070927836444,0.036557612363529286,0.12313380801924712,0.11291434945493994,0.08333468329136573,0.1596914203827764
2463,Sybil Attack,0.10162784494248481,0.05423460955190988,0.0,0.10162784494248481,0.05423460955190988,0.0,0.15586245449439468,0.10162784494248481,0.05423460955190988,0.15586245449439468
1276,Sybil Attack,0.0854944051748537,0.04381422548037046,0.0,0.0854944051748537,0.04381422548037046,0.0,0.12930863065522416,0.0854944051748537,0.04381422548037046,0.12930863065522416
2832,Sybil Attack,0.14664294630158697,0.046488325326190565,0.0,0.14664294630158697,0.046488325326190565,0.0,0.19313127162777755,0.14664294630158697,0.046488325326190565,0.19313127162777755
7993,Sybil Attack,0.11104073068828604,0.04618753268815195,0.0,0.11104073068828604,0.04618753268815195,0.0,0.157228263376438,0.11104073068828604,0.04618753268815195,0.157228263376438
2390,Sybil Attack,0.11856012540298254,0.046238081233964175,0.0,0.11856012540298254,0.046238081233964175,0.0,0.16479820663694672,0.11856012540298254,0.046238081233964175,0.16479820663694672
16259,Sybil Attack,0.07643406038835165,0.04734130304101281,0.036557612363529286,0.07643406038835165,0.04734130304101281,0.036557612363529286,0.12377536342936446,0.11299167275188093,0.0838989154045421,0.16033297579289374
16210,Sybil Attack,0.1171064878871897,0.04748724116650065,0.036557612363529286,0.1171064878871897,0.04748724116650065,0.036557612363529286,0.16459372905369035,0.153664100250719,0.08404485353002994,0.20115134141721963
332,Sybil Attack,0.11675113703275952,0.043814240970226785,0.0,0.11675113703275952,0.043814240970226785,0.0,0.16056537800298631,0.11675113703275952,0.043814240970226785,0.16056537800298631
84,Sybil Attack,0.1056366062658678,0.0473194116870335,0.0,0.1056366062658678,0.0473194116870335,0.0,0.15295601795290129,0.1056366062658678,0.0473194116870335,0.15295601795290129
1238,Sybil Attack,0.07862367824419803,0.04381422548037046,0.0,0.07862367824419803,0.04381422548037046,0.0,0.12243790372456848,0.07862367824419803,0.04381422548037046,0.12243790372456848
1889,Sybil Attack,0.07841251596399583,0.042823946023299975,0.0,0.07841251596399583,0.042823946023299975,0.0,0.1212364619872958,0.07841251596399583,0.042823946023299975,0.1212364619872958
14167,Sybil Attack,0.097961999124833,0.04381428345062909,0.003410241154326945,0.097961999124833,0.04381428345062909,0.003410241154326945,0.1417762825754621,0.10137224027915995,0.047224524604956034,0.14518652372978905
1352,Sybil Attack,0.06788696865223418,0.04653781521803289,0.0,0.06788696865223418,0.04653781521803289,0.0,0.11442478387026705,0.06788696865223418,0.04653781521803289,0.11442478387026705
14195,Sybil Attack,0.11278056000187059,0.043221657559953254,0.0,0.11278056000187059,0.043221657559953254,0.0,0.15600221756182384,0.11278056000187059,0.043221657559953254,0.15600221756182384
1257,Sybil Attack,0.11721515941114638,0.046555677984225996,0.0,0.11721515941114638,0.046555677984225996,0.0,0.16377083739537238,0.11721515941114638,0.046555677984225996,0.16377083739537238
1847,Sybil Attack,0.09415288254899395,0.062279030494256316,0.0,0.09415288254899395,0.062279030494256316,0.0,0.15643191304325027,0.09415288254899395,0.062279030494256316,0.15643191304325027
1039,Sybil Attack,0.11413038748782797,0.043814240970226785,0.01564239156253775,0.11413038748782797,0.043814240970226785,0.01564239156253775,0.15794462845805476,0.12977277905036572,0.059456632532764536,0.1735870200205925
142,Sybil Attack,0.10147472168312169,0.046194806007089396,0.004608892984027115,0.10147472168312169,0.046194806007089396,0.004608892984027115,0.14766952769021108,0.1060836146671488,0.05080369899111651,0.1522784206742382
1172,Sybil Attack,0.07822891863785751,0.043814240970226785,0.0,0.07822891863785751,0.043814240970226785,0.0,0.12204315960808429,0.07822891863785751,0.043814240970226785,0.12204315960808429
1862,Sybil Attack,0.08666593275710957,0.050696986544247535,0.0,0.08666593275710957,0.050696986544247535,0.0,0.1373629193013571,0.08666593275710957,0.050696986544247535,0.1373629193013571
1885,Sybil Attack,0.11263469475964391,0.026712715461404784,0.015526120486278364,0.11263469475964391,0.026712715461404784,0.015526120486278364,0.13934741022104868,0.12816081524592227,0.04223883594768315,0.15487353070732704
2234,Sybil Attack,0.06788696865223418,0.03699395461008364,0.0,0.06788696865223418,0.03699395461008364,0.0,0.10488092326231782,0.06788696865223418,0.03699395461008364,0.10488092326231782
445,Sybil Attack,0.06788696865223418,0.04884452686882815,0.0,0.06788696865223418,0.04884452686882815,0.0,0.11673149552106232,0.06788696865223418,0.04884452686882815,0.11673149552106232
2647,Sybil Attack,0.06788696865223418,0.04115984797831459,0.0,0.06788696865223418,0.04115984797831459,0.0,0.10904681663054877,0.06788696865223418,0.04115984797831459,0.10904681663054877
2816,Sybil Attack,0.10147472168312169,0.045716117742913995,0.0,0.10147472168312169,0.045716117742913995,0.0,0.14719083942603567,0.10147472168312169,0.045716117742913995,0.14719083942603567
7775,Sybil Attack,0.0727648555181326,0.025277072067172102,0.0,0.0727648555181326,0.025277072067172102,0.0,0.0980419275853047,0.0727648555181326,0.025277072067172102,0.0980419275853047
802,Sybil Attack,0.093094945152984,0.04584504403607135,0.0,0.093094945152984,0.04584504403607135,0.0,0.13893998918905534,0.093094945152984,0.04584504403607135,0.13893998918905534
117,Sybil Attack,0.13202292891981415,0.06231657337099616,0.0,0.13202292891981415,0.06231657337099616,0.0,0.19433950229081032,0.13202292891981415,0.06231657337099616,0.19433950229081032
2279,Sybil Attack,0.11039788989796752,0.03259818784991904,0.0,0.11039788989796752,0.03259818784991904,0.0,0.14299607774788656,0.11039788989796752,0.03259818784991904,0.14299607774788656
1574,Sybil Attack,0.06788696865223418,0.04381436649416611,0.0,0.06788696865223418,0.04381436649416611,0.0,0.1117013351464003,0.06788696865223418,0.04381436649416611,0.1117013351464003
1943,Sybil Attack,0.05649791964604621,0.041109927827999736,0.016519370747668016,0.05649791964604621,0.041109927827999736,0.016519370747668016,0.09760784747404594,0.07301729039371423,0.05762929857566775,0.11412721822171396
2124,Sybil Attack,0.11249342964054042,0.022587225707789406,0.0,0.11249342964054042,0.022587225707789406,0.0,0.13508065534832983,0.11249342964054042,0.022587225707789406,0.13508065534832983
1184,Sybil Attack,0.10615073415137717,0.04670165748003212,0.0,0.10615073415137717,0.04670165748003212,0.0,0.1528523916314093,0.10615073415137717,0.04670165748003212,0.1528523916314093
1963,Sybil Attack,0.11443192450995507,0.03765924897179787,0.016995383400155564,0.11443192450995507,0.03765924897179787,0.016995383400155564,0.15209117348175294,0.13142730791011065,0.054654632371953435,0.1690865568819085
1745,Sybil Attack,0.11881373223121297,0.062416792212194164,0.015526120486278364,0.11881373223121297,0.062416792212194164,0.015526120486278364,0.18123052444340715,0.13433985271749133,0.07794291269847253,0.1967566449296855
1923,Sybil Attack,0.0680400919115973,0.02961551116762892,0.0,0.0680400919115973,0.02961551116762892,0.0,0.09765560307922622,0.0680400919115973,0.02961551116762892,0.09765560307922622
1790,Sybil Attack,0.0781461953391992,0.04388414693057611,0.0,0.0781461953391992,0.04388414693057611,0.0,0.1220303422697753,0.0781461953391992,0.04388414693057611,0.1220303422697753
1497,Sybil Attack,0.1210615032736832,0.04602155770463257,0.0,0.1210615032736832,0.04602155770463257,0.0,0.16708306097831577,0.1210615032736832,0.04602155770463257,0.16708306097831577
1073,Sybil Attack,0.1169400542263061,0.043814240970226785,0.0,0.1169400542263061,0.043814240970226785,0.0,0.1607542951965329,0.1169400542263061,0.043814240970226785,0.1607542951965329
660,Sybil Attack,0.10147472168312169,0.04381428911476239,0.0,0.10147472168312169,0.04381428911476239,0.0,0.1452890107978841,0.10147472168312169,0.04381428911476239,0.1452890107978841
915,Sybil Attack,0.11861746677518087,0.0476592627479775,0.0018508079325664922,0.11861746677518087,0.0476592627479775,0.0018508079325664922,0.16627672952315836,0.12046827470774736,0.04951007068054399,0.16812753745572484
7768,Sybil Attack,0.10168328454768735,0.05076864360501282,0.0,0.10168328454768735,0.05076864360501282,0.0,0.15245192815270017,0.10168328454768735,0.05076864360501282,0.15245192815270017
321,Sybil Attack,0.06788696865223418,0.04684435005559265,0.0,0.06788696865223418,0.04684435005559265,0.0,0.11473131870782682,0.06788696865223418,0.04684435005559265,0.11473131870782682
514,Sybil Attack,0.11699208042961284,0.04884452686882815,0.036557612363529286,0.11699208042961284,0.04884452686882815,0.036557612363529286,0.165836607298441,0.15354969279314212,0.08540213923235743,0.20239421966197027
107,Sybil Attack,0.12058842630237801,0.04463593610397069,0.018546084153793017,0.12058842630237801,0.04463593610397069,0.018546084153793017,0.1652243624063487,0.13913451045617103,0.0631820202577637,0.18377044656014171
7928,Sybil Attack,0.06788696865223418,0.04381437566910672,0.0,0.06788696865223418,0.04381437566910672,0.0,0.11170134432134089,0.06788696865223418,0.04381437566910672,0.11170134432134089
2630,Sybil Attack,0.06788696865223418,0.03784000887544319,0.0,0.06788696865223418,0.03784000887544319,0.0,0.10572697752767737,0.06788696865223418,0.03784000887544319,0.10572697752767737
2038,Sybil Attack,0.1169400542263061,0.004787906803188553,0.0,0.1169400542263061,0.004787906803188553,0.0,0.12172796102949465,0.1169400542263061,0.004787906803188553,0.12172796102949465
1493,Sybil Attack,0.06788696865223418,0.043814251725083284,0.0,0.06788696865223418,0.043814251725083284,0.0,0.11170122037731746,0.06788696865223418,0.043814251725083284,0.11170122037731746
837,Sybil Attack,0.09738441847443799,0.04604000342861206,0.0,0.09738441847443799,0.04604000342861206,0.0,0.14342442190305005,0.09738441847443799,0.04604000342861206,0.14342442190305005
1781,Sybil Attack,0.10162784494248481,0.062384011488105136,0.0,0.10162784494248481,0.062384011488105136,0.0,0.16401185643058994,0.10162784494248481,0.062384011488105136,0.16401185643058994
2232,Sybil Attack,0.08588786672870816,0.04388456375174467,0.0,0.08588786672870816,0.04388456375174467,0.0,0.12977243048045284,0.08588786672870816,0.04388456375174467,0.12977243048045284
7657,Sybil Attack,0.0679682072213215,0.04690172531826491,0.036557612363529286,0.0679682072213215,0.04690172531826491,0.036557612363529286,0.11486993253958641,0.1045258195848508,0.0834593376817942,0.1514275449031157
7692,Sybil Attack,0.08269530877991012,0.047155791116202286,0.036557612363529286,0.08269530877991012,0.047155791116202286,0.036557612363529286,0.1298510998961124,0.11925292114343941,0.08371340347973158,0.16640871225964168
769,Sybil Attack,0.06846456630623916,0.04716406886355683,0.0,0.06846456630623916,0.04716406886355683,0.0,0.11562863516979599,0.06846456630623916,0.04716406886355683,0.11562863516979599
16227,Sybil Attack,0.06788696865223418,0.05072451299609976,0.036557612363529286,0.06788696865223418,0.05072451299609976,0.036557612363529286,0.11861148164833393,0.10444458101576345,0.08728212535962904,0.1551690940118632
14196,Sybil Attack,0.09082050967208989,0.04794959486285887,0.007110084544351984,0.09082050967208989,0.04794959486285887,0.007110084544351984,0.13877010453494876,0.09793059421644187,0.055059679407210856,0.14588018907930075
2734,Sybil Attack,0.10168328454768735,0.04703394939734983,0.0,0.10168328454768735,0.04703394939734983,0.0,0.1487172339450372,0.10168328454768735,0.04703394939734983,0.1487172339450372
16314,Sybil Attack,0.11713444610565875,0.04538324350714758,0.0,0.11713444610565875,0.04538324350714758,0.0,0.16251768961280633,0.11713444610565875,0.04538324350714758,0.16251768961280633
1591,Sybil Attack,0.0911491558553635,0.043814240970226785,0.0,0.0911491558553635,0.043814240970226785,0.0,0.13496339682559028,0.0911491558553635,0.043814240970226785,0.13496339682559028
2251,Sybil Attack,0.06788696865223418,0.04566641003403273,0.0,0.06788696865223418,0.04566641003403273,0.0,0.11355337868626691,0.06788696865223418,0.04566641003403273,0.11355337868626691
303,Sybil Attack,0.1136492471978787,0.05167313207329135,0.013028572600046133,0.1136492471978787,0.05167313207329135,0.013028572600046133,0.16532237927117005,0.12667781979792483,0.06470170467333748,0.1783509518712162
1288,Sybil Attack,0.06788696865223418,0.05458701726796338,0.0,0.06788696865223418,0.05458701726796338,0.0,0.12247398592019756,0.06788696865223418,0.05458701726796338,0.12247398592019756
7761,Sybil Attack,0.10147472168312169,0.00456777425557139,0.0,0.10147472168312169,0.00456777425557139,0.0,0.10604249593869308,0.10147472168312169,0.00456777425557139,0.10604249593869308
7864,Sybil Attack,0.13153305554662548,0.0537475638167109,0.0,0.13153305554662548,0.0537475638167109,0.0,0.18528061936333637,0.13153305554662548,0.0537475638167109,0.18528061936333637
8048,Sybil Attack,0.06788696865223418,0.046425862281171446,0.036557612363529286,0.06788696865223418,0.046425862281171446,0.036557612363529286,0.11431283093340562,0.10444458101576345,0.08298347464470074,0.15087044329693491
1364,Sybil Attack,0.12089619332840171,0.050727067024690244,0.0,0.12089619332840171,0.050727067024690244,0.0,0.17162326035309194,0.12089619332840171,0.050727067024690244,0.17162326035309194
2062,Sybil Attack,0.08716992404243715,0.04388414693057611,0.0,0.08716992404243715,0.04388414693057611,0.0,0.13105407097301325,0.08716992404243715,0.04388414693057611,0.13105407097301325
1709,Sybil Attack,0.09878178173521562,0.04101649892567865,0.0,0.09878178173521562,0.04101649892567865,0.0,0.13979828066089428,0.09878178173521562,0.04101649892567865,0.13979828066089428
16291,Sybil Attack,0.05638815576777481,0.043814240970226785,0.015159826193626822,0.05638815576777481,0.043814240970226785,0.015159826193626822,0.1002023967380016,0.07154798196140164,0.05897406716385361,0.11536222293162843
447,Sybil Attack,0.06788696865223418,0.05606216921229698,0.020468836808810606,0.06788696865223418,0.05606216921229698,0.020468836808810606,0.12394913786453116,0.08835580546104478,0.07653100602110759,0.14441797467334178
638,Sybil Attack,0.11874094855217278,0.04738096563862321,0.0,0.11874094855217278,0.04738096563862321,0.0,0.16612191419079597,0.11874094855217278,0.04738096563862321,0.16612191419079597
1375,Sybil Attack,0.1077423756740958,0.054246055251431405,0.0,0.1077423756740958,0.054246055251431405,0.0,0.1619884309255272,0.1077423756740958,0.054246055251431405,0.1619884309255272
2718,Sybil Attack,0.11659534897530367,0.050726419231987646,0.0027344489516568926,0.11659534897530367,0.050726419231987646,0.0027344489516568926,0.16732176820729133,0.11932979792696057,0.05346086818364454,0.17005621715894823
2321,Sybil Attack,0.12601913077176136,0.01387053361644803,0.0,0.12601913077176136,0.01387053361644803,0.0,0.13988966438820938,0.12601913077176136,0.01387053361644803,0.13988966438820938
14150,Sybil Attack,0.10376134823409507,0.06132914361140156,0.0,0.10376134823409507,0.06132914361140156,0.0,0.16509049184549662,0.10376134823409507,0.06132914361140156,0.16509049184549662
1050,Sybil Attack,0.1157680184739641,0.043814251725083284,0.0,0.1157680184739641,0.043814251725083284,0.0,0.1595822701990474,0.1157680184739641,0.043814251725083284,0.1595822701990474
87,Sybil Attack,0.1037381944677005,0.060834547786009115,0.0,0.1037381944677005,0.060834547786009115,0.0,0.1645727422537096,0.1037381944677005,0.060834547786009115,0.1645727422537096
606,Sybil Attack,0.06788696865223418,0.061409757160288105,0.0,0.06788696865223418,0.061409757160288105,0.0,0.12929672581252227,0.06788696865223418,0.061409757160288105,0.12929672581252227
7700,Sybil Attack,0.11779990789618065,0.04388456375174467,0.036557612363529286,0.11779990789618065,0.04388456375174467,0.036557612363529286,0.16168447164792532,0.15435752025970995,0.08044217611527396,0.1982420840114546
1393,Sybil Attack,0.11945223256219567,0.04754826960189313,0.0,0.11945223256219567,0.04754826960189313,0.0,0.1670005021640888,0.11945223256219567,0.04754826960189313,0.1670005021640888
90,Sybil Attack,0.10313331682383169,0.043814240970226785,0.014808374294015918,0.10313331682383169,0.043814240970226785,0.014808374294015918,0.14694755779405846,0.11794169111784761,0.0586226152642427,0.16175593208807437
1711,Sybil Attack,0.10162784494248481,0.06140365612278517,0.0,0.10162784494248481,0.06140365612278517,0.0,0.16303150106526998,0.10162784494248481,0.06140365612278517,0.16303150106526998
2069,Sybil Attack,0.10507145021766252,0.026763515410176533,0.0,0.10507145021766252,0.026763515410176533,0.0,0.13183496562783906,0.10507145021766252,0.026763515410176533,0.13183496562783906
920,Sybil Attack,0.1220652400107989,0.062497745275126054,0.003338519985583758,0.1220652400107989,0.062497745275126054,0.003338519985583758,0.18456298528592496,0.12540375999638265,0.0658362652607098,0.18790150527150873
804,Sybil Attack,0.09082236976218662,0.04381422548037046,0.0,0.09082236976218662,0.04381422548037046,0.0,0.13463659524255708,0.09082236976218662,0.04381422548037046,0.13463659524255708
7976,Sybil Attack,0.09376506796538303,0.04683347428108707,0.016056800906713374,0.09376506796538303,0.04683347428108707,0.016056800906713374,0.14059854224647012,0.10982186887209641,0.06289027518780044,0.1566553431531835
7645,Sybil Attack,0.11681338233206841,0.04388456375174467,0.036557612363529286,0.11681338233206841,0.04388456375174467,0.036557612363529286,0.16069794608381308,0.1533709946955977,0.08044217611527396,0.19725555844734236
2564,Sybil Attack,0.0680400919115973,0.04690172531826491,0.0,0.0680400919115973,0.04690172531826491,0.0,0.11494181722986221,0.0680400919115973,0.04690172531826491,0.11494181722986221
1092,Sybil Attack,0.13764733448856614,0.04910701973343593,0.0,0.13764733448856614,0.04910701973343593,0.0,0.18675435422200207,0.13764733448856614,0.04910701973343593,0.18675435422200207
8029,Sybil Attack,0.06788696865223418,0.05079493497052913,0.01000596802585597,0.06788696865223418,0.05079493497052913,0.01000596802585597,0.1186819036227633,0.07789293667809015,0.0608009029963851,0.12868787164861928
1533,Sybil Attack,0.06788696865223418,0.06480291525664138,0.0,0.06788696865223418,0.06480291525664138,0.0,0.13268988390887554,0.06788696865223418,0.06480291525664138,0.13268988390887554
2029,Sybil Attack,0.12291172299044903,0.007117939970773652,0.0,0.12291172299044903,0.007117939970773652,0.0,0.13002966296122268,0.12291172299044903,0.007117939970773652,0.13002966296122268
927,Sybil Attack,0.07556632782017592,0.047881273557302914,0.0,0.07556632782017592,0.047881273557302914,0.0,0.12344760137747883,0.07556632782017592,0.047881273557302914,0.12344760137747883
7631,Sybil Attack,0.12296021083944308,0.043814251725083284,0.036557612363529286,0.12296021083944308,0.043814251725083284,0.036557612363529286,0.16677446256452638,0.15951782320297236,0.08037186408861258,0.20333207492805566
668,Sybil Attack,0.06788696865223418,0.043814364893573786,0.0,0.06788696865223418,0.043814364893573786,0.0,0.11170133354580797,0.06788696865223418,0.043814364893573786,0.11170133354580797
1325,Sybil Attack,0.10147472168312169,0.04694199145983292,0.0,0.10147472168312169,0.04694199145983292,0.0,0.1484167131429546,0.10147472168312169,0.04694199145983292,0.1484167131429546
895,Sybil Attack,0.11656603023656646,0.0471227569924646,0.0,0.11656603023656646,0.0471227569924646,0.0,0.16368878722903107,0.11656603023656646,0.0471227569924646,0.16368878722903107
2775,Sybil Attack,0.12233876951818845,0.045510408253279205,0.0,0.12233876951818845,0.045510408253279205,0.0,0.16784917777146766,0.12233876951818845,0.045510408253279205,0.16784917777146766
1516,Sybil Attack,0.0679682072213215,0.04717785781620391,0.0,0.0679682072213215,0.04717785781620391,0.0,0.11514606503752542,0.0679682072213215,0.04717785781620391,0.11514606503752542
1380,Sybil Attack,0.10797812467186108,0.04604000342861206,0.01564239156253775,0.10797812467186108,0.04604000342861206,0.01564239156253775,0.15401812810047313,0.12362051623439882,0.06168239499114981,0.16966051966301088
5194,Wormhole Attack,0.023081084700310363,2.6244712826584138e-08,0.036557612363529286,0.023081084700310363,2.6244712826584138e-08,0.036557612363529286,0.02308111094502319,0.059638697063839646,0.03655763860824211,0.05963872330855248
15105,Wormhole Attack,0.14946640761898883,0.009282900966262995,0.036557612363529286,0.14946640761898883,0.009282900966262995,0.036557612363529286,0.15874930858525182,0.1860240199825181,0.04584051332979228,0.1953069209487811
5369,Wormhole Attack,0.09513234005886723,0.004115204292107906,0.036557612363529286,0.09513234005886723,0.004115204292107906,0.036557612363529286,0.09924754435097513,0.1316899524223965,0.04067281665563719,0.1358051567145044
15362,Wormhole Attack,0.07411988142118417,0.006463031066248455,0.0,0.07411988142118417,0.006463031066248455,0.0,0.08058291248743263,0.07411988142118417,0.006463031066248455,0.08058291248743263
14927,Wormhole Attack,0.10147472168312169,0.0030567467532007383,0.036557612363529286,0.10147472168312169,0.0030567467532007383,0.036557612363529286,0.10453146843632243,0.13803233404665097,0.03961435911673002,0.14108908079985172
15674,Wormhole Attack,0.09346214239892704,0.003101023998640833,0.0,0.09346214239892704,0.003101023998640833,0.0,0.09656316639756787,0.09346214239892704,0.003101023998640833,0.09656316639756787
15739,Wormhole Attack,0.11739866275662941,0.017189926246573395,0.030780329798590297,0.11739866275662941,0.017189926246573395,0.030780329798590297,0.1345885890032028,0.1481789925552197,0.047970256045163695,0.1653689188017931
15641,Wormhole Attack,0.10989282071558487,0.005227414645267436,0.028021707991850168,0.10989282071558487,0.005227414645267436,0.028021707991850168,0.11512023536085231,0.13791452870743504,0.0332491226371176,0.14314194335270247
15032,Wormhole Attack,0.06899366669178982,0.04600401885503563,0.017440296991304793,0.06899366669178982,0.04600401885503563,0.017440296991304793,0.11499768554682545,0.08643396368309461,0.06344431584634043,0.13243798253813024
5688,Wormhole Attack,0.06421344425868761,1.3941320332770111e-07,0.036557612363529286,0.06421344425868761,1.3941320332770111e-07,0.036557612363529286,0.06421358367189094,0.10077105662221689,0.036557751776732615,0.10077119603542023
5975,Wormhole Attack,0.10147472168312169,1.4186199707265088e-07,0.036557612363529286,0.10147472168312169,1.4186199707265088e-07,0.036557612363529286,0.10147486354511875,0.13803233404665097,0.03655775422552636,0.13803247590864803
7449,Wormhole Attack,0.07795148969220836,0.009051187001257096,0.036557612363529286,0.07795148969220836,0.009051187001257096,0.036557612363529286,0.08700267669346545,0.11450910205573764,0.04560879936478638,0.12356028905699473
16155,Wormhole Attack,0.10162784494248481,0.0034700748100682435,0.036557612363529286,0.10162784494248481,0.0034700748100682435,0.036557612363529286,0.10509791975255305,0.1381854573060141,0.04002768717359753,0.14165553211608234
6747,Wormhole Attack,0.0707805085383886,0.002562789913984149,0.036557612363529286,0.0707805085383886,0.002562789913984149,0.036557612363529286,0.07334329845237275,0.10733812090191788,0.039120402277513434,0.10990091081590203
5931,Wormhole Attack,0.11614501151809115,2.6244712826584138e-08,0.036557612363529286,0.11614501151809115,2.6244712826584138e-08,0.036557612363529286,0.11614503776280397,0.15270262388162043,0.03655763860824211,0.15270265012633324
5767,Wormhole Attack,0.10147472168312169,0.00903668561854895,0.036557612363529286,0.10147472168312169,0.00903668561854895,0.036557612363529286,0.11051140730167064,0.13803233404665097,0.04559429798207824,0.14706901966519992
6572,Wormhole Attack,0.06580664891695409,0.004145313271707119,0.027454672364608225,0.06580664891695409,0.004145313271707119,0.027454672364608225,0.0699519621886612,0.09326132128156231,0.031599985636315345,0.09740663455326942
5269,Wormhole Attack,0.07475121429792445,0.021702686407132604,0.036557612363529286,0.07475121429792445,0.021702686407132604,0.036557612363529286,0.09645390070505705,0.11130882666145372,0.05826029877066189,0.13301151306858633
6559,Wormhole Attack,0.09991739434569154,0.011527363216045023,0.036557612363529286,0.09991739434569154,0.011527363216045023,0.036557612363529286,0.11144475756173657,0.13647500670922083,0.04808497557957431,0.14800236992526586
5941,Wormhole Attack,0.06788696865223418,0.004012615376343038,0.036557612363529286,0.06788696865223418,0.004012615376343038,0.036557612363529286,0.07189958402857721,0.10444458101576345,0.040570227739872324,0.10845719639210649
15552,Wormhole Attack,0.06788696865223418,0.04381422548037046,0.0,0.06788696865223418,0.04381422548037046,0.0,0.11170119413260463,0.06788696865223418,0.04381422548037046,0.11170119413260463
5977,Wormhole Attack,0.07271386584846584,3.047491756176858e-08,0.032297717442696015,0.07271386584846584,3.047491756176858e-08,0.032297717442696015,0.0727138963233834,0.10501158329116186,0.03229774791761358,0.10501161376607943
5408,Wormhole Attack,0.08934503391299914,0.01152560982906519,0.036557612363529286,0.08934503391299914,0.01152560982906519,0.036557612363529286,0.10087064374206434,0.12590264627652842,0.04808322219259448,0.13742825610559362
15729,Wormhole Attack,0.11848312522676341,0.006996105624924219,0.02142152456358516,0.11848312522676341,0.006996105624924219,0.02142152456358516,0.12547923085168763,0.13990464979034856,0.028417630188509378,0.14690075541527278
6901,Wormhole Attack,0.11379955064371362,0.0033388199111558537,0.036557612363529286,0.11379955064371362,0.0033388199111558537,0.036557612363529286,0.11713837055486948,0.15035716300724292,0.03989643227468514,0.15369598291839875
5459,Wormhole Attack,0.09523884354774065,0.009569306164433966,0.036557612363529286,0.09523884354774065,0.009569306164433966,0.036557612363529286,0.10480814971217461,0.13179645591126993,0.04612691852796325,0.1413657620757039
6562,Wormhole Attack,0.10155480971251919,0.003983908553336994,0.036557612363529286,0.10155480971251919,0.003983908553336994,0.036557612363529286,0.10553871826585619,0.13811242207604849,0.04054152091686628,0.14209633062938548
7128,Wormhole Attack,0.10147472168312169,0.02054609811711095,0.036557612363529286,0.10147472168312169,0.02054609811711095,0.036557612363529286,0.12202081980023263,0.13803233404665097,0.05710371048064024,0.1585784321637619
14660,Wormhole Attack,0.023234207959673486,0.04388414693057611,0.020963054486688795,0.023234207959673486,0.04388414693057611,0.020963054486688795,0.06711835489024959,0.04419726244636228,0.06484720141726491,0.08808140937693838
7065,Wormhole Attack,0.10147472168312169,0.0217755231483762,0.036557612363529286,0.10147472168312169,0.0217755231483762,0.036557612363529286,0.1232502448314979,0.13803233404665097,0.058333135511905485,0.1598078571950272
6999,Wormhole Attack,0.07660517812851958,0.021758628037572534,0.036557612363529286,0.07660517812851958,0.021758628037572534,0.036557612363529286,0.09836380616609211,0.11316279049204886,0.058316240401101824,0.1349214185296214
6688,Wormhole Attack,0.05270850747471204,0.009051186999933332,0.036557612363529286,0.05270850747471204,0.009051186999933332,0.036557612363529286,0.061759694474645375,0.08926611983824133,0.04560879936346262,0.09831730683817466
15277,Wormhole Attack,0.10656528144338442,0.006664795448941701,0.0007975774564946969,0.10656528144338442,0.006664795448941701,0.0007975774564946969,0.11323007689232613,0.10736285889987912,0.007462372905436398,0.11402765434882083
15799,Wormhole Attack,0.08755989435624625,0.015396692883059622,0.036557612363529286,0.08755989435624625,0.015396692883059622,0.036557612363529286,0.10295658723930587,0.12411750671977553,0.05195430524658891,0.13951419960283515
16111,Wormhole Attack,0.06788696865223418,0.023509241083228747,0.036557612363529286,0.06788696865223418,0.023509241083228747,0.036557612363529286,0.09139620973546292,0.10444458101576345,0.06006685344675804,0.1279538220989922
15985,Wormhole Attack,0.13681468700507224,0.02678894985286764,0.036557612363529286,0.13681468700507224,0.02678894985286764,0.036557612363529286,0.16360363685793988,0.17337229936860152,0.06334656221639692,0.20016124922146916
14645,Wormhole Attack,0.08158973475204853,0.04388456388649458,0.0,0.08158973475204853,0.04388456388649458,0.0,0.12547429863854312,0.08158973475204853,0.04388456388649458,0.12547429863854312
14799,Wormhole Attack,0.12041192185548868,0.008103624041844615,0.036557612363529286,0.12041192185548868,0.008103624041844615,0.036557612363529286,0.1285155458973333,0.15696953421901796,0.0446612364053739,0.16507315826086258
5777,Wormhole Attack,0.10147472168312169,0.020659936604897906,0.036557612363529286,0.10147472168312169,0.020659936604897906,0.036557612363529286,0.12213465828801959,0.13803233404665097,0.05721754896842719,0.15869227065154887
6228,Wormhole Attack,0.072754853776467,0.0008230965008327149,0.036557612363529286,0.072754853776467,0.0008230965008327149,0.036557612363529286,0.07357795027729971,0.10931246613999629,0.037380708864362004,0.110135562640829
6816,Wormhole Attack,0.10862561031459957,0.0023792149001861367,0.036557612363529286,0.10862561031459957,0.0023792149001861367,0.036557612363529286,0.1110048252147857,0.14518322267812886,0.038936827263715425,0.147562437578315
6820,Wormhole Attack,0.1250080708844929,0.006664795448941701,0.036557612363529286,0.1250080708844929,0.006664795448941701,0.036557612363529286,0.13167286633343459,0.16156568324802217,0.043222407812470984,0.16823047869696386
5206,Wormhole Attack,0.0978407075763592,0.003233330217650493,0.036557612363529286,0.0978407075763592,0.003233330217650493,0.036557612363529286,0.10107403779400968,0.1343983199398885,0.03979094258117978,0.13763165015753898
15348,Wormhole Attack,0.08814984768696046,0.008310558422210498,0.0,0.08814984768696046,0.008310558422210498,0.0,0.09646040610917096,0.08814984768696046,0.008310558422210498,0.09646040610917096
15302,Wormhole Attack,0.08139660193652773,0.0,0.007946068633527335,0.08139660193652773,0.0,0.007946068633527335,0.08139660193652773,0.08934267057005507,0.007946068633527335,0.08934267057005507
15926,Wormhole Attack,0.08215411034542176,0.0023360764431877264,0.036557612363529286,0.08215411034542176,0.0023360764431877264,0.036557612363529286,0.08449018678860949,0.11871172270895106,0.038893688806717015,0.12104779915213879
6754,Wormhole Attack,0.11249342964054042,0.008855349836403814,0.036557612363529286,0.11249342964054042,0.008855349836403814,0.036557612363529286,0.12134877947694424,0.1490510420040697,0.0454129621999331,0.15790639184047353
6011,Wormhole Attack,0.08924405435093888,0.008855349836225518,0.036557612363529286,0.08924405435093888,0.008855349836225518,0.036557612363529286,0.0980994041871644,0.12580166671446816,0.045412962199754804,0.13465701655069368
15341,Wormhole Attack,0.10147472168312169,0.022819700572999133,0.001326225794762187,0.10147472168312169,0.022819700572999133,0.001326225794762187,0.12429442225612082,0.10280094747788387,0.02414592636776132,0.12562064805088302
5631,Wormhole Attack,0.1142343287771939,0.012012198685071002,0.036557612363529286,0.1142343287771939,0.012012198685071002,0.036557612363529286,0.1262465274622649,0.1507919411407232,0.04856981104860029,0.16280413982579417
15113,Wormhole Attack,0.12225751558390112,1.5489856327504173e-08,0.036557612363529286,0.12225751558390112,1.5489856327504173e-08,0.036557612363529286,0.12225753107375745,0.1588151279474304,0.036557627853385614,0.15881514343728673
6563,Wormhole Attack,0.10778570474357535,0.005967188605667169,0.036557612363529286,0.10778570474357535,0.005967188605667169,0.036557612363529286,0.11375289334924252,0.14434331710710463,0.042524800969196454,0.1503105057127718
5751,Wormhole Attack,0.11318879713883612,0.02169234803959451,0.036557612363529286,0.11318879713883612,0.02169234803959451,0.036557612363529286,0.13488114517843064,0.1497464095023654,0.058249960403123795,0.17143875754195992
16001,Wormhole Attack,0.1138178545125881,0.022311840444047326,0.036557612363529286,0.1138178545125881,0.022311840444047326,0.036557612363529286,0.13612969495663543,0.1503754668761174,0.05886945280757661,0.1726873073201647
5776,Wormhole Attack,0.0932935704062536,0.01802564064703462,0.036557612363529286,0.0932935704062536,0.01802564064703462,0.036557612363529286,0.11131921105328822,0.12985118276978289,0.05458325301056391,0.14787682341681752
5497,Wormhole Attack,0.0964687456825232,0.0029237861338955442,0.036557612363529286,0.0964687456825232,0.0029237861338955442,0.036557612363529286,0.09939253181641874,0.13302635804605248,0.03948139849742483,0.13595014417994802
15796,Wormhole Attack,0.06788696865223418,0.005386931394755273,0.036557612363529286,0.06788696865223418,0.005386931394755273,0.036557612363529286,0.07327390004698944,0.10444458101576345,0.04194454375828456,0.10983151241051872
14627,Wormhole Attack,0.10162784494248481,0.003569531140427664,0.013445249869487119,0.10162784494248481,0.003569531140427664,0.013445249869487119,0.10519737608291248,0.11507309481197192,0.017014781009914784,0.11864262595239959
15321,Wormhole Attack,0.07148524538755041,0.00630917994646738,0.025450588121025366,0.07148524538755041,0.00630917994646738,0.025450588121025366,0.07779442533401779,0.09693583350857578,0.03175976806749275,0.10324501345504315
5629,Wormhole Attack,0.06000081493000679,0.008463794218769891,0.036557612363529286,0.06000081493000679,0.008463794218769891,0.036557612363529286,0.06846460914877668,0.09655842729353609,0.04502140658229918,0.10502222151230597
6737,Wormhole Attack,0.06788696865223418,0.0024560225981314597,0.036557612363529286,0.06788696865223418,0.0024560225981314597,0.036557612363529286,0.07034299125036564,0.10444458101576345,0.03901363496166074,0.10690060361389492
6049,Wormhole Attack,0.09704199931825967,0.002103350418781578,0.036557612363529286,0.09704199931825967,0.002103350418781578,0.036557612363529286,0.09914534973704126,0.13359961168178897,0.03866096278231086,0.13570296210057053
14665,Wormhole Attack,0.07381158282325705,0.047486530723467396,0.01992308130970197,0.07381158282325705,0.047486530723467396,0.01992308130970197,0.12129811354672444,0.09373466413295901,0.06740961203316936,0.14122119485642642
15191,Wormhole Attack,0.07148524538755041,0.00599208861620392,0.0007975774564946969,0.07148524538755041,0.00599208861620392,0.0007975774564946969,0.07747733400375433,0.07228282284404511,0.006789666072698617,0.07827491146024902
6814,Wormhole Attack,0.10562565247244403,0.00028821865687233666,0.036557612363529286,0.10562565247244403,0.00028821865687233666,0.036557612363529286,0.10591387112931637,0.14218326483597332,0.03684583102040162,0.14247148349284566
7094,Wormhole Attack,0.1278592906553822,0.008023481911859238,0.036557612363529286,0.1278592906553822,0.008023481911859238,0.036557612363529286,0.13588277256724143,0.1644169030189115,0.044581094275388526,0.1724403849307707
6951,Wormhole Attack,0.12680495017203003,0.00908157537594895,0.036557612363529286,0.12680495017203003,0.00908157537594895,0.036557612363529286,0.13588652554797898,0.1633625625355593,0.04563918773947824,0.17244413791150826
6334,Wormhole Attack,0.0769894452365133,0.009101523071104916,0.036557612363529286,0.0769894452365133,0.009101523071104916,0.036557612363529286,0.08609096830761821,0.11354705760004258,0.0456591354346342,0.1226485806711475
14937,Wormhole Attack,0.0589040616315795,0.00731966944419885,0.036557612363529286,0.0589040616315795,0.00731966944419885,0.036557612363529286,0.06622373107577835,0.09546167399510878,0.04387728180772814,0.10278134343930764
15288,Wormhole Attack,0.13291845790986545,0.004527099429465091,0.026404028878699772,0.13291845790986545,0.004527099429465091,0.026404028878699772,0.13744555733933053,0.15932248678856523,0.030931128308164864,0.1638495862180303
16128,Wormhole Attack,0.05533650699978898,0.00974583824131116,0.036557612363529286,0.05533650699978898,0.00974583824131116,0.036557612363529286,0.06508234524110014,0.09189411936331826,0.046303450604840445,0.10163995760462943
6949,Wormhole Attack,0.11820832832864414,0.021789230091676853,0.036557612363529286,0.11820832832864414,0.021789230091676853,0.036557612363529286,0.139997558420321,0.15476594069217342,0.05834684245520614,0.17655517078385027
6524,Wormhole Attack,0.11721515941114638,7.033829355711972e-05,0.036557612363529286,0.11721515941114638,7.033829355711972e-05,0.036557612363529286,0.1172854977047035,0.15377277177467566,0.036627950657086406,0.15384311006823279
5621,Wormhole Attack,0.10147472168312169,1.3941320332770111e-07,0.036557612363529286,0.10147472168312169,1.3941320332770111e-07,0.036557612363529286,0.10147486109632502,0.13803233404665097,0.036557751776732615,0.1380324734598543
6697,Wormhole Attack,0.06788696865223418,0.01133070529488551,0.036557612363529286,0.06788696865223418,0.01133070529488551,0.036557612363529286,0.07921767394711969,0.10444458101576345,0.047888317658414795,0.11577528631064898
6593,Wormhole Attack,0.11550298545023391,0.004747948171803825,0.020548320293937147,0.11550298545023391,0.004747948171803825,0.020548320293937147,0.12025093362203773,0.13605130574417107,0.02529626846574097,0.14079925391597486
16087,Wormhole Attack,0.11039788989796752,0.00881662966116625,0.008234970069877412,0.11039788989796752,0.00881662966116625,0.008234970069877412,0.11921451955913377,0.11863285996784494,0.017051599731043664,0.12744948962901118
15351,Wormhole Attack,0.04807834297048124,0.021163088571446678,0.006783988161914756,0.04807834297048124,0.021163088571446678,0.006783988161914756,0.06924143154192791,0.054862331132396,0.027947076733361435,0.07602541970384266
7050,Wormhole Attack,0.1036497858578745,7.033840612412453e-05,0.036557612363529286,0.1036497858578745,7.033840612412453e-05,0.036557612363529286,0.10372012426399863,0.1402073982214038,0.03662795076965341,0.1402777366275279
15981,Wormhole Attack,0.09198218839274747,0.009049176316067706,0.036557612363529286,0.09198218839274747,0.009049176316067706,0.036557612363529286,0.10103136470881517,0.12853980075627675,0.04560678867959699,0.13758897707234446
14881,Wormhole Attack,0.10162784494248481,0.0005873168196484074,0.036557612363529286,0.10162784494248481,0.0005873168196484074,0.036557612363529286,0.10221516176213322,0.1381854573060141,0.037144929183177695,0.1387727741256625
14838,Wormhole Attack,0.13185450798670506,0.020591823170693684,0.036557612363529286,0.13185450798670506,0.020591823170693684,0.036557612363529286,0.15244633115739875,0.16841212035023434,0.05714943553422297,0.18900394352092803
6214,Wormhole Attack,0.10953784792334535,0.002438855691125416,0.036557612363529286,0.10953784792334535,0.002438855691125416,0.036557612363529286,0.11197670361447076,0.14609546028687465,0.038996468054654704,0.14853431597800004
14827,Wormhole Attack,0.056326613268769796,0.0008777113556269735,0.036557612363529286,0.056326613268769796,0.0008777113556269735,0.036557612363529286,0.05720432462439677,0.09288422563229909,0.03743532371915626,0.09376193698792606
7230,Wormhole Attack,0.06146098515806056,0.003585004589267636,0.036557612363529286,0.06146098515806056,0.003585004589267636,0.036557612363529286,0.0650459897473282,0.09801859752158984,0.040142616952796924,0.10160360211085748
14800,Wormhole Attack,0.10162784494248481,0.021625987530318976,0.036557612363529286,0.10162784494248481,0.021625987530318976,0.036557612363529286,0.12325383247280378,0.1381854573060141,0.05818359989384826,0.15981144483633306
16042,Wormhole Attack,0.0679682072213215,0.006727929520783908,0.036557612363529286,0.0679682072213215,0.006727929520783908,0.036557612363529286,0.07469613674210542,0.1045258195848508,0.043285541884313196,0.11125374910563471
14741,Wormhole Attack,0.0632381992089596,1.5489856327504173e-08,0.03596395352723706,0.0632381992089596,1.5489856327504173e-08,0.03596395352723706,0.06323821469881592,0.09920215273619665,0.03596396901709339,0.09920216822605299
15650,Wormhole Attack,0.09231883709523786,0.005144170913517383,0.036557612363529286,0.09231883709523786,0.005144170913517383,0.036557612363529286,0.09746300800875524,0.12887644945876714,0.04170178327704667,0.13402062037228452
14666,Wormhole Attack,0.10416969580844494,0.05375981783682994,0.01605234749546655,0.10416969580844494,0.05375981783682994,0.01605234749546655,0.15792951364527488,0.1202220433039115,0.06981216533229649,0.17398186114074143
15906,Wormhole Attack,0.10760556274760219,0.023652321913881027,0.0,0.10760556274760219,0.023652321913881027,0.0,0.13125788466148322,0.10760556274760219,0.023652321913881027,0.13125788466148322
15944,Wormhole Attack,0.09878178173521562,1.4101379565274486e-07,0.008851813541090405,0.09878178173521562,1.4101379565274486e-07,0.008851813541090405,0.09878192274901128,0.10763359527630603,0.008851954554886058,0.10763373629010169
6426,Wormhole Attack,0.136139301997998,0.0028853541733768096,0.036557612363529286,0.136139301997998,0.0028853541733768096,0.036557612363529286,0.13902465617137483,0.1726969143615273,0.0394429665369061,0.1755822685349041
7205,Wormhole Attack,0.12426232426100167,0.008320059759661174,0.036557612363529286,0.12426232426100167,0.008320059759661174,0.036557612363529286,0.13258238402066286,0.16081993662453095,0.04487767212319046,0.16913999638419214
14747,Wormhole Attack,0.1193189489139759,0.002088249905590427,0.009356897262625764,0.1193189489139759,0.002088249905590427,0.009356897262625764,0.12140719881956633,0.12867584617660166,0.01144514716821619,0.13076409608219208
14920,Wormhole Attack,0.12088724161107374,0.00802023883683634,0.04324057949441765,0.12088724161107374,0.00802023883683634,0.04324057949441765,0.1289074804479101,0.1641278211054914,0.05126081833125399,0.17214805994232774
5915,Wormhole Attack,0.10708826025549756,0.007815347544700304,0.036557612363529286,0.10708826025549756,0.007815347544700304,0.036557612363529286,0.11490360780019786,0.14364587261902684,0.04437295990822959,0.15146122016372715
5682,Wormhole Attack,0.1183935794711112,0.006187859791577903,0.036557612363529286,0.1183935794711112,0.006187859791577903,0.036557612363529286,0.12458143926268911,0.15495119183464048,0.04274547215510719,0.1611390516262184
16012,Wormhole Attack,0.09538481175434907,0.006123923184417331,0.036557612363529286,0.09538481175434907,0.006123923184417331,0.036557612363529286,0.1015087349387664,0.13194242411787835,0.04268153554794662,0.1380663473022957
6263,Wormhole Attack,0.11450567213845429,0.020591823170693684,0.036557612363529286,0.11450567213845429,0.020591823170693684,0.036557612363529286,0.13509749530914797,0.15106328450198359,0.05714943553422297,0.17165510767267725
6236,Wormhole Attack,0.10727262993993075,1.5489856327504173e-08,0.036557612363529286,0.10727262993993075,1.5489856327504173e-08,0.036557612363529286,0.10727264542978708,0.14383024230346003,0.036557627853385614,0.14383025779331637
5615,Wormhole Attack,0.12605904369782894,1.4101379565274486e-07,0.036557612363529286,0.12605904369782894,1.4101379565274486e-07,0.036557612363529286,0.12605918471162458,0.16261665606135822,0.03655775337732494,0.16261679707515386
6323,Wormhole Attack,0.10635250146884068,7.033840612412453e-05,0.036557612363529286,0.10635250146884068,7.033840612412453e-05,0.036557612363529286,0.1064228398749648,0.14291011383236996,0.03662795076965341,0.1429804522384941
16197,Wormhole Attack,0.14343785677407042,2.6244712826584138e-08,0.036557612363529286,0.14343785677407042,2.6244712826584138e-08,0.036557612363529286,0.14343788301878324,0.1799954691375997,0.03655763860824211,0.17999549538231252
6909,Wormhole Attack,0.0635139295271727,0.0008155472760845849,0.036557612363529286,0.0635139295271727,0.0008155472760845849,0.036557612363529286,0.06432947680325729,0.100071541890702,0.03737315963961387,0.10088708916678657
15577,Wormhole Attack,0.1433105568642986,0.04687025192304551,0.0,0.1433105568642986,0.04687025192304551,0.0,0.1901808087873441,0.1433105568642986,0.04687025192304551,0.1901808087873441
15094,Wormhole Attack,0.11495385494761419,0.009042794224466326,0.036557612363529286,0.11495385494761419,0.009042794224466326,0.036557612363529286,0.12399664917208052,0.15151146731114348,0.045600406587995614,0.1605542615356098
15555,Wormhole Attack,0.09879636382358352,0.043814364893573786,0.0,0.09879636382358352,0.043814364893573786,0.0,0.1426107287171573,0.09879636382358352,0.043814364893573786,0.1426107287171573
5800,Wormhole Attack,0.12882050180048615,0.024150869861619927,0.036557612363529286,0.12882050180048615,0.024150869861619927,0.036557612363529286,0.1529713716621061,0.16537811416401543,0.06070848222514921,0.18952898402563537
6527,Wormhole Attack,0.13764733448856614,1.3941320332770111e-07,0.036557612363529286,0.13764733448856614,1.3941320332770111e-07,0.036557612363529286,0.13764747390176946,0.17420494685209542,0.036557751776732615,0.17420508626529874
15618,Wormhole Attack,0.1232938745316063,0.04632078294241491,0.0,0.1232938745316063,0.04632078294241491,0.0,0.1696146574740212,0.1232938745316063,0.04632078294241491,0.1696146574740212
7073,Wormhole Attack,0.10168328454768735,0.0040524157784204455,0.036557612363529286,0.10168328454768735,0.0040524157784204455,0.036557612363529286,0.1057357003261078,0.13824089691121663,0.04061002814194973,0.14229331268963707
16181,Wormhole Attack,0.10524768089142425,0.003992443563143351,0.036557612363529286,0.10524768089142425,0.003992443563143351,0.036557612363529286,0.1092401244545676,0.14180529325495353,0.040550055926672636,0.14579773681809688
7294,Wormhole Attack,0.09533788929638207,0.004574673805410092,0.036557612363529286,0.09533788929638207,0.004574673805410092,0.036557612363529286,0.09991256310179215,0.13189550165991135,0.04113228616893938,0.13647017546532145
7019,Wormhole Attack,0.08755224001158256,0.0007276178065719921,0.036557612363529286,0.08755224001158256,0.0007276178065719921,0.036557612363529286,0.08827985781815455,0.12410985237511185,0.037285230170101276,0.12483747018168384
6974,Wormhole Attack,0.06623484673636224,0.02056638890454803,0.021784880517999407,0.06623484673636224,0.02056638890454803,0.021784880517999407,0.08680123564091027,0.08801972725436163,0.04235126942254744,0.10858611615890967
7390,Wormhole Attack,0.09576319184229283,0.00402542275793698,0.036557612363529286,0.09576319184229283,0.00402542275793698,0.036557612363529286,0.09978861460022981,0.13232080420582212,0.040583035121466264,0.1363462269637591
5770,Wormhole Attack,0.0680400919115973,0.018766600858208624,0.036557612363529286,0.0680400919115973,0.018766600858208624,0.036557612363529286,0.08680669276980592,0.10459770427512657,0.05532421322173791,0.12336430513333521
15149,Wormhole Attack,0.08550325207300384,0.008874158976033752,0.01996403274706472,0.08550325207300384,0.008874158976033752,0.01996403274706472,0.09437741104903759,0.10546728482006856,0.02883819172309847,0.11434144379610231
6927,Wormhole Attack,0.10371927575410894,7.033826966862822e-05,0.036557612363529286,0.10371927575410894,7.033826966862822e-05,0.036557612363529286,0.10378961402377757,0.14027688811763822,0.03662795063319792,0.14034722638730684
15413,Wormhole Attack,0.062213543836346925,0.011093105227873962,0.036557612363529286,0.062213543836346925,0.011093105227873962,0.036557612363529286,0.07330664906422088,0.09877115619987621,0.04765071759140325,0.10986426142775016
6787,Wormhole Attack,0.09908209981025276,1.3941320332770111e-07,0.036557612363529286,0.09908209981025276,1.3941320332770111e-07,0.036557612363529286,0.09908223922345609,0.13563971217378204,0.036557751776732615,0.13563985158698538
6086,Wormhole Attack,0.06788696865223418,0.00331998500696885,0.036557612363529286,0.06788696865223418,0.00331998500696885,0.036557612363529286,0.07120695365920303,0.10444458101576345,0.03987759737049813,0.10776456602273232
5647,Wormhole Attack,0.09164226120350594,0.0032367390905802557,0.036557612363529286,0.09164226120350594,0.0032367390905802557,0.036557612363529286,0.09487900029408619,0.12819987356703522,0.03979435145410954,0.13143661265761547
15003,Wormhole Attack,0.06820334942926182,0.01745570794798566,0.04523860644651899,0.06820334942926182,0.01745570794798566,0.04523860644651899,0.08565905737724748,0.1134419558757808,0.06269431439450465,0.13089766382376647
5850,Wormhole Attack,0.10704994661840318,0.0008155472760845849,0.036557612363529286,0.10704994661840318,0.0008155472760845849,0.036557612363529286,0.10786549389448777,0.14360755898193248,0.03737315963961387,0.14442310625801705
15662,Wormhole Attack,0.08627884472851316,0.010079030120367996,0.036557612363529286,0.08627884472851316,0.010079030120367996,0.036557612363529286,0.09635787484888116,0.12283645709204244,0.04663664248389728,0.13291548721241045
7323,Wormhole Attack,0.06859008478122833,0.018745367468460426,0.036557612363529286,0.06859008478122833,0.018745367468460426,0.036557612363529286,0.08733545224968875,0.10514769714475761,0.055302979831989715,0.12389306461321803
7383,Wormhole Attack,0.05649791964604621,0.0076429280560848245,0.036557612363529286,0.05649791964604621,0.0076429280560848245,0.036557612363529286,0.06414084770213103,0.0930555320095755,0.04420054041961411,0.10069846006566033
6761,Wormhole Attack,0.10162784494248481,0.006187859786889896,0.036557612363529286,0.10162784494248481,0.006187859786889896,0.036557612363529286,0.1078157047293747,0.1381854573060141,0.042745472150419184,0.144373317092904
6033,Wormhole Attack,0.08916723737816681,0.0020878011305270187,0.036557612363529286,0.08916723737816681,0.0020878011305270187,0.036557612363529286,0.09125503850869383,0.1257248497416961,0.038645413494056306,0.12781265087222313
14730,Wormhole Attack,0.09614847660569456,0.02405674706207621,0.029168857267646887,0.09614847660569456,0.02405674706207621,0.029168857267646887,0.12020522366777077,0.12531733387334146,0.05322560432972309,0.14937408093541765
6882,Wormhole Attack,0.10162784494248481,0.009327792915319346,0.036557612363529286,0.10162784494248481,0.009327792915319346,0.036557612363529286,0.11095563785780416,0.1381854573060141,0.04588540527884863,0.14751325022133344
6903,Wormhole Attack,0.0679682072213215,0.01847068296237933,0.036557612363529286,0.0679682072213215,0.01847068296237933,0.036557612363529286,0.08643889018370084,0.1045258195848508,0.05502829532590862,0.12299650254723013
6868,Wormhole Attack,0.08269530877991012,0.021800160566711135,0.036557612363529286,0.08269530877991012,0.021800160566711135,0.036557612363529286,0.10449546934662125,0.11925292114343941,0.05835777293024042,0.14105308171015055
15520,Wormhole Attack,0.12065135806395669,0.04381428345062909,0.0,0.12065135806395669,0.04381428345062909,0.0,0.1644656415145858,0.12065135806395669,0.04381428345062909,0.1644656415145858
6630,Wormhole Attack,0.0957621395837347,0.0029967327278262747,0.036557612363529286,0.0957621395837347,0.0029967327278262747,0.036557612363529286,0.09875887231156097,0.13231975194726397,0.03955434509135556,0.13531648467509025
14761,Wormhole Attack,0.06788696865223418,0.008168791419414588,0.036557612363529286,0.06788696865223418,0.008168791419414588,0.036557612363529286,0.07605576007164877,0.10444458101576345,0.044726403782943874,0.11261337243517805
16177,Wormhole Attack,0.09106200514388083,0.0012976027044505002,0.036557612363529286,0.09106200514388083,0.0012976027044505002,0.036557612363529286,0.09235960784833133,0.1276196175074101,0.037855215067979786,0.1289172202118606
6231,Wormhole Attack,0.11863735634902144,1.3941320332770111e-07,0.036557612363529286,0.11863735634902144,1.3941320332770111e-07,0.036557612363529286,0.11863749576222477,0.15519496871255073,0.036557751776732615,0.15519510812575404
16142,Wormhole Attack,0.0811478057837806,0.006487086881494607,0.036557612363529286,0.0811478057837806,0.006487086881494607,0.036557612363529286,0.0876348926652752,0.11770541814730989,0.043044699245023896,0.1241925050288045
7106,Wormhole Attack,0.09827354338358024,0.011413110696671024,0.024187683372666597,0.09827354338358024,0.011413110696671024,0.024187683372666597,0.10968665408025127,0.12246122675624684,0.035600794069337624,0.13387433745291788
7143,Wormhole Attack,0.11592229648937433,0.004326037850274831,0.036557612363529286,0.11592229648937433,0.004326037850274831,0.036557612363529286,0.12024833433964915,0.1524799088529036,0.04088365021380412,0.15680594670317843
6745,Wormhole Attack,0.1088250572174923,0.01744644731716238,0.036557612363529286,0.1088250572174923,0.01744644731716238,0.036557612363529286,0.1262715045346547,0.14538266958102158,0.05400405968069166,0.16282911689818397
14775,Wormhole Attack,0.13251475658152614,0.00909476372368587,0.0257696356082345,0.13251475658152614,0.00909476372368587,0.0257696356082345,0.141609520305212,0.15828439218976065,0.03486439933192037,0.16737915591344651
15880,Wormhole Attack,0.09563619330625678,0.035683465542375926,0.036557612363529286,0.09563619330625678,0.035683465542375926,0.036557612363529286,0.1313196588486327,0.13219380566978606,0.07224107790590521,0.16787727121216198
16140,Wormhole Attack,0.09575237363609013,0.007575848238189778,0.036557612363529286,0.09575237363609013,0.007575848238189778,0.036557612363529286,0.10332822187427991,0.1323099859996194,0.04413346060171906,0.1398858342378092
7422,Wormhole Attack,0.07094832375383085,0.009049176316067706,0.036557612363529286,0.07094832375383085,0.009049176316067706,0.036557612363529286,0.07999750006989856,0.10750593611736015,0.04560678867959699,0.11655511243342784
15373,Wormhole Attack,0.06364496430575428,0.007786762347805436,0.036557612363529286,0.06364496430575428,0.007786762347805436,0.036557612363529286,0.07143172665355972,0.10020257666928356,0.04434437471133472,0.10798933901708901
6803,Wormhole Attack,0.0680400919115973,0.004126036518719182,0.036557612363529286,0.0680400919115973,0.004126036518719182,0.036557612363529286,0.07216612843031647,0.10459770427512657,0.04068364888224847,0.10872374079384575
6472,Wormhole Attack,0.09356729116794343,0.020553381066601022,0.036557612363529286,0.09356729116794343,0.020553381066601022,0.036557612363529286,0.11412067223454446,0.1301249035314727,0.057110993430130305,0.15067828459807375
5836,Wormhole Attack,0.06775740888938236,0.020763342055627285,0.036557612363529286,0.06775740888938236,0.020763342055627285,0.036557612363529286,0.08852075094500965,0.10431502125291164,0.05732095441915657,0.12507836330853894
7088,Wormhole Attack,0.09538481175434907,7.033827137421217e-05,0.036557612363529286,0.09538481175434907,7.033827137421217e-05,0.036557612363529286,0.09545515002572329,0.13194242411787835,0.0366279506349035,0.13201276238925258
6942,Wormhole Attack,0.10168328454768735,0.002843850028697195,0.036557612363529286,0.10168328454768735,0.002843850028697195,0.036557612363529286,0.10452713457638454,0.13824089691121663,0.03940146239222648,0.14108474693991382
5340,Wormhole Attack,0.07238003150914832,0.009036634532228194,0.036557612363529286,0.07238003150914832,0.009036634532228194,0.036557612363529286,0.08141666604137651,0.1089376438726776,0.04559424689575748,0.11797427840490579
15771,Wormhole Attack,0.1382967612872136,1.5489856327504173e-08,0.036557612363529286,0.1382967612872136,1.5489856327504173e-08,0.036557612363529286,0.13829677677706992,0.17485437365074288,0.036557627853385614,0.1748543891405992
5707,Wormhole Attack,0.0680400919115973,0.0032367390905802557,0.036557612363529286,0.0680400919115973,0.0032367390905802557,0.036557612363529286,0.07127683100217755,0.10459770427512657,0.03979435145410954,0.10783444336570683
6113,Wormhole Attack,0.10727262993993075,2.6244712826584138e-08,0.036557612363529286,0.10727262993993075,2.6244712826584138e-08,0.036557612363529286,0.10727265618464357,0.14383024230346003,0.03655763860824211,0.14383026854817285
15521,Wormhole Attack,0.10147472168312169,0.046189176181018705,0.0,0.10147472168312169,0.046189176181018705,0.0,0.1476638978641404,0.10147472168312169,0.046189176181018705,0.1476638978641404
15319,Wormhole Attack,0.05666883773119788,0.0225791672953592,0.0013016726550541535,0.05666883773119788,0.0225791672953592,0.0013016726550541535,0.07924800502655707,0.05797051038625203,0.023880839950413353,0.08054967768161123
6255,Wormhole Attack,0.0680400919115973,0.021702686407132604,0.019501951006929086,0.0680400919115973,0.021702686407132604,0.019501951006929086,0.0897427783187299,0.08754204291852638,0.04120463741406169,0.10924472932565898
6128,Wormhole Attack,0.09859508225511479,0.0044256790506167635,0.036557612363529286,0.09859508225511479,0.0044256790506167635,0.036557612363529286,0.10302076130573155,0.13515269461864407,0.04098329141414605,0.13957837366926085
7329,Wormhole Attack,0.07614931230512872,0.008115320228996968,0.036557612363529286,0.07614931230512872,0.008115320228996968,0.036557612363529286,0.0842646325341257,0.112706924668658,0.044672932592526256,0.12082224489765497
5214,Wormhole Attack,0.06324961304929999,0.002986665288288468,0.036557612363529286,0.06324961304929999,0.002986665288288468,0.036557612363529286,0.06623627833758845,0.09980722541282927,0.039544277651817755,0.10279389070111775
15479,Wormhole Attack,0.03634192183185679,0.002675658482390245,0.01205475924722855,0.03634192183185679,0.002675658482390245,0.01205475924722855,0.039017580314247034,0.04839668107908534,0.014730417729618795,0.05107233956147558
15579,Wormhole Attack,0.08620690518636409,0.049241019718705197,0.0,0.08620690518636409,0.049241019718705197,0.0,0.1354479249050693,0.08620690518636409,0.049241019718705197,0.1354479249050693
7120,Wormhole Attack,0.10367518311228328,0.007722307419114789,0.036557612363529286,0.10367518311228328,0.007722307419114789,0.036557612363529286,0.11139749053139808,0.14023279547581258,0.044279919782644075,0.14795510289492736
15850,Wormhole Attack,0.11318879713883612,0.022021517775153647,0.036557612363529286,0.11318879713883612,0.022021517775153647,0.036557612363529286,0.13521031491398977,0.1497464095023654,0.05857913013868293,0.17176792727751905
6103,Wormhole Attack,0.13823250757588176,0.02165733845032325,0.036557612363529286,0.13823250757588176,0.02165733845032325,0.036557612363529286,0.159889846026205,0.17479011993941104,0.058214950813852535,0.1964474583897343
5445,Wormhole Attack,0.12058772620329632,1.3941320332770111e-07,0.036557612363529286,0.12058772620329632,1.3941320332770111e-07,0.036557612363529286,0.12058786561649965,0.1571453385668256,0.036557751776732615,0.15714547798002892
14986,Wormhole Attack,0.11531480817274994,1.5489856327504173e-08,0.018219926835731013,0.11531480817274994,1.5489856327504173e-08,0.018219926835731013,0.11531482366260627,0.13353473500848095,0.01821994232558734,0.1335347504983373
7203,Wormhole Attack,0.10702651083839251,0.008999048077957324,0.036557612363529286,0.10702651083839251,0.008999048077957324,0.036557612363529286,0.11602555891634983,0.1435841232019218,0.04555666044148661,0.1525831712798791
5783,Wormhole Attack,0.05666883773119788,0.011065651745322903,0.036557612363529286,0.05666883773119788,0.011065651745322903,0.036557612363529286,0.06773448947652078,0.09322645009472716,0.04762326410885219,0.10429210184005006
15982,Wormhole Attack,0.12882050180048615,0.00871175931579784,0.036557612363529286,0.12882050180048615,0.00871175931579784,0.036557612363529286,0.137532261116284,0.16537811416401543,0.045269371679327125,0.17408987347981328
7052,Wormhole Attack,0.11570401533872672,0.006701559749877182,0.036557612363529286,0.11570401533872672,0.006701559749877182,0.036557612363529286,0.1224055750886039,0.152261627702256,0.04325917211340647,0.1589631874521332
7367,Wormhole Attack,0.0704352512154196,0.020741522388618962,0.036557612363529286,0.0704352512154196,0.020741522388618962,0.036557612363529286,0.09117677360403856,0.10699286357894888,0.05729913475214825,0.12773438596756784
15505,Wormhole Attack,0.11089487536094084,0.06266438354274198,0.0,0.11089487536094084,0.06266438354274198,0.0,0.17355925890368282,0.11089487536094084,0.06266438354274198,0.17355925890368282
15440,Wormhole Attack,0.027056720644584212,0.005902201896763759,0.03851746358194266,0.027056720644584212,0.005902201896763759,0.03851746358194266,0.03295892254134797,0.06557418422652687,0.04441966547870642,0.07147638612329063
7123,Wormhole Attack,0.08868596321687039,0.00028880203159746456,1.2471889790921509e-06,0.08868596321687039,0.00028880203159746456,1.2471889790921509e-06,0.08897476524846785,0.08868721040584948,0.0002900492205765567,0.08897601243744695
5676,Wormhole Attack,0.06809553151679984,0.0034819504217444316,0.036557612363529286,0.06809553151679984,0.0034819504217444316,0.036557612363529286,0.07157748193854427,0.10465314388032912,0.040039562785273715,0.10813509430207355
5555,Wormhole Attack,0.10701942778827073,0.02167155643678425,0.036557612363529286,0.10701942778827073,0.02167155643678425,0.036557612363529286,0.12869098422505498,0.1435770401518,0.058229168800313535,0.16524859658858426
5985,Wormhole Attack,0.0774516316319773,0.009101016329758786,0.0,0.0774516316319773,0.009101016329758786,0.0,0.08655264796173609,0.0774516316319773,0.009101016329758786,0.08655264796173609
6028,Wormhole Attack,0.05805578807486131,0.020591823170194482,0.0,0.05805578807486131,0.020591823170194482,0.0,0.07864761124505579,0.05805578807486131,0.020591823170194482,0.07864761124505579
15037,Wormhole Attack,0.11855041256107102,0.002863902464630797,0.036557612363529286,0.11855041256107102,0.002863902464630797,0.036557612363529286,0.12141431502570181,0.1551080249246003,0.03942151482816009,0.1579719273892311
6316,Wormhole Attack,0.07776363942123604,1.385500112343706e-07,0.036557612363529286,0.07776363942123604,1.385500112343706e-07,0.036557612363529286,0.07776377797124727,0.11432125178476532,0.03655775091354052,0.11432139033477656
5949,Wormhole Attack,0.09308582383582308,1.385500112343706e-07,0.036557612363529286,0.09308582383582308,1.385500112343706e-07,0.036557612363529286,0.0930859623858343,0.12964343619935237,0.03655775091354052,0.12964357474936358
6842,Wormhole Attack,0.08764695190715599,5.797025863182349e-08,0.036557612363529286,0.08764695190715599,5.797025863182349e-08,0.036557612363529286,0.08764700987741463,0.12420456427068527,0.03655767033378792,0.12420462224094392
6320,Wormhole Attack,0.10986297509256812,0.021618257249774987,0.036557612363529286,0.10986297509256812,0.021618257249774987,0.036557612363529286,0.1314812323423431,0.1464205874560974,0.058175869613304274,0.16803884470587238
5495,Wormhole Attack,0.11056348985728001,0.008020656073576257,0.036557612363529286,0.11056348985728001,0.008020656073576257,0.036557612363529286,0.11858414593085627,0.1471211022208093,0.044578268437105543,0.15514175829438556
15294,Wormhole Attack,0.06788696865223418,0.006417548454333996,0.011278272236371067,0.06788696865223418,0.006417548454333996,0.011278272236371067,0.07430451710656817,0.07916524088860524,0.017695820690705064,0.08558278934293924
16135,Wormhole Attack,0.06788696865223418,0.005601852583477715,0.036557612363529286,0.06788696865223418,0.005601852583477715,0.036557612363529286,0.07348882123571189,0.10444458101576345,0.042159464947007,0.11004643359924118
14729,Wormhole Attack,0.12286571899826824,0.0054785087349481405,0.036557612363529286,0.12286571899826824,0.0054785087349481405,0.036557612363529286,0.12834422773321638,0.15942333136179754,0.04203612109847743,0.16490184009674566
15449,Wormhole Attack,0.057100736774027355,0.0023927036444874664,0.028445913722507512,0.057100736774027355,0.0023927036444874664,0.028445913722507512,0.05949344041851482,0.08554665049653487,0.03083861736699498,0.08793935414102233
15159,Wormhole Attack,0.033748300596143886,0.04381422548037046,0.036557612363529286,0.033748300596143886,0.04381422548037046,0.036557612363529286,0.07756252607651434,0.07030591295967317,0.08037183784389974,0.11412013844004362
7192,Wormhole Attack,0.08077865435084057,0.00390596484712142,0.036557612363529286,0.08077865435084057,0.00390596484712142,0.036557612363529286,0.084684619197962,0.11733626671436986,0.040463577210650706,0.12124223156149128
6285,Wormhole Attack,0.06303740362304909,7.033829355711972e-05,0.036557612363529286,0.06303740362304909,7.033829355711972e-05,0.036557612363529286,0.06310774191660622,0.09959501598657838,0.036627950657086406,0.09966535428013551
6085,Wormhole Attack,0.10953784792334535,0.02164231843569333,0.036557612363529286,0.10953784792334535,0.02164231843569333,0.036557612363529286,0.13118016635903867,0.14609546028687465,0.058199930799222616,0.16773777872256795
5394,Wormhole Attack,0.07284321580039713,0.0034909312184043316,0.036557612363529286,0.07284321580039713,0.0034909312184043316,0.036557612363529286,0.07633414701880145,0.1094008281639264,0.04004854358193362,0.11289175938233073
6265,Wormhole Attack,0.12944327500778288,1.3941320332770111e-07,0.036557612363529286,0.12944327500778288,1.3941320332770111e-07,0.036557612363529286,0.1294434144209862,0.16600088737131216,0.036557751776732615,0.16600102678451548
15852,Wormhole Attack,0.05638815576777481,0.025612420533201743,0.036557612363529286,0.05638815576777481,0.025612420533201743,0.036557612363529286,0.08200057630097655,0.09294576813130409,0.06217003289673103,0.11855818866450585
