test_idx,label,W2_c2,W2_network,W2_physical,W2_c2_only,W2_network_only,W2_physical_only,W2_c2_network,W2_c2_physical,W2_network_physical,W2_all_three
11496,Blackhole Attack,0.18112212435731212,-0.44139160117380544,1.4944283329765993,0.18112212435731212,-0.44139160117380544,1.4944283329765993,-0.2602694768164933,1.6755504573339115,1.0530367318027938,1.234158856160106
13327,Blackhole Attack,0.21265885886029856,-0.46407418598344347,-0.8666166030529321,0.21265885886029856,-0.46407418598344347,-0.8666166030529321,-0.2514153271231449,-0.6539577441926335,-1.3306907890363755,-1.118031930176077
5046,Blackhole Attack,-1.0326467784993072,0.4775733798132224,1.4944283329765993,-1.0326467784993072,0.4775733798132224,1.4944283329765993,-0.5550733986860847,0.4617815544772921,1.9720017127898217,0.9393549342905145
4900,Blackhole Attack,0.10589873892751069,1.0856825447510654,1.4944283329765993,0.10589873892751069,1.0856825447510654,1.4944283329765993,1.1915812836785762,1.60032707190411,2.5801108777276647,2.6860096166551752
10339,Blackhole Attack,-0.3812628138934564,-0.43083037556031695,1.4944283329765993,-0.3812628138934564,-0.43083037556031695,1.4944283329765993,-0.8120931894537733,1.1131655190831429,1.0635979574162824,0.682335143522826
5026,Blackhole Attack,1.1732939955046993,-0.8894825191080263,1.4944283329765993,1.1732939955046993,-0.8894825191080263,1.4944283329765993,0.2838114763966729,2.6677223284812985,0.6049458138685729,1.778239809373272
11673,Blackhole Attack,-0.651986117327776,0.09988054913797942,1.4944283329765993,-0.651986117327776,0.09988054913797942,1.4944283329765993,-0.5521055681897966,0.8424422156488233,1.5943088821145788,0.9423227647868027
13062,Blackhole Attack,-2.291823703568833,2.555327623487171,1.4944283329765993,-2.291823703568833,2.555327623487171,1.4944283329765993,0.263503919918338,-0.7973953705922336,4.04975595646377,1.7579322528949373
11574,Blackhole Attack,0.6166450202654457,-0.8894903812888495,1.4944283329765993,0.6166450202654457,-0.8894903812888495,1.4944283329765993,-0.27284536102340384,2.1110733532420447,0.6049379516877498,1.2215829719531954
3298,Blackhole Attack,-0.845641656858264,0.34631372275881955,1.4944283329765993,-0.845641656858264,0.34631372275881955,1.4944283329765993,-0.4993279340994444,0.6487866761183353,1.8407420557354188,0.9951003988771548
4816,Blackhole Attack,1.5672194788718283,1.4068723053923085,1.4944283329765993,1.5672194788718283,1.4068723053923085,1.4944283329765993,2.974091784264137,3.0616478118484274,2.901300638368908,4.468520117240736
4721,Blackhole Attack,0.25153749498959643,2.222479149388244,1.4944283329765993,0.25153749498959643,2.222479149388244,1.4944283329765993,2.47401664437784,1.7459658279661956,3.716907482364843,3.9684449773544395
4082,Blackhole Attack,0.8459929252623652,-0.6000072404837363,1.4944283329765993,0.8459929252623652,-0.6000072404837363,1.4944283329765993,0.24598568477862892,2.3404212582389645,0.894421092492863,1.7404140177552283
12259,Blackhole Attack,-2.2213597728198384,1.119234733191237,1.4944283329765993,-2.2213597728198384,1.119234733191237,1.4944283329765993,-1.1021250396286015,-0.7269314398432392,2.6136630661678364,0.39230329334799774
2954,Blackhole Attack,1.3377017223101015,-0.17474894307025773,1.4944283329765993,1.3377017223101015,-0.17474894307025773,1.4944283329765993,1.1629527792398437,2.832130055286701,1.3196793899063415,2.6573811122164432
4755,Blackhole Attack,-1.065982330224518,-0.5325459636700633,1.4944283329765993,-1.065982330224518,-0.5325459636700633,1.4944283329765993,-1.5985282938945813,0.42844600275208133,0.9618823693065359,-0.10409996091798202
13176,Blackhole Attack,0.9556366968118056,3.1125461309617624,1.4944283329765993,0.9556366968118056,3.1125461309617624,1.4944283329765993,4.068182827773568,2.450065029788405,4.606974463938362,5.562611160750167
3845,Blackhole Attack,0.3273983826423631,0.6796149840295547,-0.8666166030529321,0.3273983826423631,0.6796149840295547,-0.8666166030529321,1.0070133666719179,-0.539218220410569,-0.18700161902337742,0.1403967636189858
11147,Blackhole Attack,1.3898254069691918,1.2959976899870187,1.4944283329765993,1.3898254069691918,1.2959976899870187,1.4944283329765993,2.6858230969562102,2.884253739945791,2.7904260229636177,4.1802514299328095
12726,Blackhole Attack,-2.259767552174296,2.2713912190097374,1.4944283329765993,-2.259767552174296,2.2713912190097374,1.4944283329765993,0.011623666835441249,-0.7653392191976969,3.7658195519863367,1.5060519998120405
12058,Blackhole Attack,-0.14026920627254705,2.941320324738466,1.4944283329765993,-0.14026920627254705,2.941320324738466,1.4944283329765993,2.801051118465919,1.3541591267040523,4.435748657715065,4.295479451442518
2989,Blackhole Attack,1.7432864286504164,-0.1936727352902793,1.4944283329765993,1.7432864286504164,-0.1936727352902793,1.4944283329765993,1.549613693360137,3.2377147616270157,1.3007555976863199,3.0440420263367365
4479,Blackhole Attack,1.2565181649906747,0.31163258702767443,1.4944283329765993,1.2565181649906747,0.31163258702767443,1.4944283329765993,1.568150752018349,2.750946497967274,1.8060609200042737,3.0625790849949484
3396,Blackhole Attack,1.8714136863281585,-0.10807343341080719,1.4944283329765993,1.8714136863281585,-0.10807343341080719,1.4944283329765993,1.7633402529173514,3.3658420193047576,1.3863548995657922,3.2577685858939507
12959,Blackhole Attack,0.2540784008058899,3.325908729016639,1.4944283329765993,0.2540784008058899,3.325908729016639,1.4944283329765993,3.579987129822529,1.748506733782489,4.820337061993238,5.074415462799129
12779,Blackhole Attack,0.10586531073188346,1.8516093770032613,1.4944283329765993,0.10586531073188346,1.8516093770032613,1.4944283329765993,1.9574746877351448,1.6002936437084827,3.3460377099798606,3.451903020711744
12467,Blackhole Attack,-0.883897256007762,0.3972021857701828,1.4944283329765993,-0.883897256007762,0.3972021857701828,1.4944283329765993,-0.48669507023757924,0.6105310769688372,1.8916305187467821,1.00773326273902
4983,Blackhole Attack,1.4723077116075884,-0.043375201244119824,0.06377675360363676,1.4723077116075884,-0.043375201244119824,0.06377675360363676,1.4289325103634687,1.536084465211225,0.020401552359516933,1.4927092639671053
11010,Blackhole Attack,0.2655168535564066,-0.39280657112611056,1.4944283329765993,0.2655168535564066,-0.39280657112611056,1.4944283329765993,-0.12728971756970398,1.7599451865330058,1.1016217618504887,1.3671386154068954
4873,Blackhole Attack,-0.9125762306502597,-0.8894818289150174,1.4944283329765993,-0.9125762306502597,-0.8894818289150174,1.4944283329765993,-1.802058059565277,0.5818521023263395,0.6049465040615819,-0.3076297265886778
11482,Blackhole Attack,-0.7052696270886302,-0.8812740687605843,1.4944283329765993,-0.7052696270886302,-0.8812740687605843,1.4944283329765993,-1.5865436958492145,0.7891587058879691,0.6131542642160149,-0.09211536287261524
12952,Blackhole Attack,-0.33252183934034396,2.685225339094238,1.4944283329765993,-0.33252183934034396,2.685225339094238,1.4944283329765993,2.3527034997538943,1.1619064936362553,4.179653672070837,3.8471318327304935
3066,Blackhole Attack,1.0158931413406282,-0.12000974792786336,1.4944283329765993,1.0158931413406282,-0.12000974792786336,1.4944283329765993,0.8958833934127649,2.5103214743172275,1.3744185850487358,2.3903117263893643
3556,Blackhole Attack,-0.7233807302296973,0.2131774210889647,1.4944283329765993,-0.7233807302296973,0.2131774210889647,1.4944283329765993,-0.5102033091407325,0.771047602746902,1.707605754065564,0.9842250238358667
10163,Blackhole Attack,0.1187335640360207,1.4114008290540567,1.4944283329765993,0.1187335640360207,1.4114008290540567,1.4944283329765993,1.5301343930900775,1.61316189701262,2.905829162030656,3.0245627260666765
3440,Blackhole Attack,-2.2213597728198384,1.2564683544193842,1.4944283329765993,-2.2213597728198384,1.2564683544193842,1.4944283329765993,-0.9648914184004542,-0.7269314398432392,2.7508966873959837,0.529536914576145
12208,Blackhole Attack,1.5683906795039197,0.4396300103684813,1.4944283329765993,1.5683906795039197,0.4396300103684813,1.4944283329765993,2.008020689872401,3.062819012480519,1.9340583433450806,3.5024490228490004
9686,Blackhole Attack,-0.14055045059734492,0.30871708845998874,-0.8666166030529321,-0.14055045059734492,0.30871708845998874,-0.8666166030529321,0.16816663786264383,-1.007167053650277,-0.5578995145929433,-0.6984499651902882
4192,Blackhole Attack,0.19293666092270165,0.3144750639140314,1.4944283329765993,0.19293666092270165,0.3144750639140314,1.4944283329765993,0.507411724836733,1.687364993899301,1.8089033968906307,2.0018400578133324
3965,Blackhole Attack,1.2551327636563219,-0.6583612613510005,1.4944283329765993,1.2551327636563219,-0.6583612613510005,1.4944283329765993,0.5967715023053214,2.749561096632921,0.8360670716255988,2.0911998352819205
5074,Blackhole Attack,1.9805640113116438,-0.8820713341787798,1.4944283329765993,1.9805640113116438,-0.8820713341787798,1.4944283329765993,1.098492677132864,3.474992344288243,0.6123569987978195,2.592921010109463
13228,Blackhole Attack,-0.6820254271399351,2.4543200875618325,1.4944283329765993,-0.6820254271399351,2.4543200875618325,1.4944283329765993,1.7722946604218974,0.8124029058366642,3.948748420538432,3.2667229933984965
11699,Blackhole Attack,-2.2213597728198384,1.4134884954060654,1.4944283329765993,-2.2213597728198384,1.4134884954060654,1.4944283329765993,-0.8078712774137731,-0.7269314398432392,2.907916828382665,0.6865570555628262
4583,Blackhole Attack,1.2939316319799616,-0.4956483904421024,1.4944283329765993,1.2939316319799616,-0.4956483904421024,1.4944283329765993,0.7982832415378592,2.7883599649565607,0.9987799425344969,2.2927115745144584
12344,Blackhole Attack,-0.3999439321489147,3.9487757790287374,1.4944283329765993,-0.3999439321489147,3.9487757790287374,1.4944283329765993,3.5488318468798226,1.0944844008276846,5.443204112005336,5.043260179856421
12339,Blackhole Attack,-0.8108700915757007,-0.8894827594200645,1.4944283329765993,-0.8108700915757007,-0.8894827594200645,1.4944283329765993,-1.700352850995765,0.6835582414008986,0.6049455735565348,-0.20592451801916578
12507,Blackhole Attack,0.9862706192710935,3.0725997132653178,1.4944283329765993,0.9862706192710935,3.0725997132653178,1.4944283329765993,4.0588703325364115,2.4806989522476925,4.5670280462419175,5.553298665513011
4603,Blackhole Attack,-0.7949959624813404,-0.8820713341787798,-0.8666166030529321,-0.7949959624813404,-0.8820713341787798,-0.8666166030529321,-1.67706729666012,-1.6616125655342726,-1.748687937231712,-2.543683899713052
13724,Blackhole Attack,0.47042210213429214,-0.6204170001280171,1.175659103108224,0.47042210213429214,-0.6204170001280171,1.175659103108224,-0.149994897993725,1.646081205242516,0.5552421029802068,1.025664205114499
3172,Blackhole Attack,-2.291823703568833,-0.742894916830355,1.4944283329765993,-2.291823703568833,-0.742894916830355,1.4944283329765993,-3.034718620399188,-0.7973953705922336,0.7515334161462442,-1.5402902874225886
12218,Blackhole Attack,0.013731159846605464,1.548607019264801,1.4944283329765993,0.013731159846605464,1.548607019264801,1.4944283329765993,1.5623381791114064,1.5081594928232047,3.0430353522414,3.0567665120880054
4912,Blackhole Attack,0.8297592099478369,1.4068723053923085,1.4944283329765993,0.8297592099478369,1.4068723053923085,1.4944283329765993,2.2366315153401453,2.3241875429244363,2.901300638368908,3.7310598483167445
4695,Blackhole Attack,1.6464576375345212,-0.04869272290095171,1.4944283329765993,1.6464576375345212,-0.04869272290095171,1.4944283329765993,1.5977649146335695,3.1408859705111203,1.4457356100756475,3.092193247610169
4298,Blackhole Attack,0.6871089510144405,-0.5457172024669398,1.4944283329765993,0.6871089510144405,-0.5457172024669398,1.4944283329765993,0.1413917485475007,2.1815372839910396,0.9487111305096595,1.6358200815241
12929,Blackhole Attack,0.8895832533278241,-0.7916067411941529,-0.8666166030529321,0.8895832533278241,-0.7916067411941529,-0.8666166030529321,0.0979765121336712,0.022966650274891975,-1.658223344247085,-0.7686400909192609
4448,Blackhole Attack,1.8595906063702574,-0.6935957784066102,1.4944283329765993,1.8595906063702574,-0.6935957784066102,1.4944283329765993,1.1659948279636472,3.3540189393468567,0.800832554569989,2.6604231609402467
11305,Blackhole Attack,-0.7623012404530576,-0.8366513066023363,1.4944283329765993,-0.7623012404530576,-0.8366513066023363,1.4944283329765993,-1.598952547055394,0.7321270925235417,0.6577770263742629,-0.10452421407879475
13265,Blackhole Attack,-0.5044600242886738,3.926135636221819,1.4944283329765993,-0.5044600242886738,3.926135636221819,1.4944283329765993,3.4216756119331455,0.9899683086879255,5.420563969198419,4.916103944909745
12954,Blackhole Attack,0.47170112898473315,2.940919010817342,1.4944283329765993,0.47170112898473315,2.940919010817342,1.4944283329765993,3.4126201398020752,1.9661294619613323,4.435347343793941,4.9070484727786745
3022,Blackhole Attack,1.0180413938071629,1.6003871901290103,-0.8666166030529321,1.0180413938071629,1.6003871901290103,-0.8666166030529321,2.618428583936173,0.15142479075423076,0.7337705870760782,1.7518119808832409
9531,Blackhole Attack,0.09346589290691144,1.0889023769193584,1.4786520043105598,0.09346589290691144,1.0889023769193584,1.4786520043105598,1.1823682698262699,1.5721178972174712,2.567554381229918,2.6610202741368294
4763,Blackhole Attack,-0.7938446609786921,1.0536201273107668,1.4944283329765993,-0.7938446609786921,1.0536201273107668,1.4944283329765993,0.2597754663320747,0.7005836719979072,2.548048460287366,1.7542037993086739
3427,Blackhole Attack,-0.20691822700476153,4.840463211803832,1.4944283329765993,-0.20691822700476153,4.840463211803832,1.4944283329765993,4.63354498479907,1.2875101059718377,6.334891544780431,6.12797331777567
10407,Blackhole Attack,-0.917899452522533,0.16365880010400277,1.4944283329765993,-0.917899452522533,0.16365880010400277,1.4944283329765993,-0.7542406524185302,0.5765288804540663,1.658087133080602,0.740187680558069
12450,Blackhole Attack,0.12793782742674922,-0.8894827594200645,1.4944283329765993,0.12793782742674922,-0.8894827594200645,1.4944283329765993,-0.7615449319933153,1.6223661604033486,0.6049455735565348,0.732883400983284
4652,Blackhole Attack,0.5051233809164535,-0.4553258288102326,1.4944283329765993,0.5051233809164535,-0.4553258288102326,1.4944283329765993,0.04979755210622089,1.9995517138930528,1.0391025041663666,1.54422588508282
14023,Blackhole Attack,-0.7233807302296973,1.410421082820945,1.4944283329765993,-0.7233807302296973,1.410421082820945,1.4944283329765993,0.6870403525912476,0.771047602746902,2.9048494157975444,2.1814686855678467
3688,Blackhole Attack,2.0144557584742633,-0.6555635163961363,0.5480191305889904,2.0144557584742633,-0.6555635163961363,0.5480191305889904,1.3588922420781269,2.5624748890632536,-0.10754438580714587,1.9069113726671172
4493,Blackhole Attack,0.2622896757476313,0.05311234369472733,1.4944283329765993,0.2622896757476313,0.05311234369472733,1.4944283329765993,0.3154020194423586,1.7567180087242305,1.5475406766713267,1.8098303524189578
4939,Blackhole Attack,0.8271089191752591,0.4146088585737534,1.4944283329765993,0.8271089191752591,0.4146088585737534,1.4944283329765993,1.2417177777490125,2.3215372521518582,1.9090371915503526,2.7361461107256115
3623,Blackhole Attack,1.7337751122896936,1.4137258284437217,1.4944283329765993,1.7337751122896936,1.4137258284437217,1.4944283329765993,3.1475009407334156,3.228203445266293,2.9081541614203212,4.641929273710015
2887,Blackhole Attack,-2.2213597728198384,-0.3124673972707633,1.4944283329765993,-2.2213597728198384,-0.3124673972707633,1.4944283329765993,-2.5338271700906017,-0.7269314398432392,1.181960935705836,-1.0393988371140024
3885,Blackhole Attack,0.8130165961605702,0.6481449963963306,1.4944283329765993,0.8130165961605702,0.6481449963963306,1.4944283329765993,1.4611615925569008,2.3074449291371693,2.14257332937293,2.9555899255335003
3500,Blackhole Attack,1.1337663187479747,0.3246775323464113,1.4944283329765993,1.1337663187479747,0.3246775323464113,1.4944283329765993,1.458443851094386,2.628194651724574,1.8191058653230106,2.9528721840709853
12554,Blackhole Attack,0.08933329241381173,-0.5625344214164533,1.4944283329765993,0.08933329241381173,-0.5625344214164533,1.4944283329765993,-0.47320112900264155,1.583761625390411,0.931893911560146,1.0212272039739578
4619,Blackhole Attack,-0.7233807302296973,-0.013200235857477323,1.4944283329765993,-0.7233807302296973,-0.013200235857477323,1.4944283329765993,-0.7365809660871746,0.771047602746902,1.4812280971191218,0.7578473668894247
12289,Blackhole Attack,1.4973596376521956,2.4505065482416,1.4944283329765993,1.4973596376521956,2.4505065482416,1.4944283329765993,3.947866185893796,2.9917879706287946,3.9449348812181992,5.442294518870395
12678,Blackhole Attack,-0.01711949055045645,2.6746110177449554,1.4944283329765993,-0.01711949055045645,2.6746110177449554,1.4944283329765993,2.657491527194499,1.477308842426143,4.169039350721555,4.151919860171098
13655,Blackhole Attack,1.4132342070436752,1.3566758071443978,1.4944283329765993,1.4132342070436752,1.3566758071443978,1.4944283329765993,2.7699100141880733,2.9076625400202745,2.851104140120997,4.2643383471646725
3300,Blackhole Attack,1.387238414871359,-0.2071849142542542,1.4944283329765993,1.387238414871359,-0.2071849142542542,1.4944283329765993,1.180053500617105,2.8816667478479583,1.2872434187223452,2.6744818335937044
4233,Blackhole Attack,-0.7233807302296973,-0.8894918989982663,1.4944283329765993,-0.7233807302296973,-0.8894918989982663,1.4944283329765993,-1.6128726292279636,0.771047602746902,0.604936433978333,-0.11844429625136432
13058,Blackhole Attack,-0.7725718552450354,3.744427119041824,-0.5887866207307807,-0.7725718552450354,3.744427119041824,-0.5887866207307807,2.9718552637967885,-1.3613584759758162,3.155640498311043,2.3830686430660077
2962,Blackhole Attack,-1.1596601925080523,0.29538492653357357,1.4944283329765993,-1.1596601925080523,0.29538492653357357,1.4944283329765993,-0.8642752659744788,0.33476814046854697,1.7898132595101728,0.6301530670021205
13087,Blackhole Attack,0.16661072826216097,1.2024171022798835,1.4944283329765993,0.16661072826216097,1.2024171022798835,1.4944283329765993,1.3690278305420445,1.6610390612387602,2.696845435256483,2.8634561635186437
3362,Blackhole Attack,1.2336289694234996,4.137000274237578,1.4944283329765993,1.2336289694234996,4.137000274237578,1.4944283329765993,5.370629243661078,2.728057302400099,5.631428607214177,6.865057576637677
12575,Blackhole Attack,0.08643214420644287,-0.5538283406352198,1.492456480920465,0.08643214420644287,-0.5538283406352198,1.492456480920465,-0.46739619642877694,1.5788886251269079,0.9386281402852452,1.025060284491688
12242,Blackhole Attack,0.23271558955835164,4.060458007917047,-0.2028560689796184,0.23271558955835164,4.060458007917047,-0.2028560689796184,4.293173597475398,0.029859520578733256,3.857601938937429,4.09031752849578
3274,Blackhole Attack,0.6871089510144405,-0.4715081174994898,1.4944283329765993,0.6871089510144405,-0.4715081174994898,1.4944283329765993,0.21560083351495068,2.1815372839910396,1.0229202154771095,1.71002916649155
12669,Blackhole Attack,-0.2826679829308619,2.3280044264298745,1.2753721528191153,-0.2826679829308619,2.3280044264298745,1.2753721528191153,2.0453364434990124,0.9927041698882534,3.60337657924899,3.320708596318128
3849,Blackhole Attack,0.6166450202654457,3.7370065542223374,1.4944283329765993,0.6166450202654457,3.7370065542223374,1.4944283329765993,4.353651574487783,2.1110733532420447,5.231434887198937,5.848079907464382
12111,Blackhole Attack,1.4347121006144936,4.87299270521627,1.4944283329765993,1.4347121006144936,4.87299270521627,1.4944283329765993,6.307704805830764,2.929140433591093,6.3674210381928695,7.802133138807363
10406,Blackhole Attack,0.11193894052501344,0.2792468834609708,1.095684686347315,0.11193894052501344,0.2792468834609708,1.095684686347315,0.3911858239859842,1.2076236268723286,1.374931569808286,1.4868705103332993
3812,Blackhole Attack,-0.8108700915757007,0.04659361839952063,1.4944283329765993,-0.8108700915757007,0.04659361839952063,1.4944283329765993,-0.7642764731761801,0.6835582414008986,1.5410219513761199,0.7301518598004192
13473,Blackhole Attack,0.008456162785651294,4.048692929198787,-0.8666166030529321,0.008456162785651294,4.048692929198787,-0.8666166030529321,4.057149091984439,-0.8581604402672808,3.182076326145855,3.1905324889315065
3324,Blackhole Attack,-0.7233807302296973,1.4057716796492161,1.4944283329765993,-0.7233807302296973,1.4057716796492161,1.4944283329765993,0.6823909494195188,0.771047602746902,2.9002000126258154,2.176819282396118
12026,Blackhole Attack,0.2727599599526616,3.768104111348685,1.4944283329765993,0.2727599599526616,3.768104111348685,1.4944283329765993,4.040864071301347,1.7671882929292608,5.262532444325284,5.535292404277946
4746,Blackhole Attack,1.3201214124413687,3.051588319425245,1.4944283329765993,1.3201214124413687,3.051588319425245,1.4944283329765993,4.371709731866614,2.8145497454179678,4.546016652401844,5.866138064843213
11703,Blackhole Attack,0.4074094408119688,-0.8894908614655501,1.4944283329765993,0.4074094408119688,-0.8894908614655501,1.4944283329765993,-0.48208142065358134,1.901837773788568,0.6049374715110492,1.012346912323018
3592,Blackhole Attack,0.6285269131138432,-0.8821153476857203,1.4944283329765993,0.6285269131138432,-0.8821153476857203,1.4944283329765993,-0.2535884345718771,2.1229552460904424,0.612312985290879,1.2408398984047222
3788,Blackhole Attack,1.2834138616015185,-0.5940294917687859,-0.08870237735279751,1.2834138616015185,-0.5940294917687859,-0.08870237735279751,0.6893843698327325,1.194711484248721,-0.6827318691215835,0.600681992479935
4387,Blackhole Attack,0.7725445246468684,-0.0886753524135539,1.4944283329765993,0.7725445246468684,-0.0886753524135539,1.4944283329765993,0.6838691722333146,2.266972857623468,1.4057529805630453,2.1782975052099136
10806,Blackhole Attack,-1.271185112863037,-0.8894908614655501,1.4944283329765993,-1.271185112863037,-0.8894908614655501,1.4944283329765993,-2.160675974328587,0.22324322011356235,0.6049374715110492,-0.6662476413519878
5085,Blackhole Attack,1.7723223073997412,-0.6301585385327491,1.4944283329765993,1.7723223073997412,-0.6301585385327491,1.4944283329765993,1.1421637688669921,3.2667506403763404,0.8642697944438502,2.6365921018435916
12025,Blackhole Attack,1.534655150859716,1.604606541692958,1.4944283329765993,1.534655150859716,1.604606541692958,1.4944283329765993,3.139261692552674,3.029083483836315,3.0990348746695573,4.6336900255292734
4596,Blackhole Attack,0.2835454546299275,0.07719291519329653,1.4944283329765993,0.2835454546299275,0.07719291519329653,1.4944283329765993,0.360738369823224,1.7779737876065267,1.571621248169896,1.8551667027998233
11905,Blackhole Attack,1.9919045564147186,3.8466956405616934,1.4944283329765993,1.9919045564147186,3.8466956405616934,1.4944283329765993,5.838600196976412,3.486332889391318,5.341123973538293,7.333028529953011
4349,Blackhole Attack,1.2710152727664388,1.4080715289510253,1.4944283329765993,1.2710152727664388,1.4080715289510253,1.4944283329765993,2.679086801717464,2.7654436057430383,2.9024998619276245,4.173515134694063
2955,Blackhole Attack,-0.8531375889617625,0.09137642369120909,0.2178573001576618,-0.8531375889617625,0.09137642369120909,0.2178573001576618,-0.7617611652705534,-0.6352802888041007,0.3092337238488709,-0.5439038651128916
5139,Blackhole Attack,-1.1838511012486206,-0.5809895292669102,1.4944283329765993,-1.1838511012486206,-0.5809895292669102,1.4944283329765993,-1.7648406305155309,0.3105772317279787,0.9134388037096891,-0.2704122975389316
12614,Blackhole Attack,0.7737401960290455,3.7230967790713856,1.4944283329765993,0.7737401960290455,3.7230967790713856,1.4944283329765993,4.496836975100431,2.268168529005645,5.217525112047985,5.99126530807703
11519,Blackhole Attack,-1.4493418335859694,-0.5244085881247185,1.4944283329765993,-1.4493418335859694,-0.5244085881247185,1.4944283329765993,-1.9737504217106878,0.04508649939062992,0.9700197448518808,-0.47932208873408855
11976,Blackhole Attack,0.7029079624002212,0.4858489618477559,1.4944283329765993,0.7029079624002212,0.4858489618477559,1.4944283329765993,1.1887569242479772,2.1973362953768207,1.9802772948243552,2.6831852572245767
2882,Blackhole Attack,1.467185938621344,1.403414636563995,1.4944283329765993,1.467185938621344,1.403414636563995,1.4944283329765993,2.870600575185339,2.961614271597943,2.8978429695405943,4.365028908161938
3326,Blackhole Attack,-0.8637072195081544,0.06255109891773983,1.4944283329765993,-0.8637072195081544,0.06255109891773983,1.4944283329765993,-0.8011561205904146,0.6307211134684448,1.556979431894339,0.6932722123861846
12207,Blackhole Attack,-0.9075897205703646,3.895590918875651,1.4944283329765993,-0.9075897205703646,3.895590918875651,1.4944283329765993,2.9880011983052865,0.5868386124062347,5.39001925185225,4.482429531281886
9255,Blackhole Attack,-0.5521390747335237,-0.8894818289150174,1.4944283329765993,-0.5521390747335237,-0.8894818289150174,1.4944283329765993,-1.4416209036485412,0.9422892582430755,0.6049465040615819,0.05280742932805804
3466,Blackhole Attack,1.604532252220231,-0.6673984361860753,1.4944283329765993,1.604532252220231,-0.6673984361860753,1.4944283329765993,0.9371338160341557,3.0989605851968305,0.827029896790524,2.431562149010755
12553,Blackhole Attack,-2.2213597728198384,-0.5329668338831748,1.4944283329765993,-2.2213597728198384,-0.5329668338831748,1.4944283329765993,-2.754326606703013,-0.7269314398432392,0.9614614990934245,-1.2598982737264137
4022,Blackhole Attack,0.559265246611114,4.061794627014511,1.4944283329765993,0.559265246611114,4.061794627014511,1.4944283329765993,4.621059873625625,2.0536935795877134,5.556222959991111,6.115488206602224
12941,Blackhole Attack,0.4081855376682784,2.840110923831194,1.4944283329765993,0.4081855376682784,2.840110923831194,1.4944283329765993,3.2482964614994723,1.9026138706448776,4.334539256807793,4.7427247944760715
4450,Blackhole Attack,1.380050948120749,-0.06186674247453284,1.4944283329765993,1.380050948120749,-0.06186674247453284,1.4944283329765993,1.318184205646216,2.874479281097348,1.4325615905020663,2.8126125386228154
10412,Blackhole Attack,0.11889324201527789,-0.47139714253477166,-0.8666166030529321,0.11889324201527789,-0.47139714253477166,-0.8666166030529321,-0.35250390051949376,-0.7477233610376542,-1.3380137455877037,-1.2191205035724257
12135,Blackhole Attack,-0.8660284889053365,3.5537469954549614,1.4944283329765993,-0.8660284889053365,3.5537469954549614,1.4944283329765993,2.6877185065496247,0.6283998440712628,5.048175328431561,4.182146839526224
3912,Blackhole Attack,0.18420867377888517,1.3989313497070042,1.4944283329765993,0.18420867377888517,1.3989313497070042,1.4944283329765993,1.5831400234858894,1.6786370067554843,2.893359682683603,3.0775683564624887
10793,Blackhole Attack,-0.883897256007762,-0.7903496080612208,1.4944283329765993,-0.883897256007762,-0.7903496080612208,1.4944283329765993,-1.6742468640689827,0.6105310769688372,0.7040787249153785,-0.17981853109238344
13449,Blackhole Attack,1.1662134049506752,1.8276318848834396,1.4944283329765993,1.1662134049506752,1.8276318848834396,1.4944283329765993,2.993845289834115,2.6606417379272744,3.322060217860039,4.4882736228107145
4864,Blackhole Attack,1.5466388897780379,-0.6602572388765157,1.4944283329765993,1.5466388897780379,-0.6602572388765157,1.4944283329765993,0.8863816509015222,3.041067222754637,0.8341710941000836,2.3808099838781214
12496,Blackhole Attack,1.304766455270764,-0.8894908614655501,1.4944283329765993,1.304766455270764,-0.8894908614655501,1.4944283329765993,0.41527559380521395,2.7991947882473633,0.6049374715110492,1.9097039267818132
3424,Blackhole Attack,0.7938780827628692,1.2753678469357745,1.4944283329765993,0.7938780827628692,1.2753678469357745,1.4944283329765993,2.069245929698644,2.2883064157394686,2.769796179912374,3.563674262675243
4800,Blackhole Attack,-0.8813340223246955,-0.7643377160090922,-0.8666166030529321,-0.8813340223246955,-0.7643377160090922,-0.8666166030529321,-1.6456717383337875,-1.7479506253776276,-1.6309543190620244,-2.5122883413867196
12132,Blackhole Attack,-0.7938446609786921,1.4087191265025718,1.4944283329765993,-0.7938446609786921,1.4087191265025718,1.4944283329765993,0.6148744655238797,0.7005836719979072,2.903147459479171,2.109302798500479
12544,Blackhole Attack,1.581855571823282,-0.45313860872670725,0.7120145407193512,1.581855571823282,-0.45313860872670725,0.7120145407193512,1.1287169630965748,2.293870112542633,0.25887593199264397,1.840731503815926
12140,Blackhole Attack,-0.18691109372885062,1.4897512529773946,1.4944283329765993,-0.18691109372885062,1.4897512529773946,1.4944283329765993,1.302840159248544,1.3075172392477485,2.984179585953994,2.797268492225143
4051,Blackhole Attack,1.7877949656183927,-0.6693118359342308,1.4944283329765993,1.7877949656183927,-0.6693118359342308,1.4944283329765993,1.118483129684162,3.282223298594992,0.8251164970423684,2.6129114626607612
13250,Blackhole Attack,0.8809755311589181,-0.6721254283696488,-0.6071716184779907,0.8809755311589181,-0.6721254283696488,-0.6071716184779907,0.2088501027892693,0.2738039126809274,-1.2792970468476397,-0.39832151568872143
3180,Blackhole Attack,0.6166450202654457,0.06963679828886551,1.4944283329765993,0.6166450202654457,0.06963679828886551,1.4944283329765993,0.6862818185543111,2.1110733532420447,1.5640651312654648,2.1807101515309104
3096,Blackhole Attack,1.6057525337385143,-0.8785950488780964,1.4944283329765993,1.6057525337385143,-0.8785950488780964,1.4944283329765993,0.727157484860418,3.100180866715114,0.6158332840985029,2.2215858178370174
3833,Blackhole Attack,-0.7233807302296973,-0.4619413839093778,1.4944283329765993,-0.7233807302296973,-0.4619413839093778,1.4944283329765993,-1.185322114139075,0.771047602746902,1.0324869490672215,0.3091062188375242
3914,Blackhole Attack,-0.7832975922714941,0.056382288449854295,1.4944283329765993,-0.7832975922714941,0.056382288449854295,1.4944283329765993,-0.7269153038216398,0.7111307407051052,1.5508106214264537,0.7675130291549594
11807,Blackhole Attack,1.6717882819976302,-0.8894825191080263,-0.8666166030529321,1.6717882819976302,-0.8894825191080263,-0.8666166030529321,0.7823057628896039,0.8051716789446981,-1.7560991221609585,-0.08431084016332824
2982,Blackhole Attack,-1.5139220858034836,-0.5374180839075109,1.4944283329765993,-1.5139220858034836,-0.5374180839075109,1.4944283329765993,-2.0513401697109943,-0.01949375282688437,0.9570102490690884,-0.556911836734395
4094,Blackhole Attack,1.5836244367072496,1.0896645669689806,1.4944283329765993,1.5836244367072496,1.0896645669689806,1.4944283329765993,2.6732890036762305,3.0780527696838487,2.58409289994558,4.16771733665283
2934,Blackhole Attack,1.756992584527803,-0.05052623307262875,1.4944283329765993,1.756992584527803,-0.05052623307262875,1.4944283329765993,1.7064663514551741,3.251420917504402,1.4439020999039704,3.2008946844317734
4078,Blackhole Attack,-0.7057446498178549,-0.8894827594200645,1.4944283329765993,-0.7057446498178549,-0.8894827594200645,1.4944283329765993,-1.5952274092379195,0.7886836831587444,0.6049455735565348,-0.10079907626132023
3103,Blackhole Attack,1.4659310320465944,0.05589091988579943,1.4944283329765993,1.4659310320465944,0.05589091988579943,1.4944283329765993,1.521821951932394,2.9603593650231934,1.5503192528623988,3.016250284908993
12213,Blackhole Attack,-1.0732240181545762,4.0871634738460765,1.4944283329765993,-1.0732240181545762,4.0871634738460765,1.4944283329765993,3.0139394556915002,0.42120431482202303,5.581591806822676,4.5083677886680995
4506,Blackhole Attack,1.3950592639095332,-0.8820713341787798,1.4944283329765993,1.3950592639095332,-0.8820713341787798,1.4944283329765993,0.5129879297307534,2.8894875968861324,0.6123569987978195,2.007416262707353
3682,Blackhole Attack,1.581855571823282,-0.88948205920772,1.4944283329765993,1.581855571823282,-0.88948205920772,1.4944283329765993,0.692373512615562,3.0762839047998813,0.6049462737688792,2.186801845592161
13005,Blackhole Attack,-2.2213597728198384,1.0100154471202312,1.4944283329765993,-2.2213597728198384,1.0100154471202312,1.4944283329765993,-1.2113443256996073,-0.7269314398432392,2.5044437800968304,0.283084007276992
5114,Blackhole Attack,-0.1327579124187951,1.3224001980637685,1.4944283329765993,-0.1327579124187951,1.3224001980637685,1.4944283329765993,1.1896422856449735,1.3616704205578043,2.816828531040368,2.684070618621573
12040,Blackhole Attack,1.8166988761665297,1.0385535221148572,1.4944283329765993,1.8166988761665297,1.0385535221148572,1.4944283329765993,2.8552523982813867,3.311127209143129,2.5329818550914567,4.349680731257986
3093,Blackhole Attack,0.0023059020846772195,2.054406112755318,1.4944283329765993,0.0023059020846772195,2.054406112755318,1.4944283329765993,2.0567120148399956,1.4967342350612765,3.5488344457319174,3.551140347816595
4321,Blackhole Attack,0.6054249638890331,-0.8894827594200645,1.4944283329765993,0.6054249638890331,-0.8894827594200645,1.4944283329765993,-0.2840577955310314,2.0998532968656325,0.6049455735565348,1.2103705374455678
4171,Blackhole Attack,1.680135548496662,0.31067081235052907,1.4944283329765993,1.680135548496662,0.31067081235052907,1.4944283329765993,1.990806360847191,3.1745638814732615,1.8050991453271283,3.4852346938237906
3702,Blackhole Attack,-0.7233807302296973,-0.47466939383099,1.4944283329765993,-0.7233807302296973,-0.47466939383099,1.4944283329765993,-1.1980501240606873,0.771047602746902,1.0197589391456092,0.29637820891591193
4406,Blackhole Attack,1.602004357985503,0.06581954171511523,1.4944283329765993,1.602004357985503,0.06581954171511523,1.4944283329765993,1.6678238997006183,3.0964326909621023,1.5602478746917146,3.1622522326772176
4284,Blackhole Attack,1.731893827688005,-0.6398345522026679,1.4944283329765993,1.731893827688005,-0.6398345522026679,1.4944283329765993,1.092059275485337,3.226322160664604,0.8545937807739313,2.5864876084619364
12985,Blackhole Attack,-1.003879260603039,3.1300143981839263,-0.2744582378488772,-1.003879260603039,3.1300143981839263,-0.2744582378488772,2.1261351375808877,-1.278337498451916,2.855556160335049,1.8516768997320106
4806,Blackhole Attack,1.395694560122141,-0.8894908614655501,1.4944283329765993,1.395694560122141,-0.8894908614655501,1.4944283329765993,0.506203698656591,2.8901228930987406,0.6049374715110492,2.0006320316331903
4372,Blackhole Attack,-0.9367222675818059,1.6945053287585248,1.4944283329765993,-0.9367222675818059,1.6945053287585248,1.4944283329765993,0.7577830611767189,0.5577060653947934,3.188933661735124,2.252211394153318
3010,Blackhole Attack,-0.7233807302296973,-0.43192186900770163,1.4944283329765993,-0.7233807302296973,-0.43192186900770163,1.4944283329765993,-1.1553025992373989,0.771047602746902,1.0625064639688977,0.3391257337392004
10824,Blackhole Attack,-1.183335718435911,-0.011217832256786662,1.4944283329765993,-1.183335718435911,-0.011217832256786662,1.4944283329765993,-1.1945535506926976,0.31109261454068826,1.4832105007198126,0.29987478228390163
4229,Blackhole Attack,0.6871089510144405,-0.6051783592946799,1.4944283329765993,0.6871089510144405,-0.6051783592946799,1.4944283329765993,0.08193059171976058,2.1815372839910396,0.8892499736819194,1.5763589246963599
4257,Blackhole Attack,1.2515286491590243,-0.03839970324944742,1.4944283329765993,1.2515286491590243,-0.03839970324944742,1.4944283329765993,1.2131289459095769,2.7459569821356236,1.4560286297271519,2.707557278886176
5181,Blackhole Attack,0.7326983128267335,0.17549783052116288,1.4944283329765993,0.7326983128267335,0.17549783052116288,1.4944283329765993,0.9081961433478963,2.2271266458033327,1.6699261634977622,2.4026244763244957
4438,Blackhole Attack,1.9516537593550338,1.092314511393097,1.4944283329765993,1.9516537593550338,1.092314511393097,1.4944283329765993,3.043968270748131,3.446082092331633,2.586742844369696,4.53839660372473
3967,Blackhole Attack,0.6529911341616201,-0.4617243671809572,1.4944283329765993,0.6529911341616201,-0.4617243671809572,1.4944283329765993,0.19126676698066292,2.1474194671382194,1.032703965795642,1.6856950999572622
12818,Blackhole Attack,1.68450323799299,-0.576970033800736,1.4944283329765993,1.68450323799299,-0.576970033800736,1.4944283329765993,1.107533204192254,3.1789315709695893,0.9174582991758633,2.6019615371688536
11689,Blackhole Attack,0.10589873892751069,1.07938421058609,1.4944283329765993,0.10589873892751069,1.07938421058609,1.4944283329765993,1.1852829495136008,1.60032707190411,2.5738125435626893,2.6797112824902003
3944,Blackhole Attack,0.8695976870840515,0.6414834121624403,1.4944283329765993,0.8695976870840515,0.6414834121624403,1.4944283329765993,1.5110810992464918,2.364026020060651,2.1359117451390395,3.005509432223091
4670,Blackhole Attack,-0.7938446609786921,-0.5478264077034948,1.4944283329765993,-0.7938446609786921,-0.5478264077034948,1.4944283329765993,-1.3416710686821869,0.7005836719979072,0.9466019252731045,0.1527572642944124
3996,Blackhole Attack,-2.291823703568833,0.3246775323464113,1.4944283329765993,-2.291823703568833,0.3246775323464113,1.4944283329765993,-1.9671461712224216,-0.7973953705922336,1.8191058653230106,-0.47271783824582236
4669,Blackhole Attack,0.3367182547916068,0.30816091187553296,1.4944283329765993,0.3367182547916068,0.30816091187553296,1.4944283329765993,0.6448791666671397,1.831146587768206,1.8025892448521321,2.139307499643739
3144,Blackhole Attack,1.3277957482733498,-0.8769143705823859,1.4944283329765993,1.3277957482733498,-0.8769143705823859,1.4944283329765993,0.4508813776909639,2.8222240812499493,0.6175139623942134,1.9453097106675632
12055,Blackhole Attack,-1.0546418136347315,1.6938406385939324,1.4944283329765993,-1.0546418136347315,1.6938406385939324,1.4944283329765993,0.6391988249592009,0.43978651934186774,3.1882689715705315,2.1336271579358
4660,Blackhole Attack,0.7736866498563246,-0.8820713485875886,1.4944283329765993,0.7736866498563246,-0.8820713485875886,1.4944283329765993,-0.108384698731264,2.268114982832924,0.6123569843890107,1.3860436342453353
3878,Blackhole Attack,0.42118976739746317,-0.265510745605576,1.4944283329765993,0.42118976739746317,-0.265510745605576,1.4944283329765993,0.15567902179188714,1.9156181003740624,1.2289175873710232,1.6501073547684864
3904,Blackhole Attack,-0.8606237810290225,1.643991188166168,1.4944283329765993,-0.8606237810290225,1.643991188166168,1.4944283329765993,0.7833674071371455,0.6338045519475768,3.138419521142767,2.2777957401137447
4685,Blackhole Attack,1.2565181649906747,-0.3881460409171347,1.4944283329765993,1.2565181649906747,-0.3881460409171347,1.4944283329765993,0.86837212407354,2.750946497967274,1.1062822920594646,2.362800457050139
4554,Blackhole Attack,1.7581354572321664,-0.48031584381160486,1.4944283329765993,1.7581354572321664,-0.48031584381160486,1.4944283329765993,1.2778196134205615,3.2525637902087654,1.0141124891649944,2.7722479463971608
4734,Blackhole Attack,1.6290531918788982,-0.1829530755841592,1.4944283329765993,1.6290531918788982,-0.1829530755841592,1.4944283329765993,1.446100116294739,3.1234815248554977,1.31147525739244,2.940528449271338
3819,Blackhole Attack,1.162873690638085,-0.43273676298860597,1.4944283329765993,1.162873690638085,-0.43273676298860597,1.4944283329765993,0.730136927649479,2.657302023614684,1.0616915699879934,2.224565260626078
11977,Blackhole Attack,-0.1974921225226019,1.5596334102367309,1.4944283329765993,-0.1974921225226019,1.5596334102367309,1.4944283329765993,1.362141287714129,1.2969362104539974,3.05406174321333,2.8565696206907285
13296,Blackhole Attack,0.4898134002057748,0.09548585510093051,1.4944283329765993,0.4898134002057748,0.09548585510093051,1.4944283329765993,0.5852992553067053,1.984241733182374,1.5899141880775298,2.079727588283305
12830,Blackhole Attack,0.3548169808572356,1.5040819386161524,1.4944283329765993,0.3548169808572356,1.5040819386161524,1.4944283329765993,1.858898919473388,1.849245313833835,2.9985102715927514,3.3533272524499873
3900,Blackhole Attack,1.6007254207412969,1.9724753507456225,1.4944283329765993,1.6007254207412969,1.9724753507456225,1.4944283329765993,3.5732007714869196,3.095153753717896,3.466903683722222,5.067629104463519
11024,Blackhole Attack,-0.40570544825683275,-0.06653093198419269,1.4944283329765993,-0.40570544825683275,-0.06653093198419269,1.4944283329765993,-0.47223638024102543,1.0887228847197665,1.4278974009924066,1.0221919527355738
11391,Blackhole Attack,-0.6062814593967043,1.409728434470052,1.4944283329765993,-0.6062814593967043,1.409728434470052,1.4944283329765993,0.8034469750733477,0.888146873579895,2.9041567674466515,2.2978753080499468
4465,Blackhole Attack,1.6876856115961398,0.003645476900350717,1.4944283329765993,1.6876856115961398,0.003645476900350717,1.4944283329765993,1.6913310884964905,3.1821139445727393,1.49807380987695,3.1857594214730898
3207,Blackhole Attack,-0.3787186466651023,-0.8821153476857203,1.4944283329765993,-0.3787186466651023,-0.8821153476857203,1.4944283329765993,-1.2608339943508227,1.115709686311497,0.612312985290879,0.2335943386257766
4614,Blackhole Attack,-0.2338406786415898,1.2720723226411579,1.4944283329765993,-0.2338406786415898,1.2720723226411579,1.4944283329765993,1.038231643999568,1.2605876543350094,2.766500655617757,2.5326599769761673
10074,Blackhole Attack,0.08762966107660518,1.1072402972758766,1.4944283329765993,0.08762966107660518,1.1072402972758766,1.4944283329765993,1.1948699583524818,1.5820579940532045,2.601668630252476,2.689298291329081
13055,Blackhole Attack,0.2563732877265844,2.3985289292462544,1.4944283329765993,0.2563732877265844,2.3985289292462544,1.4944283329765993,2.6549022169728387,1.7508016207031836,3.8929572622228537,4.149330549949438
4810,Blackhole Attack,0.10390139794106786,0.3092674615354637,1.4944283329765993,0.10390139794106786,0.3092674615354637,1.4944283329765993,0.41316885947653154,1.5983297309176672,1.803695794512063,1.9075971924531308
12532,Blackhole Attack,1.3287352410005615,-0.5563568611151776,1.4944283329765993,1.3287352410005615,-0.5563568611151776,1.4944283329765993,0.7723783798853839,2.823163573977161,0.9380714718614217,2.266806712861983
12490,Blackhole Attack,0.6904178788405534,-0.13367465011115542,1.4944283329765993,0.6904178788405534,-0.13367465011115542,1.4944283329765993,0.556743228729398,2.1848462118171526,1.3607536828654438,2.0511715617059973
3676,Blackhole Attack,1.4466467229522437,0.6305958587968714,1.4944283329765993,1.4466467229522437,0.6305958587968714,1.4944283329765993,2.077242581749115,2.941075055928843,2.1250241917734707,3.5716709147257144
4560,Blackhole Attack,2.102290548656799,0.31021407600892,1.4944283329765993,2.102290548656799,0.31021407600892,1.4944283329765993,2.412504624665719,3.5967188816333984,1.8046424089855193,3.906932957642318
13746,Blackhole Attack,-2.2213597728198384,0.10277761616058961,1.4944283329765993,-2.2213597728198384,0.10277761616058961,1.4944283329765993,-2.1185821566592486,-0.7269314398432392,1.5972059491371888,-0.6241538236826494
3123,Blackhole Attack,1.6970066187020867,0.09067768559086332,1.4944283329765993,1.6970066187020867,0.09067768559086332,1.4944283329765993,1.78768430429295,3.191434951678686,1.5851060185674626,3.2821126372695493
17845,Flooding Attack,1.8200049043319952,3.920893456612282,-0.8666166030529321,1.8200049043319952,3.920893456612282,-0.8666166030529321,5.740898360944278,0.9533883012790632,3.05427685355935,4.874281757891346
17181,Flooding Attack,1.1664421383532775,5.870803620854853,1.2490515518861003,1.1664421383532775,5.870803620854853,1.2490515518861003,7.037245759208131,2.4154936902393778,7.119855172740953,8.28629731109423
17134,Flooding Attack,0.5849188510484491,4.8318821520863375,0.653472389687815,0.5849188510484491,4.8318821520863375,0.653472389687815,5.416801003134786,1.238391240736264,5.485354541774153,6.070273392822601
17923,Flooding Attack,2.0998496707897134,3.964887032434006,-0.4777179437143898,2.0998496707897134,3.964887032434006,-0.4777179437143898,6.064736703223719,1.6221317270753235,3.4871690887196163,5.58701875950933
18047,Flooding Attack,1.567273183019325,3.6124194045842506,-0.8666166030529321,1.567273183019325,3.6124194045842506,-0.8666166030529321,5.179692587603576,0.7006565799663929,2.7458028015313185,4.313075984550643
18303,Flooding Attack,-0.7233807302296973,3.975853369025358,-0.4777179437143898,-0.7233807302296973,3.975853369025358,-0.4777179437143898,3.252472638795661,-1.2010986739440872,3.498135425310968,2.774754695081271
8418,Flooding Attack,1.6876930929775515,4.453155619701884,-0.4777179437143898,1.6876930929775515,4.453155619701884,-0.4777179437143898,6.1408487126794356,1.2099751492631619,3.9754376759874943,5.663130768965046
14416,Flooding Attack,0.6871089510144405,0.6541321292027985,-0.8666166030529321,0.6871089510144405,0.6541321292027985,-0.8666166030529321,1.341241080217239,-0.17950765203849162,-0.21248447385013358,0.4746244771643069
17248,Flooding Attack,1.9952825825713068,3.970621569014413,1.3173600282664246,1.9952825825713068,3.970621569014413,1.3173600282664246,5.96590415158572,3.3126426108377314,5.2879815972808375,7.283264179852145
16438,Flooding Attack,0.14688501979918334,5.82060191965619,0.23101700369894465,0.14688501979918334,5.82060191965619,0.23101700369894465,5.967486939455373,0.37790202349812796,6.051618923355135,6.198503943154318
8132,Flooding Attack,-0.7233807302296973,3.737015693800539,-0.8666166030529321,-0.7233807302296973,3.737015693800539,-0.8666166030529321,3.013634963570842,-1.5899973332826294,2.870399090747607,2.14701836051791
17024,Flooding Attack,0.8916975831934368,4.87299270521627,1.4944283329765993,0.8916975831934368,4.87299270521627,1.4944283329765993,5.764690288409707,2.386125916170036,6.3674210381928695,7.259118621386306
18203,Flooding Attack,0.13906478157162278,4.107124913566665,-0.8666166030529321,0.13906478157162278,4.107124913566665,-0.8666166030529321,4.246189695138288,-0.7275518214813093,3.2405083105137327,3.3795730920853555
7510,Flooding Attack,1.639700109251779,3.7370065542223374,-0.7545675393346106,1.639700109251779,3.7370065542223374,-0.7545675393346106,5.376706663474116,0.8851325699171683,2.982439014887727,4.622139124139506
14550,Flooding Attack,1.2551327636563219,5.593822123843928,1.4944283329765993,1.2551327636563219,5.593822123843928,1.4944283329765993,6.84895488750025,2.749561096632921,7.088250456820528,8.343383220476849
8598,Flooding Attack,0.6140817865823791,0.9919586610350332,-0.8666166030529321,0.6140817865823791,0.9919586610350332,-0.8666166030529321,1.6060404476174122,-0.252534816470553,0.12534205798210107,0.7394238445644801
8376,Flooding Attack,-0.7233807302296973,1.9492297231011193,0.037824441548452596,-0.7233807302296973,1.9492297231011193,0.037824441548452596,1.225848992871422,-0.6855562886812447,1.9870541646495719,1.2636734344198746
17204,Flooding Attack,2.2753656665090207,1.2122320415800854,0.6407038383024419,2.2753656665090207,1.2122320415800854,0.6407038383024419,3.487597708089106,2.9160695048114627,1.8529358798825273,4.128301546391548
17917,Flooding Attack,1.7723223073997412,0.758245154482086,-0.6761398403097738,1.7723223073997412,0.758245154482086,-0.6761398403097738,2.530567461881827,1.0961824670899674,0.08210531417231215,1.8544276215720532
18054,Flooding Attack,1.7040722390614274,3.9622606640282867,0.27388318362482517,1.7040722390614274,3.9622606640282867,0.27388318362482517,5.666332903089714,1.9779554226862526,4.2361438476531115,5.940216086714539
16821,Flooding Attack,-0.7233807302296973,5.593822123843928,-0.8666166030529321,-0.7233807302296973,5.593822123843928,-0.8666166030529321,4.870441393614231,-1.5899973332826294,4.727205520790996,4.003824790561298
17660,Flooding Attack,0.35467777258592176,4.169579126960314,-0.8666166030529321,0.35467777258592176,4.169579126960314,-0.8666166030529321,4.524256899546236,-0.5119388304670103,3.302962523907382,3.657640296493304
17254,Flooding Attack,0.7961315210040151,3.737007591755053,1.4944283329765993,0.7961315210040151,3.737007591755053,1.4944283329765993,4.533139112759068,2.2905598539806142,5.231435924731652,6.027567445735667
8175,Flooding Attack,2.079838031164445,4.46762881437862,-0.8666166030529321,2.079838031164445,4.46762881437862,-0.8666166030529321,6.547466845543065,1.2132214281115128,3.601012211325688,5.680850242490132
8475,Flooding Attack,1.9251421737760162,3.9815356105944195,0.7431842976068186,1.9251421737760162,3.9815356105944195,0.7431842976068186,5.9066777843704354,2.6683264713828345,4.724719908201238,6.649862081977254
17763,Flooding Attack,1.8088222855255867,3.7370159341125775,-0.2855624042189443,1.8088222855255867,3.7370159341125775,-0.2855624042189443,5.545838219638164,1.5232598813066422,3.4514535298936333,5.26027581541922
16474,Flooding Attack,1.3827832722105575,-0.1636176981837648,1.4944283329765993,1.3827832722105575,-0.1636176981837648,1.4944283329765993,1.2191655740267928,2.877211605187157,1.3308106347928346,2.713593907003392
16843,Flooding Attack,0.6871089510144405,3.737015693800539,-0.8666166030529321,0.6871089510144405,3.737015693800539,-0.8666166030529321,4.42412464481498,-0.17950765203849162,2.870399090747607,3.557508041762048
8484,Flooding Attack,2.1493290569026766,0.5905339049661938,1.4944283329765993,2.1493290569026766,0.5905339049661938,1.4944283329765993,2.7398629618688704,3.643757389879276,2.084962237942793,4.23429129484547
7538,Flooding Attack,0.38171487169063645,4.231502902324277,-0.4777179437143898,0.38171487169063645,4.231502902324277,-0.4777179437143898,4.613217774014914,-0.09600307202375336,3.7537849586098875,4.135499830300525
16578,Flooding Attack,1.50298357688682,1.5674860221826896,-0.05652198565535579,1.50298357688682,1.5674860221826896,-0.05652198565535579,3.0704695990695097,1.4464615912314642,1.5109640365273338,3.013947613414154
17721,Flooding Attack,2.1440513638271916,4.110975427807218,-0.4777179437143898,2.1440513638271916,4.110975427807218,-0.4777179437143898,6.2550267916344096,1.6663334201128017,3.633257484092828,5.77730884792002
17967,Flooding Attack,0.26425846134356823,3.9874459705754086,-0.4777179437143898,0.26425846134356823,3.9874459705754086,-0.4777179437143898,4.251704431918977,-0.21345948237082157,3.5097280268610187,3.7739864882045873
17439,Flooding Attack,1.4643889338654352,3.965996347635295,1.4944283329765993,1.4643889338654352,3.965996347635295,1.4944283329765993,5.43038528150073,2.9588172668420345,5.460424680611894,6.924813614477329
8264,Flooding Attack,-0.7233807302296973,4.211752059903213,1.4944283329765993,-0.7233807302296973,4.211752059903213,1.4944283329765993,3.4883713296735155,0.771047602746902,5.706180392879812,4.982799662650114
16597,Flooding Attack,1.2677993296910457,0.6865900287441333,-0.8666166030529321,1.2677993296910457,0.6865900287441333,-0.8666166030529321,1.954389358435179,0.4011827266381136,-0.18002657430879876,1.087772755382247
18174,Flooding Attack,0.6805517145864005,4.089002767319203,0.8862006577690023,0.6805517145864005,4.089002767319203,0.8862006577690023,4.769554481905603,1.5667523723554027,4.975203425088205,5.655755139674605
16490,Flooding Attack,0.704745031426283,0.6864275976522405,0.29832201150440724,0.704745031426283,0.6864275976522405,0.29832201150440724,1.3911726290785236,1.0030670429306903,0.9847496091566477,1.6894946405829308
17643,Flooding Attack,1.2079661965695514,5.870803620854853,-0.8666166030529321,1.2079661965695514,5.870803620854853,-0.8666166030529321,7.078769817424405,0.3413495935166193,5.004187017801922,6.212153214371472
18270,Flooding Attack,1.2515286491590243,5.703992067141117,-0.8666166030529321,1.2515286491590243,5.703992067141117,-0.8666166030529321,6.955520716300141,0.3849120461060922,4.8373754640881845,6.088904113247208
14377,Flooding Attack,2.417284784389645,0.8761403420291959,-0.4777179437143898,2.417284784389645,0.8761403420291959,-0.4777179437143898,3.2934251264188408,1.9395668406752549,0.3984223983148061,2.815707182704451
8261,Flooding Attack,1.5818444306079453,3.7370144648265535,1.4944283329765993,1.5818444306079453,3.7370144648265535,1.4944283329765993,5.318858895434499,3.0762727635845444,5.231442797803153,6.813287228411098
17863,Flooding Attack,-0.7233807302296973,3.7370065542223374,-0.7502271280433891,-0.7233807302296973,3.7370065542223374,-0.7502271280433891,3.01362582399264,-1.4736078582730863,2.9867794261789484,2.263398695949251
14216,Flooding Attack,1.575556277281059,3.9622606640282867,1.4944283329765993,1.575556277281059,3.9622606640282867,1.4944283329765993,5.537816941309345,3.0699846102576585,5.4566889970048855,7.032245274285945
14527,Flooding Attack,1.7073878624425662,-0.05196367244718832,0.9845579254219433,1.7073878624425662,-0.05196367244718832,0.9845579254219433,1.6554241899953779,2.6919457878645097,0.932594252974755,2.6399821154173213
17263,Flooding Attack,1.6372836109712419,3.7370065542223374,1.6796559719015547,1.6372836109712419,3.7370065542223374,1.6796559719015547,5.374290165193579,3.3169395828727968,5.416662526123892,7.053946137095133
17550,Flooding Attack,1.4808595520396846,2.284815571396614,-0.8666166030529321,1.4808595520396846,2.284815571396614,-0.8666166030529321,3.7656751234362984,0.6142429489867525,1.418198968343682,2.8990585203833663
14336,Flooding Attack,1.6243959325001496,1.1145982086960702,-0.8666166030529321,1.6243959325001496,1.1145982086960702,-0.8666166030529321,2.73899414119622,0.7577793294472175,0.2479816056431381,1.872377538143288
17212,Flooding Attack,1.9494374831759145,1.3356257123172361,-0.4777179437143898,1.9494374831759145,1.3356257123172361,-0.4777179437143898,3.2850631954931506,1.4717195394615246,0.8579077686028463,2.8073452517787607
16344,Flooding Attack,1.2545997177585508,5.709854078773151,-0.8666166030529321,1.2545997177585508,5.709854078773151,-0.8666166030529321,6.964453796531702,0.38798311470561875,4.843237475720219,6.097837193478769
17102,Flooding Attack,1.615833823691028,3.737015693800539,0.2532769656754655,1.615833823691028,3.737015693800539,0.2532769656754655,5.352849517491567,1.8691107893664933,3.9902926594760046,5.606126483167032
8217,Flooding Attack,-0.7233807302296973,3.737007591755053,-0.8666166030529321,-0.7233807302296973,3.737007591755053,-0.8666166030529321,3.013626861525356,-1.5899973332826294,2.870390988702121,2.1470102584724238
16734,Flooding Attack,1.403653384106738,1.8404799918629673,-0.8666166030529321,1.403653384106738,1.8404799918629673,-0.8666166030529321,3.2441333759697053,0.5370367810538059,0.9738633888100352,2.377516772916773
17734,Flooding Attack,-0.7751580428308985,4.131290595023532,-0.8666166030529321,-0.7751580428308985,4.131290595023532,-0.8666166030529321,3.356132552192633,-1.6417746458838307,3.2646739919705996,2.489515949139701
17338,Flooding Attack,0.6871089510144405,3.744427119041824,-0.8666166030529321,0.6871089510144405,3.744427119041824,-0.8666166030529321,4.431536070056264,-0.17950765203849162,2.877810515988892,3.564919467003332
16632,Flooding Attack,1.1536367643201229,5.593822123843928,0.4036089452390395,1.1536367643201229,5.593822123843928,0.4036089452390395,6.747458888164051,1.5572457095591623,5.9974310690829675,7.15106783340309
16728,Flooding Attack,2.562300216425134,0.9613095557768633,1.4944283329765993,2.562300216425134,0.9613095557768633,1.4944283329765993,3.523609772201997,4.056728549401733,2.4557378887534624,5.018038105178596
16410,Flooding Attack,1.6713647443769923,1.6332127043203237,1.4944283329765993,1.6713647443769923,1.6332127043203237,1.4944283329765993,3.304577448697316,3.165793077353592,3.127641037296923,4.799005781673915
16673,Flooding Attack,0.6166450202654457,4.907566146203708,0.774551608588902,0.6166450202654457,4.907566146203708,0.774551608588902,5.524211166469153,1.3911966288543476,5.68211775479261,6.298762775058055
8322,Flooding Attack,0.66834777664543,3.9462303737465816,-0.8666166030529321,0.66834777664543,3.9462303737465816,-0.8666166030529321,4.614578150392012,-0.1982688264075021,3.0796137706936495,3.7479615473390795
17270,Flooding Attack,-0.7938446609786921,-0.8821153476857203,1.4944283329765993,-0.7938446609786921,-0.8821153476857203,1.4944283329765993,-1.6759600086644124,0.7005836719979072,0.612312985290879,-0.18153167568781314
17239,Flooding Attack,-0.7233807302296973,3.737015693800539,1.5362539522390846,-0.7233807302296973,3.737015693800539,1.5362539522390846,3.013634963570842,0.8128732220093873,5.273269646039624,4.549888915809927
16567,Flooding Attack,1.6607618107496844,2.392501661548765,-0.8666166030529321,1.6607618107496844,2.392501661548765,-0.8666166030529321,4.0532634722984495,0.7941452076967523,1.5258850584958328,3.1866468692455174
17524,Flooding Attack,1.967880573559628,0.6200721980940377,1.0703514363888442,1.967880573559628,0.6200721980940377,1.0703514363888442,2.587952771653666,3.038232009948472,1.6904236344828818,3.65830420804251
8164,Flooding Attack,0.8752458391778568,4.470686423268556,-0.8666166030529321,0.8752458391778568,4.470686423268556,-0.8666166030529321,5.3459322624464125,0.008629236124924722,3.604069820215624,4.47931565939348
16352,Flooding Attack,1.4958184001257064,4.110983374689717,-0.8666166030529321,1.4958184001257064,4.110983374689717,-0.8666166030529321,5.606801774815423,0.6292017970727743,3.2443667716367846,4.740185171762491
8176,Flooding Attack,-0.7938446609786921,3.7370159341125775,0.012747634584486425,-0.7938446609786921,3.7370159341125775,0.012747634584486425,2.9431712731338853,-0.7810970263942056,3.749763568697064,2.9559189077183716
14507,Flooding Attack,1.6265916229277866,2.2440760985042103,-0.8666166030529321,1.6265916229277866,2.2440760985042103,-0.8666166030529321,3.870667721431997,0.7599750198748545,1.3774594954512782,3.004051118379065
17397,Flooding Attack,2.01198667139489,4.110975427807218,1.4944283329765993,2.01198667139489,4.110975427807218,1.4944283329765993,6.122962099202108,3.5064150043714895,5.605403760783817,7.617390432178707
16469,Flooding Attack,-0.7233807302296973,4.479030604345761,-0.8666166030529321,-0.7233807302296973,4.479030604345761,-0.8666166030529321,3.7556498741160635,-1.5899973332826294,3.6124140012928287,2.8890332710631315
18265,Flooding Attack,0.6529911341616201,5.587628153920349,-0.6848376536506078,0.6529911341616201,5.587628153920349,-0.6848376536506078,6.2406192880819695,-0.031846519488987646,4.902790500269742,5.555781634431362
8111,Flooding Attack,0.8440429873656716,2.251491008623062,0.748286585033755,0.8440429873656716,2.251491008623062,0.748286585033755,3.095533995988734,1.5923295723994266,2.999777593656817,3.843820581022489
18156,Flooding Attack,1.8677219724611493,3.993034670695032,-0.4777179437143898,1.8677219724611493,3.993034670695032,-0.4777179437143898,5.860756643156181,1.3900040287467594,3.5153167269806422,5.383038699441792
8317,Flooding Attack,2.107475349475498,2.9645679697379568,0.8952779916300178,2.107475349475498,2.9645679697379568,0.8952779916300178,5.072043319213455,3.0027533411055156,3.8598459613679745,5.967321310843472
16916,Flooding Attack,1.400377692968305,2.7684987150869937,0.26461994964737073,1.400377692968305,2.7684987150869937,0.26461994964737073,4.168876408055299,1.6649976426156756,3.0331186647343644,4.43349635770267
8372,Flooding Attack,2.1337048356093518,2.676527621538893,-0.4777179437143898,2.1337048356093518,2.676527621538893,-0.4777179437143898,4.810232457148245,1.6559868918949618,2.198809677824503,4.332514513433855
8251,Flooding Attack,0.8802588208269909,4.264236025820799,0.03660711220544846,0.8802588208269909,4.264236025820799,0.03660711220544846,5.14449484664779,0.9168659330324394,4.300843138026248,5.1811019588532385
17271,Flooding Attack,1.7601124995340827,-0.8894827594200645,1.4944283329765993,1.7601124995340827,-0.8894827594200645,1.4944283329765993,0.8706297401140182,3.254540832510682,0.6049455735565348,2.3650580730906174
14316,Flooding Attack,1.8352954309748686,1.756390057548476,-0.8666166030529321,1.8352954309748686,1.756390057548476,-0.8666166030529321,3.5916854885233445,0.9686788279219365,0.889773454495544,2.7250688854704124
16919,Flooding Attack,0.8440429873656716,5.713573370023145,0.35279287663829384,0.8440429873656716,5.713573370023145,0.35279287663829384,6.557616357388817,1.1968358640039654,6.066366246661438,6.91040923402711
17036,Flooding Attack,1.6869191464133717,1.103818623459009,1.3011219432672774,1.6869191464133717,1.103818623459009,1.3011219432672774,2.790737769872381,2.988041089680649,2.404940566726286,4.091859713139659
16964,Flooding Attack,1.563580239940543,1.373308870743113,-0.10671874124280448,1.563580239940543,1.373308870743113,-0.10671874124280448,2.936889110683656,1.4568614986977384,1.2665901295003084,2.8301703694408515
17461,Flooding Attack,1.0533368434103372,3.7370147249862318,0.23143254726345758,1.0533368434103372,3.7370147249862318,0.23143254726345758,4.790351568396569,1.2847693906737947,3.9684472722496893,5.021784115660027
7529,Flooding Attack,0.8695369483658413,3.7370159341125775,0.016448090115348406,0.8695369483658413,3.7370159341125775,0.016448090115348406,4.606552882478419,0.8859850384811897,3.753464024227926,4.6230009725937675
18214,Flooding Attack,1.967821429248774,3.737016624305586,-0.4777179437143898,1.967821429248774,3.737016624305586,-0.4777179437143898,5.70483805355436,1.4901034855343842,3.259298680591196,5.22712010983997
18290,Flooding Attack,0.11373388954049334,4.569218786624861,-0.49691608531498377,0.11373388954049334,4.569218786624861,-0.49691608531498377,4.682952676165354,-0.3831821957744904,4.0723027013098765,4.18603659085037
8523,Flooding Attack,1.5182142574300548,4.513666941682373,1.4944283329765993,1.5182142574300548,4.513666941682373,1.4944283329765993,6.031881199112427,3.012642590406654,6.008095274658972,7.5263095320890265
17675,Flooding Attack,2.0143752727552195,3.7370059561265436,-0.8666166030529321,2.0143752727552195,3.7370059561265436,-0.8666166030529321,5.751381228881764,1.1477586697022875,2.8703893530736115,4.884764625828831
17017,Flooding Attack,0.957252462619194,4.210213615009705,0.26703772186591185,0.957252462619194,4.210213615009705,0.26703772186591185,5.167466077628899,1.2242901844851057,4.477251336875617,5.434503799494811
17983,Flooding Attack,1.5486121736893963,5.588529058219817,-0.5614023465671638,1.5486121736893963,5.588529058219817,-0.5614023465671638,7.137141231909213,0.9872098271222325,5.027126711652653,6.57573888534205
8551,Flooding Attack,0.494099781987102,3.737007591755053,1.4944283329765993,0.494099781987102,3.737007591755053,1.4944283329765993,4.231107373742155,1.9885281149637013,5.231435924731652,5.7255357067187544
17682,Flooding Attack,2.3115295125878372,4.469826751052697,-0.8666166030529321,2.3115295125878372,4.469826751052697,-0.8666166030529321,6.781356263640534,1.4449129095349051,3.6032101479997647,5.9147396605876015
16641,Flooding Attack,0.6871089510144405,1.2292739652016424,-0.8666166030529321,0.6871089510144405,1.2292739652016424,-0.8666166030529321,1.916382916216083,-0.17950765203849162,0.36265736214871036,1.049766313163151
18280,Flooding Attack,1.8339121645223286,3.8237671566225995,-0.4777179437143898,1.8339121645223286,3.8237671566225995,-0.4777179437143898,5.657679321144928,1.356194220807939,3.3460492129082096,5.179961377430539
8160,Flooding Attack,1.6182238802433828,3.7370159341125775,-0.8666166030529321,1.6182238802433828,3.7370159341125775,-0.8666166030529321,5.3552398143559605,0.7516072771904507,2.8703993310596454,4.488623211303029
7561,Flooding Attack,0.8781653934917172,4.055812954152266,-0.42309701895323304,0.8781653934917172,4.055812954152266,-0.42309701895323304,4.933978347643984,0.45506837453848414,3.632715935199033,4.5108813286907505
14347,Flooding Attack,0.7335832659136599,0.7224054335188256,0.27434768118316477,0.7335832659136599,0.7224054335188256,0.27434768118316477,1.4559886994324853,1.0079309470968245,0.9967531147019904,1.73033638061565
14311,Flooding Attack,0.41738291348903667,0.7843889630783204,-0.4777179437143898,0.41738291348903667,0.7843889630783204,-0.4777179437143898,1.201771876567357,-0.06033503022535314,0.3066710193639306,0.7240539328529673
16702,Flooding Attack,1.1092280485375028,2.815050427329844,1.4944283329765993,1.1092280485375028,2.815050427329844,1.4944283329765993,3.9242784758673466,2.603656381514102,4.309478760306443,5.418706808843946
17215,Flooding Attack,2.156382350740458,1.1344969117008208,1.6232818545383496,2.156382350740458,1.1344969117008208,1.6232818545383496,3.290879262441279,3.7796642052788076,2.7577787662391704,4.914161116979629
16561,Flooding Attack,0.8130165961605702,0.77074655437232,-0.4846706011673293,0.8130165961605702,0.77074655437232,-0.4846706011673293,1.5837631505328902,0.3283459949932409,0.2860759532049907,1.0990925493655608
18162,Flooding Attack,0.8619540374236109,3.737015693800539,-0.8666166030529321,0.8619540374236109,3.737015693800539,-0.8666166030529321,4.59896973122415,-0.004662565629321214,2.870399090747607,3.732353128171218
8385,Flooding Attack,1.7150138627520002,4.187868804148545,-0.8666166030529321,1.7150138627520002,4.187868804148545,-0.8666166030529321,5.902882666900545,0.8483972596990681,3.321252201095613,5.036266063847613
14387,Flooding Attack,1.681806074916953,-0.04659819117591645,-0.8666166030529321,1.681806074916953,-0.04659819117591645,-0.8666166030529321,1.6352078837410366,0.8151894718640209,-0.9132147942288485,0.7685912806881046
7525,Flooding Attack,1.4748066502141168,3.7370159341125775,-0.8666166030529321,1.4748066502141168,3.7370159341125775,-0.8666166030529321,5.211822584326694,0.6081900471611847,2.8703993310596454,4.345205981273763
8386,Flooding Attack,-0.7233807302296973,3.945634095345601,-0.8666166030529321,-0.7233807302296973,3.945634095345601,-0.8666166030529321,3.2222533651159035,-1.5899973332826294,3.0790174922926687,2.3556367620629715
7562,Flooding Attack,0.957252462619194,4.131290595023532,1.3417847368039464,0.957252462619194,4.131290595023532,1.3417847368039464,5.088543057642726,2.2990371994231404,5.473075331827478,6.430327794446672
8359,Flooding Attack,-0.7233807302296973,1.8068819049091278,-0.8666166030529321,-0.7233807302296973,1.8068819049091278,-0.8666166030529321,1.0835011746794305,-1.5899973332826294,0.9402653018561957,0.21688457162649843
16658,Flooding Attack,0.488599391366272,-0.029687652964159376,-0.8666166030529321,0.488599391366272,-0.029687652964159376,-0.8666166030529321,0.45891173840211263,-0.3780172116866601,-0.8963042560170915,-0.40770486465081945
8365,Flooding Attack,2.148111419316037,3.1302430132608103,0.2532769656754655,2.148111419316037,3.1302430132608103,0.2532769656754655,5.278354432576847,2.4013883849915025,3.3835199789362758,5.531631398252313
17562,Flooding Attack,1.692374994962913,3.969655443163933,-0.8666166030529321,1.692374994962913,3.969655443163933,-0.8666166030529321,5.6620304381268465,0.8257583919099809,3.103038840111001,4.795413835073914
16864,Flooding Attack,1.742309383063923,4.970030873811524,1.4944283329765993,1.742309383063923,4.970030873811524,1.4944283329765993,6.712340256875446,3.236737716040522,6.464459206788123,8.206768589852047
8430,Flooding Attack,-0.7938446609786921,3.737015693800539,-0.6325719956861428,-0.7938446609786921,3.737015693800539,-0.6325719956861428,2.943171032821847,-1.4264166566648349,3.1044436981143964,2.310599037135704
8191,Flooding Attack,1.338310247445153,3.737007591755053,1.4944283329765993,1.338310247445153,3.737007591755053,1.4944283329765993,5.075317839200206,2.8327385804217524,5.231435924731652,6.569746172176806
16799,Flooding Attack,0.04587646782804292,2.3063993638599616,0.13247736562504045,0.04587646782804292,2.3063993638599616,0.13247736562504045,2.3522758316880044,0.17835383345308337,2.4388767294850022,2.484753197313045
17909,Flooding Attack,1.8072002404439367,3.737015693800539,0.3369706153953386,1.8072002404439367,3.737015693800539,0.3369706153953386,5.544215934244476,2.1441708558392754,4.0739863091958775,5.881186549639814
17754,Flooding Attack,-2.203723692407996,3.897303737954811,-0.8666166030529321,-2.203723692407996,3.897303737954811,-0.8666166030529321,1.693580045546815,-3.070340295460928,3.030687134901879,0.826963442493883
18294,Flooding Attack,1.1575233368409568,5.851975691936911,0.2536995955136125,1.1575233368409568,5.851975691936911,0.2536995955136125,7.009499028777867,1.4112229323545693,6.105675287450524,7.26319862429148
18164,Flooding Attack,1.8175392864856224,3.737007591755053,-0.4777179437143898,1.8175392864856224,3.737007591755053,-0.4777179437143898,5.554546878240675,1.3398213427712324,3.2592896480406632,5.076828934526286
17336,Flooding Attack,1.5428932874907162,4.116742649470942,-0.2809676096461188,1.5428932874907162,4.116742649470942,-0.2809676096461188,5.659635936961658,1.2619256778445975,3.8357750398248234,5.378668327315539
18210,Flooding Attack,-0.7233807302296973,3.737015693800539,0.3691597994154535,-0.7233807302296973,3.737015693800539,0.3691597994154535,3.013634963570842,-0.3542209308142438,4.106175493215993,3.3827947629862956
8463,Flooding Attack,1.5807601942049627,3.929499418624791,-0.8666166030529321,1.5807601942049627,3.929499418624791,-0.8666166030529321,5.510259612829754,0.7141435911520306,3.062882815571859,4.643643009776822
7563,Flooding Attack,-0.1327579124187951,2.2437330723058415,-0.8493936223015952,-0.1327579124187951,2.2437330723058415,-0.8493936223015952,2.1109751598870465,-0.9821515347203903,1.3943394500042463,1.2615815375854513
14290,Flooding Attack,1.5486121736893963,0.31772814028079455,-0.8666166030529321,1.5486121736893963,0.31772814028079455,-0.8666166030529321,1.8663403139701908,0.6819955706364642,-0.5488884627721375,0.9997237109172588
17260,Flooding Attack,0.5795949757572608,2.666789138739384,1.4944283329765993,0.5795949757572608,2.666789138739384,1.4944283329765993,3.246384114496645,2.07402330873386,4.161217471715983,4.740812447473244
16706,Flooding Attack,0.6871089510144405,5.711265479455778,1.4944283329765993,0.6871089510144405,5.711265479455778,1.4944283329765993,6.398374430470219,2.1815372839910396,7.2056938124323775,7.892802763446818
17638,Flooding Attack,-0.7233807302296973,3.9189944389122595,-0.8666166030529321,-0.7233807302296973,3.9189944389122595,-0.8666166030529321,3.1956137086825622,-1.5899973332826294,3.0523778358593274,2.32899710562963
7549,Flooding Attack,0.6479044177492267,5.58974497820797,-0.8666166030529321,0.6479044177492267,5.58974497820797,-0.8666166030529321,6.237649395957197,-0.2187121853037054,4.723128375155039,5.3710327929042645
17384,Flooding Attack,-0.7938446609786921,-0.628449722449484,1.4944283329765993,-0.7938446609786921,-0.628449722449484,1.4944283329765993,-1.4222943834281763,0.7005836719979072,0.8659786105271152,0.072133949548423
8504,Flooding Attack,1.6464576375345212,3.095830519379687,0.7359718941792085,1.6464576375345212,3.095830519379687,0.7359718941792085,4.742288156914208,2.3824295317137296,3.8318024135588957,5.478260051093416
17541,Flooding Attack,2.252952107268278,0.5794779369974788,-0.8666166030529321,2.252952107268278,0.5794779369974788,-0.8666166030529321,2.832430044265757,1.3863355042153458,-0.28713866605545324,1.9658134412128248
17949,Flooding Attack,0.6871089510144405,1.5721838698147637,1.0586354432855452,0.6871089510144405,1.5721838698147637,1.0586354432855452,2.259292820829204,1.7457443942999857,2.630819313100309,3.317928264114749
16871,Flooding Attack,1.7078461474265108,0.9344217155907298,0.6577450340019375,1.7078461474265108,0.9344217155907298,0.6577450340019375,2.6422678630172407,2.3655911814284485,1.5921667495926672,3.300012897019178
17376,Flooding Attack,-0.7233807302296973,2.4464655374688666,1.4944283329765993,-0.7233807302296973,2.4464655374688666,1.4944283329765993,1.7230848072391693,0.771047602746902,3.940893870445466,3.2175131402157686
18036,Flooding Attack,2.0528982017525275,3.7370059561265436,-0.4777179437143898,2.0528982017525275,3.7370059561265436,-0.4777179437143898,5.7899041578790715,1.5751802580381375,3.2592880124121537,5.312186214164682
18031,Flooding Attack,0.9438369404816648,4.047706923748416,-0.4777179437143898,0.9438369404816648,4.047706923748416,-0.4777179437143898,4.991543864230081,0.466118996767275,3.5699889800340263,4.513825920515692
18239,Flooding Attack,1.8361921646423225,3.9486317339121793,-0.4777179437143898,1.8361921646423225,3.9486317339121793,-0.4777179437143898,5.784823898554501,1.3584742209279326,3.4709137901977893,5.307105954840112
16347,Flooding Attack,1.6598357100834082,5.953269786947051,-0.4777179437143898,1.6598357100834082,5.953269786947051,-0.4777179437143898,7.6131054970304595,1.1821177663690183,5.475551843232662,7.13538755331607
8352,Flooding Attack,0.9367839941669475,4.1080908989603335,-0.3409178531209466,0.9367839941669475,4.1080908989603335,-0.3409178531209466,5.044874893127281,0.5958661410460009,3.767173045839387,4.703957040006334
8493,Flooding Attack,1.3563542078282613,3.7370159341125775,-0.8666166030529321,1.3563542078282613,3.7370159341125775,-0.8666166030529321,5.093370141940839,0.48973760477532924,2.8703993310596454,4.226753538887907
14292,Flooding Attack,0.5522153645086583,1.5564460590154818,-0.8666166030529321,0.5522153645086583,1.5564460590154818,-0.8666166030529321,2.10866142352414,-0.3144012385442738,0.6898294559625497,1.2420448204712078
14409,Flooding Attack,2.4752430297963546,0.626792998663942,-0.4777179437143898,2.4752430297963546,0.626792998663942,-0.4777179437143898,3.1020360284602964,1.9975250860819647,0.1490750549495522,2.6243180847459064
16720,Flooding Attack,1.813910094824852,0.3495251330182942,1.4944283329765993,1.813910094824852,0.3495251330182942,1.4944283329765993,2.1634352278431463,3.308338427801451,1.8439534659948935,3.6578635608197456
17556,Flooding Attack,-1.063177099460294,3.7370163940128838,-0.8666166030529321,-1.063177099460294,3.7370163940128838,-0.8666166030529321,2.6738392945525895,-1.9297937025132261,2.8703997909599517,1.8072226914996574
8228,Flooding Attack,-0.7233807302296973,3.988539274963098,-0.8666166030529321,-0.7233807302296973,3.988539274963098,-0.8666166030529321,3.2651585447334006,-1.5899973332826294,3.121922671910166,2.3985419416804685
17546,Flooding Attack,0.44952561483995745,2.05865266357385,0.4698519937168054,0.44952561483995745,2.05865266357385,0.4698519937168054,2.5081782784138076,0.9193776085567629,2.5285046572906555,2.978030272130613
18053,Flooding Attack,1.9684389260562936,3.737015693800539,-0.8666166030529321,1.9684389260562936,3.737015693800539,-0.8666166030529321,5.705454619856833,1.1018223230033615,2.870399090747607,4.838838016803901
16939,Flooding Attack,1.833306612415579,4.789697669607526,0.882358727868959,1.833306612415579,4.789697669607526,0.882358727868959,6.623004282023105,2.715665340284538,5.672056397476485,7.505363009892064
17622,Flooding Attack,1.7243863921057931,5.5334273584169695,1.4944283329765993,1.7243863921057931,5.5334273584169695,1.4944283329765993,7.257813750522763,3.2188147250823924,7.027855691393569,8.752242083499361
16610,Flooding Attack,0.957252462619194,0.8540731610289964,0.6483272489671019,0.957252462619194,0.8540731610289964,0.6483272489671019,1.8113256236481905,1.6055797115862958,1.5024004099960984,2.459652872615292
8426,Flooding Attack,1.5345459773228727,5.598974240893167,-0.8666166030529321,1.5345459773228727,5.598974240893167,-0.8666166030529321,7.13352021821604,0.6679293742699406,4.732357637840234,6.266903615163107
8596,Flooding Attack,0.8271089191752591,3.937706434791645,0.32327677648781294,0.8271089191752591,3.937706434791645,0.32327677648781294,4.764815353966904,1.150385695663072,4.2609832112794574,5.088092130454717
14392,Flooding Attack,-0.7018475215861258,0.7505208149250953,0.32032393210583665,-0.7018475215861258,0.7505208149250953,0.32032393210583665,0.048673293338969414,-0.3815235894802892,1.070844747030932,0.36899722544480607
17221,Flooding Attack,1.826056897514024,5.594330188032852,1.0053172740170255,1.826056897514024,5.594330188032852,1.0053172740170255,7.420387085546876,2.831374171531049,6.5996474620498775,8.425704359563902
18324,Flooding Attack,0.7402869471533767,2.2326670421543566,-0.4777179437143898,0.7402869471533767,2.2326670421543566,-0.4777179437143898,2.9729539893077335,0.2625690034389869,1.7549490984399667,2.4952360455933436
16865,Flooding Attack,1.65780333369868,3.737007591755053,-0.7452860831899722,1.65780333369868,3.737007591755053,-0.7452860831899722,5.394810925453733,0.9125172505087077,2.991721508565081,4.6495248422637605
8378,Flooding Attack,0.1739565089368463,4.295884728514545,-0.4777179437143898,0.1739565089368463,4.295884728514545,-0.4777179437143898,4.469841237451391,-0.30376143477754347,3.818166784800155,3.992123293737001
8312,Flooding Attack,1.2565181649906747,3.7370159341125775,1.4944283329765993,1.2565181649906747,3.7370159341125775,1.4944283329765993,4.993534099103252,2.750946497967274,5.231444267089177,6.4879624320798515
17680,Flooding Attack,-0.7233807302296973,4.2705194031319165,1.4944283329765993,-0.7233807302296973,4.2705194031319165,1.4944283329765993,3.547138672902219,0.771047602746902,5.764947736108516,5.041567005878818
17042,Flooding Attack,-0.7233807302296973,-0.5237490153216525,1.4944283329765993,-0.7233807302296973,-0.5237490153216525,1.4944283329765993,-1.2471297455513497,0.771047602746902,0.9706793176549467,0.24729858742524957
17284,Flooding Attack,0.6871089510144405,4.015383521175675,-0.8666166030529321,0.6871089510144405,4.015383521175675,-0.8666166030529321,4.702492472190116,-0.17950765203849162,3.148766918122743,3.8358758691371837
16721,Flooding Attack,-2.2213597728198384,1.6235400524867094,1.4944283329765993,-2.2213597728198384,1.6235400524867094,1.4944283329765993,-0.597819720333129,-0.7269314398432392,3.1179683854633087,0.8966086126434702
16377,Flooding Attack,1.400377692968305,3.945634095345601,1.0120162434370015,1.400377692968305,3.945634095345601,1.0120162434370015,5.3460117883139056,2.4123939364053064,4.957650338782602,6.358028031750907
18180,Flooding Attack,1.9125223469206944,4.307434195057948,-0.8666166030529321,1.9125223469206944,4.307434195057948,-0.8666166030529321,6.219956541978643,1.0459057438677624,3.440817592005016,5.353339938925711
17074,Flooding Attack,-0.7938446609786921,0.6354014642333533,0.7072088459462127,-0.7938446609786921,0.6354014642333533,0.7072088459462127,-0.1584431967453388,-0.08663581503247941,1.3426103101795661,0.5487656492008739
18004,Flooding Attack,1.205007163216068,4.114205835091747,-0.4777179437143898,1.205007163216068,4.114205835091747,-0.4777179437143898,5.319212998307815,0.7272892195016781,3.636487891377357,4.841495054593426
16448,Flooding Attack,-0.7938446609786921,4.012771766772715,0.15277856459486114,-0.7938446609786921,4.012771766772715,0.15277856459486114,3.218927105794023,-0.6410660963838309,4.165550331367577,3.3717056703888844
8424,Flooding Attack,1.6372836109712419,1.7057457204665476,-0.8666166030529321,1.6372836109712419,1.7057457204665476,-0.8666166030529321,3.3430293314377897,0.7706670079183098,0.8391291174136155,2.4764127283848576
16346,Flooding Attack,1.6622845000390303,4.028318888371746,-0.6808939383461697,1.6622845000390303,4.028318888371746,-0.6808939383461697,5.690603388410776,0.9813905616928605,3.3474249500255757,5.009709450064606
18191,Flooding Attack,1.5821088837366375,4.078074864585782,-0.4777179437143898,1.5821088837366375,4.078074864585782,-0.4777179437143898,5.660183748322419,1.1043909400222476,3.6003569208713917,5.18246580460803
17599,Flooding Attack,0.39960457144828904,4.0052858996778165,-0.8666166030529321,0.39960457144828904,4.0052858996778165,-0.8666166030529321,4.404890471126105,-0.46701203160464305,3.1386692966248844,3.538273868073173
7506,Flooding Attack,0.6319505536848045,4.082692309324794,1.7783713787065036,0.6319505536848045,4.082692309324794,1.7783713787065036,4.7146428630095985,2.410321932391308,5.861063688031297,6.493014241716102
18067,Flooding Attack,1.4643889338654352,4.059696434964242,-0.4777179437143898,1.4643889338654352,4.059696434964242,-0.4777179437143898,5.524085368829677,0.9866709901510454,3.5819784912498522,5.046367425115288
18305,Flooding Attack,-0.7938446609786921,3.9440238197502637,-0.4777179437143898,-0.7938446609786921,3.9440238197502637,-0.4777179437143898,3.1501791587715715,-1.271562604693082,3.466305876035874,2.6724612150571816
17227,Flooding Attack,2.527013401937021,4.013266041778632,-0.8666166030529321,2.527013401937021,4.013266041778632,-0.8666166030529321,6.540279443715653,1.660396798884089,3.1466494387257,5.67366284066272
17484,Flooding Attack,1.6802790012837352,0.5807387815490377,0.2533402409644577,1.6802790012837352,0.5807387815490377,0.2533402409644577,2.2610177828327727,1.9336192422481928,0.8340790225134953,2.5143580237972305
17177,Flooding Attack,-0.7938446609786921,4.059696434964242,0.2974332218942897,-0.7938446609786921,4.059696434964242,0.2974332218942897,3.26585177398555,-0.4964114390844024,4.357129656858532,3.56328499587984
18074,Flooding Attack,-0.05901625013109652,3.9883737206062837,-0.8666166030529321,-0.05901625013109652,3.9883737206062837,-0.8666166030529321,3.9293574704751872,-0.9256328531840287,3.1217571175533516,3.062740867422255
16909,Flooding Attack,1.7885799073310293,4.001585431752836,-0.4777179437143898,1.7885799073310293,4.001585431752836,-0.4777179437143898,5.790165339083865,1.3108619636166394,3.5238674880384457,5.3124473953694755
17752,Flooding Attack,1.752809153333618,0.6742509115207241,1.0703514363888442,1.752809153333618,0.6742509115207241,1.0703514363888442,2.4270600648543423,2.8231605897224625,1.7446023479095683,3.4974115012431866
7565,Flooding Attack,0.787101875129313,-0.012245551060885764,1.4944283329765993,0.787101875129313,-0.012245551060885764,1.4944283329765993,0.7748563240684272,2.281530208105912,1.4821827819157134,2.2692846570450262
8220,Flooding Attack,2.607429870385553,5.6942764523286336,-0.8666166030529321,2.607429870385553,5.6942764523286336,-0.8666166030529321,8.301706322714187,1.740813267332621,4.827659849275701,7.435089719661255
18301,Flooding Attack,1.223611218574394,3.737015693800539,-0.8666166030529321,1.223611218574394,3.737015693800539,-0.8666166030529321,4.960626912374933,0.35699461552146183,2.870399090747607,4.094010309322002
16391,Flooding Attack,-1.3577257098006297,4.074253711445617,1.4944283329765993,-1.3577257098006297,4.074253711445617,1.4944283329765993,2.716528001644987,0.1367026231759696,5.568682044422216,4.210956334621587
8415,Flooding Attack,1.7061879095621466,4.8122573086551945,-0.4777179437143898,1.7061879095621466,4.8122573086551945,-0.4777179437143898,6.518445218217341,1.228469965847757,4.334539364940805,6.040727274502951
16875,Flooding Attack,1.7008583254556722,3.2732420829281814,-0.6782222343676251,1.7008583254556722,3.2732420829281814,-0.6782222343676251,4.974100408383854,1.0226360910880472,2.5950198485605562,4.295878174016229
8248,Flooding Attack,1.6407965047411004,5.693903032812022,-0.8666166030529321,1.6407965047411004,5.693903032812022,-0.8666166030529321,7.3346995375531225,0.7741799016881683,4.82728642975909,6.46808293450019
8246,Flooding Attack,0.7386795605175843,0.9223000282003687,-0.8666166030529321,0.7386795605175843,0.9223000282003687,-0.8666166030529321,1.660979588717953,-0.12793704253534777,0.05568342514743663,0.794362985665021
16585,Flooding Attack,1.6422979891424425,-0.1495225722216085,1.3306661873928785,1.6422979891424425,-0.1495225722216085,1.3306661873928785,1.492775416920834,2.9729641765353207,1.18114361517127,2.8234416043137127
7532,Flooding Attack,1.7768737900019171,4.0194503675930235,0.45853145455630534,1.7768737900019171,4.0194503675930235,0.45853145455630534,5.796324157594941,2.2354052445582226,4.477981822149329,6.254855612151246
16883,Flooding Attack,1.8150709267715714,4.084541474528947,-0.8666166030529321,1.8150709267715714,4.084541474528947,-0.8666166030529321,5.899612401300518,0.9484543237186394,3.2179248714760145,5.032995798247585
16399,Flooding Attack,1.813910094824852,4.142100124631039,0.13612580216176476,1.813910094824852,4.142100124631039,0.13612580216176476,5.956010219455891,1.950035896986617,4.278225926792803,6.092136021617655
7528,Flooding Attack,-0.10009448623257525,4.789697669607526,0.5327228161340898,-0.10009448623257525,4.789697669607526,0.5327228161340898,4.689603183374951,0.43262832990151456,5.322420485741616,5.2223259995090405
17332,Flooding Attack,1.6804294216216522,0.7858896196042205,1.4944283329765993,1.6804294216216522,0.7858896196042205,1.4944283329765993,2.466319041225873,3.1748577545982517,2.2803179525808197,3.960747374202472
17171,Flooding Attack,1.8465743622129662,4.467942735134907,-0.8666166030529321,1.8465743622129662,4.467942735134907,-0.8666166030529321,6.314517097347872,0.9799577591600341,3.6013261320819745,5.44790049429494
17435,Flooding Attack,-0.7233807302296973,4.860084128925649,-0.8666166030529321,-0.7233807302296973,4.860084128925649,-0.8666166030529321,4.136703398695952,-1.5899973332826294,3.9934675258727172,3.2700867956430195
17973,Flooding Attack,0.6871089510144405,3.897303737954811,0.32032393210583665,0.6871089510144405,3.897303737954811,0.32032393210583665,4.584412688969252,1.007432883120277,4.217627670060647,4.904736621075088
14371,Flooding Attack,1.2264042918702573,0.6284334642279006,-0.8101704269641786,1.2264042918702573,0.6284334642279006,-0.8101704269641786,1.854837756098158,0.4162338649060787,-0.18173696273627804,1.0446673291339792
17404,Flooding Attack,1.6581331021537884,4.026562196324351,-0.8666166030529321,1.6581331021537884,4.026562196324351,-0.8666166030529321,5.68469529847814,0.7915164991008563,3.1599455932714187,4.818078695425207
16920,Flooding Attack,1.5849984943030733,2.266691753176549,-0.13114612302972015,1.5849984943030733,2.266691753176549,-0.13114612302972015,3.851690247479622,1.453852371273353,2.135545630146829,3.7205441244499022
13996,Normal Traffic,0.43796749151392683,-0.8507305955707316,-0.8666166030529321,0.43796749151392683,-0.8507305955707316,-0.8666166030529321,-0.4127631040568048,-0.42864911153900526,-1.7173471986236637,-1.2793797071097368
9234,Normal Traffic,0.5652260084986062,0.06742317799979879,0.14866445707126785,0.5652260084986062,0.06742317799979879,0.14866445707126785,0.632649186498405,0.713890465569874,0.21608763507106665,0.7813136435696728
9000,Normal Traffic,0.8268546485702835,-0.8894827594200645,-0.8663763756845836,0.8268546485702835,-0.8894827594200645,-0.8663763756845836,-0.06262811084978104,-0.03952172711430013,-1.755859135104648,-0.9290044865343646
11004,Normal Traffic,-1.1637699622767643,-0.6051783592946799,-0.8666166030529321,-1.1637699622767643,-0.6051783592946799,-0.8666166030529321,-1.768948321571444,-2.0303865653296964,-1.4717949623476119,-2.635564924624376
11883,Normal Traffic,1.5512280434113808,1.3941944556216732,0.6379384540195777,1.5512280434113808,1.3941944556216732,0.6379384540195777,2.9454224990330538,2.1891664974309584,2.032132909641251,3.5833609530526314
11018,Normal Traffic,0.4755389774863378,1.4014485245658395,-0.020411347725925413,0.4755389774863378,1.4014485245658395,-0.020411347725925413,1.8769875020521773,0.4551276297604124,1.3810371768399141,1.856576154326252
9448,Normal Traffic,0.24781289789390976,1.0410014563035215,-0.8666166030529321,0.24781289789390976,1.0410014563035215,-0.8666166030529321,1.2888143541974313,-0.6188037051590223,0.1743848532505894,0.4221977511444992
14048,Normal Traffic,-2.2157278992178773,-0.38752334484868206,0.13956090330314333,-2.2157278992178773,-0.38752334484868206,0.13956090330314333,-2.603251244066559,-2.076166995914734,-0.24796244154553873,-2.463690340763416
9048,Normal Traffic,-0.8480133707900172,-0.4733741209777273,2.9575422913035547,-0.8480133707900172,-0.4733741209777273,2.9575422913035547,-1.3213874917677444,2.1095289205135375,2.4841681703258276,1.6361547995358103
13529,Normal Traffic,0.41881418771729867,0.010861981101410586,-0.8666166030529321,0.41881418771729867,0.010861981101410586,-0.8666166030529321,0.42967616881870924,-0.4478024153356334,-0.8557546219515215,-0.43694043423422285
10060,Normal Traffic,0.20045784774369466,2.5472833730538254,-0.8666166030529321,0.20045784774369466,2.5472833730538254,-0.8666166030529321,2.74774122079752,-0.6661587553092374,1.6806667700008933,1.8811246177445877
11415,Normal Traffic,0.12721411939985736,0.9209323784339127,2.638082464055812,0.12721411939985736,0.9209323784339127,2.638082464055812,1.04814649783377,2.7652965834556693,3.5590148424897246,3.686228961889582
9767,Normal Traffic,0.871740507086208,-0.5616483057538316,-0.8666166030529321,0.871740507086208,-0.5616483057538316,-0.8666166030529321,0.31009220133237636,0.0051239040332758945,-1.4282649088067636,-0.5565244017205557
9233,Normal Traffic,-0.8813340223246955,-0.42066766432815345,-0.8666166030529321,-0.8813340223246955,-0.42066766432815345,-0.8666166030529321,-1.302001686652849,-1.7479506253776276,-1.2872842673810856,-2.168618289705781
9711,Normal Traffic,0.3950236902901673,-0.8821153476857203,-0.7072266807953776,0.3950236902901673,-0.8821153476857203,-0.7072266807953776,-0.487091657395553,-0.31220299050521033,-1.589342028481098,-1.1943183381909306
14061,Normal Traffic,0.002772667074502051,-0.46886354120611884,-0.8666166030529321,0.002772667074502051,-0.46886354120611884,-0.8666166030529321,-0.46609087413161676,-0.86384393597843,-1.335480144259051,-1.3327074771845488
9574,Normal Traffic,-0.18611382092124337,-0.018436749320014913,-0.8666166030529321,-0.18611382092124337,-0.018436749320014913,-0.8666166030529321,-0.20455057024125828,-1.0527304239741755,-0.885053352372947,-1.0711671732941903
11858,Normal Traffic,-1.0614287110979674,-0.7527906039394646,-0.8666166030529321,-1.0614287110979674,-0.7527906039394646,-0.8666166030529321,-1.8142193150374322,-1.9280453141508995,-1.6194072069923968,-2.6808359180903643
8681,Normal Traffic,-0.8813340223246955,1.0432595338178852,-0.8666166030529321,-0.8813340223246955,1.0432595338178852,-0.8666166030529321,0.16192551149318968,-1.7479506253776276,0.17664293076495308,-0.7046910915597424
12372,Normal Traffic,-0.05947902262637231,-0.5767725347988948,1.3963802956234301,-0.05947902262637231,-0.5767725347988948,1.3963802956234301,-0.6362515574252671,1.3369012729970577,0.8196077608245353,0.7601287381981631
11827,Normal Traffic,-0.7233807302296973,-0.8894924970940602,1.4944283329765993,-0.7233807302296973,-0.8894924970940602,1.4944283329765993,-1.6128732273237576,0.771047602746902,0.6049358358825391,-0.11844489434715832
9817,Normal Traffic,0.28592153687653865,0.32021331385369745,-0.8666166030529321,0.28592153687653865,0.32021331385369745,-0.8666166030529321,0.6061348507302361,-0.5806950661763934,-0.5464032891992346,-0.260481752322696
9708,Normal Traffic,0.4428198427257049,-0.8894827594200645,0.8382249948620205,0.4428198427257049,-0.8894827594200645,0.8382249948620205,-0.4466629166943596,1.2810448375877255,-0.05125776455804398,0.3915620781676609
9485,Normal Traffic,0.1423360860879705,-0.8214261919428492,-0.07984426563228626,0.1423360860879705,-0.8214261919428492,-0.07984426563228626,-0.6790901058548786,0.06249182045568423,-0.9012704575751355,-0.7589343714871649
9256,Normal Traffic,-0.740859254042568,-0.5921621788033014,-0.8666166030529321,-0.740859254042568,-0.5921621788033014,-0.8666166030529321,-1.3330214328458694,-1.6074758570955001,-1.4587787818562334,-2.1996380358988015
11857,Normal Traffic,0.24803048582805257,-0.2812913422164024,-0.8666166030529321,0.24803048582805257,-0.2812913422164024,-0.8666166030529321,-0.03326085638834983,-0.6185861172248796,-1.1479079452693344,-0.899877459441282
13590,Normal Traffic,-0.8108700915757007,-0.8316864187706247,-0.7259692057892668,-0.8108700915757007,-0.8316864187706247,-0.7259692057892668,-1.6425565103463253,-1.5368392973649674,-1.5576556245598914,-2.368525716135592
9874,Normal Traffic,0.02656076821944301,-0.16313983139180388,0.1965075603304656,0.02656076821944301,-0.16313983139180388,0.1965075603304656,-0.13657906317236088,0.2230683285499086,0.03336772893866172,0.05992849715810472
11783,Normal Traffic,1.6260413506476974,0.00753017438837745,2.3484657163549243,1.6260413506476974,0.00753017438837745,2.3484657163549243,1.633571525036075,3.9745070670026217,2.355995890743302,3.9820372413909992
8680,Normal Traffic,-0.07558329002439994,-0.5865440152609207,0.11247643106828703,-0.07558329002439994,-0.5865440152609207,0.11247643106828703,-0.6621273052853206,0.03689314104388709,-0.4740675841926337,-0.5496508742170336
8964,Normal Traffic,0.14428749387934278,0.3063568621058721,1.1393522253331798,0.14428749387934278,0.3063568621058721,1.1393522253331798,0.4506443559852149,1.2836397192125226,1.445709087439052,1.5899965813183947
13554,Normal Traffic,0.5025392604296754,-0.25346709892795244,-0.11155822939541246,0.5025392604296754,-0.25346709892795244,-0.11155822939541246,0.249072161501723,0.39098103103426296,-0.3650253283233649,0.13751393210631055
10089,Normal Traffic,-0.7476638168522993,-0.6382689335579256,-0.8666166030529321,-0.7476638168522993,-0.6382689335579256,-0.8666166030529321,-1.385932750410225,-1.6142804199052314,-1.5048855366108578,-2.252549353463157
13298,Normal Traffic,1.0151546475351836,-0.6512923960882676,-0.8666166030529321,1.0151546475351836,-0.6512923960882676,-0.8666166030529321,0.363862251446916,0.1485380444822515,-1.5179089991411998,-0.5027543516060161
11175,Normal Traffic,1.1139804421352733,-0.6968598461600664,1.4944283329765993,1.1139804421352733,-0.6968598461600664,1.4944283329765993,0.4171205959752069,2.6084087751118723,0.7975684868165329,1.9115489289518062
10659,Normal Traffic,-0.8279364655107436,-0.8894908614655501,0.7404838132646575,-0.8279364655107436,-0.8894908614655501,0.7404838132646575,-1.7174273269762939,-0.08745265224608612,-0.1490070482008926,-0.9769435137116363
10107,Normal Traffic,0.5227037539802625,-0.14740003313784913,0.6539158052002904,0.5227037539802625,-0.14740003313784913,0.6539158052002904,0.37530372084241337,1.1766195591805528,0.5065157720624412,1.0292195260427037
8790,Normal Traffic,0.23396589124751765,0.08186138032746851,-0.8666166030529321,0.23396589124751765,0.08186138032746851,-0.8666166030529321,0.31582727157498613,-0.6326507118054144,-0.7847552227254636,-0.550789331477946
10947,Normal Traffic,-0.7390021808899554,0.2938173285892612,-0.8666166030529321,-0.7390021808899554,0.2938173285892612,-0.8666166030529321,-0.4451848523006942,-1.6056187839428875,-0.572799274463671,-1.3118014553536264
9659,Normal Traffic,-0.6472201448004687,0.10559408684938328,0.01060721084114312,-0.6472201448004687,0.10559408684938328,0.01060721084114312,-0.5416260579510854,-0.6366129339593256,0.1162012976905264,-0.5310188471099423
10677,Normal Traffic,-0.9155827477595392,1.0896645669689806,0.4816834812195157,-0.9155827477595392,1.0896645669689806,0.4816834812195157,0.17408181920944144,-0.4338992665400235,1.5713480481884963,0.6557653004289572
10574,Normal Traffic,-1.2249137974847772,0.4544233016368637,0.3212262336382328,-1.2249137974847772,0.4544233016368637,0.3212262336382328,-0.7704904958479135,-0.9036875638465445,0.7756495352750965,-0.4492642622096807
10691,Normal Traffic,1.0011948255329666,-0.7701006221890417,1.972486914530815,1.0011948255329666,-0.7701006221890417,1.972486914530815,0.23109420334392483,2.973681740063782,1.2023862923417732,2.20358111787474
11935,Normal Traffic,-0.7317144319610731,-0.8514233680630406,0.725865319136356,-0.7317144319610731,-0.8514233680630406,0.725865319136356,-1.5831378000241139,-0.005849112824717118,-0.12555804892668465,-0.8572724808877579
9704,Normal Traffic,-2.2213597728198384,-0.88948205920772,0.7925226070048911,-2.2213597728198384,-0.88948205920772,0.7925226070048911,-3.1108418320275586,-1.4288371658149472,-0.09695945220282898,-2.3183192250226674
10275,Normal Traffic,-1.2850073518632035,0.540737400135042,-0.8666166030529321,-1.2850073518632035,0.540737400135042,-0.8666166030529321,-0.7442699517281615,-2.1516239549161353,-0.3258792029178901,-1.6108865547810935
9228,Normal Traffic,0.2873357823735649,-0.6371692096246961,0.839364568325509,0.2873357823735649,-0.6371692096246961,0.839364568325509,-0.34983342725113126,1.1267003506990738,0.20219535870081284,0.48953114107437773
12525,Normal Traffic,2.1518508894427097,1.413295303151721,1.1387635948228712,2.1518508894427097,1.413295303151721,1.1387635948228712,3.5651461925944306,3.290614484265581,2.552058897974592,4.7039097874173015
11755,Normal Traffic,0.12806230805755633,-0.8894918989982663,-0.8666166030529321,0.12806230805755633,-0.8894918989982663,-0.8666166030529321,-0.7614295909407099,-0.7385542949953757,-1.7561085020511984,-1.628046193993642
9318,Normal Traffic,0.38219545410071265,-0.4205321432167246,-0.804544397959009,0.38219545410071265,-0.4205321432167246,-0.804544397959009,-0.03833668911601196,-0.42234894385829636,-1.2250765411757336,-0.842881087075021
9270,Normal Traffic,0.5753654902102866,-0.8758743930365397,-0.8666166030529321,0.5753654902102866,-0.8758743930365397,-0.8666166030529321,-0.3005089028262531,-0.2912511128426455,-1.7424909960894719,-1.1671255058791852
9743,Normal Traffic,0.19280844034699232,-0.6945809005357202,0.11677454762174463,0.19280844034699232,-0.6945809005357202,0.11677454762174463,-0.5017724601887279,0.30958298796873696,-0.5778063529139755,-0.38499791256698324
9118,Normal Traffic,0.09056892610519088,-0.42699981782138924,-0.8666166030529321,0.09056892610519088,-0.42699981782138924,-0.8666166030529321,-0.33643089171619833,-0.7760476769477412,-1.2936164208743213,-1.2030474947691303
10372,Normal Traffic,0.04798638197212142,0.3158105605851965,-0.8666166030529321,0.04798638197212142,0.3158105605851965,-0.8666166030529321,0.3637969425573179,-0.8186302210808106,-0.5508060424677356,-0.5028196604956141
10361,Normal Traffic,-1.2730061704050017,-0.88948205920772,2.601143186646539,-1.2730061704050017,-0.88948205920772,2.601143186646539,-2.162488229612722,1.3281370162415373,1.711661127438819,0.4386549570338172
10268,Normal Traffic,-0.056798094364705044,2.149252669361104,-0.8666166030529321,-0.056798094364705044,2.149252669361104,-0.8666166030529321,2.092454574996399,-0.9234146974176372,1.282636066308172,1.2258379719434669
14076,Normal Traffic,-0.8174273280037405,1.0437884641010653,-0.8040168664392557,-0.8174273280037405,1.0437884641010653,-0.8040168664392557,0.22636113609732478,-1.6214441944429963,0.23977159766180955,-0.577655730341931
11880,Normal Traffic,-0.5611950484231935,-0.08812613992152278,0.6477639820208181,-0.5611950484231935,-0.08812613992152278,0.6477639820208181,-0.6493211883447162,0.08656893359762463,0.5596378420992953,-0.0015572063238981082
11633,Normal Traffic,0.5739455327058225,-0.6335815277814192,0.13407604474095272,0.5739455327058225,-0.6335815277814192,0.13407604474095272,-0.05963599507559669,0.7080215774467752,-0.4995054830404665,0.07444004966535603
10216,Normal Traffic,0.2622896757476313,1.6632079936600481,-0.8666166030529321,0.2622896757476313,1.6632079936600481,-0.8666166030529321,1.9254976694076795,-0.6043269273053008,0.796591390607116,1.0588810663547474
10434,Normal Traffic,0.8085464500366354,2.722826503903283,0.14664534255663195,0.8085464500366354,2.722826503903283,0.14664534255663195,3.5313729539399183,0.9551917925932674,2.869471846459915,3.67801829649655
9427,Normal Traffic,-0.7018475215861258,-0.8894908614655501,0.28580318367297686,-0.7018475215861258,-0.8894908614655501,0.28580318367297686,-1.591338383051676,-0.416044337913149,-0.6036876777925733,-1.3055351993786992
13906,Normal Traffic,0.8585907246431893,-0.8894837282343722,0.13221593154254443,0.8585907246431893,-0.8894837282343722,0.13221593154254443,-0.030893003591182855,0.9908066561857337,-0.7572677966918278,0.10132292795136158
11966,Normal Traffic,0.16415909038620122,1.018393127501353,0.6577612672376024,0.16415909038620122,1.018393127501353,0.6577612672376024,1.182552217887554,0.8219203576238037,1.6761543947389552,1.8403134851251566
13849,Normal Traffic,-0.4446421991798038,1.918941851350128,-0.561198416811647,-0.4446421991798038,1.918941851350128,-0.561198416811647,1.4742996521703242,-1.0058406159914508,1.357743434538481,0.9131012353586773
11397,Normal Traffic,1.6398397973377106,1.3064523492950528,-0.8666166030529321,1.6398397973377106,1.3064523492950528,-0.8666166030529321,2.9462921466327634,0.7732231942847785,0.43983574624212074,2.0796755435798313
9675,Normal Traffic,-2.2213597728198384,1.0432595338178852,-0.5354700841861656,-2.2213597728198384,1.0432595338178852,-0.5354700841861656,-1.1781002390019533,-2.756829857006004,0.5077894496317196,-1.7135703231881187
9971,Normal Traffic,0.6713937438185009,-0.88948205920772,-0.8666166030529321,0.6713937438185009,-0.88948205920772,-0.8666166030529321,-0.21808831538921913,-0.19522285923443117,-1.7560986622606523,-1.0847049184421511
10996,Normal Traffic,0.7990274530415507,-0.6051783592946799,1.3355285395891754,0.7990274530415507,-0.6051783592946799,1.3355285395891754,0.19384909374687076,2.134555992630726,0.7303501802944955,1.529377633336046
10847,Normal Traffic,1.0446600662758998,1.2848645479671204,1.4944283329765993,1.0446600662758998,1.2848645479671204,1.4944283329765993,2.32952461424302,2.539088399252499,2.7792928809437196,3.8239529472196194
10873,Normal Traffic,0.5549191591623867,-0.8894837282343722,0.3538015886753457,0.5549191591623867,-0.8894837282343722,0.3538015886753457,-0.3345645690719855,0.9087207478377324,-0.5356821395590264,0.019237019603360217
11768,Normal Traffic,-0.8108700915757007,-0.7415732957667536,-0.8666166030529321,-0.8108700915757007,-0.7415732957667536,-0.8666166030529321,-1.5524433873424544,-1.6774866946286329,-1.6081898988196857,-2.4190599903953864
12704,Normal Traffic,-0.0686698881180386,1.7988038323292204,0.29679386071969466,-0.0686698881180386,1.7988038323292204,0.29679386071969466,1.7301339442111818,0.22812397260165607,2.095597693048915,2.0269278049308763
11717,Normal Traffic,1.2741561582105547,-0.8894818289150174,-0.04270044342297772,1.2741561582105547,-0.8894818289150174,-0.04270044342297772,0.38467432929553735,1.231455714787577,-0.9321822723379951,0.3419738858725596
9076,Normal Traffic,-2.1671886149372797,0.06645266657216653,-0.8666166030529321,-2.1671886149372797,0.06645266657216653,-0.8666166030529321,-2.100735948365113,-3.0338052179902117,-0.8001639364807656,-2.967352551418045
11637,Normal Traffic,0.20884725749408806,-0.6372162369099192,1.4944283329765993,0.20884725749408806,-0.6372162369099192,1.4944283329765993,-0.4283689794158312,1.7032755904706873,0.85721209606668,1.066059353560768
9778,Normal Traffic,0.13452526047920185,-0.05863388557804448,-0.8666166030529321,0.13452526047920185,-0.05863388557804448,-0.8666166030529321,0.07589137490115738,-0.7320913425737302,-0.9252504886309766,-0.7907252281517747
11413,Normal Traffic,0.49671555622344876,-0.8394344800549475,-0.8666166030529321,0.49671555622344876,-0.8394344800549475,-0.8666166030529321,-0.3427189238314987,-0.3699010468294833,-1.7060510831078797,-1.2093355268844308
11419,Normal Traffic,-0.7613327068300113,-0.8894837282343722,1.6940163779430975,-0.7613327068300113,-0.8894837282343722,1.6940163779430975,-1.6508164350643835,0.9326836711130861,0.8045326497087253,0.04319994287871398
13777,Normal Traffic,-0.7090858838282807,-0.5208788905798977,1.9865750241786104,-0.7090858838282807,-0.5208788905798977,1.9865750241786104,-1.2299647744081783,1.2774891403503297,1.4656961335987129,0.7566102497704321
13818,Normal Traffic,1.4291642598882663,0.3256790179962341,-0.8666166030529321,1.4291642598882663,0.3256790179962341,-0.8666166030529321,1.7548432778845005,0.5625476568353343,-0.540937585056698,0.8882266748315684
9859,Normal Traffic,0.23627629019845484,-0.6113062830859299,0.21429657725346085,0.23627629019845484,-0.6113062830859299,0.21429657725346085,-0.37502999288747507,0.4505728674519157,-0.3970097058324691,-0.16073341563401422
10236,Normal Traffic,0.2392720172541392,4.266267032518882,0.22048070877731213,0.2392720172541392,4.266267032518882,0.22048070877731213,4.505539049773021,0.45975272603145134,4.486747741296194,4.726019758550333
10596,Normal Traffic,0.7503152257378416,-0.5246858035538132,1.4944283329765993,0.7503152257378416,-0.5246858035538132,1.4944283329765993,0.22562942218402837,2.2447435587144406,0.969742529422786,1.7200577551606275
10939,Normal Traffic,-0.9056239443162946,0.24985457425132762,-0.8666166030529321,-0.9056239443162946,0.24985457425132762,-0.8666166030529321,-0.6557693700649669,-1.7722405473692266,-0.6167620288016045,-1.522385973117899
13873,Normal Traffic,-1.7318197212317308,-0.710780107923856,-0.2336331327401999,-1.7318197212317308,-0.710780107923856,-0.2336331327401999,-2.442599829155587,-1.9654528539719307,-0.944413240664056,-2.6762329618957867
13476,Normal Traffic,-0.26717801457709617,-0.8274817638813402,1.8829026450114348,-0.26717801457709617,-0.8274817638813402,1.8829026450114348,-1.0946597784584364,1.6157246304343387,1.0554208811300945,0.7882428665529984
12250,Normal Traffic,0.23391478509786395,-0.050315449381709246,0.9649864561083338,0.23391478509786395,-0.050315449381709246,0.9649864561083338,0.18359933571615472,1.1989012412061977,0.9146710067266245,1.1485857918244884
13598,Normal Traffic,1.6196449568706188,-0.807072602057988,-0.8666166030529321,1.6196449568706188,-0.807072602057988,-0.8666166030529321,0.8125723548126308,0.7530283538176867,-1.6736892051109202,-0.054044248240301296
13752,Normal Traffic,0.11704350785140989,0.32313339932993956,0.32498698062494585,0.11704350785140989,0.32313339932993956,0.32498698062494585,0.44017690718134944,0.44203048847635573,0.6481203799548854,0.7651638878062953
10040,Normal Traffic,-0.023172392376024125,0.4794831336234857,-0.8666166030529321,-0.023172392376024125,0.4794831336234857,-0.8666166030529321,0.45631074124746157,-0.8897889954289562,-0.3871334694294464,-0.4103058618054705
13132,Normal Traffic,2.0040755325655315,0.30869556709995094,0.7027622600966873,2.0040755325655315,0.30869556709995094,0.7027622600966873,2.3127710996654827,2.7068377926622187,1.0114578271966383,3.01553335976217
13785,Normal Traffic,0.10612723155870345,-0.7016074200294428,-0.8666166030529321,0.10612723155870345,-0.7016074200294428,-0.8666166030529321,-0.5954801884707394,-0.7604893714942287,-1.568224023082375,-1.4620967915236713
10764,Normal Traffic,1.270555389677789,-0.8894908614655501,0.12892589724944462,1.270555389677789,-0.8894908614655501,0.12892589724944462,0.3810645282122389,1.3994812869272337,-0.7605649642161055,0.5099904254616835
11994,Normal Traffic,1.5892845619704896,-0.5965950981707387,-0.8666166030529321,1.5892845619704896,-0.5965950981707387,-0.8666166030529321,0.9926894637997509,0.7226679589175575,-1.463211701223671,0.12607286074681878
11112,Normal Traffic,1.5584151436116493,-0.8820713341787798,0.24838056064575534,1.5584151436116493,-0.8820713341787798,0.24838056064575534,0.6763438094328695,1.8067957042574048,-0.6336907735330245,0.9247243700786248
10016,Normal Traffic,-0.04615530759728989,0.679929107246185,-0.8666166030529321,-0.04615530759728989,0.679929107246185,-0.8666166030529321,0.6337737996488951,-0.912771910650222,-0.18668749580674704,-0.23284280340403696
13694,Normal Traffic,-2.068363923775813,0.31485285372735655,1.4944283329765993,-2.068363923775813,0.31485285372735655,1.4944283329765993,-1.7535110700484564,-0.5739355907992136,1.8092811867039558,-0.25908273707185714
9699,Normal Traffic,-1.4827768676079558,1.0566970760967427,0.09804418248248474,-1.4827768676079558,1.0566970760967427,0.09804418248248474,-0.4260797915112131,-1.384732685125471,1.1547412585792274,-0.32803560902872836
12545,Normal Traffic,2.173370397750829,0.06581950156712182,1.4647063199912584,2.173370397750829,0.06581950156712182,1.4647063199912584,2.239189899317951,3.6380767177420874,1.5305258215583804,3.7038962193092093
10356,Normal Traffic,1.0691043049115592,1.3045664474682033,0.27294718165095366,1.0691043049115592,1.3045664474682033,0.27294718165095366,2.3736707523797627,1.3420514865625128,1.577513629119157,2.6466179340307163
13141,Normal Traffic,2.366244842038204,-0.8820713341787798,-0.8666166030529321,2.366244842038204,-0.8820713341787798,-0.8666166030529321,1.4841735078594243,1.499628238985272,-1.748687937231712,0.6175569048064922
9689,Normal Traffic,-1.3481473820356593,-0.3933409366782571,-0.8666166030529321,-1.3481473820356593,-0.3933409366782571,-0.8666166030529321,-1.7414883187139165,-2.2147639850885916,-1.259957539731189,-2.6081049217668486
10937,Normal Traffic,0.19424790808940823,-0.5457172028669236,-0.8666166030529321,0.19424790808940823,-0.5457172028669236,-0.8666166030529321,-0.3514692947775154,-0.6723686949635239,-1.4123338059198556,-1.2180858978304474
10538,Normal Traffic,-2.291823703568833,-0.18243417721760394,0.998413203648004,-2.291823703568833,-0.18243417721760394,0.998413203648004,-2.474257880786437,-1.293410499920829,0.8159790264304001,-1.4758446771384328
10466,Normal Traffic,-0.5394389439266785,-0.17730042285790848,-0.8666166030529321,-0.5394389439266785,-0.17730042285790848,-0.8666166030529321,-0.7167393667845869,-1.4060555469796105,-1.0439170259108406,-1.583355969837519
9229,Normal Traffic,0.9003768436790744,0.2789625406164493,-0.8666166030529321,0.9003768436790744,0.2789625406164493,-0.8666166030529321,1.1793393842955238,0.03376024062614236,-0.5876540624364828,0.3127227812425917
11456,Normal Traffic,-0.36536303015796234,-0.5143368766766345,1.214244289928488,-0.36536303015796234,-0.5143368766766345,1.214244289928488,-0.8796999068345969,0.8488812597705256,0.6999074132518535,0.3345443830938911
9232,Normal Traffic,1.1804968783182295,1.2959976899870187,0.39211517681565444,1.1804968783182295,1.2959976899870187,0.39211517681565444,2.476494568305248,1.572612055133884,1.688112866802673,2.8686097451209025
10925,Normal Traffic,1.4743908421229668,-0.563755636799376,-0.8666166030529321,1.4743908421229668,-0.563755636799376,-0.8666166030529321,0.9106352053235908,0.6077742390700347,-1.430372239852308,0.04401860227065868
11772,Normal Traffic,-1.8706847349213176,0.18065351139838562,-0.8666166030529321,-1.8706847349213176,0.18065351139838562,-0.8666166030529321,-1.690031223522932,-2.73730133797425,-0.6859630916545465,-2.556647826575864
11226,Normal Traffic,-0.4446421991798038,-0.20771652818734057,1.4944283329765993,-0.4446421991798038,-0.20771652818734057,1.4944283329765993,-0.6523587273671444,1.0497861337967955,1.2867118047892587,0.8420696056094549
8698,Normal Traffic,-2.2213597728198384,1.410030941639224,-0.8666166030529321,-2.2213597728198384,1.410030941639224,-0.8666166030529321,-0.8113288311806144,-3.0879763758727705,0.543414338586292,-1.6779454342335465
9726,Normal Traffic,0.3570799494084967,-0.8894825191080263,1.0140642228040155,0.3570799494084967,-0.8894825191080263,1.0140642228040155,-0.5324025696995296,1.3711441722125122,0.1245817036959892,0.48166165310448594
13994,Normal Traffic,1.298701359933645,-0.8894827594200645,0.1834204753868669,1.298701359933645,-0.8894827594200645,0.1834204753868669,0.4092186005135805,1.482121835320512,-0.7060622840331976,0.5926390759004474
14013,Normal Traffic,0.09055061141794771,1.092314511393097,-0.8666166030529321,0.09055061141794771,1.092314511393097,-0.8666166030529321,1.1828651228110447,-0.7760659916349844,0.2256979083401649,0.31624851975811263
12273,Normal Traffic,-0.08849328113846981,1.2946438322753646,0.3178297632097943,-0.08849328113846981,1.2946438322753646,0.3178297632097943,1.2061505511368948,0.22933648207132445,1.612473595485159,1.523980314346689
9586,Normal Traffic,-0.7404014490685744,-0.4199325135753557,-0.8666166030529321,-0.7404014490685744,-0.4199325135753557,-0.8666166030529321,-1.1603339626439302,-1.6070180521215065,-1.2865491166282879,-2.026950565696862
11325,Normal Traffic,-0.941650239069561,0.06565798010380963,1.4944283329765993,-0.941650239069561,0.06565798010380963,1.4944283329765993,-0.8759922589657514,0.5527780939070382,1.5600863130804088,0.6184360740108479
10247,Normal Traffic,0.15634362256484685,-0.8894908614655501,-0.8666166030529321,0.15634362256484685,-0.8894908614655501,-0.8666166030529321,-0.7331472389007032,-0.7102729804880852,-1.7561074645184822,-1.5997638419536353
13701,Normal Traffic,-2.2567518259714485,-0.7641971440262907,1.8392774159109313,-2.2567518259714485,-0.7641971440262907,1.8392774159109313,-3.020948969997739,-0.4174744100605172,1.0750802718846406,-1.181671554086808
11261,Normal Traffic,1.8124586343255866,-0.4619413839093778,1.4944283329765993,1.8124586343255866,-0.4619413839093778,1.4944283329765993,1.3505172504162088,3.306886967302186,1.0324869490672215,2.844945583392808
10940,Normal Traffic,0.14555646871710734,1.3973761759731145,-0.8666166030529321,0.14555646871710734,1.3973761759731145,-0.8666166030529321,1.5429326446902218,-0.7210601343358247,0.5307595729201824,0.6763160416372898
8744,Normal Traffic,-0.7457649511482184,-0.5625344214164533,1.2587671333756725,-0.7457649511482184,-0.5625344214164533,1.2587671333756725,-1.3082993725646717,0.5130021822274541,0.6962327119592192,-0.04953223918899918
12752,Normal Traffic,0.09304627821105746,0.17455770310890137,-0.7169342665119558,0.09304627821105746,0.17455770310890137,-0.7169342665119558,0.26760398131995883,-0.6238879883008983,-0.5423765634030544,-0.44933028519199697
11723,Normal Traffic,0.0023059020846772195,-0.39940946534280075,-0.04113710627197258,0.0023059020846772195,-0.39940946534280075,-0.04113710627197258,-0.3971035632581235,-0.03883120418729536,-0.44054657161477334,-0.4382406695300961
11868,Normal Traffic,-2.2213597728198384,-0.5419399857250483,-0.8666166030529321,-2.2213597728198384,-0.5419399857250483,-0.8666166030529321,-2.763299758544887,-3.0879763758727705,-1.4085565887779805,-3.629916361597819
14044,Normal Traffic,0.2691947307269453,1.6727018873925006,-0.8666166030529321,0.2691947307269453,1.6727018873925006,-0.8666166030529321,1.941896618119446,-0.5974218723259868,0.8060852843395685,1.0752800150665138
10128,Normal Traffic,-0.9634783620236905,-0.4199325135753557,-0.8666166030529321,-0.9634783620236905,-0.4199325135753557,-0.8666166030529321,-1.3834108755990462,-1.8300949650766225,-1.2865491166282879,-2.2500274786519783
11078,Normal Traffic,2.6048670440485635,-0.8894827594200645,1.4944283329765993,2.6048670440485635,-0.8894827594200645,1.4944283329765993,1.715384284628499,4.099295377025163,0.6049455735565348,3.209812617605098
12720,Normal Traffic,1.1574467693140207,-0.503140770627073,1.8545874196232321,1.1574467693140207,-0.503140770627073,1.8545874196232321,0.6543059986869477,3.012034188937253,1.3514466489961592,2.50889341831018
13833,Normal Traffic,-1.2548052981213884,-0.4155160985986095,-0.8666166030529321,-1.2548052981213884,-0.4155160985986095,-0.8666166030529321,-1.670321396719998,-2.1214219011743207,-1.2821327016515416,-2.53693799977293
13966,Normal Traffic,0.1188608587708974,-0.8894908614655501,0.4429037157178317,0.1188608587708974,-0.8894908614655501,0.4429037157178317,-0.7706300026946528,0.5617645744887291,-0.4465871457477184,-0.32772628697682105
13624,Normal Traffic,1.6551170497873937,-0.5891151071165243,-0.8666166030529321,1.6551170497873937,-0.5891151071165243,-0.8666166030529321,1.0660019426708693,0.7885004467344616,-1.4557317101694562,0.19938533961793725
9783,Normal Traffic,-0.9413651634955847,1.4138210032505307,-0.8666166030529321,-0.9413651634955847,1.4138210032505307,-0.8666166030529321,0.472455839754946,-1.807981766548517,0.5472044001975986,-0.3941607632979861
12888,Normal Traffic,1.626992096434937,0.7226995007735171,0.5948097609857991,1.626992096434937,0.7226995007735171,0.5948097609857991,2.349691597208454,2.221801857420736,1.3175092617593163,2.944501358194253
10414,Normal Traffic,0.13063413794503145,2.5637891086048343,-0.8666166030529321,0.13063413794503145,2.5637891086048343,-0.8666166030529321,2.694423246549866,-0.7359824651079007,1.6971725055519022,1.8278066434969338
11375,Normal Traffic,-0.7018475215861258,1.0871114162756566,0.00340712842413714,-0.7018475215861258,1.0871114162756566,0.00340712842413714,0.3852638946895307,-0.6984403931619887,1.0905185446997936,0.38867102311366786
9161,Normal Traffic,0.24433034047378205,-0.5108957655417241,-0.8666166030529321,0.24433034047378205,-0.5108957655417241,-0.8666166030529321,-0.26656542506794206,-0.6222862625791501,-1.3775123685946562,-1.1331820281208742
10069,Normal Traffic,-0.844987908428521,3.6271922656331705,-0.8666166030529321,-0.844987908428521,3.6271922656331705,-0.8666166030529321,2.7822043572046495,-1.711604511481453,2.7605756625802385,1.9155877541517174
11138,Normal Traffic,-2.2213597728198384,1.0302450437282593,1.4944283329765993,-2.2213597728198384,1.0302450437282593,1.4944283329765993,-1.1911147290915791,-0.7269314398432392,2.5246733767048584,0.30331360388502016
8805,Normal Traffic,-0.32139608470256964,-0.2566333905704534,-0.8666166030529321,-0.32139608470256964,-0.2566333905704534,-0.8666166030529321,-0.5780294752730231,-1.1880126877555017,-1.1232499936233855,-1.4446460783259552
11418,Normal Traffic,-1.3524967346807353,-0.5287070523510782,-0.8666166030529321,-1.3524967346807353,-0.5287070523510782,-0.8666166030529321,-1.8812037870318135,-2.2191133377336674,-1.3953236554040103,-2.7478203900847458
10357,Normal Traffic,-1.0295355194380804,1.0896645669689806,-0.06450380415221611,-1.0295355194380804,1.0896645669689806,-0.06450380415221611,0.060129047530900204,-1.0940393235902965,1.0251607628167645,-0.004374756621315909
12513,Normal Traffic,-0.9583832706879845,-0.8442235028401452,0.28107280054625383,-0.9583832706879845,-0.8442235028401452,0.28107280054625383,-1.8026067735281297,-0.6773104701417306,-0.5631507022938914,-1.5215339729818758
12708,Normal Traffic,0.5631818945457667,-0.0657213963894061,-0.44646719812976177,0.5631818945457667,-0.0657213963894061,-0.44646719812976177,0.4974604981563606,0.11671469641600496,-0.5121885945191679,0.05099330002659885
11869,Normal Traffic,1.305859812449209,-0.696622544844194,-0.8666166030529321,1.305859812449209,-0.696622544844194,-0.8666166030529321,0.609237267605015,0.4392432093962768,-1.563239147897126,-0.25737933544791713
12307,Normal Traffic,-1.6875930676584638,-0.88948205920772,1.2340414622738374,-1.6875930676584638,-0.88948205920772,1.2340414622738374,-2.577075126866184,-0.45355160538462647,0.3445594030661173,-1.3430336645923466
9018,Normal Traffic,0.06732472638691611,-0.8894824359042157,0.8614815147372932,0.06732472638691611,-0.8894824359042157,0.8614815147372932,-0.8221577095172996,0.9288062411242093,-0.028000921166922543,0.03932380521999357
10885,Normal Traffic,0.7071465087997456,-0.8894825191080263,1.2431383811019145,0.7071465087997456,-0.8894825191080263,1.2431383811019145,-0.18233601030828073,1.9502848899016603,0.3536558619938882,1.0608023707936338
9276,Normal Traffic,-0.07940673883415883,-0.4715081174994898,-0.8666166030529321,-0.07940673883415883,-0.4715081174994898,-0.8666166030529321,-0.5509148563336486,-0.9460233418870909,-1.3381247205524218,-1.4175314593865807
9642,Normal Traffic,-0.12884360127670244,-0.6171042335657426,-0.8666166030529321,-0.12884360127670244,-0.6171042335657426,-0.8666166030529321,-0.7459478348424451,-0.9954602043296346,-1.4837208366186747,-1.6125644378953772
9981,Normal Traffic,0.06272956780071366,-0.8821153476857203,-0.4777179437143898,0.06272956780071366,-0.8821153476857203,-0.4777179437143898,-0.8193857798850066,-0.41498837591367616,-1.3598332914001101,-1.2971037235993963
11565,Normal Traffic,-0.9964410059538545,-0.057415380007207584,-0.852797518426536,-0.9964410059538545,-0.057415380007207584,-0.852797518426536,-1.0538563859610621,-1.8492385243803904,-0.9102128984337435,-1.906653904387598
13866,Normal Traffic,0.26414949003227856,-0.5419770768964429,-0.5447726945716402,0.26414949003227856,-0.5419770768964429,-0.5447726945716402,-0.27782758686416437,-0.2806232045393617,-1.0867497714680832,-0.8226002814358047
10178,Normal Traffic,0.5204112804274268,2.231763044891494,-0.3528197125082995,0.5204112804274268,2.231763044891494,-0.3528197125082995,2.752174325318921,0.16759156791912727,1.8789433323831946,2.399354612810621
12551,Normal Traffic,-0.8108700915757007,-0.88948205920772,2.157004189130885,-0.8108700915757007,-0.88948205920772,2.157004189130885,-1.7003521507834207,1.346134097555184,1.2675221299231647,0.45665203834746415
8711,Normal Traffic,1.0692699052431323,-0.5218075445796798,0.5738139680230684,1.0692699052431323,-0.5218075445796798,0.5738139680230684,0.5474623606634524,1.6430838732662005,0.05200642344338857,1.1212763286865208
9387,Normal Traffic,-0.8988062643609898,1.0211809556856157,-0.19752921316535982,-0.8988062643609898,1.0211809556856157,-0.19752921316535982,0.12237469132462597,-1.0963354775263496,0.8236517425202559,-0.07515452184073385
13511,Normal Traffic,-0.0899855262598015,-0.024938930297443346,0.09762537578968199,-0.0899855262598015,-0.024938930297443346,0.09762537578968199,-0.11492445655724484,0.007639849529880491,0.07268644549223864,-0.017299080767562855
11166,Normal Traffic,1.8736533959179948,-0.4205321432167246,-0.8666166030529321,1.8736533959179948,-0.4205321432167246,-0.8666166030529321,1.4531212527012702,1.0070367928650628,-1.2871487462696567,0.5865046496483381
13990,Normal Traffic,0.6084465433338285,0.9536821966632233,-0.8666166030529321,0.6084465433338285,0.9536821966632233,-0.8666166030529321,1.5621287399970518,-0.25817005971910356,0.0870655936102912,0.6955121369441197
8608,Normal Traffic,0.5403917483499323,-0.8894825191080263,-0.8666166030529321,0.5403917483499323,-0.8894825191080263,-0.8666166030529321,-0.349090770758094,-0.3262248547029998,-1.7560991221609585,-1.2157073738110262
8792,Normal Traffic,-2.2213597728198384,-0.88948205920772,0.29307648955879406,-2.2213597728198384,-0.88948205920772,0.29307648955879406,-3.1108418320275586,-1.9282832832610444,-0.596405569648926,-2.8177653424687645
10661,Normal Traffic,1.197518799998656,-0.6017519790456414,0.5143981725040851,1.197518799998656,-0.6017519790456414,0.5143981725040851,0.5957668209530147,1.7119169725027412,-0.08735380654155622,1.1101649934570998
9838,Normal Traffic,0.3930891655260682,-0.01081022048191962,0.3235372806810792,0.3930891655260682,-0.01081022048191962,0.3235372806810792,0.3822789450441486,0.7166264462071474,0.3127270601991596,0.7058162257252278
9130,Normal Traffic,-0.6043992855451278,-0.8894918989982663,1.8668706949716225,-0.6043992855451278,-0.8894918989982663,1.8668706949716225,-1.493891184543394,1.2624714094264946,0.9773787959733562,0.3729795104282285
9824,Normal Traffic,0.05939461557660295,-0.8820713341787798,2.7804359959356066,0.05939461557660295,-0.8820713341787798,2.7804359959356066,-0.8226767186021768,2.8398306115122094,1.8983646617568268,1.9577592773334298
13662,Normal Traffic,1.6791011669474527,-0.39109983537695686,-0.024157234825867097,1.6791011669474527,-0.39109983537695686,-0.024157234825867097,1.288001331570496,1.6549439321215855,-0.415257070202824,1.2638440967446287
12928,Normal Traffic,1.5951252929059538,-0.7765626549084025,-0.8666166030529321,1.5951252929059538,-0.7765626549084025,-0.8666166030529321,0.8185626379975514,0.7285086898530218,-1.6431792579613345,-0.04805396505538073
10666,Normal Traffic,-2.2213597728198384,-0.5865440147272225,1.4944283329765993,-2.2213597728198384,-0.5865440147272225,1.4944283329765993,-2.807903787547061,-0.7269314398432392,0.9078843182493768,-1.3134754545704617
10222,Normal Traffic,-1.32284926233748,2.4921601346043656,-0.8666166030529321,-1.32284926233748,2.4921601346043656,-0.8666166030529321,1.1693108722668857,-2.189465865390412,1.6255435315514335,0.3026942692139536
9591,Normal Traffic,0.6708272828252437,0.07739267056839372,-0.8666166030529321,0.6708272828252437,0.07739267056839372,-0.8666166030529321,0.7482199533936374,-0.19578932022768836,-0.7892239324845384,-0.11839664965929464
8747,Normal Traffic,-0.9075897205703646,1.0432595338178852,-0.4461152861671173,-0.9075897205703646,1.0432595338178852,-0.4461152861671173,0.1356698132475206,-1.3537050067374818,0.5971442476507678,-0.31044547291959673
12573,Normal Traffic,-0.6249732160831519,-0.42784653467514955,-0.8666166030529321,-0.6249732160831519,-0.42784653467514955,-0.8666166030529321,-1.0528197507583015,-1.4915898191360841,-1.2944631377280817,-1.9194363538112336
13499,Normal Traffic,-0.20691822700476153,-0.5052455739738914,-0.8666166030529321,-0.20691822700476153,-0.5052455739738914,-0.8666166030529321,-0.7121638009786528,-1.0735348300576937,-1.3718621770268236,-1.578780404031585
10330,Normal Traffic,0.5080726792313326,-0.38832814315710434,-0.8666166030529321,0.5080726792313326,-0.38832814315710434,-0.8666166030529321,0.11974453607422825,-0.3585439238215995,-1.2549447462100365,-0.7468720669787039
13358,Normal Traffic,0.8555009471128315,-0.4704280630208567,-0.8666166030529321,0.8555009471128315,-0.4704280630208567,-0.8666166030529321,0.3850728840919748,-0.011115655940100555,-1.3370446660737887,-0.48154371896095727
9046,Normal Traffic,0.0023103723864128347,-0.5667259582083916,-0.4788667795041708,0.0023103723864128347,-0.5667259582083916,-0.4788667795041708,-0.5644155858219787,-0.47655640711775793,-1.0455927377125622,-1.0432823653261494
11006,Normal Traffic,-0.01613062697860239,-0.8894918989982663,-0.8666166030529321,-0.01613062697860239,-0.8894918989982663,-0.8666166030529321,-0.9056225259768687,-0.8827472300315344,-1.7561085020511984,-1.7722391290298007
13817,Normal Traffic,0.34254132257970565,-0.7244238100404718,-0.8666166030529321,0.34254132257970565,-0.7244238100404718,-0.8666166030529321,-0.3818824874607662,-0.5240752804732265,-1.591040413093404,-1.2484990905136983
11137,Normal Traffic,-0.015064076757547893,-0.39940946534280075,-0.8666166030529321,-0.015064076757547893,-0.39940946534280075,-0.8666166030529321,-0.41447354210034865,-0.8816806798104799,-1.2660260683957327,-1.2810901451532808
8913,Normal Traffic,0.06929414042918396,-0.8492021684235226,0.11750771866443813,0.06929414042918396,-0.8492021684235226,0.11750771866443813,-0.7799080279943387,0.18680185909362207,-0.7316944497590845,-0.6624003093299006
9079,Normal Traffic,0.12059542863220396,-0.5848468379607955,-0.8666166030529321,0.12059542863220396,-0.5848468379607955,-0.8666166030529321,-0.46425140932859155,-0.7460211744207281,-1.4514634410137277,-1.3308680123815235
10305,Normal Traffic,0.12830926222485228,-0.4192568438001422,0.6363984146868406,0.12830926222485228,-0.4192568438001422,0.6363984146868406,-0.29094758157528994,0.7647076769116928,0.21714157088669833,0.3454508331115506
9450,Normal Traffic,0.5465437619721653,0.0067450048575130785,-0.8666166030529321,0.5465437619721653,0.0067450048575130785,-0.8666166030529321,0.5532887668296783,-0.32007284108076683,-0.859871598195419,-0.3133278362232538
11092,Normal Traffic,0.9907789132087987,-0.5809895289086098,1.4944283329765993,0.9907789132087987,-0.5809895289086098,1.4944283329765993,0.40978938430018896,2.4852072461853982,0.9134388040679895,1.9042177172767882
12560,Normal Traffic,-1.229701029283621,-0.3694881186862982,0.20143598458447484,-1.229701029283621,-0.3694881186862982,0.20143598458447484,-1.5991891479699192,-1.0282650446991461,-0.16805213410182337,-1.3977531633854443
9865,Normal Traffic,-0.7533688939628571,-0.6051783592946799,1.5288394039999178,-0.7533688939628571,-0.6051783592946799,1.5288394039999178,-1.358547253257537,0.7754705100370607,0.9236610447052379,0.1702921507423809
11209,Normal Traffic,-0.7041009598272717,-0.3850327299526965,0.2998804150590623,-0.7041009598272717,-0.3850327299526965,0.2998804150590623,-1.0891336897799682,-0.4042205447682094,-0.08515231489363417,-0.7892532747209058
12730,Normal Traffic,0.05945633002309499,1.8404799906463254,0.2852171223480167,0.05945633002309499,1.8404799906463254,0.2852171223480167,1.8999363206694204,0.3446734523711117,2.125697112994342,2.185153443017437
10200,Normal Traffic,-0.7046111512029511,3.8877132369519054,-0.8666166030529321,-0.7046111512029511,3.8877132369519054,-0.8666166030529321,3.1831020857489545,-1.5712277542558832,3.0210966338989733,2.3164854826960224
12619,Normal Traffic,1.0499020946873385,-0.8894918989982663,-0.341041767133993,1.0499020946873385,-0.8894918989982663,-0.341041767133993,0.16041019568907222,0.7088603275533456,-1.2305336661322592,-0.18063157144492076
10225,Normal Traffic,-0.0920740170703984,3.9434496468380993,-0.8666166030529321,-0.0920740170703984,3.9434496468380993,-0.8666166030529321,3.851375629767701,-0.9586906201233305,3.076833043785167,2.984759026714769
11744,Normal Traffic,1.6354572802321639,-0.46238129160531294,0.9586285693700531,1.6354572802321639,-0.46238129160531294,0.9586285693700531,1.173075988626851,2.5940858496022168,0.4962472777647402,2.131704557996904
14088,Normal Traffic,-0.04198586791392082,1.3045664474682033,1.7801380070576784,-0.04198586791392082,1.3045664474682033,1.7801380070576784,1.2625805795542824,1.7381521391437575,3.0847044545258817,3.0427185866119606
9151,Normal Traffic,0.36148574594547656,0.05237242345097449,-0.8666166030529321,0.36148574594547656,0.05237242345097449,-0.8666166030529321,0.41385816939645104,-0.5051308571074555,-0.8142441796019576,-0.45275843365648105
8679,Normal Traffic,0.8471426776804649,0.6305958587968714,0.3053877914166375,0.8471426776804649,0.6305958587968714,0.3053877914166375,1.4777385364773363,1.1525304690971026,0.9359836502135089,1.783126327893974
11921,Normal Traffic,0.05347976478399484,1.833714134339415,0.2576491957727439,0.05347976478399484,1.833714134339415,0.2576491957727439,1.8871938991234098,0.3111289605567388,2.091363330112159,2.144843094896154
13767,Normal Traffic,0.8005027489799302,-0.1857393826113663,0.3538716433569503,0.8005027489799302,-0.1857393826113663,0.3538716433569503,0.6147633663685639,1.1543743923368806,0.16813226074558402,0.9686350097255142
1596,Sybil Attack,-0.7233807302296973,4.061639599832553,-0.8666166030529321,-0.7233807302296973,4.061639599832553,-0.8666166030529321,3.3382588696028557,-1.5899973332826294,3.195022996779621,2.4716422665499236
2831,Sybil Attack,1.6243678482781359,3.744383105534883,-0.8666166030529321,1.6243678482781359,3.744383105534883,-0.8666166030529321,5.368750953813019,0.7577512452252038,2.877766502481951,4.5021343507600875
1038,Sybil Attack,0.7029830801088003,5.5334273584169695,-0.8666166030529321,0.7029830801088003,5.5334273584169695,-0.8666166030529321,6.23641043852577,-0.1636335229441318,4.666810755364038,5.369793835472837
628,Sybil Attack,0.7961315210040151,4.84533225097729,-0.8666166030529321,0.7961315210040151,4.84533225097729,-0.8666166030529321,5.6414637719813046,-0.07048508204891701,3.9787156479243575,4.774847168928373
959,Sybil Attack,0.8645457292733856,4.846173466125234,-0.8666166030529321,0.8645457292733856,4.846173466125234,-0.8666166030529321,5.710719195398619,-0.0020708737795465115,3.9795568630723017,4.844102592345687
1276,Sybil Attack,0.6805517145864005,3.737015693800539,-0.8666166030529321,0.6805517145864005,3.737015693800539,-0.8666166030529321,4.417567408386939,-0.18606488846653157,2.870399090747607,3.5509508053340073
8010,Sybil Attack,1.122829829310757,5.7095636002418315,0.30889779659315136,1.122829829310757,5.7095636002418315,0.30889779659315136,6.832393429552589,1.4317276259039085,6.018461396834983,7.14129122614574
16221,Sybil Attack,1.6259168700168902,4.078074864585782,1.4944283329765993,1.6259168700168902,4.078074864585782,1.4944283329765993,5.703991734602672,3.1203452029934895,5.572503197562381,7.1984200675792716
283,Sybil Attack,1.6259168700168902,3.7370144648265535,0.23101700369894465,1.6259168700168902,3.7370144648265535,0.23101700369894465,5.362931334843443,1.856933873715835,3.9680314685254983,5.593948338542388
7589,Sybil Attack,-0.7233807302296973,5.75981567738566,1.4944283329765993,-0.7233807302296973,5.75981567738566,1.4944283329765993,5.036434947155962,0.771047602746902,7.254244010362259,6.530863280132562
8081,Sybil Attack,-0.7233807302296973,3.7370065542223374,-0.8666166030529321,-0.7233807302296973,3.7370065542223374,-0.8666166030529321,3.01362582399264,-1.5899973332826294,2.8703899511694053,2.147009220939708
549,Sybil Attack,1.653692994059002,4.874536838232741,-0.8666166030529321,1.653692994059002,4.874536838232741,-0.8666166030529321,6.528229832291743,0.7870763910060699,4.007920235179808,5.66161322923881
758,Sybil Attack,1.6821877163690258,4.46762881437862,-0.8666166030529321,1.6821877163690258,4.46762881437862,-0.8666166030529321,6.149816530747646,0.8155711133160937,3.601012211325688,5.283199927694714
2689,Sybil Attack,0.9379841669258393,5.870803620854853,-0.8666166030529321,0.9379841669258393,5.870803620854853,-0.8666166030529321,6.808787787780693,0.07136756387290721,5.004187017801922,5.94217118472776
8044,Sybil Attack,-0.7233807302296973,4.84533225097729,-0.5927485954202425,-0.7233807302296973,4.84533225097729,-0.5927485954202425,4.121951520747592,-1.3161293256499398,4.252583655557047,3.5292029253273496
7635,Sybil Attack,1.819727668207357,3.744383105534883,1.4944283329765993,1.819727668207357,3.744383105534883,1.4944283329765993,5.56411077374224,3.3141560011839566,5.238811438511482,7.05853910671884
14138,Sybil Attack,-2.2213597728198384,4.47763864821985,-0.857152062046797,-2.2213597728198384,4.47763864821985,-0.857152062046797,2.2562788754000116,-3.078511834866635,3.620486586173053,1.3991268133532146
1145,Sybil Attack,1.2245820069103888,5.602329055873947,-0.8666166030529321,1.2245820069103888,5.602329055873947,-0.8666166030529321,6.826911062784336,0.3579654038574567,4.735712452821016,5.960294459731404
7710,Sybil Attack,-0.7574985470825176,3.9533311319241706,1.4944283329765993,-0.7574985470825176,3.9533311319241706,1.4944283329765993,3.195832584841653,0.7369297858940816,5.44775946490077,4.690260917818252
8061,Sybil Attack,2.053108693256166,3.744427119041824,1.4182711599632756,2.053108693256166,3.744427119041824,1.4182711599632756,5.7975358122979905,3.4713798532194415,5.1626982790051,7.215806972261266
7894,Sybil Attack,1.581855571823282,4.857615644324827,0.30889779659315136,1.581855571823282,4.857615644324827,0.30889779659315136,6.439471216148109,1.8907533684164335,5.166513440917979,6.748369012741261
2817,Sybil Attack,1.545617319272073,5.696763469320476,-0.8666166030529321,1.545617319272073,5.696763469320476,-0.8666166030529321,7.242380788592548,0.6790007162191409,4.830146866267544,6.375764185539616
2229,Sybil Attack,0.7589768617001855,1.8955073751001932,-0.8666166030529321,0.7589768617001855,1.8955073751001932,-0.8666166030529321,2.6544842368003785,-0.10763974135274657,1.028890772047261,1.7878676337474464
1396,Sybil Attack,0.04863720900417174,4.114205835091747,-0.8666166030529321,0.04863720900417174,4.114205835091747,-0.8666166030529321,4.1628430440959185,-0.8179793940487603,3.247589232038815,3.2962264410429865
2766,Sybil Attack,0.6322994224293296,4.469826751052697,-0.8666166030529321,0.6322994224293296,4.469826751052697,-0.8666166030529321,5.102126173482026,-0.23431718062360252,3.6032101479997647,4.235509570429095
1496,Sybil Attack,1.8124586343255866,4.039901032227581,-0.6842438739808493,1.8124586343255866,4.039901032227581,-0.6842438739808493,5.852359666553168,1.1282147603447372,3.3556571582467316,5.168115792572319
1311,Sybil Attack,0.6166450202654457,3.7370065542223374,-0.8666166030529321,0.6166450202654457,3.7370065542223374,-0.8666166030529321,4.353651574487783,-0.24997158278748643,2.8703899511694053,3.4870349714348507
1303,Sybil Attack,-0.7233807302296973,3.737015693800539,-0.8666166030529321,-0.7233807302296973,3.737015693800539,-0.8666166030529321,3.013634963570842,-1.5899973332826294,2.870399090747607,2.14701836051791
741,Sybil Attack,0.6166450202654457,4.090362966811458,-0.8666166030529321,0.6166450202654457,4.090362966811458,-0.8666166030529321,4.707007987076904,-0.24997158278748643,3.223746363758526,3.8403913840239716
7610,Sybil Attack,2.173370397750829,3.9325178292995697,1.4944283329765993,2.173370397750829,3.9325178292995697,1.4944283329765993,6.105888227050398,3.6677987307274282,5.4269461622761686,7.6003165600269975
7842,Sybil Attack,1.6380716232758354,4.00303316984786,-0.8666166030529321,1.6380716232758354,4.00303316984786,-0.8666166030529321,5.641104793123695,0.7714550202229034,3.1364165667949275,4.7744881900707625
2338,Sybil Attack,2.1337048356093518,3.7370059561265436,-0.8666166030529321,2.1337048356093518,3.7370059561265436,-0.8666166030529321,5.870710791735895,1.2670882325564197,2.8703893530736115,5.004094188682963
14171,Sybil Attack,-1.2171988206019984,3.7370159341125775,-0.8666166030529321,-1.2171988206019984,3.7370159341125775,-0.8666166030529321,2.5198171135105794,-2.08381542365493,2.8703993310596454,1.6532005104576473
1905,Sybil Attack,0.21492693225812357,2.136213822572268,-0.8666166030529321,0.21492693225812357,2.136213822572268,-0.8666166030529321,2.351140754830392,-0.6516896707948086,1.2695972195193361,1.4845241517774599
16229,Sybil Attack,0.9340135413147194,4.010778911179395,1.4577081037856667,0.9340135413147194,4.010778911179395,1.4577081037856667,4.944792452494115,2.391721645100386,5.468487014965062,6.402500556279781
1337,Sybil Attack,1.2937217496508575,4.487503715348036,-0.8666166030529321,1.2937217496508575,4.487503715348036,-0.8666166030529321,5.781225464998894,0.4271051465979254,3.620887112295104,4.914608861945961
1537,Sybil Attack,-0.7233807302296973,4.283913062571031,-0.8666166030529321,-0.7233807302296973,4.283913062571031,-0.8666166030529321,3.560532332341334,-1.5899973332826294,3.417296459518099,2.6939157292884017
517,Sybil Attack,-0.7233807302296973,4.161580624786392,1.4944283329765993,-0.7233807302296973,4.161580624786392,1.4944283329765993,3.438199894556695,0.771047602746902,5.6560089577629915,4.932628227533295
129,Sybil Attack,0.7861929710192016,4.231502902324277,-0.8666166030529321,0.7861929710192016,4.231502902324277,-0.8666166030529321,5.017695873343479,-0.08042363203373049,3.3648862992713453,4.151079270290547
1809,Sybil Attack,1.1189569699146138,4.3100340592465445,-0.627080688896732,1.1189569699146138,4.3100340592465445,-0.627080688896732,5.428991029161159,0.49187628101788183,3.6829533703498125,4.801910340264427
7829,Sybil Attack,1.1167162286966845,1.4068723053923085,-0.8666166030529321,1.1167162286966845,1.4068723053923085,-0.8666166030529321,2.5235885340889928,0.25009962564375243,0.5402557023393764,1.6569719310360607
410,Sybil Attack,-0.7938446609786921,3.9325178292995697,-0.8666166030529321,-0.7938446609786921,3.9325178292995697,-0.8666166030529321,3.1386731683208775,-1.6604612640316243,3.0659012262466376,2.2720565652679454
1300,Sybil Attack,0.07278044933062885,3.7370065542223374,-0.7662233814048183,0.07278044933062885,3.7370065542223374,-0.7662233814048183,3.8097870035529664,-0.6934429320741894,2.9707831728175194,3.043563622148148
1025,Sybil Attack,2.049248084220583,4.502470488284651,-0.8666166030529321,2.049248084220583,4.502470488284651,-0.8666166030529321,6.551718572505234,1.1826314811676508,3.6358538852317186,5.685101969452301
7680,Sybil Attack,0.7865481488755457,4.024052683705691,1.4944283329765993,0.7865481488755457,4.024052683705691,1.4944283329765993,4.810600832581237,2.2809764818521447,5.518481016682291,6.305029165557836
2084,Sybil Attack,2.194709068730922,2.1866334807693657,-0.8666166030529321,2.194709068730922,2.1866334807693657,-0.8666166030529321,4.381342549500287,1.3280924656779898,1.3200168777164336,3.514725946447355
1289,Sybil Attack,1.1101847708346855,3.7370163940128838,-0.8666166030529321,1.1101847708346855,3.7370163940128838,-0.8666166030529321,4.8472011648475695,0.2435681677817534,2.8703997909599517,3.9805845617946374
1198,Sybil Attack,0.9406798826192694,5.602329055873947,0.23101700369894465,0.9406798826192694,5.602329055873947,0.23101700369894465,6.543008938493217,1.171696886318214,5.833346059572892,6.774025942192162
7720,Sybil Attack,0.6482866514406929,5.5334273584169695,1.4944283329765993,0.6482866514406929,5.5334273584169695,1.4944283329765993,6.181714009857663,2.1427149844172924,7.027855691393569,7.676142342834262
864,Sybil Attack,0.8438078504991623,5.594330188032852,0.23101700369894465,0.8438078504991623,5.594330188032852,0.23101700369894465,6.438138038532014,1.074824854198107,5.8253471917317965,6.669155042230959
7996,Sybil Attack,1.8714136863281585,4.231502902324277,-0.8666166030529321,1.8714136863281585,4.231502902324277,-0.8666166030529321,6.102916588652436,1.0047970832752264,3.3648862992713453,5.236299985599503
190,Sybil Attack,1.3169905396112451,3.9462303737465816,-0.8666166030529321,1.3169905396112451,3.9462303737465816,-0.8666166030529321,5.263220913357827,0.45037393655831304,3.0796137706936495,4.396604310304895
7891,Sybil Attack,0.6871089510144405,4.163743445929294,0.11677454762174463,0.6871089510144405,4.163743445929294,0.11677454762174463,4.8508523969437345,0.8038834986361851,4.2805179935510385,4.967626944565479
1286,Sybil Attack,1.4962299722479762,5.598974240893167,-0.8666166030529321,1.4962299722479762,5.598974240893167,-0.8666166030529321,7.095204213141143,0.6296133691950441,4.732357637840234,6.22858761008821
1469,Sybil Attack,-0.7574985470825176,3.7370163940128838,-0.8666166030529321,-0.7574985470825176,3.7370163940128838,-0.8666166030529321,2.9795178469303663,-1.6241151501354496,2.8703997909599517,2.112901243877434
2022,Sybil Attack,-0.7938446609786921,0.3370847026111562,-0.8666166030529321,-0.7938446609786921,0.3370847026111562,-0.8666166030529321,-0.4567599583675359,-1.6604612640316243,-0.5295319004417759,-1.323376561420468
1735,Sybil Attack,0.9340135413147194,3.7370147249862318,-0.8666166030529321,0.9340135413147194,3.7370147249862318,-0.8666166030529321,4.671028266300951,0.06739693826178728,2.8703981219332997,3.8044116632480187
2456,Sybil Attack,1.4185723037559816,4.001585431752836,-0.8666166030529321,1.4185723037559816,4.001585431752836,-0.8666166030529321,5.420157735508817,0.5519557007030496,3.1349688286999036,4.553541132455885
2233,Sybil Attack,-0.25754660403664403,3.6052179138779388,-0.8666166030529321,-0.25754660403664403,3.6052179138779388,-0.8666166030529321,3.347671309841295,-1.1241632070895762,2.7386013108250067,2.481054706788363
863,Sybil Attack,-0.7233807302296973,4.4541194405357905,-0.41772514744860456,-0.7233807302296973,4.4541194405357905,-0.41772514744860456,3.730738710306093,-1.1411058776783018,4.036394293087186,3.3130135628574884
7853,Sybil Attack,0.6166450202654457,1.3521630633717652,-0.8034320085726683,0.6166450202654457,1.3521630633717652,-0.8034320085726683,1.9688080836372108,-0.18678698830722262,0.5487310547990969,1.1653760750645425
527,Sybil Attack,1.604532252220231,4.116742649470942,-0.8666166030529321,1.604532252220231,4.116742649470942,-0.8666166030529321,5.7212749016911735,0.7379156491672989,3.25012604641801,4.854658298638242
16236,Sybil Attack,1.6607618107496844,5.030828901356487,1.4944283329765993,1.6607618107496844,5.030828901356487,1.4944283329765993,6.691590712106171,3.1551901437262835,6.525257234333086,8.18601904508277
8078,Sybil Attack,0.7961315210040151,4.187868804148545,-0.49768540635559166,0.7961315210040151,4.187868804148545,-0.49768540635559166,4.98400032515256,0.2984461146484234,3.6901833977929535,4.486314918796968
2056,Sybil Attack,2.01198667139489,4.021301567236813,-0.8666166030529321,2.01198667139489,4.021301567236813,-0.8666166030529321,6.0332882386317035,1.145370068341958,3.1546849641838812,5.166671635578771
341,Sybil Attack,2.049248084220583,3.7370159341125775,-0.8666166030529321,2.049248084220583,3.7370159341125775,-0.8666166030529321,5.78626401833316,1.1826314811676508,2.8703993310596454,4.919647415280227
347,Sybil Attack,1.680135548496662,3.9108039853774597,-0.8666166030529321,1.680135548496662,3.9108039853774597,-0.8666166030529321,5.5909395338741215,0.8135189454437299,3.0441873823245276,4.72432293082119
808,Sybil Attack,-0.7233807302296973,3.7370159341125775,-0.8666166030529321,-0.7233807302296973,3.7370159341125775,-0.8666166030529321,3.01363520388288,-1.5899973332826294,2.8703993310596454,2.147018600829948
2032,Sybil Attack,1.2937217496508575,-0.17749826575499464,-0.8666166030529321,1.2937217496508575,-0.17749826575499464,-0.8666166030529321,1.116223483895863,0.4271051465979254,-1.0441148688079267,0.2496068808429308
14181,Sybil Attack,1.2619372511525537,3.8891791514204943,0.17089017892074618,1.2619372511525537,3.8891791514204943,0.17089017892074618,5.151116402573048,1.4328274300733,4.06006933034124,5.322006581493794
7622,Sybil Attack,0.7961315210040151,0.7983578717532445,1.4944283329765993,0.7961315210040151,0.7983578717532445,1.4944283329765993,1.5944893927572594,2.2905598539806142,2.2927862047298437,3.0889177257338587
7942,Sybil Attack,0.2267939297271041,4.466810788028958,-0.8666166030529321,0.2267939297271041,4.466810788028958,-0.8666166030529321,4.693604717756062,-0.639822673325828,3.600194184976026,3.82698811470313
2845,Sybil Attack,1.4185723037559816,4.144659462895565,-0.8666166030529321,1.4185723037559816,4.144659462895565,-0.8666166030529321,5.563231766651547,0.5519557007030496,3.278042859842633,4.696615163598615
298,Sybil Attack,0.6166450202654457,4.283913062571031,0.23101700369894465,0.6166450202654457,4.283913062571031,0.23101700369894465,4.9005580828364765,0.8476620239643903,4.514930066269976,5.131575086535421
557,Sybil Attack,0.6871089510144405,5.571883012216699,-0.8034320085726683,0.6871089510144405,5.571883012216699,-0.8034320085726683,6.25899196323114,-0.1163230575582278,4.7684510036440315,5.455559954658472
2538,Sybil Attack,0.12298496656073615,4.857615644324827,-0.8666166030529321,0.12298496656073615,4.857615644324827,-0.8666166030529321,4.980600610885563,-0.743631636492196,3.990999041271895,4.113984007832631
7836,Sybil Attack,1.5056176268109025,-0.88948205920772,-0.8666166030529321,1.5056176268109025,-0.88948205920772,-0.8666166030529321,0.6161355676031824,0.6390010237579704,-1.7560986622606523,-0.25048103544974964
2806,Sybil Attack,0.3758406332610261,3.985467519374137,-0.8666166030529321,0.3758406332610261,3.985467519374137,-0.8666166030529321,4.361308152635163,-0.49077596979190596,3.118850916321205,3.4946915495822313
574,Sybil Attack,1.6380716232758354,4.453155619701884,-0.8666166030529321,1.6380716232758354,4.453155619701884,-0.8666166030529321,6.09122724297772,0.7714550202229034,3.586539016648952,5.224610639924787
2596,Sybil Attack,1.33133830622669,5.597065333269013,-0.8666166030529321,1.33133830622669,5.597065333269013,-0.8666166030529321,6.928403639495703,0.4647217031737578,4.7304487302160805,6.061787036442771
7974,Sybil Attack,1.4203105307437345,4.224896499772307,-0.8666166030529321,1.4203105307437345,4.224896499772307,-0.8666166030529321,5.645207030516042,0.5536939276908024,3.358279896719375,4.77859042746311
1840,Sybil Attack,1.3368373930690156,3.7444271031048912,-0.8666166030529321,1.3368373930690156,3.7444271031048912,-0.8666166030529321,5.081264496173906,0.4702207900160835,2.877810500051959,4.214647893120974
896,Sybil Attack,1.6439654153152903,3.737016624305586,-0.8666166030529321,1.6439654153152903,3.737016624305586,-0.8666166030529321,5.380982039620877,0.7773488122623582,2.870400021252654,4.514365436567944
7801,Sybil Attack,1.692374994962913,1.0195568936149175,-0.8666166030529321,1.692374994962913,1.0195568936149175,-0.8666166030529321,2.7119318885778307,0.8257583919099809,0.15294029056198544,1.8453152855248987
1265,Sybil Attack,1.5548740805326595,4.022605615460933,-0.8666166030529321,1.5548740805326595,4.022605615460933,-0.8666166030529321,5.577479695993593,0.6882574774797274,3.1559890124080012,4.710863092940661
1375,Sybil Attack,1.2710152727664388,4.838533536822748,-0.8666166030529321,1.2710152727664388,4.838533536822748,-0.8666166030529321,6.109548809589187,0.4043986697135067,3.971916933769816,5.2429322065362545
2751,Sybil Attack,-0.7233807302296973,3.9167852274944623,-0.8666166030529321,-0.7233807302296973,3.9167852274944623,-0.8666166030529321,3.193404497264765,-1.5899973332826294,3.0501686244415303,2.326787894211833
2217,Sybil Attack,1.0377744162704194,2.4813288278315007,-0.8666166030529321,1.0377744162704194,2.4813288278315007,-0.8666166030529321,3.5191032441019203,0.17115781321748735,1.6147122247785686,2.6524866410489882
1543,Sybil Attack,0.45398735481067276,3.7370163940128838,-0.8666166030529321,0.45398735481067276,3.7370163940128838,-0.8666166030529321,4.191003748823556,-0.4126292482422593,2.8703997909599517,3.324387145770624
1138,Sybil Attack,1.9690987234720376,3.737016624305586,-0.8666166030529321,1.9690987234720376,3.737016624305586,-0.8666166030529321,5.706115347777624,1.1024821204191055,2.870400021252654,4.8394987447246915
755,Sybil Attack,0.7211779369299498,4.293871758696197,-0.8666166030529321,0.7211779369299498,4.293871758696197,-0.8666166030529321,5.015049695626146,-0.14543866612298229,3.4272551556432647,4.148433092573214
7854,Sybil Attack,0.6166450202654457,1.3935890391924066,-0.8034320085726683,0.6166450202654457,1.3935890391924066,-0.8034320085726683,2.0102340594578525,-0.18678698830722262,0.5901570306197383,1.2068020508851842
952,Sybil Attack,0.48612131975922174,3.744427119041824,-0.8666166030529321,0.48612131975922174,3.744427119041824,-0.8666166030529321,4.230548438801046,-0.38049528329371035,2.877810515988892,3.363931835748114
473,Sybil Attack,1.4985743585058136,5.712804632858154,-0.8666166030529321,1.4985743585058136,5.712804632858154,-0.8666166030529321,7.211378991363967,0.6319577554528815,4.846188029805221,6.344762388311034
2020,Sybil Attack,1.1337663187479747,0.3222545871646355,0.20027409709263339,1.1337663187479747,0.3222545871646355,0.20027409709263339,1.4560209059126104,1.334040415840608,0.522528684257269,1.6562950030052437
8088,Sybil Attack,0.9614374513340203,5.691807093303751,1.4944283329765993,0.9614374513340203,5.691807093303751,1.4944283329765993,6.653244544637771,2.4558657843106193,7.1862354262803505,8.14767287761437
1856,Sybil Attack,1.5821088837366375,3.737016624305586,-0.8666166030529321,1.5821088837366375,3.737016624305586,-0.8666166030529321,5.319125508042223,0.7154922806837054,2.870400021252654,4.4525089049892905
7606,Sybil Attack,1.2565181649906747,5.591466917057444,1.4944283329765993,1.2565181649906747,5.591466917057444,1.4944283329765993,6.847985082048119,2.750946497967274,7.085895250034043,8.34241341502472
7675,Sybil Attack,1.2710152727664388,5.58974497820797,1.4944283329765993,1.2710152727664388,5.58974497820797,1.4944283329765993,6.860760250974409,2.7654436057430383,7.0841733111845695,8.355188583951008
1760,Sybil Attack,1.5743940179135851,3.744427104633015,0.1667212357288031,1.5743940179135851,3.744427104633015,0.1667212357288031,5.3188211225466,1.7411152536423882,3.911148340361818,5.485542358275404
734,Sybil Attack,1.2565181649906747,4.124878167768605,-0.8666166030529321,1.2565181649906747,4.124878167768605,-0.8666166030529321,5.38139633275928,0.3899015619377426,3.258261564715673,4.514779729706348
2013,Sybil Attack,1.604532252220231,0.5721564329039842,1.4944283329765993,1.604532252220231,0.5721564329039842,1.4944283329765993,2.176688685124215,3.0989605851968305,2.0665847658805836,3.6711170181008144
7962,Sybil Attack,1.4643889338654352,-0.11680265418246347,-0.14697219250214577,1.4643889338654352,-0.11680265418246347,-0.14697219250214577,1.3475862796829718,1.3174167413632896,-0.26377484668460927,1.200614087180826
1675,Sybil Attack,1.2545997177585508,4.470686423268556,-0.8666166030529321,1.2545997177585508,4.470686423268556,-0.8666166030529321,5.725286141027107,0.38798311470561875,3.604069820215624,4.8586695379741744
2543,Sybil Attack,1.6184554704924194,4.0852451446727756,-0.8666166030529321,1.6184554704924194,4.0852451446727756,-0.8666166030529321,5.703700615165195,0.7518388674394874,3.2186285416198435,4.837084012112262
56,Sybil Attack,2.2753656665090207,4.00303316984786,-0.8666166030529321,2.2753656665090207,4.00303316984786,-0.8666166030529321,6.27839883635688,1.4087490634560886,3.1364165667949275,5.411782233303947
872,Sybil Attack,0.6133366450860086,4.105261661110436,1.4944283329765993,0.6133366450860086,4.105261661110436,1.4944283329765993,4.718598306196445,2.1077649780626078,5.5996899940870355,6.213026639173044
2513,Sybil Attack,1.4284639136794846,3.737007591755053,-0.8666166030529321,1.4284639136794846,3.737007591755053,-0.8666166030529321,5.165471505434538,0.5618473106265525,2.870390988702121,4.298854902381606
844,Sybil Attack,0.6529911341616201,4.268166971900399,-0.8666166030529321,0.6529911341616201,4.268166971900399,-0.8666166030529321,4.92115810606202,-0.21362546889131195,3.401550368847467,4.054541503009087
1793,Sybil Attack,-0.7233807302296973,5.684259904112557,-0.8666166030529321,-0.7233807302296973,5.684259904112557,-0.8666166030529321,4.96087917388286,-1.5899973332826294,4.817643301059626,4.094262570829928
1528,Sybil Attack,1.1092280485375028,3.8953034926795627,-0.8666166030529321,1.1092280485375028,3.8953034926795627,-0.8666166030529321,5.004531541217066,0.2426114454845707,3.0286868896266306,4.137914938164133
14139,Sybil Attack,-0.9423033072242396,3.737015693800539,-0.14697219250214577,-0.9423033072242396,3.737015693800539,-0.14697219250214577,2.7947123865762995,-1.0892754997263854,3.5900435012983936,2.647740194074154
2765,Sybil Attack,1.200683724597628,4.10914444238924,-0.8666166030529321,1.200683724597628,4.10914444238924,-0.8666166030529321,5.309828166986867,0.334067121544696,3.2425278393363075,4.443211563933936
2164,Sybil Attack,1.2915404114399915,3.9108039853774597,-0.8666166030529321,1.2915404114399915,3.9108039853774597,-0.8666166030529321,5.202344396817451,0.42492380838705945,3.0441873823245276,4.335727793764519
2838,Sybil Attack,-0.7233807302296973,3.8237671566225995,-0.8666166030529321,-0.7233807302296973,3.8237671566225995,-0.8666166030529321,3.100386426392902,-1.5899973332826294,2.9571505535696674,2.23376982333997
999,Sybil Attack,-0.7233807302296973,4.464601917037146,-0.8034320085726683,-0.7233807302296973,4.464601917037146,-0.8034320085726683,3.7412211868074485,-1.5268127388023656,3.6611699084644775,2.9377891782347803
360,Sybil Attack,0.7861929710192016,3.8237671566225995,-0.8666166030529321,0.7861929710192016,3.8237671566225995,-0.8666166030529321,4.609960127641801,-0.08042363203373049,2.9571505535696674,3.743343524588869
2828,Sybil Attack,-0.7057446498178549,3.7370163940128838,-0.8666166030529321,-0.7057446498178549,3.7370163940128838,-0.8666166030529321,3.031271744195029,-1.5723612528707869,2.8703997909599517,2.164655141142097
2152,Sybil Attack,0.38171487169063645,3.737015693800539,0.2010491931692426,0.38171487169063645,3.737015693800539,0.2010491931692426,4.118730565491176,0.5827640648598791,3.938064886969782,4.3197797586604185
1544,Sybil Attack,1.6340406544383295,4.4738399348828635,-0.8666166030529321,1.6340406544383295,4.4738399348828635,-0.8666166030529321,6.1078805893211925,0.7674240513853974,3.6072233318299314,5.24126398626826
827,Sybil Attack,1.6849279013321778,5.75981567738566,-0.8666166030529321,1.6849279013321778,5.75981567738566,-0.8666166030529321,7.444743578717838,0.8183112982792458,4.893199074332728,6.578126975664906
7852,Sybil Attack,0.6166450202654457,3.9874259697460674,-0.8666166030529321,0.6166450202654457,3.9874259697460674,-0.8666166030529321,4.604070990011513,-0.24997158278748643,3.1208093666931354,3.737454386958581
7849,Sybil Attack,-0.7233807302296973,3.737016624305586,-0.8666166030529321,-0.7233807302296973,3.737016624305586,-0.8666166030529321,3.0136358940758887,-1.5899973332826294,2.870400021252654,2.1470192910229566
7611,Sybil Attack,1.4550919778979676,3.9393364145130736,1.4944283329765993,1.4550919778979676,3.9393364145130736,1.4944283329765993,5.394428392411041,2.9495203108745667,5.433764747489673,6.88885672538764
87,Sybil Attack,1.2515286491590243,5.5342067457755775,-0.8666166030529321,1.2515286491590243,5.5342067457755775,-0.8666166030529321,6.785735394934601,0.3849120461060922,4.667590142722645,5.919118791881669
681,Sybil Attack,0.8752458391778568,5.5334273584169695,-0.8666166030529321,0.8752458391778568,5.5334273584169695,-0.8666166030529321,6.408673197594826,0.008629236124924722,4.666810755364038,5.542056594541894
820,Sybil Attack,-0.7938446609786921,5.684900978954559,-0.8666166030529321,-0.7938446609786921,5.684900978954559,-0.8666166030529321,4.891056317975867,-1.6604612640316243,4.8182843759016265,4.024439714922934
18,Sybil Attack,1.1575233368409568,3.8237671566225995,-0.514016729414802,1.1575233368409568,3.8237671566225995,-0.514016729414802,4.981290493463556,0.6435066074261547,3.3097504272077973,4.467273764048754
7830,Sybil Attack,0.7938780827628692,-0.20771652818734057,-0.8666166030529321,0.7938780827628692,-0.20771652818734057,-0.8666166030529321,0.5861615545755287,-0.07273852029006289,-1.0743331312402726,-0.28045504847740343
1414,Sybil Attack,0.5903893220197765,3.737007591755053,-0.8666166030529321,0.5903893220197765,3.737007591755053,-0.8666166030529321,4.327396913774829,-0.27622728103315564,2.870390988702121,3.4607803107218973
2632,Sybil Attack,1.2545997177585508,4.79800368787847,-0.8666166030529321,1.2545997177585508,4.79800368787847,-0.8666166030529321,6.052603405637021,0.38798311470561875,3.931387084825538,5.18598680258409
2650,Sybil Attack,0.8966485403308512,3.926135636221819,-0.8666166030529321,0.8966485403308512,3.926135636221819,-0.8666166030529321,4.822784176552671,0.030031937277919085,3.059519033168887,3.9561675734997386
2030,Sybil Attack,0.9937356701909036,0.23363642841983648,-0.8666166030529321,0.9937356701909036,0.23363642841983648,-0.8666166030529321,1.2273720986107401,0.1271190671379715,-0.6329801746330956,0.36075549555780806
16285,Sybil Attack,1.7540388461193626,3.9874259697460674,0.9518722904085147,1.7540388461193626,3.9874259697460674,0.9518722904085147,5.74146481586543,2.7059111365278774,4.939298260154582,6.693337106273945
1664,Sybil Attack,1.5885296540080887,4.293871758696197,-0.8666166030529321,1.5885296540080887,4.293871758696197,-0.8666166030529321,5.882401412704286,0.7219130509551566,3.4272551556432647,5.015784809651354
1785,Sybil Attack,0.004562568999779436,4.161580624786392,-0.8666166030529321,0.004562568999779436,4.161580624786392,-0.8666166030529321,4.166143193786172,-0.8620540340531526,3.29496402173346,3.29952659073324
8035,Sybil Attack,0.6126123332530906,4.064127610301981,0.3276462735071812,0.6126123332530906,4.064127610301981,0.3276462735071812,4.676739943555072,0.9402586067602718,4.3917738838091624,5.004386217062253
2561,Sybil Attack,0.14094022683783383,4.163743445929294,-0.8666166030529321,0.14094022683783383,4.163743445929294,-0.8666166030529321,4.304683672767127,-0.7256763762150983,3.2971268428763616,3.438067069714195
1549,Sybil Attack,0.7961315210040151,4.849475597747209,-0.8666166030529321,0.7961315210040151,4.849475597747209,-0.8666166030529321,5.645607118751224,-0.07048508204891701,3.982858994694277,4.7789905156982915
1027,Sybil Attack,-0.7233807302296973,4.144659462895565,-0.8666166030529321,-0.7233807302296973,4.144659462895565,-0.8666166030529321,3.421278732665868,-1.5899973332826294,3.278042859842633,2.554662129612936
1045,Sybil Attack,0.14094022683783383,3.737007591755053,-0.6543402108639532,0.14094022683783383,3.737007591755053,-0.6543402108639532,3.877947818592887,-0.5133999840261194,3.0826673808911,3.2236076077289337
1849,Sybil Attack,1.2257921054763343,3.7370059561265436,-0.8666166030529321,1.2257921054763343,3.7370059561265436,-0.8666166030529321,4.962798061602878,0.35917550242340224,2.8703893530736115,4.096181458549946
12,Sybil Attack,0.6529911341616201,4.120789387284316,-0.6700682821762854,0.6529911341616201,4.120789387284316,-0.6700682821762854,4.773780521445936,-0.01707714801466531,3.4507211051080304,4.10371223926965
14145,Sybil Attack,1.5534735776323063,3.938417024951286,-0.8666166030529321,1.5534735776323063,3.938417024951286,-0.8666166030529321,5.4918906025835925,0.6868569745793742,3.071800421898354,4.625273999530661
1307,Sybil Attack,1.577666266077869,3.737007591755053,-0.8666166030529321,1.577666266077869,3.737007591755053,-0.8666166030529321,5.314673857832922,0.711049663024937,2.870390988702121,4.4480572547799895
390,Sybil Attack,1.586059187981849,4.107124913566665,-0.8666166030529321,1.586059187981849,4.107124913566665,-0.8666166030529321,5.693184101548514,0.719442584928917,3.2405083105137327,4.8265674984955815
2615,Sybil Attack,1.4550919778979676,3.7370163940128838,1.4944283329765993,1.4550919778979676,3.7370163940128838,1.4944283329765993,5.192108371910852,2.9495203108745667,5.2314447269894835,6.686536704887451
392,Sybil Attack,1.713309726732039,4.090362966811458,-0.8666166030529321,1.713309726732039,4.090362966811458,-0.8666166030529321,5.803672693543497,0.8466931236791069,3.223746363758526,4.9370560904905645
346,Sybil Attack,1.50298357688682,3.737016624305586,-0.8666166030529321,1.50298357688682,3.737016624305586,-0.8666166030529321,5.240000201192406,0.636366973833888,2.870400021252654,4.373383598139474
990,Sybil Attack,1.5807399938150477,4.0109475767322715,0.13215310338869765,1.5807399938150477,4.0109475767322715,0.13215310338869765,5.591687570547319,1.7128930972037453,4.143100680120969,5.723840673936016
472,Sybil Attack,1.6340406544383295,3.7370059561265436,-0.8666166030529321,1.6340406544383295,3.7370059561265436,-0.8666166030529321,5.371046610564873,0.7674240513853974,2.8703893530736115,4.504430007511941
2008,Sybil Attack,1.6406834852565981,1.6903005216214806,0.2024465701430367,1.6406834852565981,1.6903005216214806,0.2024465701430367,3.3309840068780785,1.8431300553996348,1.8927470917645173,3.5334305770211154
85,Sybil Attack,-0.7938446609786921,4.293871758696197,-0.8666166030529321,-0.7938446609786921,4.293871758696197,-0.8666166030529321,3.5000270977175045,-1.6604612640316243,3.4272551556432647,2.6334104946645724
1293,Sybil Attack,0.8417266585166185,4.00303316984786,-0.8666166030529321,0.8417266585166185,4.00303316984786,-0.8666166030529321,4.844759828364478,-0.024889944536313546,3.1364165667949275,3.978143225311546
8024,Sybil Attack,0.35005861833435087,5.712073415963406,-0.8666166030529321,0.35005861833435087,5.712073415963406,-0.8666166030529321,6.062132034297757,-0.5165579847185813,4.845456812910474,5.195515431244825
100,Sybil Attack,0.6792461873486788,3.7370159341125775,-0.7208289185640047,0.6792461873486788,3.7370159341125775,-0.7208289185640047,4.416262121461257,-0.04158273121532585,3.0161870155485726,3.6954332028972523
14141,Sybil Attack,1.2975804935013422,4.473607315718856,-0.8207498929738529,1.2975804935013422,4.473607315718856,-0.8207498929738529,5.771187809220198,0.47683060052748927,3.652857422745003,4.9504379162463445
7664,Sybil Attack,1.4385000199637688,1.3120182238750795,1.4944283329765993,1.4385000199637688,1.3120182238750795,1.4944283329765993,2.7505182438388482,2.932928352940368,2.8064465568516788,4.2449465768154475
1679,Sybil Attack,1.8289832767140712,3.7370144648265535,-0.8666166030529321,1.8289832767140712,3.7370144648265535,-0.8666166030529321,5.565997741540625,0.9623666736611391,2.8703978617736214,4.699381138487693
266,Sybil Attack,1.4792349131748184,4.024176899612179,-0.8666166030529321,1.4792349131748184,4.024176899612179,-0.8666166030529321,5.5034118127869975,0.6126183101218863,3.157560296559247,4.636795209734066
1939,Sybil Attack,-0.7938446609786921,1.8110657444612746,-0.8666166030529321,-0.7938446609786921,1.8110657444612746,-0.8666166030529321,1.0172210834825823,-1.6604612640316243,0.9444491414083425,0.15060448042965024
774,Sybil Attack,1.2414674790162434,3.9883976780494512,-0.8666166030529321,1.2414674790162434,3.9883976780494512,-0.8666166030529321,5.229865157065695,0.37485087596331135,3.121781074996519,4.363248554012763
986,Sybil Attack,1.5411447934295157,5.712092376536316,-0.8666166030529321,1.5411447934295157,5.712092376536316,-0.8666166030529321,7.253237169965832,0.6745281903765836,4.845475773483384,6.3866205669128995
1750,Sybil Attack,1.4101997333850038,2.464152862543496,-0.8666166030529321,1.4101997333850038,2.464152862543496,-0.8666166030529321,3.8743525959285,0.5435831303320717,1.597536259490564,3.007735992875568
243,Sybil Attack,0.6166450202654457,4.125364876546753,-0.8666166030529321,0.6166450202654457,4.125364876546753,-0.8666166030529321,4.742009896812198,-0.24997158278748643,3.2587482734938207,3.875393293759266
760,Sybil Attack,0.6958054132835686,3.7370159341125775,-0.533004843417446,0.6958054132835686,3.7370159341125775,-0.533004843417446,4.432821347396146,0.16280056986612257,3.2040110906951313,3.8998165039787
2479,Sybil Attack,0.7938780827628692,4.061794627014511,-0.8666166030529321,0.7938780827628692,4.061794627014511,-0.8666166030529321,4.85567270977738,-0.07273852029006289,3.1951780239615792,3.989056106724448
8001,Sybil Attack,0.004562568999779436,5.7019805684237905,-0.8666166030529321,0.004562568999779436,5.7019805684237905,-0.8666166030529321,5.70654313742357,-0.8620540340531526,4.835363965370858,4.839926534370639
7832,Sybil Attack,0.4106225954280192,3.7370147249862318,-0.8034320085726683,0.4106225954280192,3.7370147249862318,-0.8034320085726683,4.147637320414251,-0.39280941314464907,2.9335827164135635,3.344205311841583
7627,Sybil Attack,0.7938780827628692,4.114205835091747,1.4944283329765993,0.7938780827628692,4.114205835091747,1.4944283329765993,4.908083917854616,2.2883064157394686,5.608634168068346,6.402512250831215
2349,Sybil Attack,0.6871089510144405,4.12109903441079,-0.797568961187317,0.6871089510144405,4.12109903441079,-0.797568961187317,4.808207985425231,-0.11046001017287654,3.323530073223473,4.010639024237913
7896,Sybil Attack,0.9379841669258393,3.744427119041824,-0.8666166030529321,0.9379841669258393,3.744427119041824,-0.8666166030529321,4.682411285967663,0.07136756387290721,2.877810515988892,3.815794682914731
1932,Sybil Attack,0.7865481488755457,2.0278396833789185,0.2615463482446458,0.7865481488755457,2.0278396833789185,0.2615463482446458,2.8143878322544644,1.0480944971201915,2.289386031623564,3.07593418049911
1899,Sybil Attack,0.6871089510144405,2.3247745715438777,-0.8666166030529321,0.6871089510144405,2.3247745715438777,-0.8666166030529321,3.011883522558318,-0.17950765203849162,1.4581579684909456,2.145266919505386
814,Sybil Attack,0.9614374513340203,4.149533133205268,-0.8666166030529321,0.9614374513340203,4.149533133205268,-0.8666166030529321,5.110970584539288,0.09482084828108817,3.282916530152336,4.244353981486356
167,Sybil Attack,1.707972514161411,5.689019963015806,-0.8666166030529321,1.707972514161411,5.689019963015806,-0.8666166030529321,7.396992477177217,0.841355911108479,4.822403359962873,6.530375874124285
2475,Sybil Attack,1.400377692968305,5.879071717620862,-0.8666166030529321,1.400377692968305,5.879071717620862,-0.8666166030529321,7.279449410589167,0.5337610899153729,5.0124551145679295,6.412832807536235
692,Sybil Attack,-0.7938446609786921,3.9701275315958453,0.12100147543010997,-0.7938446609786921,3.9701275315958453,0.12100147543010997,3.176282870617153,-0.6728431855485821,4.091129007025955,3.297284346047263
710,Sybil Attack,2.039622238625547,5.684259904112557,-0.8666166030529321,2.039622238625547,5.684259904112557,-0.8666166030529321,7.723882142738104,1.1730056355726148,4.817643301059626,6.857265539685171
1651,Sybil Attack,0.6166450202654457,3.737016624305586,-0.8666166030529321,0.6166450202654457,3.737016624305586,-0.8666166030529321,4.353661644571032,-0.24997158278748643,2.870400021252654,3.4870450415181
1426,Sybil Attack,0.6319505536848045,4.802906836350134,0.23121854268631564,0.6319505536848045,4.802906836350134,0.23121854268631564,5.434857390034939,0.86316909637112,5.03412537903645,5.666075932721254
2285,Sybil Attack,1.205007163216068,1.7512938456528562,-0.8666166030529321,1.205007163216068,1.7512938456528562,-0.8666166030529321,2.956301008868924,0.33839056016313585,0.8846772425999241,2.089684405815992
353,Sybil Attack,0.6166450202654457,3.7370059561265436,-0.8666166030529321,0.6166450202654457,3.7370059561265436,-0.8666166030529321,4.3536509763919895,-0.24997158278748643,2.8703893530736115,3.4870343733390574
2634,Sybil Attack,0.9379841669258393,3.114903230353796,-0.8666166030529321,0.9379841669258393,3.114903230353796,-0.8666166030529321,4.052887397279635,0.07136756387290721,2.248286627300864,3.186270794226703
7685,Sybil Attack,1.582274978037365,4.469259402511941,1.4944283329765993,1.582274978037365,4.469259402511941,1.4944283329765993,6.051534380549306,3.076703311013964,5.9636877354885405,7.545962713525905
16335,Sybil Attack,-0.7233807302296973,4.476850427046495,-0.8666166030529321,-0.7233807302296973,4.476850427046495,-0.8666166030529321,3.7534696968167975,-1.5899973332826294,3.6102338239935627,2.8868530937638655
1446,Sybil Attack,1.6206909628104378,4.013266041778632,-0.8666166030529321,1.6206909628104378,4.013266041778632,-0.8666166030529321,5.633957004589069,0.7540743597575057,3.1466494387257,4.767340401536137
119,Sybil Attack,-0.25293730161258454,3.7370163940128838,-0.4610237029925257,-0.25293730161258454,3.7370163940128838,-0.4610237029925257,3.4840790924002993,-0.7139610046051102,3.275992691020358,3.023055389407774
2776,Sybil Attack,1.8172578747693364,3.7370163940128838,-0.8666166030529321,1.8172578747693364,3.7370163940128838,-0.8666166030529321,5.55427426878222,0.9506412717164043,2.8703997909599517,4.687657665729288
16276,Sybil Attack,0.20870426601843187,-0.4333799302091513,0.5280736879341594,0.20870426601843187,-0.4333799302091513,0.5280736879341594,-0.2246756641907194,0.7367779539525913,0.09469375772500815,0.30339802374344005
1721,Sybil Attack,1.6621381329763416,4.124861384845657,-0.8666166030529321,1.6621381329763416,4.124861384845657,-0.8666166030529321,5.786999517821998,0.7955215299234095,3.2582447817927247,4.920382914769066
2115,Sybil Attack,-0.011082508069102597,1.5581662449441682,-0.8666166030529321,-0.011082508069102597,1.5581662449441682,-0.8666166030529321,1.5470837368750656,-0.8776991111220347,0.6915496418912361,0.6804671338221335
14130,Sybil Attack,1.1161419333669256,3.737007591755053,-0.8666166030529321,1.1161419333669256,3.737007591755053,-0.8666166030529321,4.853149525121979,0.2495253303139935,2.870390988702121,3.986532922069047
1191,Sybil Attack,-0.7233807302296973,3.9622606640282867,0.15998774320980022,-0.7233807302296973,3.9622606640282867,0.15998774320980022,3.2388799337985894,-0.563392987019897,4.122248407238087,3.3988676770083894
885,Sybil Attack,0.8695976870840515,4.024676779955347,-0.8666166030529321,0.8695976870840515,4.024676779955347,-0.8666166030529321,4.8942744670393985,0.0029810840311194076,3.158060176902415,4.027657863986466
2372,Sybil Attack,0.6166450202654457,3.737015693800539,-0.8666166030529321,0.6166450202654457,3.737015693800539,-0.8666166030529321,4.353660714065985,-0.24997158278748643,2.870399090747607,3.4870441110130526
16314,Sybil Attack,1.5946915299582087,3.902625547691912,-0.8666166030529321,1.5946915299582087,3.902625547691912,-0.8666166030529321,5.497317077650121,0.7280749269052766,3.0360089446389797,4.630700474597189
1560,Sybil Attack,-0.7938446609786921,3.9669826668825703,-0.8666166030529321,-0.7938446609786921,3.9669826668825703,-0.8666166030529321,3.173138005903878,-1.6604612640316243,3.100366063829638,2.306521402850946
1731,Sybil Attack,0.13906478157162278,4.785797223921812,-0.8666166030529321,0.13906478157162278,4.785797223921812,-0.8666166030529321,4.924862005493435,-0.7275518214813093,3.91918062086888,4.0582454024405035
1844,Sybil Attack,1.6899946419686387,3.737007591755053,-0.8666166030529321,1.6899946419686387,3.737007591755053,-0.8666166030529321,5.427002233723692,0.8233780389157066,2.870390988702121,4.56038563067076
15571,Wormhole Attack,0.7961315210040151,3.737007591755053,-0.8666166030529321,0.7961315210040151,3.737007591755053,-0.8666166030529321,4.533139112759068,-0.07048508204891701,2.870390988702121,3.666522509706136
15166,Wormhole Attack,0.7714760144693494,-0.4746693935062382,1.4944283329765993,0.7714760144693494,-0.4746693935062382,1.4944283329765993,0.2968066209631112,2.265904347445949,1.019758939470361,1.7912349539397106
14608,Wormhole Attack,0.6617231149744418,5.675518438536575,-0.4883567764264101,0.6617231149744418,5.675518438536575,-0.4883567764264101,6.337241553511017,0.17336633854803168,5.1871616621101655,5.848884777084607
15769,Wormhole Attack,-0.7938446609786921,0.39188485538174134,1.4944283329765993,-0.7938446609786921,0.39188485538174134,1.4944283329765993,-0.40195980559695077,0.7005836719979072,1.8863131883583406,1.0924685273796486
14825,Wormhole Attack,2.323351927935585,-0.20140070629062423,1.4944283329765993,2.323351927935585,-0.20140070629062423,1.4944283329765993,2.1219512216449608,3.8177802609121843,1.293027626685975,3.61637955462156
15048,Wormhole Attack,0.5715564498704028,-0.46310160635921277,1.4944283329765993,0.5715564498704028,-0.46310160635921277,1.4944283329765993,0.10845484351119,2.065984782847002,1.0313267266173864,1.6028831764877893
14953,Wormhole Attack,1.6094936050000819,-0.0122702026788764,1.4944283329765993,1.6094936050000819,-0.0122702026788764,1.4944283329765993,1.5972234023212055,3.103921937976681,1.482158130297723,3.0916517352978046
7160,Wormhole Attack,1.4013100833948637,-0.44607360460054307,1.4944283329765993,1.4013100833948637,-0.44607360460054307,1.4944283329765993,0.9552364787943206,2.8957384163714632,1.0483547283760561,2.44966481177092
15810,Wormhole Attack,2.1019572769735175,-0.3595942719140032,1.4944283329765993,2.1019572769735175,-0.3595942719140032,1.4944283329765993,1.7423630050595142,3.596385609950117,1.134834061062596,3.2367913380361135
5215,Wormhole Attack,-0.019621208019396846,-0.010903822531338089,1.4944283329765993,-0.019621208019396846,-0.010903822531338089,1.4944283329765993,-0.030525030550734935,1.4748071249572023,1.4835245104452612,1.4639033024258643
15839,Wormhole Attack,0.35005861833435087,-0.88948205920772,1.4944283329765993,0.35005861833435087,-0.88948205920772,1.4944283329765993,-0.5394234408733691,1.84448695131095,0.6049462737688792,0.9550048921032301
15696,Wormhole Attack,-0.1287427941391422,-0.6530916610261459,3.308478539939145,-0.1287427941391422,-0.6530916610261459,3.308478539939145,-0.781834455165288,3.1797357458000026,2.6553868789129993,2.526644084773857
7467,Wormhole Attack,-0.5375799659111768,-0.8894825191080263,1.4944283329765993,-0.5375799659111768,-0.8894825191080263,1.4944283329765993,-1.4270624850192033,0.9568483670654224,0.6049458138685729,0.06736584795739597
5619,Wormhole Attack,0.08031917513188024,1.0403042044175355,1.4944283329765993,0.08031917513188024,1.0403042044175355,1.4944283329765993,1.1206233795494156,1.5747475081084794,2.5347325373941345,2.615051712526015
14758,Wormhole Attack,1.6157188902071509,-0.19307201110658928,1.4944283329765993,1.6157188902071509,-0.19307201110658928,1.4944283329765993,1.4226468791005615,3.11014722318375,1.30135632187001,2.917075212077161
7059,Wormhole Attack,2.17094170129156,-0.4657924215288975,-0.8666166030529321,2.17094170129156,-0.4657924215288975,-0.8666166030529321,1.7051492797626624,1.3043250982386279,-1.3324090245818296,0.8385326767097303
15692,Wormhole Attack,0.3758406332610261,-0.8894818289150174,1.4944283329765993,0.3758406332610261,-0.8894818289150174,1.4944283329765993,-0.5136411956539912,1.8702689662376253,0.6049465040615819,0.980787137322608
15636,Wormhole Attack,0.7402869471533767,0.9729698108573572,-0.8666166030529321,0.7402869471533767,0.9729698108573572,-0.8666166030529321,1.713256758010734,-0.12632965589955536,0.10635320780442514,0.846640154957802
6172,Wormhole Attack,1.122829829310757,-0.8894908614655501,1.4944283329765993,1.122829829310757,-0.8894908614655501,1.4944283329765993,0.2333389678452069,2.6172581622873565,0.6049374715110492,1.7277673008218062
5387,Wormhole Attack,1.7066833086085729,0.06255109891773983,1.4944283329765993,1.7066833086085729,0.06255109891773983,1.4944283329765993,1.7692344075263127,3.201111641585172,1.556979431894339,3.263662740502912
16122,Wormhole Attack,0.6166450202654457,1.9088249643401665,1.4944283329765993,0.6166450202654457,1.9088249643401665,1.4944283329765993,2.5254699846056123,2.1110733532420447,3.4032532973167657,4.019898317582212
15671,Wormhole Attack,1.6406070789842553,-0.4689361811511173,0.27159981296034263,1.6406070789842553,-0.4689361811511173,0.27159981296034263,1.171670897833138,1.912206891944598,-0.19733636819077466,1.4432707107934806
15230,Wormhole Attack,0.9221048712164467,-0.3981012874868235,1.4603210443513432,0.9221048712164467,-0.3981012874868235,1.4603210443513432,0.5240035837296232,2.38242591556779,1.0622197568645197,1.9843246280809663
15090,Wormhole Attack,-0.5210187830238481,-0.4479658588958364,1.4944283329765993,-0.5210187830238481,-0.4479658588958364,1.4944283329765993,-0.9689846419196845,0.9734095499527512,1.0464624740807629,0.5254436910569148
5338,Wormhole Attack,-0.8813340223246955,-0.69702726949864,1.4944283329765993,-0.8813340223246955,-0.69702726949864,1.4944283329765993,-1.5783612918233354,0.6130943106519038,0.7974010634779592,-0.08393295884673613
15927,Wormhole Attack,0.6270139112799658,-0.2575240064522865,1.4944283329765993,0.6270139112799658,-0.2575240064522865,1.4944283329765993,0.36948990482767924,2.1214422442565652,1.2369043265243127,1.8639182378042785
15573,Wormhole Attack,1.5623602605856897,3.969655443163933,-0.8666166030529321,1.5623602605856897,3.969655443163933,-0.8666166030529321,5.5320157037496225,0.6957436575327576,3.103038840111001,4.665399100696691
16100,Wormhole Attack,1.4013642735694094,-0.5356474459466497,-0.8666166030529321,1.4013642735694094,-0.5356474459466497,-0.8666166030529321,0.8657168276227597,0.5347476705164773,-1.402264048999582,-0.0008997754301723893
15937,Wormhole Attack,-0.051292700740469585,1.5880346304180513,1.4944283329765993,-0.051292700740469585,1.5880346304180513,1.4944283329765993,1.5367419296775817,1.4431356322361297,3.0824629633946508,3.031170262654181
6148,Wormhole Attack,0.5795949757572608,-0.06457991935004359,1.4944283329765993,0.5795949757572608,-0.06457991935004359,1.4944283329765993,0.5150150564072172,2.07402330873386,1.4298484136265557,2.0094433893838164
14956,Wormhole Attack,-0.7233807302296973,-0.5784306633018187,1.4944283329765993,-0.7233807302296973,-0.5784306633018187,1.4944283329765993,-1.301811393531516,0.771047602746902,0.9159976696747806,0.19261693944508318
14942,Wormhole Attack,1.6259168700168902,0.006546683996736095,0.8433143927104703,1.6259168700168902,0.006546683996736095,0.8433143927104703,1.6324635540136263,2.4692312627273605,0.8498610767072063,2.4757779467240963
16151,Wormhole Attack,-0.7233807302296973,-0.2791511739301469,0.7927693866044853,-0.7233807302296973,-0.2791511739301469,0.7927693866044853,-1.0025319041598442,0.06938865637478797,0.5136182126743384,-0.2097625175553589
7002,Wormhole Attack,2.168166273093345,-0.43767179793191496,1.4944283329765993,2.168166273093345,-0.43767179793191496,1.4944283329765993,1.7304944751614302,3.6625946060699444,1.0567565350446844,3.2249228081380297
15517,Wormhole Attack,1.7482801795242062,4.061794627014511,-0.8666166030529321,1.7482801795242062,4.061794627014511,-0.8666166030529321,5.810074806538718,0.8816635764712741,3.1951780239615792,4.943458203485786
5476,Wormhole Attack,-0.7832975922714941,-0.47519020767198955,1.4944283329765993,-0.7832975922714941,-0.47519020767198955,1.4944283329765993,-1.2584877999434836,0.7111307407051052,1.0192381253046097,0.23594053303311568
5646,Wormhole Attack,0.7961315210040151,-0.0645799196566859,1.4944283329765993,0.7961315210040151,-0.0645799196566859,1.4944283329765993,0.7315516013473292,2.2905598539806142,1.4298484133199134,2.2259799343239286
14732,Wormhole Attack,0.19436593770510402,0.06255109891773983,1.4581839175722708,0.19436593770510402,0.06255109891773983,1.4581839175722708,0.2569170366228438,1.6525498552773747,1.5207350164900106,1.7151009541951145
5874,Wormhole Attack,-0.9101592424137721,-0.696622544844194,1.4944283329765993,-0.9101592424137721,-0.696622544844194,1.4944283329765993,-1.6067817872579662,0.5842690905628272,0.7978057881324053,-0.1123534542813669
16175,Wormhole Attack,0.5395957719021565,-0.34447733213019605,1.4944283329765993,0.5395957719021565,-0.34447733213019605,1.4944283329765993,0.19511843977196042,2.034024104878756,1.1499510008464031,1.6895467727485598
15633,Wormhole Attack,1.5595367372704265,1.1655615443027665,1.4944283329765993,1.5595367372704265,1.1655615443027665,1.4944283329765993,2.7250982815731932,3.053965070247026,2.659989877279366,4.2195266145497925
5715,Wormhole Attack,0.45398735481067276,-0.5859642837044953,1.4944283329765993,0.45398735481067276,-0.5859642837044953,1.4944283329765993,-0.1319769288938225,1.948415687787272,0.908464049272104,1.3624514040827767
7381,Wormhole Attack,0.40334820488718137,0.9752204500623354,1.4944283329765993,0.40334820488718137,0.9752204500623354,1.4944283329765993,1.3785686549495169,1.8977765378637805,2.4696487830389344,2.872996987926116
5208,Wormhole Attack,0.38915873894768943,-0.8894818289150174,2.3386862126803276,0.38915873894768943,-0.8894818289150174,2.3386862126803276,-0.5003230899673279,2.727844951628017,1.4492043837653101,1.8383631227129997
15594,Wormhole Attack,1.4792349131748184,4.840463211803832,-0.8666166030529321,1.4792349131748184,4.840463211803832,-0.8666166030529321,6.31969812497865,0.6126183101218863,3.9738466087509,5.453081521925718
15897,Wormhole Attack,0.5827795231168832,4.481207205596101,0.168666372197041,0.5827795231168832,4.481207205596101,0.168666372197041,5.063986728712985,0.7514458953139243,4.649873577793143,5.232653100910026
7079,Wormhole Attack,0.612228205126797,-0.8894986183779343,1.4944283329765993,0.612228205126797,-0.8894986183779343,1.4944283329765993,-0.2772704132511373,2.106656538103396,0.604929714598665,1.2171579197254618
6312,Wormhole Attack,0.8738141698468205,0.07101158215504001,1.4944283329765993,0.8738141698468205,0.07101158215504001,1.4944283329765993,0.9448257520018605,2.3682425028234197,1.5654399151316394,2.43925408497846
16024,Wormhole Attack,0.6166450202654457,-0.3218123862826674,1.4944283329765993,0.6166450202654457,-0.3218123862826674,1.4944283329765993,0.29483263398277826,2.1110733532420447,1.1726159466939319,1.7892609669593775
15252,Wormhole Attack,2.0444746557303968,-0.2131535951238714,1.5979993716255807,2.0444746557303968,-0.2131535951238714,1.5979993716255807,1.8313210606065253,3.6424740273559775,1.3848457765017093,3.429320432232106
15061,Wormhole Attack,0.10655320963009005,-0.667352254876557,1.4944283329765993,0.10655320963009005,-0.667352254876557,1.4944283329765993,-0.560799045246467,1.6009815426066893,0.8270760781000422,0.9336292877301323
6280,Wormhole Attack,0.9109818180712262,-0.6552821521151804,1.4944283329765993,0.9109818180712262,-0.6552821521151804,1.4944283329765993,0.2556996659560459,2.4054101510478256,0.8391461808614189,1.750127998932645
15544,Wormhole Attack,1.625105094129781,4.015383521175675,-0.8666166030529321,1.625105094129781,4.015383521175675,-0.8666166030529321,5.640488615305456,0.758488491076849,3.148766918122743,4.773872012252523
15045,Wormhole Attack,2.149356640727095,-0.03520404255884271,1.4944283329765993,2.149356640727095,-0.03520404255884271,1.4944283329765993,2.114152598168252,3.6437849737036943,1.4592242904177566,3.6085809311448513
7431,Wormhole Attack,1.3475332407811154,0.32741439844369474,1.4944283329765993,1.3475332407811154,0.32741439844369474,1.4944283329765993,1.6749476392248102,2.8419615737577146,1.821842731420294,3.1693759722014097
6230,Wormhole Attack,0.5721800473568259,-0.8894986183779343,1.4944283329765993,0.5721800473568259,-0.8894986183779343,1.4944283329765993,-0.3173185710211084,2.066608380333425,0.604929714598665,1.1771097619554909
7340,Wormhole Attack,-0.8813340223246955,-0.4743108403124057,1.4944283329765993,-0.8813340223246955,-0.4743108403124057,1.4944283329765993,-1.3556448626371012,0.6130943106519038,1.0201174926641936,0.13878347033949812
7003,Wormhole Attack,0.6871089510144405,-0.5373434867370808,1.4944283329765993,0.6871089510144405,-0.5373434867370808,1.4944283329765993,0.1497654642773597,2.1815372839910396,0.9570848462395185,1.6441937972539589
15651,Wormhole Attack,-0.7233807302296973,-0.19158560089927104,1.4944283329765993,-0.7233807302296973,-0.19158560089927104,1.4944283329765993,-0.9149663311289683,0.771047602746902,1.3028427320773281,0.579462001847631
6948,Wormhole Attack,1.6876856115961398,0.06742317814994138,1.4944283329765993,1.6876856115961398,0.06742317814994138,1.4944283329765993,1.7551087897460813,3.1821139445727393,1.5618515111265407,3.2495371227226806
6493,Wormhole Attack,0.6140817865823791,-0.8820713382293657,1.4944283329765993,0.6140817865823791,-0.8820713382293657,1.4944283329765993,-0.26798955164698657,2.1085101195589786,0.6123569947472336,1.2264387813296127
15335,Wormhole Attack,-0.883897256007762,-0.11016959508772009,0.5055199700757926,-0.883897256007762,-0.11016959508772009,0.5055199700757926,-0.9940668510954821,-0.3783772859319694,0.3953503749880726,-0.48854688101968946
15510,Wormhole Attack,0.2267939297271041,3.9159022658839273,-0.8666166030529321,0.2267939297271041,3.9159022658839273,-0.8666166030529321,4.142696195611031,-0.639822673325828,3.0492856628309952,3.276079592558099
5249,Wormhole Attack,-0.9404972198991182,-0.23608135501686126,1.4944283329765993,-0.9404972198991182,-0.23608135501686126,1.4944283329765993,-1.1765785749159794,0.5539311130774811,1.258346977959738,0.3178497580606199
7061,Wormhole Attack,-0.7938446609786921,-0.6690403396855709,1.4944283329765993,-0.7938446609786921,-0.6690403396855709,1.4944283329765993,-1.4628850006642629,0.7005836719979072,0.8253879932910284,0.031543332312336414
6699,Wormhole Attack,1.4361906240138718,-0.88948205920772,1.4944283329765993,1.4361906240138718,-0.88948205920772,1.4944283329765993,0.5467085648061517,2.930618956990471,0.6049462737688792,2.041136897782751
7119,Wormhole Attack,1.998250936062533,-0.5862648733624032,-0.8666166030529321,1.998250936062533,-0.5862648733624032,-0.8666166030529321,1.4119860627001297,1.1316343330096008,-1.4528814764153353,0.5453694596471976
5346,Wormhole Attack,-2.291823703568833,0.06167601030269701,1.4944283329765993,-2.291823703568833,0.06167601030269701,1.4944283329765993,-2.2301476932661357,-0.7973953705922336,1.5561043432792963,-0.7357193602895364
15400,Wormhole Attack,0.6926466573178973,0.4911862790919116,1.4944283329765993,0.6926466573178973,0.4911862790919116,1.4944283329765993,1.183832936409809,2.1870749902944966,1.985614612068511,2.6782612693864083
15343,Wormhole Attack,1.6280590097055436,0.7256309142571272,2.1982442388338614,1.6280590097055436,0.7256309142571272,2.1982442388338614,2.353689923962671,3.8263032485394053,2.9238751530909886,4.551934162796533
6256,Wormhole Attack,-0.7233807302296973,-0.415232733042637,1.4944283329765993,-0.7233807302296973,-0.415232733042637,1.4944283329765993,-1.1386134632723344,0.771047602746902,1.0791955999339622,0.3558148697042649
5317,Wormhole Attack,-0.7233807302296973,0.3106663816695591,1.4944283329765993,-0.7233807302296973,0.3106663816695591,1.4944283329765993,-0.41271434856013817,0.771047602746902,1.8050947146461584,1.0817139844164612
14721,Wormhole Attack,0.6922238169109549,1.756942407301669,1.4944283329765993,0.6922238169109549,1.756942407301669,1.4944283329765993,2.449166224212624,2.1866521498875544,3.2513707402782686,3.9435945571892232
15000,Wormhole Attack,0.6166450202654457,0.278962540867174,1.2239453483639011,0.6166450202654457,0.278962540867174,1.2239453483639011,0.8956075611326196,1.8405903686293468,1.502907889231075,2.119552909496521
7218,Wormhole Attack,2.25232097111756,0.5032919230599698,1.4944283329765993,2.25232097111756,0.5032919230599698,1.4944283329765993,2.7556128941775295,3.746749304094159,1.997720256036569,4.250041227154129
7440,Wormhole Attack,0.2192599707736349,0.10277761616058961,1.4944283329765993,0.2192599707736349,0.10277761616058961,1.4944283329765993,0.3220375869342245,1.7136883037502342,1.5972059491371888,1.8164659199108237
15768,Wormhole Attack,0.6479044177492267,1.0183928158407367,1.4944283329765993,0.6479044177492267,1.0183928158407367,1.4944283329765993,1.6662972335899635,2.142332750725826,2.512821148817336,3.160725566566563
6192,Wormhole Attack,1.3646592861006221,1.0884863968257619,1.3857068228567595,1.3646592861006221,1.0884863968257619,1.3857068228567595,2.453145682926384,2.7503661089573814,2.4741932196825216,3.8388525057831435
15998,Wormhole Attack,1.6260413506476974,1.864638165700183,1.4944283329765993,1.6260413506476974,1.864638165700183,1.4944283329765993,3.49067951634788,3.1204696836242967,3.359066498676782,4.985107849324479
15541,Wormhole Attack,-0.7938446609786921,5.714439980687551,-0.8666166030529321,-0.7938446609786921,5.714439980687551,-0.8666166030529321,4.920595319708859,-1.6604612640316243,4.847823377634619,4.0539787166559265
5690,Wormhole Attack,0.6122473094646446,-0.8894825191080263,1.4944283329765993,0.6122473094646446,-0.8894825191080263,1.4944283329765993,-0.2772352096433818,2.106675642441244,0.6049458138685729,1.2171931233332174
5599,Wormhole Attack,0.8964453611016869,1.2848911723864231,-0.8666166030529321,0.8964453611016869,1.2848911723864231,-0.8666166030529321,2.18133653348811,0.029828758048754844,0.41827456933349105,1.314719930435178
14765,Wormhole Attack,-2.291823703568833,-0.4061236141684474,1.4944283329765993,-2.291823703568833,-0.4061236141684474,1.4944283329765993,-2.69794731773728,-0.7973953705922336,1.0883047188081518,-1.2035189847606809
15494,Wormhole Attack,-0.0920740170703984,1.2030028809849052,1.4944283329765993,-0.0920740170703984,1.2030028809849052,1.4944283329765993,1.1109288639145067,1.4023543159062009,2.6974312139615044,2.605357196891106
15615,Wormhole Attack,-0.7233807302296973,3.737007591755053,-0.8666166030529321,-0.7233807302296973,3.737007591755053,-0.8666166030529321,3.013626861525356,-1.5899973332826294,2.870390988702121,2.1470102584724238
15318,Wormhole Attack,0.5903893220197765,1.81578390154868,1.4944283329765993,0.5903893220197765,1.81578390154868,1.4944283329765993,2.4061732235684565,2.0848176549963755,3.310212234525279,3.900601556545056
5925,Wormhole Attack,0.1774887524446143,1.4014486951260372,0.3929017213314434,0.1774887524446143,1.4014486951260372,0.3929017213314434,1.5789374475706515,0.5703904737760577,1.7943504164574806,1.9718391689020949
6023,Wormhole Attack,1.8361921646423225,-0.6381316638586455,1.4944283329765993,1.8361921646423225,-0.6381316638586455,1.4944283329765993,1.198060500783677,3.3306204976189218,0.8562966691179538,2.6924888337602764
5670,Wormhole Attack,1.2159847360665228,-0.4001725960222205,1.4944283329765993,1.2159847360665228,-0.4001725960222205,1.4944283329765993,0.8158121400443024,2.7104130690431223,1.0942557369543788,2.310240473020902
5271,Wormhole Attack,-1.2850073518632035,1.3951674053719685,0.7813606358537294,-1.2850073518632035,1.3951674053719685,0.7813606358537294,0.11016005350876501,-0.5036467160094741,2.1765280412256978,0.8915206893624944
15484,Wormhole Attack,0.2560598035292217,-0.5940132541075558,1.4944283329765993,0.2560598035292217,-0.5940132541075558,1.4944283329765993,-0.3379534505783341,1.750488136505821,0.9004150788690435,1.1564748823982651
7288,Wormhole Attack,1.085148081653808,-0.8894924970940602,1.4944283329765993,1.085148081653808,-0.8894924970940602,1.4944283329765993,0.19565558455974774,2.579576414630407,0.6049358358825391,1.690083917536347
15570,Wormhole Attack,1.6170270783651637,5.70241078327736,-0.8666166030529321,1.6170270783651637,5.70241078327736,-0.8666166030529321,7.319437861642523,0.7504104753122316,4.835794180224427,6.452821258589591
5652,Wormhole Attack,0.07016826015728639,0.03237716439595406,1.4944283329765993,0.07016826015728639,0.03237716439595406,1.4944283329765993,0.10254542455324045,1.5645965931338857,1.5268054973725533,1.5969737575298397
15150,Wormhole Attack,-0.7938446609786921,-0.1004559744297725,0.6696538527062418,-0.7938446609786921,-0.1004559744297725,0.6696538527062418,-0.8943006354084646,-0.12419080827245033,0.5691978782764693,-0.22464678270222282
6459,Wormhole Attack,1.543450121195663,-0.8272970850844037,1.4944283329765993,1.543450121195663,-0.8272970850844037,1.4944283329765993,0.7161530361112594,3.0378784541722625,0.6671312478921956,2.2105813690878584
15919,Wormhole Attack,1.2028281001869687,-0.051851266012855786,1.4944283329765993,1.2028281001869687,-0.051851266012855786,1.4944283329765993,1.150976834174113,2.697256433163568,1.4425770669637434,2.645405167150712
15155,Wormhole Attack,-1.1815415859350213,3.7370159341125775,1.4944283329765993,-1.1815415859350213,3.7370159341125775,1.4944283329765993,2.5554743481775564,0.31288674704157793,5.231444267089177,4.049902681154156
15223,Wormhole Attack,0.32709437159901583,-0.0928145272461561,2.0170979498786155,0.32709437159901583,-0.0928145272461561,2.0170979498786155,0.23427984435285973,2.3441923214776312,1.9242834226324594,2.251377794231475
5353,Wormhole Attack,-1.6303766348933064,-0.5331111020085467,1.4944283329765993,-1.6303766348933064,-0.5331111020085467,1.4944283329765993,-2.1634877369018533,-0.13594830191670715,0.9613172309680525,-0.669059403925254
6601,Wormhole Attack,2.2239585598813036,-0.20771652784973005,1.4944283329765993,2.2239585598813036,-0.20771652784973005,1.4944283329765993,2.0162420320315735,3.718386892857903,1.2867118051268691,3.5106703650081728
16082,Wormhole Attack,-0.7938446609786921,-0.4220657192815573,-0.8666166030529321,-0.7938446609786921,-0.4220657192815573,-0.8666166030529321,-1.2159103802602493,-1.6604612640316243,-1.2886823223344894,-2.0825269833131816
6008,Wormhole Attack,-0.3812628138934564,-0.8408520181428891,1.4944283329765993,-0.3812628138934564,-0.8408520181428891,1.4944283329765993,-1.2221148320363455,1.1131655190831429,0.6535763148337101,0.27231350094025375
15780,Wormhole Attack,2.173370397750829,-0.20162774503810107,-0.4027518469667772,2.173370397750829,-0.20162774503810107,-0.4027518469667772,1.971742652712728,1.7706185507840517,-0.6043795920048782,1.5689908057459507
6722,Wormhole Attack,1.6104746138512336,1.400294264564107,1.4944283329765993,1.6104746138512336,1.400294264564107,1.4944283329765993,3.0107688784153406,3.104902946827833,2.8947225975407065,4.505197211391939
6087,Wormhole Attack,1.400377692968305,0.0656580202050416,1.4944283329765993,1.400377692968305,0.0656580202050416,1.4944283329765993,1.4660357131733466,2.894806025944904,1.560086353181641,2.960464046149946
7300,Wormhole Attack,0.21154675150956448,-0.8894837282343722,1.4944283329765993,0.21154675150956448,-0.8894837282343722,1.4944283329765993,-0.6779369767248077,1.7059750844861639,0.6049446047422271,0.8164913562517916
6204,Wormhole Attack,0.4517319132282811,-0.4211814723208858,1.4944283329765993,0.4517319132282811,-0.4211814723208858,1.4944283329765993,0.030550440907395282,1.9461602462048804,1.0732468606557135,1.5249787738839946
15238,Wormhole Attack,-0.7233807302296973,-0.25495840640902223,2.987115521781769,-0.7233807302296973,-0.25495840640902223,2.987115521781769,-0.9783391366387195,2.263734791552072,2.732157115372747,2.0087763851430496
5750,Wormhole Attack,1.8274817918591353,-0.536940859506069,1.4944283329765993,1.8274817918591353,-0.536940859506069,1.4944283329765993,1.2905409323530663,3.3219101248357346,0.9574874734705303,2.7849692653296656
5583,Wormhole Attack,1.5206911551494953,-0.8894908614655501,1.4944283329765993,1.5206911551494953,-0.8894908614655501,1.4944283329765993,0.6312002936839451,3.0151194881260945,0.6049374715110492,2.1256286266605446
5764,Wormhole Attack,1.49500624433136,0.3094703482284234,1.4944283329765993,1.49500624433136,0.3094703482284234,1.4944283329765993,1.8044765925597834,2.9894345773079594,1.8038986812050226,3.298904925536383
15111,Wormhole Attack,1.7210073363811695,-0.42677614409618514,1.4944283329765993,1.7210073363811695,-0.42677614409618514,1.4944283329765993,1.2942311922849843,3.2154356693577686,1.0676521888804142,2.7886595252615836
5334,Wormhole Attack,1.3475332407811154,0.06624797433650657,1.4944283329765993,1.3475332407811154,0.06624797433650657,1.4944283329765993,1.413781215117622,2.8419615737577146,1.5606763073131058,2.908209548094221
5634,Wormhole Attack,2.0354354055181947,-0.6313381455620384,1.4944283329765993,2.0354354055181947,-0.6313381455620384,1.4944283329765993,1.4040972599561563,3.529863738494794,0.8630901874145609,2.8985255929327556
14670,Wormhole Attack,0.23684146223802774,3.737007591755053,0.2955572582370938,0.23684146223802774,3.737007591755053,0.2955572582370938,3.973849053993081,0.5323987204751215,4.032564849992147,4.269406312230175
5604,Wormhole Attack,1.3307363585873564,-0.18252407679326824,1.4944283329765993,1.3307363585873564,-0.18252407679326824,1.4944283329765993,1.148212281794088,2.8251646915639554,1.311904256183331,2.6426406147706873
5224,Wormhole Attack,0.32709437159901583,0.5012534074327923,1.4944283329765993,0.32709437159901583,0.5012534074327923,1.4944283329765993,0.8283477790318081,1.821522704575615,1.9956817404093916,2.322776112008407
15601,Wormhole Attack,-0.7057446498178549,3.7370159341125775,-0.8666166030529321,-0.7057446498178549,3.7370159341125775,-0.8666166030529321,3.0312712842947227,-1.5723612528707869,2.8703993310596454,2.1646546812417906
6469,Wormhole Attack,-0.7233807302296973,-0.8894918989982663,1.4944283329765993,-0.7233807302296973,-0.8894918989982663,1.4944283329765993,-1.6128726292279636,0.771047602746902,0.604936433978333,-0.11844429625136432
6471,Wormhole Attack,0.7589768617001855,-0.88948205920772,1.4944283329765993,0.7589768617001855,-0.88948205920772,1.4944283329765993,-0.13050519750753453,2.253405194676785,0.6049462737688792,1.3639231354690646
7247,Wormhole Attack,0.1891558850819245,-0.48986821328727304,1.4944283329765993,0.1891558850819245,-0.48986821328727304,1.4944283329765993,-0.30071232820534854,1.6835842180585239,1.0045601196893261,1.1937160047712507
6760,Wormhole Attack,0.9384552839696851,-0.5377383927942901,1.061811992477603,0.9384552839696851,-0.5377383927942901,1.061811992477603,0.400716891175395,2.000267276447288,0.5240735996833129,1.4625288836529982
7428,Wormhole Attack,2.175387517826544,1.4064122088158024,1.4944283329765993,2.175387517826544,1.4064122088158024,1.4944283329765993,3.5817997266423465,3.6698158508031433,2.9008405417924017,5.076228059618946
14684,Wormhole Attack,0.7638670712106722,5.703401565828663,-0.8666166030529321,0.7638670712106722,5.703401565828663,-0.8666166030529321,6.467268637039336,-0.10274953184225988,4.836784962775731,5.600652033986403
14759,Wormhole Attack,1.227723438955632,-0.18171429642807127,1.4944283329765993,1.227723438955632,-0.18171429642807127,1.4944283329765993,1.0460091425275606,2.7221517719322312,1.312714036548528,2.54043747550416
7209,Wormhole Attack,1.7040722390614274,-0.8894827594200645,1.4944283329765993,1.7040722390614274,-0.8894827594200645,1.4944283329765993,0.8145894796413629,3.198500572038027,0.6049455735565348,2.309017812617962
6368,Wormhole Attack,1.4130630845937375,0.32753117347321997,1.4944283329765993,1.4130630845937375,0.32753117347321997,1.4944283329765993,1.7405942580669576,2.907491417570337,1.8219595064498193,3.235022591043557
16167,Wormhole Attack,1.6622845000390303,-0.15564673206758964,1.4944283329765993,1.6622845000390303,-0.15564673206758964,1.4944283329765993,1.5066377679714407,3.1567128330156295,1.3387816009090097,3.00106610094804
14995,Wormhole Attack,-0.7233807302296973,0.10558372126738343,1.4944283329765993,-0.7233807302296973,0.10558372126738343,1.4944283329765993,-0.6177970089623138,0.771047602746902,1.6000120542439826,0.8766313240142855
6495,Wormhole Attack,1.713309726732039,-0.018801780787626635,1.4944283329765993,1.713309726732039,-0.018801780787626635,1.4944283329765993,1.6945079459444123,3.207738059708638,1.4756265521889727,3.1889362789210116
15423,Wormhole Attack,-2.2213597728198384,-0.14165131269943404,0.3591437040452123,-2.2213597728198384,-0.14165131269943404,0.3591437040452123,-2.3630110855192723,-1.862216068774626,0.21749239134577825,-2.00386738147406
6595,Wormhole Attack,-0.9853816906269666,-0.8820713357069006,1.4944283329765993,-0.9853816906269666,-0.8820713357069006,1.4944283329765993,-1.8674530263338671,0.5090466423496327,0.6123569972696987,-0.37302469335726784
6454,Wormhole Attack,1.7569813096563314,-0.8894908614655501,1.4944283329765993,1.7569813096563314,-0.8894908614655501,1.4944283329765993,0.8674904481907812,3.2514096426329306,0.6049374715110492,2.3619187811673807
14792,Wormhole Attack,1.604532252220231,-0.49051890382965635,2.9365047250638114,1.604532252220231,-0.49051890382965635,2.9365047250638114,1.1140133483905745,4.541036977284042,2.445985821234155,4.050518073454386
15545,Wormhole Attack,0.6529911341616201,3.7370075917550656,-0.8666166030529321,0.6529911341616201,3.7370075917550656,-0.8666166030529321,4.389998725916685,-0.21362546889131195,2.8703909887021335,3.523382122863753
16162,Wormhole Attack,0.6166450202654457,1.2932924902794725,1.4944283329765993,0.6166450202654457,1.2932924902794725,1.4944283329765993,1.9099375105449181,2.1110733532420447,2.7877208232560715,3.4043658435215174
14934,Wormhole Attack,0.9438369404816648,1.3228013304036035,1.4944283329765993,0.9438369404816648,1.3228013304036035,1.4944283329765993,2.2666382708852684,2.438265273458264,2.8172296633802025,3.7610666038618676
14718,Wormhole Attack,2.0589612334626683,-0.8894827594200645,1.4944283329765993,2.0589612334626683,-0.8894827594200645,1.4944283329765993,1.1694784740426039,3.5533895664392676,0.6049455735565348,2.6639068070192033
16032,Wormhole Attack,1.7348205048281682,-0.8820713382293657,-0.8666166030529321,1.7348205048281682,-0.8820713382293657,-0.8666166030529321,0.8527491665988025,0.8682039017752361,-1.7486879412822978,-0.013867436454129578
14845,Wormhole Attack,1.638334305392113,-0.5561601357448857,1.4944283329765993,1.638334305392113,-0.5561601357448857,1.4944283329765993,1.0821741696472276,3.132762638368712,0.9382681972317136,2.576602502623827
15846,Wormhole Attack,1.6280590097055436,-0.005498994171758968,1.4944283329765993,1.6280590097055436,-0.005498994171758968,1.4944283329765993,1.6225600155337847,3.1224873426821427,1.4889293388048404,3.116988348510384
15031,Wormhole Attack,1.6784926234992412,-0.8894827594200645,1.4944283329765993,1.6784926234992412,-0.8894827594200645,1.4944283329765993,0.7890098640791767,3.1729209564758403,0.6049455735565348,2.283438197055776
5997,Wormhole Attack,1.218153330339351,-0.8894918989982663,1.4944283329765993,1.218153330339351,-0.8894918989982663,1.4944283329765993,0.3286614313410847,2.7125816633159503,0.604936433978333,1.823089764317684
5388,Wormhole Attack,1.5486121736893963,-0.8821153476857203,1.4944283329765993,1.5486121736893963,-0.8821153476857203,1.4944283329765993,0.666496826003676,3.043040506665996,0.612312985290879,2.1609251589802754
14597,Wormhole Attack,0.1901106709658936,0.032528633998569416,1.167021421634833,0.1901106709658936,0.032528633998569416,1.167021421634833,0.22263930496446302,1.3571320926007264,1.1995500556334022,1.389660726599296
6084,Wormhole Attack,-1.2216892088067108,1.4101192853645301,0.027702278505152944,-1.2216892088067108,1.4101192853645301,0.027702278505152944,0.1884300765578193,-1.1939869303015578,1.437821563869683,0.21613235506297224
15870,Wormhole Attack,0.008119682783473683,-0.17794206108788696,1.4944283329765993,0.008119682783473683,-0.17794206108788696,1.4944283329765993,-0.16982237830441327,1.502548015760073,1.3164862718887123,1.324605954672186
6095,Wormhole Attack,0.6140817865823791,-0.5027865240122456,1.4944283329765993,0.6140817865823791,-0.5027865240122456,1.4944283329765993,0.11129526257013356,2.1085101195589786,0.9916418089643537,1.6057235955467328
15473,Wormhole Attack,1.227723438955632,1.0573784718440544,1.1684879061608677,1.227723438955632,1.0573784718440544,1.1684879061608677,2.2851019107996864,2.3962113451165,2.2258663780049224,3.4535898169605543
6275,Wormhole Attack,0.1871231876485587,-0.4654384881223678,1.4944283329765993,0.1871231876485587,-0.4654384881223678,1.4944283329765993,-0.27831530047380915,1.681551520625158,1.0289898448542314,1.2161130325027902
5483,Wormhole Attack,1.469402090948417,-0.88948205920772,1.4944283329765993,1.469402090948417,-0.88948205920772,1.4944283329765993,0.5799200317406968,2.963830423925016,0.6049462737688792,2.074348364717296
5953,Wormhole Attack,2.1557922610442732,-0.8894924970940602,1.4944283329765993,2.1557922610442732,-0.8894924970940602,1.4944283329765993,1.266299763950213,3.6502205940208725,0.6049358358825391,2.760728096926812
6437,Wormhole Attack,0.3839399110349686,-0.8894918989982663,1.4944283329765993,0.3839399110349686,-0.8894918989982663,1.4944283329765993,-0.5055519879632977,1.8783682440115679,0.604936433978333,0.9888763450133016
6251,Wormhole Attack,1.3624051176966174,-0.8455935308380855,1.4944283329765993,1.3624051176966174,-0.8455935308380855,1.4944283329765993,0.5168115868585319,2.856833450673217,0.6488348021385137,2.0112399198351314
6014,Wormhole Attack,1.920049698876344,-0.5749959318594587,-0.8666166030529321,1.920049698876344,-0.5749959318594587,-0.8666166030529321,1.3450537670168852,1.053433095823412,-1.441612534912391,0.4784371639639531
15326,Wormhole Attack,0.17647833158633666,-0.005845674947122876,1.4944283329765993,0.17647833158633666,-0.005845674947122876,1.4944283329765993,0.1706326566392138,1.670906664562936,1.4885826580294763,1.665060989615813
7000,Wormhole Attack,1.6090486161372834,-0.49051890346117316,1.4944283329765993,1.6090486161372834,-0.49051890346117316,1.4944283329765993,1.1185297126761102,3.1034769491138827,1.003909429515426,2.6129580456527095
6127,Wormhole Attack,1.5885296540080887,0.06477274039550637,1.4944283329765993,1.5885296540080887,0.06477274039550637,1.4944283329765993,1.653302394403595,3.082957986984688,1.5592010733721056,3.1477307273801944
5615,Wormhole Attack,1.9724415364031753,-0.8894918989982663,1.4944283329765993,1.9724415364031753,-0.8894918989982663,1.4944283329765993,1.082949637404909,3.4668698693797744,0.604936433978333,2.5773779703815083
14936,Wormhole Attack,-0.7233807302296973,-0.3261286774059761,1.4944283329765993,-0.7233807302296973,-0.3261286774059761,1.4944283329765993,-1.0495094076356735,0.771047602746902,1.168299655570623,0.4449189253409258
15784,Wormhole Attack,0.6529911341616201,-0.2922337517391721,1.4944283329765993,0.6529911341616201,-0.2922337517391721,1.4944283329765993,0.36075738242244804,2.1474194671382194,1.202194581237427,1.8551857153990472
15660,Wormhole Attack,0.2267939297271041,0.07229403839527035,1.4944283329765993,0.2267939297271041,0.07229403839527035,1.4944283329765993,0.2990879681223745,1.7212222627037033,1.5667223713718696,1.7935163010989736
15686,Wormhole Attack,2.0143752727552195,-0.5644253409492148,1.4944283329765993,2.0143752727552195,-0.5644253409492148,1.4944283329765993,1.4499499318060047,3.508803605731819,0.9300029920273845,2.9443782647826042
7222,Wormhole Attack,0.0930067774016828,-0.696622544844194,1.4944283329765993,0.0930067774016828,-0.696622544844194,1.4944283329765993,-0.6036157674425111,1.587435110378282,0.7978057881324053,0.8908125655340882
16090,Wormhole Attack,0.6529911341616201,-0.18089640311050037,-0.8666166030529321,0.6529911341616201,-0.18089640311050037,-0.8666166030529321,0.47209473105111976,-0.21362546889131195,-1.0475130061634323,-0.3945218720018123
5679,Wormhole Attack,1.742309383063923,0.06471679563407727,1.4944283329765993,1.742309383063923,0.06471679563407727,1.4944283329765993,1.8070261786980002,3.236737716040522,1.5591451286106766,3.3014545116745992
15649,Wormhole Attack,-0.7938446609786921,-0.032196869196421986,1.4944283329765993,-0.7938446609786921,-0.032196869196421986,1.4944283329765993,-0.8260415301751141,0.7005836719979072,1.4622314637801772,0.6683868028014852
7368,Wormhole Attack,0.06288343543460702,-0.5110335638283314,1.4944283329765993,0.06288343543460702,-0.5110335638283314,1.4944283329765993,-0.4481501283937244,1.5573117684112063,0.9833947691482678,1.046278204582875
6467,Wormhole Attack,1.5743940179135851,-0.5056872393710863,1.4944283329765993,1.5743940179135851,-0.5056872393710863,1.4944283329765993,1.0687067785424988,3.0688223508901844,0.988741093605513,2.563135111519098
7433,Wormhole Attack,-0.7233807302296973,-0.88948205920772,1.4944283329765993,-0.7233807302296973,-0.88948205920772,1.4944283329765993,-1.6128627894374175,0.771047602746902,0.6049462737688792,-0.11843445646081818
15859,Wormhole Attack,1.7243863921057931,1.4752100974710154,1.4944283329765993,1.7243863921057931,1.4752100974710154,1.4944283329765993,3.1995964895768085,3.2188147250823924,2.9696384304476147,4.694024822553407
5592,Wormhole Attack,1.608838521713106,-0.8582708408988866,0.7800521508324925,1.608838521713106,-0.8582708408988866,0.7800521508324925,0.7505676808142194,2.3888906725455987,-0.07821869006639415,1.530619831646712
14908,Wormhole Attack,-0.9216652349813964,-0.8821153476857203,1.4944283329765993,-0.9216652349813964,-0.8821153476857203,1.4944283329765993,-1.8037805826671167,0.5727630979952029,0.612312985290879,-0.30935224969051744
5322,Wormhole Attack,0.5649114432362066,-0.4707863432160316,0.890992050596905,0.5649114432362066,-0.4707863432160316,0.890992050596905,0.09412510002017499,1.4559034938331115,0.42020570738087343,0.9851171506170799
16140,Wormhole Attack,1.0513216068678586,-0.08953810868927173,1.4944283329765993,1.0513216068678586,-0.08953810868927173,1.4944283329765993,0.9617834981785869,2.545749939844458,1.4048902242873276,2.456211831155186
15205,Wormhole Attack,-0.7233807302296973,1.6710421736571572,1.710591949483516,-0.7233807302296973,1.6710421736571572,1.710591949483516,0.94766144342746,0.9872112192538187,3.3816341231406732,2.658253392910976
7374,Wormhole Attack,0.9891799465524135,-0.8820713341787798,1.4944283329765993,0.9891799465524135,-0.8820713341787798,1.4944283329765993,0.10710861237363367,2.4836082795290126,0.6123569987978195,1.601536945350233
6010,Wormhole Attack,0.0469468854466341,-0.46543848835930773,1.4944283329765993,0.0469468854466341,-0.46543848835930773,1.4944283329765993,-0.4184916029126736,1.5413752184232334,1.0289898446172916,1.0759367300639258
6332,Wormhole Attack,2.12669450325332,-0.4211814723208858,1.4944283329765993,2.12669450325332,-0.4211814723208858,1.4944283329765993,1.7055130309324342,3.6211228362299193,1.0732468606557135,3.1999413639090335
15526,Wormhole Attack,1.3857644301586676,3.7370159341125775,-0.8666166030529321,1.3857644301586676,3.7370159341125775,-0.8666166030529321,5.122780364271245,0.5191478271057355,2.8703993310596454,4.256163761218312
6115,Wormhole Attack,2.0242661716716466,-0.5377383927942901,1.4944283329765993,2.0242661716716466,-0.5377383927942901,1.4944283329765993,1.4865277788773565,3.518694504648246,0.9566899401823091,2.980956111853956
15893,Wormhole Attack,-2.291823703568833,3.7370163940128838,-0.8666166030529321,-2.291823703568833,3.7370163940128838,-0.8666166030529321,1.4451926904440509,-3.158440306621765,2.8703997909599517,0.5785760873911188
5954,Wormhole Attack,-0.7233807302296973,-0.8894903812888495,1.4944283329765993,-0.7233807302296973,-0.8894903812888495,1.4944283329765993,-1.6128711115185468,0.771047602746902,0.6049379516877498,-0.11844277854194751
7466,Wormhole Attack,0.48587515902883077,-0.27750228361587853,1.4944283329765993,0.48587515902883077,-0.27750228361587853,1.4944283329765993,0.20837287541295224,1.98030349200543,1.2169260493607208,1.7028012083895514
5786,Wormhole Attack,1.5548740805326595,-0.8894986183779343,1.4944283329765993,1.5548740805326595,-0.8894986183779343,1.4944283329765993,0.6653754621547252,3.049302413509259,0.604929714598665,2.1598037951313245
7334,Wormhole Attack,1.364265034130267,-0.4188354644795642,1.4944283329765993,1.364265034130267,-0.4188354644795642,1.4944283329765993,0.9454295696507027,2.8586933671068664,1.075592868497035,2.4398579026273017
15525,Wormhole Attack,0.02593106108125786,5.714439980687551,-0.8666166030529321,0.02593106108125786,5.714439980687551,-0.8666166030529321,5.740371041768809,-0.8406855419716742,4.847823377634619,4.873754438715878
15794,Wormhole Attack,2.1359280308735786,0.15659018616808845,1.4944283329765993,2.1359280308735786,0.15659018616808845,1.4944283329765993,2.292518217041667,3.630356363850178,1.6510185191446878,3.7869465500182664
6868,Wormhole Attack,0.2192599707736349,1.410421082820945,1.4944283329765993,0.2192599707736349,1.410421082820945,1.4944283329765993,1.6296810535945798,1.7136883037502342,2.9048494157975444,3.1241093865711793
6931,Wormhole Attack,0.5873793215902826,-0.6583612609509104,1.4944283329765993,0.5873793215902826,-0.6583612609509104,1.4944283329765993,-0.0709819393606278,2.081807654566882,0.8360670720256889,1.4234463936159716
6348,Wormhole Attack,1.9251449246288166,0.0656232782625855,1.4944283329765993,1.9251449246288166,0.0656232782625855,1.4944283329765993,1.990768202891402,3.419573257605416,1.5600516112391847,3.4851965358680013
5369,Wormhole Attack,0.8249350907701686,-0.45547312588426075,1.4944283329765993,0.8249350907701686,-0.45547312588426075,1.4944283329765993,0.3694619648859078,2.319363423746768,1.0389552070923385,1.8638902978625072
6819,Wormhole Attack,1.6903661882698333,-0.8894908614655501,1.4944283329765993,1.6903661882698333,-0.8894908614655501,1.4944283329765993,0.8008753268042832,3.184794521246433,0.6049374715110492,2.2953036597808825
15455,Wormhole Attack,1.5377635247443473,1.0841785462954394,1.4944283329765993,1.5377635247443473,1.0841785462954394,1.4944283329765993,2.6219420710397867,3.032191857720947,2.578606879272039,4.116370404016386
7375,Wormhole Attack,1.212935453910142,-0.4715080872632124,1.4944283329765993,1.212935453910142,-0.4715080872632124,1.4944283329765993,0.7414273666469295,2.7073637868867415,1.0229202457133868,2.235855699623529
15922,Wormhole Attack,2.0469721444987363,0.0422719796726385,1.4944283329765993,2.0469721444987363,0.0422719796726385,1.4944283329765993,2.089244124171375,3.5414004774753356,1.5367003126492378,3.583672457147974
6787,Wormhole Attack,1.1575233368409568,-0.8894908614655501,1.4944283329765993,1.1575233368409568,-0.8894908614655501,1.4944283329765993,0.26803247537540664,2.651951669817556,0.6049374715110492,1.762460808352006
15778,Wormhole Attack,-0.7233807302296973,-0.5116151635005979,1.4944283329765993,-0.7233807302296973,-0.5116151635005979,1.4944283329765993,-1.2349958937302952,0.771047602746902,0.9828131694760014,0.2594324392463041
7182,Wormhole Attack,1.4976848183346516,-0.48943615035806287,1.4944283329765993,1.4976848183346516,-0.48943615035806287,1.4944283329765993,1.0082486679765887,2.992113151311251,1.0049921826185364,2.502677000953188
