test_idx,label,W2_c2,W2_network,W2_physical,W2_c2_only,W2_network_only,W2_physical_only,W2_c2_network,W2_c2_physical,W2_network_physical,W2_all_three
2925,Blackhole Attack,1.4050504441173268,0.2766178887613844,-0.0682293325029983,1.4050504441173268,0.2766178887613844,-0.0682293325029983,1.6816683328787112,1.3368211116143285,0.2083885562583861,1.6134390003757129
3628,Blackhole Attack,-0.13269120208454474,0.1061704293109827,1.4944283329765993,-0.13269120208454474,0.1061704293109827,1.4944283329765993,-0.026520772773562046,1.3617371308920545,1.600598762287582,1.4679075602030371
11673,Blackhole Attack,-0.6732894379297305,0.2631887730882559,1.4944283329765993,-0.6732894379297305,0.2631887730882559,1.4944283329765993,-0.4101006648414746,0.8211388950468688,1.757617106064855,1.0843276681351246
13307,Blackhole Attack,-0.059502345204741035,2.5923033526752897,1.4944283329765993,-0.059502345204741035,2.5923033526752897,1.4944283329765993,2.5328010074705487,1.4349259877718583,4.086731685651889,4.027229340447148
3824,Blackhole Attack,1.7573155023601066,-0.1492924341504072,1.4944283329765993,1.7573155023601066,-0.1492924341504072,1.4944283329765993,1.6080230682096994,3.251743835336706,1.3451358988261921,3.1024514011862987
9289,Blackhole Attack,-0.6648043059282529,-0.013984080895653228,1.4944283329765993,-0.6648043059282529,-0.013984080895653228,1.4944283329765993,-0.6787883868239062,0.8296240270483464,1.480444252080946,0.8156399461526931
3040,Blackhole Attack,-0.3393388108462018,-0.017620761252293504,1.4944283329765993,-0.3393388108462018,-0.017620761252293504,1.4944283329765993,-0.3569595720984953,1.1550895221303974,1.4768075717243057,1.137468760878104
11955,Blackhole Attack,-0.4339316786627399,0.01954888496889076,1.4944283329765993,-0.4339316786627399,0.01954888496889076,1.4944283329765993,-0.41438279369384917,1.0604966543138594,1.51397721794549,1.0800455392827502
11894,Blackhole Attack,1.238132747341469,0.7296199254642679,1.4944283329765993,1.238132747341469,0.7296199254642679,1.4944283329765993,1.9677526728057368,2.732561080318068,2.224048258440867,3.462181005782336
13028,Blackhole Attack,0.30648983345316444,0.4642474269537604,1.4944283329765993,0.30648983345316444,0.4642474269537604,1.4944283329765993,0.7707372604069249,1.8009181664297638,1.9586757599303597,2.265165593383524
3642,Blackhole Attack,0.6123282301884686,0.2593390512084504,1.4944283329765993,0.6123282301884686,0.2593390512084504,1.4944283329765993,0.8716672813969191,2.1067565631650678,1.7537673841850496,2.3660956143735183
4314,Blackhole Attack,-0.236466196625726,0.028356215442161537,1.4944283329765993,-0.236466196625726,0.028356215442161537,1.4944283329765993,-0.20810998118356444,1.2579621363508733,1.5227845484187608,1.2863183517930348
4697,Blackhole Attack,1.5726036135587853,-0.012663609254882198,1.4944283329765993,1.5726036135587853,-0.012663609254882198,1.4944283329765993,1.5599400043039031,3.0670319465353844,1.481764723721717,3.0543683372805024
4347,Blackhole Attack,1.878055158040343,0.015943692224120835,1.4944283329765993,1.878055158040343,0.015943692224120835,1.4944283329765993,1.8939988502644638,3.3724834910169426,1.51037202520072,3.3884271832410633
3906,Blackhole Attack,-0.1589098395026545,0.22318357662515184,1.4944283329765993,-0.1589098395026545,0.22318357662515184,1.4944283329765993,0.06427373712249734,1.3355184934739448,1.717611909601751,1.5587020700990966
13319,Blackhole Attack,0.5383565345530147,3.3224283332088054,1.4944283329765993,0.5383565345530147,3.3224283332088054,1.4944283329765993,3.86078486776182,2.032784867529614,4.816856666185405,5.355213200738419
4928,Blackhole Attack,2.163773811931052,0.02645962230626721,1.4944283329765993,2.163773811931052,0.02645962230626721,1.4944283329765993,2.1902334342373195,3.6582021449076514,1.5208879552828665,3.684661767213919
4527,Blackhole Attack,2.066340983687445,0.0157822255311872,1.4944283329765993,2.066340983687445,0.0157822255311872,1.4944283329765993,2.0821232092186324,3.5607693166640444,1.5102105585077865,3.5765515421952316
4786,Blackhole Attack,2.2825432022336725,0.8491482944644909,1.4944283329765993,2.2825432022336725,0.8491482944644909,1.4944283329765993,3.1316914966981635,3.7769715352102717,2.3435766274410903,4.626119829674763
4091,Blackhole Attack,1.7608145886420181,-0.1521325350037346,1.4944283329765993,1.7608145886420181,-0.1521325350037346,1.4944283329765993,1.6086820536382835,3.2552429216186174,1.3422957979728647,3.103110386614883
3395,Blackhole Attack,1.0829887439319623,-3.8733550765064453,1.4944283329765993,1.0829887439319623,-3.8733550765064453,1.4944283329765993,-2.790366332574483,2.577417076908562,-2.378926743529846,-1.295937999597884
12523,Blackhole Attack,0.18073220055798608,1.279151105981101,1.4944283329765993,0.18073220055798608,1.279151105981101,1.4944283329765993,1.459883306539087,1.6751605335345854,2.7735794389577,2.9543116395156863
3191,Blackhole Attack,1.392426165468319,0.028356215442161537,1.4944283329765993,1.392426165468319,0.028356215442161537,1.4944283329765993,1.4207823809104805,2.8868544984449183,1.5227845484187608,2.9152107138870798
3770,Blackhole Attack,0.9016752986643927,0.026459641862534283,1.4944283329765993,0.9016752986643927,0.026459641862534283,1.4944283329765993,0.9281349405269269,2.396103631640992,1.5208879748391335,2.4225632735035263
12357,Blackhole Attack,0.9685738047207454,-1.5447987000459715,1.4944283329765993,0.9685738047207454,-1.5447987000459715,1.4944283329765993,-0.5762248953252261,2.4630021376973446,-0.05037036706937226,0.9182034376513731
4514,Blackhole Attack,1.8035761257183283,0.017722444396789487,1.4944283329765993,1.8035761257183283,0.017722444396789487,1.4944283329765993,1.8212985701151176,3.2980044586949275,1.5121507773733887,3.3157269030917167
3561,Blackhole Attack,0.49313914123673425,0.6611948178564205,1.4944283329765993,0.49313914123673425,0.6611948178564205,1.4944283329765993,1.1543339590931547,1.9875674742133336,2.1556231508330197,2.6487622920697538
12281,Blackhole Attack,1.3279292161484162,-1.8247560078952778,1.4944283329765993,1.3279292161484162,-1.8247560078952778,1.4944283329765993,-0.4968267917468616,2.8223575491250155,-0.33032767491867854,0.9976015412297377
3436,Blackhole Attack,1.569594360679213,-1.666543494529301,1.4944283329765993,1.569594360679213,-1.666543494529301,1.4944283329765993,-0.09694913385008785,3.0640226936558124,-0.17211516155270168,1.3974791991265114
3109,Blackhole Attack,0.5743813488262519,0.800449722246131,1.4944283329765993,0.5743813488262519,0.800449722246131,1.4944283329765993,1.374831071072383,2.0688096818028514,2.29487805522273,2.8692594040489823
12078,Blackhole Attack,2.1748705142159386,3.4262651864882594,1.4944283329765993,2.1748705142159386,3.4262651864882594,1.4944283329765993,5.601135700704198,3.669298847192538,4.920693519464859,7.095564033680797
10500,Blackhole Attack,-0.36668162932815584,-1.4448013048586474,0.38249201555737194,-0.36668162932815584,-1.4448013048586474,0.38249201555737194,-1.8114829341868033,0.0158103862292161,-1.0623092893012755,-1.4289909186294314
12164,Blackhole Attack,0.4696157403191546,1.1939237915194092,1.4944283329765993,0.4696157403191546,1.1939237915194092,1.4944283329765993,1.6635395318385637,1.9640440732957538,2.6883521244960082,3.157967864815163
4055,Blackhole Attack,0.9570039148473333,0.245794509190561,1.4944283329765993,0.9570039148473333,0.245794509190561,1.4944283329765993,1.2027984240378942,2.4514322478239325,1.7402228421671602,2.6972267570144934
13046,Blackhole Attack,-0.868754639428024,1.4865213773298078,1.4944283329765993,-0.868754639428024,1.4865213773298078,1.4944283329765993,0.6177667379017838,0.6256736935485753,2.9809497103064073,2.112195070878383
4064,Blackhole Attack,2.144773946027084,0.3280153154312893,1.4944283329765993,2.144773946027084,0.3280153154312893,1.4944283329765993,2.4727892614583733,3.6392022790036833,1.8224436484078885,3.9672175944349726
12528,Blackhole Attack,-0.3441032436517188,0.01954888488853566,1.4944283329765993,-0.3441032436517188,0.01954888488853566,1.4944283329765993,-0.3245543587631831,1.1503250893248804,1.513977217865135,1.169873974213416
11919,Blackhole Attack,-1.5125328021051232,5.829845810324333,1.302506617074655,-1.5125328021051232,5.829845810324333,1.302506617074655,4.31731300821921,-0.2100261850304681,7.132352427398988,5.619819625293864
4713,Blackhole Attack,-0.27833877886778347,3.123691484096294,1.4944283329765993,-0.27833877886778347,3.123691484096294,1.4944283329765993,2.845352705228511,1.216089554108816,4.618119817072893,4.3397810382051105
3360,Blackhole Attack,2.754633930860669,0.03627331324360749,1.4944283329765993,2.754633930860669,0.03627331324360749,1.4944283329765993,2.7909072441042766,4.249062263837269,1.5307016462202068,4.285335577080875
5144,Blackhole Attack,2.338462532135059,0.26279074794771473,1.4944283329765993,2.338462532135059,0.26279074794771473,1.4944283329765993,2.6012532800827737,3.832890865111658,1.757219080924314,4.095681613059373
13401,Blackhole Attack,1.0141594910033829,0.17745930445747038,1.4944283329765993,1.0141594910033829,0.17745930445747038,1.4944283329765993,1.1916187954608533,2.5085878239799824,1.6718876374340697,2.6860471284374525
12663,Blackhole Attack,-1.3761535058352579,1.0872752110186215,1.4944283329765993,-1.3761535058352579,1.0872752110186215,1.4944283329765993,-0.2888782948166364,0.11827482714134141,2.5817035439952205,1.2055500381599629
3319,Blackhole Attack,1.1275492324066805,0.24839124490030864,0.962572991684261,1.1275492324066805,0.24839124490030864,0.962572991684261,1.3759404773069892,2.0901222240909414,1.2109642365845696,2.33851346899125
2995,Blackhole Attack,1.6662724382143124,0.13805126171674795,1.4944283329765993,1.6662724382143124,0.13805126171674795,1.4944283329765993,1.8043236999310603,3.1607007711909114,1.6324795946933472,3.2987520329076596
4894,Blackhole Attack,1.0525163920120912,0.6625230062674611,1.4944283329765993,1.0525163920120912,0.6625230062674611,1.4944283329765993,1.7150393982795524,2.5469447249886903,2.1569513392440602,3.2094677312561517
3387,Blackhole Attack,1.5726036135587853,0.24256945134941554,1.4944283329765993,1.5726036135587853,0.24256945134941554,1.4944283329765993,1.8151730649082007,3.0670319465353844,1.736997784326015,3.3096013978848
3838,Blackhole Attack,-0.5938100422055779,0.7554334451492706,1.4944283329765993,-0.5938100422055779,0.7554334451492706,1.4944283329765993,0.1616234029436927,0.9006182907710214,2.2498617781258696,1.656051735920292
4971,Blackhole Attack,1.4200469130663278,0.028355234051246795,1.4944283329765993,1.4200469130663278,0.028355234051246795,1.4944283329765993,1.4484021471175745,2.914475246042927,1.522783567027846,2.942830480094174
12519,Blackhole Attack,-0.4329826662636967,2.2313365924032484,1.4944283329765993,-0.4329826662636967,2.2313365924032484,1.4944283329765993,1.7983539261395518,1.0614456667129026,3.7257649253798477,3.292782259116151
3175,Blackhole Attack,2.357609412792472,0.6027687637264416,1.4944283329765993,2.357609412792472,0.6027687637264416,1.4944283329765993,2.9603781765189137,3.852037745769071,2.0971970967030407,4.454806509495513
4234,Blackhole Attack,1.7560498171851167,0.024021015183124585,1.4944283329765993,1.7560498171851167,0.024021015183124585,1.4944283329765993,1.7800708323682413,3.250478150161716,1.5184493481597239,3.2744991653448405
13935,Blackhole Attack,-1.1456226054969374,-1.2452262238279541,0.22055961699916649,-1.1456226054969374,-1.2452262238279541,0.22055961699916649,-2.3908488293248915,-0.9250629884977709,-1.0246666068287875,-2.170289212325725
4441,Blackhole Attack,1.4708182761144935,0.028355224861771767,1.4944283329765993,1.4708182761144935,0.028355224861771767,1.4944283329765993,1.4991735009762652,2.9652466090910927,1.522783557838371,2.9936018339528645
4592,Blackhole Attack,1.8074322736918653,0.028355224858901493,1.4944283329765993,1.8074322736918653,0.028355224858901493,1.4944283329765993,1.8357874985507667,3.3018606066684644,1.5227835578355007,3.330215831527366
3947,Blackhole Attack,0.11848494691051907,-0.9221547548130393,1.4944283329765993,0.11848494691051907,-0.9221547548130393,1.4944283329765993,-0.8036698079025203,1.6129132798871184,0.57227357816356,0.690758525074079
3631,Blackhole Attack,-0.09498021803033017,0.9989152871834216,1.4944283329765993,-0.09498021803033017,0.9989152871834216,1.4944283329765993,0.9039350691530914,1.3994481149462692,2.493343620160021,2.3983634021296907
3464,Blackhole Attack,1.0103366001442635,0.024821896615801017,-0.0016575814169525723,1.0103366001442635,0.024821896615801017,-0.0016575814169525723,1.0351584967600644,1.008679018727311,0.023164315198848446,1.0335009153431118
4520,Blackhole Attack,2.1277329328276475,0.026238532703880022,1.4944283329765993,2.1277329328276475,0.026238532703880022,1.4944283329765993,2.1539714655315274,3.622161265804247,1.5206668656804794,3.6483997985081267
10170,Blackhole Attack,0.703433817646862,2.287845302088814,-0.8666166030529321,0.703433817646862,2.287845302088814,-0.8666166030529321,2.991279119735676,-0.16318278540607012,1.4212286990358818,2.124662516682744
11336,Blackhole Attack,-1.5073019579067113,-0.02170867210027849,1.4944283329765993,-1.5073019579067113,-0.02170867210027849,1.4944283329765993,-1.5290106300069897,-0.012873624930112015,1.472719660876321,-0.034582297030390396
3498,Blackhole Attack,2.455166685992651,0.02835617186553367,1.4944283329765993,2.455166685992651,0.02835617186553367,1.4944283329765993,2.4835228578581847,3.94959501896925,1.522784504842133,3.977951190834784
4593,Blackhole Attack,-0.868754639428024,0.04875821229463345,1.4944283329765993,-0.868754639428024,0.04875821229463345,1.4944283329765993,-0.8199964271333906,0.6256736935485753,1.5431865452712328,0.6744319058432087
3731,Blackhole Attack,2.204016800718439,0.03509228410142729,0.3736285052626444,2.204016800718439,0.03509228410142729,0.3736285052626444,2.2391090848198663,2.577645305981083,0.4087207893640717,2.6127375900825105
3211,Blackhole Attack,1.308858124379535,0.03405336759032023,1.4944283329765993,1.308858124379535,0.03405336759032023,1.4944283329765993,1.3429114919698553,2.8032864573561342,1.5284817005669196,2.8373398249464543
4452,Blackhole Attack,0.49313914123673425,0.0030900599994369265,-0.8666166030529321,0.49313914123673425,0.0030900599994369265,-0.8666166030529321,0.49622920123617115,-0.37347746181619784,-0.8635265430534952,-0.37038740181676094
4896,Blackhole Attack,-0.8508257545836,-2.331886175118352,-0.8666166030529321,-0.8508257545836,-2.331886175118352,-0.8666166030529321,-3.182711929701952,-1.717442357636532,-3.1985027781712843,-4.049328532754885
3673,Blackhole Attack,0.7002979174971693,0.031703986829702394,1.4944283329765993,0.7002979174971693,0.031703986829702394,1.4944283329765993,0.7320019043268717,2.1947262504737686,1.5261323198063017,2.226430237303471
4670,Blackhole Attack,0.4983699854351463,0.03509228410142729,1.4944283329765993,0.4983699854351463,0.03509228410142729,1.4944283329765993,0.5334622695365736,1.9927983184117455,1.5295206170780267,2.027890602513173
12841,Blackhole Attack,-1.5125328021051232,-0.02038814059205637,-0.16174658023320884,-1.5125328021051232,-0.02038814059205637,-0.16174658023320884,-1.5329209426971795,-1.674279382338332,-0.18213472082526522,-1.6946675229303882
4066,Blackhole Attack,-2.4249400616524954,1.1181133199769437,1.4944283329765993,-2.4249400616524954,1.1181133199769437,1.4944283329765993,-1.3068267416755517,-0.9305117286758962,2.612541652953543,0.1876015913010476
4734,Blackhole Attack,1.6959639329536278,0.26869937835315855,1.4944283329765993,1.6959639329536278,0.26869937835315855,1.4944283329765993,1.9646633113067864,3.1903922659302273,1.7631277113297579,3.4590916442833857
5078,Blackhole Attack,2.041380054200244,0.026459641862534283,1.4944283329765993,2.041380054200244,0.026459641862534283,1.4944283329765993,2.0678396960627783,3.5358083871768433,1.5208879748391335,3.5622680290393776
11899,Blackhole Attack,-1.125047205256567,2.953323156278356,1.4944283329765993,-1.125047205256567,2.953323156278356,1.4944283329765993,1.8282759510217892,0.3693811277200323,4.447751489254955,3.3227042839983882
13453,Blackhole Attack,-0.5470575891655,0.8042463234433055,1.4944283329765993,-0.5470575891655,0.8042463234433055,1.4944283329765993,0.25718873427780553,0.9473707438110993,2.2986746564199048,1.7516170672544047
12241,Blackhole Attack,-1.5335149875997793,1.2400902090677177,1.4944283329765993,-1.5335149875997793,1.2400902090677177,1.4944283329765993,-0.2934247785320616,-0.03908665462318006,2.734518542044317,1.2010035544445377
4903,Blackhole Attack,1.7273331644740741,-0.15076021825862937,1.4944283329765993,1.7273331644740741,-0.15076021825862937,1.4944283329765993,1.5765729462154447,3.2217614974506734,1.3436681147179699,3.071001279192044
11448,Blackhole Attack,0.9107426320003795,0.03821456666960005,1.260078866306062,0.9107426320003795,0.03821456666960005,1.260078866306062,0.9489571986699796,2.1708214983064416,1.2982934329756621,2.2090360649760417
13230,Blackhole Attack,0.18049837275228986,4.664615949316419,1.4944283329765993,0.18049837275228986,4.664615949316419,1.4944283329765993,4.845114322068708,1.6749267057288892,6.159044282293018,6.339542655045308
12448,Blackhole Attack,1.279345044567966,3.8044339010957606,1.4944283329765993,1.279345044567966,3.8044339010957606,1.4944283329765993,5.083778945663727,2.773773377544565,5.2988622340723595,6.578207278640326
4097,Blackhole Attack,0.6486319893691205,-1.5745701599801634,1.4944283329765993,0.6486319893691205,-1.5745701599801634,1.4944283329765993,-0.9259381706110429,2.1430603223457196,-0.08014182700356409,0.5684901623655564
3308,Blackhole Attack,0.14041994081037845,-0.014422315712276621,1.4944283329765993,0.14041994081037845,-0.014422315712276621,1.4944283329765993,0.12599762509810183,1.6348482737869778,1.4800060172643226,1.6204259580747011
12600,Blackhole Attack,1.2762001526572713,5.090574341837175,1.4944283329765993,1.2762001526572713,5.090574341837175,1.4944283329765993,6.366774494494446,2.7706284856338703,6.585002674813774,7.861202827471045
11699,Blackhole Attack,-1.5125328021051232,-1.5432391088316224,1.4944283329765993,-1.5125328021051232,-1.5432391088316224,1.4944283329765993,-3.0557719109367456,-0.018104469128523926,-0.048810775855023136,-1.5613435779601463
13803,Blackhole Attack,-0.27697087710737367,0.24256945134941554,1.4944283329765993,-0.27697087710737367,0.24256945134941554,1.4944283329765993,-0.034401425757958126,1.2174574558692255,1.736997784326015,1.4600269072186411
4536,Blackhole Attack,-0.482512001725423,0.02835621544503072,1.4944283329765993,-0.482512001725423,0.02835621544503072,1.4944283329765993,-0.4541557862803923,1.0119163312511763,1.52278454842163,1.0402725466962068
4535,Blackhole Attack,0.5599676756823456,0.8134730006211943,1.4944283329765993,0.5599676756823456,0.8134730006211943,1.4944283329765993,1.3734406763035398,2.054396008658945,2.3079013335977936,2.867869009280139
12392,Blackhole Attack,1.7547718903903717,0.013346477090276391,-0.2460888693073898,1.7547718903903717,0.013346477090276391,-0.2460888693073898,1.7681183674806482,1.508683021082982,-0.2327423922171134,1.5220294981732585
4045,Blackhole Attack,2.4331900033197353,-0.020549404040879248,1.4944283329765993,2.4331900033197353,-0.020549404040879248,1.4944283329765993,2.412640599278856,3.9276183362963346,1.47387892893572,3.9070689322554553
13780,Blackhole Attack,-1.4911371982342507,-0.09777404614021624,0.8280571107914593,-1.4911371982342507,-0.09777404614021624,0.8280571107914593,-1.588911244374467,-0.6630800874427915,0.730283064651243,-0.7608541335830078
11682,Blackhole Attack,0.8389068839790762,-1.5444668035063345,1.4944283329765993,0.8389068839790762,-1.5444668035063345,1.4944283329765993,-0.7055599195272583,2.3333352169556756,-0.0500384705297352,0.788868413449341
3638,Blackhole Attack,0.2572589880580866,0.28035373303712036,1.4944283329765993,0.2572589880580866,0.28035373303712036,1.4944283329765993,0.537612721095207,1.751687321034686,1.7747820660137197,2.032041054071806
4137,Blackhole Attack,1.3123381772907607,0.38661730355982243,1.4944283329765993,1.3123381772907607,0.38661730355982243,1.4944283329765993,1.6989554808505831,2.80676651026736,1.8810456365364217,3.1933838138271824
4466,Blackhole Attack,1.5244953201938076,0.012823102785165316,1.4944283329765993,1.5244953201938076,0.012823102785165316,1.4944283329765993,1.537318422978973,3.0189236531704067,1.5072514357617646,3.031746755955572
4303,Blackhole Attack,0.49313914123673425,0.026460623880992587,1.4944283329765993,0.49313914123673425,0.026460623880992587,1.4944283329765993,0.5195997651177269,1.9875674742133336,1.5208889568575918,2.014028098094326
12559,Blackhole Attack,-0.33580383291116345,0.25504524086414837,1.4944283329765993,-0.33580383291116345,0.25504524086414837,1.4944283329765993,-0.08075859204701508,1.1586245000654358,1.7494735738407476,1.4136697409295842
4885,Blackhole Attack,0.49313914123673425,-1.66654349434179,1.4944283329765993,0.49313914123673425,-1.66654349434179,1.4944283329765993,-1.1734043531050558,1.9875674742133336,-0.17211516136519078,0.3210239798715435
11584,Blackhole Attack,0.6831292524361579,-0.16321201992067605,1.4944283329765993,0.6831292524361579,-0.16321201992067605,1.4944283329765993,0.5199172325154818,2.177557585412757,1.3312163130559231,2.014345565492081
4861,Blackhole Attack,1.8295999756180996,0.034501169439968477,1.4944283329765993,1.8295999756180996,0.034501169439968477,1.4944283329765993,1.864101145058068,3.324028308594699,1.5289295024165677,3.3585294780346673
12483,Blackhole Attack,2.723798947233844,5.427487989625703,1.4944283329765993,2.723798947233844,5.427487989625703,1.4944283329765993,8.151286936859547,4.218227280210444,6.921916322602303,9.645715269836145
13246,Blackhole Attack,-1.463413257367001,1.2421819812809796,1.4944283329765993,-1.463413257367001,1.2421819812809796,1.4944283329765993,-0.22123127608602133,0.031015075609598375,2.736610314257579,1.273197056890578
3886,Blackhole Attack,0.45153258921747197,-1.499738352540401,1.4944283329765993,0.45153258921747197,-1.499738352540401,1.4944283329765993,-1.0482057633229291,1.9459609221940712,-0.005310019563801838,0.44622256965367013
2893,Blackhole Attack,1.687519344902352,0.11718743216313955,-0.0020804561004731815,1.687519344902352,0.11718743216313955,-0.0020804561004731815,1.8047067770654917,1.6854388888018788,0.11510697606266637,1.8026263209650184
4639,Blackhole Attack,1.1471972302398878,-0.1379971530664884,1.4944283329765993,1.1471972302398878,-0.1379971530664884,1.4944283329765993,1.0092000771733995,2.641625563216487,1.356431179910111,2.503628410149999
4233,Blackhole Attack,0.49313914123673425,0.02835620625268869,1.4944283329765993,0.49313914123673425,0.02835620625268869,1.4944283329765993,0.521495347489423,1.9875674742133336,1.522784539229288,2.015923680466022
4548,Blackhole Attack,1.9763470742626144,0.028355224858901493,1.4944283329765993,1.9763470742626144,0.028355224858901493,1.4944283329765993,2.004702299121516,3.4707754072392136,1.5227835578355007,3.4991306320981153
12402,Blackhole Attack,0.8471041521656805,2.1446374008754145,1.4944283329765993,0.8471041521656805,2.1446374008754145,1.4944283329765993,2.991741553041095,2.3415324851422796,3.639065733852014,4.486169886017694
3217,Blackhole Attack,-0.4382991739814838,0.2661218212572553,1.4944283329765993,-0.4382991739814838,0.2661218212572553,1.4944283329765993,-0.17217735272422852,1.0561291589951154,1.7605501542338546,1.3222509802523708
4774,Blackhole Attack,1.3933116359864122,0.026226087662464127,1.4944283329765993,1.3933116359864122,0.026226087662464127,1.4944283329765993,1.4195377236488762,2.8877399689630114,1.5206544206390633,2.9139660566254753
3911,Blackhole Attack,1.574677008704203,-1.3275801299281376,1.4944283329765993,1.574677008704203,-1.3275801299281376,1.4944283329765993,0.24709687877606545,3.0691053416808023,0.1668482030484617,1.7415252117526647
5077,Blackhole Attack,0.49313914123673425,0.06405499282258552,1.4944283329765993,0.49313914123673425,0.06405499282258552,1.4944283329765993,0.5571941340593197,1.9875674742133336,1.5584833257991848,2.051622467035919
3675,Blackhole Attack,1.574677008704203,0.003482069707382201,1.4944283329765993,1.574677008704203,0.003482069707382201,1.4944283329765993,1.5781590784115853,3.0691053416808023,1.4979104026839816,3.0725874113881844
12847,Blackhole Attack,-0.052265638739470176,-0.19478301988651847,1.4944283329765993,-0.052265638739470176,-0.19478301988651847,1.4944283329765993,-0.24704865862598865,1.442162694237129,1.299645313090081,1.2473796743506107
11216,Blackhole Attack,1.3174911268959957,-1.8237808379418596,1.4944283329765993,1.3174911268959957,-1.8237808379418596,1.4944283329765993,-0.506289711045864,2.8119194598725947,-0.32935250496526036,0.9881386219307353
12830,Blackhole Attack,1.1754461005879897,1.7290430702185664,1.4944283329765993,1.1754461005879897,1.7290430702185664,1.4944283329765993,2.9044891708065563,2.6698744335645888,3.2234714031951657,4.398917503783156
4920,Blackhole Attack,0.49313914123673425,0.040971637739325745,1.4944283329765993,0.49313914123673425,0.040971637739325745,1.4944283329765993,0.53411077897606,1.9875674742133336,1.535399970715925,2.028539111952659
13247,Blackhole Attack,-1.471090134362218,3.4391407620342185,1.4944283329765993,-1.471090134362218,3.4391407620342185,1.4944283329765993,1.9680506276720005,0.023338198614381245,4.933569095010817,3.4624789606485997
3855,Blackhole Attack,-0.41278997737854484,0.8445298018995697,1.4944283329765993,-0.41278997737854484,0.8445298018995697,1.4944283329765993,0.4317398245210249,1.0816383555980544,2.3389581348761688,1.9261681574976242
5139,Blackhole Attack,-0.12339318507402935,0.05893584241458588,1.4944283329765993,-0.12339318507402935,0.05893584241458588,1.4944283329765993,-0.06445734265944347,1.37103514790257,1.553364175391185,1.4299709903171558
13742,Blackhole Attack,1.3007178238405122,-0.015944221366040474,1.4944283329765993,1.3007178238405122,-0.015944221366040474,1.4944283329765993,1.2847736024744716,2.795146156817111,1.4784841116105587,2.779201935451071
2979,Blackhole Attack,1.4648289885119947,0.0073461960976460286,1.4944283329765993,1.4648289885119947,0.0073461960976460286,1.4944283329765993,1.4721751846096407,2.959257321488594,1.5017745290742452,2.9666035175862397
10168,Blackhole Attack,-0.4838043930038642,-3.8733797319823764,0.8626070707877644,-0.4838043930038642,-3.8733797319823764,0.8626070707877644,-4.35718412498624,0.37880267778390025,-3.010772661194612,-3.4945770541984755
4937,Blackhole Attack,0.49313914123673425,0.433396371706489,1.4944283329765993,0.49313914123673425,0.433396371706489,1.4944283329765993,0.9265355129432232,1.9875674742133336,1.9278247046830883,2.4209638459198226
3087,Blackhole Attack,0.753086148971662,0.27812664482234895,1.4944283329765993,0.753086148971662,0.27812664482234895,1.4944283329765993,1.031212793794011,2.2475144819482615,1.7725549777989482,2.5256411267706103
3608,Blackhole Attack,0.4983699854351463,0.020227133503770464,1.4944283329765993,0.4983699854351463,0.020227133503770464,1.4944283329765993,0.5185971189389168,1.9927983184117455,1.5146554664803697,2.013025451915516
4039,Blackhole Attack,0.7471463523969051,-0.13520256797181532,1.4944283329765993,0.7471463523969051,-0.13520256797181532,1.4944283329765993,0.6119437844250898,2.2415746853735046,1.3592257650047839,2.106372117401689
2880,Blackhole Attack,-0.2912830280814014,0.028355234051246795,0.5246467023275587,-0.2912830280814014,0.028355234051246795,0.5246467023275587,-0.2629277940301546,0.23336367424615734,0.5530019363788056,0.26171890829740413
12727,Blackhole Attack,-0.11183792187999739,3.0238138070659097,1.4944283329765993,-0.11183792187999739,3.0238138070659097,1.4944283329765993,2.9119758851859125,1.3825904110966019,4.518242140042509,4.406404218162512
13195,Blackhole Attack,0.9116634528181221,4.001644348643751,1.4944283329765993,0.9116634528181221,4.001644348643751,1.4944283329765993,4.913307801461873,2.4060917857947213,5.49607268162035,6.407736134438473
3232,Blackhole Attack,1.5726036135587853,0.031703986749929865,1.4944283329765993,1.5726036135587853,0.031703986749929865,1.4944283329765993,1.604307600308715,3.0670319465353844,1.526132319726529,3.0987359332853144
12048,Blackhole Attack,-1.7674237850058896,2.500245153230126,1.150019391772559,-1.7674237850058896,2.500245153230126,1.150019391772559,0.7328213682242364,-0.6174043932333306,3.6502645450026847,1.8828407599967953
9255,Blackhole Attack,-0.13426597014944097,0.02835523405411707,1.4944283329765993,-0.13426597014944097,0.02835523405411707,1.4944283329765993,-0.1059107360953239,1.3601623628271584,1.5227835670307164,1.3885175968812753
4732,Blackhole Attack,1.5726036135587853,0.27588519131791744,1.4944283329765993,1.5726036135587853,0.27588519131791744,1.4944283329765993,1.8484888048767028,3.0670319465353844,1.7703135242945167,3.342917137853302
11912,Blackhole Attack,-0.3263731269554011,3.1993534435953377,1.4944283329765993,-0.3263731269554011,3.1993534435953377,1.4944283329765993,2.8729803166399366,1.1680552060211982,4.693781776571937,4.367408649616536
10139,Blackhole Attack,-1.6849296178739983,1.086418801456649,1.4944283329765993,-1.6849296178739983,1.086418801456649,1.4944283329765993,-0.5985108164173494,-0.19050128489739904,2.580847134433248,0.8959175165592499
13726,Blackhole Attack,1.5840056418573072,0.014199239496074035,1.4944283329765993,1.5840056418573072,0.014199239496074035,1.4944283329765993,1.5982048813533811,3.0784339748339065,1.5086275724726732,3.0926332143299806
12100,Blackhole Attack,2.142931763193017,1.0218687987661348,1.4944283329765993,2.142931763193017,1.0218687987661348,1.4944283329765993,3.1648005619591517,3.6373600961696164,2.516297131742734,4.659228894935751
5023,Blackhole Attack,0.18632687853201668,5.8298467481386185,1.4944283329765993,0.18632687853201668,5.8298467481386185,1.4944283329765993,6.016173626670636,1.680755211508616,7.324275081115218,7.510601959647235
3555,Blackhole Attack,1.8667134741153502,0.04139958564265784,1.4944283329765993,1.8667134741153502,0.04139958564265784,1.4944283329765993,1.908113059758008,3.3611418070919497,1.5358279186192572,3.4025413927346073
4006,Blackhole Attack,0.49313914123673425,0.026226087662464127,1.4944283329765993,0.49313914123673425,0.026226087662464127,1.4944283329765993,0.5193652288991983,1.9875674742133336,1.5206544206390633,2.0137935618757976
12228,Blackhole Attack,-1.5073019579067113,-2.434133585979058,1.4944283329765993,-1.5073019579067113,-2.434133585979058,1.4944283329765993,-3.941435543885769,-0.012873624930112015,-0.9397052530024586,-2.44700721090917
4831,Blackhole Attack,1.5317936431638204,0.03483698435646766,1.4944283329765993,1.5317936431638204,0.03483698435646766,1.4944283329765993,1.5666306275202881,3.0262219761404197,1.529265317333067,3.0610589604968874
12049,Blackhole Attack,0.7692548540880237,2.1339482476394642,1.4944283329765993,0.7692548540880237,2.1339482476394642,1.4944283329765993,2.903203101727488,2.263683187064623,3.6283765806160635,4.3976314347040875
10491,Blackhole Attack,-0.5452725312523159,0.4112571247247551,-0.76172672431376,-0.5452725312523159,0.4112571247247551,-0.76172672431376,-0.13401540652756078,-1.3069992555660759,-0.35046959958900487,-0.8957421308413207
10214,Blackhole Attack,-0.5357928439366388,0.028668962105495722,1.4944283329765993,-0.5357928439366388,0.028668962105495722,1.4944283329765993,-0.5071238818311431,0.9586354890399604,1.523097295082095,0.9873044511454562
4255,Blackhole Attack,1.9224002227134591,0.03965218890064276,1.4944283329765993,1.9224002227134591,0.03965218890064276,1.4944283329765993,1.9620524116141018,3.416828555690058,1.534080521877242,3.456480744590701
11605,Blackhole Attack,-0.7814843797685411,0.2655901694794407,1.4944283329765993,-0.7814843797685411,0.2655901694794407,1.4944283329765993,-0.5158942102891004,0.7129439532080581,1.76001850245604,0.9785341226874988
4484,Blackhole Attack,-0.13895846922650748,0.03996516611422047,1.4944283329765993,-0.13895846922650748,0.03996516611422047,1.4944283329765993,-0.09899330311228702,1.3554698637500917,1.5343934990908197,1.3954350298643123
3560,Blackhole Attack,0.8494597886460531,0.02835621544503072,1.4944283329765993,0.8494597886460531,0.02835621544503072,1.4944283329765993,0.8778160040910838,2.343888121622652,1.52278454842163,2.3722443370676833
3814,Blackhole Attack,-0.7694585446049357,0.008854177846234336,1.4944283329765993,-0.7694585446049357,0.008854177846234336,1.4944283329765993,-0.7606043667587014,0.7249697883716636,1.5032825108228336,0.7338239662178979
3089,Blackhole Attack,0.49313914123673425,0.035954821319948184,1.4944283329765993,0.49313914123673425,0.035954821319948184,1.4944283329765993,0.5290939625566824,1.9875674742133336,1.5303831542965474,2.0235222955332817
4541,Blackhole Attack,1.5526368195117501,0.12264030159259069,1.4944283329765993,1.5526368195117501,0.12264030159259069,1.4944283329765993,1.675277121104341,3.0470651524883494,1.61706863456919,3.1697054540809404
3671,Blackhole Attack,1.1762764659618377,0.030978590098570347,1.4944283329765993,1.1762764659618377,0.030978590098570347,1.4944283329765993,1.207255056060408,2.670704798938437,1.5254069230751697,2.701683389037007
4478,Blackhole Attack,0.9821615150740505,-0.02170867210027849,1.4944283329765993,0.9821615150740505,-0.02170867210027849,1.4944283329765993,0.960452842973772,2.47658984805065,1.472719660876321,2.454881175950371
4902,Blackhole Attack,-0.33130829115797955,0.4655947999527127,1.4944283329765993,-0.33130829115797955,0.4655947999527127,1.4944283329765993,0.13428650879473314,1.1631200418186198,1.960023132929312,1.6287148417713324
4944,Blackhole Attack,0.3307491929506148,1.088604929304536,1.4944283329765993,0.3307491929506148,1.088604929304536,1.4944283329765993,1.4193541222551507,1.825177525927214,2.583033262281135,2.91378245523175
10727,Blackhole Attack,0.10350988984048864,0.044258042927133985,1.4944283329765993,0.10350988984048864,0.044258042927133985,1.4944283329765993,0.14776793276762262,1.597938222817088,1.5386863759037332,1.642196265744222
5011,Blackhole Attack,0.2688523293607425,0.026226087662464127,0.9584124631339428,0.2688523293607425,0.026226087662464127,0.9584124631339428,0.29507841702320664,1.2272647924946853,0.9846385507964069,1.2534908801571494
13151,Blackhole Attack,0.756972844032584,0.028355234051246795,1.4944283329765993,0.756972844032584,0.028355234051246795,1.4944283329765993,0.7853280780838309,2.2514011770091833,1.522783567027846,2.27975641106043
4579,Blackhole Attack,0.49313914123673425,0.034501169439968477,1.4944283329765993,0.49313914123673425,0.034501169439968477,1.4944283329765993,0.5276403106767027,1.9875674742133336,1.5289295024165677,2.022068643653302
3421,Blackhole Attack,0.49313914123673425,0.02004308979296688,1.4944283329765993,0.49313914123673425,0.02004308979296688,1.4944283329765993,0.5131822310297012,1.9875674742133336,1.5144714227695661,2.0076105640063004
10700,Blackhole Attack,-0.02180862896543331,-0.002035572546297552,1.4944283329765993,-0.02180862896543331,-0.002035572546297552,1.4944283329765993,-0.02384420151173086,1.472619704011166,1.4923927604303018,1.4705841314648684
12371,Blackhole Attack,-0.34132594878108524,0.058935842494274956,1.4944283329765993,-0.34132594878108524,0.058935842494274956,1.4944283329765993,-0.28239010628681027,1.1531023841955141,1.5533641754708742,1.212038226689789
12942,Blackhole Attack,0.5141542498286925,5.038245144744275,0.5454906725724779,0.5141542498286925,5.038245144744275,0.5454906725724779,5.5523993945729675,1.0596449224011704,5.583735817316753,6.097890067145445
4487,Blackhole Attack,1.1531881048203199,0.040971637739325745,1.4944283329765993,1.1531881048203199,0.040971637739325745,1.4944283329765993,1.1941597425596455,2.647616437796919,1.535399970715925,2.688588075536245
4397,Blackhole Attack,0.9076916326428042,0.0006661302513394493,1.4944283329765993,0.9076916326428042,0.0006661302513394493,1.4944283329765993,0.9083577628941436,2.4021199656194034,1.4950944632279388,2.4027860958707428
5054,Blackhole Attack,0.6599197895930876,0.19610924694780266,1.4944283329765993,0.6599197895930876,0.19610924694780266,1.4944283329765993,0.8560290365408902,2.154348122569687,1.690537579924402,2.3504573695174895
12442,Blackhole Attack,1.0451369732361153,2.5696869610480038,1.4944283329765993,1.0451369732361153,2.5696869610480038,1.4944283329765993,3.614823934284119,2.5395653062127144,4.064115294024603,5.109252267260718
12073,Blackhole Attack,0.20742782774947566,2.805498518771164,1.4944283329765993,0.20742782774947566,2.805498518771164,1.4944283329765993,3.0129263465206395,1.701856160726075,4.299926851747763,4.507354679497238
12419,Blackhole Attack,0.39872283280845605,5.807459844679657,1.4944283329765993,0.39872283280845605,5.807459844679657,1.4944283329765993,6.206182677488113,1.8931511657850553,7.301888177656256,7.700611010464712
5168,Blackhole Attack,-0.5303125178576602,0.25504524086414837,1.4944283329765993,-0.5303125178576602,0.25504524086414837,1.4944283329765993,-0.27526727699351183,0.9641158151189391,1.7494735738407476,1.2191610559830874
13558,Blackhole Attack,-0.11949078004067192,0.6223887790344438,1.4944283329765993,-0.11949078004067192,0.6223887790344438,1.4944283329765993,0.5028979989937719,1.3749375529359273,2.1168171120110433,1.9973263319703711
3690,Blackhole Attack,2.4706126305505056,0.04877301599347778,1.4944283329765993,2.4706126305505056,0.04877301599347778,1.4944283329765993,2.5193856465439834,3.965040963527105,1.543201348970077,4.013813979520583
5084,Blackhole Attack,-0.6028065801372255,0.05071065843124386,1.4944283329765993,-0.6028065801372255,0.05071065843124386,1.4944283329765993,-0.5520959217059817,0.8916217528393737,1.545138991407843,0.9423324112706176
3435,Blackhole Attack,1.2103488671960905,0.24184683890536865,1.4944283329765993,1.2103488671960905,0.24184683890536865,1.4944283329765993,1.4521957061014592,2.70477720017269,1.736275171881968,2.9466240390780585
12746,Blackhole Attack,-0.36841663371964084,0.5651944226134591,1.4944283329765993,-0.36841663371964084,0.5651944226134591,1.4944283329765993,0.19677778889381825,1.1260116992569584,2.059622755590058,1.6912061218704175
12360,Blackhole Attack,-0.8550507367246211,5.829846791715246,1.4944283329765993,-0.8550507367246211,5.829846791715246,1.4944283329765993,4.974796054990625,0.6393775962519782,7.324275124691845,6.469224387967224
12027,Blackhole Attack,-0.20282941587315761,1.2193061612840634,1.4944283329765993,-0.20282941587315761,1.2193061612840634,1.4944283329765993,1.0164767454109058,1.2915989171034417,2.7137344942606627,2.510905078387505
12204,Blackhole Attack,0.019723175186717613,0.7672354412227941,1.4944283329765993,0.019723175186717613,0.7672354412227941,1.4944283329765993,0.7869586164095117,1.5141515081633168,2.2616637741993935,2.281386949386111
12773,Blackhole Attack,-0.40866211203331726,0.8615482891570354,1.4944283329765993,-0.40866211203331726,0.8615482891570354,1.4944283329765993,0.45288617712371815,1.085766220943282,2.3559766221336345,1.9473145101003175
12684,Blackhole Attack,-0.7447646870620541,0.1171232823267288,1.4944283329765993,-0.7447646870620541,0.1171232823267288,1.4944283329765993,-0.6276414047353254,0.7496636459145452,1.611551615303328,0.8667869282412739
12874,Blackhole Attack,-0.587430511636953,2.7746904904776186,1.4944283329765993,-0.587430511636953,2.7746904904776186,1.4944283329765993,2.1872599788406655,0.9069978213396462,4.2691188234542174,3.6816883118172647
4328,Blackhole Attack,-1.1650746493673965,-1.458306782484159,1.4944283329765993,-1.1650746493673965,-1.458306782484159,1.4944283329765993,-2.6233814318515556,0.3293536836092028,0.03612155049244037,-1.1289530988749563
4629,Blackhole Attack,1.7303279787682928,0.021007407394632423,1.4944283329765993,1.7303279787682928,0.021007407394632423,1.4944283329765993,1.7513353861629253,3.2247563117448923,1.5154357403712317,3.2457637191395246
13532,Blackhole Attack,-0.7772207041100061,0.05222216377333614,1.4944283329765993,-0.7772207041100061,0.05222216377333614,1.4944283329765993,-0.72499854033667,0.7172076288665932,1.5466504967499355,0.7694297926399293
4762,Blackhole Attack,2.2397789076959547,0.2403578944593899,1.4944283329765993,2.2397789076959547,0.2403578944593899,1.4944283329765993,2.4801368021553447,3.734207240672554,1.734786227435989,3.974565135131944
3263,Blackhole Attack,1.5495551732703008,0.014313993206844138,1.4944283329765993,1.5495551732703008,0.014313993206844138,1.4944283329765993,1.563869166477145,3.0439835062469003,1.5087423261834434,3.058297499453744
3090,Blackhole Attack,1.700900215277999,0.004926190601042771,1.4944283329765993,1.700900215277999,0.004926190601042771,1.4944283329765993,1.7058264058790418,3.195328548254598,1.499354523577642,3.200254738855641
12768,Blackhole Attack,-0.713253155576515,0.8897790855740435,1.4944283329765993,-0.713253155576515,0.8897790855740435,1.4944283329765993,0.17652592999752847,0.7811751774000842,2.384207418550643,1.6709542629741279
3539,Blackhole Attack,1.6780296099100258,0.028356215442161537,1.4944283329765993,1.6780296099100258,0.028356215442161537,1.4944283329765993,1.7063858253521873,3.1724579428866253,1.5227845484187608,3.200814158328787
3053,Blackhole Attack,-0.43303080978513303,0.46277478196150723,1.4944283329765993,-0.43303080978513303,0.46277478196150723,1.4944283329765993,0.0297439721763742,1.0613975231914663,1.9572031149381064,1.5241723051529734
4025,Blackhole Attack,-2.1582793195296865,-1.2452322512695828,1.4944283329765993,-2.1582793195296865,-1.2452322512695828,1.4944283329765993,-3.403511570799269,-0.6638509865530873,0.24919608170701646,-1.9090832378226699
13119,Blackhole Attack,-2.360798472500989,1.169542884857224,1.4944283329765993,-2.360798472500989,1.169542884857224,1.4944283329765993,-1.191255587643765,-0.8663701395243897,2.663971217833823,0.30317274533283434
4075,Blackhole Attack,0.5557366661163093,0.028355224858901493,1.4944283329765993,0.5557366661163093,0.028355224858901493,1.4944283329765993,0.5840918909752109,2.0501649990929085,1.5227835578355007,2.07852022395181
4918,Blackhole Attack,1.2299849652640487,0.026227050200494494,1.4944283329765993,1.2299849652640487,0.026227050200494494,1.4944283329765993,1.256212015464543,2.724413298240648,1.5206553831770937,2.7506403484411424
13095,Blackhole Attack,0.17742258081311532,2.043611307503236,1.4944283329765993,0.17742258081311532,2.043611307503236,1.4944283329765993,2.2210338883163514,1.6718509137897146,3.5380396404798353,3.7154622212929507
4429,Blackhole Attack,1.9767123965874447,0.020379156674799677,1.4944283329765993,1.9767123965874447,0.020379156674799677,1.4944283329765993,1.9970915532622444,3.471140729564044,1.514807489651399,3.4915198862388435
9578,Blackhole Attack,-1.1520721922426986,-1.571060033967614,-0.27852382212060095,-1.1520721922426986,-1.571060033967614,-0.27852382212060095,-2.7231322262103124,-1.4305960143632996,-1.849583856088215,-3.001656048330913
13328,Blackhole Attack,-0.38414923838562093,2.1753905938099907,1.4944283329765993,-0.38414923838562093,2.1753905938099907,1.4944283329765993,1.7912413554243698,1.1102790945909784,3.66981892678659,3.285669688400969
13575,Blackhole Attack,-0.8852130543060845,-0.0203204818350615,1.4944283329765993,-0.8852130543060845,-0.0203204818350615,1.4944283329765993,-0.9055335361411461,0.6092152786705147,1.4741078511415378,0.5888947968354532
16868,Flooding Attack,2.1522055504371718,4.768769975893599,-0.8666166030529321,2.1522055504371718,4.768769975893599,-0.8666166030529321,6.92097552633077,1.2855889473842397,3.9021533728406665,6.054358923277839
17795,Flooding Attack,0.49313914123673425,5.827950218135619,-0.8666166030529321,0.49313914123673425,5.827950218135619,-0.8666166030529321,6.321089359372354,-0.37347746181619784,4.961333615082687,5.454472756319422
16863,Flooding Attack,1.5673727693603738,3.6470990541849897,1.4944283329765993,1.5673727693603738,3.6470990541849897,1.4944283329765993,5.214471823545363,3.061801102336973,5.141527387161589,6.708900156521962
16726,Flooding Attack,1.1094703391240004,1.4092111109077896,1.4944283329765993,1.1094703391240004,1.4092111109077896,1.4944283329765993,2.51868145003179,2.6038986721005997,2.903639443884389,4.013109783008389
17756,Flooding Attack,1.2636065169618103,6.001898015538371,-0.8666166030529321,1.2636065169618103,6.001898015538371,-0.8666166030529321,7.265504532500182,0.39698991390887817,5.135281412485439,6.39888792944725
18010,Flooding Attack,0.29852839938399045,5.829846791715246,0.3791965107978107,0.29852839938399045,5.829846791715246,0.3791965107978107,6.128375191099236,0.6777249101818011,6.209043302513057,6.507571701897047
14441,Flooding Attack,0.8267377723808715,1.608909796975032,-0.8666166030529321,0.8267377723808715,1.608909796975032,-0.8666166030529321,2.435647569355903,-0.03987883067206055,0.7422931939220998,1.5690309663029711
8356,Flooding Attack,0.49313914123673425,4.19892957610691,-0.8666166030529321,0.49313914123673425,4.19892957610691,-0.8666166030529321,4.692068717343645,-0.37347746181619784,3.3323129730539782,3.8254521142907127
14415,Flooding Attack,-1.5125328021051232,1.142750040932239,0.31328983647327785,-1.5125328021051232,1.142750040932239,0.31328983647327785,-0.3697827611728841,-1.1992429656318453,1.456039877405517,-0.05649292469960626
16939,Flooding Attack,1.9488547846490962,5.659245444547834,0.882358727868959,1.9488547846490962,5.659245444547834,0.882358727868959,7.60810022919693,2.831213512518055,6.541604172416793,8.49045895706589
8581,Flooding Attack,0.49313914123673425,5.495743019276114,1.4944283329765993,0.49313914123673425,5.495743019276114,1.4944283329765993,5.988882160512849,1.9875674742133336,6.990171352252713,7.483310493489448
16894,Flooding Attack,1.3066305341040445,5.794930749327534,-0.8666166030529321,1.3066305341040445,5.794930749327534,-0.8666166030529321,7.101561283431579,0.4400139310511124,4.928314146274602,6.234944680378646
8251,Flooding Attack,1.4118619011362799,5.945311484248628,0.03660711220544846,1.4118619011362799,5.945311484248628,0.03660711220544846,7.3571733853849075,1.4484690133417284,5.981918596454077,7.393780497590356
17831,Flooding Attack,0.49313914123673425,5.801894145098219,-0.4777179437143898,0.49313914123673425,5.801894145098219,-0.4777179437143898,6.295033286334953,0.015421197522344443,5.324176201383829,5.817315342620564
16557,Flooding Attack,2.2423533351782923,0.759803873995819,-0.09758447267340406,2.2423533351782923,0.759803873995819,-0.09758447267340406,3.0021572091741113,2.1447688625048884,0.6622194013224149,2.9045727365007075
17013,Flooding Attack,0.4983699854351463,5.78737570518599,0.7349289009603203,0.4983699854351463,5.78737570518599,0.7349289009603203,6.285745690621137,1.2332988863954666,6.522304606146311,7.020674591581457
17646,Flooding Attack,2.2482667296938286,-0.3928414287130142,-0.07811441487961684,2.2482667296938286,-0.3928414287130142,-0.07811441487961684,1.8554253009808144,2.170152314814212,-0.47095584359263104,1.7773108861011975
16877,Flooding Attack,0.6874784124229427,5.829846791715246,-0.8666166030529321,0.6874784124229427,5.829846791715246,-0.8666166030529321,6.517325204138189,-0.17913819062998937,4.963230188662314,5.650708601085256
17568,Flooding Attack,1.5673727693603738,5.812865490305493,-0.8666166030529321,1.5673727693603738,5.812865490305493,-0.8666166030529321,7.380238259665866,0.7007561663074418,4.94624888725256,6.5136216566129335
17529,Flooding Attack,0.9284500994353145,5.81924557332785,-0.8666166030529321,0.9284500994353145,5.81924557332785,-0.8666166030529321,6.7476956727631645,0.06183349638238245,4.952628970274917,5.881079069710232
16440,Flooding Attack,0.4983699854351463,0.06301728387250802,-0.8034320085726683,0.4983699854351463,0.06301728387250802,-0.8034320085726683,0.5613872693076544,-0.30506202313752195,-0.7404147247001602,-0.2420447392650139
16893,Flooding Attack,0.6874784124229427,5.803183289274899,-0.46742438013586957,0.6874784124229427,5.803183289274899,-0.46742438013586957,6.490661701697841,0.22005403228707315,5.335758909139029,6.023237321561972
8183,Flooding Attack,2.338462532135059,5.829846782525774,-0.8666166030529321,2.338462532135059,5.829846782525774,-0.8666166030529321,8.168309314660833,1.4718459290821269,4.963230179472841,7.301692711607901
8104,Flooding Attack,1.5673727693603738,0.10739517857347947,0.5884282748968133,1.5673727693603738,0.10739517857347947,0.5884282748968133,1.6747679479338533,2.155801044257187,0.6958234534702927,2.2631962228306666
17663,Flooding Attack,-1.0255244620472797,5.798552297636012,-0.5312720312404839,-1.0255244620472797,5.798552297636012,-0.5312720312404839,4.773027835588732,-1.5567964932877636,5.267280266395527,4.241755804348248
17259,Flooding Attack,-0.15704622102563065,2.532624385022035,1.4944283329765993,-0.15704622102563065,2.532624385022035,1.4944283329765993,2.3755781639964044,1.3373821119509686,4.027052717998634,3.8700064969730037
18202,Flooding Attack,0.49313914123673425,5.928608842870321,0.13475180564612238,0.49313914123673425,5.928608842870321,0.13475180564612238,6.421747984107055,0.6278909468828566,6.0633606485164435,6.556499789753178
17461,Flooding Attack,0.30479783375271385,5.8298457667505605,0.23143254726345758,0.30479783375271385,5.8298457667505605,0.23143254726345758,6.134643600503274,0.5362303810161715,6.061278314014018,6.366076147766732
8393,Flooding Attack,1.3710461856860876,5.829846791715246,-0.1855772821329994,1.3710461856860876,5.829846791715246,-0.1855772821329994,7.200892977401334,1.185468903553088,5.644269509582247,7.015315695268335
17998,Flooding Attack,2.3430302615620566,5.829845801134858,0.31940855919665917,2.3430302615620566,5.829845801134858,0.31940855919665917,8.172876062696915,2.662438820758716,6.149254360331517,8.492284621893575
8508,Flooding Attack,2.402274517990232,5.059722648233162,-0.8666166030529321,2.402274517990232,5.059722648233162,-0.8666166030529321,7.461997166223394,1.5356579149372998,4.19310604518023,6.595380563170462
16828,Flooding Attack,2.290189110684713,3.566188140384103,-0.8666166030529321,2.290189110684713,3.566188140384103,-0.8666166030529321,5.856377251068816,1.4235725076317811,2.699571537331171,4.989760648015883
16525,Flooding Attack,1.964331063684145,1.2928609579792396,1.7509910317869042,1.964331063684145,1.2928609579792396,1.7509910317869042,3.2571920216633847,3.7153220954710493,3.043851989766144,5.0081830534502885
17782,Flooding Attack,-1.5125328021051232,5.829846791715246,-0.4777179437143898,-1.5125328021051232,5.829846791715246,-0.4777179437143898,4.317313989610123,-1.990250745819513,5.352128848000857,3.8395960458957332
14455,Flooding Attack,1.6394762727285126,2.9538939543422624,-0.17942325520812863,1.6394762727285126,2.9538939543422624,-0.17942325520812863,4.593370227070775,1.460053017520384,2.7744706991341337,4.4139469718626465
16955,Flooding Attack,1.8695488219188476,0.9921162997862369,1.8438256533444641,1.8695488219188476,0.9921162997862369,1.8438256533444641,2.8616651217050846,3.7133744752633118,2.835941953130701,4.705490775049549
17331,Flooding Attack,0.49313914123673425,1.5119925325929866,0.8009722427007815,0.49313914123673425,1.5119925325929866,0.8009722427007815,2.005131673829721,1.2941113839375158,2.312964775293768,2.8061039165305024
17858,Flooding Attack,1.7484807844805863,0.7365891883356935,-0.8666166030529321,1.7484807844805863,0.7365891883356935,-0.8666166030529321,2.4850699728162797,0.8818641814276542,-0.13002741471723855,1.6184533697633476
18290,Flooding Attack,-0.32895266402364276,6.128636603759541,-0.49691608531498377,-0.32895266402364276,6.128636603759541,-0.49691608531498377,5.799683939735899,-0.8258687493386265,5.631720518444557,5.302767854420915
8141,Flooding Attack,1.7533030312652178,5.909667104949004,-0.8666166030529321,1.7533030312652178,5.909667104949004,-0.8666166030529321,7.662970136214222,0.8866864282122857,5.043050501896072,6.796353533161289
16753,Flooding Attack,1.761215936275049,5.621590103965118,-0.7198854528037633,1.761215936275049,5.621590103965118,-0.7198854528037633,7.382806040240167,1.0413304834712858,4.901704651161355,6.662920587436404
8562,Flooding Attack,2.695678480862201,6.108799912948288,1.4944283329765993,2.695678480862201,6.108799912948288,1.4944283329765993,8.80447839381049,4.190106813838801,7.603228245924887,10.298906726787088
8304,Flooding Attack,1.812789545071003,5.9987465934361985,1.4944283329765993,1.812789545071003,5.9987465934361985,1.4944283329765993,7.8115361385072015,3.3072178780476023,7.493174926412798,9.3059644714838
17634,Flooding Attack,0.9337877397597193,6.064714551212632,-0.8666166030529321,0.9337877397597193,6.064714551212632,-0.8666166030529321,6.998502290972351,0.0671711367067872,5.198097948159701,6.13188568791942
8128,Flooding Attack,1.5191095585784877,5.815763879534974,-0.8666166030529321,1.5191095585784877,5.815763879534974,-0.8666166030529321,7.334873438113462,0.6524929555255556,4.949147276482043,6.468256835060529
8301,Flooding Attack,0.6594848382255765,5.824655530951385,1.4944283329765993,0.6594848382255765,5.824655530951385,1.4944283329765993,6.484140369176961,2.1539131712021757,7.319083863927984,7.97856870215356
17755,Flooding Attack,0.3902843973313204,5.829846791715246,-0.8666166030529321,0.3902843973313204,5.829846791715246,-0.8666166030529321,6.220131189046566,-0.47633220572161167,4.963230188662314,5.353514585993635
17607,Flooding Attack,1.8671043848948898,5.999658546692423,-0.8666166030529321,1.8671043848948898,5.999658546692423,-0.8666166030529321,7.866762931587313,1.0004877818419577,5.1330419436394905,7.000146328534381
16422,Flooding Attack,1.4484227963533176,0.13728028220947508,1.4944283329765993,1.4484227963533176,0.13728028220947508,1.4944283329765993,1.5857030785627928,2.9428511293299167,1.6317086151860742,3.080131411539392
17638,Flooding Attack,0.49313914123673425,5.826467830796149,-0.8666166030529321,0.49313914123673425,5.826467830796149,-0.8666166030529321,6.319606972032884,-0.37347746181619784,4.959851227743217,5.452990368979952
17434,Flooding Attack,1.6377867759372322,5.829846791715246,-0.8666166030529321,1.6377867759372322,5.829846791715246,-0.8666166030529321,7.467633567652478,0.7711701728843001,4.963230188662314,6.6010169645995465
16989,Flooding Attack,0.4983699854351463,1.2212974040409563,-0.8666166030529321,0.4983699854351463,1.2212974040409563,-0.8666166030529321,1.7196673894761028,-0.36824661761778577,0.35468080098802424,0.8530507864231707
14261,Flooding Attack,3.0139350672322154,0.8636079260231936,0.4157368774393282,3.0139350672322154,0.8636079260231936,0.4157368774393282,3.877542993255409,3.4296719446715436,1.2793448034625219,4.293279870694738
14263,Flooding Attack,-0.4309949346376546,1.2365221942706013,-0.8666166030529321,-0.4309949346376546,1.2365221942706013,-0.8666166030529321,0.8055272596329467,-1.2976115376905866,0.3699055912176692,-0.0610893434199854
14520,Flooding Attack,-0.6132457778735393,5.84905550514157,-0.8666166030529321,-0.6132457778735393,5.84905550514157,-0.8666166030529321,5.235809727268031,-1.4798623809264715,4.982438902088639,4.3691931242151
16560,Flooding Attack,2.6131882423854225,-0.18570736663975324,-0.8666166030529321,2.6131882423854225,-0.18570736663975324,-0.8666166030529321,2.4274808757456694,1.7465716393324904,-1.0523239696926854,1.5608642726927373
7495,Flooding Attack,0.49313914123673425,5.77603838185663,0.21075113538759854,0.49313914123673425,5.77603838185663,0.21075113538759854,6.269177523093364,0.7038902766243328,5.986789517244228,6.479928658480962
14397,Flooding Attack,2.396553376860757,-0.06539505043540156,-0.8666166030529321,2.396553376860757,-0.06539505043540156,-0.8666166030529321,2.3311583264253555,1.5299367738078251,-0.9320116534883336,1.4645417233724234
17589,Flooding Attack,1.045710166638944,4.12784507522678,-0.8666166030529321,1.045710166638944,4.12784507522678,-0.8666166030529321,5.173555241865724,0.1790935635860118,3.261228472173848,4.306938638812792
17920,Flooding Attack,2.3768131413367053,5.8298457667505605,-0.4777179437143898,2.3768131413367053,5.8298457667505605,-0.4777179437143898,8.206658908087267,1.8990951976223154,5.352127823036171,7.728940964372877
17191,Flooding Attack,1.660150115138607,6.006924281961533,-0.8666166030529321,1.660150115138607,6.006924281961533,-0.8666166030529321,7.66707439710014,0.793533512085675,5.1403076789086,6.800457794047208
14382,Flooding Attack,-1.5125328021051232,0.8486438629344395,-0.8666166030529321,-1.5125328021051232,0.8486438629344395,-0.8666166030529321,-0.6638889391706837,-2.3791494051580555,-0.01797274011849259,-1.5305055422236158
7492,Flooding Attack,0.49313914123673425,5.798720614340648,-0.8666166030529321,0.49313914123673425,5.798720614340648,-0.8666166030529321,6.2918597555773825,-0.37347746181619784,4.932104011287716,5.42524315252445
8446,Flooding Attack,1.4520288337521554,6.001898015538371,-0.8666166030529321,1.4520288337521554,6.001898015538371,-0.8666166030529321,7.453926849290527,0.5854122306992233,5.135281412485439,6.587310246237594
16567,Flooding Attack,2.0085711249338116,3.083078578260047,-0.8666166030529321,2.0085711249338116,3.083078578260047,-0.8666166030529321,5.091649703193859,1.1419545218808795,2.216461975207115,4.2250331001409265
17616,Flooding Attack,1.6508289191187575,5.827716663935549,-0.8666166030529321,1.6508289191187575,5.827716663935549,-0.8666166030529321,7.478545583054307,0.7842123160658254,4.961100060882616,6.611928980001375
17777,Flooding Attack,1.899432514889166,1.1886501003382717,-0.07811441487961684,1.899432514889166,1.1886501003382717,-0.07811441487961684,3.088082615227438,1.821318100009549,1.1105356854586548,3.009968200347821
16757,Flooding Attack,1.5673727693603738,5.829845801131986,0.12238188778292482,1.5673727693603738,5.829845801131986,0.12238188778292482,7.39721857049236,1.6897546571432986,5.9522276889149115,7.519600458275285
8316,Flooding Attack,1.6685898731091877,4.162609432420819,1.4944283329765993,1.6685898731091877,4.162609432420819,1.4944283329765993,5.831199305530006,3.1630182060857868,5.657037765397418,7.325627638506606
17930,Flooding Attack,1.7558000902761932,5.928103746709958,0.3453697401413691,1.7558000902761932,5.928103746709958,0.3453697401413691,7.683903836986151,2.1011698304175623,6.273473486851327,8.02927357712752
8567,Flooding Attack,1.1895467655052632,4.163352802688028,1.4944283329765993,1.1895467655052632,4.163352802688028,1.4944283329765993,5.3528995681932905,2.6839750984818624,5.657781135664627,6.84732790116989
17426,Flooding Attack,1.7533030312652178,5.798552297636012,0.5093512408400143,1.7533030312652178,5.798552297636012,0.5093512408400143,7.55185532890123,2.262654272105232,6.307903538476026,8.061206569741245
14534,Flooding Attack,0.7330628574871035,-0.31658838538096395,1.4944283329765993,0.7330628574871035,-0.31658838538096395,1.4944283329765993,0.4164744721061396,2.2274911904637027,1.1778399475956354,1.9109028050827388
17084,Flooding Attack,1.3489657149037118,1.6097302914222988,-0.8666166030529321,1.3489657149037118,1.6097302914222988,-0.8666166030529321,2.9586960063260106,0.48234911185077967,0.7431136883693668,2.0920794032730785
18275,Flooding Attack,1.700900215277999,5.795926203646951,-0.4777179437143898,1.700900215277999,5.795926203646951,-0.4777179437143898,7.49682641892495,1.2231822715636094,5.318208259932562,7.019108475210561
17376,Flooding Attack,0.49313914123673425,3.419725062182879,1.4944283329765993,0.49313914123673425,3.419725062182879,1.4944283329765993,3.912864203419613,1.9875674742133336,4.914153395159478,5.407292536396213
17931,Flooding Attack,2.2761299665923866,5.829845801134858,-0.8666166030529321,2.2761299665923866,5.829845801134858,-0.8666166030529321,8.105975767727244,1.4095133635394546,4.963229198081926,7.239359164674312
18056,Flooding Attack,1.4708968735760037,5.829846782525774,-0.4777179437143898,1.4708968735760037,5.829846782525774,-0.4777179437143898,7.300743656101778,0.9931789298616139,5.352128838811384,6.8230257123873885
18320,Flooding Attack,1.8021109002873341,5.829846782522904,0.2899589995626106,1.8021109002873341,5.829846782522904,0.2899589995626106,7.6319576828102385,2.0920698998499447,6.119805782085515,7.921916682372849
18065,Flooding Attack,1.5256917634788356,5.829845801134858,-0.4777179437143898,1.5256917634788356,5.829845801134858,-0.4777179437143898,7.355537564613694,1.047973819764446,5.352127857420468,6.877819620899304
17133,Flooding Attack,1.6818016386188974,3.4668216487629144,0.7036473014562289,1.6818016386188974,3.4668216487629144,0.7036473014562289,5.148623287381811,2.3854489400751264,4.170468950219143,5.85227058883804
16767,Flooding Attack,1.5055148142754693,1.2456699541487766,-0.8666166030529321,1.5055148142754693,1.2456699541487766,-0.8666166030529321,2.751184768424246,0.6388982112225372,0.3790533510958445,1.8845681653713138
7487,Flooding Attack,1.4118619011362799,5.827052689012539,1.4548435929518848,1.4118619011362799,5.827052689012539,1.4548435929518848,7.238914590148818,2.8667054940881647,7.281896281964423,8.693758183100703
17006,Flooding Attack,1.1481906478680914,5.829845801131986,1.7519890021794846,1.1481906478680914,5.829845801131986,1.7519890021794846,6.9780364490000775,2.9001796500475763,7.581834803311471,8.730025451179563
16461,Flooding Attack,1.810755169306135,0.3572208675814271,1.4944283329765993,1.810755169306135,0.3572208675814271,1.4944283329765993,2.1679760368875622,3.305183502282734,1.8516492005580263,3.6624043698641615
8264,Flooding Attack,0.49313914123673425,1.8672155837962456,1.4944283329765993,0.49313914123673425,1.8672155837962456,1.4944283329765993,2.36035472503298,1.9875674742133336,3.361643916772845,3.854783058009579
17800,Flooding Attack,-1.3967261369685566,5.599672925063139,-0.4777179437143898,-1.3967261369685566,5.599672925063139,-0.4777179437143898,4.202946788094582,-1.8744440806829465,5.1219549813487495,3.7252288443801924
14334,Flooding Attack,0.22195277369709043,0.8459325989095123,0.6653175898255728,0.22195277369709043,0.8459325989095123,0.6653175898255728,1.0678853726066029,0.8872703635226632,1.511250188735085,1.7332029624321756
17117,Flooding Attack,-0.7661782100461733,5.824415687026392,0.8983362479609394,-0.7661782100461733,5.824415687026392,0.8983362479609394,5.058237476980219,0.1321580379147661,6.722751934987332,5.956573724941158
16772,Flooding Attack,2.1024542249809297,5.829845801131986,-0.8666166030529321,2.1024542249809297,5.829845801131986,-0.8666166030529321,7.932300026112916,1.2358376219279976,4.963229198079054,7.065683423059983
8481,Flooding Attack,2.027710927068221,5.829846791715246,-0.6400248482029025,2.027710927068221,5.829846791715246,-0.6400248482029025,7.857557718783467,1.3876860788653187,5.189821943512344,7.217532870580564
8197,Flooding Attack,0.4983699854351463,5.639417655249313,-0.8666166030529321,0.4983699854351463,5.639417655249313,-0.8666166030529321,6.13778764068446,-0.36824661761778577,4.772801052196382,5.271171037631527
16745,Flooding Attack,1.3703530610141315,5.829845810324333,1.4944283329765993,1.3703530610141315,5.829845810324333,1.4944283329765993,7.200198871338464,2.8647813939907305,7.324274143300932,8.694627204315063
16663,Flooding Attack,2.1392296099254438,1.05238758032223,0.48797441660373186,2.1392296099254438,1.05238758032223,0.48797441660373186,3.1916171902476735,2.6272040265291756,1.5403619969259619,3.6795916068514054
8129,Flooding Attack,2.3456598315151154,4.162717288039818,-0.8666166030529321,2.3456598315151154,4.162717288039818,-0.8666166030529321,6.508377119554934,1.4790432284621833,3.2961006849868864,5.641760516502002
16684,Flooding Attack,0.5494727528110295,5.930085907716795,1.2496963553971874,0.5494727528110295,5.930085907716795,1.2496963553971874,6.479558660527824,1.7991691082082168,7.1797822631139825,7.729255015925012
16702,Flooding Attack,-0.022839661408903342,-0.4467395056121357,1.4944283329765993,-0.022839661408903342,-0.4467395056121357,1.4944283329765993,-0.4695791670210391,1.471588671567696,1.0476888273644636,1.02484916595556
8144,Flooding Attack,0.4983699854351463,1.7607299794661364,-0.8666166030529321,0.4983699854351463,1.7607299794661364,-0.8666166030529321,2.259099964901283,-0.36824661761778577,0.8941133764132043,1.3924833618483508
17016,Flooding Attack,0.49313914123673425,5.810971777388821,1.2180247126730048,0.49313914123673425,5.810971777388821,1.2180247126730048,6.304110918625556,1.7111638539097391,7.028996490061826,7.5221356312985606
17355,Flooding Attack,2.3391874035178484,5.797295627709468,2.7650343169934266,2.3391874035178484,5.797295627709468,2.7650343169934266,8.136483031227316,5.1042217205112745,8.562329944702894,10.901517348220743
17141,Flooding Attack,0.4983699854351463,5.795926203646951,1.2180247126730048,0.4983699854351463,5.795926203646951,1.2180247126730048,6.294296189082098,1.716394698108151,7.013950916319956,7.5123209017551025
17184,Flooding Attack,1.8754847661550087,0.8637366155042322,-0.223671386710523,1.8754847661550087,0.8637366155042322,-0.223671386710523,2.739221381659241,1.6518133794444858,0.6400652287937092,2.5155499949487177
16727,Flooding Attack,1.76920977496849,5.790815151932441,0.08653109141746536,1.76920977496849,5.790815151932441,0.08653109141746536,7.560024926900931,1.8557408663859554,5.877346243349907,7.646556018318397
8230,Flooding Attack,1.5673727693603738,5.950446549976361,-0.8666166030529321,1.5673727693603738,5.950446549976361,-0.8666166030529321,7.517819319336734,0.7007561663074418,5.083829946923428,6.651202716283802
14478,Flooding Attack,1.0795061152390246,5.797295627709468,-0.8666166030529321,1.0795061152390246,5.797295627709468,-0.8666166030529321,6.8768017429484924,0.21288951218609253,4.930679024656536,6.01018513989556
16547,Flooding Attack,1.4725286712820003,0.7952446023128426,1.4944283329765993,1.4725286712820003,0.7952446023128426,1.4944283329765993,2.267773273594843,2.9669570042585995,2.289672935289442,3.762201606571442
8249,Flooding Attack,1.5673727693603738,4.136446095905803,-0.8666166030529321,1.5673727693603738,4.136446095905803,-0.8666166030529321,5.703818865266177,0.7007561663074418,3.2698294928528706,4.8372022622132445
18012,Flooding Attack,1.0844670519813362,6.191769301385214,-0.8666166030529321,1.0844670519813362,6.191769301385214,-0.8666166030529321,7.276236353366551,0.2178504489284041,5.325152698332282,6.4096197503136185
8105,Flooding Attack,1.8234705325665586,5.483019143113015,1.4944283329765993,1.8234705325665586,5.483019143113015,1.4944283329765993,7.306489675679574,3.3178988655431576,6.977447476089615,8.800918008656172
17111,Flooding Attack,1.415567534598597,-0.6218728823045444,-0.8666166030529321,1.415567534598597,-0.6218728823045444,-0.8666166030529321,0.7936946522940526,0.5489509315456649,-1.4884894853574764,-0.07292195075887953
17601,Flooding Attack,1.2862948802721068,3.9664550867343893,-0.8666166030529321,1.2862948802721068,3.9664550867343893,-0.8666166030529321,5.252749967006496,0.4196782772191747,3.099838483681457,4.386133363953563
14436,Flooding Attack,1.5673727693603738,3.387784342563957,-0.8666166030529321,1.5673727693603738,3.387784342563957,-0.8666166030529321,4.955157111924331,0.7007561663074418,2.521167739511025,4.088540508871398
17728,Flooding Attack,-1.4800583278838044,5.801894145098219,-0.8666166030529321,-1.4800583278838044,5.801894145098219,-0.8666166030529321,4.3218358172144145,-2.3466749309367367,4.935277542045286,3.4552192141614824
17770,Flooding Attack,-0.12695611523335862,1.352009899728676,-0.8666166030529321,-0.12695611523335862,1.352009899728676,-0.8666166030529321,1.2250537844953173,-0.9935727182862907,0.48539329667574393,0.35843718144238523
18130,Flooding Attack,1.2017638341339076,4.517287276594374,0.240116674762279,1.2017638341339076,4.517287276594374,0.240116674762279,5.719051110728281,1.4418805088961866,4.757403951356653,5.9591677854905605
7471,Flooding Attack,1.777716900286975,2.0119922991432673,-0.8666166030529321,1.777716900286975,2.0119922991432673,-0.8666166030529321,3.7897091994302423,0.911100297234043,1.1453756960903352,2.9230925963773102
16603,Flooding Attack,1.1010977720558217,0.028355224858901493,1.4944283329765993,1.1010977720558217,0.028355224858901493,1.4944283329765993,1.1294529969147231,2.595526105032421,1.5227835578355007,2.623881329891322
17545,Flooding Attack,0.4983699854351463,5.627504884794047,-0.8666166030529321,0.4983699854351463,5.627504884794047,-0.8666166030529321,6.125874870229193,-0.36824661761778577,4.760888281741115,5.259258267176261
17701,Flooding Attack,1.1139985550744003,2.1350333550228027,-0.12691214092931427,1.1139985550744003,2.1350333550228027,-0.12691214092931427,3.249031910097203,0.987086414145086,2.0081212140934883,3.1221197691678886
8555,Flooding Attack,0.49313914123673425,0.33428316795597823,1.4944283329765993,0.49313914123673425,0.33428316795597823,1.4944283329765993,0.8274223091927124,1.9875674742133336,1.8287115009325774,2.321850642169312
8163,Flooding Attack,1.236213398736922,3.9801454609191165,-0.8666166030529321,1.236213398736922,3.9801454609191165,-0.8666166030529321,5.216358859656038,0.36959679568398984,3.1135288578661844,4.349742256603106
17249,Flooding Attack,2.4978929719668357,5.829846791718116,0.49150158826777973,2.4978929719668357,5.829846791718116,0.49150158826777973,8.327739763684951,2.9893945602346155,6.321348379985896,8.81924135195273
17312,Flooding Attack,2.6563458062373986,0.838777532300261,1.239402185423995,2.6563458062373986,0.838777532300261,1.239402185423995,3.4951233385376597,3.8957479916613935,2.078179717724256,4.734525523961654
8515,Flooding Attack,1.8234705325665586,0.7026902092032657,-0.6298375488570446,1.8234705325665586,0.7026902092032657,-0.6298375488570446,2.526160741769824,1.1936329837095139,0.07285266034622118,1.8963231929127797
17791,Flooding Attack,1.9296983929810008,5.829846782525774,1.4944283329765993,1.9296983929810008,5.829846782525774,1.4944283329765993,7.759545175506775,3.4241267259576,7.324275115502373,9.253973508483373
14563,Flooding Attack,-0.6191968009190953,5.817248139329241,-0.8666166030529321,-0.6191968009190953,5.817248139329241,-0.8666166030529321,5.198051338410146,-1.4858134039720274,4.950631536276308,4.331434735357213
8278,Flooding Attack,1.5726036135587853,-0.1382119124247021,0.13573261907500192,1.5726036135587853,-0.1382119124247021,0.13573261907500192,1.4343917011340832,1.7083362326337872,-0.002479293349700179,1.570124320209085
14500,Flooding Attack,0.49313914123673425,3.9722058840674177,1.4944283329765993,0.49313914123673425,3.9722058840674177,1.4944283329765993,4.465345025304152,1.9875674742133336,5.466634217044017,5.959773358280751
17402,Flooding Attack,1.8275545148605632,-1.6740969045883722,1.4944283329765993,1.8275545148605632,-1.6740969045883722,1.4944283329765993,0.15345761027219096,3.3219828478371625,-0.17966857161177296,1.6478859432487902
18119,Flooding Attack,1.5673727693603738,3.9892223018487982,-0.4777179437143898,1.5673727693603738,3.9892223018487982,-0.4777179437143898,5.556595071209172,1.089654825645984,3.5115043581344083,5.078877127494782
17235,Flooding Attack,1.3500584238353566,-0.14865613066638567,-0.8666166030529321,1.3500584238353566,-0.14865613066638567,-0.8666166030529321,1.201402293168971,0.4834418207824245,-1.0152727337193177,0.33478569011603887
18125,Flooding Attack,1.0102608405645352,5.8266726724626965,-0.8666166030529321,1.0102608405645352,5.8266726724626965,-0.8666166030529321,6.8369335130272315,0.14364423751160316,4.960056069409765,5.970316909974299
16359,Flooding Attack,1.8667134741153502,5.829845801134858,-0.8666166030529321,1.8667134741153502,5.829845801134858,-0.8666166030529321,7.696559275250208,1.000096871062418,4.963229198081926,6.8299426721972765
16634,Flooding Attack,2.3062521114984107,0.7431770954180226,0.2513591542578697,2.3062521114984107,0.7431770954180226,0.2513591542578697,3.0494292069164333,2.5576112657562806,0.9945362496758923,3.3007883611743027
17792,Flooding Attack,1.3591629510923984,5.993071525236706,-0.4777179437143898,1.3591629510923984,5.993071525236706,-0.4777179437143898,7.352234476329104,0.8814450073780086,5.515353581522317,6.874516532614715
17454,Flooding Attack,1.0074966269057766,5.772070191971385,-0.8666166030529321,1.0074966269057766,5.772070191971385,-0.8666166030529321,6.779566818877162,0.14088002385284448,4.905453588918453,5.91295021582423
17605,Flooding Attack,0.687677758897902,5.829846791715246,1.4944283329765993,0.687677758897902,5.829846791715246,1.4944283329765993,6.517524550613148,2.182106091874501,7.324275124691845,8.011952883589746
17090,Flooding Attack,1.3651347468927924,5.830794091099801,1.231783936049861,1.3651347468927924,5.830794091099801,1.231783936049861,7.195928837992593,2.596918682942653,7.062578027149661,8.427712774042455
16607,Flooding Attack,1.936676187025066,0.8125282142880034,0.24913334916735683,1.936676187025066,0.8125282142880034,0.24913334916735683,2.749204401313069,2.185809536192423,1.0616615634553601,2.998337750480426
18079,Flooding Attack,0.6874784124229427,3.9757516078702273,-0.4777179437143898,0.6874784124229427,3.9757516078702273,-0.4777179437143898,4.66323002029317,0.20976046870855292,3.4980336641558374,4.185512076578781
18096,Flooding Attack,0.9022721256154593,5.829845801131986,0.1816593911464015,0.9022721256154593,5.829845801131986,0.1816593911464015,6.732117926747446,1.0839315167618608,6.0115051922783875,6.913777317893847
16405,Flooding Attack,1.265866979274606,5.8444175512922625,-0.8666166030529321,1.265866979274606,5.8444175512922625,-0.8666166030529321,7.110284530566869,0.3992503762216739,4.977800948239331,6.243667927513936
16519,Flooding Attack,1.380355681410405,5.839705142942686,0.5866571351691444,1.380355681410405,5.839705142942686,0.5866571351691444,7.220060824353091,1.9670128165795493,6.42636227811183,7.806717959522235
17093,Flooding Attack,1.4921822206018467,1.2117508593889332,1.4944283329765993,1.4921822206018467,1.2117508593889332,1.4944283329765993,2.70393307999078,2.986610553578446,2.7061791923655325,4.19836141296738
8338,Flooding Attack,1.1001279096739756,5.82771762647358,-0.8666166030529321,1.1001279096739756,5.82771762647358,-0.8666166030529321,6.927845536147556,0.23351130662104347,4.961101023420648,6.061228933094624
17849,Flooding Attack,1.5317878764081077,5.807629679200184,-0.8666166030529321,1.5317878764081077,5.807629679200184,-0.8666166030529321,7.339417555608291,0.6651712733551756,4.941013076147252,6.4728009525553585
17919,Flooding Attack,1.308858124379535,5.968445989599462,0.2592915864982026,1.308858124379535,5.968445989599462,0.2592915864982026,7.277304113978997,1.5681497108777376,6.227737576097665,7.5365957004772
17051,Flooding Attack,1.0017234631588996,5.830794091099801,-0.059640861195812425,1.0017234631588996,5.830794091099801,-0.059640861195812425,6.8325175542587,0.9420826019630871,5.771153229903988,6.772876693062888
8421,Flooding Attack,1.0844670519813362,-1.0422681565637844,-0.8666166030529321,1.0844670519813362,-1.0422681565637844,-0.8666166030529321,0.04219889541755184,0.2178504489284041,-1.9088847596167164,-0.8244177076353802
17409,Flooding Attack,1.292418787765342,5.805653749295799,-0.8666166030529321,1.292418787765342,5.805653749295799,-0.8666166030529321,7.098072537061141,0.4258021847124098,4.9390371462428675,6.231455934008208
8241,Flooding Attack,2.4346777098468513,5.8124222707145545,-0.8666166030529321,2.4346777098468513,5.8124222707145545,-0.8666166030529321,8.247099980561405,1.5680611067939192,4.945805667661622,7.380483377508472
16880,Flooding Attack,2.2970431509579976,4.808447159284046,0.2025272541019011,2.2970431509579976,4.808447159284046,0.2025272541019011,7.105490310242043,2.499570405059899,5.010974413385947,7.3080175643439444
8270,Flooding Attack,2.282796650945999,5.805653749295799,1.4944283329765993,2.282796650945999,5.805653749295799,1.4944283329765993,8.088450400241799,3.7772249839225984,7.300082082272398,9.582878733218397
17590,Flooding Attack,1.5673727693603738,5.809366959646799,-0.8666166030529321,1.5673727693603738,5.809366959646799,-0.8666166030529321,7.3767397290071735,0.7007561663074418,4.9427503565938675,6.510123125954241
17009,Flooding Attack,2.1627323812760872,5.827716663935549,1.9192568826896512,2.1627323812760872,5.827716663935549,1.9192568826896512,7.990449045211636,4.081989263965738,7.7469735466252,9.909705927901287
17905,Flooding Attack,0.7320459053254907,5.8367907427618535,-0.4777179437143898,0.7320459053254907,5.8367907427618535,-0.4777179437143898,6.568836648087344,0.25432796161110094,5.359072799047464,6.091118704372954
16355,Flooding Attack,1.0967060081500912,1.2971624161548865,0.9535658096364428,1.0967060081500912,1.2971624161548865,0.9535658096364428,2.3938684243049777,2.050271817786534,2.2507282257913293,3.3474342339414207
8505,Flooding Attack,1.891873205657769,1.897603259927407,1.3476897315819236,1.891873205657769,1.897603259927407,1.3476897315819236,3.7894764655851763,3.2395629372396924,3.2452929915093307,5.1371661971671
17610,Flooding Attack,0.15366333233683338,5.829845801131986,-0.4777179437143898,0.15366333233683338,5.829845801131986,-0.4777179437143898,5.98350913346882,-0.3240546113775564,5.352127857417597,5.50579118975443
18031,Flooding Attack,0.17509359901753366,5.964914526247499,-0.4777179437143898,0.17509359901753366,5.964914526247499,-0.4777179437143898,6.140008125265033,-0.3026243446968562,5.48719658253311,5.6622901815506435
7529,Flooding Attack,1.2553043500810814,5.829845801134858,0.016448090115348406,1.2553043500810814,5.829845801134858,0.016448090115348406,7.085150151215939,1.2717524401964297,5.846293891250206,7.1015982413312875
17629,Flooding Attack,0.49313914123673425,0.7488266327569786,2.1472567743122934,0.49313914123673425,0.7488266327569786,2.1472567743122934,1.2419657739937129,2.6403959155490275,2.896083407069272,3.389222548306006
17032,Flooding Attack,2.073937534580946,-1.489503027058836,1.4944283329765993,2.073937534580946,-1.489503027058836,1.4944283329765993,0.58443450752211,3.5683658675575454,0.00492530591776319,2.0788628404987093
17613,Flooding Attack,0.49313914123673425,5.829845810324333,1.4944283329765993,0.49313914123673425,5.829845810324333,1.4944283329765993,6.322984951561067,1.9875674742133336,7.324274143300932,7.8174132845376665
17269,Flooding Attack,1.7502387155727017,0.06340347872419458,1.4944283329765993,1.7502387155727017,0.06340347872419458,1.4944283329765993,1.8136421942968963,3.244667048549301,1.5578318117007939,3.308070527273496
17198,Flooding Attack,1.0865669016162869,0.7844154847976385,-0.2383002335286885,1.0865669016162869,0.7844154847976385,-0.2383002335286885,1.8709823864139254,0.8482666680875983,0.54611525126895,1.6326821528852369
17836,Flooding Attack,1.908976720826546,5.829846791715246,-0.6685868139903403,1.908976720826546,5.829846791715246,-0.6685868139903403,7.738823512541792,1.2403899068362056,5.161259977724906,7.070236698551452
16454,Flooding Attack,2.3459144425294713,-0.8805399640946441,-0.8666166030529321,2.3459144425294713,-0.8805399640946441,-0.8666166030529321,1.4653744784348273,1.4792978394765393,-1.7471565671475762,0.5987578753818952
16965,Flooding Attack,1.1280316629396339,1.5111352403086753,-0.4777179437143898,1.1280316629396339,1.5111352403086753,-0.4777179437143898,2.6391669032483094,0.6503137192252441,1.0334172965942856,2.1614489595339195
17760,Flooding Attack,-0.11679945078180995,5.809366959646799,-0.8666166030529321,-0.11679945078180995,5.809366959646799,-0.8666166030529321,5.69256750886499,-0.9834160538347421,4.9427503565938675,4.825950905812057
17375,Flooding Attack,1.3489657149037118,5.636478623258803,0.707799296533501,1.3489657149037118,5.636478623258803,0.707799296533501,6.985444338162515,2.056765011437213,6.3442779197923045,7.6932436346960165
16836,Flooding Attack,1.7044598433613969,5.829846782525774,-0.4777179437143898,1.7044598433613969,5.829846782525774,-0.4777179437143898,7.5343066258871705,1.2267418996470072,5.352128838811384,7.056588682172781
18286,Flooding Attack,0.49313914123673425,5.829845810324333,-0.8666166030529321,0.49313914123673425,5.829845810324333,-0.8666166030529321,6.322984951561067,-0.37347746181619784,4.9632292072714,5.456368348508136
16514,Flooding Attack,1.4081764797745409,-0.13083554279778595,-0.8666166030529321,1.4081764797745409,-0.13083554279778595,-0.8666166030529321,1.277340936976755,0.5415598767216088,-0.9974521458507181,0.4107243339238229
18006,Flooding Attack,-1.5073019579067113,4.4694576775341,-0.14673943476112494,-1.5073019579067113,4.4694576775341,-0.14673943476112494,2.962155719627389,-1.6540413926678363,4.322718242772975,2.815416284866264
17882,Flooding Attack,1.641454874129899,5.8135793995766845,-0.8666166030529321,1.641454874129899,5.8135793995766845,-0.8666166030529321,7.455034273706584,0.774838271076967,4.946962796523753,6.5884176706536515
16924,Flooding Attack,1.5726036135587853,4.68035855789338,-0.41734511968618326,1.5726036135587853,4.68035855789338,-0.41734511968618326,6.2529621714521655,1.155258493872602,4.263013438207198,5.835617051765983
8194,Flooding Attack,1.574677008704203,5.801894145098219,-0.8666166030529321,1.574677008704203,5.801894145098219,-0.8666166030529321,7.376571153802422,0.7080604056512709,4.935277542045286,6.509954550749489
18204,Flooding Attack,1.8754847661550087,5.839705142942686,-0.4777179437143898,1.8754847661550087,5.839705142942686,-0.4777179437143898,7.7151899090976945,1.397766822440619,5.361987199228296,7.237471965383305
16651,Flooding Attack,1.877981037150107,0.811984162700117,0.8864711890212569,1.877981037150107,0.811984162700117,0.8864711890212569,2.689965199850224,2.7644522261713638,1.6984553517213739,3.576436388871481
16442,Flooding Attack,1.63111875920401,1.3969452514083327,-0.8666166030529321,1.63111875920401,1.3969452514083327,-0.8666166030529321,3.0280640106123426,0.7645021561510779,0.5303286483554006,2.1614474075594106
16495,Flooding Attack,2.6602977291767895,5.641237092126637,-0.8666166030529321,2.6602977291767895,5.641237092126637,-0.8666166030529321,8.301534821303427,1.7936811261238574,4.774620489073705,7.434918218250495
17156,Flooding Attack,1.3682031474616265,1.9998835194779252,1.4944283329765993,1.3682031474616265,1.9998835194779252,1.4944283329765993,3.3680866669395515,2.8626314804382256,3.4943118524545245,4.862514999916151
17624,Flooding Attack,1.7505993001341646,0.8634424517049241,0.15308717062469362,1.7505993001341646,0.8634424517049241,0.15308717062469362,2.6140417518390886,1.9036864707588583,1.0165296223296176,2.7671289224637823
17714,Flooding Attack,0.726872722274804,5.829845810324333,-0.4777179437143898,0.726872722274804,5.829845810324333,-0.4777179437143898,6.556718532599136,0.24915477856041424,5.352127866609943,6.079000588884747
17855,Flooding Attack,0.5516850576522973,5.826672710397114,1.4944283329765993,0.5516850576522973,5.826672710397114,1.4944283329765993,6.378357768049411,2.0461133906288964,7.321101043373713,7.87278610102601
16929,Flooding Attack,0.37422223716218767,5.763048804419247,0.49118753827037215,0.37422223716218767,5.763048804419247,0.49118753827037215,6.137271041581434,0.8654097754325598,6.2542363426896195,6.628458579851807
14333,Flooding Attack,1.761654772608996,0.8404470269643906,1.4944283329765993,1.761654772608996,0.8404470269643906,1.4944283329765993,2.6021017995733864,3.256083105585595,2.3348753599409897,4.096530132549986
8108,Flooding Attack,1.5726036135587853,-2.7427303404758545,-0.4777179437143898,1.5726036135587853,-2.7427303404758545,-0.4777179437143898,-1.1701267269170692,1.0948856698443956,-3.2204482841902444,-1.647844670631459
17469,Flooding Attack,1.674961953239125,6.0588496305713395,-0.8666166030529321,1.674961953239125,6.0588496305713395,-0.8666166030529321,7.733811583810464,0.8083453501861928,5.192233027518407,6.867194980757532
17233,Flooding Attack,0.4983699854351463,3.978669281575302,1.8582150324189257,0.4983699854351463,3.978669281575302,1.8582150324189257,4.477039267010449,2.356585017854072,5.8368843139942275,6.335254299429375
8451,Flooding Attack,1.5673727693603738,0.028355234051246795,1.4944283329765993,1.5673727693603738,0.028355234051246795,1.4944283329765993,1.5957280034116206,3.061801102336973,1.522783567027846,3.09015633638822
16860,Flooding Attack,1.4484227963533176,5.801882344188771,-0.8666166030529321,1.4484227963533176,5.801882344188771,-0.8666166030529321,7.250305140542088,0.5818061933003855,4.935265741135838,6.3836885374891565
18175,Flooding Attack,1.4663509595075965,5.829846791715246,0.14778599467324444,1.4663509595075965,5.829846791715246,0.14778599467324444,7.296197751222842,1.614136954180841,5.97763278638849,7.4439837458960865
17465,Flooding Attack,0.4983699854351463,4.570828235357188,-0.49691608531498377,0.4983699854351463,4.570828235357188,-0.49691608531498377,5.069198220792334,0.0014539001201625545,4.0739121500422035,4.57228213547735
8524,Flooding Attack,0.49313914123673425,5.8065563790519645,1.4944283329765993,0.49313914123673425,5.8065563790519645,1.4944283329765993,6.299695520288699,1.9875674742133336,7.300984712028564,7.794123853265298
8295,Flooding Attack,2.160737490185448,5.786732937335795,1.4944283329765993,2.160737490185448,5.786732937335795,1.4944283329765993,7.947470427521243,3.655165823162047,7.281161270312395,9.441898760497843
14305,Flooding Attack,2.5781645408364042,2.1034979851281093,-0.8666166030529321,2.5781645408364042,2.1034979851281093,-0.8666166030529321,4.681662525964514,1.7115479377834721,1.2368813820751772,3.815045922911582
16748,Flooding Attack,2.0378130919026867,-0.3920292154819424,-0.8666166030529321,2.0378130919026867,-0.3920292154819424,-0.8666166030529321,1.6457838764207442,1.1711964888497546,-1.2586458185348746,0.7791672733678121
16573,Flooding Attack,1.412591851201374,1.1113564591093774,-0.012379060392942513,1.412591851201374,1.1113564591093774,-0.012379060392942513,2.523948310310751,1.4002127908084314,1.0989773987164349,2.511569249917809
8650,Normal Traffic,-0.5830835720338947,0.013674556740160628,0.8628855127358078,-0.5830835720338947,0.013674556740160628,0.8628855127358078,-0.5694090152937341,0.2798019407019131,0.8765600694759684,0.2934764974420737
9009,Normal Traffic,0.5344909559686506,-0.015944221366040474,-0.8666166030529321,0.5344909559686506,-0.015944221366040474,-0.8666166030529321,0.5185467346026101,-0.3321256470842815,-0.8825608244189725,-0.34806986845032195
9306,Normal Traffic,0.40074299208177067,0.28315941005635836,-0.21796256938363298,0.40074299208177067,0.28315941005635836,-0.21796256938363298,0.683902402138129,0.18278042269813768,0.06519684067272538,0.465939832754496
11957,Normal Traffic,-1.7792378545372831,0.2796848975068451,1.861547741454778,-1.7792378545372831,0.2796848975068451,1.861547741454778,-1.499552957030438,0.08230988691749497,2.141232638961623,0.3619947844243401
11150,Normal Traffic,1.5414729466036279,-0.017620602393666293,-0.8666166030529321,1.5414729466036279,-0.017620602393666293,-0.8666166030529321,1.5238523442099616,0.6748563435506958,-0.8842372054465983,0.6572357411570295
9447,Normal Traffic,-1.526157904021702,0.02835620625268869,2.706832164284567,-1.526157904021702,0.02835620625268869,2.706832164284567,-1.4978016977690132,1.1806742602628653,2.735188370537256,1.209030466515554
9058,Normal Traffic,0.02258962694701901,0.028355224858901493,-0.8666166030529321,0.02258962694701901,0.028355224858901493,-0.8666166030529321,0.0509448518059205,-0.844026976105913,-0.8382613781940306,-0.8156717512470116
14081,Normal Traffic,0.5528702555108475,-1.5447812225783768,1.4944283329765993,0.5528702555108475,-1.5447812225783768,1.4944283329765993,-0.9919109670675293,2.047298588487447,-0.05035288960177753,0.5025173659090699
10328,Normal Traffic,-0.34766709787443223,1.654265936970684,-0.8666166030529321,-0.34766709787443223,1.654265936970684,-0.8666166030529321,1.3065988390962517,-1.2142837009273644,0.7876493339177519,0.43998223604331965
11222,Normal Traffic,0.912300939023449,-0.1482347602935123,-0.5927485954202425,0.912300939023449,-0.1482347602935123,-0.5927485954202425,0.7640661787299368,0.3195523436032065,-0.7409833557137548,0.17131758330969427
12253,Normal Traffic,-0.7875913436891843,1.2457147703856761,0.42818504334996127,-0.7875913436891843,1.2457147703856761,0.42818504334996127,0.45812342669649186,-0.359406300339223,1.6738998137356373,0.8863084700464532
8864,Normal Traffic,-0.20356104305452352,0.24184683890536865,-0.8666166030529321,-0.20356104305452352,0.24184683890536865,-0.8666166030529321,0.03828579585084513,-1.0701776461074557,-0.6247697641475635,-0.828330807202087
9974,Normal Traffic,-0.1828560436394356,0.026899985542198343,-0.8666166030529321,-0.1828560436394356,0.026899985542198343,-0.8666166030529321,-0.15595605809723728,-1.0494726466923676,-0.8397166175107338,-1.0225726611501693
13383,Normal Traffic,-0.43209139016198056,0.02607610653477559,0.20048039365825254,-0.43209139016198056,0.02607610653477559,0.20048039365825254,-0.40601528362720496,-0.23161099650372802,0.22655650019302814,-0.20553488996895242
9806,Normal Traffic,-0.5830835720338947,-0.03232654604202952,-0.8666166030529321,-0.5830835720338947,-0.03232654604202952,-0.8666166030529321,-0.6154101180759243,-1.4497001750868268,-0.8989431490949616,-1.4820267211288565
13535,Normal Traffic,-0.2278834660885418,0.028356215442161537,0.2707604811045479,-0.2278834660885418,0.028356215442161537,0.2707604811045479,-0.19952725064638024,0.04287701501600613,0.29911669654670947,0.07123323045816768
11883,Normal Traffic,1.642806858507414,-1.5748600614429764,0.6379384540195777,1.642806858507414,-1.5748600614429764,0.6379384540195777,0.06794679706443763,2.280745312526992,-0.9369216074233987,0.7058852510840153
9608,Normal Traffic,-0.6860374541050875,0.004931536027709461,-0.8666166030529321,-0.6860374541050875,0.004931536027709461,-0.8666166030529321,-0.6811059180773781,-1.5526540571580196,-0.8616850670252226,-1.5477225211303103
12511,Normal Traffic,-1.5073019579067113,-0.13751041687652196,-0.14800292815706068,-1.5073019579067113,-0.13751041687652196,-0.14800292815706068,-1.6448123747832333,-1.655304886063772,-0.2855133450335826,-1.792815302940294
11346,Normal Traffic,1.8641235595759749,0.04002528220260369,1.4944283329765993,1.8641235595759749,0.04002528220260369,1.4944283329765993,1.9041488417785786,3.3585518925525744,1.534453615179203,3.398577174755178
9500,Normal Traffic,-0.11590719785647634,0.007344089446950875,0.13473396134479065,-0.11590719785647634,0.007344089446950875,0.13473396134479065,-0.10856310840952546,0.018826763488314316,0.14207805079174152,0.026170852935265193
14047,Normal Traffic,1.2265113553522664,-1.2136433269708613,0.9510479200272782,1.2265113553522664,-1.2136433269708613,0.9510479200272782,0.012868028381405106,2.1775592753795445,-0.2625954069435831,0.9639159484086833
11195,Normal Traffic,-0.4334006152181782,0.028355224861771767,0.3050443699716227,-0.4334006152181782,0.028355224861771767,0.3050443699716227,-0.4050453903564064,-0.12835624524655548,0.3333995948333945,-0.1000010203847837
11721,Normal Traffic,1.7667140080499588,-0.3086576183015275,0.3805802197023997,1.7667140080499588,-0.3086576183015275,0.3805802197023997,1.4580563897484313,2.1472942277523583,0.0719226014008722,1.838636609450831
13525,Normal Traffic,-1.9012061755451843,-0.015521028553219858,0.28745693284317425,-1.9012061755451843,-0.015521028553219858,0.28745693284317425,-1.9167272040984042,-1.6137492427020101,0.2719359042899544,-1.62927027125523
10720,Normal Traffic,0.724514708928233,-0.17105572662312324,-0.8666166030529321,0.724514708928233,-0.17105572662312324,-0.8666166030529321,0.5534589823051097,-0.1421018941246991,-1.0376723296760553,-0.3131576207478224
9348,Normal Traffic,-0.7431175880436104,-0.029301315231484895,2.3603274796066773,-0.7431175880436104,-0.029301315231484895,2.3603274796066773,-0.7724189032750953,1.6172098915630668,2.3310261643751926,1.5879085763315821
9474,Normal Traffic,-0.17950827917330497,0.2347636034938618,0.16683484256155626,-0.17950827917330497,0.2347636034938618,0.16683484256155626,0.055255324320556826,-0.012673436611748717,0.40159844605541806,0.22209016688211308
11246,Normal Traffic,2.146197416281678,0.028356215442161537,0.9362131326147146,2.146197416281678,0.028356215442161537,0.9362131326147146,2.1745536317238394,3.0824105488963927,0.9645693480568761,3.110766764338554
11127,Normal Traffic,0.49222970438121894,0.015617979251862212,0.8243479147517334,0.49222970438121894,0.015617979251862212,0.8243479147517334,0.5078476836330812,1.3165776191329523,0.8399658940035957,1.3321955983848146
10685,Normal Traffic,-0.06349613472952632,0.03565822071269897,-0.8666166030529321,-0.06349613472952632,0.03565822071269897,-0.8666166030529321,-0.027837914016827357,-0.9301127377824584,-0.8309583823402331,-0.8944545170697594
8945,Normal Traffic,-0.08011172815181425,0.02835523405411707,1.417348056219671,-0.08011172815181425,0.02835523405411707,1.417348056219671,-0.051756494097697184,1.3372363280678567,1.445703290273788,1.3655915621219739
12219,Normal Traffic,2.4139998579614947,0.025974163824513972,-0.8666166030529321,2.4139998579614947,0.025974163824513972,-0.8666166030529321,2.439974021786009,1.5473832549085627,-0.8406424392284181,1.5733574187330768
10499,Normal Traffic,-0.11267854213160905,0.026459641862534283,-0.8666166030529321,-0.11267854213160905,0.026459641862534283,-0.8666166030529321,-0.08621890026907476,-0.9792951451845411,-0.8401569611903978,-0.9528355033220068
9236,Normal Traffic,-0.49873854983313476,-1.8173085088249674,-0.8666166030529321,-0.49873854983313476,-1.8173085088249674,-0.8666166030529321,-2.316047058658102,-1.3653551528860668,-2.6839251118778993,-3.182663661711034
9274,Normal Traffic,-0.482512001725423,0.003873471360684451,-0.8666166030529321,-0.482512001725423,0.003873471360684451,-0.8666166030529321,-0.4786385303647386,-1.349128604778355,-0.8627431316922476,-1.3452551334176706
12487,Normal Traffic,-0.34329137627958534,0.009500020820908991,-0.8666166030529321,-0.34329137627958534,0.009500020820908991,-0.8666166030529321,-0.33379135545867633,-1.2099079793325174,-0.8571165822320231,-1.2004079585116085
11722,Normal Traffic,-0.3278098307105883,0.03626834772957022,-0.8666166030529321,-0.3278098307105883,0.03626834772957022,-0.8666166030529321,-0.29154148298101806,-1.1944264337635204,-0.8303482553233619,-1.1581580860339502
8836,Normal Traffic,-0.17631994120362451,0.028355224861771767,1.47999239984273,-0.17631994120362451,0.028355224861771767,1.47999239984273,-0.14796471634185274,1.3036724586391055,1.5083476247045018,1.3320276835008773
10171,Normal Traffic,-2.251578005666071,2.3425004516088817,-0.8666166030529321,-2.251578005666071,2.3425004516088817,-0.8666166030529321,0.09092244594281063,-3.118194608719003,1.4758838485559496,-0.7756941571101215
8766,Normal Traffic,-0.23312589698411876,-0.0003519578422051355,-0.8666166030529321,-0.23312589698411876,-0.0003519578422051355,-0.8666166030529321,-0.23347785482632388,-1.0997425000370509,-0.8669685608951372,-1.100094457879256
13370,Normal Traffic,1.4305087161474228,0.1544831818844501,2.07129297020394,1.4305087161474228,0.1544831818844501,2.07129297020394,1.584991898031873,3.501801686351363,2.22577615208839,3.656284868235813
10079,Normal Traffic,-0.6800150402724429,0.2618848535174932,0.6132395947805215,-0.6800150402724429,0.2618848535174932,0.6132395947805215,-0.4181301867549497,-0.06677544549192138,0.8751244482980147,0.1951094080255718
11197,Normal Traffic,0.9077667330483891,0.27915186219381066,1.4944283329765993,0.9077667330483891,0.27915186219381066,1.4944283329765993,1.1869185952421997,2.4021950660249884,1.77358019517041,2.681346928218799
9238,Normal Traffic,-0.724374924068349,0.2669368445345426,-0.4991390017773175,-0.724374924068349,0.2669368445345426,-0.4991390017773175,-0.45743807953380644,-1.2235139258456664,-0.23220215724277493,-0.956577081311124
13602,Normal Traffic,0.5320384831049656,0.02835392060172667,1.4403476684321743,0.5320384831049656,0.02835392060172667,1.4403476684321743,0.5603924037066923,1.97238615153714,1.468701589033901,2.000740072138867
9085,Normal Traffic,-0.30946772332000233,0.02518213412402806,-0.8666166030529321,-0.30946772332000233,0.02518213412402806,-0.8666166030529321,-0.28428558919597424,-1.1760843263729344,-0.8414344689289041,-1.1509021922489064
10075,Normal Traffic,-0.5399101084687088,2.8264437034139336,-0.8666166030529321,-0.5399101084687088,2.8264437034139336,-0.8666166030529321,2.286533594945225,-1.4065267115216409,1.9598271003610015,1.419916991892293
11132,Normal Traffic,-1.4597280508460395,0.023629750313576333,1.3746874996522793,-1.4597280508460395,0.023629750313576333,1.3746874996522793,-1.4360983005324632,-0.0850405511937602,1.3983172499658556,-0.06141080088018391
10275,Normal Traffic,-1.3365662181644349,0.6309510301826491,-0.8666166030529321,-1.3365662181644349,0.6309510301826491,-0.8666166030529321,-0.7056151879817858,-2.203182821217367,-0.235665572870283,-1.5722317910347179
11031,Normal Traffic,0.9970688857678824,1.1954975002969428,-0.8666166030529321,0.9970688857678824,1.1954975002969428,-0.8666166030529321,2.1925663860648252,0.13045228271495035,0.3288808972440107,1.3259497830118931
13871,Normal Traffic,-1.5073019579067113,-1.5444668035063345,-0.8666166030529321,-1.5073019579067113,-1.5444668035063345,-0.8666166030529321,-3.0517687614130455,-2.3739185609596434,-2.411083406559267,-3.9183853644659776
9997,Normal Traffic,0.8386252537221954,0.03821456666960005,0.13612580216176476,0.8386252537221954,0.03821456666960005,0.13612580216176476,0.8768398203917955,0.9747510558839602,0.1743403688313648,1.0129656225535604
13942,Normal Traffic,0.9830664158423413,1.0077888565863637,-0.15559261634294272,0.9830664158423413,1.0077888565863637,-0.15559261634294272,1.9908552724287052,0.8274737994993986,0.852196240243421,1.8352626560857626
10360,Normal Traffic,1.0954450607592767,0.2639758438119906,0.6223163060645761,1.0954450607592767,0.2639758438119906,0.6223163060645761,1.3594209045712673,1.717761366823853,0.8862921498765667,1.9817372106358433
13693,Normal Traffic,-0.344967644381076,0.021493010691559924,0.11243309589027647,-0.344967644381076,0.021493010691559924,0.11243309589027647,-0.3234746336895161,-0.23253454849079955,0.1339261065818364,-0.21104153779923965
13911,Normal Traffic,0.10985427867114324,0.07846162307858377,0.31372692553648973,0.10985427867114324,0.07846162307858377,0.31372692553648973,0.188315901749727,0.42358120420763296,0.3921885486150735,0.5020428272862167
9581,Normal Traffic,-0.015034798828356271,-1.2484655097902604,-0.8666166030529321,-0.015034798828356271,-1.2484655097902604,-0.8666166030529321,-1.2635003086186167,-0.8816514018812883,-2.1150821128431927,-2.130116911671549
10201,Normal Traffic,-0.3097080103882298,3.027644345127128,-0.8666166030529321,-0.3097080103882298,3.027644345127128,-0.8666166030529321,2.7179363347388983,-1.176324613441162,2.161027742074196,1.8513197316859662
14059,Normal Traffic,1.2450033618270175,0.030978590098570347,-0.8666166030529321,1.2450033618270175,0.030978590098570347,-0.8666166030529321,1.275981951925588,0.37838675877408545,-0.8356380129543617,0.40936534887265585
13572,Normal Traffic,0.46903502923994517,-0.0021345049853056662,1.7404947094405379,0.46903502923994517,-0.0021345049853056662,1.7404947094405379,0.4669005242546395,2.209529738680483,1.7383602044552322,2.2073952336951774
11325,Normal Traffic,0.2008940446630426,0.27175618504162297,1.4944283329765993,0.2008940446630426,0.27175618504162297,1.4944283329765993,0.4726502297046655,1.6953223776396418,1.7661845180182223,1.9670785626812648
12166,Normal Traffic,0.800540084536973,0.15576986921333577,-0.8666166030529321,0.800540084536973,0.15576986921333577,-0.8666166030529321,0.9563099537503088,-0.06607651851595908,-0.7108467338395963,0.08969335069737672
9712,Normal Traffic,-0.35808675368978726,-1.8262506203133029,-0.8666166030529321,-0.35808675368978726,-1.8262506203133029,-0.8666166030529321,-2.18433737400309,-1.2247033567427192,-2.692867223366235,-3.050953977056022
11183,Normal Traffic,-0.29106079554281256,0.02835523405411707,-0.8666166030529321,-0.29106079554281256,0.02835523405411707,-0.8666166030529321,-0.2627055614886955,-1.1576773985957447,-0.838261368998815,-1.1293221645416276
9528,Normal Traffic,-0.49548769224653916,0.010030175467616902,-0.8666166030529321,-0.49548769224653916,0.010030175467616902,-0.8666166030529321,-0.48545751677892224,-1.3621042952994713,-0.8565864275853152,-1.3520741198318542
13729,Normal Traffic,0.002108839682464585,0.005962821147029291,1.9658774131648835,0.002108839682464585,0.005962821147029291,1.9658774131648835,0.008071660829493876,1.9679862528473482,1.9718402343119128,1.9739490739943775
9184,Normal Traffic,-2.7787576060781256,0.03232438402596585,-0.8666166030529321,-2.7787576060781256,0.03232438402596585,-0.8666166030529321,-2.74643322205216,-3.6453742091310577,-0.8342922190269663,-3.613049825105092
12904,Normal Traffic,0.06799339530702912,0.026645916394086186,-0.8666166030529321,0.06799339530702912,0.026645916394086186,-0.8666166030529321,0.09463931170111531,-0.798623207745903,-0.8399706866588459,-0.7719772913518168
10005,Normal Traffic,0.6931633119235345,1.1767406016754902,-0.8666166030529321,0.6931633119235345,1.1767406016754902,-0.8666166030529321,1.8699039135990247,-0.17345329112939756,0.31012399862255813,1.0032873105460927
10097,Normal Traffic,1.0417321521162184,0.5502046729423068,-0.8666166030529321,1.0417321521162184,0.5502046729423068,-0.8666166030529321,1.591936825058525,0.1751155490632863,-0.3164119301106253,0.725320222005593
13964,Normal Traffic,-0.6374687958802318,-2.136157093871844,0.26968584419191804,-0.6374687958802318,-2.136157093871844,0.26968584419191804,-2.7736258897520756,-0.3677829516883137,-1.8664712496799258,-2.5039400455601575
9723,Normal Traffic,-1.211468527427472,0.4499350916035304,0.5158218242411995,-1.211468527427472,0.4499350916035304,0.5158218242411995,-0.7615334358239415,-0.6956467031862724,0.9657569158447299,-0.24571161158274202
8644,Normal Traffic,-0.8234006360718,0.01391001674226359,-0.8666166030529321,-0.8234006360718,0.01391001674226359,-0.8666166030529321,-0.8094906193295365,-1.6900172391247321,-0.8527065863106685,-1.6761072223824685
9301,Normal Traffic,-0.2610413089823228,0.22721246153988603,-0.8666166030529321,-0.2610413089823228,0.22721246153988603,-0.8666166030529321,-0.03382884744243678,-1.127657912035255,-0.639404141513046,-0.9004454504953688
8989,Normal Traffic,-0.7089850476712518,0.005196595353740749,-0.4777179437143898,-0.7089850476712518,0.005196595353740749,-0.4777179437143898,-0.7037884523175111,-1.1867029913856415,-0.4725213483606491,-1.1815063960319008
13652,Normal Traffic,-0.5830835720338947,-0.0036689039343588696,-0.17735999958265591,-0.5830835720338947,-0.0036689039343588696,-0.17735999958265591,-0.5867524759682536,-0.7604435716165506,-0.18102890351701478,-0.7641124755509096
12489,Normal Traffic,-1.5125328021051232,0.24937911363717524,0.3013263686353095,-1.5125328021051232,0.24937911363717524,0.3013263686353095,-1.263153688467948,-1.2112064334698136,0.5507054822724847,-0.9618273198326385
11538,Normal Traffic,0.7332945519459315,0.2554831559932915,0.3929017213314434,0.7332945519459315,0.2554831559932915,0.3929017213314434,0.988777707939223,1.126196273277375,0.6483848773247349,1.3816794292706664
8843,Normal Traffic,-0.10678836127491385,0.04850027153832898,-0.8034320085726683,-0.10678836127491385,0.04850027153832898,-0.8034320085726683,-0.05828808973658487,-0.9102203698475821,-0.7549317370343392,-0.8617200983092531
14012,Normal Traffic,1.0574237965438855,-1.3460351867646934,0.24801034125400143,1.0574237965438855,-1.3460351867646934,0.24801034125400143,-0.28861139022080784,1.3054341377978869,-1.098024845510692,-0.04060104896680641
10666,Normal Traffic,-1.5125328021051232,0.06526863452105411,1.4944283329765993,-1.5125328021051232,0.06526863452105411,1.4944283329765993,-1.4472641675840692,-0.018104469128523926,1.5596969674976533,0.0471641653925301
13395,Normal Traffic,1.1139367185726883,0.03405336759032023,0.159094424351372,1.1139367185726883,0.03405336759032023,0.159094424351372,1.1479900861630086,1.2730311429240602,0.19314779194169224,1.3070845105143807
10597,Normal Traffic,-1.5125328021051232,-1.5578144657447317,0.15277856459486114,-1.5125328021051232,-1.5578144657447317,0.15277856459486114,-3.070347267849855,-1.359754237510262,-1.4050359011498705,-2.917568703254994
12376,Normal Traffic,1.0739458451376256,0.25569480359155244,-0.8666166030529321,1.0739458451376256,0.25569480359155244,-0.8666166030529321,1.329640648729178,0.2073292420846935,-0.6109217994613796,0.463024045676246
11802,Normal Traffic,1.0408714779001398,0.011240032974814206,2.19034429520672,1.0408714779001398,0.011240032974814206,2.19034429520672,1.052111510874954,3.23121577310686,2.2015843281815344,3.242455806081674
11091,Normal Traffic,1.236369653326789,-3.8733797319823764,1.4063641623491714,1.236369653326789,-3.8733797319823764,1.4063641623491714,-2.6370100786555875,2.6427338156759603,-2.467015569633205,-1.230645916306416
11662,Normal Traffic,-0.47769615481161454,0.44279363023928536,-0.191727321626467,-0.47769615481161454,0.44279363023928536,-0.191727321626467,-0.034902524572329174,-0.6694234764380815,0.25106630861281837,-0.22662984619879617
10812,Normal Traffic,0.2604738478789515,0.021494717683843662,-0.8666166030529321,0.2604738478789515,0.021494717683843662,-0.8666166030529321,0.28196856556279515,-0.6061427551739806,-0.8451218853690884,-0.5846480374901369
10231,Normal Traffic,-0.27683778674809506,5.38619969917718,-0.8666166030529321,-0.27683778674809506,5.38619969917718,-0.8666166030529321,5.109361912429085,-1.1434543898010272,4.519583096124247,4.2427453093761525
10868,Normal Traffic,0.5014854943434687,0.22673959383487233,-0.8666166030529321,0.5014854943434687,0.22673959383487233,-0.8666166030529321,0.728225088178341,-0.3651311087094634,-0.6398770092180598,-0.13839151487459112
13952,Normal Traffic,-0.002090195561977644,0.41726025407392714,1.4944283329765993,-0.002090195561977644,0.41726025407392714,1.4944283329765993,0.4151700585119495,1.4923381374146216,1.9116885870505265,1.9095983914885488
9278,Normal Traffic,-0.734737301264922,0.013674556740160628,-0.8666166030529321,-0.734737301264922,0.013674556740160628,-0.8666166030529321,-0.7210627445247614,-1.601353904317854,-0.8529420463127715,-1.5876793475776934
9526,Normal Traffic,-0.5938100422055779,0.03821456666960005,0.24464617382373766,-0.5938100422055779,0.03821456666960005,0.24464617382373766,-0.5555954755359778,-0.3491638683818402,0.2828607404933377,-0.3109493017122401
12753,Normal Traffic,0.49923894426356563,1.4460614196830828,-0.8666166030529321,0.49923894426356563,1.4460614196830828,-0.8666166030529321,1.9453003639466484,-0.36737765878936646,0.5794448166301507,1.0786837608937163
11815,Normal Traffic,1.610636397727589,0.5185306508585527,-0.8666166030529321,1.610636397727589,0.5185306508585527,-0.8666166030529321,2.1291670485861416,0.744019794674657,-0.34808595219437943,1.2625504455332095
13407,Normal Traffic,0.8070898895978362,-0.16346979517098498,1.4944283329765993,0.8070898895978362,-0.16346979517098498,1.4944283329765993,0.6436200944268513,2.3015182225744355,1.3309585378056144,2.138048427403451
9071,Normal Traffic,-1.3181935309189152,0.25504524086414837,-0.8666166030529321,-1.3181935309189152,0.25504524086414837,-0.8666166030529321,-1.0631482900547669,-2.1848101339718475,-0.6115713621887837,-1.929764893107699
11540,Normal Traffic,-0.236466196625726,0.034409719561626195,0.5114755237386907,-0.236466196625726,0.034409719561626195,0.5114755237386907,-0.2020564770640998,0.27500932711296466,0.5458852433003168,0.30941904667459086
8724,Normal Traffic,-0.3889441848441416,0.28189799076142635,2.4537775320969364,-0.3889441848441416,0.28189799076142635,2.4537775320969364,-0.10704619408271526,2.0648333472527947,2.735675522858363,2.346731338014221
11145,Normal Traffic,-1.5125328021051232,0.028355234051246795,1.2610789813940115,-1.5125328021051232,0.028355234051246795,1.2610789813940115,-1.4841775680538765,-0.25145382071111166,1.2894342154452583,-0.22309858665986493
8655,Normal Traffic,-0.7340250300435386,0.012823102785165316,-0.8666166030529321,-0.7340250300435386,0.012823102785165316,-0.8666166030529321,-0.7212019272583733,-1.6006416330964708,-0.8537935002677668,-1.5878185303113055
13829,Normal Traffic,1.2008879306509304,0.04515534483343765,-0.7363008863484892,1.2008879306509304,0.04515534483343765,-0.7363008863484892,1.246043275484368,0.46458704430244113,-0.6911455415150516,0.5097423891358788
10967,Normal Traffic,0.30292165659917064,-0.07664161739037273,-0.8666166030529321,0.30292165659917064,-0.07664161739037273,-0.8666166030529321,0.2262800392087979,-0.5636949464537615,-0.9432582204433049,-0.6403365638441342
11058,Normal Traffic,0.8523917343740435,0.2549504620821322,-0.161990810627507,0.8523917343740435,0.2549504620821322,-0.161990810627507,1.1073421964561756,0.6904009237465365,0.09295965145462518,0.9453513858286686
13628,Normal Traffic,1.3487030937416415,0.028355234051246795,0.8316538010719605,1.3487030937416415,0.028355234051246795,0.8316538010719605,1.3770583277928883,2.180356894813602,0.8600090351232074,2.208712128864849
9886,Normal Traffic,-1.1033998177263984,-1.569282549658839,-0.8666166030529321,-1.1033998177263984,-1.569282549658839,-0.8666166030529321,-2.6726823673852373,-1.9700164207793305,-2.4358991527117713,-3.5392989704381694
14090,Normal Traffic,2.3979229951481904,0.29610559031133743,0.13612580216176476,2.3979229951481904,0.29610559031133743,0.13612580216176476,2.694028585459528,2.5340487973099552,0.43223139247310216,2.8301543876212927
11093,Normal Traffic,1.5673727693603738,0.25390228874259074,0.8575019266225482,1.5673727693603738,0.25390228874259074,0.8575019266225482,1.8212750581029646,2.424874695982922,1.111404215365139,2.6787769847255127
13888,Normal Traffic,1.817667321944504,0.030477203125842848,0.10610540410945402,1.817667321944504,0.030477203125842848,0.10610540410945402,1.848144525070347,1.923772726053958,0.13658260723529686,1.954249929179801
9681,Normal Traffic,-0.3295073880532574,0.023448301724398827,0.16567335721360268,-0.3295073880532574,0.023448301724398827,0.16567335721360268,-0.3060590863288586,-0.16383403083965473,0.1891216589380015,-0.1403857291152559
9314,Normal Traffic,-0.30859444197386043,-1.836422334757496,-0.8666166030529321,-0.30859444197386043,-1.836422334757496,-0.8666166030529321,-2.1450167767313566,-1.1752110450267925,-2.703038937810428,-3.0116333797842887
10314,Normal Traffic,-0.27697087710737367,1.0000762482766128,-0.8666166030529321,-0.27697087710737367,1.0000762482766128,-0.8666166030529321,0.7231053711692391,-1.1435874801603059,0.1334596452236807,-0.14351123188369297
9761,Normal Traffic,-1.3142484208451026,0.006168456043286704,-0.8666166030529321,-1.3142484208451026,0.006168456043286704,-0.8666166030529321,-1.308079964801816,-2.1808650238980345,-0.8604481470096453,-2.174696567854748
10762,Normal Traffic,0.12861662809457988,0.017166179277899127,0.5151301792857792,0.12861662809457988,0.017166179277899127,0.5151301792857792,0.145782807372479,0.643746807380359,0.5322963585636783,0.6609129866582582
9908,Normal Traffic,-0.3830025400037725,0.039226795465255315,1.8472721046609657,-0.3830025400037725,0.039226795465255315,1.8472721046609657,-0.34377574453851717,1.4642695646571933,1.8864989001262211,1.5034963601224485
11788,Normal Traffic,0.31360623590033176,-1.5448590335117758,-0.8666166030529321,0.31360623590033176,-1.5448590335117758,-0.8666166030529321,-1.231252797611444,-0.5530103671526003,-2.411475636564708,-2.097869400664376
10920,Normal Traffic,-1.5125328021051232,0.028356215442161537,1.4944283329765993,-1.5125328021051232,0.028356215442161537,1.4944283329765993,-1.4841765866629617,-0.018104469128523926,1.5227845484187608,0.010251746313637566
11708,Normal Traffic,-0.7029091811648077,0.006151968523539391,-0.8666166030529321,-0.7029091811648077,0.006151968523539391,-0.8666166030529321,-0.6967572126412683,-1.5695257842177397,-0.8604646345293927,-1.5633738156942005
10678,Normal Traffic,1.50153824327116,0.026226068104655553,2.567862016486391,1.50153824327116,0.026226068104655553,2.567862016486391,1.5277643113758155,4.0694002597575505,2.5940880845910463,4.095626327862206
13429,Normal Traffic,-0.6037266103061953,-1.649960224259281,-0.5882482514746988,-0.6037266103061953,-1.649960224259281,-0.5882482514746988,-2.2536868345654764,-1.1919748617808943,-2.23820847573398,-2.8419350860401753
12134,Normal Traffic,-0.23248464589973505,0.028452406469975777,-0.3528197125082995,-0.23248464589973505,0.028452406469975777,-0.3528197125082995,-0.2040322394297593,-0.5853043584080346,-0.32436730603832375,-0.5568519519380588
12129,Normal Traffic,-0.11694931300741951,0.03965218890064276,-0.2580086119066127,-0.11694931300741951,0.03965218890064276,-0.2580086119066127,-0.07729712410677675,-0.3749579249140322,-0.2183564230059699,-0.3353057360133894
13142,Normal Traffic,1.8297269474033278,0.026459641862534283,-0.14700441233529438,1.8297269474033278,0.026459641862534283,-0.14700441233529438,1.856186589265862,1.6827225350680335,-0.12054477047276009,1.7091821769305677
14025,Normal Traffic,0.679154287239487,0.28105825185437394,-0.8666166030529321,0.679154287239487,0.28105825185437394,-0.8666166030529321,0.960212539093861,-0.18746231581344508,-0.5855583511985581,0.09359593604092886
9310,Normal Traffic,-0.2554655687008028,0.01609064885323471,0.3929017213314434,-0.2554655687008028,0.01609064885323471,0.3929017213314434,-0.23937491984756806,0.13743615263064063,0.4089923701846781,0.15352680148387535
10475,Normal Traffic,0.37270109873023105,0.3354319512835871,-0.8666166030529321,0.37270109873023105,0.3354319512835871,-0.8666166030529321,0.7081330500138181,-0.49391550432270104,-0.531184651769345,-0.158483553039114
9624,Normal Traffic,0.9926050443734344,0.03300629971220843,0.9444028537845962,0.9926050443734344,0.03300629971220843,0.9444028537845962,1.025611344085643,1.9370078981580305,0.9774091534968047,1.9700141978702392
13340,Normal Traffic,-0.189343992408936,0.028355224858901493,0.31343972316706253,-0.189343992408936,0.028355224858901493,0.31343972316706253,-0.16098876755003452,0.12409573075812652,0.34179494802596405,0.152450955617028
13150,Normal Traffic,-0.3907129009409093,0.035634789609894454,1.0557156073319436,-0.3907129009409093,0.035634789609894454,1.0557156073319436,-0.35507811133101486,0.6650027063910342,1.091350396941838,0.7006374960009287
11572,Normal Traffic,0.3327905887932014,-0.0159085332215883,-0.8666166030529321,0.3327905887932014,-0.0159085332215883,-0.8666166030529321,0.3168820555716131,-0.5338260142597306,-0.8825251362745203,-0.549734547481319
8634,Normal Traffic,-0.019541213498256996,0.41726025407392714,2.2534274525692455,-0.019541213498256996,0.41726025407392714,2.2534274525692455,0.39771904057567015,2.2338862390709884,2.6706877066431725,2.651146493144916
9337,Normal Traffic,-1.6303679499917316,0.2895506597215745,-0.8666166030529321,-1.6303679499917316,0.2895506597215745,-0.8666166030529321,-1.3408172902701572,-2.4969845530446637,-0.5770659433313576,-2.2074338933230893
10485,Normal Traffic,-0.6496013104796794,0.3534015010185079,0.3212262336382328,-0.6496013104796794,0.3534015010185079,0.3212262336382328,-0.29619980946117147,-0.32837507684144657,0.6746277346567408,0.025026424177061357
11342,Normal Traffic,-0.023412599479585034,0.28058514438537147,0.3895654845558515,-0.023412599479585034,0.28058514438537147,0.3895654845558515,0.25717254490578645,0.3661528850762665,0.6701506289412229,0.6467380294616379
12034,Normal Traffic,-1.4146955843241373,5.829845810324333,0.7099036097457235,-1.4146955843241373,5.829845810324333,0.7099036097457235,4.415150226000195,-0.7047919745784138,6.5397494200700566,5.125053835745919
9224,Normal Traffic,0.09978620778932908,-1.5456770840213534,0.1965075603304656,0.09978620778932908,-1.5456770840213534,0.1965075603304656,-1.4458908762320244,0.2962937681197947,-1.3491695236908878,-1.2493833159015588
9237,Normal Traffic,-0.7814843797685411,0.0006661302513394493,-0.8666166030529321,-0.7814843797685411,0.0006661302513394493,-0.8666166030529321,-0.7808182495172017,-1.6481009828214732,-0.8659504728015927,-1.6474348525701337
9190,Normal Traffic,-0.40264707489507395,0.03821456666960005,-0.4777179437143898,-0.40264707489507395,0.03821456666960005,-0.4777179437143898,-0.3644325082254739,-0.8803650186094638,-0.43950337704478976,-0.8421504519398637
10422,Normal Traffic,-0.77762761975885,0.26174715519940134,-0.8666166030529321,-0.77762761975885,0.26174715519940134,-0.8666166030529321,-0.5158804645594486,-1.644244222811782,-0.6048694478535308,-1.3824970676123807
9519,Normal Traffic,-0.197104411982115,-1.5412109862274141,1.5314985943218844,-0.197104411982115,-1.5412109862274141,1.5314985943218844,-1.7383153982095292,1.3343941823397694,-0.00971239190552975,-0.20681680388764478
11604,Normal Traffic,1.5073960045379682,0.2350585255669437,-0.8666166030529321,1.5073960045379682,0.2350585255669437,-0.8666166030529321,1.742454530104912,0.6407794014850361,-0.6315580774859884,0.8758379270519798
9556,Normal Traffic,0.10345934453461518,0.02835617186553367,-0.2198099642396347,0.10345934453461518,0.02835617186553367,-0.2198099642396347,0.13181551640014885,-0.11635061970501952,-0.19145379237410104,-0.08799444783948585
9258,Normal Traffic,-0.07597355036085694,0.0006661302513394493,-0.8666166030529321,-0.07597355036085694,0.0006661302513394493,-0.8666166030529321,-0.07530742010951749,-0.942590153413789,-0.8659504728015927,-0.9419240231624496
13727,Normal Traffic,0.8696415008081656,0.22164400048103367,-0.8666166030529321,0.8696415008081656,0.22164400048103367,-0.8666166030529321,1.0912855012891993,0.0030248977552335132,-0.6449726025718985,0.22466889823626723
13831,Normal Traffic,-1.4634189378469669,0.2618848535174932,0.15277856459486114,-1.4634189378469669,0.2618848535174932,0.15277856459486114,-1.2015340843294737,-1.3106403732521057,0.4146634181123543,-1.0487555197346126
11614,Normal Traffic,1.4818817788702254,-1.5443004096227253,-0.8666166030529321,1.4818817788702254,-1.5443004096227253,-0.8666166030529321,-0.06241863075249987,0.6152651758172933,-2.4109170126756574,-0.929035233805432
10025,Normal Traffic,-1.5125328021051232,3.284182715039075,-0.8666166030529321,-1.5125328021051232,3.284182715039075,-0.8666166030529321,1.7716499129339518,-2.3791494051580555,2.417566111986143,0.9050333098810197
10774,Normal Traffic,0.701484538121421,0.02500759535242101,0.8613685062182043,0.701484538121421,0.02500759535242101,0.8613685062182043,0.726492133473842,1.5628530443396254,0.8863761015706253,1.5878606396920463
9763,Normal Traffic,-0.20902181955717705,0.002954989896104906,0.3201761135669773,-0.20902181955717705,0.002954989896104906,0.3201761135669773,-0.20606682966107215,0.11115429400980023,0.3231311034630822,0.11410928390590513
11276,Normal Traffic,-0.3333040400232785,0.2554652119276726,-0.8666166030529321,-0.3333040400232785,0.2554652119276726,-0.8666166030529321,-0.07783882809560594,-1.1999206430762106,-0.6111513911252595,-0.944455431148538
9947,Normal Traffic,-1.2585255909449526,0.03821456666960005,1.4944283329765993,-1.2585255909449526,0.03821456666960005,1.4944283329765993,-1.2203110242753525,0.23590274203164663,1.5326428996461994,0.27411730870124673
8849,Normal Traffic,-0.03800960070473909,0.2731949484202381,-0.20666900477558692,-0.03800960070473909,0.2731949484202381,-0.20666900477558692,0.23518534771549904,-0.244678605480326,0.0665259436446512,0.02851634293991212
11837,Normal Traffic,0.5003700045512469,0.2246603216801658,-0.2951919149171868,0.5003700045512469,0.2246603216801658,-0.2951919149171868,0.7250303262314127,0.2051780896340601,-0.07053159323702102,0.4298384113142259
11149,Normal Traffic,0.49313914123673425,0.02835620625268869,1.4944283329765993,0.49313914123673425,0.02835620625268869,1.4944283329765993,0.521495347489423,1.9875674742133336,1.522784539229288,2.015923680466022
13914,Normal Traffic,0.7180615067393779,-1.8222303409830036,-0.40008679599134933,0.7180615067393779,-1.8222303409830036,-0.40008679599134933,-1.1041688342436258,0.3179747107480285,-2.222317136974353,-1.504255630234975
9132,Normal Traffic,0.30648983345316444,0.025040152479853417,-0.8666166030529321,0.30648983345316444,0.025040152479853417,-0.8666166030529321,0.33152998593301786,-0.5601267695997676,-0.8415764505730787,-0.5350866171199142
8967,Normal Traffic,0.9821604012627856,-0.00025197935337143394,-0.021880901960190657,0.9821604012627856,-0.00025197935337143394,-0.021880901960190657,0.9819084219094142,0.9602794993025949,-0.022132881313562093,0.9600275199492235
11066,Normal Traffic,0.49313914123673425,-1.2537292962304052,-0.8666166030529321,0.49313914123673425,-1.2537292962304052,-0.8666166030529321,-0.7605901549936709,-0.37347746181619784,-2.120345899283337,-1.627206758046603
10359,Normal Traffic,-1.5021747948854987,0.028355224858901493,0.3947365169536009,-1.5021747948854987,0.028355224858901493,0.3947365169536009,-1.4738195700265972,-1.1074382779318976,0.4230917418125024,-1.0790830530729965
11765,Normal Traffic,0.2757863816621607,0.5355741123361045,-0.8666166030529321,0.2757863816621607,0.5355741123361045,-0.8666166030529321,0.8113604939982653,-0.5908302213907715,-0.33104249071682756,-0.055256109054666824
9317,Normal Traffic,-1.5125328021051232,0.2717560782196948,-0.8666166030529321,-1.5125328021051232,0.2717560782196948,-0.8666166030529321,-1.2407767238854284,-2.3791494051580555,-0.5948605248332373,-2.1073933269383605
10989,Normal Traffic,-0.8917352247691693,0.02835620625268869,-0.8666166030529321,-0.8917352247691693,0.02835620625268869,-0.8666166030529321,-0.8633790185164807,-1.7583518278221013,-0.8382603968002434,-1.7299956215694128
8661,Normal Traffic,0.015509951285631075,0.03405336759032023,-0.1598751203716923,0.015509951285631075,0.03405336759032023,-0.1598751203716923,0.04956331887595131,-0.14436516908606123,-0.12582175278137206,-0.11031180149574099
12465,Normal Traffic,0.46799029417357363,-0.13115426840235145,-0.14871340709755537,0.46799029417357363,-0.13115426840235145,-0.14871340709755537,0.3368360257712222,0.31927688707601826,-0.2798676754999068,0.1881226186736668
9757,Normal Traffic,-0.7447581675783791,0.08404368517645251,-0.8666166030529321,-0.7447581675783791,0.08404368517645251,-0.8666166030529321,-0.6607144824019265,-1.6113747706313113,-0.7825729178764795,-1.5273310854548585
12327,Normal Traffic,0.43622528036063873,0.2560646765578013,2.256535232360049,0.43622528036063873,0.2560646765578013,2.256535232360049,0.69228995691844,2.6927605127206875,2.51259990891785,2.948825189278489
10259,Normal Traffic,-0.4330683297830723,0.014313993206844138,-0.8666166030529321,-0.4330683297830723,0.014313993206844138,-0.8666166030529321,-0.4187543365762282,-1.2996849328360045,-0.852302609846088,-1.2853709396291602
8740,Normal Traffic,-0.13895846922650748,0.2611874826643482,-0.021880901960190657,-0.13895846922650748,0.2611874826643482,-0.021880901960190657,0.12222901343784073,-0.16083937118669814,0.23930658070415756,0.10034811147765008
13864,Normal Traffic,1.4674337894853176,0.039226795465255315,0.06751403808329405,1.4674337894853176,0.039226795465255315,0.06751403808329405,1.506660584950573,1.5349478275686117,0.10674083354854937,1.5741746230338671
9025,Normal Traffic,0.552164304955749,0.03512530113864057,0.24993414097821626,0.552164304955749,0.03512530113864057,0.24993414097821626,0.5872896060943895,0.8020984459339653,0.28505944211685685,0.8372237470726058
10532,Normal Traffic,-0.6317882768147883,-0.14381619083819036,-0.8666166030529321,-0.6317882768147883,-0.14381619083819036,-0.8666166030529321,-0.7756044676529787,-1.4984048798677203,-1.0104327938911224,-1.6422210707059108
9341,Normal Traffic,0.8973887275439654,-0.020590991105357063,-0.7427772354272394,0.8973887275439654,-0.020590991105357063,-0.7427772354272394,0.8767977364386083,0.15461149211672598,-0.7633682265325965,0.13402050101136886
9072,Normal Traffic,-1.3538211666564386,0.005846051961415669,0.3074378294739641,-1.3538211666564386,0.005846051961415669,0.3074378294739641,-1.347975114695023,-1.0463833371824744,0.3132838814353798,-1.0405372852210588
13716,Normal Traffic,-0.05498921227081244,-1.7276669410707661,-0.8666166030529321,-0.05498921227081244,-1.7276669410707661,-0.8666166030529321,-1.7826561533415786,-0.9216058153237445,-2.594283544123698,-2.6492727563945104
11202,Normal Traffic,0.49313914123673425,0.2722685924819087,1.4944283329765993,0.49313914123673425,0.2722685924819087,1.4944283329765993,0.7654077337186429,1.9875674742133336,1.766696925458508,2.259836066695242
8888,Normal Traffic,-1.1657373698360982,-1.274073273894868,1.320713735788387,-1.1657373698360982,-1.274073273894868,1.320713735788387,-2.439810643730966,0.1549763659522887,0.046640461893519,-1.119096907942579
14016,Normal Traffic,0.41762043380500297,0.03405205242668041,-0.8666166030529321,0.41762043380500297,0.03405205242668041,-0.8666166030529321,0.4516724862316834,-0.4489961692479291,-0.8325645506262517,-0.4149441168212487
11948,Normal Traffic,0.5605660282828532,0.028356170769571597,1.4944283329765993,0.5605660282828532,0.028356170769571597,1.4944283329765993,0.5889221990524248,2.0549943612594523,1.522784503746171,2.083350532029024
8996,Normal Traffic,0.6197958162756946,0.03821456666960005,2.7400365247586924,0.6197958162756946,0.03821456666960005,2.7400365247586924,0.6580103829452946,3.359832341034387,2.7782510914282925,3.398046907703987
8832,Normal Traffic,0.5905948589482736,0.023855702401793407,-0.8666166030529321,0.5905948589482736,0.023855702401793407,-0.8666166030529321,0.6144505613500669,-0.2760217441046585,-0.8427609006511387,-0.25216604170286516
10782,Normal Traffic,-0.734737301264922,0.014856027471942422,1.3970230359807487,-0.734737301264922,0.014856027471942422,1.3970230359807487,-0.7198812737929796,0.6622857347158267,1.4118790634526912,0.6771417621877691
13620,Normal Traffic,-1.1274531558092382,0.009996158810219034,-0.8666166030529321,-1.1274531558092382,0.009996158810219034,-0.8666166030529321,-1.1174569969990191,-1.9940697588621703,-0.8566204442427131,-1.9840736000519512
13465,Normal Traffic,0.7318837994203476,0.025964449254238985,0.1965075603304656,0.7318837994203476,0.025964449254238985,0.1965075603304656,0.7578482486745867,0.9283913597508132,0.2224720095847046,0.9543558090050522
12867,Normal Traffic,-0.30090792618026835,0.04110508982834552,-0.161990810627507,-0.30090792618026835,0.04110508982834552,-0.161990810627507,-0.2598028363519228,-0.4628987368077754,-0.12088572079916149,-0.4217936469794298
10114,Normal Traffic,-0.12352637510068348,0.03671906782552356,0.11839569223143406,-0.12352637510068348,0.03671906782552356,0.11839569223143406,-0.08680730727515992,-0.00513068286924942,0.15511476005695762,0.03158838495627414
10960,Normal Traffic,0.239014186294974,-0.0005535695222154053,-0.8666166030529321,0.239014186294974,-0.0005535695222154053,-0.8666166030529321,0.2384606167727586,-0.6276024167579581,-0.8671701725751475,-0.6281559862801736
9403,Normal Traffic,0.4560590648590996,0.2722687239387868,0.15982567469154096,0.4560590648590996,0.2722687239387868,0.15982567469154096,0.7283277887978864,0.6158847395506406,0.4320943986303278,0.8881534634894274
9478,Normal Traffic,0.12281773610309427,0.028356215442161537,0.4447696498919863,0.12281773610309427,0.028356215442161537,0.4447696498919863,0.1511739515452558,0.5675873859950806,0.47312586533414785,0.5959436014372421
9197,Normal Traffic,-0.4585616093655192,0.014199239496074035,-0.8666166030529321,-0.4585616093655192,0.014199239496074035,-0.8666166030529321,-0.44436236986944516,-1.3251782124184512,-0.852417363556858,-1.3109789729223773
9368,Normal Traffic,-0.5133848346820101,0.2518060711093321,-0.5354700841861656,-0.5133848346820101,0.2518060711093321,-0.5354700841861656,-0.261578763572678,-1.0488549188681757,-0.2836640130768335,-0.7970488477588435
11457,Normal Traffic,1.367395536978691,0.32293042121870696,-0.738784085175818,1.367395536978691,0.32293042121870696,-0.738784085175818,1.690325958197398,0.628611451802873,-0.415853663957111,0.95154187302158
12401,Normal Traffic,1.4924727096720884,0.02835523405411707,1.254062730769634,1.4924727096720884,0.02835523405411707,1.254062730769634,1.5208279437262056,2.7465354404417224,1.282417964823751,2.7748906744958397
11297,Normal Traffic,0.9971124239545285,-0.14900998140482094,2.071193211446988,0.9971124239545285,-0.14900998140482094,2.071193211446988,0.8481024425497076,3.0683056354015164,1.922183230042167,2.9192956539966954
13970,Normal Traffic,-0.6367498101648762,0.2518060711093321,-0.8666166030529321,-0.6367498101648762,0.2518060711093321,-0.8666166030529321,-0.3849437390555441,-1.5033664132178082,-0.6148105319435999,-1.2515603421084762
11170,Normal Traffic,1.0266123188197906,0.026226087662464127,1.4944283329765993,1.0266123188197906,0.026226087662464127,1.4944283329765993,1.0528384064822547,2.52104065179639,1.5206544206390633,2.5472667394588537
11911,Normal Traffic,0.46244856011349245,-0.211745486897922,-0.6053630185172139,0.46244856011349245,-0.211745486897922,-0.6053630185172139,0.25070307321557045,-0.1429144584037214,-0.8171085054151359,-0.3546599453016434
13720,Normal Traffic,1.4872172637044743,0.028356215442161537,-0.41022930364461124,1.4872172637044743,0.028356215442161537,-0.41022930364461124,1.5155734791466358,1.076987960059863,-0.3818730882024497,1.1053441755020246
11070,Normal Traffic,0.9501685897134541,-1.5545435358315813,1.8548786543889735,0.9501685897134541,-1.5545435358315813,1.8548786543889735,-0.6043749461181273,2.8050472441024277,0.30033511855739214,1.2505037082708461
13740,Normal Traffic,1.5673727693603738,0.24015663570044993,0.6066243512553356,1.5673727693603738,0.24015663570044993,0.6066243512553356,1.8075294050608237,2.1739971206157094,0.8467809869557856,2.4141537563161592
1913,Sybil Attack,0.8905036069755151,3.057441368127736,-0.8666166030529321,0.8905036069755151,3.057441368127736,-0.8666166030529321,3.947944975103251,0.023887003922583028,2.190824765074804,3.081328372050319
986,Sybil Attack,1.5795254065252555,4.138267074616247,-0.8666166030529321,1.5795254065252555,4.138267074616247,-0.8666166030529321,5.717792481141503,0.7129088034723234,3.2716504715633152,4.85117587808857
1264,Sybil Attack,1.5673727693603738,5.829845810324333,-0.8666166030529321,1.5673727693603738,5.829845810324333,-0.8666166030529321,7.397218579684706,0.7007561663074418,4.9632292072714,6.5306019766317736
1202,Sybil Attack,1.7542421884299615,5.8196440033579275,-0.8666166030529321,1.7542421884299615,5.8196440033579275,-0.8666166030529321,7.573886191787889,0.8876255853770294,4.953027400304995,6.707269588734956
84,Sybil Attack,1.1705726201670728,5.801894145098219,-0.8666166030529321,1.1705726201670728,5.801894145098219,-0.8666166030529321,6.972466765265292,0.30395601711414066,4.935277542045286,6.105850162212359
7654,Sybil Attack,0.9284500994353145,4.162717288039818,1.4944283329765993,0.9284500994353145,4.162717288039818,1.4944283329765993,5.091167387475133,2.4228784324119137,5.657145621016418,6.585595720451733
1070,Sybil Attack,1.5099688106783473,5.8150573185948415,-0.8666166030529321,1.5099688106783473,5.8150573185948415,-0.8666166030529321,7.325026129273189,0.6433522076254152,4.94844071554191,6.458409526220256
414,Sybil Attack,1.5435243073108993,5.965959468124442,-0.8666166030529321,1.5435243073108993,5.965959468124442,-0.8666166030529321,7.509483775435341,0.6769077042579672,5.09934286507151,6.6428671723824095
795,Sybil Attack,0.7100797860363509,5.846500540641914,-0.8666166030529321,0.7100797860363509,5.846500540641914,-0.8666166030529321,6.556580326678265,-0.15653681701658118,4.979883937588982,5.689963723625333
416,Sybil Attack,0.49313914123673425,5.812904982555403,-0.18329787138477563,0.49313914123673425,5.812904982555403,-0.18329787138477563,6.306044123792137,0.3098412698519586,5.629607111170627,6.122746252407362
1220,Sybil Attack,0.49313914123673425,5.82984576674769,-0.8666166030529321,0.49313914123673425,5.82984576674769,-0.8666166030529321,6.3229849079844245,-0.37347746181619784,4.963229163694757,5.456368304931493
2153,Sybil Attack,1.0753135272468544,5.8150573185948415,0.25488874640090753,1.0753135272468544,5.8150573185948415,0.25488874640090753,6.890370845841696,1.330202273647762,6.069946064995749,7.145259592242604
1901,Sybil Attack,0.8267377723808715,2.745745069618718,-0.8666166030529321,0.8267377723808715,2.745745069618718,-0.8666166030529321,3.572482841999589,-0.03987883067206055,1.8791284665657857,2.705866238946657
378,Sybil Attack,0.4983699854351463,5.829845801131986,-0.8666166030529321,0.4983699854351463,5.829845801131986,-0.8666166030529321,6.3282157865671325,-0.36824661761778577,4.963229198079054,5.461599183514201
2054,Sybil Attack,1.0753135272468544,5.816996099673901,-0.8666166030529321,1.0753135272468544,5.816996099673901,-0.8666166030529321,6.892309626920755,0.20869692419392227,4.950379496620968,6.025693023867824
8011,Sybil Attack,0.49313914123673425,5.829845810324333,-0.8666166030529321,0.49313914123673425,5.829845810324333,-0.8666166030529321,6.322984951561067,-0.37347746181619784,4.9632292072714,5.456368348508136
547,Sybil Attack,0.496089175461706,5.767693931420944,-0.8666166030529321,0.496089175461706,5.767693931420944,-0.8666166030529321,6.26378310688265,-0.3705274275912261,4.901077328368013,5.397166503829718
661,Sybil Attack,0.49313914123673425,5.7852353169282456,-0.8666166030529321,0.49313914123673425,5.7852353169282456,-0.8666166030529321,6.27837445816498,-0.37347746181619784,4.918618713875313,5.411757855112048
2716,Sybil Attack,0.4983699854351463,5.829845810324333,-0.8666166030529321,0.4983699854351463,5.829845810324333,-0.8666166030529321,6.328215795759479,-0.36824661761778577,4.9632292072714,5.461599192706547
14145,Sybil Attack,1.581911577317615,5.8110916474174195,-0.8666166030529321,1.581911577317615,5.8110916474174195,-0.8666166030529321,7.393003224735034,0.7152949742646828,4.944475044364488,6.526386621682102
1850,Sybil Attack,0.49313914123673425,5.805414274367834,-0.8666166030529321,0.49313914123673425,5.805414274367834,-0.8666166030529321,6.298553415604569,-0.37347746181619784,4.9387976713149015,5.431936812551637
1265,Sybil Attack,1.5550209612029735,5.795776621523063,-0.8666166030529321,1.5550209612029735,5.795776621523063,-0.8666166030529321,7.350797582726036,0.6884043581500414,4.929160018470132,6.484180979673104
1562,Sybil Attack,1.5673727693603738,5.811521961086612,-0.8666166030529321,1.5673727693603738,5.811521961086612,-0.8666166030529321,7.378894730446985,0.7007561663074418,4.9449053580336795,6.512278127394053
1261,Sybil Attack,0.7172147473447448,5.804433942987263,-0.8666166030529321,0.7172147473447448,5.804433942987263,-0.8666166030529321,6.5216486903320074,-0.14940185570818731,4.93781733993433,5.655032087279075
16321,Sybil Attack,1.574677008704203,5.817169843580799,0.30889779659315136,1.574677008704203,5.817169843580799,0.30889779659315136,7.391846852285002,1.8835748052973544,6.12606764017395,7.700744648878153
2593,Sybil Attack,1.4388684747935003,5.8298458103272015,-0.8666166030529321,1.4388684747935003,5.8298458103272015,-0.8666166030529321,7.268714285120701,0.5722518717405682,4.963229207274269,6.402097682067769
827,Sybil Attack,2.1307842127393615,4.272531702147186,-0.8666166030529321,2.1307842127393615,4.272531702147186,-0.8666166030529321,6.403315914886547,1.2641676096864294,3.4059150990942535,5.536699311833615
933,Sybil Attack,1.573580553179877,5.637947404472945,-0.8666166030529321,1.573580553179877,5.637947404472945,-0.8666166030529321,7.211527957652822,0.7069639501269449,4.771330801420014,6.3449113545998905
474,Sybil Attack,1.5673727693603738,5.829846791715246,-0.8666166030529321,1.5673727693603738,5.829846791715246,-0.8666166030529321,7.3972195610756195,0.7007561663074418,4.963230188662314,6.530602958022687
1529,Sybil Attack,0.49313914123673425,5.997776229744855,-0.8666166030529321,0.49313914123673425,5.997776229744855,-0.8666166030529321,6.49091537098159,-0.37347746181619784,5.1311596266919235,5.624298767928657
2715,Sybil Attack,0.6213668283692193,5.829845810324333,-0.8666166030529321,0.6213668283692193,5.829845810324333,-0.8666166030529321,6.451212638693552,-0.24524977468371278,4.9632292072714,5.584596035640621
188,Sybil Attack,1.4698790994052189,5.98712778222132,-0.8034320085726683,1.4698790994052189,5.98712778222132,-0.8034320085726683,7.457006881626539,0.6664470908325506,5.183695773648651,6.65357487305387
1551,Sybil Attack,0.435483124544222,5.829846791715246,-0.8666166030529321,0.435483124544222,5.829846791715246,-0.8666166030529321,6.265329916259468,-0.4311334785087101,4.963230188662314,5.398713313206535
1842,Sybil Attack,1.1581970904344172,5.804962041447569,-0.8666166030529321,1.1581970904344172,5.804962041447569,-0.8666166030529321,6.963159131881985,0.2915804873814851,4.938345438394636,6.096542528829053
679,Sybil Attack,1.1139367185726883,5.918487667589314,-0.8666166030529321,1.1139367185726883,5.918487667589314,-0.8666166030529321,7.032424386162003,0.2473201155197562,5.051871064536382,6.16580778310907
83,Sybil Attack,1.5726036135587853,3.98218672712234,-0.8666166030529321,1.5726036135587853,3.98218672712234,-0.8666166030529321,5.554790340681126,0.7059870105058532,3.115570124069408,4.688173737628194
2400,Sybil Attack,0.4983699854351463,5.783514573745442,-0.7143961094589313,0.4983699854351463,5.783514573745442,-0.7143961094589313,6.281884559180588,-0.21602612402378496,5.06911846428651,5.567488449721656
1247,Sybil Attack,1.3435922239868396,6.010017736794783,-0.8666166030529321,1.3435922239868396,6.010017736794783,-0.8666166030529321,7.353609960781623,0.47697562093390755,5.14340113374185,6.486993357728691
1398,Sybil Attack,1.6992451491605796,5.953957610802382,-0.8666166030529321,1.6992451491605796,5.953957610802382,-0.8666166030529321,7.653202759962961,0.8326285461076475,5.087341007749449,6.78658615691003
2312,Sybil Attack,1.8751362495024526,5.790815151932441,-0.6839243311677073,1.8751362495024526,5.790815151932441,-0.6839243311677073,7.665951401434894,1.1912119183347452,5.106890820764733,6.982027070267186
67,Sybil Attack,0.5224634829062639,5.922175452120895,-0.8666166030529321,0.5224634829062639,5.922175452120895,-0.8666166030529321,6.444638935027158,-0.3441531201466682,5.055558849067962,5.578022331974227
626,Sybil Attack,1.2118766071968308,5.829846791715246,-0.8666166030529321,1.2118766071968308,5.829846791715246,-0.8666166030529321,7.041723398912077,0.3452600041438987,4.963230188662314,6.175106795859145
1509,Sybil Attack,1.6365284895544927,5.829846791715246,-0.8666166030529321,1.6365284895544927,5.829846791715246,-0.8666166030529321,7.466375281269739,0.7699118865015606,4.963230188662314,6.599758678216807
7754,Sybil Attack,1.570322803585345,0.008557830475654359,1.131245677150144,1.570322803585345,0.008557830475654359,1.131245677150144,1.5788806340609993,2.7015684807354887,1.1398035076257984,2.7101263112111433
8048,Sybil Attack,0.49313914123673425,5.8367907427618535,1.4944283329765993,0.49313914123673425,5.8367907427618535,1.4944283329765993,6.329929883998588,1.9875674742133336,7.331219075738453,7.824358216975187
7866,Sybil Attack,1.7244626517411406,5.829846791715246,-0.8666166030529321,1.7244626517411406,5.829846791715246,-0.8666166030529321,7.554309443456386,0.8578460486882085,4.963230188662314,6.687692840403454
368,Sybil Attack,1.1730273830902356,4.12968595421311,-0.8666166030529321,1.1730273830902356,4.12968595421311,-0.8666166030529321,5.302713337303345,0.3064107800373035,3.2630693511601776,4.4360967342504125
1440,Sybil Attack,0.49313914123673425,5.999658546692423,-0.8666166030529321,0.49313914123673425,5.999658546692423,-0.8666166030529321,6.492797687929158,-0.37347746181619784,5.1330419436394905,5.626181084876226
2542,Sybil Attack,1.5011903669677358,5.813604690143154,-0.8666166030529321,1.5011903669677358,5.813604690143154,-0.8666166030529321,7.3147950571108895,0.6345737639148037,4.946988087090222,6.448178454057958
7779,Sybil Attack,1.547079174141649,5.190526099147912,0.32067002597401106,1.547079174141649,5.190526099147912,0.32067002597401106,6.737605273289561,1.86774920011566,5.5111961251219235,7.058275299263572
208,Sybil Attack,0.38847096488075283,5.948897321241075,-0.8666166030529321,0.38847096488075283,5.948897321241075,-0.8666166030529321,6.337368286121828,-0.47814563817217925,5.082280718188143,5.470751683068896
1918,Sybil Attack,1.3560559602568485,2.118341228065585,0.12099405872820843,1.3560559602568485,2.118341228065585,0.12099405872820843,3.474397188322434,1.4770500189850568,2.2393352867937937,3.5953912470506424
800,Sybil Attack,2.0390359647671197,6.006924281961533,-0.8666166030529321,2.0390359647671197,6.006924281961533,-0.8666166030529321,8.045960246728653,1.1724193617141876,5.1403076789086,7.17934364367572
14189,Sybil Attack,0.7696997881152708,6.010025096604941,-0.8666166030529321,0.7696997881152708,6.010025096604941,-0.8666166030529321,6.779724884720212,-0.09691681493766124,5.143408493552009,5.913108281667279
908,Sybil Attack,2.2970431509579976,4.517287276594374,-0.8666166030529321,2.2970431509579976,4.517287276594374,-0.8666166030529321,6.814330427552371,1.4304265479050655,3.6506706735414416,5.94771382449944
7664,Sybil Attack,1.6662203330499052,2.0079924508592577,1.4944283329765993,1.6662203330499052,2.0079924508592577,1.4944283329765993,3.674212783909163,3.1606486660265043,3.502420783835857,5.168641116885762
146,Sybil Attack,0.49313914123673425,3.978669281575302,-0.32221479348857035,0.49313914123673425,3.978669281575302,-0.32221479348857035,4.471808422812036,0.1709243477481639,3.656454488086732,4.149593629323466
376,Sybil Attack,2.0390359647671197,4.473830941172485,-0.8666166030529321,2.0390359647671197,4.473830941172485,-0.8666166030529321,6.512866905939605,1.1724193617141876,3.607214338119553,5.646250302886672
810,Sybil Attack,1.5673727693603738,5.918487667589314,-0.8666166030529321,1.5673727693603738,5.918487667589314,-0.8666166030529321,7.485860436949688,0.7007561663074418,5.051871064536382,6.619243833896755
1732,Sybil Attack,1.0074966269057766,5.84905550514157,-0.8666166030529321,1.0074966269057766,5.84905550514157,-0.8666166030529321,6.856552132047347,0.14088002385284448,4.982438902088639,5.989935528994415
1003,Sybil Attack,1.2017638341339076,3.9722058840674177,-0.8666166030529321,1.2017638341339076,3.9722058840674177,-0.8666166030529321,5.173969718201326,0.33514723108097555,3.1055892810144856,4.307353115148393
7977,Sybil Attack,2.0197641199156777,5.8532013545575055,0.1703993840045463,2.0197641199156777,5.8532013545575055,0.1703993840045463,7.872965474473183,2.190163503920224,6.023600738562052,8.04336485847773
639,Sybil Attack,1.93801022389093,5.945284306886707,-0.8666166030529321,1.93801022389093,5.945284306886707,-0.8666166030529321,7.883294530777637,1.071393620837998,5.078667703833775,7.0166779277247056
209,Sybil Attack,1.4479655261450424,5.839705142942686,0.13612580216176476,1.4479655261450424,5.839705142942686,0.13612580216176476,7.287670669087728,1.5840913283068072,5.97583094510445,7.423796471249492
53,Sybil Attack,1.5317936431638204,5.799673869377494,-0.8666166030529321,1.5317936431638204,5.799673869377494,-0.8666166030529321,7.331467512541314,0.6651770401108883,4.933057266324562,6.464850909488382
2319,Sybil Attack,1.5673727693603738,1.022670035143119,-0.8666166030529321,1.5673727693603738,1.022670035143119,-0.8666166030529321,2.5900428045034927,0.7007561663074418,0.15605343209018696,1.7234262014505606
7989,Sybil Attack,1.445810087093859,4.085302515561512,-0.8666166030529321,1.445810087093859,4.085302515561512,-0.8666166030529321,5.531112602655371,0.579193484040927,3.21868591250858,4.664495999602439
1397,Sybil Attack,1.4271230398632968,3.9892223018487982,0.2586766399358823,1.4271230398632968,3.9892223018487982,0.2586766399358823,5.416345341712095,1.685799679799179,4.247898941784681,5.675021981647977
957,Sybil Attack,2.3121617767950213,5.815556666847476,-0.8666166030529321,2.3121617767950213,5.815556666847476,-0.8666166030529321,8.127718443642497,1.4455451737420892,4.948940063794543,7.261101840589564
1612,Sybil Attack,-0.4192681183106381,5.813604690143154,-0.8666166030529321,-0.4192681183106381,5.813604690143154,-0.8666166030529321,5.394336571832516,-1.2858847213635702,4.946988087090222,4.527719968779584
1332,Sybil Attack,-0.15704622102563065,5.830794091099801,-0.8666166030529321,-0.15704622102563065,5.830794091099801,-0.8666166030529321,5.67374787007417,-1.0236628240785628,4.964177488046868,4.807131267021237
7916,Sybil Attack,1.3066305341040445,5.8298458103272015,-0.8186875559067402,1.3066305341040445,5.8298458103272015,-0.8186875559067402,7.136476344431246,0.48794297819730426,5.011158254420462,6.317788788524506
1618,Sybil Attack,1.872323130614274,5.799645138947089,0.23101700369894465,1.872323130614274,5.799645138947089,0.23101700369894465,7.671968269561363,2.1033401343132185,6.030662142646034,7.902985273260308
1979,Sybil Attack,1.172856668517159,2.8731090911806523,-0.8666166030529321,1.172856668517159,2.8731090911806523,-0.8666166030529321,4.045965759697811,0.306240065464227,2.00649248812772,3.179349156644879
1759,Sybil Attack,1.3066305341040445,6.296653715835886,-0.6839243311677073,1.3066305341040445,6.296653715835886,-0.6839243311677073,7.6032842499399305,0.6227062029363372,5.612729384668178,6.919359918772223
1258,Sybil Attack,0.47951403932015585,4.4694576775341,-0.8666166030529321,0.47951403932015585,4.4694576775341,-0.8666166030529321,4.948971716854256,-0.38710256373277624,3.602841074481168,4.082355113801324
2820,Sybil Attack,1.013353910194944,5.9763140250726146,-0.8666166030529321,1.013353910194944,5.9763140250726146,-0.8666166030529321,6.989667935267558,0.14673730714201194,5.109697422019682,6.123051332214626
2210,Sybil Attack,1.4512068904663709,5.827950218135619,-0.8666166030529321,1.4512068904663709,5.827950218135619,-0.8666166030529321,7.27915710860199,0.5845902874134388,4.961333615082687,6.4125405055490585
36,Sybil Attack,0.45797105042562253,5.982343687968562,-0.8666166030529321,0.45797105042562253,5.982343687968562,-0.8666166030529321,6.440314738394185,-0.40864555262730956,5.11572708491563,5.573698135341253
334,Sybil Attack,1.6663488176346424,5.8018904273337855,-0.8666166030529321,1.6663488176346424,5.8018904273337855,-0.8666166030529321,7.468239244968428,0.7997322145817103,4.935273824280854,6.601622641915496
719,Sybil Attack,1.5673727693603738,5.829846782525774,-0.8666166030529321,1.5673727693603738,5.829846782525774,-0.8666166030529321,7.397219551886147,0.7007561663074418,4.963230179472841,6.530602948833215
1974,Sybil Attack,0.5422530054948911,3.1517524088965754,-0.5484717809228562,0.5422530054948911,3.1517524088965754,-0.5484717809228562,3.6940054143914667,-0.0062187754279651175,2.603280627973719,3.1455336334686104
740,Sybil Attack,1.1139367185726883,5.924875127597652,-0.8666166030529321,1.1139367185726883,5.924875127597652,-0.8666166030529321,7.03881184617034,0.2473201155197562,5.058258524544719,6.172195243117407
1715,Sybil Attack,1.7175252228552196,3.0061306921786533,-0.8666166030529321,1.7175252228552196,3.0061306921786533,-0.8666166030529321,4.723655915033873,0.8509086198022875,2.139514089125721,3.8570393119809405
350,Sybil Attack,2.1128963586227263,3.9811168254840132,-0.8666166030529321,2.1128963586227263,3.9811168254840132,-0.8666166030529321,6.094013184106739,1.2462797555697942,3.114500222431081,5.227396581053807
535,Sybil Attack,0.435483124544222,6.000774084021592,-0.8666166030529321,0.435483124544222,6.000774084021592,-0.8666166030529321,6.436257208565814,-0.4311334785087101,5.1341574809686605,5.569640605512882
204,Sybil Attack,1.5256917634788356,5.789023703028186,-0.8034320085726683,1.5256917634788356,5.789023703028186,-0.8034320085726683,7.314715466507022,0.7222597549061673,4.985591694455518,6.511283457934354
8077,Sybil Attack,1.8754847661550087,5.803172825119459,0.17018087942836768,1.8754847661550087,5.803172825119459,0.17018087942836768,7.678657591274468,2.0456656455833766,5.973353704547827,7.848838470702836
102,Sybil Attack,0.49313914123673425,5.798552297636012,0.23101700369894465,0.49313914123673425,5.798552297636012,0.23101700369894465,6.291691438872746,0.7241561449356789,6.0295693013349565,6.522708442571691
2265,Sybil Attack,1.7731872974421226,4.130591147904286,-0.8666166030529321,1.7731872974421226,4.130591147904286,-0.8666166030529321,5.903778445346409,0.9065706943891905,3.263974544851354,5.037161842293477
8030,Sybil Attack,1.1369173039138334,6.003258086955865,1.4944283329765993,1.1369173039138334,6.003258086955865,1.4944283329765993,7.1401753908696985,2.6313456368904324,7.497686419932465,8.634603723846297
2469,Sybil Attack,1.156084211377542,6.0121433966286455,0.12818989903659936,1.156084211377542,6.0121433966286455,0.12818989903659936,7.1682276080061875,1.2842741104141413,6.140333295665245,7.296417507042787
2229,Sybil Attack,1.1629484220048583,2.3228110772664623,-0.8666166030529321,1.1629484220048583,2.3228110772664623,-0.8666166030529321,3.4857594992713206,0.2963318189519262,1.4561944742135302,2.6191428962183885
1884,Sybil Attack,1.8016051054114033,2.571314459611163,0.13221593154254443,1.8016051054114033,2.571314459611163,0.13221593154254443,4.372919565022566,1.9338210369539477,2.7035303911537074,4.505135496565111
2630,Sybil Attack,0.49313914123673425,4.348853161356605,-0.8666166030529321,0.49313914123673425,4.348853161356605,-0.8666166030529321,4.841992302593339,-0.37347746181619784,3.4822365583036725,3.975375699540407
2560,Sybil Attack,1.4828271185896205,5.827950218135619,-0.8666166030529321,1.4828271185896205,5.827950218135619,-0.8666166030529321,7.3107773367252396,0.6162105155366884,4.961333615082687,6.444160733672307
7627,Sybil Attack,1.308858124379535,5.7852353169282456,1.4944283329765993,1.308858124379535,5.7852353169282456,1.4944283329765993,7.0940934413077805,2.8032864573561342,7.279663649904845,8.58852177428438
652,Sybil Attack,1.6959639329536278,5.798552297636012,-0.8034320085726683,1.6959639329536278,5.798552297636012,-0.8034320085726683,7.49451623058964,0.8925319243809595,4.995120289063344,6.691084222016972
2423,Sybil Attack,1.758028674620645,3.251605565901492,-0.8666166030529321,1.758028674620645,3.251605565901492,-0.8666166030529321,5.0096342405221375,0.891412071567713,2.38498896284856,4.143017637469205
14146,Sybil Attack,1.500966385683009,5.829845810324333,-0.6315607109621134,1.500966385683009,5.829845810324333,-0.6315607109621134,7.330812196007342,0.8694056747208957,5.198285099362219,6.699251485045228
1360,Sybil Attack,0.9284500994353145,5.792322969313898,-0.8666166030529321,0.9284500994353145,5.792322969313898,-0.8666166030529321,6.720773068749213,0.06183349638238245,4.925706366260966,5.854156465696281
7670,Sybil Attack,1.3066305341040445,5.83664403050985,1.4944283329765993,1.3066305341040445,5.83664403050985,1.4944283329765993,7.143274564613895,2.801058867080644,7.33107236348645,8.637702897590493
7651,Sybil Attack,2.555623678759231,5.621590103965118,1.4944283329765993,2.555623678759231,5.621590103965118,1.4944283329765993,8.177213782724348,4.05005201173583,7.116018436941717,9.671642115700948
1588,Sybil Attack,2.0390359647671197,5.795926203646951,-0.8666166030529321,2.0390359647671197,5.795926203646951,-0.8666166030529321,7.834962168414071,1.1724193617141876,4.929309600594019,6.968345565361139
7894,Sybil Attack,1.683814624759897,5.479416778576267,0.30889779659315136,1.683814624759897,5.479416778576267,0.30889779659315136,7.163231403336164,1.9927124213530485,5.7883145751694185,7.472129199929316
1589,Sybil Attack,2.0386731020518547,5.989123585055929,-0.8666166030529321,2.0386731020518547,5.989123585055929,-0.8666166030529321,8.027796687107784,1.1720564989989226,5.122506982002998,7.161180084054852
1875,Sybil Attack,1.6378405406570682,2.4858156820387802,-0.8666166030529321,1.6378405406570682,2.4858156820387802,-0.8666166030529321,4.123656222695848,0.7712239376041361,1.6191990789858481,3.257039619642916
191,Sybil Attack,1.2636065169618103,6.010025096604941,-0.8034320085726683,1.2636065169618103,6.010025096604941,-0.8034320085726683,7.273631613566751,0.460174508389142,5.206593088032273,6.470199604994082
2589,Sybil Attack,2.6078642446576157,5.819059034764426,-0.8666166030529321,2.6078642446576157,5.819059034764426,-0.8666166030529321,8.426923279422041,1.7412476416046836,4.952442431711495,7.560306676369109
1988,Sybil Attack,1.5726036135587853,-0.06008831814565881,-0.8666166030529321,1.5726036135587853,-0.06008831814565881,-0.8666166030529321,1.5125152954131265,0.7059870105058532,-0.9267049211985909,0.6458986923601944
7941,Sybil Attack,0.5224634829062639,3.807504895913463,-0.3670797717227011,0.5224634829062639,3.807504895913463,-0.3670797717227011,4.329968378819727,0.15538371118356276,3.440425124190762,3.9628886070970255
630,Sybil Attack,1.5673727693603738,5.8298457667505605,-0.8666166030529321,1.5673727693603738,5.8298457667505605,-0.8666166030529321,7.397218536110934,0.7007561663074418,4.963229163697628,6.530601933058001
1056,Sybil Attack,0.8267377723808715,5.829846791715246,-0.6531591785077205,0.8267377723808715,5.829846791715246,-0.6531591785077205,6.656584564096118,0.173578593873151,5.176687613207526,6.003425385588398
725,Sybil Attack,0.49313914123673425,5.827716663935549,-0.8666166030529321,0.49313914123673425,5.827716663935549,-0.8666166030529321,6.320855805172283,-0.37347746181619784,4.961100060882616,5.454239202119352
1812,Sybil Attack,1.4549301905382388,5.88798123964748,-0.8666166030529321,1.4549301905382388,5.88798123964748,-0.8666166030529321,7.342911430185719,0.5883135874853067,5.021364636594548,6.4762948271327865
2249,Sybil Attack,1.4962329952845868,5.982343687968562,-0.8666166030529321,1.4962329952845868,5.982343687968562,-0.8666166030529321,7.478576683253149,0.6296163922316547,5.11572708491563,6.611960080200216
318,Sybil Attack,2.0386731020518547,5.829846791715246,-0.84021495540196,2.0386731020518547,5.829846791715246,-0.84021495540196,7.8685198937671,1.1984581466498947,4.989631836313286,7.028304938365141
2498,Sybil Attack,1.8049873135250856,5.843724388324654,-0.8666166030529321,1.8049873135250856,5.843724388324654,-0.8666166030529321,7.64871170184974,0.9383707104721535,4.977107785271722,6.782095098796807
7878,Sybil Attack,1.7204776810545779,0.7076674838216284,-0.8666166030529321,1.7204776810545779,0.7076674838216284,-0.8666166030529321,2.4281451648762062,0.8538610780016458,-0.15894911923130373,1.5615285618232742
1386,Sybil Attack,1.1172901858291955,5.815763879534974,-0.8666166030529321,1.1172901858291955,5.815763879534974,-0.8666166030529321,6.9330540653641695,0.2506735827762634,4.949147276482043,6.066437462311237
2478,Sybil Attack,1.5436735464355926,5.829845801131986,-0.8666166030529321,1.5436735464355926,5.829845801131986,-0.8666166030529321,7.373519347567579,0.6770569433826605,4.963229198079054,6.5069027445146475
1908,Sybil Attack,1.3323825054121272,2.7239699503355927,-0.8666166030529321,1.3323825054121272,2.7239699503355927,-0.8666166030529321,4.05635245574772,0.4657659023591951,1.8573533472826607,3.189735852694788
526,Sybil Attack,1.8322711559622344,5.980364705522211,-0.8666166030529321,1.8322711559622344,5.980364705522211,-0.8666166030529321,7.812635861484446,0.9656545529093024,5.113748102469279,6.946019258431514
1838,Sybil Attack,0.49313914123673425,3.7254252305971534,-0.8666166030529321,0.49313914123673425,3.7254252305971534,-0.8666166030529321,4.218564371833888,-0.37347746181619784,2.8588086275442213,3.351947768780956
1099,Sybil Attack,0.49313914123673425,1.4071208490176763,-0.8666166030529321,0.49313914123673425,1.4071208490176763,-0.8666166030529321,1.9002599902544106,-0.37347746181619784,0.5405042459647442,1.0336433872014785
947,Sybil Attack,1.4549301905382388,5.829845810324333,-0.8666166030529321,1.4549301905382388,5.829845810324333,-0.8666166030529321,7.284776000862571,0.5883135874853067,4.9632292072714,6.418159397809639
449,Sybil Attack,1.574677008704203,5.805414274367834,0.455347288168534,1.574677008704203,5.805414274367834,0.455347288168534,7.380091283072037,2.030024296872737,6.260761562536368,7.835438571240571
7819,Sybil Attack,0.49313914123673425,5.815992191138962,0.9982392517439725,0.49313914123673425,5.815992191138962,0.9982392517439725,6.309131332375697,1.4913783929807067,6.814231442882934,7.307370584119669
1359,Sybil Attack,0.8405972939744615,3.968186553584261,-0.8666166030529321,0.8405972939744615,3.968186553584261,-0.8666166030529321,4.808783847558722,-0.02601930907847061,3.101569950531329,3.94216724450579
7881,Sybil Attack,1.5673727693603738,5.948897321241075,-0.8666166030529321,1.5673727693603738,5.948897321241075,-0.8666166030529321,7.516270090601449,0.7007561663074418,5.082280718188143,6.649653487548516
1935,Sybil Attack,1.0722435699452866,2.310721571066706,-0.8666166030529321,1.0722435699452866,2.310721571066706,-0.8666166030529321,3.3829651410119927,0.2056269668923545,1.4441049680137739,2.5163485379590607
2161,Sybil Attack,1.1988747262484363,5.829845801134858,-0.8666166030529321,1.1988747262484363,5.829845801134858,-0.8666166030529321,7.028720527383294,0.3322581231955042,4.963229198081926,6.162103924330362
1760,Sybil Attack,1.5317936431638204,5.827717646031383,0.1667212357288031,1.5317936431638204,5.827717646031383,0.1667212357288031,7.359511289195203,1.6985148788926234,5.994438881760186,7.526232524924007
7714,Sybil Attack,1.3676250436888286,3.6434037424287253,1.4944283329765993,1.3676250436888286,3.6434037424287253,1.4944283329765993,5.011028786117554,2.862053376665428,5.137832075405324,6.505457119094153
987,Sybil Attack,1.6377867759372322,6.001898015538371,0.23384058351390452,1.6377867759372322,6.001898015538371,0.23384058351390452,7.639684791475603,1.8716273594511368,6.235738599052276,7.873525374989508
16209,Sybil Attack,0.4983699854351463,5.8298457667505605,1.4944283329765993,0.4983699854351463,5.8298457667505605,1.4944283329765993,6.328215752185707,1.9927983184117455,7.32427409972716,7.822644085162306
548,Sybil Attack,1.8693685899158552,4.085302515561512,-0.8666166030529321,1.8693685899158552,4.085302515561512,-0.8666166030529321,5.9546711054773676,1.002751986862923,3.21868591250858,5.088054502424436
2135,Sybil Attack,1.1548461887582577,5.8298458103272015,0.13612580216176476,1.1548461887582577,5.8298458103272015,0.13612580216176476,6.9846919990854595,1.2909719909200226,5.965971612488966,7.120817801247224
8038,Sybil Attack,0.49313914123673425,5.657448560772716,-0.04830838837107027,0.49313914123673425,5.657448560772716,-0.04830838837107027,6.15058770200945,0.444830752865664,5.609140172401646,6.10227931363838
8054,Sybil Attack,-0.35512652915913134,5.970117403259633,0.8372833883303697,-0.35512652915913134,5.970117403259633,0.8372833883303697,5.614990874100502,0.4821568591712384,6.807400791590003,6.452274262430872
2611,Sybil Attack,1.63111875920401,5.829846791715246,-0.8666166030529321,1.63111875920401,5.829846791715246,-0.8666166030529321,7.460965550919256,0.7645021561510779,4.963230188662314,6.594348947866324
7999,Sybil Attack,0.6874784124229427,5.8298467481386185,0.3929017213314434,0.6874784124229427,5.8298467481386185,0.3929017213314434,6.517325160561561,1.0803801337543861,6.222748469470062,6.910226881893005
7803,Sybil Attack,1.427625432474481,5.829846791715246,-0.8666166030529321,1.427625432474481,5.829846791715246,-0.8666166030529321,7.257472224189727,0.561008829421549,4.963230188662314,6.3908556211367955
2120,Sybil Attack,2.2889118222318743,5.839146236601713,-0.8666166030529321,2.2889118222318743,5.839146236601713,-0.8666166030529321,8.128058058833588,1.4222952191789422,4.972529633548781,7.2614414557806555
2724,Sybil Attack,1.8690621665747515,5.990718205858391,-0.8666166030529321,1.8690621665747515,5.990718205858391,-0.8666166030529321,7.859780372433143,1.0024455635218195,5.1241016028054585,6.99316376938021
648,Sybil Attack,0.49313914123673425,5.95912355886098,-0.8666166030529321,0.49313914123673425,5.95912355886098,-0.8666166030529321,6.452262700097714,-0.37347746181619784,5.092506955808048,5.585646097044782
1525,Sybil Attack,1.4255352162624844,5.829846791715246,-0.8666166030529321,1.4255352162624844,5.829846791715246,-0.8666166030529321,7.2553820079777305,0.5589186132095523,4.963230188662314,6.388765404924799
1680,Sybil Attack,0.49313914123673425,4.19892957610691,-0.8666166030529321,0.49313914123673425,4.19892957610691,-0.8666166030529321,4.692068717343645,-0.37347746181619784,3.3323129730539782,3.8254521142907127
1436,Sybil Attack,0.9349160194300935,5.918487667589314,-0.8179766277295792,0.9349160194300935,5.918487667589314,-0.8179766277295792,6.853403687019408,0.11693939170051426,5.100511039859735,6.0354270592898285
666,Sybil Attack,2.4719301437779633,5.829845801134858,-0.8666166030529321,2.4719301437779633,5.829845801134858,-0.8666166030529321,8.301775944912821,1.6053135407250312,4.963229198081926,7.4351593418598885
624,Sybil Attack,0.43031739753488263,5.8086087692214505,-0.8666166030529321,0.43031739753488263,5.8086087692214505,-0.8666166030529321,6.238926166756333,-0.43629920551804946,4.941992166168518,5.372309563703402
72,Sybil Attack,0.4983699854351463,5.829846791715246,-0.8666166030529321,0.4983699854351463,5.829846791715246,-0.8666166030529321,6.328216777150392,-0.36824661761778577,4.963230188662314,5.461600174097461
7594,Sybil Attack,0.7931496922258644,5.8001931162087,1.4944283329765993,0.7931496922258644,5.8001931162087,1.4944283329765993,6.593342808434564,2.2875780252024636,7.294621449185299,8.087771141411164
1528,Sybil Attack,-0.022839661408903342,5.817569545663417,-0.8666166030529321,-0.022839661408903342,5.817569545663417,-0.8666166030529321,5.794729884254514,-0.8894562644618355,4.950952942610485,4.928113281201583
1844,Sybil Attack,1.8021109002873341,5.829846791715246,-0.8666166030529321,1.8021109002873341,5.829846791715246,-0.8666166030529321,7.6319576920025805,0.935494297234402,4.963230188662314,6.765341088949649
629,Sybil Attack,0.4983699854351463,5.81924557332785,-0.8666166030529321,0.4983699854351463,5.81924557332785,-0.8666166030529321,6.317615558762996,-0.36824661761778577,4.952628970274917,5.450998955710064
2729,Sybil Attack,2.0059723909238327,5.848562882696156,-0.8666166030529321,2.0059723909238327,5.848562882696156,-0.8666166030529321,7.854535273619989,1.1393557878709006,4.981946279643225,6.987918670567057
2725,Sybil Attack,1.308858124379535,5.829846791715246,-0.8666166030529321,1.308858124379535,5.829846791715246,-0.8666166030529321,7.138704916094781,0.4422415213266029,4.963230188662314,6.2720883130418486
1533,Sybil Attack,0.49313914123673425,3.836728258070907,-0.8666166030529321,0.49313914123673425,3.836728258070907,-0.8666166030529321,4.329867399307641,-0.37347746181619784,2.9701116550179747,3.463250796254709
1483,Sybil Attack,0.843990135184123,5.829845801131986,-0.8666166030529321,0.843990135184123,5.829845801131986,-0.8666166030529321,6.6738359363161095,-0.022626467868809064,4.963229198079054,5.807219333263177
7613,Sybil Attack,1.813804023895446,5.9835270292930245,1.4944283329765993,1.813804023895446,5.9835270292930245,1.4944283329765993,7.79733105318847,3.308232356872045,7.477955362269624,9.291759386165069
2256,Sybil Attack,1.7542421884299615,5.829846791715246,-0.8666166030529321,1.7542421884299615,5.829846791715246,-0.8666166030529321,7.584088980145207,0.8876255853770294,4.963230188662314,6.717472377092275
1093,Sybil Attack,1.5673727693603738,5.762262363023926,-0.8666166030529321,1.5673727693603738,5.762262363023926,-0.8666166030529321,7.3296351323843005,0.7007561663074418,4.895645759970995,6.463018529331368
2401,Sybil Attack,1.3591297061065217,3.9757516078702273,-0.8666166030529321,1.3591297061065217,3.9757516078702273,-0.8666166030529321,5.334881313976749,0.49251310305358964,3.109135004817295,4.468264710923817
7771,Sybil Attack,0.048411291570198786,0.7269056233101927,-0.8666166030529321,0.048411291570198786,0.7269056233101927,-0.8666166030529321,0.7753169148803915,-0.8182053114827333,-0.13971097974273938,-0.09129968817254064
1761,Sybil Attack,0.49313914123673425,5.82771762647358,-0.6839243311677073,0.49313914123673425,5.82771762647358,-0.6839243311677073,6.320856767710315,-0.1907851899309731,5.143793295305873,5.636932436542607
734,Sybil Attack,0.7002979174971693,5.791940665759402,-0.8666166030529321,0.7002979174971693,5.791940665759402,-0.8666166030529321,6.4922385832565705,-0.1663186855557628,4.925324062706469,5.625621980203638
1681,Sybil Attack,1.7773976408325716,5.641237092126637,-0.8666166030529321,1.7773976408325716,5.641237092126637,-0.8666166030529321,7.418634732959209,0.9107810377796395,4.774620489073705,6.552018129906276
2573,Sybil Attack,1.415567534598597,5.955541203671077,-0.8666166030529321,1.415567534598597,5.955541203671077,-0.8666166030529321,7.371108738269673,0.5489509315456649,5.088924600618144,6.504492135216742
2207,Sybil Attack,1.5135978572260913,2.6355587493199186,-0.8666166030529321,1.5135978572260913,2.6355587493199186,-0.8666166030529321,4.1491566065460095,0.6469812541731592,1.7689421462669865,3.2825400034930774
1049,Sybil Attack,0.49313914123673425,5.827950218135619,-0.8666166030529321,0.49313914123673425,5.827950218135619,-0.8666166030529321,6.321089359372354,-0.37347746181619784,4.961333615082687,5.454472756319422
1238,Sybil Attack,1.1345545397451842,5.829845801131986,-0.8666166030529321,1.1345545397451842,5.829845801131986,-0.8666166030529321,6.96440034087717,0.2679379366922521,4.963229198079054,6.097783737824239
16285,Sybil Attack,1.6663488176346424,5.812904982555403,0.9518722904085147,1.6663488176346424,5.812904982555403,0.9518722904085147,7.479253800190046,2.618221108043157,6.764777272963918,8.43112609059856
2381,Sybil Attack,2.0130125956593754,4.47808602727822,-0.8034320085726683,2.0130125956593754,4.47808602727822,-0.8034320085726683,6.491098622937596,1.2095805870867071,3.6746540187055516,5.687666614364927
1874,Sybil Attack,1.7349262239250662,2.031860588931143,-0.8666166030529321,1.7349262239250662,2.031860588931143,-0.8666166030529321,3.766786812856209,0.8683096208721341,1.1652439858782109,2.900170209803277
132,Sybil Attack,1.2106667369933979,4.455771620529171,-0.8666166030529321,1.2106667369933979,4.455771620529171,-0.8666166030529321,5.666438357522568,0.3440501339404658,3.5891550174762386,4.799821754469637
588,Sybil Attack,1.7057853749917797,3.9810938257105217,-0.8666166030529321,1.7057853749917797,3.9810938257105217,-0.8666166030529321,5.686879200702301,0.8391687719388476,3.1144772226575896,4.82026259764937
2200,Sybil Attack,0.8941146464008505,5.829846791715246,-0.8666166030529321,0.8941146464008505,5.829846791715246,-0.8666166030529321,6.723961438116096,0.02749804334791839,4.963230188662314,5.857344835063165
2650,Sybil Attack,1.3882750712192635,5.817845592890175,-0.8666166030529321,1.3882750712192635,5.817845592890175,-0.8666166030529321,7.206120664109439,0.5216584681663314,4.951228989837244,6.339504061056507
16302,Sybil Attack,1.7558000902761932,5.824415687026392,-0.8666166030529321,1.7558000902761932,5.824415687026392,-0.8666166030529321,7.580215777302586,0.8891834872232611,4.957799083973461,6.713599174249653
2655,Sybil Attack,1.247275984456679,5.7852353169282456,-0.8666166030529321,1.247275984456679,5.7852353169282456,-0.8666166030529321,7.0325113013849245,0.3806593814037469,4.918618713875313,6.165894698331993
14193,Sybil Attack,0.36423147082113366,5.7747827848356295,-0.8666166030529321,0.36423147082113366,5.7747827848356295,-0.8666166030529321,6.139014255656763,-0.5023851322317985,4.908166181782697,5.27239765260383
7856,Sybil Attack,2.0022463066371454,5.810190134388212,-0.6099143828058815,2.0022463066371454,5.810190134388212,-0.6099143828058815,7.8124364410253575,1.392331923831264,5.20027575158233,7.2025220582194756
7597,Sybil Attack,1.666064265931065,5.829846791715246,1.4944283329765993,1.666064265931065,5.829846791715246,1.4944283329765993,7.495911057646311,3.1604925989076644,7.324275124691845,8.99033939062291
1334,Sybil Attack,0.549971164315673,3.978669281575302,-0.8666166030529321,0.549971164315673,3.978669281575302,-0.8666166030529321,4.528640445890975,-0.31664543873725914,3.11205267852237,3.662023842838043
8073,Sybil Attack,1.1705726201670728,3.623127624481405,1.4944283329765993,1.1705726201670728,3.623127624481405,1.4944283329765993,4.793700244648478,2.665000953143672,5.117555957458004,6.288128577625077
7704,Sybil Attack,1.4081764797745409,5.829846791715246,1.4944283329765993,1.4081764797745409,5.829846791715246,1.4944283329765993,7.238023271489787,2.9026048127511404,7.324275124691845,8.732451604466387
7910,Sybil Attack,1.5673727693603738,0.5375495145970642,-0.8666166030529321,1.5673727693603738,0.5375495145970642,-0.8666166030529321,2.104922283957438,0.7007561663074418,-0.32906708845586785,1.238305680904506
2512,Sybil Attack,1.3323825054121272,5.815992191138962,-0.8666166030529321,1.3323825054121272,5.815992191138962,-0.8666166030529321,7.148374696551089,0.4657659023591951,4.9493755880860295,6.281758093498157
1460,Sybil Attack,1.2019863042000116,5.829845801134858,-0.8666166030529321,1.2019863042000116,5.829845801134858,-0.8666166030529321,7.031832105334869,0.33536970114707954,4.963229198081926,6.165215502281937
8061,Sybil Attack,2.3712309211054907,5.827716663935549,1.4182711599632756,2.3712309211054907,5.827716663935549,1.4182711599632756,8.19894758504104,3.7895020810687665,7.245987823898824,9.617218745004315
7985,Sybil Attack,1.7349262239250662,5.7852353169282456,0.1965075603304656,1.7349262239250662,5.7852353169282456,0.1965075603304656,7.520161540853312,1.9314337842555318,5.981742877258712,7.716669101183778
1776,Sybil Attack,1.4753594254841975,5.77742974754636,-0.8666166030529321,1.4753594254841975,5.77742974754636,-0.8666166030529321,7.252789173030557,0.6087428224312654,4.910813144493428,6.386172569977624
867,Sybil Attack,0.9801474812945773,5.829846791715246,0.1512731224749563,0.9801474812945773,5.829846791715246,0.1512731224749563,6.809994273009823,1.1314206037695336,5.981119914190202,6.9612673954847795
1001,Sybil Attack,0.4983699854351463,5.95912355886098,-0.8666166030529321,0.4983699854351463,5.95912355886098,-0.8666166030529321,6.457493544296126,-0.36824661761778577,5.092506955808048,5.590876941243193
421,Sybil Attack,2.0668547020333015,5.953957610802382,-0.8666166030529321,2.0668547020333015,5.953957610802382,-0.8666166030529321,8.020812312835684,1.2002380989803694,5.087341007749449,7.154195709782751
2597,Sybil Attack,1.6394762727285126,5.829846791715246,-0.8666166030529321,1.6394762727285126,5.829846791715246,-0.8666166030529321,7.469323064443759,0.7728596696755805,4.963230188662314,6.602706461390827
551,Sybil Attack,0.17509359901753366,5.829845810324333,-0.8666166030529321,0.17509359901753366,5.829845810324333,-0.8666166030529321,6.004939409341866,-0.6915230040353985,4.9632292072714,5.138322806288935
1629,Sybil Attack,1.8155369398125216,4.140848786175703,-0.8666166030529321,1.8155369398125216,4.140848786175703,-0.8666166030529321,5.956385725988225,0.9489203367595895,3.274232183122771,5.089769122935293
1683,Sybil Attack,1.517232092796738,5.989123585055929,-0.8666166030529321,1.517232092796738,5.989123585055929,-0.8666166030529321,7.506355677852667,0.6506154897438059,5.122506982002998,6.639739074799735
6529,Wormhole Attack,1.0066522820592017,0.040025446552396884,1.4944283329765993,1.0066522820592017,0.040025446552396884,1.4944283329765993,1.0466777286115985,2.501080615035801,1.534453779528996,2.5411060615881977
6579,Wormhole Attack,-0.18876380584818753,0.038214566668598564,1.4944283329765993,-0.18876380584818753,0.038214566668598564,1.4944283329765993,-0.15054923917958896,1.3056645271284117,1.5326428996451977,1.3438790937970104
5368,Wormhole Attack,2.433403790969206,0.20894843858005227,1.4944283329765993,2.433403790969206,0.20894843858005227,1.4944283329765993,2.642352229549258,3.927832123945805,1.7033767715566515,4.136780562525857
7323,Wormhole Attack,-0.6166426415618834,-1.8304155536455868,1.4944283329765993,-0.6166426415618834,-1.8304155536455868,1.4944283329765993,-2.4470581952074704,0.8777856914147159,-0.33598722066898756,-0.9526298622308711
6878,Wormhole Attack,2.0623920364371124,0.03784107657184931,1.4944283329765993,2.0623920364371124,0.03784107657184931,1.4944283329765993,2.1002331130089615,3.5568203694137117,1.5322694095484486,3.594661445985561
15683,Wormhole Attack,0.49313914123673425,0.5379466443281937,1.4944283329765993,0.49313914123673425,0.5379466443281937,1.4944283329765993,1.031085785564928,1.9875674742133336,2.032374977304793,2.525514118541527
5649,Wormhole Attack,1.3703530610141315,0.009500020820908991,1.2655553595612032,1.3703530610141315,0.009500020820908991,1.2655553595612032,1.3798530818350405,2.6359084205753347,1.2750553803821123,2.6454084413962438
16148,Wormhole Attack,1.8318560867239868,-1.6458577493065705,1.4944283329765993,1.8318560867239868,-1.6458577493065705,1.4944283329765993,0.18599833741741634,3.326284419700586,-0.1514294163299712,1.6804266703940156
7238,Wormhole Attack,-0.2302544166032788,0.028356206249818418,1.4944283329765993,-0.2302544166032788,0.028356206249818418,1.4944283329765993,-0.2018982103534604,1.2641739163733205,1.5227845392264177,1.292530122623139
14953,Wormhole Attack,2.0650278332035357,0.24505459489624493,1.4944283329765993,2.0650278332035357,0.24505459489624493,1.4944283329765993,2.3100824280997805,3.559456166180135,1.739482927872844,3.8045107610763798
14800,Wormhole Attack,1.5726036135587853,-1.569282549658839,1.4944283329765993,1.5726036135587853,-1.569282549658839,1.4944283329765993,0.0033210638999463526,3.0670319465353844,-0.07485421668223968,1.4977493968765456
5655,Wormhole Attack,-0.5489319210654878,-0.014588827969147202,1.4944283329765993,-0.5489319210654878,-0.014588827969147202,1.4944283329765993,-0.563520749034635,0.9454964119111114,1.479839505007452,0.9309075839419643
5341,Wormhole Attack,-1.5125328021051232,0.015362968287631765,1.4944283329765993,-1.5125328021051232,0.015362968287631765,1.4944283329765993,-1.4971698338174915,-0.018104469128523926,1.509791301264231,-0.002741500840892197
5451,Wormhole Attack,1.8668616307867372,0.028356215442161537,1.4944283329765993,1.8668616307867372,0.028356215442161537,1.4944283329765993,1.8952178462288987,3.3612899637633364,1.5227845484187608,3.389646179205498
15576,Wormhole Attack,1.714611147799045,5.829845810324333,-0.8666166030529321,1.714611147799045,5.829845810324333,-0.8666166030529321,7.544456958123378,0.847994544746113,4.9632292072714,6.677840355070446
15364,Wormhole Attack,-1.5125328021051232,0.2639900296809619,1.3020267129114402,-1.5125328021051232,0.2639900296809619,1.3020267129114402,-1.2485427724241613,-0.21050608919368297,1.566016742592402,0.05348394048727889
6752,Wormhole Attack,1.7303279787682928,0.010505160063230129,1.4944283329765993,1.7303279787682928,0.010505160063230129,1.4944283329765993,1.740833138831523,3.2247563117448923,1.5049334930398295,3.2352614718081223
5863,Wormhole Attack,-0.7950052063484597,-1.2676955130379255,1.4944283329765993,-0.7950052063484597,-1.2676955130379255,1.4944283329765993,-2.062700719386385,0.6994231266281395,0.22673281993867378,-0.5682723864097858
6084,Wormhole Attack,-0.17405532957719283,-1.5447044607008797,0.027702278505152944,-0.17405532957719283,-1.5447044607008797,0.027702278505152944,-1.7187597902780727,-0.14635305107203989,-1.5170021821957267,-1.6910575117729199
15370,Wormhole Attack,-1.5073019579067113,0.7516031731629788,1.4944283329765993,-1.5073019579067113,0.7516031731629788,1.4944283329765993,-0.7556987847437325,-0.012873624930112015,2.246031506139578,0.7387295482328667
5194,Wormhole Attack,-1.5125328021051232,0.028355224861771767,1.4944283329765993,-1.5125328021051232,0.028355224861771767,1.4944283329765993,-1.4841775772433514,-0.018104469128523926,1.522783557838371,0.010250755733247852
14832,Wormhole Attack,0.49313914123673425,0.25666898957143475,1.4944283329765993,0.49313914123673425,0.25666898957143475,1.4944283329765993,0.749808130808169,1.9875674742133336,1.751097322548034,2.2442364637847683
15872,Wormhole Attack,1.5726036135587853,0.2490537382507131,0.9845579254219433,1.5726036135587853,0.2490537382507131,0.9845579254219433,1.8216573518094985,2.5571615389807287,1.2336116636726564,2.8062152772314417
15752,Wormhole Attack,2.041380054200244,0.2776555610833824,1.4944283329765993,2.041380054200244,0.2776555610833824,1.4944283329765993,2.3190356152836262,3.5358083871768433,1.7720838940599817,3.8134639482602255
16146,Wormhole Attack,0.4983699854351463,-0.0025137155525286267,1.4944283329765993,0.4983699854351463,-0.0025137155525286267,1.4944283329765993,0.4958562698826177,1.9927983184117455,1.4919146174240707,1.990284602859217
16076,Wormhole Attack,1.1531881048203199,0.2563278701368586,1.4944283329765993,1.1531881048203199,0.2563278701368586,1.4944283329765993,1.4095159749571784,2.647616437796919,1.7507562031134578,2.9039443079337777
15504,Wormhole Attack,1.8193719464262077,5.8298458103272015,-0.8666166030529321,1.8193719464262077,5.8298458103272015,-0.8666166030529321,7.649217756753409,0.9527553433732756,4.963229207274269,6.782601153700478
6635,Wormhole Attack,1.5726036135587853,0.028355234051246795,1.4944283329765993,1.5726036135587853,0.028355234051246795,1.4944283329765993,1.600958847610032,3.0670319465353844,1.522783567027846,3.0953871805866315
15860,Wormhole Attack,1.9784509748695955,0.34198337329655165,1.4944283329765993,1.9784509748695955,0.34198337329655165,1.4944283329765993,2.320434348166147,3.4728793078461946,1.8364117062731509,3.8148626811427464
5690,Wormhole Attack,1.0967060081500912,0.028355224861771767,1.4944283329765993,1.0967060081500912,0.028355224861771767,1.4944283329765993,1.125061233011863,2.5911343411266907,1.522783557838371,2.619489565988462
14579,Wormhole Attack,1.5726036135587853,0.24660118511095983,1.4944283329765993,1.5726036135587853,0.24660118511095983,1.4944283329765993,1.819204798669745,3.0670319465353844,1.741029518087559,3.3136331316463443
15012,Wormhole Attack,0.45424315586136943,2.736495188871056,0.6510791401656886,0.45424315586136943,2.736495188871056,0.6510791401656886,3.1907383447324253,1.1053222960270581,3.3875743290367444,3.841817484898114
15714,Wormhole Attack,0.30479783375271385,0.7698112401710274,1.4944283329765993,0.30479783375271385,0.7698112401710274,1.4944283329765993,1.0746090739237413,1.799226166729313,2.2642395731476266,2.5690374069003408
14939,Wormhole Attack,-0.5830835720338947,0.035610500699341005,1.4944283329765993,-0.5830835720338947,0.035610500699341005,1.4944283329765993,-0.5474730713345537,0.9113447609427046,1.5300388336759403,0.9469552616420456
15048,Wormhole Attack,1.0352697079327304,0.022753925527185043,1.4944283329765993,1.0352697079327304,0.022753925527185043,1.4944283329765993,1.0580236334599156,2.52969804090933,1.5171822585037844,2.552451966436515
5859,Wormhole Attack,1.5673727693603738,0.025705189156351144,1.4944283329765993,1.5673727693603738,0.025705189156351144,1.4944283329765993,1.593077958516725,3.061801102336973,1.5201335221329504,3.087506291493324
14801,Wormhole Attack,0.4983699854351463,-1.741659279776075,1.4944283329765993,0.4983699854351463,-1.741659279776075,1.4944283329765993,-1.2432892943409288,1.9927983184117455,-0.24723094679947577,0.25113903863567044
7050,Wormhole Attack,-0.05874034778220336,0.026227050200494494,1.4944283329765993,-0.05874034778220336,0.026227050200494494,1.4944283329765993,-0.03251329758170887,1.435687985194396,1.5206553831770937,1.4619150353948904
7052,Wormhole Attack,1.7042070631409374,0.2896776796344799,1.4944283329765993,1.7042070631409374,0.2896776796344799,1.4944283329765993,1.9938847427754172,3.1986353961175364,1.7841060126110793,3.4883130757520164
5835,Wormhole Attack,-0.07835027560600098,0.006152009472272557,1.4944283329765993,-0.07835027560600098,0.006152009472272557,1.4944283329765993,-0.07219826613372843,1.4160780573705982,1.5005803424488717,1.422230066842871
5564,Wormhole Attack,2.000364845791003,-1.5732680560741865,1.4944283329765993,2.000364845791003,-1.5732680560741865,1.4944283329765993,0.4270967897168163,3.494793178767602,-0.07883972309758724,1.9215251226934156
5879,Wormhole Attack,0.8930947068794637,0.02835620625268869,1.4944283329765993,0.8930947068794637,0.02835620625268869,1.4944283329765993,0.9214509131321523,2.387523039856063,1.522784539229288,2.4158792461087515
14971,Wormhole Attack,0.49313914123673425,0.028356215442161537,1.4944283329765993,0.49313914123673425,0.028356215442161537,1.4944283329765993,0.5214953566788958,1.9875674742133336,1.5227845484187608,2.0159236896554953
14979,Wormhole Attack,2.148525831272999,0.08846591331264546,1.6202087256560518,2.148525831272999,0.08846591331264546,1.6202087256560518,2.2369917445856444,3.7687345569290507,1.7086746389686973,3.857200470241696
5887,Wormhole Attack,1.5673727693603738,-1.2427752509715633,1.4944283329765993,1.5673727693603738,-1.2427752509715633,1.4944283329765993,0.32459751838881057,3.061801102336973,0.251653082005036,1.8190258513654098
6939,Wormhole Attack,2.4535851216104314,0.05893584249713432,1.4944283329765993,2.4535851216104314,0.05893584249713432,1.4944283329765993,2.5125209641075656,3.9480134545870307,1.5533641754737335,4.006949297084165
15654,Wormhole Attack,1.3319531726854452,-1.5447044607008797,0.6742184082464692,1.3319531726854452,-1.5447044607008797,0.6742184082464692,-0.21275128801543453,2.0061715809319143,-0.8704860524544106,0.46146712023103464
15889,Wormhole Attack,1.856849324162483,5.762262363023926,1.3601857892647349,1.856849324162483,5.762262363023926,1.3601857892647349,7.619111687186409,3.217035113427218,7.122448152288661,8.979297476451144
14865,Wormhole Attack,0.49313914123673425,0.028355190474604743,1.219601655071195,0.49313914123673425,0.028355190474604743,1.219601655071195,0.521494331711339,1.7127407963079293,1.2479568455457997,1.741095986782534
7216,Wormhole Attack,0.680243875651673,-0.004096170969645289,1.4944283329765993,0.680243875651673,-0.004096170969645289,1.4944283329765993,0.6761477046820277,2.174672208628272,1.490332162006954,2.170576037658627
6588,Wormhole Attack,0.3307491929506148,0.028355224858901493,1.4944283329765993,0.3307491929506148,0.028355224858901493,1.4944283329765993,0.3591044178095163,1.825177525927214,1.5227835578355007,1.8535327507861155
15010,Wormhole Attack,1.879722953968169,0.2231835454679152,-0.5196924121377702,1.879722953968169,0.2231835454679152,-0.5196924121377702,2.1029064994360844,1.3600305418303988,-0.296508866669855,1.5832140872983143
7041,Wormhole Attack,0.4983699854351463,0.04002528220260369,1.4944283329765993,0.4983699854351463,0.04002528220260369,1.4944283329765993,0.53839526763775,1.9927983184117455,1.534453615179203,2.0328236006143494
6651,Wormhole Attack,-0.13144726504858237,-1.2136433268234201,1.4944283329765993,-0.13144726504858237,-1.2136433268234201,1.4944283329765993,-1.3450905918720024,1.362981067928017,0.28078500615317914,0.14933774110459686
15767,Wormhole Attack,1.2174408918151376,5.829846791715246,0.1249368970009395,1.2174408918151376,5.829846791715246,0.1249368970009395,7.047287683530383,1.342377788816077,5.954783688716185,7.1722245805313225
7442,Wormhole Attack,0.9857252103257779,0.028356215442161537,1.4944283329765993,0.9857252103257779,0.028356215442161537,1.4944283329765993,1.0140814257679394,2.480153543302377,1.5227845484187608,2.5085097587445384
14925,Wormhole Attack,1.5507404071390158,-0.009844505629770592,1.4944283329765993,1.5507404071390158,-0.009844505629770592,1.4944283329765993,1.5408959015092452,3.0451687401156153,1.4845838273468286,3.035324234485844
14888,Wormhole Attack,0.49313914123673425,0.02902923015352237,1.4944283329765993,0.49313914123673425,0.02902923015352237,1.4944283329765993,0.5221683713902566,1.9875674742133336,1.5234575631301217,2.016596704366856
6696,Wormhole Attack,2.433403790969206,0.028356206249818418,1.4944283329765993,2.433403790969206,0.028356206249818418,1.4944283329765993,2.4617599972190245,3.927832123945805,1.5227845392264177,3.9561883301956238
7398,Wormhole Attack,1.2601545476116673,0.04150983859495594,1.4944283329765993,1.2601545476116673,0.04150983859495594,1.4944283329765993,1.3016643862066233,2.7545828805882664,1.5359381715715552,2.7960927191832226
14670,Wormhole Attack,0.18235723031829712,5.829846791715246,0.2955572582370938,0.18235723031829712,5.829846791715246,0.2955572582370938,6.0122040220335435,0.47791448855539087,6.12540404995234,6.307761280270637
5633,Wormhole Attack,1.4067162929032286,0.21804761339567785,1.4944283329765993,1.4067162929032286,0.21804761339567785,1.4944283329765993,1.6247639062989065,2.901144625879828,1.7124759463722772,3.119192239275506
5898,Wormhole Attack,-1.5125328021051232,0.026581618646138876,1.4944283329765993,-1.5125328021051232,0.026581618646138876,1.4944283329765993,-1.4859511834589842,-0.018104469128523926,1.5210099516227382,0.008477149517615024
7099,Wormhole Attack,2.400114399488014,-1.7278971023087493,-0.8666166030529321,2.400114399488014,-1.7278971023087493,-0.8666166030529321,0.6722172971792648,1.533497796435082,-2.594513705361681,-0.19439930587366727
6432,Wormhole Attack,1.6793091891548042,0.01954888488853566,2.041488479534986,1.6793091891548042,0.01954888488853566,2.041488479534986,1.6988580740433399,3.7207976686897903,2.061037364423522,3.740346553578326
6837,Wormhole Attack,0.49313914123673425,-1.820269912058444,1.4944283329765993,0.49313914123673425,-1.820269912058444,1.4944283329765993,-1.3271307708217097,1.9875674742133336,-0.32584157908184475,0.16729756215488956
15849,Wormhole Attack,2.338462532135059,0.005421036327136601,1.4944283329765993,2.338462532135059,0.005421036327136601,1.4944283329765993,2.3438835684621955,3.832890865111658,1.4998493693037358,3.8383119014387947
5973,Wormhole Attack,1.7395456582878035,0.02835620625268869,1.4944283329765993,1.7395456582878035,0.02835620625268869,1.4944283329765993,1.7679018645404923,3.2339739912644028,1.522784539229288,3.2623301975170915
15468,Wormhole Attack,2.22119103565366,0.08124402938587003,1.4944283329765993,2.22119103565366,0.08124402938587003,1.4944283329765993,2.30243506503953,3.7156193686302594,1.5756723623624693,3.7968633980161295
14586,Wormhole Attack,0.47091346238988613,3.9722058840674177,-0.05838114091618314,0.47091346238988613,3.9722058840674177,-0.05838114091618314,4.443119346457304,0.412532321473703,3.9138247431512347,4.384738205541121
14664,Wormhole Attack,-0.5034512071234153,5.95054094444948,-0.8666166030529321,-0.5034512071234153,5.95054094444948,-0.8666166030529321,5.447089737326064,-1.3700678101763475,5.083924341396548,4.580473134273133
15995,Wormhole Attack,1.7800649340177963,0.28950943481299746,0.36817173774322604,1.7800649340177963,0.28950943481299746,0.36817173774322604,2.0695743688307937,2.148236671761022,0.6576811725562235,2.4377461065740196
15748,Wormhole Attack,1.3911920955828827,0.048632424531045236,1.4944283329765993,1.3911920955828827,0.048632424531045236,1.4944283329765993,1.439824520113928,2.885620428559482,1.5430607575076445,2.934252853090527
6212,Wormhole Attack,1.2545544305212613,-1.5457563557586527,1.4944283329765993,1.2545544305212613,-1.5457563557586527,1.4944283329765993,-0.2912019252373914,2.7489827634978603,-0.051328022782053395,1.2032264077392079
5396,Wormhole Attack,-1.5125328021051232,0.03344958164374764,1.4944283329765993,-1.5125328021051232,0.03344958164374764,1.4944283329765993,-1.4790832204613755,-0.018104469128523926,1.527877914620347,0.015345112515223747
6056,Wormhole Attack,1.1139367185726883,0.028356206249818418,1.4944283329765993,1.1139367185726883,0.028356206249818418,1.4944283329765993,1.1422929248225067,2.6083650515492875,1.5227845392264177,2.636721257799106
15128,Wormhole Attack,-1.007701900851214,0.002628795807526129,1.4944283329765993,-1.007701900851214,0.002628795807526129,1.4944283329765993,-1.0050731050436879,0.48672643212538524,1.4970571287841254,0.4893552279329114
15177,Wormhole Attack,-0.10799540306964428,0.5572888968439775,0.39217178479405773,-0.10799540306964428,0.5572888968439775,0.39217178479405773,0.44929349377433325,0.28417638172441345,0.9494606816380353,0.8414652785683909
5526,Wormhole Attack,1.5726036135587853,0.028356215442161537,1.4944283329765993,1.5726036135587853,0.028356215442161537,1.4944283329765993,1.6009598290009468,3.0670319465353844,1.5227845484187608,3.095388161977546
14588,Wormhole Attack,-0.48564685778422495,5.954159385751684,0.03793119573495692,-0.48564685778422495,5.954159385751684,0.03793119573495692,5.468512527967459,-0.44771566204926805,5.99209058148664,5.506443723702415
6232,Wormhole Attack,2.239648097253579,0.0062241549710227865,1.4944283329765993,2.239648097253579,0.0062241549710227865,1.4944283329765993,2.2458722522246015,3.734076430230178,1.500652487947622,3.740300585201201
7422,Wormhole Attack,-0.5348536672273643,0.27175631234726766,1.4944283329765993,-0.5348536672273643,0.27175631234726766,1.4944283329765993,-0.2630973548800966,0.959574665749235,1.766184645323867,1.2313309780965027
14714,Wormhole Attack,1.8580177764732309,-0.012929381290807193,4.716329378137383,1.8580177764732309,-0.012929381290807193,4.716329378137383,1.8450883951824237,6.574347154610614,4.703399996846575,6.561417773319807
16039,Wormhole Attack,0.49313914123673425,0.028355234051246795,1.7944537913023457,0.49313914123673425,0.028355234051246795,1.7944537913023457,0.521494375287981,2.28759293253908,1.8228090253535925,2.315948166590327
6778,Wormhole Attack,-0.07720819964883022,-1.666662599814014,1.9255210428206972,-0.07720819964883022,-1.666662599814014,1.9255210428206972,-1.7438707994628444,1.848312843171867,0.25885844300668315,0.18165024335785285
7339,Wormhole Attack,1.2299849652640487,0.03821456666960005,1.4944283329765993,1.2299849652640487,0.03821456666960005,1.4944283329765993,1.2681995319336488,2.724413298240648,1.5326428996461994,2.762627864910248
5993,Wormhole Attack,0.49313914123673425,-1.5761027770417178,1.4944283329765993,0.49313914123673425,-1.5761027770417178,1.4944283329765993,-1.0829636358049834,1.9875674742133336,-0.08167444406511848,0.4114646971716158
7344,Wormhole Attack,-1.3538211666564386,0.028356215442161537,1.4944283329765993,-1.3538211666564386,0.028356215442161537,1.4944283329765993,-1.325464951214277,0.14060716632016068,1.5227845484187608,0.16896338176232217
6429,Wormhole Attack,2.0085711249338116,0.028356215442161537,-0.03838510897046837,2.0085711249338116,0.028356215442161537,-0.03838510897046837,2.036927340375973,1.9701860159633433,-0.010028893528306836,1.9985422314055048
15684,Wormhole Attack,0.49313914123673425,-1.5345174754089508,3.1479741049469063,0.49313914123673425,-1.5345174754089508,3.1479741049469063,-1.0413783341722165,3.6411132461836404,1.6134566295379555,2.10659577077469
5862,Wormhole Attack,0.9951014940711165,0.24035789437954047,1.4944283329765993,0.9951014940711165,0.24035789437954047,1.4944283329765993,1.235459388450657,2.4895298270477157,1.7347862273561399,2.7298877214272563
6241,Wormhole Attack,0.6123282301884686,0.028356215442161537,1.4944283329765993,0.6123282301884686,0.028356215442161537,1.4944283329765993,0.6406844456306301,2.1067565631650678,1.5227845484187608,2.1351127786072293
6652,Wormhole Attack,2.3030050110323783,0.026459641862534283,1.4944283329765993,2.3030050110323783,0.026459641862534283,1.4944283329765993,2.3294646528949126,3.7974333440089776,1.5208879748391335,3.823892985871512
6633,Wormhole Attack,2.3722693167846955,0.03922699252640432,1.4944283329765993,2.3722693167846955,0.03922699252640432,1.4944283329765993,2.4114963093111,3.866697649761295,1.5336553255030037,3.905924642287699
15534,Wormhole Attack,2.246283893241303,5.829846791715246,-0.8666166030529321,2.246283893241303,5.829846791715246,-0.8666166030529321,8.07613068495655,1.379667290188371,4.963230188662314,7.209514081903617
6464,Wormhole Attack,1.5293531018782032,0.2347636034938618,1.4944283329765993,1.5293531018782032,0.2347636034938618,1.4944283329765993,1.764116705372065,3.0237814348548024,1.729191936470461,3.2585450383486645
16149,Wormhole Attack,1.5673727693603738,0.11453556062668616,1.4944283329765993,1.5673727693603738,0.11453556062668616,1.4944283329765993,1.68190832998706,3.061801102336973,1.6089638936032855,3.176336662963659
6252,Wormhole Attack,0.37879771674169127,0.21358735571868503,1.4944283329765993,0.37879771674169127,0.21358735571868503,1.4944283329765993,0.5923850724603763,1.8732260497182907,1.7080156886952844,2.086813405436976
6063,Wormhole Attack,1.7057853749917797,0.028356215442161537,1.4944283329765993,1.7057853749917797,0.028356215442161537,1.4944283329765993,1.7341415904339412,3.200213707968379,1.5227845484187608,3.2285699234105403
14883,Wormhole Attack,0.7172147473447448,0.022753925527185043,1.4944283329765993,0.7172147473447448,0.022753925527185043,1.4944283329765993,0.7399686728719298,2.211643080321344,1.5171822585037844,2.234397005848529
7061,Wormhole Attack,0.4983699854351463,0.009094543665190344,1.4944283329765993,0.4983699854351463,0.009094543665190344,1.4944283329765993,0.5074645291003367,1.9927983184117455,1.5035228766417896,2.001892862076936
6566,Wormhole Attack,0.49313914123673425,0.26279074805048164,1.4944283329765993,0.49313914123673425,0.26279074805048164,1.4944283329765993,0.7559298892872159,1.9875674742133336,1.757219081027081,2.250358222263815
16136,Wormhole Attack,1.1576637999580823,0.26845991428007115,0.5988922865576929,1.1576637999580823,0.26845991428007115,0.5988922865576929,1.4261237142381535,1.7565560865157752,0.8673522008377641,2.0250160007958464
16086,Wormhole Attack,1.5673727693603738,0.7403963433790783,1.4944283329765993,1.5673727693603738,0.7403963433790783,1.4944283329765993,2.307769112739452,3.061801102336973,2.234824676355678,3.8021974457160512
5616,Wormhole Attack,1.2241875635733162,0.028356206249818418,1.4944283329765993,1.2241875635733162,0.028356206249818418,1.4944283329765993,1.2525437698231345,2.7186158965499154,1.5227845392264177,2.7469721027997336
7281,Wormhole Attack,0.8258338025201353,0.010505160063230129,1.4944283329765993,0.8258338025201353,0.010505160063230129,1.4944283329765993,0.8363389625833654,2.3202621354967343,1.5049334930398295,2.3307672955599648
5800,Wormhole Attack,2.021181894627489,-1.836422334757496,1.4944283329765993,2.021181894627489,-1.836422334757496,1.4944283329765993,0.18475955986999293,3.515610227604088,-0.3419940017808967,1.6791878928465922
6067,Wormhole Attack,1.6758454152405549,-1.8209193219732438,1.4944283329765993,1.6758454152405549,-1.8209193219732438,1.4944283329765993,-0.14507390673268894,3.170273748217154,-0.3264909889966445,1.3493544262439103
7209,Wormhole Attack,1.761654772608996,0.028355224858901493,1.4944283329765993,1.761654772608996,0.028355224858901493,1.4944283329765993,1.7900099974678974,3.256083105585595,1.5227835578355007,3.2844383304444964
6808,Wormhole Attack,0.49313914123673425,0.41513003355974515,1.4944283329765993,0.49313914123673425,0.41513003355974515,1.4944283329765993,0.9082691747964794,1.9875674742133336,1.9095583665363445,2.4026975077730786
7437,Wormhole Attack,0.9924194516812584,0.02835523405411707,-0.10236907995890117,0.9924194516812584,0.02835523405411707,-0.10236907995890117,1.0207746857353754,0.8900503717223572,-0.0740138459047841,0.9184056057764742
14847,Wormhole Attack,1.7273331644740741,0.02835620625268869,2.462498193945622,1.7273331644740741,0.02835620625268869,2.462498193945622,1.755689370726763,4.189831358419696,2.4908544001983106,4.218187564672385
5926,Wormhole Attack,0.49313914123673425,-1.544926266218199,1.4944283329765993,0.49313914123673425,-1.544926266218199,1.4944283329765993,-1.0517871249814648,1.9875674742133336,-0.05049793324159979,0.4426412079951345
15624,Wormhole Attack,1.4921822206018467,5.829845801131986,-0.8666166030529321,1.4921822206018467,5.829845801131986,-0.8666166030529321,7.322028021733833,0.6255656175489146,4.963229198079054,6.455411418680901
5549,Wormhole Attack,-0.9654851864844086,0.014277162539812023,1.4944283329765993,-0.9654851864844086,0.014277162539812023,1.4944283329765993,-0.9512080239445966,0.5289431464921907,1.5087054955164112,0.5432203090320027
5918,Wormhole Attack,1.7753211573288352,0.023629750313576333,1.4944283329765993,1.7753211573288352,0.023629750313576333,1.4944283329765993,1.7989509076424115,3.2697494903054345,1.5180580832901756,3.2933792406190108
6242,Wormhole Attack,1.4601748996850494,0.06792799774056514,0.697505429359409,1.4601748996850494,0.06792799774056514,0.697505429359409,1.5281028974256146,2.1576803290444584,0.7654334270999741,2.2256083267850233
6731,Wormhole Attack,1.05987212111824,0.028355224858901493,1.4944283329765993,1.05987212111824,0.028355224858901493,1.4944283329765993,1.0882273459771414,2.5543004540948395,1.5227835578355007,2.5826556789537407
14750,Wormhole Attack,1.7724550943857384,0.027008625197220863,1.4944283329765993,1.7724550943857384,0.027008625197220863,1.4944283329765993,1.7994637195829593,3.2668834273623375,1.52143695817382,3.2938920525595585
15811,Wormhole Attack,1.5673727693603738,0.25966033331480476,1.2931997618816466,1.5673727693603738,0.25966033331480476,1.2931997618816466,1.8270331026751787,2.8605725312420205,1.5528600951964515,3.1202328645568254
5652,Wormhole Attack,-0.375714929051222,0.2573493713244022,1.4944283329765993,-0.375714929051222,0.2573493713244022,1.4944283329765993,-0.11836555772681978,1.1187134039253772,1.7517777043010014,1.3760627752497796
7183,Wormhole Attack,-1.5125328021051232,0.2554651734071292,1.4944283329765993,-1.5125328021051232,0.2554651734071292,1.4944283329765993,-1.257067628697994,-0.018104469128523926,1.7498935063837284,0.23736070427860523
6005,Wormhole Attack,0.9570039148473333,0.028355224858901493,1.4944283329765993,0.9570039148473333,0.028355224858901493,1.4944283329765993,0.9853591397062348,2.4514322478239325,1.5227835578355007,2.479787472682834
7456,Wormhole Attack,0.1456435841947754,-1.8189039201840924,1.4944283329765993,0.1456435841947754,-1.8189039201840924,1.4944283329765993,-1.673260335989317,1.6400719171713747,-0.32447558720749314,-0.17883200301271773
15737,Wormhole Attack,1.5454745585211163,0.9099383402644146,1.4944283329765993,1.5454745585211163,0.9099383402644146,1.4944283329765993,2.455412898785531,3.0399028914977153,2.4043666732410136,3.94984123176213
7208,Wormhole Attack,-0.4382991739814838,-0.0036689039343588696,1.4944283329765993,-0.4382991739814838,-0.0036689039343588696,1.4944283329765993,-0.4419680779158427,1.0561291589951154,1.4907594290422403,1.0524602550607565
14904,Wormhole Attack,-1.5073019579067113,0.0345013253062685,1.4944283329765993,-1.5073019579067113,0.0345013253062685,1.4944283329765993,-1.4728006326004428,-0.012873624930112015,1.5289296582828678,0.021627700376156467
6984,Wormhole Attack,0.7172147473447448,0.02835523405411707,1.4944283329765993,0.7172147473447448,0.02835523405411707,1.4944283329765993,0.7455699813988619,2.211643080321344,1.5227835670307164,2.239998314375461
14887,Wormhole Attack,1.8001208654956564,-1.2136433268216413,1.4944283329765993,1.8001208654956564,-1.2136433268216413,1.4944283329765993,0.5864775386740151,3.2945491984722555,0.28078500615495794,2.0809058716506144
6418,Wormhole Attack,1.7030551302024945,0.02835621544503072,1.4944283329765993,1.7030551302024945,0.02835621544503072,1.4944283329765993,1.7314113456475253,3.197483463179094,1.52278454842163,3.2258396786241246
14649,Wormhole Attack,-0.20825978243938184,5.819059034764426,-0.8666166030529321,-0.20825978243938184,5.819059034764426,-0.8666166030529321,5.6107992523250445,-1.074876385492314,4.952442431711495,4.744182649272112
14713,Wormhole Attack,1.9426905952421587,0.04066265137282805,1.4944283329765993,1.9426905952421587,0.04066265137282805,1.4944283329765993,1.9833532466149868,3.4371189282187578,1.5350909843494274,3.477781579591586
15198,Wormhole Attack,1.255381645080477,0.3823588686921948,0.7349289009603203,1.255381645080477,0.3823588686921948,0.7349289009603203,1.6377405137726717,1.990310546040797,1.1172877696525152,2.372669414732992
6165,Wormhole Attack,1.4698790994052189,0.028355234051246795,1.4944283329765993,1.4698790994052189,0.028355234051246795,1.4944283329765993,1.4982343334564656,2.964307432381818,1.522783567027846,2.992662666433065
15763,Wormhole Attack,0.51629378679744,0.6018615655643875,1.4944283329765993,0.51629378679744,0.6018615655643875,1.4944283329765993,1.1181553523618275,2.010722119774039,2.096289898540987,2.6125836853384268
14640,Wormhole Attack,-0.8850027530548372,5.827444096879304,-0.8666166030529321,-0.8850027530548372,5.827444096879304,-0.8666166030529321,4.942441343824467,-1.7516193561077693,4.960827493826372,4.075824740771536
15418,Wormhole Attack,-2.197753891709998,0.1553836501311563,-0.8666166030529321,-2.197753891709998,0.1553836501311563,-0.8666166030529321,-2.0423702415788414,-3.06437049476293,-0.7112329529217758,-2.9089868446317735
6834,Wormhole Attack,1.5167915670697532,0.0020055084885431964,1.8609881701884678,1.5167915670697532,0.0020055084885431964,1.8609881701884678,1.5187970755582965,3.377779737258221,1.8629936786770112,3.3797852457467643
7296,Wormhole Attack,1.5673727693603738,0.20903220198725042,1.4944283329765993,1.5673727693603738,0.20903220198725042,1.4944283329765993,1.7764049713476242,3.061801102336973,1.7034605349638496,3.2708333043242233
6381,Wormhole Attack,1.633015958732033,0.002628528812801358,1.4944283329765993,1.633015958732033,0.002628528812801358,1.4944283329765993,1.6356444875448344,3.127444291708632,1.4970568617894007,3.1300728205214337
14600,Wormhole Attack,0.4150167022802863,3.959074851465516,-0.8666166030529321,0.4150167022802863,3.959074851465516,-0.8666166030529321,4.374091553745802,-0.4515999007726458,3.092458248412584,3.50747495069287
5522,Wormhole Attack,1.8580177764732309,0.02835617186553367,1.4944283329765993,1.8580177764732309,0.02835617186553367,1.4944283329765993,1.8863739483387645,3.35244610944983,1.522784504842133,3.380802281315364
5443,Wormhole Attack,1.9296983929810008,0.021007407498141166,1.4944283329765993,1.9296983929810008,0.021007407498141166,1.4944283329765993,1.950705800479142,3.4241267259576,1.5154357404747405,3.445134133455741
14804,Wormhole Attack,0.9801474812945773,0.003827286839714035,1.4944283329765993,0.9801474812945773,0.003827286839714035,1.4944283329765993,0.9839747681342913,2.4745758142711765,1.4982556198163133,2.4784031011108905
16035,Wormhole Attack,2.1177325264936226,0.7703466606448042,1.4944283329765993,2.1177325264936226,0.7703466606448042,1.4944283329765993,2.888079187138427,3.612160859470222,2.2647749936214034,4.382507520115026
5486,Wormhole Attack,1.574677008704203,0.2528618913542265,-0.8666166030529321,1.574677008704203,0.2528618913542265,-0.8666166030529321,1.8275389000584294,0.7080604056512709,-0.6137547116987057,0.9609222970054974
16171,Wormhole Attack,0.05034729054344224,-1.4547852119001345,1.4944283329765993,0.05034729054344224,-1.4547852119001345,1.4944283329765993,-1.4044379213566922,1.5447756235200416,0.03964312107646473,0.08999041161990706
5519,Wormhole Attack,2.2428310048756135,-0.12324223239819909,1.4944283329765993,2.2428310048756135,-0.12324223239819909,1.4944283329765993,2.1195887724774143,3.7372593378522128,1.3711861005784,3.6140171054540136
6583,Wormhole Attack,-1.5073019579067113,0.03989562551074007,1.4944283329765993,-1.5073019579067113,0.03989562551074007,1.4944283329765993,-1.4674063323959712,-0.012873624930112015,1.5343239584873394,0.02702200058062809
7297,Wormhole Attack,-0.1258591713598251,0.004363696554271953,1.4944283329765993,-0.1258591713598251,0.004363696554271953,1.4944283329765993,-0.12149547480555316,1.368569161616774,1.4987920295308712,1.372932858171046
7249,Wormhole Attack,1.104717750947539,0.026226068104655553,1.4944283329765993,1.104717750947539,0.026226068104655553,1.4944283329765993,1.1309438190521945,2.599146083924138,1.5206544010812548,2.6253721520287936
6974,Wormhole Attack,-0.5393209838342612,-1.275064170117191,0.5403429466452235,-0.5393209838342612,-1.275064170117191,0.5403429466452235,-1.8143851539514522,0.0010219628109623402,-0.7347212234719674,-1.2740422073062287
6631,Wormhole Attack,1.9529767050115918,0.23935039932817295,1.4944283329765993,1.9529767050115918,0.23935039932817295,1.4944283329765993,2.192327104339765,3.447405037988191,1.7337787323047722,3.6867554373163642
6178,Wormhole Attack,1.773794238023712,0.2485368862547961,1.4944283329765993,1.773794238023712,0.2485368862547961,1.4944283329765993,2.0223311242785083,3.268222571000311,1.7429652192313954,3.5167594572551075
6204,Wormhole Attack,1.045710166638944,0.0001760321546123968,1.4944283329765993,1.045710166638944,0.0001760321546123968,1.4944283329765993,1.0458861987935564,2.5401384996155434,1.4946043651312118,2.5403145317701554
7392,Wormhole Attack,1.3786438784219268,-0.006309717250492315,1.4944283329765993,1.3786438784219268,-0.006309717250492315,1.4944283329765993,1.3723341611714346,2.873072211398526,1.488118615726107,2.866762494148034
6769,Wormhole Attack,2.3121617767950213,0.02835621544503072,1.4944283329765993,2.3121617767950213,0.02835621544503072,1.4944283329765993,2.340517992240052,3.8065901097716206,1.52278454842163,3.8349463252166514
14890,Wormhole Attack,0.49313914123673425,0.028355224858901493,1.4944283329765993,0.49313914123673425,0.028355224858901493,1.4944283329765993,0.5214943660956357,1.9875674742133336,1.5227835578355007,2.015922699072235
14765,Wormhole Attack,-1.5073019579067113,0.0917366426588135,1.4944283329765993,-1.5073019579067113,0.0917366426588135,1.4944283329765993,-1.4155653152478977,-0.012873624930112015,1.5861649756354128,0.07886301772870152
5512,Wormhole Attack,1.176937269882842,0.01069497651061554,1.4944283329765993,1.176937269882842,0.01069497651061554,1.4944283329765993,1.1876322463934574,2.6713656028594412,1.5051233094872147,2.6820605793700567
6508,Wormhole Attack,0.4738248081638837,0.028355234051246795,1.4944283329765993,0.4738248081638837,0.028355234051246795,1.4944283329765993,0.5021800422151306,1.968253141140483,1.522783567027846,1.9966083751917298
5894,Wormhole Attack,1.7276486223635128,0.028356215442161537,1.4944283329765993,1.7276486223635128,0.028356215442161537,1.4944283329765993,1.7560048378056743,3.2220769553401123,1.5227845484187608,3.250433170782274
15765,Wormhole Attack,1.964331063684145,0.17436315458762408,1.4703025748316723,1.964331063684145,0.17436315458762408,1.4703025748316723,2.1386942182717688,3.434633638515817,1.6446657294192963,3.608996793103441
15028,Wormhole Attack,-0.7484492976141827,0.02100740747933657,1.4944283329765993,-0.7484492976141827,0.02100740747933657,1.4944283329765993,-0.7274418901348461,0.7459790353624166,1.5154357404559358,0.7669864428417532
6246,Wormhole Attack,1.6723679033185792,-1.8169356206074094,1.4944283329765993,1.6723679033185792,-1.8169356206074094,1.4944283329765993,-0.14456771728883022,3.1667962362951787,-0.32250728763081016,1.349860615687769
7088,Wormhole Attack,1.2709346420769363,0.026226087662464127,1.4944283329765993,1.2709346420769363,0.026226087662464127,1.4944283329765993,1.2971607297394003,2.7653629750535353,1.5206544206390633,2.7915890627159996
6083,Wormhole Attack,2.167142207015789,0.018063138189562393,1.4944283329765993,2.167142207015789,0.018063138189562393,1.4944283329765993,2.1852053452053513,3.6615705399923884,1.5124914711661617,3.6796336781819505
14628,Wormhole Attack,-0.26930576323380817,3.985540628039093,-0.7581829095120083,-0.26930576323380817,3.985540628039093,-0.7581829095120083,3.7162348648052848,-1.0274886727458163,3.2273577185270845,2.9580519552932767
7423,Wormhole Attack,2.345430736518687,0.07720026154152586,1.4944283329765993,2.345430736518687,0.07720026154152586,1.4944283329765993,2.4226309980602125,3.839859069495286,1.5716285945181252,3.917059331036812
15770,Wormhole Attack,1.3066305341040445,0.734650392561305,1.4944283329765993,1.3066305341040445,0.734650392561305,1.4944283329765993,2.0412809266653493,2.801058867080644,2.2290787255379043,3.5357092596419486
6460,Wormhole Attack,2.1327182770835518,0.028356206249818418,1.4944283329765993,2.1327182770835518,0.028356206249818418,1.4944283329765993,2.1610744833333704,3.627146610060151,1.5227845392264177,3.6555028163099696
5641,Wormhole Attack,-0.10799540306964428,-1.27773558750449,1.4944283329765993,-0.10799540306964428,-1.27773558750449,1.4944283329765993,-1.3857309905741344,1.386432929906955,0.21669274547210926,0.10869734240246487
6952,Wormhole Attack,2.36452951714878,0.018067370718740976,1.466443705911959,2.36452951714878,0.018067370718740976,1.466443705911959,2.3825968878675208,3.830973223060739,1.4845110766307,3.84904059377948
15140,Wormhole Attack,1.2017638341339076,0.24469620601805972,-0.8666166030529321,1.2017638341339076,0.24469620601805972,-0.8666166030529321,1.4464600401519674,0.33514723108097555,-0.6219203970348723,0.5798434370990353
14943,Wormhole Attack,1.77733262186207,0.018063146778064886,1.990088025249402,1.77733262186207,0.018063146778064886,1.990088025249402,1.795395768640135,3.767420647111472,2.0081511720274667,3.785483793889537
6224,Wormhole Attack,1.714611147799045,0.0073461960976460286,-0.8666166030529321,1.714611147799045,0.0073461960976460286,-0.8666166030529321,1.721957343896691,0.847994544746113,-0.8592704069552861,0.855340740843759
15095,Wormhole Attack,1.1013006110951775,0.26242177139477757,1.4944283329765993,1.1013006110951775,0.26242177139477757,1.4944283329765993,1.3637223824899551,2.5957289440717766,1.756850104371377,2.8581507154665546
15646,Wormhole Attack,0.49313914123673425,-0.13962615055401761,1.4944283329765993,0.49313914123673425,-0.13962615055401761,1.4944283329765993,0.35351299068271663,1.9875674742133336,1.3548021824225818,1.8479413236593158
5828,Wormhole Attack,0.5606499288385374,0.028356206249818418,0.8072318327671549,0.5606499288385374,0.028356206249818418,0.8072318327671549,0.5890061350883558,1.3678817616056924,0.8355880390169733,1.3962379678555106
6247,Wormhole Attack,-0.5454970436568083,0.028356215442161537,1.4944283329765993,-0.5454970436568083,0.028356215442161537,1.4944283329765993,-0.5171408282146468,0.948931289319791,1.5227845484187608,0.9772875047619525
6235,Wormhole Attack,0.9702895385709294,0.256668989435669,1.4944283329765993,0.9702895385709294,0.256668989435669,1.4944283329765993,1.2269585280065984,2.4647178715475286,1.7510973224122683,2.7213868609831975
5509,Wormhole Attack,0.4793815842601326,0.03895327118449669,1.4944283329765993,0.4793815842601326,0.03895327118449669,1.4944283329765993,0.5183348554446293,1.9738099172367318,1.533381604161096,2.0127631884212285
7384,Wormhole Attack,0.7471463523969051,-0.15076021825862937,1.4944283329765993,0.7471463523969051,-0.15076021825862937,1.4944283329765993,0.5963861341382757,2.2415746853735046,1.3436681147179699,2.0908144671148747
5709,Wormhole Attack,0.8198809698345318,0.03587515133840932,1.4944283329765993,0.8198809698345318,0.03587515133840932,1.4944283329765993,0.8557561211729412,2.314309302811131,1.5303034843150085,2.3501844541495407
15288,Wormhole Attack,2.4719301437779633,0.2691858572491476,0.8386670477202927,2.4719301437779633,0.2691858572491476,0.8386670477202927,2.7411160010271107,3.310597191498256,1.1078529049694403,3.5797830487474034
6858,Wormhole Attack,2.557133439050415,0.24051770992014557,1.4944283329765993,2.557133439050415,0.24051770992014557,1.4944283329765993,2.7976511489705604,4.051561772027014,1.734946042896745,4.29207948194716
5412,Wormhole Attack,1.4485756164180514,-2.0953450684109862,1.4944283329765993,1.4485756164180514,-2.0953450684109862,1.4944283329765993,-0.6467694519929348,2.943003949394651,-0.600916735434387,0.8476588809836645
5715,Wormhole Attack,0.7931496922258644,0.0002231143913820592,1.4944283329765993,0.7931496922258644,0.0002231143913820592,1.4944283329765993,0.7933728066172464,2.2875780252024636,1.4946514473679813,2.287801139593846
6541,Wormhole Attack,2.402274517990232,0.018720919084294976,1.4944283329765993,2.402274517990232,0.018720919084294976,1.4944283329765993,2.420995437074527,3.896702850966831,1.5131492520608942,3.915423770051126
6208,Wormhole Attack,1.5673727693603738,0.2593390512084504,1.4944283329765993,1.5673727693603738,0.2593390512084504,1.4944283329765993,1.8267118205688242,3.061801102336973,1.7537673841850496,3.3211401535454232
6596,Wormhole Attack,0.8267377723808715,0.028356215442161537,1.4944283329765993,0.8267377723808715,0.028356215442161537,1.4944283329765993,0.855093987823033,2.321166105357471,1.5227845484187608,2.3495223207996325
6536,Wormhole Attack,-1.5125328021051232,0.25504524086414837,1.4944283329765993,-1.5125328021051232,0.25504524086414837,1.4944283329765993,-1.2574875612409748,-0.018104469128523926,1.7494735738407476,0.23694077173562444
7365,Wormhole Attack,1.5726036135587853,0.025182096189610596,1.4944283329765993,1.5726036135587853,0.025182096189610596,1.4944283329765993,1.5977857097483958,3.0670319465353844,1.5196104291662098,3.0922140427249953
15123,Wormhole Attack,1.5673727693603738,-1.8214468389763268,1.4944283329765993,1.5673727693603738,-1.8214468389763268,1.4944283329765993,-0.2540740696159529,3.061801102336973,-0.3270185059997275,1.2403542633606464
15940,Wormhole Attack,-0.2808678909866847,3.0845302953344818,2.3542686616694803,-0.2808678909866847,3.0845302953344818,2.3542686616694803,2.803662404347797,2.0734007706827957,5.4387989570039625,5.1579310660172775
15835,Wormhole Attack,0.15366333233683338,0.2738748569717149,-0.8666166030529321,0.15366333233683338,0.2738748569717149,-0.8666166030529321,0.42753818930854826,-0.7129532707160987,-0.5927417460812172,-0.43907841374438383
7305,Wormhole Attack,1.0844670519813362,0.2801271540323898,1.4944283329765993,1.0844670519813362,0.2801271540323898,1.4944283329765993,1.364594206013726,2.5788953849579355,1.774555487008989,2.859022538990325
15742,Wormhole Attack,2.0197641199156777,0.2446189715080995,1.4944283329765993,2.0197641199156777,0.2446189715080995,1.4944283329765993,2.264383091423777,3.514192452892277,1.7390473044846988,3.7588114244003763
14727,Wormhole Attack,-0.12594898937368867,0.05893581171521613,0.036343229451095825,-0.12594898937368867,0.05893581171521613,0.036343229451095825,-0.06701317765847255,-0.08960575992259284,0.09527904116631195,-0.030669948207376722
15967,Wormhole Attack,0.010416954375079009,0.5327997702909228,1.4944283329765993,0.010416954375079009,0.5327997702909228,1.4944283329765993,0.5432167246660019,1.5048452873516782,2.027228103267522,2.0376450576426013
