window_idx,start_pos,majority_label,attack_frac,W2_c2,W2_network,W2_physical,W2_c2_only,W2_network_only,W2_physical_only,W2_c2_network,W2_c2_physical,W2_network_physical,W2_all_three,Z2_c2,Z2_network,Z2_physical,Z2_c2_only,Z2_network_only,Z2_physical_only,Z2_c2_network,Z2_c2_physical,Z2_network_physical,Z2_all_three
0,0,Normal Traffic,0.74,1.2423339713915347,0.2968437402541301,0.6805707340499609,1.2423339713915347,0.2968437402541301,0.6805707340499609,1.5391777116456646,1.9229047054414956,0.977414474304091,2.2197484456956253,3.2131882044572726,2.94167171575693,2.571908536653973,3.2131882044572726,2.94167171575693,2.571908536653973,6.154859920214203,5.7850967411112455,5.513580252410903,8.726768456868175
1,50,Wormhole Attack,0.84,1.2709033178718796,0.37229368647400846,0.5713379109229069,1.2709033178718796,0.37229368647400846,0.5713379109229069,1.6431970043458881,1.8422412287947865,0.9436315973969154,2.214534915268795,3.341637253274298,4.203307263120105,1.7717849109118047,3.341637253274298,4.203307263120105,1.7717849109118047,7.544944516394403,5.113422164186103,5.97509217403191,9.316729427306207
2,100,Wormhole Attack,0.82,1.298929738294949,0.3359112856828223,0.7973320566679265,1.298929738294949,0.3359112856828223,0.7973320566679265,1.6348410239777713,2.0962617949628752,1.1332433423507489,2.432173080645698,3.467645282459215,3.5949392995060876,3.4271779522477837,3.467645282459215,3.5949392995060876,3.4271779522477837,7.062584581965303,6.894823234706999,7.022117251753871,10.489762534213087
3,150,Normal Traffic,0.72,1.2876851261169324,0.34739544559850766,0.9260757985174831,1.2876851261169324,0.34739544559850766,0.9260757985174831,1.6350805717154402,2.2137609246344154,1.2734712441159908,2.5611563702329234,3.417089007411893,3.7869715686744203,4.3702178423773645,3.417089007411893,3.7869715686744203,4.3702178423773645,7.204060576086313,7.787306849789258,8.157189411051785,11.574278418463678
4,200,Sybil Attack,0.78,1.398056281500162,0.3400088591962701,0.6666485046344905,1.398056281500162,0.3400088591962701,0.6666485046344905,1.738065140696432,2.0647047861346524,1.0066573638307608,2.4047136453309226,3.913322616940395,3.663456835455471,2.469929073344089,3.913322616940395,3.663456835455471,2.469929073344089,7.576779452395867,6.383251690284484,6.133385908799561,10.046708525739955
5,250,Normal Traffic,0.64,1.1591951497451356,0.3107018542783828,0.5183885634571319,1.1591951497451356,0.3107018542783828,0.5183885634571319,1.4698970040235184,1.6775837132022675,0.8290904177355147,1.9882855674806503,2.839392375154867,3.1734000356348178,1.3839342387221851,2.839392375154867,3.1734000356348178,1.3839342387221851,6.012792410789684,4.223326613877052,4.557334274357003,7.396726649511869
6,300,Blackhole Attack,0.84,1.3212393295781784,0.3560849677648482,0.7252007137364497,1.3212393295781784,0.3560849677648482,0.7252007137364497,1.6773242973430267,2.046440043314628,1.081285681501298,2.4025250110794762,3.567950194291865,3.9322733296949886,2.8988203580395395,3.567950194291865,3.9322733296949886,2.8988203580395395,7.500223523986854,6.466770552331404,6.831093687734528,10.399043882026394
7,350,Blackhole Attack,0.86,1.2535984520132732,0.28398352014395667,0.6547719095624565,1.2535984520132732,0.28398352014395667,0.6547719095624565,1.53758197215723,1.9083703615757297,0.9387554297064131,2.1923538817196864,3.263833808908728,2.7266296693301983,2.3829337541857223,3.263833808908728,2.7266296693301983,2.3829337541857223,5.990463478238926,5.64676756309445,5.109563423515921,8.373397232424647
8,400,Normal Traffic,0.74,1.3203337730885556,0.3653190729211704,0.6168459822494222,1.3203337730885556,0.3653190729211704,0.6168459822494222,1.685652846009726,1.937179755337978,0.9821650551705926,2.3024988282591483,3.56387877215338,4.086681329925428,2.1051286988678477,3.56387877215338,4.086681329925428,2.1051286988678477,7.650560102078808,5.669007471021228,6.191810028793276,9.755688800946656
9,450,Normal Traffic,0.72,1.2383756776013626,0.35537589658246027,0.6312954856318793,1.2383756776013626,0.35537589658246027,0.6312954856318793,1.5937515741838229,1.869671163233242,0.9866713822143396,2.225047059815702,3.1953915400275927,3.920416602763674,2.2109704111441815,3.1953915400275927,3.920416602763674,2.2109704111441815,7.115808142791266,5.406361951171775,6.1313870139078555,9.326778553935448
10,500,Normal Traffic,0.72,1.146550665856865,0.36559928453133994,0.7283913151573509,1.146550665856865,0.36559928453133994,0.7283913151573509,1.512149950388205,1.8749419810142158,1.093990599688691,2.2405412655455557,2.7825422148143786,4.091366885659869,2.922191314718195,2.7825422148143786,4.091366885659869,2.922191314718195,6.873909100474247,5.704733529532573,7.013558200378064,9.796100415192441
11,550,Normal Traffic,0.74,1.2058885027821642,0.35371026844149767,0.6813562091971942,1.2058885027821642,0.35371026844149767,0.6813562091971942,1.5595987712236619,1.8872447119793585,1.0350664776386918,2.240954980420856,3.0493277612446463,3.892564817883631,2.577662093183439,3.0493277612446463,3.892564817883631,2.577662093183439,6.941892579128277,5.626989854428086,6.47022691106707,9.519554672311717
12,600,Wormhole Attack,0.84,1.2670416715856718,0.22611987219211097,0.5199092023179669,1.2670416715856718,0.22611987219211097,0.5199092023179669,1.4931615437777828,1.7869508739036388,0.7460290745100778,2.0130707460957495,3.324275120308728,1.7590632386874259,1.395072823663458,3.324275120308728,1.7590632386874259,1.395072823663458,5.083338358996154,4.719347943972186,3.154136062350884,6.478411182659612
13,650,Sybil Attack,0.82,1.1414224937811397,0.3798758256638623,0.5114193366744741,1.1414224937811397,0.3798758256638623,0.5114193366744741,1.521298319445002,1.6528418304556138,0.8912951623383365,2.032717656119476,2.7594857257291237,4.33009193038942,1.3328850866237032,2.7594857257291237,4.33009193038942,1.3328850866237032,7.089577656118544,4.092370812352827,5.662977017013123,8.422462742742248
14,700,Blackhole Attack,0.76,1.492992853719205,0.3380753012957975,0.6133508805633188,1.492992853719205,0.3380753012957975,0.6133508805633188,1.8310681550150025,2.1063437342825235,0.9514261818591163,2.4444190355783215,4.340161656043879,3.631124865688229,2.079527296712656,4.340161656043879,3.631124865688229,2.079527296712656,7.971286521732107,6.419688952756535,5.710652162400885,10.050813818444762
15,750,Wormhole Attack,0.74,1.3001821920113303,0.3037204783439738,0.7240814821089687,1.3001821920113303,0.3037204783439738,0.7240814821089687,1.603902670355304,2.024263674120299,1.0278019604529425,2.327984152464273,3.4732763699139886,3.0566610253419833,2.8906220560805784,3.4732763699139886,3.0566610253419833,2.8906220560805784,6.529937395255972,6.363898425994567,5.947283081422562,9.420559451336551
16,800,Wormhole Attack,0.78,1.146803520619927,0.36878620871733925,0.639479950653637,1.146803520619927,0.36878620871733925,0.639479950653637,1.5155897293372662,1.786283471273564,1.0082661593709763,2.1550696799909033,2.7836790610431335,4.144657007671233,2.2709211076518763,2.7836790610431335,4.144657007671233,2.2709211076518763,6.9283360687143665,5.05460016869501,6.415578115323109,9.199257176366242
17,850,Blackhole Attack,0.82,1.4096367365639775,0.27900160200834256,0.8002763822604129,1.4096367365639775,0.27900160200834256,0.8002763822604129,1.68863833857232,2.2099131188243906,1.0792779842687554,2.488914720832733,3.965388856496794,2.6433245733182402,3.448744953822809,3.965388856496794,2.6433245733182402,3.448744953822809,6.608713429815034,7.414133810319603,6.092069527141049,10.057458383637844
18,900,Wormhole Attack,0.8,1.3124410924204202,0.28956811367725566,0.7278582357352082,1.3124410924204202,0.28956811367725566,0.7278582357352082,1.6020092060976758,2.0402993281556285,1.0174263494124638,2.329867441832884,3.5283929298315755,2.820012396186645,2.9182865411543255,3.5283929298315755,2.820012396186645,2.9182865411543255,6.34840532601822,6.4466794709859006,5.7382989373409705,9.266691867172545
19,950,Normal Traffic,0.66,1.4060457402947533,0.34036924139805425,0.6576424608377824,1.4060457402947533,0.34036924139805425,0.6576424608377824,1.7464149816928076,2.0636882011325355,0.9980117022358367,2.40405744253059,3.9492435780108237,3.669482962963672,2.403960363482647,3.9492435780108237,3.669482962963672,2.403960363482647,7.618726540974496,6.3532039414934705,6.073443326446319,10.022686904457142
20,1000,Blackhole Attack,0.76,1.2793455985439288,0.27441990229761154,0.6932734068583112,1.2793455985439288,0.27441990229761154,0.6932734068583112,1.5537655008415403,1.97261900540224,0.9676933091559228,2.2470389076998516,3.3795941215882834,2.566711725834475,2.6649548237778693,3.3795941215882834,2.566711725834475,2.6649548237778693,5.946305847422758,6.044548945366152,5.231666549612344,8.611260671200627
21,1050,Blackhole Attack,0.7,1.2446959139573677,0.3241143576851942,0.6401614317865036,1.2446959139573677,0.3241143576851942,0.6401614317865036,1.5688102716425618,1.8848573457438713,0.9642757894716978,2.2089717034290652,3.2238076029846563,3.397677081874841,2.275912914503466,3.2238076029846563,3.397677081874841,2.275912914503466,6.621484684859498,5.499720517488122,5.673589996378307,8.897397599362964
22,1100,Blackhole Attack,0.8,1.2121215904358018,0.32738667799601545,0.77755584210751,1.2121215904358018,0.32738667799601545,0.77755584210751,1.5395082684318173,1.9896774325433118,1.1049425201035254,2.3170641105393273,3.0773519997708485,3.452395154363048,3.2823184123718394,3.0773519997708485,3.452395154363048,3.2823184123718394,6.529747154133896,6.3596704121426875,6.734713566734888,9.812065566505735
23,1150,Blackhole Attack,0.78,1.1295657183803511,0.4170854165977325,0.5642915516180773,1.1295657183803511,0.4170854165977325,0.5642915516180773,1.5466511349780836,1.6938572699984284,0.9813769682158098,2.110942686596161,2.706177137682975,4.952291745989088,1.720170767892682,2.706177137682975,4.952291745989088,1.720170767892682,7.658468883672063,4.426347905575657,6.67246251388177,9.378639651564745
24,1200,Flooding Attack,0.82,1.2773268543191296,0.33769542915818224,0.6595369034646642,1.2773268543191296,0.33769542915818224,0.6595369034646642,1.6150222834773118,1.9368637577837937,0.9972323326228465,2.274559186941976,3.3705177580229244,3.624772837406173,2.4178370377275127,3.3705177580229244,3.624772837406173,2.4178370377275127,6.995290595429097,5.788354795750437,6.042609875133685,9.41312763315661
25,1250,Flooding Attack,0.84,1.2095057491495664,0.2886879409202677,0.5980905697659178,1.2095057491495664,0.2886879409202677,0.5980905697659178,1.4981936900698343,1.8075963189154842,0.8867785106861855,2.096284259835752,3.065591061336208,2.805294595927378,1.967746470623719,3.065591061336208,2.805294595927378,1.967746470623719,5.870885657263586,5.033337531959927,4.773041066551097,7.838632127887305
26,1300,Blackhole Attack,0.82,1.1490546622931548,0.3396792058552649,0.5978226151212916,1.1490546622931548,0.3396792058552649,0.5978226151212916,1.4887338681484197,1.7468772774144465,0.9375018209765565,2.086556483269711,2.7938002938433804,3.6579445402961452,1.965783719541626,2.7938002938433804,3.6579445402961452,1.965783719541626,6.451744834139525,4.759584013385006,5.623728259837771,8.417528553681151
27,1350,Sybil Attack,0.82,1.098696704095099,0.38174637359646474,0.3994285157118878,1.098696704095099,0.38174637359646474,0.3994285157118878,1.4804430776915638,1.4981252198069868,0.7811748893083525,1.8798715934034516,2.567388680425554,4.361370279587185,0.5125592985206084,2.567388680425554,4.361370279587185,0.5125592985206084,6.92875896001274,3.079947978946162,4.873929578107794,7.441318258533348
28,1400,Wormhole Attack,0.82,1.3431077950806658,0.3877369482418182,0.6290721716915879,1.3431077950806658,0.3877369482418182,0.6290721716915879,1.730844743322484,1.9721799667722537,1.0168091199334062,2.3599169150140717,3.6662717850505113,4.461541615689731,2.1946847750126324,3.6662717850505113,4.461541615689731,2.1946847750126324,8.127813400740242,5.860956560063144,6.656226390702363,10.322498175752875
29,1450,Normal Traffic,0.7,0.9932028274315928,0.23571849241844017,0.6292546651553802,0.9932028274315928,0.23571849241844017,0.6292546651553802,1.228921319850033,1.622457492586973,0.8649731575738204,1.8581759850054134,2.0930835323266823,1.919566474142159,2.196021528268143,2.0930835323266823,1.919566474142159,2.196021528268143,4.012650006468841,4.289105060594825,4.115588002410302,6.208671534736984
30,1500,Normal Traffic,0.64,1.2612062013802527,0.3730336304452201,0.369514952052996,1.2612062013802527,0.3730336304452201,0.369514952052996,1.634239831825473,1.6307211534332486,0.7425485824982161,2.003754783878469,3.2980385874639233,4.2156802290917055,0.29344430791213333,3.2980385874639233,4.2156802290917055,0.29344430791213333,7.513718816555629,3.5914828953760565,4.509124537003839,7.807163124467762
31,1550,Sybil Attack,0.78,1.2604101039511724,0.3905368428183581,0.4652636809004681,1.2604101039511724,0.3905368428183581,0.4652636809004681,1.6509469467695306,1.7256737848516406,0.8558005237188262,2.116210627669999,3.294459298116111,4.508360025822692,0.994797782925164,3.294459298116111,4.508360025822692,0.994797782925164,7.802819323938803,4.289257081041275,5.503157808747856,8.797617106863967
32,1600,Wormhole Attack,0.76,1.3979032519805756,0.34246136108929576,0.703663351236262,1.3979032519805756,0.34246136108929576,0.703663351236262,1.7403646130698713,2.1015666032168374,1.0461247123255577,2.4440279643061333,3.9126345894335244,3.704466322184587,2.741060519199436,3.9126345894335244,3.704466322184587,2.741060519199436,7.617100911618111,6.65369510863296,6.445526841384023,10.358161430817548
33,1650,Blackhole Attack,0.8,1.352365512187949,0.2860884778580687,0.7649941713521013,1.352365512187949,0.2860884778580687,0.7649941713521013,1.6384539900460178,2.1173596835400503,1.0510826492101701,2.403448161398119,3.7078948917416543,2.7618276994266115,3.1903049565033017,3.7078948917416543,2.7618276994266115,3.1903049565033017,6.469722591168265,6.898199848244956,5.952132655929914,9.660027547671568
34,1700,Wormhole Attack,0.78,1.3450783370941173,0.37483573716689894,0.5259874718326392,1.3450783370941173,0.37483573716689894,0.5259874718326392,1.7199140742610162,1.8710658089267564,0.900823208999538,2.2459015460936556,3.6751314293358983,4.2458141392417055,1.4395957692680117,3.6751314293358983,4.2458141392417055,1.4395957692680117,7.920945568577604,5.1147271986039105,5.685409908509717,9.360541337845616
35,1750,Normal Traffic,0.74,1.1726474781765668,0.34135000722179953,0.6261257498969396,1.1726474781765668,0.34135000722179953,0.6261257498969396,1.5139974853983662,1.7987732280735065,0.9674757571187391,2.140123235295306,2.8998746403890525,3.6858828292176518,2.1731024188873342,2.8998746403890525,3.6858828292176518,2.1731024188873342,6.585757469606705,5.072977059276386,5.858985248104986,8.758859888494039
36,1800,Sybil Attack,0.88,1.2688180984303417,0.39746890241703564,0.7123101173733261,1.2688180984303417,0.39746890241703564,0.7123101173733261,1.6662870008473774,1.9811282158036678,1.1097790197903616,2.3785971182207035,3.332262014186327,4.624274393483666,2.804397542581914,3.332262014186327,4.624274393483666,2.804397542581914,7.956536407669993,6.13665955676824,7.42867193606558,10.760933950251907
37,1850,Wormhole Attack,0.78,1.265203236726896,0.35970750216690534,0.5736682563030282,1.265203236726896,0.35970750216690534,0.5736682563030282,1.6249107388938013,1.8388714930299241,0.9333757584699336,2.1985789951968293,3.3160094356496725,3.9928475037290205,1.7888545456735596,3.3160094356496725,3.9928475037290205,1.7888545456735596,7.308856939378693,5.104863981323232,5.78170204940258,9.097711485052253
38,1900,Wormhole Attack,0.72,1.1162630864739356,0.2787189069338527,0.6061115986395574,1.1162630864739356,0.2787189069338527,0.6061115986395574,1.3949819934077883,1.722374685113493,0.8848305055734101,2.001093592047346,2.646367914664253,2.638597490359142,2.0265000075262147,2.646367914664253,2.638597490359142,2.0265000075262147,5.284965405023395,4.672867922190468,4.665097497885357,7.31146541254961
39,1950,Sybil Attack,0.82,1.1500112809414442,0.42671742520034817,0.6021430315119877,1.1500112809414442,0.42671742520034817,0.6021430315119877,1.5767287061417923,1.752154312453432,1.0288604567123358,2.17887173765378,2.7981012937118215,5.113353284855581,1.9974305005024982,2.7981012937118215,5.113353284855581,1.9974305005024982,7.911454578567403,4.79553179421432,7.110783785358079,9.9088850790699
40,2000,Blackhole Attack,0.9,1.2809908263321397,0.35414771204212375,0.6122202002224241,1.2809908263321397,0.35414771204212375,0.6122202002224241,1.6351385383742634,1.8932110265545639,0.9663679122645479,2.2473587385966876,3.3869911386894067,3.899879526828659,2.0712451336410327,3.3869911386894067,3.899879526828659,2.0712451336410327,7.286870665518066,5.458236272330439,5.971124660469691,9.358115799159098
41,2050,Wormhole Attack,0.82,1.2325013384208028,0.33547877029850187,0.8604375837255566,1.2325013384208028,0.33547877029850187,0.8604375837255566,1.5679801087193046,2.0929389221463595,1.1959163540240585,2.428417692444861,3.168980250546729,3.5877069976824405,3.8894220073610666,3.168980250546729,3.5877069976824405,3.8894220073610666,6.75668724822917,7.058402257907796,7.477129005043507,10.646109255590236
42,2100,Normal Traffic,0.68,1.2412554786138799,0.3746076312977039,0.6344605261350955,1.2412554786138799,0.3746076312977039,0.6344605261350955,1.6158631099115839,1.8757160047489754,1.0090681574327993,2.250323636046679,3.208339253098126,4.241999869151971,2.2341541356928785,3.208339253098126,4.241999869151971,2.2341541356928785,7.450339122250097,5.4424933887910045,6.476154004844849,9.684493257942975
43,2150,Blackhole Attack,0.8,1.310991715563071,0.2951627605503083,0.7733433153570995,1.310991715563071,0.2951627605503083,0.7733433153570995,1.6061544761133795,2.0843350309201707,1.0685060759074079,2.379497791470479,3.521876467201533,2.9135632298667336,3.2514619163060563,3.521876467201533,2.9135632298667336,3.2514619163060563,6.435439697068267,6.773338383507589,6.165025146172789,9.686901613374323
44,2200,Wormhole Attack,0.78,1.239796480623236,0.29997917532339036,0.7837944118160267,1.239796480623236,0.29997917532339036,0.7837944118160267,1.5397756559466265,2.0235908924392625,1.083773587139417,2.3235700677626534,3.2017795334260963,2.9941008629997907,3.328015546911863,3.2017795334260963,2.9941008629997907,3.328015546911863,6.195880396425887,6.529795080337959,6.322116409911654,9.523895943337749
45,2250,Flooding Attack,0.8,1.2565862142313946,0.4188969335538817,0.6674498237445483,1.2565862142313946,0.4188969335538817,0.6674498237445483,1.6754831477852763,1.924036037975943,1.08634675729843,2.342932971529825,3.277266920347702,4.982583009283942,2.475798685914389,3.277266920347702,4.982583009283942,2.475798685914389,8.259849929631644,5.753065606262091,7.45838169519833,10.735648615546033
46,2300,Wormhole Attack,0.82,1.3173267637932795,0.3394471618039387,0.812614087393385,1.3173267637932795,0.3394471618039387,0.812614087393385,1.6567739255972183,2.1299408511866647,1.1520612491973237,2.469388012990603,3.550359125001916,3.6540644179319206,3.5391178754568973,3.550359125001916,3.6540644179319206,3.5391178754568973,7.204423542933837,7.089477000458814,7.193182293388817,10.743541418390734
47,2350,Sybil Attack,0.78,0.9936852296647801,0.3056145116352022,0.7096172365077125,0.9936852296647801,0.3056145116352022,0.7096172365077125,1.2992997412999823,1.7033024661724925,1.0152317481429147,2.0089169778076945,2.0952524341614773,3.088332084737297,2.7846723579697734,2.0952524341614773,3.088332084737297,2.7846723579697734,5.183584518898774,4.87992479213125,5.873004442707071,7.968256876868548
48,2400,Blackhole Attack,0.76,1.1776409022612984,0.2793734374448442,0.8726023281523556,1.1776409022612984,0.2793734374448442,0.8726023281523556,1.4570143397061426,2.050243230413654,1.1519757655971998,2.329616667858498,2.9223252965307696,2.649542215980207,3.978528002595448,2.9223252965307696,2.649542215980207,3.978528002595448,5.571867512510977,6.900853299126218,6.628070218575655,9.550395515106425
49,2450,Blackhole Attack,0.78,1.3048090445196137,0.3538920895441814,0.5189925926148699,1.3048090445196137,0.3538920895441814,0.5189925926148699,1.658701134063795,1.8238016371344834,0.8728846821590512,2.177693726678665,3.4940789039906615,3.8956051376969554,1.3883587146801224,3.4940789039906615,3.8956051376969554,1.3883587146801224,7.389684041687617,4.882437618670783,5.283963852377077,8.77804275636774
50,2500,Blackhole Attack,0.8,1.3360271863759599,0.3507075541732903,0.8080316975473543,1.3360271863759599,0.3507075541732903,0.8080316975473543,1.68673474054925,2.1440588839233143,1.1587392517206445,2.4947664380966046,3.634437054291418,3.8423549602343634,3.5055521552529476,3.634437054291418,3.8423549602343634,3.5055521552529476,7.476792014525781,7.139989209544366,7.3479071154873115,10.98234416977873
51,2550,Blackhole Attack,0.88,1.2346926290994387,0.38149978572686927,0.7870058119522042,1.2346926290994387,0.38149978572686927,0.7870058119522042,1.6161924148263078,2.021698441051643,1.1685055976790735,2.403198226778512,3.1788323906209177,4.357246962906169,3.3515388528844507,3.1788323906209177,4.357246962906169,3.3515388528844507,7.536079353527087,6.5303712435053685,7.70878581579062,10.887618206411538
52,2600,Blackhole Attack,0.82,1.3249179878330695,0.330033792523098,0.7135221522395141,1.3249179878330695,0.330033792523098,0.7135221522395141,1.6549517803561675,2.0384401400725833,1.0435559447626122,2.3684739325956814,3.5844896049531747,3.4966588543738624,2.8132756224840723,3.5844896049531747,3.4966588543738624,2.8132756224840723,7.0811484593270375,6.397765227437247,6.309934476857935,9.89442408181111
53,2650,Wormhole Attack,0.82,1.249816948292248,0.35964350891543306,0.6856767348389378,1.249816948292248,0.35964350891543306,0.6856767348389378,1.6094604572076812,1.935493683131186,1.0453202437543707,2.295137192046619,3.2468320004705165,3.9917774411922826,2.6093096744014295,3.2468320004705165,3.9917774411922826,2.6093096744014295,7.238609441662799,5.856141674871946,6.601087115593712,9.84791911606423
54,2700,Normal Traffic,0.7,1.384871100529075,0.28725958532955875,0.8639944428248166,1.384871100529075,0.28725958532955875,0.8639944428248166,1.6721306858586338,2.2488655433538915,1.1512540281543755,2.5361251286834503,3.854041458535822,2.781410361705902,3.9154757787210155,3.854041458535822,2.781410361705902,3.9154757787210155,6.635451820241723,7.769517237256837,6.696886140426917,10.550927598962739
55,2750,Blackhole Attack,0.86,1.1072505798913643,0.3437338363544285,0.7140226484100783,1.1072505798913643,0.3437338363544285,0.7140226484100783,1.4509844162457928,1.8212732283014428,1.057756484764507,2.165007064655871,2.605847285367223,3.725744005046724,2.816941725759606,2.605847285367223,3.725744005046724,2.816941725759606,6.331591290413947,5.422789011126829,6.54268573080633,9.148533016173552
56,2800,Normal Traffic,0.76,1.1543154162354723,0.2938198838853062,0.8485286655455544,1.1543154162354723,0.2938198838853062,0.8485286655455544,1.4481353001207786,2.002844081781027,1.1423485494308605,2.2966639656663332,2.8174528768807976,2.891108330676298,3.8021899234501073,2.8174528768807976,2.891108330676298,3.8021899234501073,5.7085612075570955,6.6196428003309045,6.693298254126406,9.510751131007202
57,2850,Blackhole Attack,0.8,1.3419124527734339,0.37969188803131043,0.8518950009632474,1.3419124527734339,0.37969188803131043,0.8518950009632474,1.7216043408047443,2.193807453736681,1.2315868889945578,2.5734993417679917,3.660897473024147,4.327016219042338,3.8268481207095144,3.660897473024147,4.327016219042338,3.8268481207095144,7.987913692066485,7.487745593733662,8.153864339751852,11.814761812775998
58,2900,Blackhole Attack,0.76,1.4075192006517356,0.3258818502214669,0.9149748863532596,1.4075192006517356,0.3258818502214669,0.9149748863532596,1.7334010508732025,2.322494087004995,1.2408567365747265,2.6483759372264624,3.955868321123313,3.427232191257718,4.288904352204611,3.955868321123313,3.427232191257718,4.288904352204611,7.383100512381031,8.244772673327924,7.716136543462329,11.672004864585642
59,2950,Sybil Attack,0.9,1.2986810424486344,0.40350441522345626,0.5964553604550923,1.2986810424486344,0.40350441522345626,0.5964553604550923,1.7021854576720905,1.8951364029037268,0.9999597756785485,2.2986408181271827,3.4665271349046036,4.725197162612688,1.955768664272388,3.4665271349046036,4.725197162612688,1.955768664272388,8.191724297517291,5.422295799176991,6.6809658268850765,10.147492961789679
60,3000,Sybil Attack,0.84,1.4092815238190672,0.417066694443406,0.6198671608988453,1.4092815238190672,0.417066694443406,0.6198671608988453,1.8263482182624733,2.0291486847179128,1.0369338553422514,2.446215379161319,3.963791804242106,4.95197868366625,2.127258644298074,3.963791804242106,4.95197868366625,2.127258644298074,8.915770487908356,6.09105044854018,7.079237327964324,11.04302913220643
61,3050,Wormhole Attack,0.84,1.1335666409012644,0.3191024153651427,0.5344026626722602,1.1335666409012644,0.3191024153651427,0.5344026626722602,1.452669056266407,1.6679693035735246,0.8535050780374029,1.9870717189386673,2.724165462776637,3.3138699367526505,1.5012365180205929,2.724165462776637,3.3138699367526505,1.5012365180205929,6.038035399529288,4.22540198079723,4.815106454773243,7.539271917549881
62,3100,Blackhole Attack,0.76,1.3304137309152397,0.3492480398522244,0.4853303312964951,1.3304137309152397,0.3492480398522244,0.4853303312964951,1.6796617707674641,1.815744062211735,0.8345783711487196,2.1649921020639593,3.609198709585063,3.817949705604013,1.1417847472069014,3.609198709585063,3.817949705604013,1.1417847472069014,7.427148415189076,4.750983456791964,4.959734452810914,8.568933162395977
63,3150,Wormhole Attack,0.82,1.2065569472584825,0.3181619232121788,0.6124701639620863,1.2065569472584825,0.3181619232121788,0.6124701639620863,1.5247188704706613,1.819027111220569,0.930632087174265,2.1371890344327475,3.0523331172554724,3.2981435062958613,2.0730761024648445,3.0523331172554724,3.2981435062958613,2.0730761024648445,6.350476623551334,5.125409219720317,5.371219608760706,8.423552726016178
64,3200,Blackhole Attack,0.78,1.2528610749669364,0.40641115645461656,0.8470531022208468,1.2528610749669364,0.40641115645461656,0.8470531022208468,1.6592722314215531,2.099914177187783,1.2534642586754634,2.5063253336424,3.260518529005961,4.773802208049444,3.791381514003398,3.260518529005961,4.773802208049444,3.791381514003398,8.034320737055406,7.0519000430093595,8.565183722052842,11.825702251058804
65,3250,Normal Traffic,0.74,1.3824507591753326,0.31490013329743544,0.6721286687667504,1.3824507591753326,0.31490013329743544,0.6721286687667504,1.697350892472768,2.054579427942083,0.9870288020641858,2.3694795612395185,3.8431594964680293,3.2436015177240165,2.5100709342759973,3.8431594964680293,3.2436015177240165,2.5100709342759973,7.086761014192046,6.353230430744027,5.753672452000014,9.596831948468044
66,3300,Blackhole Attack,0.74,1.2083359719171054,0.35853818243000063,0.7739452973930352,1.2083359719171054,0.35853818243000063,0.7739452973930352,1.566874154347106,1.9822812693101406,1.1324834798230359,2.340819451740141,3.0603316910198166,3.9732947350363417,3.2558713972242987,3.0603316910198166,3.9732947350363417,3.2558713972242987,7.033626426056158,6.316203088244116,7.229166132260641,10.289497823280456
67,3350,Wormhole Attack,0.88,1.4062117936412455,0.3672149217193515,0.40816612805678254,1.4062117936412455,0.3672149217193515,0.40816612805678254,1.773426715360597,1.814377921698028,0.775381049776134,2.1815928434173797,3.949990161221066,4.118382747302726,0.5765617647170092,3.949990161221066,4.118382747302726,0.5765617647170092,8.068372908523791,4.526551925938075,4.694944512019735,8.644934673240801
68,3400,Blackhole Attack,0.76,1.3209329970179762,0.37816257146431537,0.6438863334573992,1.3209329970179762,0.37816257146431537,0.6438863334573992,1.6990955684822915,1.9648193304753754,1.0220489049217145,2.342981901939691,3.5665729095154446,4.301443766830515,2.3031975872339636,3.5665729095154446,4.301443766830515,2.3031975872339636,7.86801667634596,5.869770496749409,6.604641354064479,10.171214263579923
69,3450,Wormhole Attack,0.78,1.3507856039344217,0.34269473404922257,0.6855005865041026,1.3507856039344217,0.34269473404922257,0.6855005865041026,1.6934803379836443,2.036286190438524,1.0281953205533252,2.378980924487747,3.7007915541653693,3.7083686658811486,2.6080193988203177,3.7007915541653693,3.7083686658811486,2.6080193988203177,7.409160220046518,6.308810952985687,6.316388064701466,10.017179618866836
70,3500,Sybil Attack,0.76,1.0930051538556182,0.3501084667534373,0.661645529524113,1.0930051538556182,0.3501084667534373,0.661645529524113,1.4431136206090556,1.7546506833797313,1.0117539962775504,2.1047591501331686,2.5417992181304125,3.832337325726554,2.4332825922753267,2.5417992181304125,3.832337325726554,2.4332825922753267,6.374136543856967,4.975081810405739,6.265619918001881,8.807419136132292
71,3550,Sybil Attack,0.8,1.1528850136898185,0.4189246027176342,0.5117037752927769,1.1528850136898185,0.4189246027176342,0.5117037752927769,1.5718096164074526,1.6645887889825954,0.9306283780104111,2.0835133917002295,2.811021723597642,4.9830456789385265,1.3349685817862587,2.811021723597642,4.9830456789385265,1.3349685817862587,7.794067402536168,4.145990305383901,6.318014260724786,9.129035984322426
72,3600,Blackhole Attack,0.82,1.29929142780145,0.3315216592660035,0.6828151985611286,1.29929142780145,0.3315216592660035,0.6828151985611286,1.6308130870674535,1.9821066263625786,1.0143368578271321,2.313628285628582,3.469271454521258,3.5215382037523053,2.5883490993998084,3.469271454521258,3.5215382037523053,2.5883490993998084,6.990809658273563,6.057620553921066,6.109887303152114,9.579158757673373
73,3650,Blackhole Attack,0.88,1.2314682192082609,0.3289368757746174,0.9385606242844533,1.2314682192082609,0.3289368757746174,0.9385606242844533,1.5604050949828783,2.170028843492714,1.2674975000590707,2.4989657192673316,3.1643353007486335,3.478316771553178,4.461668413491948,3.1643353007486335,3.478316771553178,4.461668413491948,6.642652072301812,7.626003714240581,7.939985185045126,11.10432048579376
74,3700,Wormhole Attack,0.76,1.2691114903798746,0.32513392144939185,0.7550739632627521,1.2691114903798746,0.32513392144939185,0.7550739632627521,1.5942454118292664,2.0241854536426267,1.080207884712144,2.3493193750920183,3.3335811174032663,3.414725707515561,3.117640050137799,3.3335811174032663,3.414725707515561,3.117640050137799,6.748306824918828,6.451221167541066,6.53236575765336,9.865946875056627
75,3750,Sybil Attack,0.8,1.3804731803374066,0.3592244376909055,0.6184790366188433,1.3804731803374066,0.3592244376909055,0.6184790366188433,1.7396976180283121,1.99895221695625,0.9777034743097488,2.3581766546471554,3.8342682143077242,3.9847699457568297,2.1170907204076137,3.8342682143077242,3.9847699457568297,2.1170907204076137,7.819038160064554,5.951358934715338,6.101860666164443,9.936128880472168
76,3800,Blackhole Attack,0.8,1.3601355038584417,0.34406925758309537,0.7538981674019439,1.3601355038584417,0.34406925758309537,0.7538981674019439,1.7042047614415372,2.1140336712603855,1.0979674249850393,2.458102928843481,3.7428291188888396,3.731352747883904,3.1090274186928695,3.7428291188888396,3.731352747883904,3.1090274186928695,7.474181866772744,6.851856537581709,6.840380166576773,10.583209285465614
77,3850,Sybil Attack,0.84,1.1560348794629765,0.38130518554021336,0.469430468435725,1.1560348794629765,0.38130518554021336,0.469430468435725,1.5373400650031899,1.6254653478987016,0.8507356539759383,2.0067705334389148,2.8251836598093014,4.353992957763566,1.0253192420888546,2.8251836598093014,4.353992957763566,1.0253192420888546,7.1791766175728675,3.850502901898156,5.3793121998524205,8.204495859661723
78,3900,Wormhole Attack,0.82,1.4570168381829716,0.35477138678527903,0.6569021086461383,1.4570168381829716,0.35477138678527903,0.6569021086461383,1.8117882249682506,2.1139189468291097,1.0116734954314173,2.468690333614389,4.17841189466817,3.910308298025715,2.3985373297923482,4.17841189466817,3.910308298025715,2.3985373297923482,8.088720192693884,6.5769492244605186,6.308845627818063,10.487257522486232
79,3950,Normal Traffic,0.68,1.1899752482528352,0.3364433884007412,0.6057702896515894,1.1899752482528352,0.3364433884007412,0.6057702896515894,1.5264186366535764,1.7957455379044247,0.9422136780523306,2.1321889263051657,2.9777810631330257,3.603836849967139,2.023999940448083,2.9777810631330257,3.603836849967139,2.023999940448083,6.581617913100165,5.001781003581108,5.627836790415222,8.605617853548248
80,4000,Sybil Attack,0.8,1.290310908876572,0.3659882581118016,0.6453638154413439,1.290310908876572,0.3659882581118016,0.6453638154413439,1.6562991669883735,1.935674724317916,1.0113520735531454,2.3016629824297175,3.42889464315186,4.09787110363062,2.31402005074008,3.42889464315186,4.09787110363062,2.31402005074008,7.5267657467824804,5.74291469389194,6.4118911543707,9.84078579752256
81,4050,Normal Traffic,0.74,1.396290799548755,0.3366930946218534,0.5886845155034909,1.396290799548755,0.3366930946218534,0.5886845155034909,1.7329838941706084,1.984975315052246,0.9253776101253443,2.3216684096740994,3.905384931788308,3.6080123101329393,1.8988477090158942,3.905384931788308,3.6080123101329393,1.8988477090158942,7.513397241921247,5.804232640804202,5.506860019148833,9.412244950937142
82,4100,Blackhole Attack,0.76,1.3077475471052644,0.36280912526178893,0.5696981655526118,1.3077475471052644,0.36280912526178893,0.5696981655526118,1.6705566723670533,1.877445712657876,0.9325072908144008,2.240254837919665,3.5072905419373988,4.044711264368743,1.7597738782073913,3.5072905419373988,4.044711264368743,1.7597738782073913,7.5520018063061425,5.26706442014479,5.804485142576135,9.311775684513535
83,4150,Normal Traffic,0.72,1.4786542705913843,0.41467543319277306,0.5227014500400282,1.4786542705913843,0.41467543319277306,0.5227014500400282,1.8933297037841574,2.0013557206314125,0.9373768832328013,2.4160311538241857,4.275694750389613,4.91199323174772,1.4155258643099253,4.275694750389613,4.91199323174772,1.4155258643099253,9.187687982137334,5.691220614699539,6.327519096057646,10.60321384644726
84,4200,Sybil Attack,0.76,1.1849080257294498,0.30372735048946536,0.4679427319015037,1.1849080257294498,0.30372735048946536,0.4679427319015037,1.488635376218915,1.6528507576309535,0.771670082390969,1.9565781081204188,2.9549986059381834,3.0567759378564805,1.0144216646406763,2.9549986059381834,3.0567759378564805,1.0144216646406763,6.0117745437946635,3.9694202705788597,4.071197602497157,7.02619620843534
85,4250,Wormhole Attack,0.84,1.2209285036158237,0.3582090199880666,0.837470053748586,1.2209285036158237,0.3582090199880666,0.837470053748586,1.5791375236038903,2.0583985573644097,1.1956790737366525,2.416607577352476,3.1169482720120145,3.967790648441096,3.7211862808327814,3.1169482720120145,3.967790648441096,3.7211862808327814,7.084738920453111,6.838134552844796,7.688976929273878,10.805925201285891
86,4300,Normal Traffic,0.74,1.2164529081549325,0.40116908087328396,0.5705034918469704,1.2164529081549325,0.40116908087328396,0.5705034918469704,1.6176219890282164,1.7869564000019027,0.9716725727202543,2.1881254808751867,3.0968257963286177,4.686146891820322,1.7656728431531037,3.0968257963286177,4.686146891820322,1.7656728431531037,7.78297268814894,4.862498639481721,6.4518197349734265,9.548645531302043
87,4350,Flooding Attack,0.78,1.2993118584556023,0.3302970914955079,0.4922353625597859,1.2993118584556023,0.3302970914955079,0.4922353625597859,1.6296089499511102,1.7915472210153882,0.8225324540552938,2.121844312510896,3.4693633116484195,3.5010616055992703,1.1923636711244952,3.4693633116484195,3.5010616055992703,1.1923636711244952,6.97042491724769,4.661726982772914,4.693425276723765,8.162788588372186
88,4400,Flooding Attack,0.78,1.2374073368565166,0.3702385613745537,0.648397791620193,1.2374073368565166,0.3702385613745537,0.648397791620193,1.6076458982310702,1.8858051284767097,1.0186363529947466,2.2560436898512632,3.1910378370931625,4.168942508608626,2.3362437372762455,3.1910378370931625,4.168942508608626,2.3362437372762455,7.359980345701788,5.5272815743694075,6.505186245884872,9.696224082978034
89,4450,Blackhole Attack,0.86,1.3455785194036498,0.37580109701425524,0.6323543099382479,1.3455785194036498,0.37580109701425524,0.6323543099382479,1.721379616417905,1.9779328293418978,1.0081554069525032,2.3537339263561528,3.677380271182482,4.261956394610218,2.218726233238518,3.677380271182482,4.261956394610218,2.218726233238518,7.9393366657927,5.896106504421001,6.480682627848736,10.158062899031219
90,4500,Blackhole Attack,0.82,1.1797374776363938,0.32686747592378207,0.38110342912120304,1.1797374776363938,0.32686747592378207,0.38110342912120304,1.506604953560176,1.5608409067575968,0.7079709050449852,1.887708382681379,2.931751592399647,3.44371332192429,0.37832918063815285,2.931751592399647,3.44371332192429,0.37832918063815285,6.375464914323937,3.3100807730377997,3.822042502562443,6.75379409496209
91,4550,Blackhole Attack,0.82,1.2818450796242684,0.34671159357403414,0.7755974180071646,1.2818450796242684,0.34671159357403414,0.7755974180071646,1.6285566731983026,2.057442497631433,1.1223090115811987,2.4041540912054673,3.3908318993766784,3.7755365436487196,3.2679730778189957,3.3908318993766784,3.7755365436487196,3.2679730778189957,7.166368443025398,6.658804977195674,7.043509621467715,10.434341520844393
92,4600,Sybil Attack,0.86,1.1977592637560912,0.38581220858053944,0.4331481378410904,1.1977592637560912,0.38581220858053944,0.4331481378410904,1.5835714723366308,1.6309074015971816,0.8189603464216298,2.016719610177721,3.012778342054267,4.429357100024043,0.7595534303603744,3.012778342054267,4.429357100024043,0.7595534303603744,7.44213544207831,3.7723317724146415,5.188910530384417,8.201688872438684
93,4650,Sybil Attack,0.8,1.290859517854252,0.3561140554791141,0.4101101398728736,1.290859517854252,0.3561140554791141,0.4101101398728736,1.6469735733333661,1.7009696577271254,0.7662241953519877,2.05708371320624,3.4313612134461415,3.932759719628289,0.5908015301853717,3.4313612134461415,3.932759719628289,0.5908015301853717,7.36412093307443,4.0221627436315135,4.52356124981366,7.954922463259802
94,4700,Blackhole Attack,0.86,1.0520394824134394,0.3022587187594194,0.6795264710596992,1.0520394824134394,0.3022587187594194,0.6795264710596992,1.3542982011728588,1.7315659534731385,0.9817851898191186,2.033824672232558,2.3576157425119275,3.0322182265598845,2.5642593752931546,2.3576157425119275,3.0322182265598845,2.5642593752931546,5.3898339690718124,4.921875117805082,5.596477601853039,7.954093344364967
95,4750,Wormhole Attack,0.8,1.3451184894652666,0.39598675466717376,0.5550044861292646,1.3451184894652666,0.39598675466717376,0.5550044861292646,1.7411052441324404,1.900122975594531,0.9509912407964383,2.296109730261705,3.6753119561773304,4.599490674192194,1.6521435916402596,3.6753119561773304,4.599490674192194,1.6521435916402596,8.274802630369525,5.32745554781759,6.251634265832454,9.926946222009784
96,4800,Wormhole Attack,0.76,1.3098469247212605,0.36177909729428803,0.6697700858902736,1.3098469247212605,0.36177909729428803,0.6697700858902736,1.6716260220155486,1.979617010611534,1.0315491831845618,2.341396107905822,3.5167294368056443,4.027487661653503,2.4927944616122364,3.5167294368056443,4.027487661653503,2.4927944616122364,7.544217098459148,6.00952389841788,6.52028212326574,10.037011560071385
97,4850,Blackhole Attack,0.8,1.2050384080063392,0.3516754256012724,0.6320644459910112,1.2050384080063392,0.3516754256012724,0.6320644459910112,1.5567138336076116,1.8371028539973504,0.9837398715922836,2.1887782795986226,3.045505697431105,3.8585392129740645,2.2166029978794426,3.045505697431105,3.8585392129740645,2.2166029978794426,6.90404491040517,5.262108695310548,6.075142210853507,9.120647908284612
98,4900,Normal Traffic,0.74,1.2501496438065391,0.37999662426316755,0.5892848881103597,1.2501496438065391,0.37999662426316755,0.5892848881103597,1.6301462680697067,1.8394345319168988,0.9692815123735272,2.2194311561800664,3.2483278142577086,4.332111863001579,1.903245400966467,3.2483278142577086,4.332111863001579,1.903245400966467,7.580439677259287,5.151573215224175,6.235357263968046,9.483685078225754
99,4950,Wormhole Attack,0.76,1.153383357655746,0.33879144703749725,0.3942954641230866,1.153383357655746,0.33879144703749725,0.3942954641230866,1.4921748046932433,1.5476788217788324,0.7330869111605838,1.8864702688163297,2.8132623001698476,3.6430998897947817,0.4749600153493212,2.8132623001698476,3.6430998897947817,0.4749600153493212,6.456362189964629,3.2882223155191688,4.1180599051441025,6.9313222053139505
100,5000,Wormhole Attack,0.78,1.1735145335631356,0.35707014711541263,0.6510380252283988,1.1735145335631356,0.35707014711541263,0.6510380252283988,1.5305846806785484,1.8245525587915346,1.0081081723438114,2.181622705906947,2.9037729598606954,3.9487469966950686,2.355583284007056,2.9037729598606954,3.9487469966950686,2.355583284007056,6.8525199565557635,5.259356243867751,6.304330280702125,9.208103240562819
101,5050,Normal Traffic,0.7,1.3148492818070043,0.31463761305167326,0.5907590703520416,1.3148492818070043,0.31463761305167326,0.5907590703520416,1.6294868948586776,1.905608352159046,0.9053966834037148,2.220245965210719,3.539220256116088,3.239211787968731,1.9140436940660348,3.539220256116088,3.239211787968731,1.9140436940660348,6.77843204408482,5.453263950182123,5.153255482034766,8.692475738150854
102,5100,Normal Traffic,0.7,1.218067664352566,0.35030001050699183,0.5799219964035207,1.218067664352566,0.35030001050699183,0.5799219964035207,1.5683676748595579,1.7979896607560868,0.9302220069105125,2.1482896712630786,3.1040858118071,3.8355402227525572,1.8346628023899052,3.1040858118071,3.8355402227525572,1.8346628023899052,6.939626034559657,4.938748614197006,5.670203025142462,8.774288836949562
103,5150,Blackhole Attack,0.84,1.2048785511487186,0.3261435821007091,0.5939900854082056,1.2048785511487186,0.3261435821007091,0.5939900854082056,1.5310221332494276,1.7988686365569242,0.9201336675089147,2.1250122186576332,3.044786973909642,3.4316087383498504,1.9377106781057913,3.044786973909642,3.4316087383498504,1.9377106781057913,6.476395712259492,4.982497652015433,5.3693194164556415,8.414106390365284
104,5200,Wormhole Attack,0.9,1.452430200987405,0.32928257100060576,0.7220729746059195,1.452430200987405,0.32928257100060576,0.7220729746059195,1.7817127719880108,2.1745031755933244,1.0513555456065253,2.5037857465939304,4.157790170421008,3.4840973109373903,2.875909863722418,4.157790170421008,3.4840973109373903,2.875909863722418,7.641887481358399,7.033700034143426,6.360007174659808,10.517797345080817
105,5250,Wormhole Attack,0.82,1.3923560882135824,0.31284606373878365,0.5301795077656747,1.3923560882135824,0.31284606373878365,0.5301795077656747,1.7052021519523661,1.922535595979257,0.8430255715044583,2.235381659718041,3.8876942951221807,3.209254413427885,1.470302171372812,3.8876942951221807,3.209254413427885,1.470302171372812,7.096948708550066,5.357996466494993,4.679556584800697,8.567250879922877
106,5300,Sybil Attack,0.8,1.3297115717833057,0.35778877349485844,0.6009355198798987,1.3297115717833057,0.35778877349485844,0.6009355198798987,1.687500345278164,1.9306470916632044,0.9587242933747571,2.2884358651580627,3.6060417709873542,3.960763500761746,1.9885855530083818,3.6060417709873542,3.960763500761746,1.9885855530083818,7.5668052717491,5.594627323995736,5.949349053770128,9.555390824757481
107,5350,Blackhole Attack,0.8,1.2233017394261367,0.42726454887847376,0.6816819485041716,1.2233017394261367,0.42726454887847376,0.6816819485041716,1.6505662883046104,1.9049836879303084,1.1089464973826453,2.3322482368087822,3.1276184454674323,5.122502008157726,2.580048113318086,3.1276184454674323,5.122502008157726,2.580048113318086,8.250120453625158,5.707666558785519,7.702550121475812,10.830168566943243
108,5400,Normal Traffic,0.76,1.412601260197667,0.3694479532402839,0.6836965944920419,1.412601260197667,0.3694479532402839,0.6836965944920419,1.7820492134379509,2.096297854689709,1.0531445477323258,2.4657458079299928,3.9787174862295385,4.155722362323532,2.594805269695219,3.9787174862295385,4.155722362323532,2.594805269695219,8.13443984855307,6.573522755924758,6.750527632018751,10.72924511824829
109,5450,Blackhole Attack,0.88,1.202707342459873,0.32280247126496414,0.7623554124796393,1.202707342459873,0.32280247126496414,0.7623554124796393,1.5255098137248373,1.9650627549395123,1.0851578837446034,2.2878652262044765,3.035025123352181,3.3757403857631982,3.17097621211996,3.035025123352181,3.3757403857631982,3.17097621211996,6.410765509115379,6.206001335472141,6.546716597883158,9.581741721235339
110,5500,Blackhole Attack,0.76,1.2703309738912518,0.3309844716706448,0.5456883013942992,1.2703309738912518,0.3309844716706448,0.5456883013942992,1.6013154455618968,1.816019275285551,0.8766727730649441,2.1470037469561962,3.3390639693541226,3.51255562656223,1.5839031187234873,3.3390639693541226,3.51255562656223,1.5839031187234873,6.851619595916352,4.92296708807761,5.096458745285718,8.43552271463984
111,5550,Wormhole Attack,0.84,1.3194363034643075,0.3439156789726173,0.5351290420159356,1.3194363034643075,0.3439156789726173,0.5351290420159356,1.6633519824369247,1.854565345480243,0.8790447209885529,2.1984810244528603,3.559843708920269,3.7287846846313593,1.5065572014698319,3.559843708920269,3.7287846846313593,1.5065572014698319,7.288628393551628,5.066400910390101,5.235341886101191,8.79518559502146
112,5600,Blackhole Attack,0.76,1.3209555516608151,0.31629924031608025,0.6880699910616406,1.3209555516608151,0.31629924031608025,0.6880699910616406,1.6372547919768954,2.0090255427224557,1.0043692313777208,2.325324783038536,3.56667431618994,3.266996672230072,2.626840127166636,3.56667431618994,3.266996672230072,2.626840127166636,6.833670988420012,6.193514443356576,5.893836799396707,9.460511115586648
113,5650,Blackhole Attack,0.76,1.240335040424747,0.3747510885545589,0.6396740663053745,1.240335040424747,0.3747510885545589,0.6396740663053745,1.615086128979306,1.8800091067301214,1.0144251548599335,2.2547601952846805,3.204200922178645,4.244398688287613,2.272342992710187,3.204200922178645,4.244398688287613,2.272342992710187,7.448599610466259,5.476543914888833,6.5167416809978,9.720942603176447
114,5700,Normal Traffic,0.7,1.3620211288509463,0.33041800150808487,0.5970577747623801,1.3620211288509463,0.33041800150808487,0.5970577747623801,1.6924391303590312,1.9590789036133263,0.927475776270465,2.2894969051214114,3.7513069724820065,3.503083401207377,1.9601813115513604,3.7513069724820065,3.503083401207377,1.9601813115513604,7.254390373689383,5.711488284033367,5.463264712758737,9.214571685240744
115,5750,Wormhole Attack,0.82,1.5109003921945041,0.2930875265914038,0.804605364292372,1.5109003921945041,0.2930875265914038,0.804605364292372,1.803987918785908,2.315505756486876,1.0976928908837758,2.60859328307828,4.420674743222437,2.8788622252560856,3.480454477572415,4.420674743222437,2.8788622252560856,3.480454477572415,7.299536968478523,7.901129220794852,6.359316702828501,10.779991446050937
116,5800,Normal Traffic,0.74,1.0252224051069947,0.38941918088993915,0.432867226050696,1.0252224051069947,0.38941918088993915,0.432867226050696,1.414641585996934,1.4580896311576907,0.8222864069406352,1.84750881204763,2.2370449736133358,4.489671052675932,0.757495768992576,2.2370449736133358,4.489671052675932,0.757495768992576,6.726716026289267,2.9945407426059116,5.2471668216685075,7.484211795281843
117,5850,Sybil Attack,0.82,1.2251988772720275,0.39989727689000093,0.7727755594075053,1.2251988772720275,0.39989727689000093,0.7727755594075053,1.6250961541620284,1.9979744366795327,1.1726728362975063,2.3978717135695335,3.136148061360015,4.664880433791156,3.2473031393384626,3.136148061360015,4.664880433791156,3.2473031393384626,7.80102849515117,6.383451200698477,7.912183573129619,11.048331634489633
118,5900,Wormhole Attack,0.84,1.3333204313091547,0.3587871052606901,0.7671628161674577,1.3333204313091547,0.3587871052606901,0.7671628161674577,1.6921075365698448,2.100483247476612,1.1259499214281479,2.4592703527373025,3.622267363467339,3.9774570957467503,3.206190144699817,3.622267363467339,3.9774570957467503,3.206190144699817,7.599724459214089,6.828457508167156,7.183647240446567,10.805914603913905
119,5950,Wormhole Attack,0.8,1.198360324801347,0.27376496881715856,0.6756169028491251,1.198360324801347,0.27376496881715856,0.6756169028491251,1.4721252936185056,1.8739772276504723,0.9493818716662836,2.1477421964676306,3.0154807391706027,2.5557602619634503,2.535622031661631,3.0154807391706027,2.5557602619634503,2.535622031661631,5.571241001134053,5.551102770832234,5.091382293625081,8.106863032795685
120,6000,Wormhole Attack,0.78,1.2321921277725443,0.3983435864594464,0.8143531732595424,1.2321921277725443,0.3983435864594464,0.8143531732595424,1.6305357142319907,2.0465453010320864,1.2126967597189888,2.4448888874915333,3.167590025758765,4.638900414255116,3.5518565711059904,3.167590025758765,4.638900414255116,3.5518565711059904,7.8064904400138815,6.719446596864755,8.190756985361107,11.358347011119871
121,6050,Blackhole Attack,0.78,1.2546334305952824,0.32752227461592404,0.781778795513849,1.2546334305952824,0.32752227461592404,0.781778795513849,1.5821557052112065,2.0364122261091313,1.109301070129773,2.3639345007250556,3.268487118514411,3.4546625319338733,3.313251283042865,3.268487118514411,3.4546625319338733,3.313251283042865,6.723149650448285,6.581738401557276,6.767913814976739,10.03640093349115
122,6100,Normal Traffic,0.72,1.1603684877318539,0.3792302760651253,0.5762732934060499,1.1603684877318539,0.3792302760651253,0.5762732934060499,1.5395987637969792,1.7366417811379038,0.9555035694711753,2.1158720572030294,2.844667754780317,4.319297379005922,1.8079362801961418,2.844667754780317,4.319297379005922,1.8079362801961418,7.16396513378624,4.652604034976459,6.127233659202064,8.971901413982382
123,6150,Normal Traffic,0.74,1.3249060844196003,0.32608161258907403,0.5908279592734954,1.3249060844196003,0.32608161258907403,0.5908279592734954,1.6509876970086743,1.9157340436930959,0.9169095718625695,2.24181565628217,3.5844360866783047,3.4305725157592644,1.9145483011248765,3.5844360866783047,3.4305725157592644,1.9145483011248765,7.015008602437569,5.498984387803182,5.34512081688414,8.929556903562446
124,6200,Wormhole Attack,0.72,1.095994900240127,0.3443160776509369,0.7618719582471759,1.095994900240127,0.3443160776509369,0.7618719582471759,1.4403109778910639,1.857866858487303,1.1061880358981129,2.20218293613824,2.5552412504694613,3.73547994726565,3.167434939979542,2.5552412504694613,3.73547994726565,3.167434939979542,6.290721197735111,5.722676190449003,6.902914887245192,9.458156137714653
125,6250,Blackhole Attack,0.78,1.2286035325460865,0.3237268743146386,0.6804701973658349,1.2286035325460865,0.3237268743146386,0.6804701973658349,1.552330406860725,1.9090737299119214,1.0041970716804736,2.23280060422656,3.1514555424675583,3.3911977824346478,2.5711721117047666,3.1514555424675583,3.3911977824346478,2.5711721117047666,6.542653324902206,5.722627654172324,5.962369894139414,9.113825436606973
126,6300,Wormhole Attack,0.76,1.4370091336070496,0.31591316978621903,0.6405193793705748,1.4370091336070496,0.31591316978621903,0.6405193793705748,1.7529223033932686,2.0775285129776244,0.9564325491567938,2.3934416827638434,4.088456367559516,3.260540997591911,2.2785348582617035,4.088456367559516,3.260540997591911,2.2785348582617035,7.348997365151427,6.36699122582122,5.539075855853614,9.62753222341313
127,6350,Sybil Attack,0.82,1.0936525485960393,0.3638009406571172,0.470773822640404,1.0936525485960393,0.3638009406571172,0.470773822640404,1.4574534892531565,1.5644263712364435,0.8345747632975212,1.9282273118935604,2.5447099335950956,4.061295895927282,1.0351592279661175,2.5447099335950956,4.061295895927282,1.0351592279661175,6.606005829522378,3.579869161561213,5.096455123893399,7.641165057488495
128,6400,Blackhole Attack,0.78,1.4621157250100676,0.38719355523844873,0.7461323158748292,1.4621157250100676,0.38719355523844873,0.7461323158748292,1.8493092802485163,2.2082480408848966,1.1333258711132779,2.5954415961233455,4.201336715976797,4.452455274829507,3.052143039959721,4.201336715976797,4.452455274829507,3.052143039959721,8.653791990806305,7.253479755936518,7.504598314789228,11.705935030766025
129,6450,Blackhole Attack,0.84,1.3078811940879789,0.31347585868670086,0.6304590707138742,1.3078811940879789,0.31347585868670086,0.6304590707138742,1.6213570527746797,1.938340264801853,0.943934929400575,2.251816123488554,3.507891424698884,3.2197855235697865,2.2048437239666407,3.507891424698884,3.2197855235697865,2.2048437239666407,6.7276769482686705,5.712735148665525,5.424629247536427,8.932520672235311
130,6500,Flooding Attack,0.86,1.1236134208611275,0.3250214534768142,0.7467049269966138,1.1236134208611275,0.3250214534768142,0.7467049269966138,1.4486348743379418,1.8703183478577414,1.071726380473428,2.1953398013345558,2.679415344054051,3.4128450753978083,3.0563373807612004,2.679415344054051,3.4128450753978083,3.0563373807612004,6.0922604194518595,5.735752724815251,6.469182456159009,9.14859780021306
131,6550,Sybil Attack,0.82,1.3782014353019152,0.37152022544797236,0.4772281232259517,1.3782014353019152,0.37152022544797236,0.4772281232259517,1.7497216607498876,1.8554295585278668,0.848748348673924,2.226949783975839,3.8240543478769875,4.190373842039812,1.082436577743404,3.8240543478769875,4.190373842039812,1.082436577743404,8.0144281899168,4.906490925620392,5.272810419783216,9.096864767660204
132,6600,Wormhole Attack,0.78,1.173998580969617,0.3026974386237233,0.5406458036727344,1.173998580969617,0.3026974386237233,0.5406458036727344,1.4766960195933403,1.7146443846423514,0.8433432422964577,2.017341823266075,2.9059492584675835,3.03955427653568,1.5469671369894786,2.9059492584675835,3.03955427653568,1.5469671369894786,5.9455035350032635,4.452916395457062,4.586521413525158,7.492470671992742
133,6650,Wormhole Attack,0.74,1.22960766540204,0.2988951324950769,0.597031931688997,1.22960766540204,0.2988951324950769,0.597031931688997,1.5285027978971168,1.8266395970910372,0.895927064184074,2.125534729586114,3.155970168320897,2.9759740513109034,1.9599920126484884,3.155970168320897,2.9759740513109034,1.9599920126484884,6.131944219631801,5.115962180969386,4.935966063959392,8.09193623228029
134,6700,Normal Traffic,0.64,1.195342635347637,0.34664429594199936,0.48179516800642364,1.195342635347637,0.34664429594199936,0.48179516800642364,1.5419869312896364,1.6771378033540607,0.8284394639484229,2.02378209929606,3.0019130735531587,3.774411226944305,1.1158898962979165,3.0019130735531587,3.774411226944305,1.1158898962979165,6.776324300497464,4.117802969851075,4.890301123242221,7.892214196795381
135,6750,Wormhole Attack,0.88,1.1173975464282537,0.374257561021919,0.7075102086280163,1.1173975464282537,0.374257561021919,0.7075102086280163,1.4916551074501727,1.82490775505627,1.0817677696499353,2.199165316078189,2.651468496931804,4.23614617241482,2.7692385099891035,2.651468496931804,4.23614617241482,2.7692385099891035,6.887614669346624,5.420707006920908,7.005384682403923,9.656853179335727
136,6800,Sybil Attack,0.84,1.275471124515922,0.3584994953425019,0.5378522705634134,1.275471124515922,0.3584994953425019,0.5378522705634134,1.6339706198584238,1.8133233950793355,0.8963517659059154,2.1718228904218373,3.362174314526679,3.972647829276196,1.526504680961396,3.362174314526679,3.972647829276196,1.526504680961396,7.3348221438028745,4.888678995488075,5.499152510237592,8.861326824764271
137,6850,Blackhole Attack,0.84,1.3297392990283463,0.3981708920243667,0.44461324057337964,1.3297392990283463,0.3981708920243667,0.44461324057337964,1.727910191052713,1.774352539601726,0.8427841325977463,2.1725234316260926,3.6061664339107513,4.636012705926028,0.8435345937602762,3.6061664339107513,4.636012705926028,0.8435345937602762,8.242179139836779,4.449701027671027,5.479547299686304,9.085713733597055
138,6900,Blackhole Attack,0.84,1.2996233144219156,0.3768416630452368,0.4660791471765828,1.2996233144219156,0.3768416630452368,0.4660791471765828,1.6764649774671523,1.7657024615984984,0.8429208102218195,2.142544124643735,3.470763631485937,4.279356209452221,1.0007710226056619,3.470763631485937,4.279356209452221,1.0007710226056619,7.750119840938158,4.471534654091599,5.2801272320578825,8.75089086354382
139,6950,Normal Traffic,0.72,1.1504660962881754,0.3617173467151689,0.506117532506472,1.1504660962881754,0.3617173467151689,0.506117532506472,1.5121834430033443,1.6565836287946474,0.8678348792216408,2.018300975509816,2.80014616368164,4.02645509994087,1.2940497013206733,2.80014616368164,4.02645509994087,1.2940497013206733,6.826601263622511,4.094195865002313,5.320504801261544,8.120650964943184
140,7000,Blackhole Attack,0.78,1.314288887352092,0.3458437136283983,0.6714792335454288,1.314288887352092,0.3458437136283983,0.6714792335454288,1.6601326009804902,1.9857681208975206,1.017322947173827,2.331611834525919,3.5367006977934867,3.761024297515808,2.505313861730467,3.5367006977934867,3.761024297515808,2.505313861730467,7.297724995309295,6.042014559523954,6.266338159246275,9.803038857039763
141,7050,Sybil Attack,0.74,1.4280667258004334,0.3482188606115632,0.5528815356571772,1.4280667258004334,0.3482188606115632,0.5528815356571772,1.7762855864119966,1.9809482614576106,0.9011003962687405,2.329167122069174,4.048250905468038,3.80074029486643,1.6365931116620773,4.048250905468038,3.80074029486643,1.6365931116620773,7.848991200334468,5.684844017130115,5.4373334065285075,9.485584311996545
142,7100,Normal Traffic,0.64,1.257755448024182,0.3208739618369818,0.5756630724058794,1.257755448024182,0.3208739618369818,0.5756630724058794,1.5786294098611637,1.8334185204300613,0.8965370342428612,2.154292482267043,3.282523847335219,3.3434928339799668,1.8034664493780506,3.282523847335219,3.3434928339799668,1.8034664493780506,6.6260166813151855,5.08599029671327,5.146959283358017,8.429483130693235
143,7150,Wormhole Attack,0.88,1.2048352379548242,0.30274861179167234,0.7072290572250913,1.2048352379548242,0.30274861179167234,0.7072290572250913,1.5075838497464966,1.9120642951799156,1.0099776690167637,2.214812906971588,3.0445922358689668,3.0404099681695427,2.7671790934744434,3.0445922358689668,3.0404099681695427,2.7671790934744434,6.08500220403851,5.81177132934341,5.807589061643986,8.852181297512953
144,7200,Normal Traffic,0.7,1.0979290217395028,0.358871937148925,0.486133385086111,1.0979290217395028,0.358871937148925,0.486133385086111,1.4568009588884279,1.5840624068256137,0.845005322235036,1.9429343439745388,2.563937146508326,3.9788756113469503,1.1476670661969184,2.563937146508326,3.9788756113469503,1.1476670661969184,6.542812757855277,3.7116042127052444,5.126542677543869,7.690479824052195
145,7250,Blackhole Attack,0.94,1.2543575915215943,0.3457696044089539,0.793451980045137,1.2543575915215943,0.3457696044089539,0.793451980045137,1.6001271959305483,2.0478095715667313,1.139221584454091,2.3935791759756855,3.2672469338057346,3.7597850809182787,3.3987566326598726,3.2672469338057346,3.7597850809182787,3.3987566326598726,7.027032014724013,6.666003566465607,7.158541713578151,10.425788647383886
146,7300,Wormhole Attack,0.72,1.2166084331622922,0.33114281255740335,0.7841960255976236,1.2166084331622922,0.33114281255740335,0.7841960255976236,1.5477512457196956,2.000804458759916,1.1153388381550269,2.3319472713173193,3.0975250436591915,3.5152033221716263,3.330957342847189,3.0975250436591915,3.5152033221716263,3.330957342847189,6.612728365830818,6.4284823865063805,6.846160665018815,9.943685708678007
147,7350,Blackhole Attack,0.74,1.4095923105615764,0.298397686761472,0.8248347556425661,1.4095923105615764,0.298397686761472,0.8248347556425661,1.7079899973230483,2.2344270662041428,1.123232442404038,2.5328247529656145,3.9651891152197196,2.9676560172784985,3.628633509206962,3.9651891152197196,2.9676560172784985,3.628633509206962,6.932845132498218,7.593822624426682,6.59628952648546,10.56147864170518
148,7400,Wormhole Attack,0.84,1.096310208456766,0.37927657314475277,0.7276467737202189,1.096310208456766,0.37927657314475277,0.7276467737202189,1.4755867816015187,1.823956982176985,1.1069233468649717,2.2032335553217375,2.5566588901952887,4.320071535175987,2.9167375950656282,2.5566588901952887,4.320071535175987,2.9167375950656282,6.876730425371275,5.473396485260917,7.236809130241615,9.793468020436904
149,7450,Normal Traffic,0.66,1.5950379973419857,0.3579475833594259,0.37383026471963604,1.5950379973419857,0.3579475833594259,0.37383026471963604,1.9529855807014116,1.9688682620616218,0.731777848079062,2.3268158454210477,4.798961147441439,3.9634190383790466,0.32505370441218556,4.798961147441439,3.9634190383790466,0.32505370441218556,8.762380185820486,5.124014851853625,4.288472742791233,9.087433890232672
150,7500,Blackhole Attack,0.88,1.1962926413745596,0.3469096258162568,0.7237972871147024,1.1962926413745596,0.3469096258162568,0.7237972871147024,1.5432022671908163,1.9200899284892619,1.0707069129309592,2.2669995543055186,3.0061843427826664,3.7788479378753506,2.8885403454489156,3.0061843427826664,3.7788479378753506,2.8885403454489156,6.785032280658017,5.894724688231582,6.667388283324266,9.673572626106932
151,7550,Blackhole Attack,0.76,1.3691804716185725,0.36645850509175515,0.6214320967082098,1.3691804716185725,0.36645850509175515,0.6214320967082098,1.7356389767103275,1.9906125683267821,0.9878906017999649,2.3570710734185374,3.7834956950798198,4.1057343339664065,2.13872170162825,3.7834956950798198,4.1057343339664065,2.13872170162825,7.889230029046226,5.92221739670807,6.244456035594657,10.027951730674477
152,7600,Wormhole Attack,0.78,1.3119457668834222,0.2774805715673526,0.8183015402775704,1.3119457668834222,0.2774805715673526,0.8183015402775704,1.589426338450775,2.1302473071609924,1.095782111844923,2.4077278787283456,3.526165924249703,2.617890677482423,3.5807781135854957,3.526165924249703,2.617890677482423,3.5807781135854957,6.144056601732126,7.1069440378351985,6.198668791067918,9.724834715317622
153,7650,Blackhole Attack,0.86,1.2245744799345413,0.35735115116894606,0.6107154869294855,1.2245744799345413,0.35735115116894606,0.6107154869294855,1.5819256311034873,1.8352899668640268,0.9680666380984315,2.192641118032973,3.1333407432388545,3.9534458032635684,2.0602232024926628,3.1333407432388545,3.9534458032635684,2.0602232024926628,7.086786546502423,5.193563945731517,6.013669005756231,9.147009748995085
154,7700,Sybil Attack,0.78,1.1601276640128364,0.33863845380153684,0.555557312049689,1.1601276640128364,0.33863845380153684,0.555557312049689,1.4987661178143732,1.7156849760625255,0.8941957658512258,2.0543234298640622,2.84358500065916,3.640541614876583,1.6561930070741142,2.84358500065916,3.640541614876583,1.6561930070741142,6.484126615535743,4.4997780077332745,5.296734621950697,8.140319622609857
155,7750,Normal Traffic,0.66,1.2907916308894,0.30683649140732666,0.816520271451824,1.2907916308894,0.30683649140732666,0.816520271451824,1.5976281222967268,2.107311902341224,1.1233567628591508,2.414148393748551,3.4310559906414024,3.108765407700552,3.567730430384816,3.4310559906414024,3.108765407700552,3.567730430384816,6.539821398341955,6.998786421026218,6.676495838085367,10.10755182872677
156,7800,Normal Traffic,0.76,1.0847428856841397,0.3861235235075137,0.3219575899080833,1.0847428856841397,0.3861235235075137,0.3219575899080833,1.4708664091916535,1.406700475592223,0.7080811134155971,1.7928239990997368,2.504651694002489,4.434562749570179,-0.05491040764676963,2.504651694002489,4.434562749570179,-0.05491040764676963,6.939214443572668,2.4497412863557195,4.37965234192341,6.884304035925899
157,7850,Normal Traffic,0.74,1.379686051794769,0.3301265133283828,0.5249015121528452,1.379686051794769,0.3301265133283828,0.5249015121528452,1.709812565123152,1.9045875639476142,0.8550280254812279,2.234714077275997,3.8307292494711263,3.4982092844243557,1.4316411822534851,3.8307292494711263,3.4982092844243557,1.4316411822534851,7.3289385338954816,5.262370431724611,4.929850466677841,8.760579716148968
158,7900,Sybil Attack,0.74,1.2405980828297618,0.3974965152485549,0.36978532880938847,1.2405980828297618,0.3974965152485549,0.36978532880938847,1.6380945980783168,1.6103834116391502,0.7672818440579434,2.0078799268877052,3.205383572497438,4.624736121179356,0.29542480081205147,3.205383572497438,4.624736121179356,0.29542480081205147,7.830119693676794,3.5008083733094897,4.920160921991407,8.125544494488846
159,7950,Normal Traffic,0.76,1.3610943935382944,0.3737465516771021,0.6990338739283075,1.3610943935382944,0.3737465516771021,0.6990338739283075,1.7348409452153966,2.060128267466602,1.0727804256054096,2.4338748191437043,3.7471403294159082,4.227601334588469,2.7071498862697796,3.7471403294159082,4.227601334588469,2.7071498862697796,7.974741664004377,6.454290215685688,6.9347512208582485,10.681891550274155
160,8000,Wormhole Attack,0.8,1.4804421045374847,0.36988905509954456,0.666058194820769,1.4804421045374847,0.36988905509954456,0.666058194820769,1.8503311596370293,2.146500299358254,1.0359472499203135,2.5163893544577984,4.283732931101145,4.163098242805003,2.4656050907265503,4.283732931101145,4.163098242805003,2.4656050907265503,8.446831173906148,6.749338021827695,6.628703333531554,10.912436264632698
161,8050,Blackhole Attack,0.82,1.411714640128077,0.3736692035637664,0.6402027724318643,1.411714640128077,0.3736692035637664,0.6402027724318643,1.7853838436918432,2.0519174125599413,1.0138719759956307,2.4255866161237076,3.9747312030753448,4.226307958858002,2.276215732155794,3.9747312030753448,4.226307958858002,2.276215732155794,8.201039161933346,6.250946935231139,6.502523691013796,10.47725489408914
162,8100,Blackhole Attack,0.82,1.4082085405027391,0.38333987537933245,0.6747416564128641,1.4082085405027391,0.38333987537933245,0.6747416564128641,1.7915484158820716,2.0829501969156032,1.0580815317921966,2.4662900722949357,3.958967623665427,4.388016004266612,2.5292109060315218,3.958967623665427,4.388016004266612,2.5292109060315218,8.34698362793204,6.488178529696949,6.917226910298134,10.876194533963563
163,8150,Sybil Attack,0.84,1.316098930711379,0.41528098776003425,0.6613868364894716,1.316098930711379,0.41528098776003425,0.6613868364894716,1.7313799184714134,1.9774857672008506,1.0766678242495058,2.392766754960885,3.544838733011687,4.922119006598486,2.431387681909504,3.544838733011687,4.922119006598486,2.431387681909504,8.466957739610173,5.976226414921191,7.35350668850799,10.898345421519677
164,8200,Sybil Attack,0.7,1.3160283677695077,0.37229974184026865,0.5645609152461815,1.3160283677695077,0.37229974184026865,0.5645609152461815,1.6883281096097764,1.8805892830156892,0.9368606570864502,2.252889024855958,3.5445214788955894,4.203408517868569,1.722143839690992,3.5445214788955894,4.203408517868569,1.722143839690992,7.747929996764158,5.266665318586582,5.925552357559561,9.47007383645515
165,8250,Blackhole Attack,0.8,1.2400033484838688,0.3403625318565881,0.756335101856589,1.2400033484838688,0.3403625318565881,0.756335101856589,1.580365880340457,1.996338450340458,1.096697633713177,2.336700982197046,3.202709620502025,3.6693707694308157,3.126877811786516,3.202709620502025,3.6693707694308157,3.126877811786516,6.87208038993284,6.329587432288541,6.796248581217332,9.998958201719356
166,8300,Normal Traffic,0.66,1.2850839314722424,0.3258938372509297,0.72117470801827,1.2850839314722424,0.3258938372509297,0.72117470801827,1.610977768723172,2.0062586394905124,1.0470685452691997,2.332152476741442,3.4053939209272146,3.4274326322551643,2.8693301169172187,3.4053939209272146,3.4274326322551643,2.8693301169172187,6.832826553182379,6.274724037844433,6.296762749172383,9.702156670099598
167,8350,Blackhole Attack,0.76,1.1556404452974767,0.3541910641278364,0.6240022353073614,1.1556404452974767,0.3541910641278364,0.6240022353073614,1.5098315094253132,1.7796426806048382,0.9781932994351978,2.1338337447326747,2.8234102663081853,3.900604438311406,2.1575478067836684,2.8234102663081853,3.900604438311406,2.1575478067836684,6.7240147046195915,4.980958073091854,6.058152245095075,8.88156251140326
168,8400,Normal Traffic,0.74,1.2915303599142525,0.38080596601841493,0.5163533763699731,1.2915303599142525,0.38080596601841493,0.5163533763699731,1.6723363259326673,1.8078837362842255,0.8971593423883881,2.1886897023026406,3.434377349099535,4.345645263349006,1.3690266200721843,3.434377349099535,4.345645263349006,1.3690266200721843,7.7800226124485405,4.803403969171719,5.7146718834211905,9.149049232520724
169,8450,Normal Traffic,0.64,1.0593187519524514,0.34040565759509633,0.53027743192547,1.0593187519524514,0.34040565759509633,0.53027743192547,1.3997244095475478,1.5895961838779216,0.8706830895205664,1.9300018414730178,2.390343661192605,3.6700918960509687,1.4710194597440196,2.390343661192605,3.6700918960509687,1.4710194597440196,6.060435557243574,3.861363120936625,5.141111355794989,7.531455016987594
170,8500,Wormhole Attack,0.76,1.401728274545461,0.3093898190857183,0.5984000121448727,1.401728274545461,0.3093898190857183,0.5984000121448727,1.7111180936311792,2.000128286690334,0.907789831230591,2.3095181057760517,3.9298320605237778,3.151460851826348,1.97001311677567,3.9298320605237778,3.151460851826348,1.97001311677567,7.081292912350126,5.899845177299448,5.121473968602018,9.051306029125795
171,8550,Blackhole Attack,0.76,1.3006859879959518,0.31709641297371916,0.7719297926581706,1.3006859879959518,0.31709641297371916,0.7719297926581706,1.6177824009696709,2.0726157806541226,1.0890262056318898,2.3897121936278416,3.4755414590040377,3.2803265871293115,3.24110795057892,3.4755414590040377,3.2803265871293115,3.24110795057892,6.755868046133349,6.716649409582958,6.521434537708231,9.996975996712269
172,8600,Wormhole Attack,0.88,1.0858167565976673,0.22783302469038716,0.7301807024707838,1.0858167565976673,0.22783302469038716,0.7301807024707838,1.3136497812880545,1.8159974590684511,0.958013727161171,2.043830483758838,2.5094798652555417,1.7877097016495138,2.9352984653355114,2.5094798652555417,1.7877097016495138,2.9352984653355114,4.297189566905056,5.444778330591053,4.723008166985025,7.232488032240568
173,8650,Wormhole Attack,0.82,1.1760272919114694,0.26892928307924435,0.8248837377185355,1.1760272919114694,0.26892928307924435,0.8248837377185355,1.4449565749907136,2.000911029630005,1.0938130207977799,2.269840312709249,2.9150704328348342,2.4749003895779835,3.6289922998625457,2.9150704328348342,2.4749003895779835,3.6289922998625457,5.389970822412818,6.54406273269738,6.10389268944053,9.018963122275363
174,8700,Blackhole Attack,0.84,1.225080173272705,0.359343784033799,0.6050752827898644,1.225080173272705,0.359343784033799,0.6050752827898644,1.584423957306504,1.8301554560625695,0.9644190668236634,2.189499240096368,3.1356143629145765,3.9867655944774194,2.0189090584750677,3.1356143629145765,3.9867655944774194,2.0189090584750677,7.1223799573919955,5.154523421389644,6.005674652952488,9.141289015867063
175,8750,Wormhole Attack,0.84,1.2793110909859042,0.37836812070537257,0.5066053057227338,1.2793110909859042,0.37836812070537257,0.5066053057227338,1.6576792116912769,1.785916396708638,0.8849734264281064,2.1642845174140106,3.3794389740770057,4.304880856480593,1.2976226097484027,3.3794389740770057,4.304880856480593,1.2976226097484027,7.684319830557598,4.677061583825409,5.602503466228995,8.981942440306002
176,8800,Normal Traffic,0.62,1.5065748666906291,0.3726500095580067,0.6067991245089333,1.5065748666906291,0.3726500095580067,0.6067991245089333,1.8792248762486359,2.1133739911995626,0.97944913406694,2.486024000757569,4.401226988721341,4.209265516129433,2.031536091696233,4.401226988721341,4.209265516129433,2.031536091696233,8.610492504850773,6.4327630804175735,6.240801607825666,10.642028596547007
177,8850,Sybil Attack,0.82,1.3809267920895578,0.38159796786983796,0.6488760349089344,1.3809267920895578,0.38159796786983796,0.6488760349089344,1.7625247599593958,2.029802826998492,1.0304740027787724,2.4114007948683303,3.836307672862932,4.358888714662023,2.339746839578468,3.836307672862932,4.358888714662023,2.339746839578468,8.195196387524955,6.1760545124414,6.698635554240491,10.534943227103422
178,8900,Flooding Attack,0.8,1.2895213936864844,0.40098143195268826,0.7485335411576993,1.2895213936864844,0.40098143195268826,0.7485335411576993,1.6905028256391728,2.0380549348441837,1.1495149731103875,2.439036366796872,3.425344947842479,4.683009122206042,3.069731865594293,3.425344947842479,4.683009122206042,3.069731865594293,8.10835407004852,6.495076813436772,7.752740987800335,11.178085935642812
179,8950,Blackhole Attack,0.78,1.2693135702791656,0.31463893496084805,0.720073395354823,1.2693135702791656,0.31463893496084805,0.720073395354823,1.5839525052400136,1.9893869656339884,1.0347123303156711,2.3040259005948367,3.3344896775926576,3.2392338922602364,2.861263070253708,3.3344896775926576,3.2392338922602364,2.861263070253708,6.573723569852894,6.195752747846365,6.100496962513944,9.434986640106601
180,9000,Blackhole Attack,0.72,1.4325303884923077,0.32042955704484555,0.9996710507926763,1.4325303884923077,0.32042955704484555,0.9996710507926763,1.7529599455371532,2.432201439284984,1.3201006078375217,2.752630996329829,4.06831973089272,3.336061723538301,4.909298481347435,4.06831973089272,3.336061723538301,4.909298481347435,7.404381454431022,8.977618212240156,8.245360204885737,12.313679935778456
181,9050,Normal Traffic,0.76,1.37244318328716,0.35104884569639455,0.7206577511747466,1.37244318328716,0.35104884569639455,0.7206577511747466,1.7234920289835545,2.0931009344619067,1.0717065968711412,2.444149780158301,3.7981649914420097,3.8480618631433092,2.8655434402375266,3.7981649914420097,3.8480618631433092,2.8655434402375266,7.6462268545853185,6.663708431679536,6.713605303380836,10.511770294822846
182,9100,Wormhole Attack,0.84,1.4411159880810505,0.34671017973931756,0.6334575633424947,1.4411159880810505,0.34671017973931756,0.6334575633424947,1.787826167820368,2.074573551423545,0.9801677430818123,2.4212837311628626,4.106920967412308,3.775512902225155,2.2268074957075066,4.106920967412308,3.775512902225155,2.2268074957075066,7.882433869637463,6.333728463119815,6.002320397932662,10.10924136534497
183,9150,Flooding Attack,0.76,1.3175757790930245,0.4109947976125461,0.7584656854167946,1.3175757790930245,0.4109947976125461,0.7584656854167946,1.7285705767055706,2.076041464509819,1.1694604830293407,2.4870362621223654,3.5514787088333186,4.850447519423798,3.1424842036597305,3.5514787088333186,4.850447519423798,3.1424842036597305,8.401926228257118,6.693962912493049,7.992931723083529,11.544410431916848
184,9200,Wormhole Attack,0.84,1.0135529050977892,0.32061199655253875,0.723754500422829,1.0135529050977892,0.32061199655253875,0.723754500422829,1.3341649016503279,1.7373074055206181,1.0443664969753677,2.057919402073157,2.1845783840333484,3.339112384005022,2.88822693559595,2.1845783840333484,3.339112384005022,2.88822693559595,5.523690768038371,5.072805319629298,6.227339319600972,8.411917703634321
185,9250,Wormhole Attack,0.82,1.4294335929909066,0.3398094285826918,0.592757914669159,1.4294335929909066,0.3398094285826918,0.592757914669159,1.7692430215735984,2.0221915076600654,0.9325673432518508,2.362000936242757,4.054396400976529,3.6601220583757152,1.9286851041891242,4.054396400976529,3.6601220583757152,1.9286851041891242,7.714518459352244,5.983081505165654,5.588807162564839,9.643203563541368
186,9300,Blackhole Attack,0.84,1.24178289018183,0.3777824815126499,0.7329809789927608,1.24178289018183,0.3777824815126499,0.7329809789927608,1.6195653716944798,1.9747638691745908,1.1107634605054106,2.3525463506872404,3.210710518898164,4.295088096372922,2.95581031644128,3.210710518898164,4.295088096372922,2.95581031644128,7.505798615271086,6.166520835339444,7.250898412814202,10.461608931712366
187,9350,Normal Traffic,0.72,1.3611329860681762,0.29193630152320243,0.6197079307349987,1.3611329860681762,0.29193630152320243,0.6197079307349987,1.6530692875913786,1.9808409168031749,0.9116442322582012,2.2727772183263775,3.7473138431418236,2.8596120263914537,2.12609229326569,3.7473138431418236,2.8596120263914537,2.12609229326569,6.606925869533278,5.873406136407514,4.985704319657144,8.733018162798967
188,9400,Blackhole Attack,0.82,1.3422299281517793,0.35132687383270145,0.6174118397405989,1.3422299281517793,0.35132687383270145,0.6174118397405989,1.6935568019844807,1.959641767892378,0.9687387135733003,2.3109686417250797,3.6623248564051196,3.8527109079406334,2.10927356974578,3.6623248564051196,3.8527109079406334,2.10927356974578,7.515035764345753,5.7715984261508995,5.961984477686413,9.624309334091533
189,9450,Sybil Attack,0.8,1.1312164360332648,0.34130429355634223,0.572218119039484,1.1312164360332648,0.34130429355634223,0.572218119039484,1.472520729589607,1.7034345550727488,0.9135224125958263,2.044738848629091,2.713598837459276,3.685118428602002,1.7782323805411875,2.713598837459276,3.685118428602002,1.7782323805411875,6.398717266061277,4.491831218000463,5.46335080914319,8.176949646602464
190,9500,Blackhole Attack,0.88,1.3091675182218891,0.4092225967610756,0.889724213325108,1.3091675182218891,0.4092225967610756,0.889724213325108,1.7183901149829648,2.198891731546997,1.2989468100861836,2.6081143283080728,3.513674795053009,4.820813679993792,4.103944745034019,3.513674795053009,4.820813679993792,4.103944745034019,8.3344884750468,7.617619540087028,8.924758425027811,12.43843322008082
191,9550,Blackhole Attack,0.86,1.507818353700501,0.3685073137263143,0.578990290478283,1.507818353700501,0.3685073137263143,0.578990290478283,1.8763256674268152,2.086808644178784,0.9474976042045973,2.455315957905098,4.406817761465976,4.1399934677711085,1.8278381145196707,4.406817761465976,4.1399934677711085,1.8278381145196707,8.546811229237084,6.234655875985647,5.9678315822907795,10.374649343756754
192,9600,Normal Traffic,0.74,1.2792841747393453,0.37414653600544445,0.4680163626181686,1.2792841747393453,0.37414653600544445,0.4680163626181686,1.6534307107447899,1.747300537357514,0.842162898623613,2.1214470733629582,3.37931795743875,4.234289668673616,1.014961005054092,3.37931795743875,4.234289668673616,1.014961005054092,7.6136076261123655,4.394278962492842,5.249250673727707,8.628568631166457
193,9650,Normal Traffic,0.68,1.0686748360842446,0.4110237890025928,0.28689952594128304,1.0686748360842446,0.4110237890025928,0.28689952594128304,1.4796986250868374,1.3555743620255276,0.6979233149438758,1.7665981510281203,2.4324090303884915,4.850932298672597,-0.3117085425808988,2.4324090303884915,4.850932298672597,-0.3117085425808988,7.283341329061089,2.120700487807593,4.539223756091698,6.97163278648019
194,9700,Blackhole Attack,0.74,1.4215239728668545,0.36170694071259923,0.4824686915103793,1.4215239728668545,0.36170694071259923,0.4824686915103793,1.7832309135794537,1.9039926643772338,0.8441756322229785,2.265699605089833,4.0188343981096635,4.026281096069355,1.1208234140133813,4.0188343981096635,4.026281096069355,1.1208234140133813,8.045115494179019,5.139657812123045,5.147104510082737,9.1659389081924
195,9750,Blackhole Attack,0.74,1.5328617863635707,0.33227300646407476,0.8064080270661661,1.5328617863635707,0.33227300646407476,0.8064080270661661,1.8651347928276456,2.3392698134297367,1.1386810335302409,2.6715428198938116,4.519414145387381,3.5341018486717584,3.4936588701100035,4.519414145387381,3.5341018486717584,3.4936588701100035,8.05351599405914,8.013073015497383,7.027760718781762,11.547174864169143
196,9800,Sybil Attack,0.78,1.1994141271667593,0.4178720711105155,0.579030288491095,1.1994141271667593,0.4178720711105155,0.579030288491095,1.6172861982772748,1.7784444156578543,0.9969023596016104,2.19631648676837,3.020218681341295,4.965445781830656,1.8281310974722067,3.020218681341295,4.965445781830656,1.8281310974722067,7.9856644631719504,4.8483497788135015,6.793576879302863,9.813795560644158
197,9850,Wormhole Attack,0.82,1.3338348022784856,0.39197305620245004,0.5856059410876091,1.3338348022784856,0.39197305620245004,0.5856059410876091,1.7258078584809358,1.9194407433660947,0.9775789972900591,2.3114137995685446,3.624579998157639,4.532375654060367,1.8762973431713048,3.624579998157639,4.532375654060367,1.8762973431713048,8.156955652218006,5.500877341328944,6.408672997231672,10.033252995389311
198,9900,Wormhole Attack,0.78,1.2658136838042733,0.3354495739921843,0.8466416402887865,1.2658136838042733,0.3354495739921843,0.8466416402887865,1.6012632577964576,2.1124553240930597,1.1820912142809707,2.4479048980852443,3.318754032782694,3.587218791928196,3.7883675809793287,3.318754032782694,3.587218791928196,3.7883675809793287,6.90597282471089,7.107121613762023,7.375586372907525,10.69434040569022
199,9950,Wormhole Attack,0.82,1.2888459391725953,0.3673479530329081,0.7194732771584089,1.2888459391725953,0.3673479530329081,0.7194732771584089,1.6561938922055033,2.008319216331004,1.0868212301913172,2.375667169363912,3.4223080743918417,4.120607229128152,2.85686724184387,3.4223080743918417,4.120607229128152,2.85686724184387,7.542915303519994,6.279175316235712,6.977474470972021,10.399782545363864
200,10000,Wormhole Attack,0.72,1.4195211713161877,0.41228570633850503,0.663020168536129,1.4195211713161877,0.41228570633850503,0.663020168536129,1.8318068776546927,2.082541339852317,1.075305874874634,2.4948270461908217,4.009829713514256,4.872033437223194,2.4433517374177307,4.009829713514256,4.872033437223194,2.4433517374177307,8.88186315073745,6.453181450931988,7.315385174640925,11.32521488815518
201,10050,Wormhole Attack,0.8,1.3130677312127401,0.37245992332407646,0.7764871529514936,1.3130677312127401,0.37245992332407646,0.7764871529514936,1.6855276545368165,2.089554884164234,1.14894707627557,2.46201480748831,3.5312103256330762,4.206086991003757,3.2744903308682733,3.5312103256330762,4.206086991003757,3.2744903308682733,7.737297316636834,6.805700656501349,7.480577321872031,11.011787647505107
202,10100,Wormhole Attack,0.82,1.2595744895682544,0.3563670461932933,0.6082484506786039,1.2595744895682544,0.3563670461932933,0.6082484506786039,1.6159415357615476,1.8678229402468582,0.9646154968718972,2.2241899864401518,3.290702338791281,3.936990101413202,2.042152315616501,3.290702338791281,3.936990101413202,2.042152315616501,7.227692440204483,5.332854654407782,5.979142417029703,9.269844755820984
203,10150,Blackhole Attack,0.86,1.3500613162058521,0.3509489836321859,0.5627754777993392,1.3500613162058521,0.3509489836321859,0.5627754777993392,1.701010299838038,1.9128367940051914,0.9137244614315252,2.263785777637377,3.697535124415791,3.846392020600658,1.7090656216004314,3.697535124415791,3.846392020600658,1.7090656216004314,7.543927145016449,5.406600746016222,5.555457642201089,9.252992766616881
204,10200,Flooding Attack,0.84,1.314332335903123,0.33812097250824735,0.6620720366241393,1.314332335903123,0.33812097250824735,0.6620720366241393,1.6524533084113702,1.9764043725272622,1.0001930091323867,2.314525345035509,3.5368960444058515,3.631888556426324,2.436406730217645,3.5368960444058515,3.631888556426324,2.436406730217645,7.168784600832176,5.973302774623496,6.068295286643969,9.60519133104982
205,10250,Normal Traffic,0.76,1.2160171318422948,0.41476527167168353,0.455343345234506,1.2160171318422948,0.41476527167168353,0.455343345234506,1.6307824035139782,1.6713604770768007,0.8701086169061896,2.086125748748484,3.0948665267004585,4.91349546500557,0.9221319420689181,3.0948665267004585,4.91349546500557,0.9221319420689181,8.008361991706028,4.016998468769376,5.8356274070744885,8.930493933774946
206,10300,Normal Traffic,0.72,1.3063664108413864,0.36189977201837564,0.4694548115284584,1.3063664108413864,0.36189977201837564,0.4694548115284584,1.668266182859762,1.7758212223698449,0.8313545835468341,2.1377209943882205,3.501080892042051,4.029505522887407,1.0254975537268955,3.501080892042051,4.029505522887407,1.0254975537268955,7.5305864149294575,4.526578445768946,5.055003076614302,8.556083968656353
207,10350,Blackhole Attack,0.78,1.2091244074912038,0.3146587927551425,0.7483571661588119,1.2091244074912038,0.3146587927551425,0.7483571661588119,1.5237832002463463,1.9574815736500155,1.0630159589139545,2.272140366405158,3.063876532327829,3.239565944175835,3.068439929713116,3.063876532327829,3.239565944175835,3.068439929713116,6.303442476503664,6.132316462040945,6.308005873888951,9.37188240621678
208,10400,Blackhole Attack,0.78,1.3328194266285307,0.3729961408229811,0.7751347944074102,1.3328194266285307,0.3729961408229811,0.7751347944074102,1.7058155674515119,2.107954221035941,1.1481309352303912,2.480950361858922,3.620014824203856,4.215053346735341,3.264584388765716,3.620014824203856,4.215053346735341,3.264584388765716,7.835068170939197,6.884599212969572,7.479637735501058,11.099652559704912
209,10450,Wormhole Attack,0.92,1.359834130263536,0.3213856044269451,0.6806339687096062,1.359834130263536,0.3213856044269451,0.6806339687096062,1.681219734690481,2.0404680989731423,1.0020195731365513,2.361853703400087,3.7414741298403205,3.35204826060892,2.5723717265972477,3.7414741298403205,3.35204826060892,2.5723717265972477,7.093522390449241,6.313845856437569,5.924419987206168,9.665894117046488
210,10500,Blackhole Attack,0.78,1.3646852944823038,0.3304856278660028,0.7697422967936712,1.3646852944823038,0.3304856278660028,0.7697422967936712,1.6951709223483067,2.134427591275975,1.100227924659674,2.464913219141978,3.763285179315485,3.5042142146984734,3.225084679621587,3.763285179315485,3.5042142146984734,3.225084679621587,7.267499394013958,6.988369858937071,6.72929889432006,10.492584073635545
211,10550,Flooding Attack,0.84,1.2149838366871777,0.3608382049053346,0.4913242872336678,1.2149838366871777,0.3608382049053346,0.4913242872336678,1.5758220415925122,1.7063081239208455,0.8521624921390023,2.0671463288261798,3.090220785856742,4.011754538654479,1.1856901011078167,3.090220785856742,4.011754538654479,1.1856901011078167,7.101975324511221,4.275910886964558,5.1974446397622955,8.287665425619037
212,10600,Normal Traffic,0.64,1.2895513311798426,0.3449864114050646,0.6017896479246624,1.2895513311798426,0.3449864114050646,0.6017896479246624,1.6345377425849072,1.891340979104505,0.946776059329727,2.2363273905095697,3.4254795481403355,3.7466889266642607,1.9948419877361514,3.4254795481403355,3.7466889266642607,1.9948419877361514,7.172168474804597,5.420321535876487,5.741530914400412,9.167010462540748
213,10650,Normal Traffic,0.74,1.262128969159128,0.3238218650688104,0.6001070237503885,1.262128969159128,0.3238218650688104,0.6001070237503885,1.5859508342279383,1.8622359929095165,0.9239288888191989,2.1860578579783265,3.3021873923222027,3.392786169413543,1.9825168704633378,3.3021873923222027,3.392786169413543,1.9825168704633378,6.694973561735745,5.2847042627855405,5.375303039876881,8.677490432199082
214,10700,Flooding Attack,0.84,1.1898797006114719,0.34991787823765513,0.7702204782394504,1.1898797006114719,0.34991787823765513,0.7702204782394504,1.539797578849127,1.9601001788509222,1.1201383564771055,2.3100180570885773,2.9773514766999485,3.8291504016997395,3.2285873289279623,2.9773514766999485,3.8291504016997395,3.2285873289279623,6.806501878399688,6.205938805627911,7.057737730627702,10.035089207327651
215,10750,Normal Traffic,0.72,1.1490912508355282,0.33145905932321784,0.5203631946185,1.1490912508355282,0.33145905932321784,0.5203631946185,1.480550310158746,1.6694544454540283,0.8518222539417178,2.000913504777246,2.7939647975525816,3.52049143941332,1.398398288987549,2.7939647975525816,3.52049143941332,1.398398288987549,6.314456236965902,4.192363086540131,4.9188897284008695,7.712854525953451
216,10800,Normal Traffic,0.76,1.3747119863089317,0.38412818625908607,0.4746607469603192,1.3747119863089317,0.38412818625908607,0.4746607469603192,1.7588401725680178,1.849372733269251,0.8587889332194052,2.233500919528337,3.808365630448585,4.401197737032491,1.063630706508959,3.808365630448585,4.401197737032491,1.063630706508959,8.209563367481076,4.871996336957544,5.46482844354145,9.273194073990036
217,10850,Wormhole Attack,0.84,1.261072118753541,0.3538664091677466,0.5532664950790228,1.261072118753541,0.3538664091677466,0.5532664950790228,1.6149385279212876,1.8143386138325637,0.9071329042467694,2.1682050230003105,3.2974357460277055,3.895175723530305,1.6394129154495565,3.2974357460277055,3.895175723530305,1.6394129154495565,7.192611469558011,4.936848661477262,5.534588638979861,8.832024385007568
218,10900,Sybil Attack,0.82,1.127188764855047,0.33593971570088754,0.6322736960707391,1.127188764855047,0.33593971570088754,0.6322736960707391,1.4631284805559344,1.759462460925786,0.9682134117716267,2.0954021766266733,2.6954902492160775,3.5954146917787173,2.218135741680123,2.6954902492160775,3.5954146917787173,2.218135741680123,6.290904940994794,4.9136259908962,5.81355043345884,8.509040682674918
219,10950,Blackhole Attack,0.74,1.1756470510706598,0.3374267266070019,0.7054986736729826,1.1756470510706598,0.3374267266070019,0.7054986736729826,1.5130737776776617,1.8811457247436425,1.0429254002799846,2.2185724513506444,2.9133608531509947,3.6202797302905187,2.7545041417337246,2.9133608531509947,3.6202797302905187,2.7545041417337246,6.533640583441514,5.667864994884719,6.374783872024244,9.288144725175238
220,11000,Wormhole Attack,0.84,1.2024322991477723,0.3783867209699891,0.529572027856301,1.2024322991477723,0.3783867209699891,0.529572027856301,1.5808190201177614,1.7320043270040733,0.9079587488262901,2.1103910479740624,3.0337885164228924,4.305191880625822,1.4658524188740758,3.0337885164228924,4.305191880625822,1.4658524188740758,7.338980397048714,4.499640935296968,5.771044299499898,8.80483281592279
221,11050,Sybil Attack,0.88,1.189759606267901,0.3665077346007335,0.4681883533384235,1.189759606267901,0.3665077346007335,0.4681883533384235,1.5562673408686345,1.6579479596063245,0.834696087939157,2.024455694207058,2.976811527205108,4.106557524725552,1.0162208263673642,2.976811527205108,4.106557524725552,1.0162208263673642,7.08336905193066,3.993032353572472,5.122778351092917,8.099589878298024
222,11100,Flooding Attack,0.84,1.0879969317190055,0.34666000230861277,0.7723171150385186,1.0879969317190055,0.34666000230861277,0.7723171150385186,1.4346569340276183,1.860314046757524,1.1189771173471315,2.2069740490661367,2.5192820292911486,3.77467386080201,3.2439450628902504,2.5192820292911486,3.77467386080201,3.2439450628902504,6.293955890093159,5.763227092181399,7.0186189236922605,9.53790095298341
223,11150,Normal Traffic,0.72,1.164110504296446,0.3670988124293404,0.3852236735523144,1.164110504296446,0.3670988124293404,0.3852236735523144,1.5312093167257863,1.5493341778487604,0.7523224859816549,1.9164329902781008,2.861492027211963,4.116441226930661,0.40850971446295603,2.861492027211963,4.116441226930661,0.40850971446295603,6.9779332541426236,3.270001741674919,4.524950941393617,7.3864429686055795
224,11200,Wormhole Attack,0.76,1.3362376922818247,0.28107928739717536,0.7287420399573535,1.3362376922818247,0.28107928739717536,0.7287420399573535,1.617316979679,2.0649797322391783,1.009821327354529,2.3460590196363533,3.635383498180056,2.6780665694907695,2.924760352033008,3.635383498180056,2.6780665694907695,2.924760352033008,6.313450067670825,6.5601438502130645,5.602826921523778,9.238210419703833
225,11250,Flooding Attack,0.82,1.2130367745170714,0.4072083020702833,0.4742001326763551,1.2130367745170714,0.4072083020702833,0.4742001326763551,1.6202450765873546,1.6872369071934266,0.8814084347466384,2.09444520926371,3.081466707988358,4.787131670766608,1.0602567355686923,3.081466707988358,4.787131670766608,1.0602567355686923,7.868598378754966,4.1417234435570505,5.8473884063353,8.928855114323659
226,11300,Flooding Attack,0.72,1.1936694608591878,0.35909605315529497,0.5567871308760456,1.1936694608591878,0.35909605315529497,0.5567871308760456,1.5527655140144827,1.7504565917352335,0.9158831840313406,2.1095526448905284,2.9943904068483365,3.982623164983972,1.6652013533768175,2.9943904068483365,3.982623164983972,1.6652013533768175,6.977013571832309,4.659591760225154,5.64782451836079,8.642214925209126
227,11350,Normal Traffic,0.72,1.4968787260586962,0.3377743413666945,0.7719046290839883,1.4968787260586962,0.3377743413666945,0.7719046290839883,1.8346530674253907,2.2687833551426846,1.1096789704506826,2.606557696509379,4.357632710419429,3.6260923671390355,3.24092362896537,4.357632710419429,3.6260923671390355,3.24092362896537,7.983725077558464,7.598556339384799,6.8670159961044055,11.224648706523833
228,11400,Normal Traffic,0.74,1.3229828894728397,0.35326976874318955,0.614552016958437,1.3229828894728397,0.35326976874318955,0.614552016958437,1.6762526582160293,1.9375349064312766,0.9678217857016265,2.290804675174466,3.575789316904587,3.885199006430715,2.0883255459930483,3.575789316904587,3.885199006430715,2.0883255459930483,7.460988323335302,5.664114862897636,5.973524552423763,9.549313869328351
229,11450,Wormhole Attack,0.8,1.2276811503801368,0.3452219191891263,0.6136572890631278,1.2276811503801368,0.3452219191891263,0.6136572890631278,1.5729030695692632,1.8413384394432646,0.9588792082522541,2.186560358632391,3.147308471342094,3.7506269678019857,2.081771719888831,3.147308471342094,3.7506269678019857,2.081771719888831,6.89793543914408,5.229080191230925,5.832398687690817,8.97970715903291
230,11500,Blackhole Attack,0.84,1.2330254000807461,0.31402638253902626,0.748603989245274,1.2330254000807461,0.31402638253902626,0.748603989245274,1.5470517826197723,1.9816293893260202,1.0626303717843002,2.2956557718650465,3.1713364550118017,3.2289911028519893,3.0702478934478563,3.1713364550118017,3.2289911028519893,3.0702478934478563,6.4003275578637915,6.241584348459658,6.299238996299845,9.470575451311648
231,11550,Blackhole Attack,0.88,1.064100734027217,0.3526839536450149,0.5445781155209934,1.064100734027217,0.3526839536450149,0.5445781155209934,1.4167846876722319,1.6086788495482105,0.8972620691660084,1.9613628031932253,2.41184366468013,3.875403304921727,1.5757710763504365,2.41184366468013,3.875403304921727,1.5757710763504365,6.287246969601856,3.9876147410305665,5.451174381272163,7.863018045952293
232,11600,Wormhole Attack,0.88,1.3277944021755037,0.3538112287393778,0.7318214970480739,1.3277944021755037,0.3538112287393778,0.7318214970480739,1.6816056309148815,2.0596158992235774,1.0856327257874516,2.4134271279629553,3.5974220914048165,3.8942530245300184,2.947317183415812,3.5974220914048165,3.8942530245300184,2.947317183415812,7.491675115934835,6.544739274820628,6.84157020794583,10.438992299350646
233,11650,Normal Traffic,0.68,1.347247586258235,0.3719217752352361,0.6423173597084099,1.347247586258235,0.3719217752352361,0.6423173597084099,1.719169361493471,1.9895649459666447,1.014239134943646,2.361486721201881,3.684884469783279,4.197088352931201,2.291704952247542,3.684884469783279,4.197088352931201,2.291704952247542,7.88197282271448,5.9765894220308216,6.488793305178742,10.173677774962021
234,11700,Blackhole Attack,0.82,1.4471300809725485,0.3582743805191554,0.6297455830526707,1.4471300809725485,0.3582743805191554,0.6297455830526707,1.8054044614917037,2.076875664025219,0.9880199635718261,2.4351500445443746,4.133960595775583,3.9688835739307424,2.1996174712885384,4.133960595775583,3.9688835739307424,2.1996174712885384,8.102844169706325,6.333578067064121,6.168501045219281,10.302461640994864
235,11750,Blackhole Attack,0.76,1.335255099235507,0.32426159100383056,0.46836409238840065,1.335255099235507,0.32426159100383056,0.46836409238840065,1.6595166902393377,1.8036191916239077,0.7926256833922312,2.1278807826277384,3.630965716266124,3.400139042391109,1.017508103962384,3.630965716266124,3.400139042391109,1.017508103962384,7.031104758657233,4.648473820228508,4.417647146353493,8.048612862619617
236,11800,Wormhole Attack,0.78,1.271383474680695,0.3524608503951193,0.4977462085085019,1.271383474680695,0.3524608503951193,0.4977462085085019,1.6238443250758143,1.7691296831891967,0.8502070589036212,2.121590533584316,3.343796059581533,3.8716726860823143,1.2327302744509003,3.343796059581533,3.8716726860823143,1.2327302744509003,7.215468745663847,4.576526334032433,5.104402960533214,8.448199020114746
237,11850,Wormhole Attack,0.84,1.2278458282321725,0.3510718665840494,0.644282625560016,1.2278458282321725,0.3510718665840494,0.644282625560016,1.5789176948162218,1.8721284537921885,0.9953544921440654,2.223200320376238,3.1480488702682567,3.8484468066939983,2.306100402202226,3.1480488702682567,3.8484468066939983,2.306100402202226,6.996495676962255,5.454149272470483,6.154547208896224,9.30259607916448
238,11900,Blackhole Attack,0.78,1.4922126469056416,0.35001859023108783,0.557810731661187,1.4922126469056416,0.35001859023108783,0.557810731661187,1.8422312371367293,2.0500233785668285,0.9078293218922748,2.4000419687979164,4.3366538116081745,3.830834456325706,1.6726991653720935,4.3366538116081745,3.830834456325706,1.6726991653720935,8.16748826793388,6.009352976980268,5.5035336216978,9.840187433305974
239,11950,Wormhole Attack,0.8,1.2231205125571702,0.31502577176673985,0.8116887792234153,1.2231205125571702,0.31502577176673985,0.8116887792234153,1.53814628432391,2.0348092917805856,1.126714550990155,2.3498350635473253,3.1268036414272053,3.245702380175645,3.532340050745511,3.1268036414272053,3.245702380175645,3.532340050745511,6.372506021602851,6.659143692172716,6.778042430921156,9.904846072348361
240,12000,Blackhole Attack,0.84,1.2789622085967793,0.39106850487590517,0.6619940188123612,1.2789622085967793,0.39106850487590517,0.6619940188123612,1.6700307134726846,1.9409562274091405,1.0530625236882662,2.3320247322850456,3.3778703833826778,4.51725020778559,2.435835254605779,3.3778703833826778,4.51725020778559,2.435835254605779,7.8951205911682685,5.813705637988457,6.953085462391369,10.330955845774048
241,12050,Wormhole Attack,0.8,1.2240321153265394,0.41485083512006643,0.7286473969280362,1.2240321153265394,0.41485083512006643,0.7286473969280362,1.6388829504466058,1.9526795122545755,1.1434982320481026,2.367530347374642,3.130902247907581,4.9149262133817215,2.9240670977381837,3.130902247907581,4.9149262133817215,2.9240670977381837,8.045828461289302,6.054969345645764,7.838993311119905,10.969895559027485
242,12100,Blackhole Attack,0.78,1.1740853895245904,0.34918732126947566,0.6582395975818685,1.1740853895245904,0.34918732126947566,0.6582395975818685,1.523272710794066,1.8323249871064589,1.007426918851344,2.1815123083759342,2.9063395535806755,3.816934400408724,2.408334352939884,2.9063395535806755,3.816934400408724,2.408334352939884,6.723273953989399,5.314673906520559,6.225268753348608,9.131608306929284
243,12150,Wormhole Attack,0.74,1.1501370043363819,0.3234875676687656,0.8003259319515388,1.1501370043363819,0.3234875676687656,0.8003259319515388,1.4736245720051475,1.9504629362879207,1.1238134996203044,2.2739505039566863,2.7986665516712534,3.3871962186658178,3.44910790222406,2.7986665516712534,3.3871962186658178,3.44910790222406,6.185862770337071,6.247774453895314,6.836304120889878,9.634970672561131
244,12200,Sybil Attack,0.76,1.0253883743328083,0.41410329975668464,0.5139126630158339,1.0253883743328083,0.41410329975668464,0.5139126630158339,1.439491674089493,1.5393010373486422,0.9280159627725186,1.953404337105327,2.237791178613276,4.902426308019231,1.3511485467751159,2.237791178613276,4.902426308019231,1.3511485467751159,7.1402174866325065,3.588939725388392,6.253574854794347,8.491366033407623
245,12250,Wormhole Attack,0.76,1.1945445856235233,0.3828188440667863,0.5559496819186726,1.1945445856235233,0.3828188440667863,0.5559496819186726,1.5773634296903096,1.7504942675421957,0.9387685259854588,2.1333131116089823,2.9983250066002927,4.379303584203623,1.659067091925313,2.9983250066002927,4.379303584203623,1.659067091925313,7.377628590803916,4.657392098525605,6.038370676128936,9.036695682729228
246,12300,Normal Traffic,0.7,1.3198700561819312,0.37340195872728643,0.5416467119832594,1.3198700561819312,0.37340195872728643,0.5416467119832594,1.6932720149092177,1.8615167681651905,0.9150486707105459,2.2349187268924773,3.5617938803755,4.221839226904638,1.5542987280216103,3.5617938803755,4.221839226904638,1.5542987280216103,7.783633107280139,5.1160926083971106,5.776137954926249,9.337931835301749
247,12350,Wormhole Attack,0.78,1.520272865668309,0.3280113808228722,0.7385230523164932,1.520272865668309,0.3280113808228722,0.7385230523164932,1.8482842464911813,2.258795917984802,1.0665344331393654,2.5868072988076745,4.462813799626871,3.462841116651793,2.9964056583446554,4.462813799626871,3.462841116651793,2.9964056583446554,7.925654916278664,7.4592194579715265,6.459246774996449,10.92206057462332
248,12400,Sybil Attack,0.84,1.2309826728721842,0.39004593555888223,0.5713769063645104,1.2309826728721842,0.39004593555888223,0.5713769063645104,1.6210286084310663,1.8023595792366947,0.9614228419233927,2.1924055147955768,3.162152262887808,4.500151324822316,1.7720705500926852,3.162152262887808,4.500151324822316,1.7720705500926852,7.662303587710124,4.934222812980493,6.272221874915002,9.43437413780281
249,12450,Normal Traffic,0.72,1.4899644247963817,0.3704312602819253,0.7061043283994735,1.4899644247963817,0.3704312602819253,0.7061043283994735,1.860395685078307,2.1960687531958554,1.0765355886813988,2.5665000134777802,4.3265457052970095,4.172164721528031,2.758940524881527,4.3265457052970095,4.172164721528031,2.758940524881527,8.49871042682504,7.085486230178537,6.931105246409558,11.257650951706568
250,12500,Blackhole Attack,0.78,1.4682488020647315,0.3703185880225499,0.752581128455792,1.4682488020647315,0.3703185880225499,0.752581128455792,1.8385673900872814,2.2208299305205235,1.1228997164783419,2.5911485185430734,4.228911302414575,4.170280673430561,3.099380190445248,4.228911302414575,4.170280673430561,3.099380190445248,8.399191975845136,7.328291492859823,7.269660863875809,11.498572166290383
251,12550,Normal Traffic,0.72,1.405430221349443,0.30324955701851775,0.5713350382634532,1.405430221349443,0.30324955701851775,0.5713350382634532,1.7086797783679608,1.9767652596128962,0.874584595281971,2.280014816631414,3.94647617753464,3.048786518944387,1.7717638688602328,3.94647617753464,3.048786518944387,1.7717638688602328,6.995262696479027,5.718240046394873,4.820550387804619,8.76702656533926
252,12600,Wormhole Attack,0.8,1.43648474187574,0.34319422632960744,0.4387233191008725,1.43648474187574,0.34319422632960744,0.4387233191008725,1.7796789682053475,1.8752080609766124,0.7819175454304799,2.21840228730622,4.086098679078942,3.716720921225779,0.8003912858331567,4.086098679078942,3.716720921225779,0.8003912858331567,7.802819600304721,4.886489964912099,4.517112207058935,8.603210886137878
253,12650,Wormhole Attack,0.74,1.235717569776833,0.36168742723271907,0.8790966583578647,1.235717569776833,0.36168742723271907,0.8790966583578647,1.597404997009552,2.1148142281346978,1.2407840855905836,2.4765016553674166,3.1834405693622747,4.025954801603911,4.026098566845671,3.1834405693622747,4.025954801603911,4.026098566845671,7.2093953709661855,7.209539136207946,8.052053368449581,11.235493937811857
254,12700,Wormhole Attack,0.88,1.3419314587652742,0.32794639842493256,0.7238248730628953,1.3419314587652742,0.32794639842493256,0.7238248730628953,1.6698778571902069,2.0657563318281698,1.0517712714878278,2.393702730253102,3.6609829248063708,3.4617545141119503,2.8887424108012136,3.6609829248063708,3.4617545141119503,2.8887424108012136,7.122737438918321,6.549725335607585,6.350496924913164,10.011479849719535
255,12750,Blackhole Attack,0.74,1.2680771192287128,0.4234934924195595,0.6395405948139038,1.2680771192287128,0.4234934924195595,0.6395405948139038,1.6915706116482723,1.9076177140426167,1.0630340872334634,2.331111206462176,3.3289305388336126,5.059444323983708,2.271365322348555,3.3289305388336126,5.059444323983708,2.271365322348555,8.38837486281732,5.600295861182167,7.330809646332263,10.659740185165875
256,12800,Normal Traffic,0.64,1.168944283535196,0.3846297682170513,0.5255709810781527,1.168944283535196,0.3846297682170513,0.5255709810781527,1.5535740517522472,1.6945152646133486,0.910200749295204,2.0791450328303998,2.8832249130459493,4.409584934900608,1.4365450004328952,2.8832249130459493,4.409584934900608,1.4365450004328952,7.2928098479465575,4.3197699134788445,5.8461299353335034,8.729354848379453
257,12850,Wormhole Attack,0.8,1.3370915183000422,0.31502131588561355,0.6391123218545247,1.3370915183000422,0.31502131588561355,0.6391123218545247,1.652112834185656,1.976203840154567,0.9541336377401383,2.2912251560401806,3.6392223378248736,3.2456278712024065,2.268228249596465,3.6392223378248736,3.2456278712024065,2.268228249596465,6.88485020902728,5.907450587421339,5.513856120798872,9.153078458623746
258,12900,Sybil Attack,0.78,1.420164316280074,0.4339448905722589,0.5138597754797684,1.420164316280074,0.4339448905722589,0.5138597754797684,1.8541092068523328,1.9340240917598424,0.9478046660520272,2.3679689823321013,4.012721321795163,5.234207277301988,1.3507611488675826,4.012721321795163,5.234207277301988,1.3507611488675826,9.246928599097151,5.3634824706627455,6.584968426169571,10.597689747964733
259,12950,Sybil Attack,0.76,1.3344517231586477,0.37889992684024737,0.5194115169945903,1.3344517231586477,0.37889992684024737,0.5194115169945903,1.713351649998895,1.853863240153238,0.8983114438348376,2.232763166993485,3.627353701795092,4.313773447631137,1.3914273096684975,3.627353701795092,4.313773447631137,1.3914273096684975,7.941127149426229,5.01878101146359,5.705200757299634,9.332554459094727
260,13000,Normal Traffic,0.76,1.2968143118083222,0.334608765907756,0.7279833994427419,1.2968143118083222,0.334608765907756,0.7279833994427419,1.6314230777160783,2.0247977112510642,1.062592165350498,2.3594064771588203,3.458134231156852,3.57315922766113,2.919203357516077,3.458134231156852,3.57315922766113,2.919203357516077,7.0312934588179825,6.37733758867293,6.492362585177207,9.95049681633406
261,13050,Normal Traffic,0.76,1.143614219039003,0.3540502926371072,0.6654207051551372,1.143614219039003,0.3540502926371072,0.6654207051551372,1.4976645116761103,1.8090349241941404,1.0194709977922445,2.1630852168312473,2.769339819690793,3.898250529188108,2.460935518632408,2.769339819690793,3.898250529188108,2.460935518632408,6.6675903488789015,5.230275338323201,6.359186047820516,9.128525867511309
262,13100,Wormhole Attack,0.82,1.308801550062478,0.3163198376846357,0.8825053446276167,1.308801550062478,0.3163198376846357,0.8825053446276167,1.6251213877471136,2.1913068946900944,1.1988251823122522,2.5076267323747303,3.5120293859777254,3.2673410909295355,4.05106698145855,3.5120293859777254,3.2673410909295355,4.05106698145855,6.7793704769072605,7.563096367436275,7.318408072388085,10.830437458365811
263,13150,Blackhole Attack,0.8,1.2122130105433286,0.2716991258948372,0.8527442987987681,1.2122130105433286,0.2716991258948372,0.8527442987987681,1.4839121364381658,2.0649573093420965,1.1244434246936053,2.336656435236934,3.0777630286287416,2.5212162894803716,3.833069174455433,3.0777630286287416,2.5212162894803716,3.833069174455433,5.598979318109113,6.9108322030841745,6.354285463935804,9.432048492564546
264,13200,Blackhole Attack,0.86,1.1457172903643689,0.37759092212481166,0.7419339626694371,1.1457172903643689,0.37759092212481166,0.7419339626694371,1.5233082124891806,1.8876512530338059,1.1195248847942487,2.2652421751586176,2.7787953216401795,4.291884937918394,3.021390364228386,2.7787953216401795,4.291884937918394,3.021390364228386,7.070680259558573,5.800185685868565,7.31327530214678,10.09207062378696
265,13250,Blackhole Attack,0.78,1.3595357183227332,0.3626778010321143,0.6655454857103505,1.3595357183227332,0.3626778010321143,0.6655454857103505,1.7222135193548476,2.025081204033084,1.0282232867424648,2.387759005065198,3.7401324565199974,4.042515327529971,2.461849528427278,3.7401324565199974,4.042515327529971,2.461849528427278,7.782647784049969,6.201981984947276,6.504364855957249,10.244497312477247
266,13300,Normal Traffic,0.68,1.2895971659489631,0.4060083887567402,0.5313246732377641,1.2895971659489631,0.4060083887567402,0.5313246732377641,1.6956055547057034,1.8209218391867272,0.9373330619945044,2.2269302279434675,3.425685623295059,4.767067331877504,1.4786904371282175,3.425685623295059,4.767067331877504,1.4786904371282175,8.192752955172564,4.904376060423276,6.2457577690057215,9.67144339230078
267,13350,Blackhole Attack,0.74,1.435500751235894,0.3434588982983026,0.6908932687333749,1.435500751235894,0.3434588982983026,0.6908932687333749,1.7789596495341966,2.126394019969269,1.0343521670316775,2.4698529182675717,4.081674613522523,3.7211466309953165,2.6475204602617297,4.081674613522523,3.7211466309953165,2.6475204602617297,7.8028212445178395,6.729195073784252,6.368667091257047,10.45034170477957
268,13400,Wormhole Attack,0.76,1.2068386163565452,0.31268582526149463,0.7410970383375053,1.2068386163565452,0.31268582526149463,0.7410970383375053,1.5195244416180398,1.9479356546940505,1.0537828635989999,2.260621479955545,3.053599514012297,3.2065749872767513,3.0152599456255613,3.053599514012297,3.2065749872767513,3.0152599456255613,6.260174501289049,6.068859459637858,6.221834932902313,9.275434446914609
269,13450,Normal Traffic,0.72,1.2965782634629648,0.36391049493423505,0.6748822555185291,1.2965782634629648,0.36391049493423505,0.6748822555185291,1.6604887583972,1.9714605189814938,1.038792750452764,2.335371013915729,3.457072947327456,4.06312780671453,2.5302407857231772,3.457072947327456,4.06312780671453,2.5302407857231772,7.520200754041987,5.987313733050634,6.593368592437708,10.050441539765163
270,13500,Blackhole Attack,0.82,1.3047944948114307,0.32929485213957577,0.587290779692642,1.3047944948114307,0.32929485213957577,0.587290779692642,1.6340893469510065,1.8920852745040726,0.9165856318322178,2.2213801266436484,3.494013487857396,3.484302669884122,1.8886386810115001,3.494013487857396,3.484302669884122,1.8886386810115001,6.978316157741518,5.382652168868896,5.372941350895622,8.866954838753019
271,13550,Sybil Attack,0.78,1.2583979041004458,0.40109320032335605,0.6262157997408628,1.2583979041004458,0.40109320032335605,0.6262157997408628,1.6594911044238019,1.8846137038413087,1.0273090000642189,2.2857069041646647,3.2854123583468238,4.6848780559372125,2.1737620283852377,3.2854123583468238,4.6848780559372125,2.1737620283852377,7.970290414284037,5.4591743867320615,6.858640084322451,10.144052442669274
272,13600,Wormhole Attack,0.78,1.1531857722875298,0.36300105037634645,0.4949096666143323,1.1531857722875298,0.36300105037634645,0.4949096666143323,1.5161868226638764,1.648095438901862,0.8579107169906788,2.011096489278209,2.8123739475915,4.047920538319077,1.2119527817526419,2.8123739475915,4.047920538319077,1.2119527817526419,6.860294485910577,4.024326729344142,5.259873320071719,8.072247267663219
273,13650,Blackhole Attack,0.78,1.3538092390840881,0.3628628633689667,0.5188803935119161,1.3538092390840881,0.3628628633689667,0.5188803935119161,1.716672102453055,1.8726896325960043,0.8817432568808827,2.235552495964971,3.714385951895523,4.0456098456091585,1.3875368632394067,3.714385951895523,4.0456098456091585,1.3875368632394067,7.759995797504681,5.101922815134929,5.433146708848565,9.147532660744087
274,13700,Sybil Attack,0.88,1.1043408076618424,0.3905611418256857,0.44663263843364054,1.1043408076618424,0.3905611418256857,0.44663263843364054,1.4949019494875282,1.550973446095483,0.8371937802593262,1.9415345879211687,2.592764820375823,4.508766341439151,0.8583265573066962,2.592764820375823,4.508766341439151,0.8583265573066962,7.101531161814974,3.4510913776825194,5.367092898745847,7.95985771912167
275,13750,Wormhole Attack,0.7,1.2656567004648283,0.23349329445993558,0.7909255439618696,1.2656567004648283,0.23349329445993558,0.7909255439618696,1.4991499949247638,2.056582244426698,1.0244188384218051,2.2900755388866334,3.318048228726388,1.8823578479598686,3.380250645711257,3.318048228726388,1.8823578479598686,3.380250645711257,5.2004060766862565,6.698298874437645,5.2626084936711255,8.580656722397514
276,13800,Sybil Attack,0.78,1.2213623907140727,0.36428528286586953,0.549345622141411,1.2213623907140727,0.36428528286586953,0.549345622141411,1.5856476735799423,1.7707080128554837,0.9136309050072806,2.1349932957213533,3.118899047648496,4.069394819495359,1.610692765396607,3.118899047648496,4.069394819495359,1.610692765396607,7.188293867143855,4.729591813045103,5.680087584891965,8.798986632540462
277,13850,Wormhole Attack,0.84,1.2974865341839876,0.3343180989292371,0.7392623715181411,1.2974865341839876,0.3343180989292371,0.7392623715181411,1.6318046331132248,2.0367489057021286,1.0735804704473781,2.371067004631366,3.4611565727706917,3.568298842585766,3.001821125447573,3.4611565727706917,3.568298842585766,3.001821125447573,7.029455415356457,6.462977698218264,6.570119968033339,10.03127654080403
278,13900,Blackhole Attack,0.78,1.056130364468203,0.3253834135634091,0.9528320970471894,1.056130364468203,0.3253834135634091,0.9528320970471894,1.381513778031612,2.0089624615153925,1.2782155106105986,2.3343458750788013,2.3760085296594573,3.41889758749164,4.566206062567621,2.3760085296594573,3.41889758749164,4.566206062567621,5.794906117151097,6.942214592227078,7.98510365005926,10.361112179718717
279,13950,Blackhole Attack,0.82,1.0326210726133997,0.29991314245514805,0.3529591636081322,1.0326210726133997,0.29991314245514805,0.3529591636081322,1.3325342150685477,1.385580236221532,0.6528723060632802,1.68549337867668,2.2703097108506745,2.992996695030922,0.17217418874550813,2.2703097108506745,2.992996695030922,0.17217418874550813,5.263306405881597,2.4424838995961826,3.16517088377643,5.435480594627105
280,14000,Wormhole Attack,0.78,1.1720191750958324,0.2968099916200862,0.6481307964616481,1.1720191750958324,0.2968099916200862,0.6481307964616481,1.4688291667159186,1.8201499715574805,0.9449407880817342,2.1169599631775666,2.8970497618730295,2.9411073882985566,2.334288014369935,2.8970497618730295,2.9411073882985566,2.334288014369935,5.838157150171586,5.231337776242965,5.275395402668492,8.172445164541521
281,14050,Wormhole Attack,0.8,1.1937866780746271,0.321193445385884,0.6347794610894256,1.1937866780746271,0.321193445385884,0.6347794610894256,1.5149801234605111,1.8285661391640526,0.9559729064753096,2.149759584549937,2.9949174206474978,3.348835075058816,2.2364903143681993,2.9949174206474978,3.348835075058816,2.2364903143681993,6.343752495706314,5.231407735015697,5.585325389427015,8.580242810074513
282,14100,Sybil Attack,0.82,1.253364131304704,0.37392471284697626,0.5336850501063548,1.253364131304704,0.37392471284697626,0.5336850501063548,1.6272888441516802,1.7870491814110587,0.9076097629533311,2.160973894258035,3.2627802926109517,4.230580454870649,1.4959800506724725,3.2627802926109517,4.230580454870649,1.4959800506724725,7.493360747481601,4.7587603432834245,5.726560505543122,8.989340798154073
283,14150,Sybil Attack,0.74,1.154720551076155,0.39930725155678864,0.4869088749972633,1.154720551076155,0.39930725155678864,0.4869088749972633,1.5540278026329435,1.6416294260734183,0.886216126554052,2.040936677630207,2.8192743810921073,4.655014330877628,1.1533474814940308,2.8192743810921073,4.655014330877628,1.1533474814940308,7.474288711969735,3.972621862586138,5.8083618123716585,8.627636193463767
284,14200,Wormhole Attack,0.78,1.5956940015390453,0.3902239095683119,0.48736419449118173,1.5956940015390453,0.3902239095683119,0.48736419449118173,1.9859179111073573,2.083058196030227,0.8775881040594936,2.473282105598539,4.801910571404996,4.5031273155029305,1.1566826684270037,4.801910571404996,4.5031273155029305,1.1566826684270037,9.305037886907925,5.958593239831999,5.659809983929934,10.46172055533493
285,14250,Blackhole Attack,0.8,1.3829123577825986,0.3376421842109518,0.6506306961283244,1.3829123577825986,0.3376421842109518,0.6506306961283244,1.7205545419935504,2.0335430539109227,0.9882728803392762,2.3711852381218748,3.8452348642780483,3.623882502535057,2.3525996237198656,3.8452348642780483,3.623882502535057,2.3525996237198656,7.469117366813105,6.197834487997914,5.976482126254923,9.82171699053297
286,14300,Normal Traffic,0.76,1.202156592242563,0.39500395330383714,0.5756911423632167,1.202156592242563,0.39500395330383714,0.5756911423632167,1.5971605455464002,1.7778477346057797,0.9706950956670539,2.172851687909617,3.0325489259495586,4.583056770682588,1.8036720600671838,3.0325489259495586,4.583056770682588,1.8036720600671838,7.615605696632146,4.836220986016743,6.386728830749772,9.41927775669933
287,14350,Flooding Attack,0.86,1.0988281553104786,0.35760320732076006,0.5378180887993406,1.0988281553104786,0.35760320732076006,0.5378180887993406,1.4564313626312386,1.6366462441098193,0.8954212961201007,1.994249451430579,2.56797969091972,3.9576605577729143,1.5262543016686037,2.56797969091972,3.9576605577729143,1.5262543016686037,6.525640248692634,4.0942339925883235,5.4839148594415175,8.051894550361236
288,14400,Wormhole Attack,0.82,1.3860683400893075,0.37383740779502744,0.7154586129711531,1.3860683400893075,0.37383740779502744,0.7154586129711531,1.759905747884335,2.1015269530604606,1.0892960207661806,2.475364360855488,3.859424300695819,4.2291205842872825,2.8274600767291496,3.859424300695819,4.2291205842872825,2.8274600767291496,8.0885448849831,6.686884377424969,7.056580661016432,10.91600496171225
289,14450,Sybil Attack,0.74,1.2392010677699823,0.3851890538468777,0.6416563845412855,1.2392010677699823,0.3851890538468777,0.6416563845412855,1.62439012161686,1.8808574523112678,1.0268454383881631,2.2660465061581454,3.1991025308314978,4.418937024160712,2.2868633503177818,3.1991025308314978,4.418937024160712,2.2868633503177818,7.61803955499221,5.48596588114928,6.705800374478494,9.904902905309992
290,14500,Blackhole Attack,0.84,1.3989157658586457,0.3713076208919344,0.6733896185881217,1.3989157658586457,0.3713076208919344,0.6733896185881217,1.77022338675058,2.0723053844467674,1.0446972394800562,2.443613005338702,3.9171868967339947,4.186818777008392,2.519307313178162,3.9171868967339947,4.186818777008392,2.519307313178162,8.104005673742385,6.436494209912157,6.706126090186554,10.623312986920547
291,14550,Normal Traffic,0.76,1.3067360742679057,0.3374852678047558,0.6312156244155005,1.3067360742679057,0.3374852678047558,0.6312156244155005,1.6442213420726615,1.9379516986834062,0.9687008922202562,2.275436966488162,3.5027429152021368,3.6212586263636357,2.2103854327084336,3.5027429152021368,3.6212586263636357,2.2103854327084336,7.1240015415657725,5.713128347910571,5.831644059072069,9.334386974274206
292,14600,Blackhole Attack,0.74,1.3778159076844363,0.22368113209589605,0.8784945979243175,1.3778159076844363,0.22368113209589605,0.8784945979243175,1.6014970397803323,2.256310505608754,1.1021757300202135,2.47999163770465,3.822320998610776,1.7182838697108314,4.021688511669807,3.822320998610776,1.7182838697108314,4.021688511669807,5.540604868321607,7.844009510280583,5.739972381380639,9.562293379991413
293,14650,Blackhole Attack,0.82,1.5585930471402172,0.3880870737071791,0.7039190628583426,1.5585930471402172,0.3880870737071791,0.7039190628583426,1.9466801208473963,2.2625121099985597,1.0920061365655216,2.6505991837057388,4.635103035012382,4.467396235278843,2.742933590903951,4.635103035012382,4.467396235278843,2.742933590903951,9.102499270291226,7.378036625916334,7.210329826182795,11.845432861195176
294,14700,Normal Traffic,0.74,1.2428274688349388,0.2712789945743131,0.7579071498724381,1.2428274688349388,0.2712789945743131,0.7579071498724381,1.5141064634092518,2.000734618707377,1.0291861444467512,2.2720136132816897,3.2154069908492713,2.514191067659946,3.138392965586202,3.2154069908492713,2.514191067659946,3.138392965586202,5.729598058509217,6.3537999564354735,5.652584033246148,8.867991024095419
295,14750,Sybil Attack,0.84,1.1120515025231903,0.34020044880897005,0.7292716410799416,1.1120515025231903,0.34020044880897005,0.7292716410799416,1.4522519513321603,1.8413231436031319,1.0694720898889116,2.181523592412102,2.6274324464392986,3.6666604993147316,2.928639647269289,2.6274324464392986,3.6666604993147316,2.928639647269289,6.294092945754031,5.556072093708588,6.59530014658402,9.22273259302332
296,14800,Blackhole Attack,0.82,1.147729201283608,0.29882631802791343,0.7216779946161492,1.147729201283608,0.29882631802791343,0.7216779946161492,1.4465555193115214,1.8694071958997571,1.0205043126440627,2.1682335139276705,2.7878409623606855,2.974823370862527,2.873016659899031,2.7878409623606855,2.974823370862527,2.873016659899031,5.762664333223213,5.660857622259717,5.847840030761558,8.635680993122243
297,14850,Normal Traffic,0.66,1.445954050358832,0.36711441913722226,0.6384081829373623,1.445954050358832,0.36711441913722226,0.6384081829373623,1.8130684694960542,2.0843622332961944,1.0055226020745847,2.4514766524334166,4.128673109979731,4.116702194345849,2.2630704758861695,4.128673109979731,4.116702194345849,2.2630704758861695,8.24537530432558,6.391743585865901,6.379772670232018,10.508445780211751
298,14900,Normal Traffic,0.72,1.2055898886176473,0.3521353484693045,0.5183426997650552,1.2055898886176473,0.3521353484693045,0.5183426997650552,1.5577252370869519,1.7239325883827026,0.8704780482343597,2.076067936852007,3.047985178717535,3.8662298087720193,1.3835982900343842,3.047985178717535,3.8662298087720193,1.3835982900343842,6.914214987489554,4.431583468751919,5.249828098806404,8.29781327752394
299,14950,Sybil Attack,0.76,1.2750809576267144,0.3833358977968533,0.6087785621917591,1.2750809576267144,0.3833358977968533,0.6087785621917591,1.6584168554235676,1.8838595198184733,0.9921144599886124,2.267195417615327,3.3604201068890243,4.387949493159585,2.046035349431896,3.3604201068890243,4.387949493159585,2.046035349431896,7.748369600048609,5.40645545632092,6.433984842591482,9.794404949480505
300,15000,Sybil Attack,0.78,1.3863909857043195,0.35475055031049796,0.5369037523567161,1.3863909857043195,0.35475055031049796,0.5369037523567161,1.7411415360148175,1.9232947380610357,0.891654302667214,2.2780452883715334,3.860874929690143,3.909959881113807,1.5195568441766374,3.860874929690143,3.909959881113807,1.5195568441766374,7.77083481080395,5.38043177386678,5.429516725290444,9.290391654980587
301,15050,Normal Traffic,0.74,1.2473026701579153,0.3541379209215924,0.42813129158278046,1.2473026701579153,0.3541379209215924,0.42813129158278046,1.6014405910795078,1.6754339617406957,0.7822692125043729,2.0295718826622884,3.2355276944711235,3.899715804701212,0.7228053439969835,3.2355276944711235,3.899715804701212,0.7228053439969835,7.1352434991723355,3.958333038468107,4.622521148698196,7.858048843169319
302,15100,Sybil Attack,0.88,1.2970853239029931,0.3803286762112174,0.6526177590035894,1.2970853239029931,0.3803286762112174,0.6526177590035894,1.6774140001142106,1.9497030829065825,1.0329464352148068,2.3300317591178,3.4593527135537925,4.337664266445447,2.367154735515204,3.4593527135537925,4.337664266445447,2.367154735515204,7.79701697999924,5.8265074490689965,6.704819001960651,10.164171715514444
303,15150,Blackhole Attack,0.88,1.174506688289884,0.31509874335614846,0.9342587930958546,1.174506688289884,0.31509874335614846,0.9342587930958546,1.4896054316460325,2.1087654813857384,1.249357536452003,2.4238642247418873,2.9082337315139015,3.2469225739035132,4.430157767978843,2.9082337315139015,3.2469225739035132,4.430157767978843,6.155156305417415,7.338391499492744,7.677080341882355,10.585314073396258
304,15200,Wormhole Attack,0.76,1.4203575203567125,0.3816875888062184,0.39058128668726155,1.4203575203567125,0.3816875888062184,0.39058128668726155,1.8020451091629308,1.810938807043974,0.7722688754934799,2.1926263958501924,4.013589975892269,4.3603873102845565,0.44775389697274653,4.013589975892269,4.3603873102845565,0.44775389697274653,8.373977286176824,4.461343872865015,4.808141207257303,8.821731183149572
305,15250,Blackhole Attack,0.76,1.3393363987861011,0.3184352000882231,0.5518719574076962,1.3393363987861011,0.3184352000882231,0.5518719574076962,1.6577715988743242,1.8912083561937973,0.8703071574959194,2.2096435562820202,3.649315420049927,3.302713102940571,1.6291980138671078,3.649315420049927,3.302713102940571,1.6291980138671078,6.9520285229904974,5.278513433917035,4.931911116807679,8.581226536857605
306,15300,Sybil Attack,0.76,1.2415655317191696,0.4048907173280067,0.458797031764812,1.2415655317191696,0.4048907173280067,0.458797031764812,1.6464562490471764,1.7003625634839816,0.8636877490928188,2.105253280811988,3.209733265610265,4.7483781998713255,0.9474299807874738,3.209733265610265,4.7483781998713255,0.9474299807874738,7.95811146548159,4.157163246397738,5.6958081806587995,8.905541446269064
307,15350,Blackhole Attack,0.84,1.150178077029549,0.3350866177608507,0.6704569280231573,1.150178077029549,0.3350866177608507,0.6704569280231573,1.4852646947903998,1.8206350050527065,1.005543545784008,2.155721622813557,2.798851216321294,3.581149622809732,2.497825537455036,2.798851216321294,3.581149622809732,2.497825537455036,6.380000839131027,5.29667675377633,6.078975160264768,8.877826376586063
308,15400,Normal Traffic,0.74,1.3866108419516856,0.3336302896980549,0.714652706230347,1.3866108419516856,0.3336302896980549,0.714652706230347,1.7202411316497406,2.1012635481820325,1.048282995928402,2.4348938378800877,3.861863413128855,3.5567976471662877,2.821556860049363,3.861863413128855,3.5567976471662877,2.821556860049363,7.418661060295143,6.683420273178218,6.378354507215651,10.240217920344506
309,15450,Sybil Attack,0.84,1.1872875747199463,0.34130047726959467,0.5579937709081622,1.1872875747199463,0.34130047726959467,0.5579937709081622,1.528588051989541,1.7452813456281084,0.8992942481777568,2.086581822897703,2.965697163731694,3.685054614599993,1.6740399164554243,2.965697163731694,3.685054614599993,1.6740399164554243,6.650751778331687,4.6397370801871185,5.359094531055417,8.32479169478711
310,15500,Wormhole Attack,0.78,1.1447145995268087,0.2974343164107077,0.6758183839273175,1.1447145995268087,0.2974343164107077,0.6758183839273175,1.4421489159375165,1.8205329834541262,0.9732527003380252,2.117967299864834,2.77428717916549,2.951547029258044,2.5370978680099623,2.77428717916549,2.951547029258044,2.5370978680099623,5.725834208423534,5.3113850471754525,5.488644897268006,8.262932076433497
311,15550,Wormhole Attack,0.78,1.314228145349378,0.35124799984755023,0.5830213004500387,1.314228145349378,0.35124799984755023,0.5830213004500387,1.6654761451969282,1.897249445799417,0.934269300297589,2.248497445646967,3.5364275990553966,3.8513920173593337,1.8573650114877418,3.5364275990553966,3.8513920173593337,1.8573650114877418,7.38781961641473,5.393792610543138,5.708757028847075,9.245184627902471
312,15600,Blackhole Attack,0.78,1.1813023170705093,0.35337735390888797,0.6151227509747381,1.1813023170705093,0.35337735390888797,0.6151227509747381,1.5346796709793973,1.7964250680452474,0.9685001048836261,2.1498024219541354,2.9387871798955594,3.886997990740373,2.0925061371137788,2.9387871798955594,3.886997990740373,2.0925061371137788,6.825785170635932,5.031293317009338,5.979504127854152,8.91829130774971
313,15650,Wormhole Attack,0.88,1.312475527982989,0.40393121365771884,0.6092055961642808,1.312475527982989,0.40393121365771884,0.6092055961642808,1.7164067416407078,1.9216811241472698,1.0131368098219997,2.325612337804989,3.5285477536480907,4.732333868511131,2.0491633466824273,3.5285477536480907,4.732333868511131,2.0491633466824273,8.260881622159221,5.577711100330518,6.781497215193559,10.310044968841648
314,15700,Wormhole Attack,0.86,1.2422484560463956,0.24148852152616332,0.6173717850362562,1.2422484560463956,0.24148852152616332,0.6173717850362562,1.4837369775725588,1.8596202410826517,0.8588603065624195,2.101108762608815,3.2128037236729488,2.016049960166246,2.108980171531313,3.2128037236729488,2.016049960166246,2.108980171531313,5.228853683839194,5.321783895204262,4.125030131697558,7.337833855370507
315,15750,Normal Traffic,0.72,1.2811107243201831,0.4230206240456427,0.665867825041284,1.2811107243201831,0.4230206240456427,0.665867825041284,1.7041313483658258,1.946978549361467,1.0888884490869266,2.36999917340711,3.3875302053610876,5.051537260034071,2.4642106439491736,3.3875302053610876,5.051537260034071,2.4642106439491736,8.439067465395159,5.851740849310261,7.515747903983245,10.903278109344331
316,15800,Wormhole Attack,0.82,1.2416202777373775,0.3532667018904695,0.7387989533622868,1.2416202777373775,0.3532667018904695,0.7387989533622868,1.594886979627847,1.9804192310996642,1.0920656552527563,2.333685932990134,3.209979406136096,3.8851477240825623,2.998426616320352,3.209979406136096,3.8851477240825623,2.998426616320352,7.095127130218659,6.2084060224564475,6.883574340402914,10.09355374653901
317,15850,Sybil Attack,0.88,1.2148503929856376,0.39540147654318847,0.48349777778236386,1.2148503929856376,0.39540147654318847,0.48349777778236386,1.6102518695288262,1.6983481707680015,0.8788992543255523,2.09374964731119,3.089620817056432,4.589703951691929,1.128361406858115,3.089620817056432,4.589703951691929,1.128361406858115,7.67932476874836,4.217982223914547,5.718065358550044,8.807686175606475
318,15900,Wormhole Attack,0.82,1.351798014992312,0.34570649651522234,0.696217280516439,1.351798014992312,0.34570649651522234,0.696217280516439,1.6975045115075342,2.048015295508751,1.0419237770316614,2.3937217920239733,3.705343399181751,3.7587298228824557,2.6865185149618678,3.705343399181751,3.7587298228824557,2.6865185149618678,7.464073222064206,6.391861914143618,6.4452483378443235,10.150591737026074
319,15950,Normal Traffic,0.72,1.469948106260667,0.31359036794574213,0.639374254516067,1.469948106260667,0.31359036794574213,0.639374254516067,1.783538474206409,2.109322360776734,0.9529646224618091,2.4229127287224763,4.2365514494431,3.2217002890394353,2.270146890027554,4.2365514494431,3.2217002890394353,2.270146890027554,7.458251738482535,6.506698339470654,5.491847179066989,9.728398628510089
320,16000,Wormhole Attack,0.86,1.2399395279376957,0.3383729358981445,0.8978538546427915,1.2399395279376957,0.3383729358981445,0.8978538546427915,1.5783124638358401,2.137793382580487,1.236226790540936,2.4761663184786316,3.2024226804960096,3.6361017598181724,4.163493861324113,3.2024226804960096,3.6361017598181724,4.163493861324113,6.838524440314182,7.365916541820123,7.799595621142286,11.002018301638294
321,16050,Normal Traffic,0.74,1.2660643352511431,0.4139332584324538,0.5387612786802017,1.2660643352511431,0.4139332584324538,0.5387612786802017,1.679997593683597,1.804825613931345,0.9526945371126556,2.2187588723637988,3.3198809728041327,4.899582963657592,1.5331631087984914,3.3198809728041327,4.899582963657592,1.5331631087984914,8.219463936461725,4.853044081602624,6.432746072456083,9.752627045260217
322,16100,Wormhole Attack,0.84,0.9964828596083047,0.2767252333082942,0.8517886510456372,0.9964828596083047,0.2767252333082942,0.8517886510456372,1.273208092916599,1.8482715106539418,1.1285138843539313,2.124996743962236,2.107830702461559,2.6052602960752,3.8260691141871184,2.107830702461559,2.6052602960752,3.8260691141871184,4.713090998536758,5.933899816648678,6.431329410262318,8.539160112723877
323,16150,Wormhole Attack,0.8,1.1297248389781327,0.25379191298240433,0.8227108321271216,1.1297248389781327,0.25379191298240433,0.8227108321271216,1.3835167519605371,1.9524356711052544,1.076502745109526,2.206227584087659,2.7068925509475488,2.2217810016315664,3.6130759017467953,2.7068925509475488,2.2217810016315664,3.6130759017467953,4.928673552579115,6.319968452694344,5.834856903378362,8.54174945432591
324,16200,Wormhole Attack,0.84,1.3019438739190818,0.3170375241471001,0.681264033552184,1.3019438739190818,0.3170375241471001,0.681264033552184,1.618981398066182,1.9832079074712659,0.9983015576992842,2.3002454316183663,3.4811969699012693,3.279341878183482,2.576986912324981,3.4811969699012693,3.279341878183482,2.576986912324981,6.760538848084751,6.058183882226251,5.8563287905084636,9.337525760409733
325,16250,Sybil Attack,0.82,1.2629962805119586,0.38762807354983475,0.3814899350387796,1.2629962805119586,0.38762807354983475,0.3814899350387796,1.6506243540617933,1.6444862155507383,0.7691180085886143,2.032114289100573,3.3060868626295106,4.459721068578746,0.3811603124105364,3.3060868626295106,4.459721068578746,0.3811603124105364,7.765807931208257,3.687247175040047,4.840881380989282,8.146968243618794
326,16300,Flooding Attack,0.78,1.1118658369218977,0.3510356588958537,0.550693702474115,1.1118658369218977,0.3510356588958537,0.550693702474115,1.4629014958177513,1.6625595393960126,0.9017293613699686,2.013595198291866,2.6265976856616766,3.8478413601853636,1.6205673698672813,2.6265976856616766,3.8478413601853636,1.6205673698672813,6.47443904584704,4.247165055528958,5.468408730052645,8.095006415714321
327,16350,Blackhole Attack,0.82,1.3439458318408304,0.3895948956103461,0.6767573271958116,1.3439458318408304,0.3895948956103461,0.6767573271958116,1.7335407274511765,2.0207031590366418,1.0663522228061577,2.4102980546469883,3.670039635490874,4.492609264676963,2.5439755689687655,3.670039635490874,4.492609264676963,2.5439755689687655,8.162648900167838,6.21401520445964,7.036584833645728,10.706624469136603
328,16400,Blackhole Attack,0.78,1.2636116313101333,0.354811390836565,0.7541725161503917,1.2636116313101333,0.354811390836565,0.7541725161503917,1.6184230221466982,2.017784147460525,1.1089839069869567,2.37259553829709,3.308853507108716,3.9109772253831157,3.111037006187194,3.308853507108716,3.9109772253831157,3.111037006187194,7.219830732491832,6.419890513295909,7.02201423157031,10.330867738679025
329,16450,Blackhole Attack,0.78,1.250812116249548,0.2390856482297978,0.8085955471610785,1.250812116249548,0.2390856482297978,0.8085955471610785,1.4898977644793459,2.0594076634106266,1.0476811953908762,2.2984933116404243,3.251306319741918,1.9758703375370947,3.509682318553603,3.251306319741918,1.9758703375370947,3.509682318553603,5.227176657279013,6.760988638295521,5.4855526560906975,8.736858975832615
330,16500,Normal Traffic,0.76,1.2958768435178396,0.33270088084690985,0.7817053222765415,1.2958768435178396,0.33270088084690985,0.7817053222765415,1.6285777243647495,2.0775821657943814,1.1144062031234514,2.410283046641291,3.4539193321464228,3.5412565460338703,3.3127130961559335,3.4539193321464228,3.5412565460338703,3.3127130961559335,6.995175878180293,6.766632428302357,6.853969642189804,10.307888974336226
331,16550,Wormhole Attack,0.84,1.1777664475381544,0.3677224319471674,0.465831862745227,1.1777664475381544,0.3677224319471674,0.465831862745227,1.5454888794853219,1.6435983102833813,0.8335542946923944,2.011320742230549,2.9228897536634073,4.1268690746779235,0.9989596795483113,2.9228897536634073,4.1268690746779235,0.9989596795483113,7.04975882834133,3.921849433211719,5.125828754226235,8.048718507889642
332,16600,Blackhole Attack,0.88,1.319555233301325,0.3634356509321173,0.7529783477053003,1.319555233301325,0.3634356509321173,0.7529783477053003,1.6829908842334422,2.072533581006625,1.1164139986374175,2.4359692319387425,3.560378422742,4.055187707317003,3.102289796706742,3.560378422742,4.055187707317003,3.102289796706742,7.615566130059003,6.662668219448742,7.1574775040237455,10.717855926765745
333,16650,Sybil Attack,0.8,1.0951507232026294,0.30215509057331474,0.5174069042916913,1.0951507232026294,0.30215509057331474,0.5174069042916913,1.3973058137759442,1.6125576274943207,0.8195619948650061,1.9147127180676355,2.55144579306989,3.0304854088463054,1.376743646478847,2.55144579306989,3.0304854088463054,1.376743646478847,5.581931201916195,3.9281894395487367,4.4072290553251525,6.958674848395042
334,16700,Wormhole Attack,0.8,1.4625307475828757,0.4154655003304239,0.5989690419729115,1.4625307475828757,0.4154655003304239,0.5989690419729115,1.8779962479132997,2.0614997895557874,1.0144345423033354,2.476965289886211,4.203202675870261,4.925204331763072,1.974181224823525,4.203202675870261,4.925204331763072,1.974181224823525,9.128407007633333,6.177383900693786,6.899385556586597,11.102588232456858
335,16750,Blackhole Attack,0.74,1.2278475888006048,0.3869683026016685,0.6008571003248765,1.2278475888006048,0.3869683026016685,0.6008571003248765,1.6148158914022734,1.8287046891254812,0.987825402926545,2.21567299172715,3.148056785862009,4.4486887150380525,1.988011134652276,3.148056785862009,4.4486887150380525,1.988011134652276,7.596745500900061,5.136067920514285,6.436699849690329,9.584756635552337
336,16800,Wormhole Attack,0.8,1.2680734474312683,0.38799781419142665,0.976823051744619,1.2680734474312683,0.38799781419142665,0.976823051744619,1.656071261622695,2.244896499175887,1.3648208659360457,2.6328943133673137,3.328914030269459,4.465903683147852,4.74193831142835,3.328914030269459,4.465903683147852,4.74193831142835,7.794817713417311,8.070852341697808,9.207841994576203,12.536756024845662
337,16850,Wormhole Attack,0.72,1.046012618371874,0.2861578378579659,0.6778433005355712,1.046012618371874,0.2861578378579659,0.6778433005355712,1.33217045622984,1.7238559189074452,0.9640011383935371,2.010013756765411,2.3305186944915537,2.762987501995329,2.551930256041689,2.3305186944915537,2.762987501995329,2.551930256041689,5.093506196486883,4.882448950533243,5.314917758037018,7.645436452528573
338,16900,Sybil Attack,0.8,1.386127534909063,0.4291700711895572,0.5634794547047849,1.386127534909063,0.4291700711895572,0.5634794547047849,1.8152976060986201,1.949606989613848,0.9926495258943421,2.378777060803405,3.859690443230711,5.154365181087637,1.7142222085849934,3.859690443230711,5.154365181087637,1.7142222085849934,9.014055624318347,5.5739126518157045,6.86858738967263,10.728277832903341
339,16950,Blackhole Attack,0.84,1.1855390807829214,0.29454293399819453,0.7968844622454553,1.1855390807829214,0.29454293399819453,0.7968844622454553,1.4800820147811158,1.9824235430283768,1.0914273962436498,2.276966477026571,2.9578358574456822,2.9031988061590295,3.4238993509819986,2.9578358574456822,2.9031988061590295,3.4238993509819986,5.861034663604712,6.381735208427681,6.3270981571410285,9.28493401458671
340,17000,Wormhole Attack,0.78,1.0470896660254378,0.40971377511265195,0.7401622682518891,1.0470896660254378,0.40971377511265195,0.7401622682518891,1.45680344113809,1.787251934277327,1.1498760433645412,2.1969657093899793,2.3353611485086962,4.829026914058109,3.0084128129714087,2.3353611485086962,4.829026914058109,3.0084128129714087,7.164388062566806,5.343773961480105,7.837439727029517,10.172800875538215
341,17050,Blackhole Attack,0.86,1.466787867599281,0.3234572613630826,0.8458560286704175,1.466787867599281,0.3234572613630826,0.8458560286704175,1.7902451289623635,2.3126438962696985,1.1693132900335002,2.636101157632781,4.222342876265932,3.3866894520679005,3.782613024807294,4.222342876265932,3.3866894520679005,3.782613024807294,7.609032328333832,8.004955901073226,7.1693024768751945,11.391645353141126
342,17100,Normal Traffic,0.72,1.2536974667495857,0.32343281766140486,0.8118551977262015,1.2536974667495857,0.32343281766140486,0.8118551977262015,1.5771302844109907,2.065552664475787,1.1352880153876064,2.3889854821371923,3.264278983554461,3.386280716946262,3.5335590559128955,3.264278983554461,3.386280716946262,3.5335590559128955,6.6505597005007235,6.797838039467356,6.919839772859158,10.18411875641362
343,17150,Wormhole Attack,0.9,1.1699732553437117,0.3455728115202503,0.6601040077590793,1.1699732553437117,0.3455728115202503,0.6601040077590793,1.515546066863962,1.8300772631027908,1.0056768192793295,2.175650074623041,2.8878512159316068,3.756494410529553,2.4219910413615082,2.8878512159316068,3.756494410529553,2.4219910413615082,6.64434562646116,5.3098422572931145,6.178485451891062,9.066336667822668
344,17200,Blackhole Attack,0.76,1.3806211321191204,0.3520775599297038,0.4990947217524884,1.3806211321191204,0.3520775599297038,0.4990947217524884,1.732698692048824,1.8797158538716088,0.8511722816821923,2.2317934138013125,3.8349334120799234,3.865263498264945,1.2426080499697556,3.8349334120799234,3.865263498264945,1.2426080499697556,7.700196910344868,5.077541462049679,5.107871548234701,8.942804960314623
345,17250,Sybil Attack,0.84,1.3661992339353533,0.3913037889233163,0.5534285359681738,1.3661992339353533,0.3913037889233163,0.5534285359681738,1.7575030228586694,1.919627769903527,0.9447323248914901,2.310931558826843,3.770091918239127,4.521184507713072,1.6405998548697263,3.770091918239127,4.521184507713072,1.6405998548697263,8.2912764259522,5.410691773108853,6.161784362582798,9.931876280821927
346,17300,Blackhole Attack,0.78,1.250200934278181,0.36627995143408176,0.8949102524519321,1.250200934278181,0.36627995143408176,0.8949102524519321,1.6164808857122628,2.145111186730113,1.2611902038860139,2.511391138164195,3.2485584184929266,4.10274865070328,4.141932158620948,3.2485584184929266,4.10274865070328,4.141932158620948,7.351307069196206,7.390490577113875,8.244680809324228,11.493239227817154
347,17350,Sybil Attack,0.76,1.195627485851118,0.3829500351247468,0.5814771458066886,1.195627485851118,0.3829500351247468,0.5814771458066886,1.5785775209758648,1.7771046316578065,0.9644271809314354,2.1600546667825533,3.003193774049838,4.381497294212863,1.8460541749042472,3.003193774049838,4.381497294212863,1.8460541749042472,7.384691068262701,4.849247948954085,6.2275514691171105,9.230745243166949
348,17400,Normal Traffic,0.72,1.290979074393549,0.3601785467806961,0.5747498506984661,1.290979074393549,0.3601785467806961,0.5747498506984661,1.6511576211742451,1.865728925092015,0.9349283974791622,2.225907471872711,3.431898744949115,4.000724071691316,1.7967771572520737,3.431898744949115,4.000724071691316,1.7967771572520737,7.432622816640431,5.228675902201189,5.797501228943389,9.229399973892505
349,17450,Wormhole Attack,0.76,1.1732369872028314,0.2938095749625771,0.4267425767393001,1.1732369872028314,0.2938095749625771,0.4267425767393001,1.4670465621654085,1.5999795639421315,0.7205521517018771,1.8937891389047086,2.9025250991156755,2.8909359501244,0.7126330942658285,2.9025250991156755,2.8909359501244,0.7126330942658285,5.793461049240076,3.615158193381504,3.6035690443902286,6.506094143505904
350,17500,Sybil Attack,0.74,1.3419445571391018,0.4326425125416642,0.30129619309506267,1.3419445571391018,0.4326425125416642,0.30129619309506267,1.774587069680766,1.6432407502341644,0.7339387056367268,2.075883262775829,3.661041815676008,5.212429575635844,-0.2062538523886762,3.661041815676008,5.212429575635844,-0.2062538523886762,8.873471391311853,3.4547879632873317,5.006175723247168,8.667217538923177
351,17550,Blackhole Attack,0.8,1.2467249140549912,0.3344937051327336,0.7358784678690721,1.2467249140549912,0.3344937051327336,0.7358784678690721,1.5812186191877249,1.9826033819240632,1.0703721730018056,2.317097087056797,3.2329300774090783,3.571235240022326,2.9770342419875893,3.2329300774090783,3.571235240022326,2.9770342419875893,6.804165317431405,6.209964319396668,6.548269482009916,9.781199559418994
352,17600,Blackhole Attack,0.82,1.1972190806102192,0.3143707886101265,0.7562013314154575,1.1972190806102192,0.3143707886101265,0.7562013314154575,1.5115898692203458,1.9534204120256766,1.070572120025584,2.2677912006358034,3.0103496546734765,3.2347500856451843,3.1258979516372385,3.0103496546734765,3.2347500856451843,3.1258979516372385,6.245099740318661,6.1362476063107145,6.360648037282423,9.3709976919559
353,17650,Wormhole Attack,0.88,1.2415235370345965,0.33136216026074106,0.6595859729032136,1.2415235370345965,0.33136216026074106,0.6595859729032136,1.5728856972953376,1.9011095099378101,0.9909481331639547,2.232471670198551,3.2095444556459736,3.518871142675525,2.4181964683085537,3.2095444556459736,3.518871142675525,2.4181964683085537,6.728415598321499,5.627740923954527,5.937067610984078,9.146612066630052
354,17700,Flooding Attack,0.74,1.3630724056824959,0.35778783737798986,0.6237371081290023,1.3630724056824959,0.35778783737798986,0.6237371081290023,1.7208602430604858,1.9868095138114983,0.9815249455069921,2.344597351189488,3.756033559740445,3.9607478474925646,2.15560576671587,3.756033559740445,3.9607478474925646,2.15560576671587,7.716781407233009,5.911639326456315,6.1163536142084345,9.87238717394888
355,17750,Sybil Attack,0.72,1.2458542096972083,0.367948934974022,0.4447721632508695,1.2458542096972083,0.367948934974022,0.4447721632508695,1.6138031446712302,1.6906263729480777,0.8127210982248915,2.0585753079220996,3.229015352001026,4.130656542854936,0.8446986924742491,3.229015352001026,4.130656542854936,0.8446986924742491,7.359671894855962,4.073714044475275,4.975355235329185,8.204370587330212
356,17800,Wormhole Attack,0.78,1.4129119063795026,0.3474190655060759,0.6898502431612608,1.4129119063795026,0.3474190655060759,0.6898502431612608,1.7603309718855784,2.102762149540763,1.0372693086673366,2.450181215046839,3.9801141652401304,3.7873665287308085,2.6398803629117693,3.9801141652401304,3.7873665287308085,2.6398803629117693,7.767480693970938,6.619994528151899,6.427246891642578,10.407361056882708
357,17850,Blackhole Attack,0.86,1.2329731266434814,0.3185065141032132,0.7055649700563673,1.2329731266434814,0.3185065141032132,0.7055649700563673,1.5514796407466944,1.9385380966998487,1.0240714841595806,2.257044610803062,3.1711014313195487,3.303905579553801,2.754989758612689,3.1711014313195487,3.303905579553801,2.754989758612689,6.47500701087335,5.9260911899322375,6.05889533816649,9.22999676948604
358,17900,Normal Traffic,0.76,0.9221451163758599,0.3384430981456208,0.5415409826477932,0.9221451163758599,0.3384430981456208,0.5415409826477932,1.2605882145214808,1.463686099023653,0.879984080793414,1.802129197169274,1.7736049120333093,3.6372749771620394,1.5535242672247656,1.7736049120333093,3.6372749771620394,1.5535242672247656,5.410879889195349,3.327129179258075,5.190799244386805,6.964404156420114
359,17950,Wormhole Attack,0.76,1.3243382417967138,0.4142404917468796,0.7219823163533665,1.3243382417967138,0.4142404917468796,0.7219823163533665,1.7385787335435934,2.0463205581500805,1.1362228081002461,2.4605610498969597,3.581883041062168,4.9047203625588995,2.875245797669198,3.581883041062168,4.9047203625588995,2.875245797669198,8.486603403621068,6.457128838731366,7.779966160228097,11.361849201290266
360,18000,Blackhole Attack,0.78,1.5778774027477893,0.3769443701521528,0.7110710511983487,1.5778774027477893,0.3769443701521528,0.7110710511983487,1.9548217728999422,2.288948453946138,1.0880154213505016,2.665892824098291,4.7218063530790415,4.2810736253490385,2.795321460026543,4.7218063530790415,4.2810736253490385,2.795321460026543,9.00287997842808,7.517127813105585,7.076395085375582,11.798201438454623
361,18050,Wormhole Attack,0.84,1.0497582258987608,0.3638707128326298,0.859909026531969,1.0497582258987608,0.3638707128326298,0.859909026531969,1.4136289387313905,1.9096672524307299,1.2237797393645988,2.2735379652633596,2.347359112048934,4.062462590686573,3.8855503588396925,2.347359112048934,4.062462590686573,3.8855503588396925,6.409821702735506,6.232909470888627,7.948012949526265,10.295372061575199
362,18100,Sybil Attack,0.76,1.161648594115811,0.4027955960985468,0.39994251554727267,1.161648594115811,0.4027955960985468,0.39994251554727267,1.5644441902143578,1.5615911096630837,0.8027381116458194,1.9643867057616304,2.850423169854898,4.713344650458067,0.5163243152998658,2.850423169854898,4.713344650458067,0.5163243152998658,7.563767820312965,3.3667474851547636,5.2296689657579325,8.08009213561283
363,18150,Sybil Attack,0.78,1.1261915103790436,0.3741036030318893,0.6634948194159532,1.1261915103790436,0.3741036030318893,0.6634948194159532,1.500295113410933,1.7896863297949968,1.0375984224478425,2.1637899328268864,2.691006548864049,4.233571765370764,2.446828525548391,2.691006548864049,4.233571765370764,2.446828525548391,6.924578314234813,5.13783507441244,6.680400290919154,9.371406839783203
364,18200,Blackhole Attack,0.8,1.2202995253496864,0.3410789877465264,0.8275942697194317,1.2202995253496864,0.3410789877465264,0.8275942697194317,1.5613785130962128,2.0478937950691183,1.1686732574659582,2.3889727828156446,3.114120357832476,3.6813509796781454,3.648846777941215,3.114120357832476,3.6813509796781454,3.648846777941215,6.795471337510621,6.762967135773691,7.33019775761936,10.444318115451836
365,18250,Blackhole Attack,0.8,1.2737859953517083,0.39966535096697686,0.5288367734869741,1.2737859953517083,0.39966535096697686,0.5288367734869741,1.6734513463186853,1.8026227688386824,0.928502124453951,2.2022881198056594,3.3545978990694336,4.661002286708195,1.4604667264147284,3.3545978990694336,4.661002286708195,1.4604667264147284,8.015600185777629,4.815064625484162,6.1214690131229235,9.476066912192357
