window_idx,start_pos,majority_label,attack_frac,W2_c2,W2_network,W2_physical,W2_c2_only,W2_network_only,W2_physical_only,W2_c2_network,W2_c2_physical,W2_network_physical,W2_all_three,Z2_c2,Z2_network,Z2_physical,Z2_c2_only,Z2_network_only,Z2_physical_only,Z2_c2_network,Z2_c2_physical,Z2_network_physical,Z2_all_three
0,0,Sybil Attack,0.74,1.3258749629761497,0.3624523705984549,0.5783396130971198,1.3258749629761497,0.3624523705984549,0.5783396130971198,1.6883273335746045,1.9042145760732696,0.9407919836955747,2.2666669466717244,3.588792207638005,4.067303984928631,1.8230719432306695,3.588792207638005,4.067303984928631,1.8230719432306695,7.656096192566636,5.4118641508686745,5.8903759281593,9.479168135797305
1,50,Wormhole Attack,0.86,1.3779344955655963,0.3621044469442266,0.5810708609779062,1.3779344955655963,0.3621044469442266,0.5810708609779062,1.7400389425098228,1.9590053565435026,0.9431753079221328,2.321109803487729,3.822854174983806,4.0614409530360716,1.8430781638392273,3.822854174983806,4.0614409530360716,1.8430781638392273,7.884295128019877,5.665932338823033,5.904519116875299,9.727373291859104
2,100,Wormhole Attack,0.84,1.3043254604345014,0.3572608054863366,0.8123093275489912,1.3043254604345014,0.3572608054863366,0.8123093275489912,1.661586265920838,2.1166347879834926,1.1695701330353279,2.4738955934698295,3.491904688497197,3.979818378662048,3.53688552857895,3.491904688497197,3.979818378662048,3.53688552857895,7.471723067159244,7.028790217076147,7.5167039072409985,11.008608595738195
3,150,Flooding Attack,0.78,1.1279763743841706,0.34577700388709226,0.5724974818535461,1.1279763743841706,0.34577700388709226,0.5724974818535461,1.4737533782712628,1.7004738562377169,0.9182744857406384,2.046250860124809,2.699031376589249,3.7862992137362497,1.7802786957538308,2.699031376589249,3.7862992137362497,1.7802786957538308,6.485330590325498,4.47931007234308,5.56657790949008,8.265609286079329
4,200,Blackhole Attack,0.78,1.2356482245672724,0.32873709485689623,0.7023607080415984,1.2356482245672724,0.32873709485689623,0.7023607080415984,1.5643853194241686,1.938008932608871,1.0310978028984947,2.266746027465767,3.1831287902246523,3.49915136139508,2.731518738934815,3.1831287902246523,3.49915136139508,2.731518738934815,6.682280151619732,5.914647529159467,6.230670100329895,9.413798890554547
5,250,Normal Traffic,0.72,1.0265702404434982,0.26357603985217753,0.6361345858813824,1.0265702404434982,0.26357603985217753,0.6361345858813824,1.2901462802956758,1.6627048263248807,0.8997106257335599,1.9262808661770583,2.2431049010623223,2.40109051096843,2.2464165190641303,2.2431049010623223,2.40109051096843,2.2464165190641303,4.6441954120307525,4.489521420126453,4.6475070300325605,6.890611931094883
6,300,Wormhole Attack,0.8,1.1942152683716185,0.3624496646719677,0.8023386393904465,1.1942152683716185,0.3624496646719677,0.8023386393904465,1.5566649330435862,1.996553907762065,1.164788304062414,2.3590035724340326,2.996844381630614,4.067258386036171,3.463850858850787,2.996844381630614,4.067258386036171,3.463850858850787,7.064102767666785,6.460695240481401,7.531109244886958,10.527953626517572
7,350,Sybil Attack,0.82,1.1537471902477525,0.34553697525175314,0.499286435582362,1.1537471902477525,0.34553697525175314,0.499286435582362,1.4992841654995057,1.6530336258301146,0.8448234108341152,1.9985706010818678,2.8148981076393684,3.7822543736484375,1.2440123418325133,2.8148981076393684,3.7822543736484375,1.2440123418325133,6.5971524812878055,4.058910449471882,5.026266715480951,7.841164823120319
8,400,Blackhole Attack,0.8,1.276800867361606,0.21639177677026528,0.7351282134526502,1.276800867361606,0.21639177677026528,0.7351282134526502,1.4931926441318712,2.011929080814256,0.9515199902229154,2.2283208575845217,3.3681528973345447,1.6059653853435087,2.9715386751175625,3.3681528973345447,1.6059653853435087,2.9715386751175625,4.974118282678053,6.339691572452107,4.577504060461071,7.945656957795616
9,450,Sybil Attack,0.82,1.1207255956411528,0.3360796770547018,0.514860881478923,1.1207255956411528,0.3360796770547018,0.514860881478923,1.4568052726958547,1.6355864771200759,0.8509405585336247,1.9716661541747778,2.6664315537909182,3.622884810030406,1.3580941879566129,2.6664315537909182,3.622884810030406,1.3580941879566129,6.2893163638213245,4.0245257417475315,4.980978997987019,7.647410551777938
10,500,Blackhole Attack,0.8,1.134649099607838,0.23730129212117207,0.5312518606354436,1.134649099607838,0.23730129212117207,0.5312518606354436,1.3719503917290101,1.6659009602432815,0.7685531527566156,1.9032022523644536,2.7290322451280904,1.95832186892965,1.4781570893514173,2.7290322451280904,1.95832186892965,1.4781570893514173,4.68735411405774,4.207189334479508,3.436478958281067,6.1655112034091575
11,550,Wormhole Attack,0.82,1.2467562347695207,0.3905862351520291,0.60470545284982,1.2467562347695207,0.3905862351520291,0.60470545284982,1.6373424699215497,1.8514616876193406,0.9952916880018492,2.24204792277137,3.2330708967306663,4.541401515044568,2.016200077199429,3.2330708967306663,4.541401515044568,2.016200077199429,7.774472411775235,5.249270973930095,6.557601592243998,9.790672488974664
12,600,Normal Traffic,0.7,1.5027122326465279,0.379478219029473,0.48698004658995364,1.5027122326465279,0.379478219029473,0.48698004658995364,1.8821904516760009,1.9896922792364815,0.8664582656194266,2.3691704982659543,4.3838604147524745,4.354214895226892,1.1538688089775013,4.3838604147524745,4.354214895226892,1.1538688089775013,8.738075309979367,5.537729223729976,5.5080837042043935,9.891944118956868
13,650,Wormhole Attack,0.8,1.3472188422563671,0.2615783609131132,0.8724459284952774,1.3472188422563671,0.2615783609131132,0.8724459284952774,1.6087972031694804,2.2196647707516446,1.1340242894083905,2.481243131664758,3.684755235476094,2.367426644805589,3.977382384848841,3.684755235476094,2.367426644805589,3.977382384848841,6.052181880281683,7.662137620324936,6.34480902965443,10.029564265130524
14,700,Sybil Attack,0.78,1.3586614783059197,0.3549833993546738,0.6678764447433386,1.3586614783059197,0.3549833993546738,0.6678764447433386,1.7136448776605935,2.026537923049258,1.0228598440980123,2.381521322403932,3.7362018346321375,3.941440692580701,2.47892365815806,3.7362018346321375,3.941440692580701,2.47892365815806,7.677642527212838,6.2151254927901975,6.420364350738761,10.156566185370899
15,750,Blackhole Attack,0.84,1.306585358798004,0.31926599084041185,0.7045335531431248,1.306585358798004,0.31926599084041185,0.7045335531431248,1.625851349638416,2.011118911941129,1.0237995439835368,2.3303849027815406,3.502065291765276,3.3395491491523996,2.7474346939659067,3.502065291765276,3.3395491491523996,2.7474346939659067,6.841614440917676,6.249499985731182,6.086983843118306,9.589049134883583
16,800,Normal Traffic,0.66,1.263190881919282,0.3181092489201011,0.7626977158700873,1.263190881919282,0.3181092489201011,0.7626977158700873,1.5813001308393833,2.0258885977893692,1.0808069647901883,2.3439978467094704,3.3069617991873477,3.320056324540389,3.17348356313432,3.3069617991873477,3.320056324540389,3.17348356313432,6.627018123727737,6.480445362321667,6.493539887674709,9.800501686862058
17,850,Sybil Attack,0.84,1.2857324006844393,0.4067803780673309,0.5531633552928761,1.2857324006844393,0.4067803780673309,0.5531633552928761,1.6925127787517702,1.8388957559773154,0.959943733360207,2.245676134044646,3.4083094672646546,4.814296948370798,1.638657422940185,3.4083094672646546,4.814296948370798,1.638657422940185,8.222606415635452,5.046966890204839,6.452954371310982,9.861263838575637
18,900,Wormhole Attack,0.78,1.3015010442560444,0.3490105354729507,0.6554133360393674,1.3015010442560444,0.3490105354729507,0.6554133360393674,1.650511579728995,1.9569143802954119,1.004423871512318,2.3059249157683626,3.479205988096899,3.8407890381074483,2.3876321631772766,3.479205988096899,3.8407890381074483,2.3876321631772766,7.319995026204348,5.866838151274175,6.228421201284725,9.707627189381624
19,950,Normal Traffic,0.74,1.2253136660052943,0.36763662028217997,0.6714694833042205,1.2253136660052943,0.36763662028217997,0.6714694833042205,1.5929502862874743,1.8967831493095149,1.0391061035864004,2.2644197695916946,3.1366641565956264,4.154666315328637,2.5052424418209185,3.1366641565956264,4.154666315328637,2.5052424418209185,7.2913304719242635,5.641906598416545,6.659908757149555,9.796572913745182
20,1000,Flooding Attack,0.82,1.2099078651529358,0.3252157171404961,0.4968164089837457,1.2099078651529358,0.3252157171404961,0.4968164089837457,1.535123582293432,1.7067242741366815,0.8220321261242418,2.0319399912771776,3.067398992721073,3.439810900905854,1.2259195508454512,3.067398992721073,3.439810900905854,1.2259195508454512,6.507209893626927,4.293318543566524,4.665730451751305,7.733129444472378
21,1050,Normal Traffic,0.72,1.3254043916329286,0.39212488960414005,0.7279760546537718,1.3254043916329286,0.39212488960414005,0.7279760546537718,1.7175292812370686,2.0533804462867002,1.1201009442579117,2.4455053358908403,3.586676498009194,4.567330134771111,2.9191495573943476,3.586676498009194,4.567330134771111,2.9191495573943476,8.154006632780305,6.505826055403542,7.486479692165458,11.073156190174654
22,1100,Blackhole Attack,0.74,1.4580472997589626,0.32903563098193417,0.7677261655352635,1.4580472997589626,0.32903563098193417,0.7677261655352635,1.7870829307408969,2.225773465294226,1.0967617965171976,2.5548090962761605,4.183044895614469,3.504182139845774,3.210316643730278,4.183044895614469,3.504182139845774,3.210316643730278,7.687227035460243,7.393361539344747,6.714498783576053,10.897543679190521
23,1150,Normal Traffic,0.76,1.1896870685826582,0.3517784364833809,0.5430394239666524,1.1896870685826582,0.3517784364833809,0.5430394239666524,1.541465505066039,1.7327264925493107,0.8948178604500333,2.0845049290326916,2.976485394555233,3.8874322936101366,1.5645002565536599,2.976485394555233,3.8874322936101366,1.5645002565536599,6.86391768816537,4.540985651108893,5.4519325501637965,8.42841794471903
24,1200,Wormhole Attack,0.7,1.0574882201616547,0.3138607555797979,0.5462350354033417,1.0574882201616547,0.3138607555797979,0.5462350354033417,1.3713489757414525,1.6037232555649963,0.8600957909831397,1.9175840111447942,2.3821135090776826,3.2484628825688393,1.5879079112859098,2.3821135090776826,3.2484628825688393,1.5879079112859098,5.630576391646522,3.9700214203635924,4.8363707938547496,7.218484302932431
25,1250,Normal Traffic,0.72,1.3597180381942922,0.3162532013445045,0.4731727876067512,1.3597180381942922,0.3162532013445045,0.4731727876067512,1.6759712395387967,1.8328908258010435,0.7894259889512557,2.1491440271455478,3.740952174748354,3.288779157847119,1.0527314969229447,3.740952174748354,3.288779157847119,1.0527314969229447,7.029731332595473,4.793683671671299,4.3415106547700635,8.082462829518418
26,1300,Sybil Attack,0.84,1.3425606733172242,0.3479198543921526,0.7781265805955124,1.3425606733172242,0.3479198543921526,0.7781265805955124,1.6904805277093768,2.1206872539127364,1.126046434987665,2.468607108304889,3.6638119013374024,3.8224094370552764,3.286499036247503,3.6638119013374024,3.8224094370552764,3.286499036247503,7.486221338392679,6.950310937584906,7.10890847330278,10.772720374640182
27,1350,Blackhole Attack,0.76,1.2153441801775486,0.345015813645823,0.6986943390035811,1.2153441801775486,0.345015813645823,0.6986943390035811,1.5603599938233716,1.9140385191811298,1.0437101526494041,2.2590543328269526,3.0918409061705683,3.7734720241886888,2.7046628140943936,3.0918409061705683,3.7734720241886888,2.7046628140943936,6.8653129303592575,5.796503720264962,6.478134838283083,9.56997574445365
28,1400,Normal Traffic,0.72,1.1020904123585453,0.3740491536195345,0.6993045391452667,1.1020904123585453,0.3740491536195345,0.6993045391452667,1.4761395659780798,1.801394951503812,1.073353692764801,2.1754441051233466,2.5826469432878865,4.2627270551262795,2.7091324921253817,2.5826469432878865,4.2627270551262795,2.7091324921253817,6.845373998414166,5.291779435413268,6.971859547251661,9.554506490539548
29,1450,Blackhole Attack,0.8,1.1965614906549649,0.3530139774795198,0.7205674530029432,1.1965614906549649,0.3530139774795198,0.7205674530029432,1.5495754681344847,1.9171289436579082,1.073581430482463,2.270142921137428,3.007393101070748,3.908253000040672,2.8648820117533687,3.007393101070748,3.908253000040672,2.8648820117533687,6.91564610111142,5.872275112824116,6.773135011794041,9.78052811286479
30,1500,Normal Traffic,0.7,1.3714751591147167,0.3560478368840257,0.5433788203881731,1.3714751591147167,0.3560478368840257,0.5433788203881731,1.7275229959987424,1.9148539795028898,0.8994266572721987,2.2709018163869157,3.793812711831142,3.959378050694708,1.566986314201691,3.793812711831142,3.959378050694708,1.566986314201691,7.7531907625258505,5.360799026032833,5.526364364896399,9.320177076727541
31,1550,Sybil Attack,0.84,1.181730363704696,0.40243871555700206,0.4166810771466559,1.181730363704696,0.40243871555700206,0.4166810771466559,1.5841690792616983,1.598411440851352,0.819119792703658,2.000850156408354,2.940711696546595,4.741133467085666,0.6389332364391573,2.940711696546595,4.741133467085666,0.6389332364391573,7.681845163632261,3.5796449329857523,5.3800667035248235,8.320778400071418
32,1600,Normal Traffic,0.66,1.2414750911766164,0.320282169447848,0.606571574861097,1.2414750911766164,0.320282169447848,0.606571574861097,1.5617572606244643,1.8480466660377135,0.9268537443089451,2.1683288354855614,3.2093266409199366,3.35667327253846,2.0298693046989644,3.2093266409199366,3.35667327253846,2.0298693046989644,6.565999913458397,5.239195945618901,5.3865425772374245,8.595869218157361
33,1650,Sybil Attack,0.78,1.2709186483174777,0.36343326955073546,0.5267131508969912,1.2709186483174777,0.36343326955073546,0.5267131508969912,1.634351917868213,1.7976317992144688,0.8901464204477267,2.1610650687652044,3.3417061796376073,4.083833593567499,1.444911323214825,3.3417061796376073,4.083833593567499,1.444911323214825,7.425539773205107,4.786617502852432,5.528744916782324,8.87045109641993
34,1700,Blackhole Attack,0.84,1.2067996706161037,0.33996397377981263,0.5435047151433802,1.2067996706161037,0.33996397377981263,0.5435047151433802,1.5467636443959163,1.7503043857594838,0.8834686889231929,2.0902683595392966,3.053424412236041,3.688340996474529,1.5679084854421161,3.053424412236041,3.688340996474529,1.5679084854421161,6.74176540871057,4.621332897678157,5.256249481916645,8.309673894152686
35,1750,Wormhole Attack,0.82,1.024737231869787,0.3034418224854833,0.9555879356297428,1.024737231869787,0.3034418224854833,0.9555879356297428,1.3281790543552703,1.9803251674995297,1.259029758115226,2.283766989985013,2.2348636132215716,3.07288833833758,4.586392408534968,2.2348636132215716,3.07288833833758,4.586392408534968,5.307751951559151,6.82125602175654,7.659280746872548,9.894144360094119
36,1800,Blackhole Attack,0.8,1.4094680193598794,0.3711383568824654,0.45920697417669853,1.4094680193598794,0.3711383568824654,0.45920697417669853,1.7806063762423447,1.8686749935365778,0.830345331059164,2.2398133504190434,3.964630296464615,4.213675793751003,0.9504327834209149,3.964630296464615,4.213675793751003,0.9504327834209149,8.178306090215617,4.91506307988553,5.164108577171918,9.128738873636532
37,1850,Blackhole Attack,0.8,1.2271749864184984,0.3250786934434321,0.6976606368474169,1.2271749864184984,0.3250786934434321,0.6976606368474169,1.5522536798619306,1.9248356232659152,1.022739330290849,2.2499143167093476,3.1450327357223578,3.4375018474794508,2.697091010185548,3.1450327357223578,3.4375018474794508,2.697091010185548,6.5825345832018085,5.842123745907905,6.134592857664998,9.279625593387356
38,1900,Blackhole Attack,0.76,1.3910398648006268,0.311619827767478,0.6955928628989821,1.3910398648006268,0.311619827767478,0.6955928628989821,1.7026596925681048,2.086632727699609,1.00721269066646,2.398252555467087,3.8817764962834445,3.2106999105119476,2.6819446948064023,3.8817764962834445,3.2106999105119476,2.6819446948064023,7.092476406795392,6.563721191089847,5.89264460531835,9.774421101601794
39,1950,Wormhole Attack,0.84,1.1045842087723285,0.3662394178026563,0.7466500622336539,1.1045842087723285,0.3662394178026563,0.7466500622336539,1.4708236265749848,1.8512342710059824,1.1128894800363103,2.2174736888086386,2.5938591625633305,4.131121372068082,3.05593549978982,2.5938591625633305,4.131121372068082,3.05593549978982,6.724980534631413,5.64979466235315,7.187056871857902,9.780916034421233
40,2000,Flooding Attack,0.86,1.2362242675522646,0.3604782999838393,0.6772365924934413,1.2362242675522646,0.3604782999838393,0.6772365924934413,1.596702567536104,1.913460860045706,1.0377148924772805,2.273939160029545,3.1857187050324995,4.034037954203221,2.5474861574224374,3.1857187050324995,4.034037954203221,2.5474861574224374,7.2197566592357205,5.7332048624549365,6.581524111625658,9.767242816658158
41,2050,Blackhole Attack,0.82,1.290246656672104,0.28195318964864063,0.6184056848788604,1.290246656672104,0.28195318964864063,0.6184056848788604,1.5721998463207447,1.9086523415509644,0.9003588745275011,2.190605531199605,3.428605762391007,2.7107728623738963,2.1165534234810175,3.428605762391007,2.7107728623738963,2.1165534234810175,6.139378624764904,5.545159185872024,4.827326285854914,8.25593204824592
42,2100,Blackhole Attack,0.8,1.237185475556942,0.3316431888890342,0.7997281818182713,1.237185475556942,0.3316431888890342,0.7997281818182713,1.5688286644459764,2.036913657375213,1.1313713707073054,2.368556846264248,3.1900403388507974,3.5481233751864187,3.444729419729274,3.1900403388507974,3.5481233751864187,3.444729419729274,6.738163714037216,6.634769758580072,6.992852794915693,10.182893133766491
43,2150,Blackhole Attack,0.78,1.1522534070960093,0.32712595817028367,0.5383500588701016,1.1522534070960093,0.32712595817028367,0.5383500588701016,1.479379365266293,1.6906034659661109,0.8654760170403852,2.0177294241363946,2.808181992340325,3.4720013080368703,1.5301509493026992,2.808181992340325,3.4720013080368703,1.5301509493026992,6.280183300377195,4.338332941643024,5.00215225733957,7.810334249679895
44,2200,Wormhole Attack,0.78,1.3211779539740456,0.3159136779609966,0.5979962147153376,1.3211779539740456,0.3159136779609966,0.5979962147153376,1.6370916319350421,1.9191741686893833,0.9139098926763343,2.2350878466503796,3.5676742468536955,3.2830576830304907,1.9670553257552073,3.5676742468536955,3.2830576830304907,1.9670553257552073,6.850731929884186,5.534729572608903,5.250113008785698,8.817787255639393
45,2250,Normal Traffic,0.72,1.0434689623391469,0.2998259240572337,0.7035500360365999,1.0434689623391469,0.2998259240572337,0.7035500360365999,1.3432948863963805,1.7470189983757467,1.0033759600938337,2.0468449224329803,2.3190823041580795,3.0119550630415826,2.7402304924198493,2.3190823041580795,3.0119550630415826,2.7402304924198493,5.331037367199662,5.059312796577929,5.752185555461432,8.07126785961951
46,2300,Flooding Attack,0.86,1.0881321965253161,0.3556813954464551,0.5809291512396008,1.0881321965253161,0.3556813954464551,0.5809291512396008,1.4438135919717712,1.669061347764917,0.9366105466860559,2.024742743211372,2.519890185859272,3.9532029665659874,1.8420401488326572,2.519890185859272,3.9532029665659874,1.8420401488326572,6.4730931524252595,4.361930334691929,5.795243115398645,8.315133301257916
47,2350,Blackhole Attack,0.86,1.3840040280332908,0.32740105678537207,0.8070640808459172,1.3840040280332908,0.32740105678537207,0.8070640808459172,1.7114050848186628,2.191068108879208,1.1344651376312893,2.51846916566458,3.8501430621403876,3.4766371295289145,3.4984644231837874,3.8501430621403876,3.4766371295289145,3.4984644231837874,7.326780191669302,7.348607485324175,6.975101552712702,10.825244614853089
48,2400,Blackhole Attack,0.84,1.1767932823128577,0.38059096469970827,0.7726912882366535,1.1767932823128577,0.38059096469970827,0.7726912882366535,1.557384247012566,1.9494845705495112,1.1532822529363618,2.3300755352492195,2.9185143596509064,4.372966317481775,3.2466858582608777,2.9185143596509064,4.372966317481775,3.2466858582608777,7.291480677132681,6.165200217911784,7.619652175742653,10.53816653539356
49,2450,Blackhole Attack,0.84,1.4618207288941136,0.35284059556268066,0.5663511926842434,1.4618207288941136,0.35284059556268066,0.5663511926842434,1.8146613244567944,2.028171921578357,0.919191788246924,2.3810125171410377,4.200010400356485,3.905331256446447,1.7352575104157737,4.200010400356485,3.905331256446447,1.7352575104157737,8.105341656802931,5.935267910772258,5.640588766862221,9.840599167218706
50,2500,Normal Traffic,0.64,1.3257399648090793,0.332801028738744,0.41012564860130346,1.3257399648090793,0.332801028738744,0.41012564860130346,1.6585409935478233,1.7358656134103827,0.7429266773400475,2.0686666421491267,3.588185249891731,3.567634701544442,0.5909151306551457,3.588185249891731,3.567634701544442,0.5909151306551457,7.1558199514361736,4.179100380546877,4.158549832199588,7.74673508209132
51,2550,Wormhole Attack,0.82,1.180520343961029,0.2917974314441153,0.8236576226909925,1.180520343961029,0.2917974314441153,0.8236576226909925,1.4723177754051444,2.0041779666520214,1.1154550541351078,2.295975398096137,2.9352713941150785,2.8766630020740855,3.6200110836554575,2.9352713941150785,2.8766630020740855,3.6200110836554575,5.811934396189164,6.555282477770536,6.496674085729543,9.431945479844622
52,2600,Sybil Attack,0.84,1.0275072277875092,0.34656420817562883,0.4886218507580305,1.0275072277875092,0.34656420817562883,0.4886218507580305,1.374071435963138,1.5161290785455397,0.8351860589336593,1.8626932867211685,2.2473176377160855,3.7995647787346583,1.1658949222474322,2.2473176377160855,3.7995647787346583,1.1658949222474322,6.046882416450744,3.413212559963518,4.96545970098209,7.212777338698176
53,2650,Normal Traffic,0.7,1.431373961095284,0.3442365876882657,0.6502474780627853,1.431373961095284,0.3442365876882657,0.6502474780627853,1.7756105487835496,2.081621439158069,0.994484065751051,2.425858026846335,4.063120382028516,3.760340905952989,2.3497925752588693,4.063120382028516,3.760340905952989,2.3497925752588693,7.823461287981505,6.412912957287386,6.110133481211858,10.173253863240374
54,2700,Wormhole Attack,0.82,1.200751612560075,0.32842987645383276,0.8150989081582442,1.200751612560075,0.32842987645383276,0.8150989081582442,1.5291814890139077,2.015850520718319,1.143528784612077,2.344280397172152,3.026232074986692,3.4939742736252435,3.5573190327902195,3.026232074986692,3.4939742736252435,3.5573190327902195,6.520206348611936,6.583551107776912,7.051293306415463,10.077525381402156
55,2750,Blackhole Attack,0.88,1.187281745551252,0.3444153499069706,0.8214393974933594,1.187281745551252,0.3444153499069706,0.8214393974933594,1.5316970954582227,2.0087211430446112,1.16585474740033,2.353136492951582,2.9656709555307232,3.7633533156489496,3.6037627222469233,2.9656709555307232,3.7633533156489496,3.6037627222469233,6.729024271179673,6.5694336777776465,7.367116037895872,10.332786993426597
56,2800,Blackhole Attack,0.82,1.3471157484942187,0.42767800817308427,0.5368930316623717,1.3471157484942187,0.42767800817308427,0.5368930316623717,1.7747937566673029,1.8840087801565903,0.9645710398354559,2.3116867883296743,3.6842917213492994,5.166453147870075,1.5194783157583127,3.6842917213492994,5.166453147870075,1.5194783157583127,8.850744869219374,5.203770037107612,6.685931463628387,10.370223184977688
57,2850,Blackhole Attack,0.8,1.2661699263818813,0.3406786498603311,0.815174797542817,1.2661699263818813,0.3406786498603311,0.815174797542817,1.6068485762422124,2.0813447239246985,1.155853447403148,2.4220233737850294,3.3203557152108645,3.7003843531190284,3.557874917805378,3.3203557152108645,3.7003843531190284,3.557874917805378,7.020740068329893,6.878230633016242,7.258259270924406,10.578614986135271
58,2900,Flooding Attack,0.88,1.1323462789829306,0.3271649732272422,0.6176137796504961,1.1323462789829306,0.3271649732272422,0.6176137796504961,1.4595112522101727,1.7499600586334267,0.9447787528777383,2.077125031860669,2.718678661469147,3.472658769869252,2.1107527670077704,2.718678661469147,3.472658769869252,2.1107527670077704,6.191337431338399,4.8294314284769175,5.583411536877023,8.30209019834617
59,2950,Blackhole Attack,0.82,1.2738769182339118,0.4243584456501032,0.9241315664956972,1.2738769182339118,0.4243584456501032,0.9241315664956972,1.698235363884015,2.198008484729609,1.3484900121458003,2.6223669303797124,3.3550066923802215,5.110513574043883,4.355976463916002,3.3550066923802215,5.110513574043883,4.355976463916002,8.465520266424104,7.710983156296223,9.466490037959884,12.821496730340105
60,3000,Normal Traffic,0.74,1.3865315530078308,0.3901588604461293,0.5049070641178043,1.3865315530078308,0.3901588604461293,0.5049070641178043,1.77669041345396,1.891438617125635,0.8950659245639336,2.2815974775717645,3.861506926520845,4.534199614569243,1.2851830957687824,3.861506926520845,4.534199614569243,1.2851830957687824,8.395706541090087,5.1466900222896275,5.819382710338025,9.68088963685887
61,3050,Flooding Attack,0.82,1.113482239867134,0.3301846063915538,0.4612275042268127,1.113482239867134,0.3301846063915538,0.4612275042268127,1.443666846258688,1.5747097440939468,0.7914121106183665,1.9048943504855007,2.633865104990414,3.5235440871824903,0.9652330401874906,2.633865104990414,3.5235440871824903,0.9652330401874906,6.157409192172905,3.5990981451779045,4.488777127369981,7.122642232360395
62,3100,Wormhole Attack,0.78,1.2654025956763015,0.3033614131748117,0.7922183337576012,1.2654025956763015,0.3033614131748117,0.7922183337576012,1.5687640088511132,2.0576209294339027,1.095579746932413,2.3609823426087146,3.316905762327706,3.0715333216630976,3.3897202504424286,3.316905762327706,3.0715333216630976,3.3897202504424286,6.388439083990804,6.706626012770135,6.461253572105527,9.778159334433232
63,3150,Normal Traffic,0.7,1.1177893111759605,0.30794350015680355,0.4849978077671756,1.1177893111759605,0.30794350015680355,0.4849978077671756,1.425732811332764,1.602787118943136,0.7929413079239791,1.9107306190999398,2.653229888612135,3.148748313467796,1.1393490330661598,2.653229888612135,3.148748313467796,1.1393490330661598,5.8019782020799315,3.792578921678295,4.288097346533956,6.941327235146091
64,3200,Flooding Attack,0.78,1.2407107655391112,0.40324179381057407,0.8266165616779382,1.2407107655391112,0.40324179381057407,0.8266165616779382,1.6439525593496853,2.0673273272170496,1.2298583554885123,2.4705691210276237,3.2058901989561153,4.7546665320431405,3.6416851274346893,3.2058901989561153,4.7546665320431405,3.6416851274346893,7.960556730999256,6.847575326390805,8.39635165947783,11.602241858433946
65,3250,Wormhole Attack,0.8,1.366293303925236,0.365783794668767,0.6918186326326304,1.366293303925236,0.365783794668767,0.6918186326326304,1.732077098594003,2.0581119365578666,1.0576024273013975,2.4238957312266334,3.770514861085614,4.123443443498075,2.654298693186664,3.770514861085614,4.123443443498075,2.654298693186664,7.8939583045836885,6.424813554272278,6.777742136684738,10.548256997770352
66,3300,Blackhole Attack,0.78,1.3520495568173307,0.3677925135235177,0.8500176149214003,1.3520495568173307,0.3677925135235177,0.8500176149214003,1.7198420703408486,2.2020671717387312,1.2178101284449179,2.569859685262249,3.706474342382835,4.157293348686932,3.813096384887643,3.706474342382835,4.157293348686932,3.813096384887643,7.863767691069767,7.519570727270478,7.970389733574574,11.67686407595741
67,3350,Sybil Attack,0.82,1.253531742224265,0.4333074573749181,0.32479095408331926,1.253531742224265,0.4333074573749181,0.32479095408331926,1.6868391995991832,1.5783226963075845,0.7580984114582374,2.0116301536825025,3.2635338787387895,5.261317753385619,-0.03415619154177304,3.2635338787387895,5.261317753385619,-0.03415619154177304,8.524851632124408,3.2293776871970166,5.227161561843846,8.490695440582634
68,3400,Normal Traffic,0.74,1.4772438938443144,0.37573857484275086,0.5916252705438716,1.4772438938443144,0.37573857484275086,0.5916252705438716,1.8529824686870653,2.068869164388186,0.9673638453866225,2.444607739230937,4.269353633985029,4.29119631955055,1.9203885565191408,4.269353633985029,4.29119631955055,1.9203885565191408,8.560549953535578,6.18974219050417,6.211584876069691,10.480938510054719
69,3450,Sybil Attack,0.86,1.1957438129788338,0.35238985734391387,0.5303242016391758,1.1957438129788338,0.35238985734391387,0.5303242016391758,1.5481336703227477,1.7260680146180096,0.8827140589830897,2.0784578719619233,3.003716785975119,3.89773564597355,1.4713620449838212,3.003716785975119,3.89773564597355,1.4713620449838212,6.90145243194867,4.475078830958941,5.369097690957371,8.37281447693249
70,3500,Sybil Attack,0.8,1.393337516479718,0.4004360158081478,0.543396144789309,1.393337516479718,0.4004360158081478,0.543396144789309,1.7937735322878656,1.936733661269027,0.9438321605974568,2.3371696770771746,3.8921068401327563,4.7073849927981195,1.5671132143609456,3.8921068401327563,4.7073849927981195,1.5671132143609456,8.599491832930877,5.459220054493702,6.274498207159065,10.166605047291823
71,3550,Blackhole Attack,0.9,1.234803746649049,0.28904644306273125,0.6917676549295912,1.234803746649049,0.28904644306273125,0.6917676549295912,1.5238501897117802,1.9265714015786402,0.9808140979923226,2.2156178446413715,3.1793319800519932,2.830304749566393,2.653925284687093,3.1793319800519932,2.830304749566393,2.653925284687093,6.009636729618386,5.833257264739086,5.4842300342534855,8.663562014305478
72,3600,Blackhole Attack,0.78,1.1844722966075725,0.3275388915411079,0.6246531940815279,1.1844722966075725,0.3275388915411079,0.6246531940815279,1.5120111881486804,1.8091254906891003,0.9521920856226358,2.136664382230208,2.953039548481776,3.4789598505022115,2.1623160392588914,2.953039548481776,3.4789598505022115,2.1623160392588914,6.431999398983987,5.115355587740668,5.641275889761102,8.594315438242878
73,3650,Normal Traffic,0.7,1.3278283293663649,0.357788777534303,0.4484634981450574,1.3278283293663649,0.357788777534303,0.4484634981450574,1.6856171069006678,1.7762918275114223,0.8062522756793604,2.134080605045725,3.5975746295595883,3.988715494215955,0.8717374906561,3.5975746295595883,3.988715494215955,0.8717374906561,7.586290123775543,4.4693121202156885,4.860452984872055,8.458027614431643
74,3700,Sybil Attack,0.76,1.3463888100735995,0.3916881251102422,0.5794332184316833,1.3463888100735995,0.3916881251102422,0.5794332184316833,1.7380769351838417,1.9258220285052827,0.9711213435419255,2.317510153615525,3.6810233739707083,4.559970002379594,1.8310825341901664,3.6810233739707083,4.559970002379594,1.8310825341901664,8.240993376350303,5.5121059081608745,6.39105253656976,10.07207591054047
75,3750,Sybil Attack,0.74,1.4001488833410047,0.32431310107420647,0.612962169481702,1.4001488833410047,0.32431310107420647,0.612962169481702,1.7244619844152111,2.0131110528227065,0.9372752705559084,2.3374241538969134,3.9227310476230475,3.4246004755177606,2.0766800122510283,3.9227310476230475,3.4246004755177606,2.0766800122510283,7.347331523140808,5.999411059874076,5.501280487768788,9.424011535391836
76,3800,Sybil Attack,0.8,1.0711811585428654,0.33465175908424516,0.3702368711919354,1.0711811585428654,0.33465175908424516,0.3702368711919354,1.4058329176271105,1.441418029734801,0.7048886302761805,1.7760697888190458,2.4436775673170517,3.598822264989267,0.29873232063948885,2.4436775673170517,3.598822264989267,0.29873232063948885,6.042499832306319,2.7424098879565406,3.897554585628756,6.341232152945808
77,3850,Wormhole Attack,0.8,1.237725809157197,0.3446883713447648,0.7023434761620301,1.237725809157197,0.3446883713447648,0.7023434761620301,1.5824141805019618,1.9400692853192272,1.047031847506795,2.284757656663992,3.1924697026811666,3.7679541336091154,2.73139251649028,3.1924697026811666,3.7679541336091154,2.73139251649028,6.960423836290282,5.923862219171447,6.499346650099396,9.691816352780561
78,3900,Wormhole Attack,0.8,1.3606223243496778,0.41053335218339954,0.6654268321096957,1.3606223243496778,0.41053335218339954,0.6654268321096957,1.7711556765330774,2.0260491564593734,1.0759601842930953,2.436582508642773,3.74501788540777,4.877540153214873,2.460980398192926,3.74501788540777,4.877540153214873,2.460980398192926,8.622558038622643,6.205998283600696,7.338520551407799,11.08353843681557
79,3950,Wormhole Attack,0.76,1.1645210656033256,0.3458378382788502,0.7107329378122178,1.1645210656033256,0.3458378382788502,0.7107329378122178,1.5103589038821759,1.8752540034155434,1.056570776091068,2.2210918416943937,2.863337929055957,3.7873243638653267,2.7928448005328272,2.863337929055957,3.7873243638653267,2.7928448005328272,6.650662292921284,5.656182729588784,6.5801691643981535,9.443507093454112
80,4000,Blackhole Attack,0.86,1.1868865524673295,0.3533076549764475,0.9100607333644789,1.1868865524673295,0.3533076549764475,0.9100607333644789,1.540194207443777,2.0969472858318086,1.2633683883409264,2.450254940808256,2.9638941498987204,3.913201903369574,4.25290848764418,2.9638941498987204,3.913201903369574,4.25290848764418,6.8770960532682945,7.2168026375429,8.166110391013754,11.130004540912473
81,4050,Wormhole Attack,0.92,1.336017695066151,0.3667426525553011,0.5488263690934582,1.336017695066151,0.3667426525553011,0.5488263690934582,1.7027603476214521,1.8848440641596094,0.9155690216487593,2.25158671671491,3.6343943809415813,4.139601627343467,1.6068892691624899,3.6343943809415813,4.139601627343467,1.6068892691624899,7.773996008285048,5.241283650104071,5.746490896505957,9.380885277447538
82,4100,Blackhole Attack,0.84,1.2876063062690066,0.3504761422785394,0.6445434863536664,1.2876063062690066,0.3504761422785394,0.6445434863536664,1.638082448547546,1.9321497926226732,0.9950196286322058,2.2826259349012124,3.4167346298799837,3.8654866961674554,2.3080111912677688,3.4167346298799837,3.8654866961674554,2.3080111912677688,7.2822213260474395,5.724745821147753,6.173497887435224,9.590232517315208
83,4150,Sybil Attack,0.82,1.1265739590008397,0.3754822552749321,0.5001085282234023,1.1265739590008397,0.3754822552749321,0.5001085282234023,1.5020562142757719,1.626682487224242,0.8755907834983345,2.002164742499174,2.692726054829118,4.286876952981061,1.2500341192233626,2.692726054829118,4.286876952981061,1.2500341192233626,6.979603007810178,3.9427601740524807,5.536911072204424,8.229637127033541
84,4200,Normal Traffic,0.7,1.4126990290699522,0.37107188638797306,0.6068412981065252,1.4126990290699522,0.37107188638797306,0.6068412981065252,1.783770915457925,2.019540327176477,0.9779131844944983,2.3906122135644505,3.979157059415351,4.212555666894474,2.031845010671774,3.979157059415351,4.212555666894474,2.031845010671774,8.191712726309825,6.011002070087125,6.244400677566247,10.223557736981599
85,4250,Wormhole Attack,0.78,1.327364806350038,0.3607039510313526,0.6854710741922595,1.327364806350038,0.3607039510313526,0.6854710741922595,1.6880687573813906,2.0128358805422977,1.0461750252236122,2.37353983157365,3.5954906095210855,4.037840510517175,2.6078032229742676,3.5954906095210855,4.037840510517175,2.6078032229742676,7.63333112003826,6.203293832495353,6.645643733491443,10.241134343012527
86,4300,Wormhole Attack,0.84,1.187054182775533,0.2356520843603205,0.6270211256689021,1.187054182775533,0.2356520843603205,0.6270211256689021,1.4227062671358535,1.8140753084444352,0.8626732100292226,2.0497273928047557,2.9646478231987534,1.9305302612541795,2.179660990647684,2.9646478231987534,1.9305302612541795,2.179660990647684,4.895178084452933,5.144308813846438,4.110191251901863,7.074839075100617
87,4350,Wormhole Attack,0.78,1.2492069895538271,0.35651964010608966,1.0134290100596015,1.2492069895538271,0.35651964010608966,1.0134290100596015,1.6057266296599169,2.262635999613429,1.3699486501656912,2.6191556397195184,3.2440895989311005,3.9673286378547234,5.010074676050938,3.2440895989311005,3.9673286378547234,5.010074676050938,7.211418236785824,8.254164274982038,8.977403313905661,12.221492912836762
88,4400,Normal Traffic,0.76,1.1323652751635618,0.3980239007755842,0.5808108695154932,1.1323652751635618,0.3980239007755842,0.5808108695154932,1.530389175939146,1.713176144679055,0.9788347702910773,2.1112000454546394,2.7187640691397394,4.666737261054182,1.8411737425708519,2.7187640691397394,4.666737261054182,1.8411737425708519,7.385501330193922,4.559937811710592,6.5079110036250345,9.226675072764774
89,4450,Wormhole Attack,0.9,1.3116976788078705,0.36991600837859057,0.4701577907754331,1.3116976788078705,0.36991600837859057,0.4701577907754331,1.681613687186461,1.7818554695833035,0.8400737991540237,2.151771477961894,3.5250505092593953,4.193077400468614,1.030646832925298,3.5250505092593953,4.193077400468614,1.030646832925298,7.718127909728009,4.555697342184693,5.223724233393913,8.748774742653307
90,4500,Normal Traffic,0.7,1.0910524039534077,0.4125177259709437,0.5212600294377348,1.0910524039534077,0.4125177259709437,0.5212600294377348,1.5035701299243516,1.6123124333911425,0.9337777554086785,2.0248301593620863,2.5330195679662393,4.910979807753268,1.4049675481782895,2.5330195679662393,4.910979807753268,1.4049675481782895,7.443999375719507,3.937987116144529,6.3159473559315575,8.848966923897796
91,4550,Sybil Attack,0.82,1.386283992276465,0.39536901346373476,0.5458534726797162,1.386283992276465,0.39536901346373476,0.5458534726797162,1.7816530057401998,1.932137464956181,0.9412224861434509,2.3275064784199158,3.8603938824933843,4.621998454734592,1.5851129881013262,3.8603938824933843,4.621998454734592,1.5851129881013262,8.482392337227976,5.445506870594711,6.207111442835918,10.067505325329302
92,4600,Sybil Attack,0.84,1.2462104696538918,0.3929306541075202,0.6074115622663007,1.2462104696538918,0.3929306541075202,0.6074115622663007,1.639141123761412,1.8536220319201924,1.000342216373821,2.2465526860277127,3.2306171125662906,4.58090846703969,2.0360221601227186,3.2306171125662906,4.58090846703969,2.0360221601227186,7.811525579605981,5.266639272689009,6.616930627162408,9.8475477397287
93,4650,Wormhole Attack,0.84,1.4703655673094522,0.3788633565592761,0.6077846077641159,1.4703655673094522,0.3788633565592761,0.6077846077641159,1.8492289238687283,2.078150175073568,0.9866479643233921,2.4570135316328443,4.238428372832702,4.343853546613508,2.038754695158745,4.238428372832702,4.343853546613508,2.038754695158745,8.58228191944621,6.277183067991448,6.382608241772253,10.621036614604956
94,4700,Normal Traffic,0.74,1.4461239657352913,0.27901880893790953,0.6606116600958704,1.4461239657352913,0.27901880893790953,0.6606116600958704,1.7251427746732009,2.1067356258311616,0.9396304690337799,2.3857544347690713,4.129437057047985,2.6613241759082213,2.4257095631089256,4.129437057047985,2.6613241759082213,2.4257095631089256,6.790761232956207,6.555146620156911,5.087033739017147,9.216470796065133
95,4750,Sybil Attack,0.78,1.339741595880289,0.37606631380039923,0.7193516330726779,1.339741595880289,0.37606631380039923,0.7193516330726779,1.7158079096806882,2.0590932289529666,1.0954179468730771,2.4351595427533663,3.6511372041557575,4.296719209235612,2.855976206492601,3.6511372041557575,4.296719209235612,2.855976206492601,7.94785641339137,6.507113410648358,7.152695415728213,10.80383261988397
96,4800,Sybil Attack,0.8,1.3979616904550995,0.4197228175686204,0.402166409146506,1.3979616904550995,0.4197228175686204,0.402166409146506,1.8176845080237198,1.8001280996016056,0.8218892267151263,2.2198509171702256,3.9128973314067115,5.032396334949978,0.5326141973970597,3.9128973314067115,5.032396334949978,0.5326141973970597,8.94529366635669,4.445511528803771,5.5650105323470385,9.47790786375375
97,4850,Blackhole Attack,0.84,1.1893107677796053,0.35187331747523404,0.7499115336849713,1.1893107677796053,0.35187331747523404,0.7499115336849713,1.5411840852548393,1.9392223014645766,1.1017848511602053,2.291095618939811,2.974793529455887,3.889031179671696,3.079825575027071,2.974793529455887,3.889031179671696,3.079825575027071,6.863824709127583,6.054619104482958,6.968856754698766,9.943650284154653
98,4900,Blackhole Attack,0.78,1.2591019415447005,0.36266303826911084,0.6852497909298121,1.2591019415447005,0.36266303826911084,0.6852497909298121,1.6217649798138112,1.9443517324745125,1.047912829198923,2.3070147707436233,3.288577741920028,4.070854049021072,2.606182336859665,3.288577741920028,4.070854049021072,2.606182336859665,7.3594317909411,5.894760078779694,6.677036385880737,9.965614127800766
99,4950,Wormhole Attack,0.84,1.4244897345257281,0.3455414650459465,0.837863454870999,1.4244897345257281,0.3455414650459465,0.837863454870999,1.7700311995716747,2.2623531893967272,1.1834049199169456,2.6078946544426738,4.032168594058542,3.782330033369261,3.724067919551118,4.032168594058542,3.782330033369261,3.724067919551118,7.814498627427803,7.756236513609661,7.506397952920379,11.538566546978922
100,5000,Normal Traffic,0.7,1.16967784697328,0.3544795935357114,0.6816977251974112,1.16967784697328,0.3544795935357114,0.6816977251974112,1.5241574405089915,1.8513755721706913,1.0361773187331227,2.205855165706403,2.886523046796879,3.932950813987119,2.5801636766134006,2.886523046796879,3.932950813987119,2.5801636766134006,6.819473860783998,5.46668672341028,6.51311449060052,9.3996375373974
101,5050,Normal Traffic,0.72,1.2791866540245649,0.3933300611881411,0.553775591077654,1.2791866540245649,0.3933300611881411,0.553775591077654,1.672516715212706,1.8329622451022187,0.947105652265795,2.22629230629036,3.378879499980085,4.5876390713643325,1.6431420119300326,3.378879499980085,4.5876390713643325,1.6431420119300326,7.966518571344418,5.0220215119101175,6.2307810832943655,9.60966058327445
102,5100,Blackhole Attack,0.76,1.416554365449599,0.3063652084285324,0.8061821460725438,1.416554365449599,0.3063652084285324,0.8061821460725438,1.7229195738781313,2.2227365115221427,1.1125473545010762,2.529101719950675,3.99649082276118,3.1221517465883726,3.4920043059009185,3.99649082276118,3.1221517465883726,3.4920043059009185,7.118642569349553,7.488495128662098,6.614156052489291,10.61064687525047
103,5150,Blackhole Attack,0.82,1.2275148676090435,0.3738384734119038,0.6827358626621782,1.2275148676090435,0.3738384734119038,0.6827358626621782,1.6013533410209473,1.9102507302712217,1.056574336074082,2.2840892036831253,3.1465608566286707,4.259176779767136,2.5877679688815043,3.1465608566286707,4.259176779767136,2.5877679688815043,7.405737636395807,5.734328825510175,6.8469447486486406,9.993505605277312
104,5200,Sybil Attack,0.78,1.3473369801666337,0.39312039826939305,0.48226822996748203,1.3473369801666337,0.39312039826939305,0.48226822996748203,1.7404573784360267,1.8296052101341158,0.875388628236875,2.2227256084035085,3.6852863887600313,4.584105938838366,1.1193550456975843,3.6852863887600313,4.584105938838366,1.1193550456975843,8.269392327598398,4.804641434457616,5.70346098453595,9.388747373295983
105,5250,Normal Traffic,0.7,1.4513520840838798,0.4349598621663254,0.46713804372897055,1.4513520840838798,0.4349598621663254,0.46713804372897055,1.8863119462502052,1.9184901278128503,0.9020979058952959,2.353449989979176,4.152942909008619,5.289163235788725,1.0085273738975893,4.152942909008619,5.289163235788725,1.0085273738975893,9.442106144797343,5.161470282906208,6.297690609686314,10.450633518694932
106,5300,Wormhole Attack,0.76,1.3266955055886218,0.3337063204642396,0.7329236628048952,1.3266955055886218,0.3337063204642396,0.7329236628048952,1.6604018260528615,2.059619168393517,1.0666299832691348,2.393325488857757,3.592481403614483,3.5828902157762164,2.955390478935154,3.592481403614483,3.5828902157762164,2.955390478935154,7.175371619390699,6.547871882549638,6.5382806947113705,10.130762098325853
107,5350,Wormhole Attack,0.88,1.112665489486675,0.37252715545388765,0.5253915352404307,1.112665489486675,0.37252715545388765,0.5253915352404307,1.4851926449405626,1.6380570247271056,0.8979186906943184,2.0105841801809934,2.6301929590572515,4.237079118640337,1.4352305708485251,2.6301929590572515,4.237079118640337,1.4352305708485251,6.867272077697589,4.065423529905777,5.672309689488863,8.302502648546113
108,5400,Wormhole Attack,0.78,1.3423758893981976,0.3498382544241772,0.6841969156442681,1.3423758893981976,0.3498382544241772,0.6841969156442681,1.6922141438223748,2.026572805042466,1.0340351700684454,2.3764110594666428,3.662981104642351,3.854737335528849,2.5984700909723286,3.662981104642351,3.854737335528849,2.5984700909723286,7.517718440171199,6.261451195614679,6.453207426501177,10.116188531143528
109,5450,Wormhole Attack,0.8,1.184140863854586,0.3093760544077399,0.5493242709763922,1.184140863854586,0.3093760544077399,0.5493242709763922,1.493516918262326,1.7334651348309782,0.8587003253841321,2.042841189238718,2.951549412125412,3.17288898674191,1.6105363694427206,2.951549412125412,3.17288898674191,1.6105363694427206,6.124438398867322,4.562085781568133,4.7834253561846305,7.7349747683100425
110,5500,Blackhole Attack,0.76,1.4236772730072413,0.3799098961788453,0.6054970318712121,1.4236772730072413,0.3799098961788453,0.6054970318712121,1.8035871691860867,2.0291743048784534,0.9854069280500574,2.409084201057299,4.0285157310390165,4.361489298284289,2.0219983442269225,4.0285157310390165,4.361489298284289,2.0219983442269225,8.390005029323305,6.050514075265939,6.383487642511212,10.412003373550228
111,5550,Normal Traffic,0.68,1.126929517529292,0.2604623367324628,0.6903145796770102,1.126929517529292,0.2604623367324628,0.6903145796770102,1.3873918542617547,1.8172440972063022,0.9507769164094729,2.077706433938765,2.694324661741947,2.3486199747660543,2.643281598968021,2.694324661741947,2.3486199747660543,2.643281598968021,5.042944636508001,5.337606260709968,4.991901573734076,7.686226235476022
112,5600,Blackhole Attack,0.84,1.3497667780817808,0.3429439871685008,0.7509943362337993,1.3497667780817808,0.3429439871685008,0.7509943362337993,1.6927107652502815,2.10076111431558,1.0939383234023001,2.4437051014840807,3.6962108679472943,3.738558661545003,3.087757036253916,3.6962108679472943,3.738558661545003,3.087757036253916,7.434769529492297,6.78396790420121,6.826315697798919,10.522526565746213
113,5650,Wormhole Attack,0.8,1.22207473058876,0.3451794898760341,0.5880049956107675,1.22207473058876,0.3451794898760341,0.5880049956107675,1.5672542204647941,1.8100797261995276,0.9331844854868016,2.1552592160755615,3.1221017593171365,3.776230212504197,1.8938702681261959,3.1221017593171365,3.776230212504197,1.8938702681261959,6.898331971821333,5.015972027443333,5.670100480630393,8.79220223994753
114,5700,Normal Traffic,0.76,1.0946214252214812,0.3245086210003897,0.5920753278618093,1.0946214252214812,0.3245086210003897,0.5920753278618093,1.4191300462218708,1.6866967530832904,0.916583948862199,2.01120537408368,2.5490660458724514,3.427895277549504,1.923685198340814,2.5490660458724514,3.427895277549504,1.923685198340814,5.976961323421955,4.472751244213265,5.3515804758903185,7.900646521762769
115,5750,Normal Traffic,0.7,1.1685950637725302,0.31201514259318774,0.5050290965658487,1.1685950637725302,0.31201514259318774,0.5050290965658487,1.4806102063657178,1.6736241603383788,0.8170442391590365,1.9856393029315664,2.8816548055052187,3.217361554244906,1.2860769758498085,2.8816548055052187,3.217361554244906,1.2860769758498085,6.099016359750125,4.167731781355027,4.503438530094714,7.385093335599933
116,5800,Blackhole Attack,0.74,0.9625943834245709,0.2797045178921236,0.7160949401161365,0.9625943834245709,0.2797045178921236,0.7160949401161365,1.2422989013166945,1.6786893235407074,0.9957994580082601,1.958393841432831,1.955466610596393,2.672879393320753,2.832121133431951,1.955466610596393,2.672879393320753,2.832121133431951,4.628346003917146,4.787587744028344,5.5050005267527045,7.460467137349097
117,5850,Sybil Attack,0.84,1.366556604409411,0.35858472230950084,0.6962122426077255,1.366556604409411,0.35858472230950084,0.6962122426077255,1.725141326718912,2.0627688470171366,1.0547969649172264,2.4213535693266373,3.771698671739757,4.0021283494357345,2.686481612594332,3.771698671739757,4.0021283494357345,2.686481612594332,7.773827021175491,6.458180284334089,6.688609962030066,10.460308633769824
118,5900,Blackhole Attack,0.76,1.3631151290936168,0.32817155630920575,0.6396348770272258,1.3631151290936168,0.32817155630920575,0.6396348770272258,1.6912866854028226,2.0027500061208423,0.9678064333364316,2.3309215624300483,3.7562256460916146,3.489621194356178,2.2720559336886867,3.7562256460916146,3.489621194356178,2.2720559336886867,7.2458468404477925,6.028281579780302,5.761677128044864,9.517902774136479
119,5950,Blackhole Attack,0.78,1.2342825088936797,0.328048944306923,0.7846575179434969,1.2342825088936797,0.328048944306923,0.7846575179434969,1.5623314532006027,2.0189400268371767,1.11270646225042,2.3469889711441,3.1769884719871255,3.487554999456642,3.33433774553625,3.1769884719871255,3.487554999456642,3.33433774553625,6.664543471443768,6.511326217523376,6.821892744992892,9.998881216980017
120,6000,Wormhole Attack,0.72,1.181712631585856,0.2846646679131394,0.770255909440364,1.181712631585856,0.2846646679131394,0.770255909440364,1.4663772994989954,1.95196854102622,1.0549205773535033,2.2366332089393595,2.940631972153876,2.7564653105519263,3.228846860267791,2.940631972153876,2.7564653105519263,3.228846860267791,5.697097282705802,6.169478832421667,5.985312170819718,8.925944142973593
121,6050,Wormhole Attack,0.84,1.3140471615692495,0.3261570989788319,0.8079694337010384,1.3140471615692495,0.3261570989788319,0.8079694337010384,1.6402042605480813,2.1220165952702876,1.1341265326798702,2.4481736942491197,3.535613887953366,3.4556745873041845,3.505096076456842,3.535613887953366,3.4556745873041845,3.505096076456842,6.991288475257551,7.040709964410208,6.960770663761027,10.496384551714392
122,6100,Normal Traffic,0.74,1.312852744210338,0.36066858887962755,0.5012918246177505,1.312852744210338,0.36066858887962755,0.5012918246177505,1.6735213330899654,1.8141445688280884,0.861960413497378,2.1748131577077157,3.530243734535671,4.037244605579889,1.2587016916092946,3.530243734535671,4.037244605579889,1.2587016916092946,7.56748834011556,4.7889454261449655,5.295946297189183,8.826190031724854
123,6150,Blackhole Attack,0.9,1.1623465683934293,0.3674691538297912,0.8212287690852832,1.1623465683934293,0.3674691538297912,0.8212287690852832,1.5298157222232205,1.9835753374787126,1.1886979229150745,2.3510444913085036,2.8535612931620062,4.151844256122955,3.602219882276943,2.8535612931620062,4.151844256122955,3.602219882276943,7.005405549284962,6.455781175438949,7.754064138399898,10.607625431561905
124,6200,Sybil Attack,0.78,1.4431198940788383,0.4534455655546427,0.48412714826690945,1.4431198940788383,0.4534455655546427,0.48412714826690945,1.896565459633481,1.9272470423457477,0.9375727138215522,2.3806926079003907,4.115930617650954,5.600674876934508,1.1329715064565111,4.115930617650954,5.600674876934508,1.1329715064565111,9.716605494585462,5.248902124107465,6.733646383391019,10.849577001041974
125,6250,Blackhole Attack,0.76,1.271338882072162,0.3487646906785766,0.6329433337983358,1.271338882072162,0.3487646906785766,0.6329433337983358,1.6201035727507387,1.9042822158704977,0.9817080244769124,2.2530469065490744,3.343595569235901,3.8366461870752824,2.2230407963257868,3.343595569235901,3.8366461870752824,2.2230407963257868,7.180241756311183,5.566636365561688,6.059686983401069,9.40328255263697
126,6300,Wormhole Attack,0.74,1.2439157286309401,0.34761255604864566,0.6029114260939604,1.2439157286309401,0.34761255604864566,0.6029114260939604,1.5915282846795857,1.8468271547249007,0.9505239821426061,2.1944397107735463,3.220299855156068,3.8172310021698754,2.0030589429553087,3.220299855156068,3.8172310021698754,2.0030589429553087,7.037530857325944,5.223358798111377,5.820289945125184,9.040589800281253
127,6350,Wormhole Attack,0.78,1.2020064478822228,0.31815497127221926,0.6424468007577572,1.2020064478822228,0.31815497127221926,0.6424468007577572,1.5201614191544421,1.8444532486399798,0.9606017720299764,2.162608219912199,3.0318738702466144,3.3208268142883943,2.29265309987166,3.0318738702466144,3.3208268142883943,2.29265309987166,6.352700684535009,5.324526970118274,5.613479914160054,8.64535378440667
128,6400,Blackhole Attack,0.84,1.508963821773954,0.3537456750414326,0.6059888206985057,1.508963821773954,0.3537456750414326,0.6059888206985057,1.8627094968153868,2.11495264247246,0.9597344957399383,2.4686983175138923,4.411967836725364,3.9205831940043967,2.025600666755344,4.411967836725364,3.9205831940043967,2.025600666755344,8.33255103072976,6.437568503480708,5.94618386075974,10.358151697485106
129,6450,Flooding Attack,0.82,1.2671565527598343,0.3886115024668671,0.539637716250079,1.2671565527598343,0.3886115024668671,0.539637716250079,1.6557680552267013,1.8067942690099132,0.928249218716946,2.1954057714767803,3.324791631162706,4.508124327444133,1.5395829594081487,3.324791631162706,4.508124327444133,1.5395829594081487,7.832915958606838,4.864374590570854,6.047707286852281,9.372498918014987
130,6500,Normal Traffic,0.68,1.2357039646704853,0.3791676137183708,0.8077223086818313,1.2357039646704853,0.3791676137183708,0.8077223086818313,1.614871578388856,2.0434262733523165,1.186889922400202,2.422593887070687,3.183379400200753,4.348980733010962,3.5032859010835518,3.183379400200753,4.348980733010962,3.5032859010835518,7.532360133211715,6.686665301284305,7.852266634094514,11.035646034295267
131,6550,Sybil Attack,0.8,1.2323917881926243,0.3924648233538338,0.5795186588596719,1.2323917881926243,0.3924648233538338,0.5795186588596719,1.6248566115464582,1.8119104470522962,0.9719834822135057,2.20437527040613,3.168487707862321,4.573058524869313,1.8317083800034504,3.168487707862321,4.573058524869313,1.8317083800034504,7.7415462327316344,5.000196087865771,6.404766904872764,9.573254612735084
132,6600,Wormhole Attack,0.72,1.269358730111191,0.32893218611540964,0.6424907140683151,1.269358730111191,0.32893218611540964,0.6424907140683151,1.5982909162266008,1.9118494441795062,0.9714229001837248,2.240781630294916,3.334692718200268,3.5024389397379805,2.2929747621363177,3.334692718200268,3.5024389397379805,2.2929747621363177,6.837131657938249,5.627667480336585,5.795413701874298,9.130106420074567
133,6650,Sybil Attack,0.78,1.240197022816651,0.3933611151865487,0.48850638093783555,1.240197022816651,0.3933611151865487,0.48850638093783555,1.6335581380031998,1.7287034037544866,0.8818674961243842,2.1220645189410354,3.2035803888916083,4.588162377500153,1.1650491130066445,3.2035803888916083,4.588162377500153,1.1650491130066445,7.791742766391762,4.368629501898253,5.753211490506798,8.956791879398406
134,6700,Wormhole Attack,0.78,1.523552860944062,0.3907119865290802,0.7395448483391841,1.523552860944062,0.3907119865290802,0.7395448483391841,1.9142648474731423,2.263097709283246,1.1302568348682642,2.6538096958123263,4.477560803853399,4.543520613085829,3.003890250567393,4.477560803853399,4.543520613085829,3.003890250567393,9.021081416939229,7.481451054420792,7.547410863653222,12.024971667506621
135,6750,Sybil Attack,0.78,1.1436937787019146,0.38813547425869993,0.5488557265207564,1.1436937787019146,0.38813547425869993,0.5488557265207564,1.5318292529606146,1.692549505222671,0.9369912007794563,2.080684979481371,2.7696975234636887,4.50010254297411,1.6071043104888962,2.7696975234636887,4.50010254297411,1.6071043104888962,7.269800066437799,4.376801833952585,6.107206853463007,8.876904376926696
136,6800,Sybil Attack,0.74,1.3643780563600238,0.36507031620494185,0.5875438956979457,1.3643780563600238,0.36507031620494185,0.5875438956979457,1.7294483725649656,1.9519219520579696,0.9526142119028875,2.3169922682629114,3.7619038230918016,4.111420268479006,1.8904927399847946,3.7619038230918016,4.111420268479006,1.8904927399847946,7.873324091570808,5.652396563076596,6.0019130084638,9.763816831555603
137,6850,Wormhole Attack,0.76,1.3117245113610667,0.37030241912541934,0.5384456979705577,1.3117245113610667,0.37030241912541934,0.5384456979705577,1.682026930486486,1.8501702093316243,0.908748117095977,2.2204726284570437,3.525171149608581,4.199588997207588,1.5308514997565743,3.525171149608581,4.199588997207588,1.5308514997565743,7.724760146816169,5.056022649365155,5.730440496964162,9.255611646572744
138,6900,Blackhole Attack,0.88,1.2915224306626902,0.30463343504317086,0.8516749538958546,1.2915224306626902,0.30463343504317086,0.8516749538958546,1.5961558657058612,2.143197384558545,1.1563083889390255,2.447830819601716,3.4343416988328515,3.0929687851378773,3.825236289646689,3.4343416988328515,3.0929687851378773,3.825236289646689,6.527310483970728,7.25957798847954,6.9182050747845665,10.352546773617417
139,6950,Wormhole Attack,0.76,1.1165901500070183,0.24875933477534592,0.7685292672637573,1.1165901500070183,0.24875933477534592,0.7685292672637573,1.3653494847823642,1.8851194172707757,1.0172886020391032,2.1338787520461215,2.6478384068141563,2.1514069572566554,3.2161993138695895,2.6478384068141563,2.1514069572566554,3.2161993138695895,4.799245364070812,5.864037720683745,5.367606271126245,8.015444677940401
140,7000,Flooding Attack,0.82,1.2978609788785616,0.41070577070732983,0.6843961736048134,1.2978609788785616,0.41070577070732983,0.6843961736048134,1.7085667495858914,1.982257152483375,1.0951019443121432,2.392962923190705,3.4628400927239986,4.880445662203371,2.5999296431223637,3.4628400927239986,4.880445662203371,2.5999296431223637,8.34328575492737,6.062769735846363,7.480375305325735,10.943215398049734
141,7050,Normal Traffic,0.74,1.4086807079220076,0.33280432289419604,0.6599406928971275,1.4086807079220076,0.33280432289419604,0.6599406928971275,1.7414850308162038,2.068621400819135,0.9927450157913236,2.401425723713331,3.9610905093229323,3.567690212971273,2.420794770169923,3.9610905093229323,3.567690212971273,2.420794770169923,7.528780722294205,6.381885279492855,5.988484983141196,9.949575492464128
142,7100,Blackhole Attack,0.74,1.4295445725173213,0.29820721836389735,0.6646267128639605,1.4295445725173213,0.29820721836389735,0.6646267128639605,1.7277517908812186,2.0941712853812815,0.9628339312278578,2.392378503745179,4.054895369849196,2.9846774606441593,2.4551195745540544,4.054895369849196,2.9846774606441593,2.4551195745540544,7.039572830493356,6.510014944403251,5.439797035198214,9.49469240504741
143,7150,Blackhole Attack,0.74,1.3199155954783204,0.3580719782151109,0.6174442816412519,1.3199155954783204,0.3580719782151109,0.6174442816412519,1.6779875736934313,1.9373598771195724,0.9755162598563627,2.2954318553346833,3.561998627071719,3.9934878475854148,2.1095112046473905,3.561998627071719,3.9934878475854148,2.1095112046473905,7.555486474657133,5.67150983171911,6.102999052232805,9.664997679304523
144,7200,Wormhole Attack,0.88,1.115698723328703,0.36878191405778743,0.623534405410047,1.115698723328703,0.36878191405778743,0.623534405410047,1.4844806373864905,1.73923312873875,0.9923163194678344,2.1080150427965374,2.643830512933962,4.173966221647539,2.1541209819250415,2.643830512933962,4.173966221647539,2.1541209819250415,6.817796734581501,4.797951494859003,6.32808720357258,8.971917716506542
145,7250,Wormhole Attack,0.78,1.2388048086317214,0.27854440932606156,0.8092818234554969,1.2388048086317214,0.27854440932606156,0.8092818234554969,1.517349217957783,2.048086632087218,1.0878262327815584,2.32663104141328,3.1973209321719103,2.653329835712377,3.5147092496648886,3.1973209321719103,2.653329835712377,3.5147092496648886,5.850650767884288,6.7120301818367984,6.1680390853772655,9.365360017549175
146,7300,Sybil Attack,0.84,1.3892002627122273,0.3939283385179506,0.7321781615752351,1.3892002627122273,0.3939283385179506,0.7321781615752351,1.783128601230178,2.1213784242874625,1.1261065000931856,2.515306762805413,3.873505563708235,4.597720935654498,2.9499297288621005,3.873505563708235,4.597720935654498,2.9499297288621005,8.471226499362732,6.823435292570336,7.547650664516598,11.421156228224833
147,7350,Normal Traffic,0.74,1.3449977522644587,0.37858317139865016,0.6952167059811738,1.3449977522644587,0.37858317139865016,0.6952167059811738,1.7235809236631088,2.0402144582456323,1.073799877379824,2.4187976296442826,3.674769116367842,4.339132009251482,2.6791893688127244,3.674769116367842,4.339132009251482,2.6791893688127244,8.013901125619324,6.353958485180566,7.018321378064206,10.693090494432049
148,7400,Sybil Attack,0.78,1.3457710804785035,0.36811208672624357,0.7649228289577312,1.3457710804785035,0.36811208672624357,0.7649228289577312,1.713883167204747,2.1106939094362347,1.1330349156839747,2.478805996162478,3.6782460343150465,4.162678633236627,3.189782377908165,3.6782460343150465,4.162678633236627,3.189782377908165,7.840924667551674,6.868028412223211,7.352461011144792,11.030707045459838
149,7450,Flooding Attack,0.88,1.2256280313104173,0.3915004941166593,0.607155705122154,1.2256280313104173,0.3915004941166593,0.607155705122154,1.6171285254270766,1.8327837364325714,0.9986561992388133,2.2242842305492307,3.13807755694946,4.556808140614693,2.034148022478134,3.13807755694946,4.556808140614693,2.034148022478134,7.694885697564153,5.172225579427594,6.5909561630928275,9.729033720042288
150,7500,Normal Traffic,0.74,1.3241166643492746,0.32020029049422527,0.6169396119489394,1.3241166643492746,0.32020029049422527,0.6169396119489394,1.6443169548434997,1.941056276298214,0.9371399024431647,2.261256566792439,3.580886819031592,3.3552934901908524,2.1058145305850022,3.580886819031592,3.3552934901908524,2.1058145305850022,6.936180309222444,5.686701349616595,5.461108020775855,9.041994839807447
151,7550,Normal Traffic,0.68,1.2347966052823423,0.342544751456081,0.6051087504449306,1.2347966052823423,0.342544751456081,0.6051087504449306,1.5773413567384234,1.8399053557272729,0.9476535019010116,2.182450107183354,3.1792998721505628,3.731830945029845,2.019154206963865,3.1792998721505628,3.731830945029845,2.019154206963865,6.911130817180408,5.198454079114428,5.75098515199371,8.930285024144272
152,7600,Wormhole Attack,0.86,1.382772686653855,0.32882660152899973,0.7372106853846596,1.382772686653855,0.32882660152899973,0.7372106853846596,1.7115992881828548,2.1199833720385146,1.0660372869136594,2.4488099735675144,3.844606896688847,3.5006596821624725,2.986792652310916,3.844606896688847,3.5006596821624725,2.986792652310916,7.345266578851319,6.831399548999762,6.487452334473389,10.332059231162235
153,7650,Wormhole Attack,0.84,1.2771542135322111,0.3469023320436908,0.4978675614964677,1.2771542135322111,0.3469023320436908,0.4978675614964677,1.624056545575902,1.7750217750286787,0.8447698935401585,2.1219241070723696,3.3697415573883753,3.8052626696310963,1.2336191775291714,3.3697415573883753,3.8052626696310963,1.2336191775291714,7.175004227019471,4.603360734917547,5.038881847160267,8.408623404548642
154,7700,Blackhole Attack,0.82,1.3181513634656796,0.31885229274448706,0.6773391600221342,1.3181513634656796,0.31885229274448706,0.6773391600221342,1.6370036562101666,1.9954905234878137,0.9961914527666214,2.3143428162323008,3.5540665616997593,3.332577719929865,2.5482374581816036,3.5540665616997593,3.332577719929865,2.5482374581816036,6.886644281629625,6.1023040198813625,5.880815178111469,9.434881739811228
155,7750,Normal Traffic,0.74,1.2973376925377123,0.37767824301474406,0.6439952298627659,1.2973376925377123,0.37767824301474406,0.6439952298627659,1.6750159355524563,1.9413329224004783,1.0216734728775099,2.319011165415222,3.460487374127958,4.3238826178667775,2.3039952466205653,3.460487374127958,4.3238826178667775,2.3039952466205653,7.784369991994735,5.764482620748524,6.627877864487343,10.0883652386153
156,7800,Wormhole Attack,0.82,1.1867109450917037,0.3754397094202489,0.7798095899168137,1.1867109450917037,0.3754397094202489,0.7798095899168137,1.5621506545119526,1.9665205350085175,1.1552492993370627,2.3419602444287664,2.9631046113497757,4.286159991947017,3.2988269746983025,2.9631046113497757,4.286159991947017,3.2988269746983025,7.249264603296792,6.261931586048078,7.584986966645319,10.548091577995095
157,7850,Blackhole Attack,0.76,1.15733069591006,0.3284570512013952,0.6726053563417375,1.15733069591006,0.3284570512013952,0.6726053563417375,1.4857877471114551,1.8299360522517976,1.0010624075431327,2.1583931034531925,2.8310097080244345,3.494432208605215,2.5135626410718683,2.8310097080244345,3.494432208605215,2.5135626410718683,6.32544191662965,5.344572349096303,6.007994849677083,8.839004557701518
158,7900,Sybil Attack,0.76,1.089015062219573,0.3052959880288515,0.5871586563168065,1.089015062219573,0.3052959880288515,0.5871586563168065,1.3943110502484244,1.6761737185363794,0.892454644345658,1.981469706565231,2.5238595891754625,3.1041337899840467,1.8876708855129274,2.5238595891754625,3.1041337899840467,1.8876708855129274,5.627993379159509,4.41153047468839,4.991804675496974,7.515664264672436
159,7950,Wormhole Attack,0.82,1.0632803926505965,0.3245510404271731,0.6369759041614124,1.0632803926505965,0.3245510404271731,0.6369759041614124,1.3878314330777695,1.7002562968120087,0.9615269445885855,2.024807337239182,2.408155373468966,3.42861010808509,2.2525791230630925,2.408155373468966,3.42861010808509,2.2525791230630925,5.836765481554056,4.660734496532058,5.681189231148183,8.089344604617148
160,8000,Blackhole Attack,0.88,1.2690554412601593,0.30585381893736313,0.5719703018091107,1.2690554412601593,0.30585381893736313,0.5719703018091107,1.5749092601975225,1.84102574306927,0.8778241207464739,2.1468795620066334,3.333329118075266,3.11353407182034,1.776417134764219,3.333329118075266,3.11353407182034,1.776417134764219,6.4468631898956055,5.109746252839485,4.889951206584559,8.223280324659825
161,8050,Wormhole Attack,0.74,1.287996503745197,0.37204290726434214,0.8208112574563625,1.287996503745197,0.37204290726434214,0.8208112574563625,1.6600394110095391,2.1088077612015597,1.1928541647207047,2.4808506684659015,3.418488975038069,4.228918815238384,3.5991616356001823,3.418488975038069,4.228918815238384,3.5991616356001823,7.647407790276453,7.017650610638251,7.828080450838566,11.246569425876634
162,8100,Blackhole Attack,0.78,1.4563924787650964,0.37704856755479227,0.594343234374343,1.4563924787650964,0.37704856755479227,0.594343234374343,1.8334410463198887,2.0507357131394395,0.9713918019291352,2.427784280694232,4.175604747035263,4.31327164830839,1.9402974722865503,4.175604747035263,4.31327164830839,1.9402974722865503,8.488876395343652,6.115902219321813,6.253569120594941,10.429173867630203
163,8150,Blackhole Attack,0.78,1.3236076322426964,0.3538053860665992,0.7492037054110063,1.3236076322426964,0.3538053860665992,0.7492037054110063,1.6774130183092957,2.072811337653703,1.1030090914776056,2.426616723720302,3.5785981881050053,3.9215894137328764,3.0746407770079904,3.5785981881050053,3.9215894137328764,3.0746407770079904,7.500187601837881,6.653238965112996,6.996230190740867,10.574828378845872
164,8200,Flooding Attack,0.76,1.3506364735339236,0.3894018156664844,0.6307165185847691,1.3506364735339236,0.3894018156664844,0.6307165185847691,1.740038289200408,1.9813529921186928,1.0201183342512534,2.370754807785177,3.700121057270844,4.521442282225748,2.206729513585576,3.700121057270844,4.521442282225748,2.206729513585576,8.221563339496592,5.90685057085642,6.728171795811324,10.42829285308217
165,8250,Sybil Attack,0.9,1.0686366355942667,0.3597231395019386,0.6579858914084513,1.0686366355942667,0.3597231395019386,0.6579858914084513,1.4283597750962054,1.726622527002718,1.01770903091039,2.0863456665046565,2.4322372792913716,4.021312375083847,2.4064759710219183,2.4322372792913716,4.021312375083847,2.4064759710219183,6.453549654375218,4.83871325031329,6.427788346105765,8.860025625397135
166,8300,Sybil Attack,0.82,1.2872115680778875,0.3772894770499771,0.46173738134845155,1.2872115680778875,0.3772894770499771,0.46173738134845155,1.6645010451278646,1.748948949426339,0.8390268583984286,2.1262384264763163,3.414959869466199,4.317331332196863,0.9689678583453454,3.414959869466199,4.317331332196863,0.9689678583453454,7.732291201663062,4.383927727811544,5.286299190542208,8.701259060008407
167,8350,Wormhole Attack,0.76,1.4156698313088028,0.34901979145141776,0.5416152788825728,1.4156698313088028,0.34901979145141776,0.5416152788825728,1.7646896227602205,1.9572851101913755,0.8906350703339905,2.3063049016427932,3.992513918035354,3.8409450151337006,1.5540684825169193,3.992513918035354,3.8409450151337006,1.5540684825169193,7.833458933169055,5.546582400552273,5.39501349765062,9.387527415685975
168,8400,Blackhole Attack,0.74,1.4373897383924774,0.35007244638965385,0.57592394292158,1.4373897383924774,0.35007244638965385,0.57592394292158,1.7874621847821313,2.0133136813140573,0.9259963893112338,2.3633861277037114,4.0901675835545,3.858683819034307,1.8053773096570052,4.0901675835545,3.858683819034307,1.8053773096570052,7.948851402588807,5.895544893211505,5.664061128691312,9.754228712245812
169,8450,Flooding Attack,0.78,1.1309331569737897,0.3971266283204707,0.5461488642090945,1.1309331569737897,0.3971266283204707,0.5461488642090945,1.5280597852942603,1.6770820211828843,0.9432754925295652,2.0742086495033547,2.71232520224454,4.651616883475044,1.587276712655298,2.71232520224454,4.651616883475044,1.587276712655298,7.363942085719584,4.299601914899839,6.2388935961303424,8.951218798374882
170,8500,Blackhole Attack,0.72,1.3691339378609728,0.3584914256006277,0.7515182860767701,1.3691339378609728,0.3584914256006277,0.7515182860767701,1.7276253634616006,2.1206522239377428,1.1100097116773977,2.4791436495383707,3.7832864772418944,4.000556160902571,3.0915949362189954,3.7832864772418944,4.000556160902571,3.0915949362189954,7.783842638144465,6.87488141346089,7.092151097121566,10.87543757436346
171,8550,Blackhole Attack,0.82,1.3286263894699186,0.35322330396050994,0.7427901259252022,1.3286263894699186,0.35322330396050994,0.7427901259252022,1.6818496934304286,2.071416515395121,1.096013429885712,2.424639819355631,3.601162743178877,3.91178046308921,3.0276617067499756,3.601162743178877,3.91178046308921,3.0276617067499756,7.512943206268087,6.628824449928853,6.939442169839186,10.540604913018063
172,8600,Blackhole Attack,0.84,1.356563408502956,0.33937643194652634,0.7813621889288733,1.356563408502956,0.33937643194652634,0.7813621889288733,1.6959398404494825,2.1379255974318294,1.1207386208753998,2.4773020293783556,3.726768819749288,3.678440041293971,3.3101996657566297,3.726768819749288,3.678440041293971,3.3101996657566297,7.405208861043259,7.036968485505918,6.9886397070506,10.715408526799889
173,8650,Normal Traffic,0.7,1.3763835085449967,0.33543606898175676,0.7713465937086698,1.3763835085449967,0.33543606898175676,0.7713465937086698,1.7118195775267535,2.1477301022536666,1.1067826626904265,2.4831661712354234,3.815880868553411,3.61203905518699,3.236836054598891,3.815880868553411,3.61203905518699,3.236836054598891,7.427919923740401,7.0527169231523015,6.848875109785881,10.664755978339292
174,8700,Sybil Attack,0.78,1.1237607989814231,0.3568584096631189,0.612261934630671,1.1237607989814231,0.3568584096631189,0.612261934630671,1.480619208644542,1.7360227336120941,0.9691203442937899,2.0928811432752132,2.6800779626190727,3.973037409572174,2.0715508355819767,2.6800779626190727,3.973037409572174,2.0715508355819767,6.653115372191246,4.751628798201049,6.04458824515415,8.724666207773224
175,8750,Sybil Attack,0.8,1.2308954962838932,0.3884852413664504,0.6358021818138417,1.2308954962838932,0.3884852413664504,0.6358021818138417,1.6193807376503435,1.866697678097735,1.024287423180292,2.2551829194641853,3.161760313080597,4.505996639804801,2.2439816799734777,3.161760313080597,4.505996639804801,2.2439816799734777,7.667756952885398,5.405741993054075,6.749978319778279,9.911738632858876
176,8800,Wormhole Attack,0.78,1.036248853872047,0.31416242995648985,0.7908505284218872,1.036248853872047,0.31416242995648985,0.7908505284218872,1.3504112838285367,1.827099382293934,1.105012958378377,2.141261812250424,2.2866203762804926,3.2535465452351096,3.379701161553295,2.2866203762804926,3.2535465452351096,3.379701161553295,5.540166921515603,5.666321537833788,6.633247706788405,8.919868083068899
177,8850,Sybil Attack,0.78,1.2318265454350292,0.3224653516358841,0.5566414129772728,1.2318265454350292,0.3224653516358841,0.5566414129772728,1.5542918970709132,1.788467958412302,0.8791067646131568,2.110933310048186,3.1659463513558377,3.3934631447997,1.6641339788444756,3.1659463513558377,3.3934631447997,1.6641339788444756,6.559409496155538,4.830080330200313,5.057597123644175,8.223543475000014
178,8900,Normal Traffic,0.74,1.2368467274733321,0.29767499984536966,0.6160009340109778,1.2368467274733321,0.29767499984536966,0.6160009340109778,1.5345217273187017,1.85284766148431,0.9136759338563474,2.1505226613296795,3.188517312443518,2.9757087857351205,2.098938773155823,3.188517312443518,2.9757087857351205,2.098938773155823,6.164226098178639,5.2874560855993415,5.074647558890943,8.263164871334462
179,8950,Blackhole Attack,0.86,1.439908883618222,0.39706919524653284,0.47030334005441493,1.439908883618222,0.39706919524653284,0.47030334005441493,1.8369780788647547,1.9102122236726369,0.8673725353009478,2.3072814189191697,4.101493772212733,4.650649050618344,1.0317129723281735,4.101493772212733,4.650649050618344,1.0317129723281735,8.752142822831077,5.133206744540907,5.682362022946517,9.783855795159251
180,9000,Normal Traffic,0.74,1.2942147908758102,0.30896816572898894,0.6957854939446081,1.2942147908758102,0.30896816572898894,0.6957854939446081,1.603182956604799,1.9900002848204181,1.004753659673597,2.298968450549407,3.4464466697563547,3.1660154548533264,2.6833557052174166,3.4464466697563547,3.1660154548533264,2.6833557052174166,6.6124621246096815,6.129802374973771,5.849371160070743,9.295817829827097
181,9050,Blackhole Attack,0.8,1.0660069796831122,0.28723694135942707,0.9200802282958912,1.0660069796831122,0.28723694135942707,0.9200802282958912,1.3532439210425393,1.9860872079790033,1.2073171696553182,2.2733241493384306,2.4204142296904205,2.7998119501629026,4.326300663943625,2.4204142296904205,2.7998119501629026,4.326300663943625,5.220226179853324,6.746714893634046,7.126112614106528,9.546526843796949
182,9100,Sybil Attack,0.8,1.446991611179044,0.3325978910691278,0.5681243826715434,1.446991611179044,0.3325978910691278,0.5681243826715434,1.7795895022481718,2.0151159938505874,0.9007222737406713,2.347713884919715,4.133338029442895,3.5642115291873293,1.7482460166280316,4.133338029442895,3.5642115291873293,1.7482460166280316,7.697549558630225,5.881584046070927,5.312457545815361,9.445795575258257
183,9150,Wormhole Attack,0.72,1.0372571297955022,0.29450572314060114,0.6293723353901575,1.0372571297955022,0.29450572314060114,0.6293723353901575,1.3317628529361034,1.6666294651856597,0.9238780585307587,1.9611351883262609,2.291153629549063,2.9223017518339125,2.1968834554086913,2.291153629549063,2.9223017518339125,2.1968834554086913,5.213455381382976,4.488037084957755,5.119185207242603,7.4103388367916665
184,9200,Blackhole Attack,0.8,1.22718155262994,0.3553879464481838,0.6040213715212097,1.22718155262994,0.3553879464481838,0.6040213715212097,1.5825694990781238,1.8312029241511498,0.9594093179693934,2.1865908705993338,3.145062257700209,3.9482579137798512,2.0111892240759723,3.145062257700209,3.9482579137798512,2.0111892240759723,7.093320171480061,5.156251481776181,5.959447137855824,9.104509395556033
185,9250,Normal Traffic,0.72,1.1018785378705696,0.359083582767903,0.6959676068369965,1.1018785378705696,0.359083582767903,0.6959676068369965,1.4609621206384724,1.7978461447075662,1.0550511896048995,2.156929727475469,2.5816943461933817,4.0105348913365315,2.6846896708110983,2.5816943461933817,4.0105348913365315,2.6846896708110983,6.592229237529914,5.26638401700448,6.695224562147629,9.276918908341012
186,9300,Blackhole Attack,0.82,1.3182316697880683,0.4179909082509781,0.6207127568211855,1.3182316697880683,0.4179909082509781,0.6207127568211855,1.7362225780390463,1.938944426609254,1.0387036650721637,2.356935334860232,3.5544276224867786,5.003211082838048,2.133452581760522,3.5544276224867786,5.003211082838048,2.133452581760522,8.557638705324827,5.687880204247301,7.13666366459857,10.69109128708535
187,9350,Normal Traffic,0.64,1.3066820613005505,0.30049441220300904,0.6477469746096077,1.3066820613005505,0.30049441220300904,0.6477469746096077,1.6071764735035596,1.9544290359101582,0.9482413868126167,2.2549234481131673,3.50250007050545,3.0232200841772454,2.3314765432104245,3.50250007050545,3.0232200841772454,2.3314765432104245,6.525720154682695,5.833976613715874,5.3546966273876695,8.85719669789312
188,9400,Blackhole Attack,0.86,1.0589409680857462,0.3678288565446799,0.6022789880651542,1.0589409680857462,0.3678288565446799,0.6022789880651542,1.4267698246304261,1.6612199561509005,0.9701078446098341,2.0290488126955806,2.388645128173305,4.157905782735483,1.9984263737862684,2.388645128173305,4.157905782735483,1.9984263737862684,6.546550910908788,4.387071501959573,6.156332156521751,8.544977284695056
189,9450,Normal Traffic,0.66,1.441659727453024,0.35276382307758375,0.6281270908483523,1.441659727453024,0.35276382307758375,0.6281270908483523,1.7944235505306079,2.0697868183013766,0.9808909139259361,2.42255064137896,4.109365643743369,3.904037525700854,2.1877621167011316,4.109365643743369,3.904037525700854,2.1877621167011316,8.013403169444224,6.297127760444501,6.091799642401986,10.201165286145356
190,9500,Wormhole Attack,0.82,1.3290653044608722,0.34857770049751197,0.6703450394024174,1.3290653044608722,0.34857770049751197,0.6703450394024174,1.6776430049583841,1.9994103438632895,1.0189227398999294,2.3479880443608017,3.603136124443944,3.833495123955963,2.497005960277199,3.603136124443944,3.833495123955963,2.497005960277199,7.436631248399907,6.100142084721143,6.330501084233162,9.933637208677105
191,9550,Normal Traffic,0.72,1.2588662589599944,0.34885402796606874,0.8002624017834509,1.2588662589599944,0.34885402796606874,0.8002624017834509,1.6077202869260632,2.059128660743445,1.1491164297495196,2.407982688709514,3.2875181025667426,3.8381516534596325,3.448642547699849,3.2875181025667426,3.8381516534596325,3.448642547699849,7.125669756026375,6.736160650266592,7.2867942011594815,10.574312303726224
192,9600,Normal Traffic,0.74,1.3846910075408347,0.26993122583623264,0.7897332739410412,1.3846910075408347,0.26993122583623264,0.7897332739410412,1.6546222333770673,2.174424281481876,1.059664499777274,2.4443555073181082,3.8532317524736266,2.508184862429832,3.371517342070287,3.8532317524736266,2.508184862429832,3.371517342070287,6.361416614903458,7.224749094543913,5.879702204500119,9.732933956973746
193,9650,Normal Traffic,0.7,1.381249374516487,0.3248685788999702,0.6128767238412685,1.381249374516487,0.3248685788999702,0.6128767238412685,1.7061179534164572,1.9941260983577556,0.9377453027412386,2.3189946772577255,3.837758017760834,3.433961104404249,2.0760541282569105,3.837758017760834,3.433961104404249,2.0760541282569105,7.2717191221650825,5.913812146017745,5.510015232661159,9.347773250421993
194,9700,Flooding Attack,0.94,1.2848556197389847,0.40985865455030446,0.5364082124691131,1.2848556197389847,0.40985865455030446,0.5364082124691131,1.6947142742892891,1.8212638322080976,0.9462668670194175,2.231122486758402,3.4043674212489354,4.866170492967298,1.515927045365088,3.4043674212489354,4.866170492967298,1.515927045365088,8.270537914216234,4.920294466614023,6.382097538332387,9.786464959581322
195,9750,Blackhole Attack,0.9,1.201829476698525,0.3712929396187627,0.7092403905725803,1.201829476698525,0.3712929396187627,0.7092403905725803,1.5731224163172877,1.911069867271105,1.080533330191343,2.282362806889868,3.0310781999560934,4.216280743147044,2.781911984967114,3.0310781999560934,4.216280743147044,2.781911984967114,7.247358943103137,5.8129901849232075,6.998192728114158,10.02927092807025
196,9800,Blackhole Attack,0.74,1.520631582945637,0.4114048881609632,0.6811195776217635,1.520631582945637,0.4114048881609632,0.6811195776217635,1.9320364711066,2.2017511605674005,1.0925244657827267,2.6131560487283636,4.464426608414733,4.892226832806413,2.5759287816322165,4.464426608414733,4.892226832806413,2.5759287816322165,9.356653441221146,7.040355390046949,7.468155614438629,11.932582222853362
197,9850,Wormhole Attack,0.78,1.4847559556544163,0.3420477016317459,0.6387759493608115,1.4847559556544163,0.3420477016317459,0.6387759493608115,1.8268036572861623,2.123531905015228,0.9808236509925574,2.465579606646974,4.303128197040789,3.723454915010468,2.2657643420312756,4.303128197040789,3.723454915010468,2.2657643420312756,8.026583112051258,6.568892539072065,5.989219257041744,10.292347454082533
198,9900,Flooding Attack,0.8,1.2926083146284857,0.3863127382693612,0.6042718277904824,1.2926083146284857,0.3863127382693612,0.6042718277904824,1.6789210528978469,1.896880142418968,0.9905845660598436,2.283192880688329,3.439223881301675,4.469386726135178,2.013023800648503,3.439223881301675,4.469386726135178,2.013023800648503,7.908610607436852,5.452247681950178,6.482410526783681,9.921634408085355
199,9950,Flooding Attack,0.76,1.3709683288537842,0.37207540412920875,0.6439568371582323,1.3709683288537842,0.37207540412920875,0.6439568371582323,1.7430437329829929,2.0149251660120164,1.016032241287441,2.3870005701412254,3.791533980500229,4.229466435823548,2.3037140224511803,3.791533980500229,4.229466435823548,2.3037140224511803,8.021000416323776,6.09524800295141,6.533180458274728,10.324714438774956
200,10000,Normal Traffic,0.72,1.3270871419479517,0.35909384015697543,0.6070211784879452,1.3270871419479517,0.35909384015697543,0.6070211784879452,1.6861809821049272,1.934108320435897,0.9661150186449207,2.2932021605928723,3.5942422180549776,4.0107077436233345,2.033162623261666,3.5942422180549776,4.0107077436233345,2.033162623261666,7.604949961678312,5.627404841316643,6.043870366885001,9.638112584939979
201,10050,Blackhole Attack,0.88,1.2594275479798203,0.37908615313062943,0.6800009350465998,1.2594275479798203,0.37908615313062943,0.6800009350465998,1.6385137011104498,1.9394284830264201,1.0590870881772292,2.3185146361570497,3.2900416828928685,4.347608000751714,2.5677347944447897,3.2900416828928685,4.347608000751714,2.5677347944447897,7.637649683644582,5.857776477337659,6.915342795196504,10.205384478089371
202,10100,Flooding Attack,0.76,1.209637434136533,0.4188601259028159,0.38281833249764224,1.209637434136533,0.4188601259028159,0.38281833249764224,1.628497560039349,1.5924557666341752,0.8016784584004581,2.011315892536991,3.0661831228777974,5.017858695187383,0.3908907410562885,3.0661831228777974,5.017858695187383,0.3908907410562885,8.084041818065181,3.457073863934086,5.408749436243671,8.47493255912147
203,10150,Blackhole Attack,0.78,1.3869449094094577,0.3823134886568461,0.48092732456860643,1.3869449094094577,0.3823134886568461,0.48092732456860643,1.7692583980663037,1.8678722339780642,0.8632408132254525,2.2501857226349102,3.863365395234784,4.401993412287378,1.1095329971703054,3.863365395234784,4.401993412287378,1.1095329971703054,8.265358807522162,4.97289839240509,5.511526409457683,9.374891804692467
204,10200,Normal Traffic,0.74,1.2631848935844718,0.31882969782148657,0.6428503226960041,1.2631848935844718,0.31882969782148657,0.6428503226960041,1.5820145914059585,1.906035216280476,0.9616800205174907,2.2248649141019623,3.30693487536846,3.3321969618165497,2.295608872935596,3.30693487536846,3.3321969618165497,2.295608872935596,6.63913183718501,5.602543748304056,5.627805834752145,8.934740710120606
205,10250,Sybil Attack,0.78,1.3805379128628068,0.3400227608931711,0.652225010274333,1.3805379128628068,0.3400227608931711,0.652225010274333,1.720560673755978,2.03276292313714,0.9922477711675042,2.372785684030311,3.83455925461279,3.6893316469126454,2.3642778755361045,3.83455925461279,3.6893316469126454,2.3642778755361045,7.523890901525435,6.1988371301488945,6.05360952244875,9.88816877706154
206,10300,Wormhole Attack,0.74,1.3308286967138614,0.3135102367244726,0.6721089588397059,1.3308286967138614,0.3135102367244726,0.6721089588397059,1.644338933438334,2.002937655553567,0.9856191955641784,2.31644789227804,3.6110644142192667,3.2425561176715973,2.5099265602880467,3.6110644142192667,3.2425561176715973,2.5099265602880467,6.853620531890864,6.120990974507313,5.7524826779596445,9.36354709217891
207,10350,Blackhole Attack,0.9,1.2641975649545913,0.36644467819145804,0.6958874267954026,1.2641975649545913,0.36644467819145804,0.6958874267954026,1.6306422431460494,1.9600849917499938,1.0623321049868606,2.326529669941452,3.3114878907601693,4.134580315405789,2.684102357000508,3.3114878907601693,4.134580315405789,2.684102357000508,7.446068206165958,5.995590247760678,6.818682672406297,10.130170563166466
208,10400,Blackhole Attack,0.74,1.424002575072723,0.2821620499762915,0.6283495985071257,1.424002575072723,0.2821620499762915,0.6283495985071257,1.7061646250490146,2.0523521735798487,0.9105116484834173,2.3345142235561402,4.029978303552465,2.714292470044216,2.18939197144256,4.029978303552465,2.714292470044216,2.18939197144256,6.74427077359668,6.219370274995025,4.903684441486776,8.93366274503924
209,10450,Wormhole Attack,0.82,1.1205459990594087,0.30492086926491657,0.7656528391942197,1.1205459990594087,0.30492086926491657,0.7656528391942197,1.4254668683243252,1.8861988382536283,1.0705737084591362,2.1911197075185447,2.6656240795943456,3.0978124799790514,3.195129657421106,2.6656240795943456,3.0978124799790514,3.195129657421106,5.763436559573397,5.860753737015452,6.292942137400157,8.958566216994504
210,10500,Sybil Attack,0.78,1.2550694520385546,0.38554329957349043,0.7094121466382469,1.2550694520385546,0.38554329957349043,0.7094121466382469,1.640612751612045,1.9644815986768016,1.0949554462117375,2.350024898250292,3.2704474902607745,4.456420537839457,2.783170087450143,3.2704474902607745,4.456420537839457,2.783170087450143,7.726868028100231,6.053617577710917,7.239590625289599,10.510038115550374
211,10550,Sybil Attack,0.82,1.048472911135561,0.3951745246287137,0.6875244663390735,1.048472911135561,0.3951745246287137,0.6875244663390735,1.4436474357642748,1.7359973774746345,1.082698990967787,2.131171902103348,2.341580279870289,4.618721028124997,2.6228441925523245,2.341580279870289,4.618721028124997,2.6228441925523245,6.9603013079952865,4.964424472422614,7.241565220677321,9.58314550054761
212,10600,Wormhole Attack,0.74,1.3227799993263054,0.33627842950512243,0.6494349394743935,1.3227799993263054,0.33627842950512243,0.6494349394743935,1.6590584288314278,1.9722149388006989,0.9857133689795159,2.3084933683058213,3.5748771138076556,3.6262340849111983,2.3438407807085877,3.5748771138076556,3.6262340849111983,2.3438407807085877,7.201111198718854,5.918717894516243,5.970074865619786,9.544951979427442
213,10650,Blackhole Attack,0.8,1.4073738956200295,0.39657517421249305,0.7520925955914562,1.4073738956200295,0.39657517421249305,0.7520925955914562,1.8039490698325225,2.159466491211486,1.1486677698039494,2.5560416654239786,3.9552150232565304,4.64232406022758,3.095801717642693,3.9552150232565304,4.64232406022758,3.095801717642693,8.59753908348411,7.0510167408992235,7.738125777870273,11.693340801126803
214,10700,Normal Traffic,0.7,1.4339678331121786,0.35042301026751965,0.430200203033718,1.4339678331121786,0.35042301026751965,0.430200203033718,1.7843908433796982,1.8641680361458965,0.7806232133012376,2.214591046413416,4.0747825456538695,3.8645913426284277,0.7379599915111117,4.0747825456538695,3.8645913426284277,0.7379599915111117,7.939373888282297,4.812742537164981,4.602551334139539,8.677333879793409
215,10750,Blackhole Attack,0.84,1.0751066643712266,0.3289070806431961,0.6156472769322796,1.0751066643712266,0.3289070806431961,0.6156472769322796,1.4040137450144228,1.6907539413035062,0.9445543575754758,2.0196610219467024,2.4613268156162937,3.502015875130338,2.0963482570822047,2.4613268156162937,3.502015875130338,2.0963482570822047,5.963342690746632,4.5576750726984985,5.598364132212543,8.059690947828837
216,10800,Blackhole Attack,0.82,1.2141901921228082,0.33080160116250057,0.6788708154342542,1.2141901921228082,0.33080160116250057,0.6788708154342542,1.5449917932853088,1.8930610075570624,1.0096724165967548,2.223862608719563,3.0866525246974534,3.533941368240103,2.5594567386748635,3.0866525246974534,3.533941368240103,2.5594567386748635,6.620593892937556,5.646109263372317,6.093398106914966,9.18005063161242
217,10850,Blackhole Attack,0.74,1.4435097821661118,0.32051461756667404,0.6336768916736875,1.4435097821661118,0.32051461756667404,0.6336768916736875,1.7640243997327858,2.0771866738397993,0.9541915092403614,2.3977012914064733,4.117683571782747,3.360590369629963,2.2284140620724333,4.117683571782747,3.360590369629963,2.2284140620724333,7.478273941412709,6.34609763385518,5.589004431702396,9.706688003485143
218,10900,Normal Traffic,0.7,1.2905647271101341,0.2883436442603549,0.7124065539929516,1.2905647271101341,0.2883436442603549,0.7124065539929516,1.578908371370489,2.0029712811030858,1.0007501982533065,2.291314925363441,3.4300358211867126,2.8184615427527477,2.8051039348140305,3.4300358211867126,2.8184615427527477,2.8051039348140305,6.24849736393946,6.235139756000743,5.623565477566778,9.053601298753492
219,10950,Flooding Attack,0.78,1.2041744433147343,0.31527886062986465,0.7104907085636127,1.2041744433147343,0.31527886062986465,0.7104907085636127,1.519453303944599,1.914665151878347,1.0257695691934774,2.229944012508212,3.0416212738610917,3.272360065282622,2.791070486374259,3.0416212738610917,3.272360065282622,2.791070486374259,6.313981339143714,5.832691760235351,6.0634305516568805,9.105051825517974
220,11000,Blackhole Attack,0.82,1.3361898211238659,0.3906776479395144,0.7089690402945449,1.3361898211238659,0.3906776479395144,0.7089690402945449,1.7268674690633803,2.0451588614184106,1.0996466882340594,2.4358365093579253,3.6351682673308026,4.542941956695777,2.779924361081798,3.6351682673308026,4.542941956695777,2.779924361081798,8.178110224026579,6.415092628412601,7.322866317777574,10.958034585108377
221,11050,Wormhole Attack,0.88,1.251910258066214,0.36278263900296986,0.635108120677727,1.251910258066214,0.36278263900296986,0.635108120677727,1.6146928970691838,1.887018378743941,0.997890759680697,2.2498010177469108,3.256243614051887,4.072869499561635,2.2388977253816527,3.256243614051887,4.072869499561635,2.2388977253816527,7.329113113613522,5.495141339433539,6.311767224943287,9.568010838995175
222,11100,Blackhole Attack,0.8,1.2372970600339377,0.3110447079162536,0.7721334595380484,1.2372970600339377,0.3110447079162536,0.7721334595380484,1.5483417679501912,2.009430519571986,1.083178167454302,2.3204752274882394,3.190542027608106,3.201008284234765,3.2425997977884515,3.190542027608106,3.201008284234765,3.2425997977884515,6.39155031184287,6.433141825396557,6.443608082023216,9.634150109631321
223,11150,Wormhole Attack,0.8,1.2775711103495546,0.30632966149189117,0.5559964149660024,1.2775711103495546,0.30632966149189117,0.5559964149660024,1.5839007718414457,1.833567525315557,0.8623260764578935,2.139897186807448,3.371615943968392,3.1215527277499655,1.6594094085861946,3.371615943968392,3.1215527277499655,1.6594094085861946,6.493168671718358,5.031025352554587,4.78096213633616,8.152578080304552
224,11200,Normal Traffic,0.74,1.47177721886473,0.34181458468976195,0.6125228342699455,1.47177721886473,0.34181458468976195,0.6125228342699455,1.813591803554492,2.0843000531346756,0.9543374189597074,2.4261146378244374,4.244775220831527,3.7195265472523764,2.073461909189296,4.244775220831527,3.7195265472523764,2.073461909189296,7.964301768083903,6.318237130020822,5.792988456441672,10.0377636772732
225,11250,Sybil Attack,0.84,1.4926362465278187,0.3744520859836849,0.7032248354245858,1.4926362465278187,0.3744520859836849,0.7032248354245858,1.8670883325115035,2.1958610819524047,1.0776769214082706,2.5703131679360895,4.338558334295991,4.26951706573018,2.737848418192255,4.338558334295991,4.26951706573018,2.737848418192255,8.60807540002617,7.076406752488246,7.007365483922435,11.345923818218425
226,11300,Blackhole Attack,0.84,1.3014820818222315,0.3050905371035532,0.7054849576907729,1.3014820818222315,0.3050905371035532,0.7054849576907729,1.6065726189257847,2.0069670395130044,1.0105754947943262,2.3120575766165574,3.479120732153498,3.100671635822521,2.7544036730183508,3.479120732153498,3.100671635822521,2.7544036730183508,6.579792367976019,6.233524405171849,5.855075308840872,9.33419604099437
227,11350,Sybil Attack,0.78,1.172363388637655,0.3523465584042075,0.5285363104956893,1.172363388637655,0.3523465584042075,0.5285363104956893,1.5247099470418624,1.7008996991333443,0.8808828688998968,2.053246257537552,2.8985973612228246,3.8970059943349584,1.4582658537181716,2.8985973612228246,3.8970059943349584,1.4582658537181716,6.795603355557783,4.356863214940996,5.35527184805313,8.253869209275955
228,11400,Blackhole Attack,0.84,1.1957385992539842,0.31541518937991014,0.8243562036356868,1.1957385992539842,0.31541518937991014,0.8243562036356868,1.5111537886338944,2.020094802889671,1.139771393015597,2.3355099922695812,3.003693344836968,3.2746574078164667,3.6251281455636084,3.003693344836968,3.2746574078164667,3.6251281455636084,6.278350752653434,6.628821490400576,6.899785553380076,9.903478898217042
229,11450,Wormhole Attack,0.84,1.2632560460038422,0.39523937906317597,0.6047223630216932,1.2632560460038422,0.39523937906317597,0.6047223630216932,1.6584954250670183,1.8679784090255356,0.9999617420848692,2.2632177880887117,3.307254779801536,4.619813921962496,2.016323943155135,3.307254779801536,4.619813921962496,2.016323943155135,7.927068701764032,5.323578722956672,6.6361378651176315,9.943392644919168
230,11500,Blackhole Attack,0.84,1.34073167780596,0.29084966138653356,0.649247508093618,1.34073167780596,0.29084966138653356,0.649247508093618,1.6315813391924934,1.989979185899578,0.9400971694801515,2.280828847286111,3.655588656403391,2.86069166466462,2.3424678575187374,3.655588656403391,2.86069166466462,2.3424678575187374,6.516280321068011,5.998056513922128,5.203159522183357,8.85874817858675
231,11550,Blackhole Attack,0.84,1.1737741095807395,0.33967496439046113,0.9177627800945889,1.1737741095807395,0.33967496439046113,0.9177627800945889,1.5134490739712005,2.0915368896753286,1.25743774448505,2.4312118540657894,2.904940025147956,3.6834707577125934,4.309325500213407,2.904940025147956,3.6834707577125934,4.309325500213407,6.588410782860549,7.214265525361363,7.992796257926001,10.897736283073957
232,11600,Flooding Attack,0.8,1.3334840618421695,0.28182178753768583,0.6455966224942857,1.3334840618421695,0.28182178753768583,0.6455966224942857,1.6153058493798553,1.9790806843364552,0.9274184100319716,2.2609024718741413,3.6230030536007356,2.7085585410481836,2.3157253479022843,3.6230030536007356,2.7085585410481836,2.3157253479022843,6.331561594648919,5.93872840150302,5.0242838889504675,8.647286942551204
233,11650,Sybil Attack,0.8,1.2815857930931678,0.3983914049719239,0.5534228799681576,1.2815857930931678,0.3983914049719239,0.5534228799681576,1.6799771980650917,1.8350086730613255,0.9518142849400815,2.2334000780332492,3.389666135633575,4.672930254251406,1.6405584250218972,3.389666135633575,4.672930254251406,1.6405584250218972,8.06259638988498,5.030224560655473,6.313488679273303,9.703154814906878
234,11700,Sybil Attack,0.82,1.28916832966164,0.3692007152788619,0.5890076804929119,1.28916832966164,0.3692007152788619,0.5890076804929119,1.658369044940502,1.878176010154552,0.9582083957717737,2.247376725433414,3.423757556328502,4.181023646131219,1.9012148724347842,3.423757556328502,4.181023646131219,1.9012148724347842,7.604781202459721,5.324972428763286,6.082238518566004,9.505996074894504
235,11750,Wormhole Attack,0.76,0.9482363588078535,0.3324373988572713,0.829669398582385,0.9482363588078535,0.3324373988572713,0.829669398582385,1.2806737576651248,1.7779057573902386,1.1621067974396562,2.11034315624751,1.890912295145824,3.561506996324483,3.6640469676111014,1.890912295145824,3.561506996324483,3.6640469676111014,5.4524192914703065,5.554959262756926,7.225553963935584,9.116466259081408
236,11800,Blackhole Attack,0.76,1.2991358825657842,0.34061939320339624,0.8606198052642311,1.2991358825657842,0.34061939320339624,0.8606198052642311,1.6397552757691805,2.1597556878300153,1.2012391984676274,2.5003750810334116,3.468572116243323,3.6993857901721485,3.890756768782027,3.468572116243323,3.6993857901721485,3.890756768782027,7.167957906415472,7.35932888502535,7.5901425589541756,11.0587146751975
237,11850,Blackhole Attack,0.76,1.379783890307238,0.2906282537019037,0.681923534254609,1.379783890307238,0.2906282537019037,0.681923534254609,1.6704121440091417,2.061707424561847,0.9725517879565128,2.352335678263751,3.831169135762293,2.8569606153367957,2.581817713892657,3.831169135762293,2.8569606153367957,2.581817713892657,6.688129751099089,6.41298684965495,5.438778329229453,9.269947464991745
238,11900,Sybil Attack,0.86,1.1928198227667262,0.39358266971862144,0.5324368446833592,1.1928198227667262,0.39358266971862144,0.5324368446833592,1.5864024924853477,1.7252566674500853,0.9260195144019806,2.1188393371687066,2.990570396303451,4.591895901426156,1.4868370236946138,2.990570396303451,4.591895901426156,1.4868370236946138,7.5824662977296065,4.477407419998064,6.07873292512077,9.06930332142422
239,11950,Blackhole Attack,0.8,1.3055517668300025,0.3469009710305247,0.853711770884561,1.3055517668300025,0.3469009710305247,0.853711770884561,1.6524527378605272,2.1592635377145637,1.2006127419150856,2.506164508745088,3.4974182164376675,3.8052397345316797,3.8401558472240063,3.4974182164376675,3.8052397345316797,3.8401558472240063,7.302657950969348,7.337574063661673,7.645395581755686,11.142813798193353
240,12000,Normal Traffic,0.74,1.0171841097364085,0.3710493624452922,0.4984735972176235,1.0171841097364085,0.3710493624452922,0.4984735972176235,1.3882334721817007,1.515657706954032,0.8695229596629157,1.8867070693993242,2.200904441131347,4.2121761049052875,1.238058351439164,2.200904441131347,4.2121761049052875,1.238058351439164,6.4130805460366345,3.438962792570511,5.450234456344452,7.651138897475798
241,12050,Sybil Attack,0.8,1.2945904172179477,0.38863806457275685,0.5516353788377696,1.2945904172179477,0.38863806457275685,0.5516353788377696,1.6832284817907044,1.8462257960557173,0.9402734434105264,2.234863860628474,3.4481355024495133,4.508571938499237,1.6274650905779018,3.4481355024495133,4.508571938499237,1.6274650905779018,7.956707440948751,5.075600593027415,6.136037029077139,9.584172531526653
242,12100,Sybil Attack,0.76,1.1684635609539795,0.3993358057002976,0.501547713452451,1.1684635609539795,0.3993358057002976,0.501547713452451,1.567799366654277,1.6700112744064306,0.9008835191527486,2.069347080106728,2.881063563000907,4.688844813444263,1.2605760613852124,2.881063563000907,4.688844813444263,1.2605760613852124,7.56990837644517,4.141639624386119,5.949420874829475,8.830484437830382
243,12150,Wormhole Attack,0.72,1.183258636839496,0.30272993624157035,0.6298391005268343,1.183258636839496,0.30272993624157035,0.6298391005268343,1.4859885730810662,1.8130977373663302,0.9325690367684047,2.1158276736079005,2.9475828803390804,3.060891994596039,2.2003024809619682,2.9475828803390804,3.060891994596039,2.2003024809619682,6.00847487493512,5.147885361301048,5.261194475558007,8.208777355897087
244,12200,Blackhole Attack,0.8,1.3160774502224772,0.36304863941860027,0.7530432031923944,1.3160774502224772,0.36304863941860027,0.7530432031923944,1.6791260896410776,2.0691206534148714,1.1160918426109947,2.432169292833472,3.5447421557809315,4.077352002838781,3.102764859110125,3.5447421557809315,4.077352002838781,3.102764859110125,7.622094158619713,6.647507014891056,7.180116861948906,10.724859017729838
245,12250,Blackhole Attack,0.88,1.1218795150435077,0.3204699573248286,0.7446659231762188,1.1218795150435077,0.3204699573248286,0.7446659231762188,1.4423494723683363,1.8665454382197266,1.0651358805010473,2.187015395544555,2.671619626599863,3.3598377780223294,3.0414018047779727,2.671619626599863,3.3598377780223294,3.0414018047779727,6.031457404622192,5.713021431377836,6.401239582800303,9.072859209400164
246,12300,Blackhole Attack,0.84,1.2818094625000398,0.334194563346988,0.6850987844528948,1.2818094625000398,0.334194563346988,0.6850987844528948,1.6160040258470278,1.9669082469529346,1.019293347799883,2.3011028102999225,3.390671763206538,3.5911178357097278,2.605076223821819,3.390671763206538,3.5911178357097278,2.605076223821819,6.981789598916266,5.995747987028357,6.196194059531546,9.586865822738085
247,12350,Wormhole Attack,0.76,1.283856768121754,0.3117509002446805,0.926507538677127,1.283856768121754,0.3117509002446805,0.926507538677127,1.5956076683664346,2.210364306798881,1.2382584389218074,2.5221152070435617,3.3998765400791164,3.2129086770178628,4.373380312155436,3.3998765400791164,3.2129086770178628,4.373380312155436,6.612785217096979,7.773256852234552,7.5862889891732985,10.986165529252414
248,12400,Blackhole Attack,0.76,1.3935699485333966,0.3515334951799949,0.6163180116989074,1.3935699485333966,0.3515334951799949,0.6163180116989074,1.7451034437133914,2.009887960232304,0.9678515068789023,2.361421455412299,3.893151864954383,3.883304667747093,2.1012613474704422,3.893151864954383,3.883304667747093,2.1012613474704422,7.776456532701475,5.994413212424825,5.984566015217535,9.877717880171918
249,12450,Blackhole Attack,0.8,1.4632296014743043,0.3415206967246637,0.5571383267446433,1.4632296014743043,0.3415206967246637,0.5571383267446433,1.804750298198968,2.0203679282189473,0.8986590234693069,2.361888624943611,4.206344753960071,3.7145740972212558,1.6677738412397485,4.206344753960071,3.7145740972212558,1.6677738412397485,7.920918851181327,5.874118595199819,5.382347938461004,9.588692692421075
250,12500,Normal Traffic,0.74,1.2872877976206705,0.3375456389013284,0.5123863754996594,1.2872877976206705,0.3375456389013284,0.5123863754996594,1.6248334365219987,1.7996741731203298,0.8499320144009878,2.137219812021658,3.4153026008713074,3.647588451060822,1.339968585785312,3.4153026008713074,3.647588451060822,1.339968585785312,7.062891051932129,4.7552711866566195,4.987557036846134,8.402859637717441
251,12550,Blackhole Attack,0.8,1.040311973635352,0.35891504612432923,0.6953957682310177,1.040311973635352,0.35891504612432923,0.6953957682310177,1.3992270197596812,1.7357077418663698,1.0543108143553468,2.0946227879906987,2.304888342934377,4.007694797815068,2.6805009886397793,2.304888342934377,4.007694797815068,2.6805009886397793,6.312583140749445,4.985389331574156,6.688195786454847,8.993084129389224
252,12600,Normal Traffic,0.7,1.411345003362653,0.33330138035648044,0.6663961520544535,1.411345003362653,0.33330138035648044,0.6663961520544535,1.7446463837191333,2.0777411554171064,0.9996975324109338,2.4110425357735865,3.9730692997847257,3.5760663717014745,2.4680806064133223,3.9730692997847257,3.5760663717014745,2.4680806064133223,7.5491356714862,6.4411499061980475,6.044146978114797,10.017216277899522
253,12650,Sybil Attack,0.86,1.1753616405488707,0.36920783961309656,0.6439473001709852,1.1753616405488707,0.36920783961309656,0.6439473001709852,1.5445694801619672,1.819308940719856,1.013155139784082,2.1885167803329524,2.9120776347871655,4.181143701776541,2.3036441646136154,2.9120776347871655,4.181143701776541,2.3036441646136154,7.0932213365637065,5.2157217994007805,6.484787866390157,9.396865501177322
254,12700,Blackhole Attack,0.86,1.2667568635936015,0.37107667216018914,0.6948511470326457,1.2667568635936015,0.37107667216018914,0.6948511470326457,1.6378335357537908,1.9616080106262472,1.0659278191928347,2.3326846827864367,3.322994610945236,4.212636314285913,2.67651167228392,3.322994610945236,4.212636314285913,2.67651167228392,7.535630925231149,5.999506283229156,6.889147986569833,10.212142597515069
255,12750,Flooding Attack,0.8,1.1488809808453928,0.3995963328906087,0.3904935653532259,1.1488809808453928,0.3995963328906087,0.3904935653532259,1.5484773137360015,1.5393745461986188,0.7900898982438346,1.9389708790892275,2.7930194143515257,4.6932350847210484,0.44711134366473654,2.7930194143515257,4.6932350847210484,0.44711134366473654,7.486254499072574,3.2401307580162624,5.140346428385785,7.93336584273731
256,12800,Blackhole Attack,0.84,1.3845179304303474,0.37050888382635533,0.8079505484851388,1.3845179304303474,0.37050888382635533,0.8079505484851388,1.7550268142567027,2.1924684789154862,1.178459432311494,2.5629773627418415,3.8524535901089614,4.20306823499888,3.5049577434266608,3.8524535901089614,4.20306823499888,3.5049577434266608,8.055521825107842,7.357411333535622,7.708025978425541,11.560479568534504
257,12850,Sybil Attack,0.82,1.2598377883081786,0.30891128970949167,0.6231137886640999,1.2598377883081786,0.30891128970949167,0.6231137886640999,1.5687490780176703,1.8829515769722787,0.9320250783735916,2.1918628666817703,3.2918861416031953,3.165057009193821,2.1510399904594673,3.2918861416031953,3.165057009193821,2.1510399904594673,6.4569431507970165,5.442926132062663,5.316096999653288,8.607983141256483
258,12900,Normal Traffic,0.7,1.2263726385674845,0.3284169356785325,0.44262414984733006,1.2263726385674845,0.3284169356785325,0.44262414984733006,1.554789574246017,1.6689967884148145,0.7710410855258625,1.997413724093347,3.141425344200328,3.4937562022829303,0.8289646280842473,3.141425344200328,3.4937562022829303,0.8289646280842473,6.635181546483258,3.9703899722845755,4.322720830367178,7.464146174567505
259,12950,Sybil Attack,0.84,1.3590121660049725,0.3303096962720271,0.6040713491313667,1.3590121660049725,0.3303096962720271,0.6040713491313667,1.6893218622769997,1.9630835151363393,0.9343810454033938,2.2933932114083664,3.737778542079967,3.525652038020953,2.0115553069574723,3.737778542079967,3.525652038020953,2.0115553069574723,7.26343058010092,5.7493338490374395,5.537207344978425,9.274985887058392
260,13000,Normal Traffic,0.74,1.3354067672310372,0.379226113742967,0.5425985852971301,1.3354067672310372,0.379226113742967,0.5425985852971301,1.7146328809740043,1.8780053525281675,0.9218246990400971,2.2572314662711346,3.6316476223004552,4.349966545575743,1.5612711407574376,3.6316476223004552,4.349966545575743,1.5612711407574376,7.981614167876199,5.192918763057893,5.91123768633318,9.542885308633636
261,13050,Normal Traffic,0.72,1.5004111336871733,0.32982322385637314,0.8260850225786732,1.5004111336871733,0.32982322385637314,0.8260850225786732,1.8302343575435465,2.3264961562658466,1.1559082464350463,2.65631938012222,4.3735145717782125,3.5174542530955337,3.6377916366399585,4.3735145717782125,3.5174542530955337,3.6377916366399585,7.890968824873746,8.011306208418171,7.155245889735492,11.528760461513706
262,13100,Wormhole Attack,0.76,1.044248502603869,0.35865927345779713,0.7325395903555658,1.044248502603869,0.35865927345779713,0.7325395903555658,1.4029077760616662,1.7767880929594349,1.091198863813363,2.1354473664172318,2.322587151760632,4.003384647347004,2.9525771721661105,2.322587151760632,4.003384647347004,2.9525771721661105,6.325971799107636,5.2751643239267425,6.9559618195131145,9.278548971273747
263,13150,Blackhole Attack,0.8,1.335943704130608,0.34310078282357925,0.7139875107872052,1.335943704130608,0.34310078282357925,0.7139875107872052,1.6790444869541872,2.0499312149178133,1.0570882936107844,2.3930319977413923,3.634061714413905,3.741200901919199,2.816684344860639,3.634061714413905,3.741200901919199,2.816684344860639,7.375262616333104,6.450746059274544,6.557885246779838,10.191946961193743
264,13200,Blackhole Attack,0.76,1.396556388786919,0.26955909808892986,0.5699237079842503,1.396556388786919,0.26955909808892986,0.5699237079842503,1.666115486875849,1.9664800967711693,0.8394828060731802,2.2360391948600995,3.9065790327818917,2.5019139555109513,1.7614259624710327,3.9065790327818917,2.5019139555109513,1.7614259624710327,6.408492988292843,5.668004995252924,4.263339917981984,8.169918950763876
265,13250,Blackhole Attack,0.78,1.4721096854458993,0.3576179077827047,0.784582052543127,1.4721096854458993,0.3576179077827047,0.784582052543127,1.829727593228604,2.2566917379890263,1.1421999603258317,2.6143096457717308,4.2462700053252505,3.985836084348533,3.33378496617897,4.2462700053252505,3.985836084348533,3.33378496617897,8.232106089673783,7.58005497150422,7.319621050527503,11.565891055852752
266,13300,Blackhole Attack,0.74,1.2875212257891437,0.32537600496611474,0.6242921701388574,1.2875212257891437,0.32537600496611474,0.6242921701388574,1.6128972307552585,1.911813395928001,0.9496681751049721,2.237189400894116,3.4163521042692278,3.4425119895561087,2.1596715613655277,3.4163521042692278,3.4425119895561087,2.1596715613655277,6.8588640938253365,5.5760236656347555,5.6021835509216364,9.018535655190863
267,13350,Wormhole Attack,0.78,1.274400641054648,0.3760845703561681,0.6523026703470653,1.274400641054648,0.3760845703561681,0.6523026703470653,1.6504852114108162,1.9267033114017134,1.0283872407032335,2.3027878817578813,3.357361373409191,4.297026859397998,2.3648467307317427,3.357361373409191,4.297026859397998,2.3648467307317427,7.6543882328071895,5.722208104140934,6.661873590129741,10.019234963538931
268,13400,Blackhole Attack,0.8,1.0570469356515924,0.27050654393098106,0.7645522107450738,1.0570469356515924,0.27050654393098106,0.7645522107450738,1.3275534795825734,1.8215991463966663,1.0350587546760548,2.092105690327647,2.3801294743496153,2.517879829405728,3.1870676225847347,2.3801294743496153,2.517879829405728,3.1870676225847347,4.898009303755343,5.5671970969343505,5.704947451990463,8.085076926340077
269,13450,Wormhole Attack,0.88,1.0482472514608345,0.39682477496386387,0.6871918251990187,1.0482472514608345,0.39682477496386387,0.6871918251990187,1.4450720264246983,1.735439076659853,1.0840166001628826,2.132263851623717,2.340565703964784,4.646530204730573,2.620407616920272,2.340565703964784,4.646530204730573,2.620407616920272,6.987095908695357,4.960973320885056,7.266937821650846,9.607503525615629
270,13500,Blackhole Attack,0.78,1.1920825332827871,0.3114988207577117,0.6052730117970461,1.1920825332827871,0.3114988207577117,0.6052730117970461,1.5035813540404988,1.7973555450798333,0.9167718325547578,2.1088543658375447,2.9872555100851077,3.2086607621273497,2.020357411136946,2.9872555100851077,3.2086607621273497,2.020357411136946,6.195916272212457,5.007612921222053,5.229018173264295,8.216273683349403
271,13550,Blackhole Attack,0.8,1.300839815321299,0.35248703772430584,0.8242558699170549,1.300839815321299,0.35248703772430584,0.8242558699170549,1.653326853045605,2.125095685238354,1.1767429076413607,2.47758272296266,3.476233073480991,3.8993732801575005,3.624393207324004,3.476233073480991,3.8993732801575005,3.624393207324004,7.375606353638492,7.100626280804995,7.523766487481504,10.999999560962497
272,13600,Wormhole Attack,0.82,1.3181489873285763,0.3305047838760466,0.8695119080930122,1.3181489873285763,0.3305047838760466,0.8695119080930122,1.648653771204623,2.1876608954215886,1.2000166919690587,2.5181656792976352,3.5540558784819622,3.528939554780186,3.955890868150318,3.5540558784819622,3.528939554780186,3.955890868150318,7.082995433262148,7.509946746632281,7.484830422930504,11.038886301412466
273,13650,Sybil Attack,0.82,0.9383675485543802,0.36605950089917877,0.6937236373087526,0.9383675485543802,0.36605950089917877,0.6937236373087526,1.304427049453559,1.6320911858631328,1.0597831382079315,1.9981506867623118,1.846541686567624,4.128089504213513,2.668252733784349,1.846541686567624,4.128089504213513,2.668252733784349,5.974631190781137,4.514794420351973,6.796342237997862,8.642883924565487
274,13700,Normal Traffic,0.74,1.2923436097634176,0.39589052119363427,0.7836591048201964,1.2923436097634176,0.39589052119363427,0.7836591048201964,1.6882341309570519,2.076002714583614,1.1795496260138307,2.471893235777248,3.4380337564887524,4.630786636898862,3.327024431595123,3.4380337564887524,4.630786636898862,3.327024431595123,8.068820393387615,6.765058188083875,7.957811068493985,11.395844824982738
275,13750,Blackhole Attack,0.78,1.2489800998831262,0.32438915873665913,0.7495137854064509,1.2489800998831262,0.32438915873665913,0.7495137854064509,1.5733692586197854,1.998493885289577,1.07390294414311,2.322883044026236,3.2430694929091444,3.425882160436892,3.0769120936610137,3.2430694929091444,3.425882160436892,3.0769120936610137,6.668951653346037,6.319981586570158,6.502794254097905,9.74586374700705
276,13800,Sybil Attack,0.84,1.2081875658733412,0.3562914770553958,0.497087949070418,1.2081875658733412,0.3562914770553958,0.497087949070418,1.564479042928737,1.705275514943759,0.8533794261258139,2.061566991999155,3.0596644508652924,3.9634837505449236,1.2279085650672101,3.0596644508652924,3.9634837505449236,1.2279085650672101,7.023148201410216,4.2875730159325025,5.191392315612134,8.251056766477426
277,13850,Flooding Attack,0.86,1.228237798186698,0.41132777450014024,0.6830247805291794,1.228237798186698,0.41132777450014024,0.6830247805291794,1.6395655726868383,1.9112625787158775,1.0943525550293196,2.3225903532160177,3.1498111845675463,4.89092735274157,2.5898842742617814,3.1498111845675463,4.89092735274157,2.5898842742617814,8.040738537309116,5.739695458829328,7.480811627003352,10.630622811570897
278,13900,Blackhole Attack,0.8,1.2573664916560634,0.36663582180143595,0.5060832278511124,1.2573664916560634,0.36663582180143595,0.5060832278511124,1.6240023134574995,1.7634497195071757,0.8727190496525483,2.130085541308612,3.2807750822540678,4.137801369989862,1.2937984218568603,3.2807750822540678,4.137801369989862,1.2937984218568603,7.41857645224393,4.574573504110928,5.431599791846723,8.71237487410079
279,13950,Normal Traffic,0.7,1.3932875816115227,0.31248311317726574,0.7094142264543501,1.3932875816115227,0.31248311317726574,0.7094142264543501,1.7057706947887885,2.1027018080658726,1.0218973396316158,2.4151849212431387,3.891882330750755,3.2252475557451903,2.783185321973556,3.891882330750755,3.2252475557451903,2.783185321973556,7.117129886495945,6.6750676527243105,6.008432877718747,9.9003152084695
280,14000,Blackhole Attack,0.76,1.2183762337142445,0.4238155054968355,0.6398098827965881,1.2183762337142445,0.4238155054968355,0.6398098827965881,1.64219173921108,1.8581861165108327,1.0636253882934237,2.282001622007668,3.1054731533421593,5.101364223616933,2.2733378400488764,3.1054731533421593,5.101364223616933,2.2733378400488764,8.206837376959093,5.378810993391036,7.37470206366581,10.48017521700797
281,14050,Normal Traffic,0.7,1.4591414265088682,0.3364137461391825,0.6015337878161121,1.4591414265088682,0.3364137461391825,0.6015337878161121,1.7955551726480508,2.0606752143249802,0.9379475339552946,2.397088960464163,4.187964138006216,3.6285143717828903,1.992967828377495,4.187964138006216,3.6285143717828903,1.992967828377495,7.816478509789107,6.180931966383711,5.6214822001603855,9.809446338166602
282,14100,Blackhole Attack,0.82,1.3287676623466276,0.3819425348638566,0.6813072692914788,1.3287676623466276,0.3819425348638566,0.6813072692914788,1.7107101972104841,2.0100749316381066,1.0632498041553353,2.392017466501963,3.6017979122979673,4.395742288247573,2.5773036114223387,3.6017979122979673,4.395742288247573,2.5773036114223387,7.99754020054554,6.1791015237203055,6.973045899669911,10.57484381196788
283,14150,Wormhole Attack,0.82,1.2240549942649153,0.36383566790623134,0.7856084784634118,1.2240549942649153,0.36383566790623134,0.7856084784634118,1.5878906621711466,2.009663472728327,1.149444146369643,2.3734991406345585,3.1310051126291922,4.090614605330033,3.341303472113205,3.1310051126291922,4.090614605330033,3.341303472113205,7.221619717959225,6.472308584742397,7.431918077443237,10.56292319007243
284,14200,Blackhole Attack,0.8,1.1891747052271961,0.22631564642830984,0.8502256939953167,1.1891747052271961,0.22631564642830984,0.8502256939953167,1.415490351655506,2.039400399222513,1.0765413404236266,2.2657160456508225,2.974181786185925,1.7731973731535056,3.8146205511436904,2.974181786185925,1.7731973731535056,3.8146205511436904,4.747379159339431,6.788802337329615,5.587817924297196,8.561999710483121
285,14250,Wormhole Attack,0.8,1.391749338604905,0.39359722771742006,0.5560077508010525,1.391749338604905,0.39359722771742006,0.5560077508010525,1.785346566322325,1.9477570894059575,0.9496049785184726,2.3413543171233773,3.8849663219724153,4.592141225393672,1.6594924428718738,3.8849663219724153,4.592141225393672,1.6594924428718738,8.477107547366089,5.544458764844289,6.251633668265546,10.136599990237963
286,14300,Sybil Attack,0.84,1.3673962096804106,0.3778934166872343,0.5185955618154259,1.3673962096804106,0.3778934166872343,0.5185955618154259,1.745289626367645,1.8859917714958365,0.8964889785026602,2.263885188183071,3.775473574274397,4.327508614802938,1.3854504888036117,3.775473574274397,4.327508614802938,1.3854504888036117,8.102982189077334,5.160924063078008,5.71295910360655,9.488432677880946
287,14350,Sybil Attack,0.78,1.152289198029119,0.31185097465613054,0.5343287833329133,1.152289198029119,0.31185097465613054,0.5343287833329133,1.4641401726852497,1.6866179813620323,0.8461797579890439,1.998468956018163,2.8083429099629025,3.2145950799365206,1.5006953564615173,2.8083429099629025,3.2145950799365206,1.5006953564615173,6.0229379898994235,4.30903826642442,4.715290436398038,7.523633346360941
288,14400,Normal Traffic,0.72,1.297154639822075,0.35164681962584904,0.6145652452321616,1.297154639822075,0.35164681962584904,0.6145652452321616,1.6488014594479241,1.9117198850542367,0.9662120648580106,2.263366704680086,3.4596643610001236,3.8852143534846815,2.0884224422741466,3.4596643610001236,3.8852143534846815,2.0884224422741466,7.344878714484805,5.54808680327427,5.9736367957588286,9.43330115675895
289,14450,Blackhole Attack,0.8,1.1782866663603644,0.30494754937157986,0.6147707044570977,1.1782866663603644,0.30494754937157986,0.6147707044570977,1.4832342157319442,1.7930573708174622,0.9197182538286776,2.098004920189042,2.9252286805596017,3.098262079522982,2.089927418299593,2.9252286805596017,3.098262079522982,2.089927418299593,6.023490760082584,5.015156098859195,5.1881894978225755,8.113418178382178
290,14500,Wormhole Attack,0.8,1.2436059032238258,0.3613386732113308,0.5975083111656806,1.2436059032238258,0.3613386732113308,0.5975083111656806,1.6049445764351566,1.8411142143895063,0.9588469843770113,2.2024528876008374,3.218906866385024,4.048536524826352,1.9634814626434762,3.218906866385024,4.048536524826352,1.9634814626434762,7.267443391211376,5.1823883290285,6.012017987469828,9.230924853854852
291,14550,Normal Traffic,0.7,1.340997005826005,0.359992022168937,0.5955581115226498,1.340997005826005,0.359992022168937,0.5955581115226498,1.700989027994942,1.9365551173486548,0.9555501336915868,2.2965471395175916,3.656781582948727,4.025843448590374,1.9491963717281944,3.656781582948727,4.025843448590374,1.9491963717281944,7.682625031539101,5.605977954676922,5.975039820318568,9.631821403267296
292,14600,Blackhole Attack,0.82,1.3492229448488926,0.36501859049277247,0.777488850649491,1.3492229448488926,0.36501859049277247,0.777488850649491,1.7142415353416651,2.126711795498384,1.1425074411422635,2.491730385991156,3.6937657696133988,4.110548613170639,3.2818277041144728,3.6937657696133988,4.110548613170639,3.2818277041144728,7.804314382784038,6.975593473727871,7.3923763172851125,11.08614208689851
293,14650,Normal Traffic,0.64,1.351483870693809,0.39099691962017924,0.41982346575077434,1.351483870693809,0.39099691962017924,0.41982346575077434,1.7424807903139883,1.7713073364445835,0.8108203853709536,2.1623042560647625,3.7039309924834827,4.548322160149551,0.6619510372378568,3.7039309924834827,4.548322160149551,0.6619510372378568,8.252253152633035,4.365882029721339,5.210273197387408,8.914204189870892
294,14700,Wormhole Attack,0.8,1.158412960299779,0.3951609436499885,0.7571221413936812,1.158412960299779,0.3951609436499885,0.7571221413936812,1.5535739039497676,1.91553510169346,1.1522830850436696,2.3106960453434486,2.8358756167186914,4.618492168401232,3.1326428273742586,2.8358756167186914,4.618492168401232,3.1326428273742586,7.454367785119924,5.96851844409295,7.751134995775491,10.587010612494183
295,14750,Blackhole Attack,0.78,1.316328856098799,0.3309657181271923,0.5535499694088664,1.316328856098799,0.3309657181271923,0.5535499694088664,1.6472945742259912,1.8698788255076653,0.8845156875360587,2.2008445436348576,3.545872487750644,3.5367069835881937,1.6414893472592098,3.545872487750644,3.5367069835881937,1.6414893472592098,7.082579471338837,5.187361835009854,5.1781963308474035,8.724068818598047
296,14800,Sybil Attack,0.82,1.113722862771007,0.28281069320762975,0.7310950674758198,1.113722862771007,0.28281069320762975,0.7310950674758198,1.3965335559786367,1.8448179302468266,1.0139057606834494,2.1276286234544566,2.634946956237776,2.725223074807677,2.9419961320453623,2.634946956237776,2.725223074807677,2.9419961320453623,5.3601700310454525,5.576943088283138,5.667219206853039,8.302166163090815
297,14850,Wormhole Attack,0.74,0.9249094944669783,0.27400815841687287,0.6557238763121799,0.9249094944669783,0.27400815841687287,0.6557238763121799,1.1989176528838512,1.5806333707791582,0.9297320347290527,1.854641529196031,1.7860336785302635,2.5768872500186415,2.3899068513333512,1.7860336785302635,2.5768872500186415,2.3899068513333512,4.362920928548905,4.175940529863615,4.966794101351993,6.7528277798822565
298,14900,Wormhole Attack,0.8,1.2245429261513605,0.31778721930712683,0.662597535276213,1.2245429261513605,0.31778721930712683,0.662597535276213,1.5423301454584872,1.8871404614275735,0.9803847545833398,2.2049276807347002,3.1331988760302734,3.314629645818574,2.4402559751129345,3.1331988760302734,3.314629645818574,2.4402559751129345,6.447828521848848,5.573454851143207,5.754885620931509,8.888084496961783
299,14950,Sybil Attack,0.76,1.42508036442175,0.3842175096996024,0.6227343580111411,1.42508036442175,0.3842175096996024,0.6227343580111411,1.8092978741213523,2.047814722432891,1.0069518677107434,2.432032232132493,4.034824092265304,4.434079003370699,2.148260684559719,4.034824092265304,4.434079003370699,2.148260684559719,8.468903095636003,6.183084776825023,6.582339687930418,10.617163780195723
300,15000,Normal Traffic,0.72,1.2117729903741348,0.29365924623223394,0.6130700433652929,1.2117729903741348,0.29365924623223394,0.6130700433652929,1.5054322366063686,1.8248430337394277,0.9067292895975269,2.1185022799716613,3.075784678433292,2.908037354890049,2.077470181729311,3.075784678433292,2.908037354890049,2.077470181729311,5.9838220333233405,5.153254860162603,4.985507536619361,8.061292215052651
301,15050,Sybil Attack,0.76,1.4051785730163813,0.397579074297833,0.5567226121781743,1.4051785730163813,0.397579074297833,0.5567226121781743,1.8027576473142144,1.9619011851945556,0.9543016864760073,2.359480259492389,3.9453447554686716,4.659241272224407,1.664728757933515,3.9453447554686716,4.659241272224407,1.664728757933515,8.60458602769308,5.610073513402186,6.3239700301579225,10.269314785626594
302,15100,Sybil Attack,0.84,1.1532756915509927,0.37472675296394115,0.5236773509449445,1.1532756915509927,0.37472675296394115,0.5236773509449445,1.5280024445149338,1.6769530424959371,0.8984041039088857,2.0516797954598784,2.8127782285879195,4.2741456135322755,1.4226742776535817,2.8127782285879195,4.2741456135322755,1.4226742776535817,7.0869238421201945,4.235452506241501,5.696819891185857,8.509598119773777
303,15150,Blackhole Attack,0.78,1.3962584016635466,0.3271313538152638,0.6466828990264436,1.3962584016635466,0.3271313538152638,0.6466828990264436,1.7233897554788105,2.04294130068999,0.9738142528417074,2.370072654505254,3.9052392694595754,3.472092232692941,2.3236822558406414,3.9052392694595754,3.472092232692941,2.3236822558406414,7.377331502152517,6.228921525300217,5.795774488533582,9.701013757993158
304,15200,Wormhole Attack,0.86,1.295568226518052,0.39495593516984445,0.7954879503835238,1.295568226518052,0.39495593516984445,0.7954879503835238,1.6905241616878963,2.0910561769015756,1.1904438855533683,2.4860121120714203,3.4525317764283123,4.615037470099688,3.4136699885763337,3.4525317764283123,4.615037470099688,3.4136699885763337,8.067569246528,6.8662017650046465,8.028707458676022,11.481239235104335
305,15250,Sybil Attack,0.84,1.1963348290816709,0.4182614021101463,0.42491553236873225,1.1963348290816709,0.4182614021101463,0.42491553236873225,1.6145962311918172,1.6212503614504032,0.8431769344788785,2.0395117635605495,3.00637402058485,5.007769307332906,0.699250108050502,3.00637402058485,5.007769307332906,0.699250108050502,8.014143327917756,3.705624128635352,5.707019415383408,8.713393435968257
306,15300,Normal Traffic,0.74,1.4142556864872338,0.2732153337246331,0.6498088112841233,1.4142556864872338,0.2732153337246331,0.6498088112841233,1.6874710202118668,2.064064497771357,0.9230241450087564,2.33727983149599,3.9861558602007086,2.5635269728448447,2.346579368427921,3.9861558602007086,2.5635269728448447,2.346579368427921,6.549682833045553,6.332735228628629,4.9101063412727655,8.896262201473474
307,15350,Wormhole Attack,0.8,1.2023543804786805,0.34200044082253445,0.6245082061904094,1.2023543804786805,0.34200044082253445,0.6245082061904094,1.5443548213012148,1.82686258666909,0.9665086470129438,2.168863027491624,3.0334381906309877,3.7226584999685257,2.161254011987148,3.0334381906309877,3.7226584999685257,2.161254011987148,6.756096690599513,5.1946922026181355,5.883912511955674,8.917350702586662
308,15400,Normal Traffic,0.76,1.3350298762222834,0.3882062152504279,0.5073558665363963,1.3350298762222834,0.3882062152504279,0.5073558665363963,1.7232360914727114,1.8423857427586796,0.8955620817868242,2.2305919580091076,3.629953103610102,4.501294634071027,1.3031204209591332,3.629953103610102,4.501294634071027,1.3031204209591332,8.131247737681129,4.9330735245692345,5.8044150550301605,9.434368158640261
309,15450,Wormhole Attack,0.78,1.4385466077160798,0.320069827084098,0.7743048037167691,1.4385466077160798,0.320069827084098,0.7743048037167691,1.7586164348001778,2.212851411432849,1.094374630800867,2.532921238516947,4.095368919340201,3.3530949873725118,3.2585047586534786,4.095368919340201,3.3530949873725118,3.2585047586534786,7.448463906712712,7.353873677993679,6.61159974602599,10.70696866536619
310,15500,Blackhole Attack,0.74,1.1760513219561122,0.2129928263193507,0.7905262648612982,1.1760513219561122,0.2129928263193507,0.7905262648612982,1.389044148275463,1.9665775868174102,1.0035190911806489,2.1795704131367613,2.9151784729812733,1.5486880066635746,3.377325951169025,2.9151784729812733,1.5486880066635746,3.377325951169025,4.463866479644848,6.292504424150298,4.926013957832599,7.841192430813873
311,15550,Blackhole Attack,0.72,1.3735769649981737,0.37166971413620686,0.6451423407700381,1.3735769649981737,0.37166971413620686,0.6451423407700381,1.7452466791343806,2.0187193057682116,1.016812054906245,2.3903890199044184,3.8032625242975846,4.222629955065326,2.312397762567511,3.8032625242975846,4.222629955065326,2.312397762567511,8.025892479362911,6.115660286865095,6.535027717632837,10.338290241930423
312,15600,Blackhole Attack,0.8,1.3120715097726172,0.3652305321708031,0.7229901414166879,1.3120715097726172,0.3652305321708031,0.7229901414166879,1.6773020419434204,2.035061651189305,1.088220673587491,2.4002921833601083,3.526731269856181,4.114120146185295,2.8826280534847473,3.526731269856181,4.114120146185295,2.8826280534847473,7.6408514160414756,6.409359323340928,6.9967481996700425,10.523479469526222
313,15650,Wormhole Attack,0.86,1.0673455069600868,0.35116733629485675,0.576825962153519,1.0673455069600868,0.35116733629485675,0.576825962153519,1.4185128432549434,1.6441714691136058,0.9279932984483757,1.9953388054084624,2.426432307690956,3.8771343450477915,1.8119845443478886,2.426432307690956,3.8771343450477915,1.8119845443478886,6.3035666527387475,4.238416852038845,5.68911888939568,8.115551197086637
314,15700,Blackhole Attack,0.82,1.363087619280244,0.3087937064221139,0.9200690693181374,1.363087619280244,0.3087937064221139,0.9200690693181374,1.671881325702358,2.2831566885983814,1.2288627757402513,2.591950395020495,3.7561019607506387,3.1630755556319556,4.326218925126625,3.7561019607506387,3.1630755556319556,4.326218925126625,6.919177516382595,8.082320885877264,7.489294480758581,11.24539644150922
315,15750,Normal Traffic,0.7,1.2996942129916342,0.35577801215628,0.5406283623435735,1.2996942129916342,0.35577801215628,0.5406283623435735,1.6554722251479141,1.8403225753352077,0.8964063744998535,2.196100587491488,3.471082394599721,3.954831102061155,1.5468393803397236,3.471082394599721,3.954831102061155,1.5468393803397236,7.4259134966608755,5.0179217749394445,5.501670482400879,8.972752877000598
316,15800,Normal Traffic,0.74,0.9820949969454266,0.30429242713261356,0.6021094046759798,0.9820949969454266,0.30429242713261356,0.6021094046759798,1.2863874240780402,1.5842044016214065,0.9064018318085934,1.88849682875402,2.0431422338321434,3.0872222938288947,1.9971841860232182,2.0431422338321434,3.0872222938288947,1.9971841860232182,5.130364527661039,4.0403264198553615,5.084406479852113,7.127548713684257
317,15850,Blackhole Attack,0.78,1.2242809887285382,0.3658618076420742,0.6211321306374078,1.2242809887285382,0.3658618076420742,0.6211321306374078,1.5901427963706123,1.845413119365946,0.986993938279482,2.21127492700802,3.132021193760423,4.1247580783180275,2.136524468843279,3.132021193760423,4.1247580783180275,2.136524468843279,7.25677927207845,5.268545662603702,6.261282547161306,9.393303740921729
318,15900,Flooding Attack,0.84,1.240095573695268,0.39266678466383476,0.5547716786305203,1.240095573695268,0.39266678466383476,0.5547716786305203,1.6327623583591027,1.7948672523257883,0.9474384632943551,2.1875340369896232,3.203124269142634,4.576461873814429,1.6504382912125801,3.203124269142634,4.576461873814429,1.6504382912125801,7.779586142957063,4.853562560355214,6.2269001650270095,9.430024434169644
319,15950,Normal Traffic,0.72,1.144731614278772,0.3337935742571549,0.6301769557047298,1.144731614278772,0.3337935742571549,0.6301769557047298,1.478525188535927,1.7749085699835017,0.9639705299618846,2.108702144240657,2.7743636782449164,3.584360572173064,2.202777249096442,2.7743636782449164,3.584360572173064,2.202777249096442,6.35872425041798,4.977140927341358,5.787137821269505,8.561501499514423
320,16000,Sybil Attack,0.84,1.2412805907188884,0.3533223946014571,0.4580633382726184,1.2412805907188884,0.3533223946014571,0.4580633382726184,1.5946029853203454,1.6993439289915069,0.8113857328740754,2.052666323592964,3.2084521582359584,3.913450288009323,0.9420557216559071,3.2084521582359584,3.913450288009323,0.9420557216559071,7.121902446245281,4.150507879891865,4.8555060096652305,8.063958167901188
321,16050,Wormhole Attack,0.76,1.3357252054536972,0.31284360924394145,0.6844314416669626,1.3357252054536972,0.31284360924394145,0.6844314416669626,1.6485688146976387,2.02015664712066,0.9972750509109041,2.3330002563646013,3.6330793346721677,3.2313224515172236,2.6001879794809035,3.6330793346721677,3.2313224515172236,2.6001879794809035,6.864401786189392,6.233267314153071,5.831510430998128,9.464589765670295
322,16100,Normal Traffic,0.72,1.2521246921634093,0.286705852531587,0.6894520824539686,1.2521246921634093,0.286705852531587,0.6894520824539686,1.5388305446949961,1.9415767746173778,0.9761579349855556,2.228282627148965,3.257207719262961,2.790862312224905,2.636963860530648,3.257207719262961,2.790862312224905,2.636963860530648,6.048070031487866,5.894171579793609,5.4278261727555535,8.685033892018513
323,16150,Blackhole Attack,0.82,1.1236444387223425,0.3165887231676493,0.7363453214249301,1.1236444387223425,0.3165887231676493,0.7363453214249301,1.4402331618899917,1.8599897601472728,1.0529340445925794,2.176578483314922,2.679554801733706,3.294433200410309,2.9804539152058607,2.679554801733706,3.294433200410309,2.9804539152058607,5.973988002144015,5.660008716939567,6.27488711561617,8.954441917349875
324,16200,Normal Traffic,0.72,1.2442379018578422,0.3526694332277027,0.5843648246033791,1.2442379018578422,0.3526694332277027,0.5843648246033791,1.596907335085545,1.8286027264612215,0.9370342578310819,2.181272159688924,3.2217483602724997,3.9024469161132025,1.8672062422283637,3.2217483602724997,3.9024469161132025,1.8672062422283637,7.124195276385702,5.088954602500864,5.7696531583415664,8.991401518614065
325,16250,Normal Traffic,0.74,1.1808267106968273,0.3820246828585959,0.6851302480024011,1.1808267106968273,0.3820246828585959,0.6851302480024011,1.5628513935554231,1.8659569586992284,1.067154930860997,2.247981641557824,2.9366488325464943,4.397126604338799,2.6053066923622166,2.9366488325464943,4.397126604338799,2.6053066923622166,7.333775436885293,5.541955524908711,7.002433296701016,9.93908212924751
326,16300,Sybil Attack,0.78,1.380707410355,0.37689435000786675,0.4345492309193906,1.380707410355,0.37689435000786675,0.4345492309193906,1.7576017603628669,1.8152566412743907,0.8114435809272573,2.1921509912822574,3.835321322854851,4.310672852897305,0.7698163498905954,3.835321322854851,4.310672852897305,0.7698163498905954,8.145994175752156,4.605137672745446,5.0804892027879,8.915810525642751
327,16350,Sybil Attack,0.76,1.3716825339248149,0.43661046249669916,0.5267756001083178,1.3716825339248149,0.43661046249669916,0.5267756001083178,1.808292996421514,1.8984581340331328,0.963386062605017,2.335068596529832,3.79474507817435,5.316978310335224,1.4453687597980875,3.79474507817435,5.316978310335224,1.4453687597980875,9.111723388509574,5.240113837972437,6.762347070133312,10.557092148307662
328,16400,Blackhole Attack,0.82,1.213661926212556,0.3205768983005127,0.4794997139592518,1.213661926212556,0.3205768983005127,0.4794997139592518,1.5342388245130687,1.693161640171808,0.8000766122597645,2.0137385384723205,3.0842774177365353,3.361639892777787,1.0990758383767787,3.0842774177365353,3.361639892777787,1.0990758383767787,6.445917310514322,4.183353256113314,4.460715731154566,7.544993148891101
329,16450,Blackhole Attack,0.94,1.3432061516280283,0.3242371297222238,0.582639521810756,1.3432061516280283,0.3242371297222238,0.582639521810756,1.667443281350252,1.925845673438784,0.9068766515329798,2.250082803161008,3.6667140004495344,3.4233202450586293,1.8545685067344173,3.6667140004495344,3.4233202450586293,1.8545685067344173,7.090034245508164,5.521282507183952,5.277888751793046,8.94460275224258
330,16500,Sybil Attack,0.86,1.2668477565157383,0.36987345192436694,0.48632857481446856,1.2668477565157383,0.36987345192436694,0.48632857481446856,1.6367212084401053,1.753176331330207,0.8562020267388355,2.123049783254574,3.3234032695542357,4.192360260816524,1.149096818799572,3.3234032695542357,4.192360260816524,1.149096818799572,7.5157635303707595,4.472500088353808,5.341457079616096,8.66486034917033
331,16550,Normal Traffic,0.74,1.2571405840165393,0.394225996155374,0.8171914396677854,1.2571405840165393,0.394225996155374,0.8171914396677854,1.6513665801719133,2.074332023684325,1.2114174358231593,2.4685580198396986,3.2797593914878354,4.602736910280162,3.572646695762424,3.2797593914878354,4.602736910280162,3.572646695762424,7.882496301767997,6.852406087250259,8.175383606042585,11.455142997530421
332,16600,Blackhole Attack,0.84,1.2267527705241636,0.42691420260850693,0.3860182703613244,1.2267527705241636,0.42691420260850693,0.3860182703613244,1.6536669731326705,1.612771040885488,0.8129324729698313,2.039685243493995,3.1431344343362886,5.153581886228598,0.41433008659678566,3.1431344343362886,5.153581886228598,0.41433008659678566,8.296716320564887,3.5574645209330744,5.567911972825383,8.711046407161673
333,16650,Blackhole Attack,0.8,1.2062833846240566,0.3415378848992241,0.6371888326161816,1.2062833846240566,0.3415378848992241,0.6371888326161816,1.5478212695232807,1.8434722172402382,0.9787267175154057,2.1850101021394623,3.0511031675186784,3.71486374356866,2.2541388107318396,3.0511031675186784,3.71486374356866,2.2541388107318396,6.765966911087338,5.305241978250518,5.969002554300499,9.020105721819178
334,16700,Sybil Attack,0.8,1.2746504936727099,0.3810875936033769,0.5391644660887548,1.2746504936727099,0.3810875936033769,0.5391644660887548,1.6557380872760867,1.8138149597614648,0.9202520596921318,2.1949025533648414,3.358484721860881,4.381335254360857,1.5361164314532563,3.358484721860881,4.381335254360857,1.5361164314532563,7.739819976221738,4.894601153314137,5.917451685814113,9.275936407674994
335,16750,Normal Traffic,0.62,1.2317810417929052,0.35645151451902446,0.7207577219509191,1.2317810417929052,0.35645151451902446,0.7207577219509191,1.5882325563119295,1.9525387637438243,1.0772092364699435,2.308990278262849,3.165741764962776,3.96618062022267,2.8662757199462217,3.165741764962776,3.96618062022267,2.8662757199462217,7.131922385185446,6.032017484908998,6.832456340168892,9.998198105131667
336,16800,Sybil Attack,0.76,1.3693553197885169,0.33404983275083205,0.5295979031736793,1.3693553197885169,0.33404983275083205,0.5295979031736793,1.703405152539349,1.8989532229621962,0.8636477359245114,2.233003055713028,3.7842818202063504,3.588678909552282,1.4660419539622045,3.7842818202063504,3.588678909552282,1.4660419539622045,7.372960729758633,5.250323774168555,5.054720863514486,8.839002683720837
337,16850,Blackhole Attack,0.8,1.3538846061744945,0.3759833678725564,0.7115626019774669,1.3538846061744945,0.3759833678725564,0.7115626019774669,1.7298679740470508,2.0654472081519613,1.0875459698500234,2.441430576024518,3.714724805676496,4.2953214467828715,2.7989220388669067,3.714724805676496,4.2953214467828715,2.7989220388669067,8.010046252459368,6.513646844543403,7.094243485649779,10.808968291326275
338,16900,Normal Traffic,0.7,1.1985076110800261,0.36648068207535106,0.5334724564599826,1.1985076110800261,0.36648068207535106,0.5334724564599826,1.5649882931553771,1.7319800675400088,0.8999531385353337,2.0984607496153598,3.016142944811643,4.135187034486126,1.4944228154543806,3.016142944811643,4.135187034486126,1.4944228154543806,7.151329979297769,4.510565760266024,5.629609849940507,8.645752794752148
339,16950,Normal Traffic,0.68,1.0141441987582207,0.3081601889148557,0.6206339568273695,1.0141441987582207,0.3081601889148557,0.6206339568273695,1.3223043876730765,1.6347781555855903,0.9287941457422253,1.942938344500446,2.1872368665543336,3.1523998418527706,2.1328753767139474,2.1872368665543336,3.1523998418527706,2.1328753767139474,5.339636708407104,4.320112243268281,5.285275218566718,7.472512085121052
340,17000,Wormhole Attack,0.84,1.12865021612247,0.3083051968543468,0.8510863062306051,1.12865021612247,0.3083051968543468,0.8510863062306051,1.436955412976817,1.9797365223530752,1.159391503084952,2.2880417192074223,2.702060998929309,3.1548434416585858,3.82092448216318,2.702060998929309,3.1548434416585858,3.82092448216318,5.856904440587895,6.522985481092489,6.975767923821765,9.677828922751075
341,17050,Blackhole Attack,0.82,1.1535259497559185,0.3453256535531031,0.7401977170035994,1.1535259497559185,0.3453256535531031,0.7401977170035994,1.4988516033090216,1.8937236667595179,1.0855233705567024,2.239049320312621,2.8139034005761374,3.7786932882099578,3.0086724728697294,2.8139034005761374,3.7786932882099578,3.0086724728697294,6.592596688786095,5.822575873445867,6.787365761079688,9.601269161655825
342,17100,Sybil Attack,0.84,1.1798831194128632,0.3473861391014956,0.489239002223697,1.1798831194128632,0.3473861391014956,0.489239002223697,1.5272692585143588,1.6691221216365602,0.8366251413251926,2.016508260738056,2.9324064042858193,3.8134155393060434,1.1704155182936113,2.9324064042858193,3.8134155393060434,1.1704155182936113,6.745821943591863,4.10282192257943,4.983831057599655,7.9162374618854745
343,17150,Sybil Attack,0.84,1.327652147798911,0.3365925789194427,0.6364748037990224,1.327652147798911,0.3365925789194427,0.6364748037990224,1.6642447267183536,1.9641269515979334,0.9730673827184652,2.3007195305173758,3.5967825094187194,3.6315279705461774,2.248908594120068,3.5967825094187194,3.6315279705461774,2.248908594120068,7.228310479964897,5.845691103538787,5.880436564666246,9.477219074084964
344,17200,Blackhole Attack,0.8,1.3374724313692765,0.3385796288891467,0.7191635948305661,1.3374724313692765,0.3385796288891467,0.7191635948305661,1.6760520602584232,2.0566360261998424,1.0577432237197129,2.3952156550889896,3.640934939877524,3.6650127227408036,2.854598838081261,3.640934939877524,3.6650127227408036,2.854598838081261,7.305947662618328,6.495533777958785,6.519611560822065,10.160546500699589
345,17250,Wormhole Attack,0.76,1.2397487163067082,0.26827570883405377,0.9016744791723204,1.2397487163067082,0.26827570883405377,0.9016744791723204,1.508024425140762,2.1414231954790286,1.169950188006374,2.4096989043130823,3.2015647829406553,2.480286934638812,4.191479698031917,3.2015647829406553,2.480286934638812,4.191479698031917,5.681851717579468,7.393044480972572,6.671766632670729,9.873331415611386
346,17300,Wormhole Attack,0.88,1.392982421651096,0.37821887763501666,0.6705176365627163,1.392982421651096,0.37821887763501666,0.6705176365627163,1.7712012992861126,2.0635000582138123,1.048736514197733,2.441718935848829,3.89051031803493,4.332993116628095,2.498270223726021,3.89051031803493,4.332993116628095,2.498270223726021,8.223503434663025,6.388780541760951,6.831263340354116,10.721773658389045
347,17350,Flooding Attack,0.78,1.3551240163962912,0.4001274593787743,0.6920666628365855,1.3551240163962912,0.4001274593787743,0.6920666628365855,1.7552514757750655,2.0471906792328767,1.0921941222153597,2.447318138611651,3.720297249001142,4.7021853572916354,2.6561154989818525,3.720297249001142,4.7021853572916354,2.6561154989818525,8.422482606292778,6.376412747982995,7.3583008562734875,11.078598105274631
348,17400,Normal Traffic,0.72,1.1932308754353094,0.31749614786681923,0.6290609877306634,1.1932308754353094,0.31749614786681923,0.6290609877306634,1.5107270233021286,1.8222918631659728,0.9465571355974827,2.139788011032792,2.9924185073314558,3.3097246584260906,2.1946028531954633,2.9924185073314558,3.3097246584260906,2.1946028531954633,6.302143165757546,5.187021360526919,5.504327511621554,8.49674601895301
349,17450,Blackhole Attack,0.9,1.473906427376284,0.3381464394084821,0.583371989868845,1.473906427376284,0.3381464394084821,0.583371989868845,1.8120528667847662,2.0572784172451293,0.9215184292773271,2.3954248566536114,4.254348236729192,3.6577128346481382,1.8599337896374952,4.254348236729192,3.6577128346481382,1.8599337896374952,7.91206107137733,6.114282026366688,5.517646624285634,9.771994861014825
350,17500,Wormhole Attack,0.86,1.379462503974788,0.3635925466492658,0.7476854023099221,1.379462503974788,0.3635925466492658,0.7476854023099221,1.7430550506240539,2.1271479062847103,1.111277948959188,2.490740452933976,3.8297241685582173,4.086517649960586,3.063519301361407,3.8297241685582173,4.086517649960586,3.063519301361407,7.916241818518804,6.893243469919624,7.150036951321994,10.97976111988021
351,17550,Wormhole Attack,0.78,1.3770946065186704,0.32141899342516256,0.6309022010033409,1.3770946065186704,0.32141899342516256,0.6309022010033409,1.698513599943833,2.0079968075220114,0.9523211944285035,2.329415800947174,3.8190779965800163,3.3758304501382557,2.2080896257362204,3.8190779965800163,3.3758304501382557,2.2080896257362204,7.194908446718272,6.027167622316236,5.583920075874476,9.402998072454492
352,17600,Wormhole Attack,0.88,1.148400522849028,0.27009701860342006,0.9674407648877003,1.148400522849028,0.27009701860342006,0.9674407648877003,1.418497541452448,2.1158412877367283,1.2375377834911203,2.3859383063401483,2.7908592538917105,2.5109787175464997,4.673213644585498,2.7908592538917105,2.5109787175464997,4.673213644585498,5.301837971438211,7.464072898477209,7.1841923621319985,9.975051616023709
353,17650,Normal Traffic,0.7,1.3431285348815054,0.35536840668015085,0.5954749230402174,1.3431285348815054,0.35536840668015085,0.5954749230402174,1.6984969415616562,1.9386034579217228,0.9508433297203682,2.2939718646018736,3.6663650321148897,3.947928639579152,1.9485870212758456,3.6663650321148897,3.947928639579152,1.9485870212758456,7.614293671694042,5.614952053390735,5.896515660854997,9.562880692969888
354,17700,Normal Traffic,0.72,1.3669579771171312,0.28374003690086597,0.8585660593975405,1.3669579771171312,0.28374003690086597,0.8585660593975405,1.6506980140179972,2.225524036514672,1.1423060962984064,2.5092640734155376,3.773503261234418,2.7408839005272685,3.8757132082279058,3.773503261234418,2.7408839005272685,3.8757132082279058,6.514387161761686,7.649216469462324,6.616597108755174,10.390100369989591
355,17750,Normal Traffic,0.66,1.4079342023480306,0.3494014929907569,0.7780339796002363,1.4079342023480306,0.3494014929907569,0.7780339796002363,1.7573356953387875,2.185968181948267,1.1274354725909932,2.535369674939024,3.9577341871550478,3.847377254710938,3.2858207397248407,3.9577341871550478,3.847377254710938,3.2858207397248407,7.805111441865986,7.243554926879888,7.133197994435779,11.090932181590826
356,17800,Sybil Attack,0.72,1.1981444509097616,0.3730244526636496,0.5625340081859533,1.1981444509097616,0.3730244526636496,0.5625340081859533,1.5711689035734113,1.760678459095715,0.9355584608496029,2.1337029117593644,3.0145101605800964,4.245459317472699,1.7072968717225292,3.0145101605800964,4.245459317472699,1.7072968717225292,7.2599694780527955,4.7218070323026256,5.952756189195228,8.967266349775326
357,17850,Normal Traffic,0.64,1.3507376640771775,0.3203728896611326,0.5402739066775557,1.3507376640771775,0.3203728896611326,0.5402739066775557,1.6711105537383102,1.8910115707547333,0.8606467963386883,2.211384460415866,3.700576014441082,3.358202043282626,1.5442430146637296,3.700576014441082,3.358202043282626,1.5442430146637296,7.058778057723708,5.244819029104812,4.902445057946355,8.603021072387438
358,17900,Blackhole Attack,0.76,1.1542372871454591,0.24996029625418417,0.9345911265091386,1.1542372871454591,0.24996029625418417,0.9345911265091386,1.4041975833996434,2.0888284136545976,1.1845514227633227,2.338788709908782,2.8171016050270983,2.1716449473058845,4.432592089531465,2.8171016050270983,2.1716449473058845,4.432592089531465,4.988746552332983,7.249693694558564,6.60423703683735,9.421338641864448
359,17950,Blackhole Attack,0.86,1.1942533902628396,0.3718360720238005,0.6904022281566567,1.1942533902628396,0.3718360720238005,0.6904022281566567,1.5660894622866401,1.8846556184194965,1.0622383001804572,2.256491690443297,2.997015779344238,4.225433333302726,2.6439236186221686,2.997015779344238,4.225433333302726,2.6439236186221686,7.222449112646963,5.640939397966406,6.869356951924894,9.86637273126913
360,18000,Blackhole Attack,0.78,1.1954893846546655,0.4161685315620056,0.37779391249624966,1.1954893846546655,0.4161685315620056,0.37779391249624966,1.611657916216671,1.5732832971509152,0.7939624440582553,1.9894518287129208,3.002572864945843,4.972501320745553,0.35408717749655466,3.002572864945843,4.972501320745553,0.35408717749655466,7.975074185691396,3.356660042442398,5.326588498242108,8.32916136318795
361,18050,Sybil Attack,0.86,1.4465421307969093,0.4230625749390969,0.6432729943356774,1.4465421307969093,0.4230625749390969,0.6432729943356774,1.8696047057360061,2.0898151251325867,1.0663355692747742,2.5128777000716838,4.131317145710506,5.088676222041716,2.298704916369724,4.131317145710506,5.088676222041716,2.298704916369724,9.219993367752222,6.43002206208023,7.38738113841144,11.518698284121946
362,18100,Wormhole Attack,0.86,1.5228966919964688,0.3953617414467315,0.6599572002733223,1.5228966919964688,0.3953617414467315,0.6599572002733223,1.9182584334432002,2.182853892269791,1.0553189417200537,2.5782156337165225,4.474610639164137,4.621875910414609,2.4209156856723726,4.474610639164137,4.621875910414609,2.4209156856723726,9.096486549578746,6.89552632483651,7.042791596086982,11.517402235251119
363,18150,Sybil Attack,0.74,1.3027613598122738,0.38751093215653054,0.3286450248946295,1.3027613598122738,0.38751093215653054,0.3286450248946295,1.6902722919688045,1.6314063847069034,0.71615595705116,2.018917316863434,3.4848724227322987,4.48957807814177,-0.005925362903152593,3.4848724227322987,4.48957807814177,-0.005925362903152593,7.9744505008740685,3.4789470598291463,4.483652715238618,7.968525137970916
364,18200,Sybil Attack,0.86,0.9897519124052289,0.3690832011045348,0.5621271442922698,0.9897519124052289,0.3690832011045348,0.5621271442922698,1.3588351135097636,1.5518790566974987,0.9312103453968046,1.9209622578020333,2.07756806532117,4.1790433572272185,1.704316619043177,2.07756806532117,4.1790433572272185,1.704316619043177,6.256611422548389,3.781884684364347,5.883359976270396,7.960928041591566
365,18250,Normal Traffic,0.72,1.05312176563453,0.3299404008284611,0.5938884077484607,1.05312176563453,0.3299404008284611,0.5938884077484607,1.3830621664629912,1.6470101733829907,0.9238288085769218,1.976950574211452,2.362481735872866,3.519428859639458,1.9369658955812434,2.362481735872866,3.519428859639458,1.9369658955812434,5.881910595512323,4.299447631454109,5.4563947552207015,7.818876491093567
