window_idx,start_pos,majority_label,attack_frac,W2_c2,W2_network,W2_physical,W2_c2_only,W2_network_only,W2_physical_only,W2_c2_network,W2_c2_physical,W2_network_physical,W2_all_three,Z2_c2,Z2_network,Z2_physical,Z2_c2_only,Z2_network_only,Z2_physical_only,Z2_c2_network,Z2_c2_physical,Z2_network_physical,Z2_all_three
0,0,Blackhole Attack,0.86,1.2800938066474454,0.2740100151272358,0.878026591631984,1.2800938066474454,0.2740100151272358,0.878026591631984,1.5541038217746812,2.1581203982794293,1.1520366067592198,2.4321304134066652,3.382958098404485,2.534025100988492,4.018260394728653,3.382958098404485,2.534025100988492,4.018260394728653,5.916983199392977,7.401218493133138,6.552285495717145,9.93524359412163
1,50,Blackhole Attack,0.76,1.496582190100374,0.3753833310574042,0.8106389801251884,1.496582190100374,0.3753833310574042,0.8106389801251884,1.8719655211577781,2.3072211702255623,1.1860223111825925,2.6826045012829667,4.356299471599537,4.219802516937409,3.5246503377386693,4.356299471599537,4.219802516937409,3.5246503377386693,8.576101988536946,7.880949809338206,7.744452854676078,12.100752326275614
2,100,Wormhole Attack,0.76,1.1248327286194273,0.3700389825632285,0.5716400682197318,1.1248327286194273,0.3700389825632285,0.5716400682197318,1.4948717111826557,1.696472796839159,0.9416790507829602,2.0665117794023873,2.684897405811277,4.130929208298198,1.7739981942909113,2.684897405811277,4.130929208298198,1.7739981942909113,6.815826614109476,4.458895600102188,5.904927402589109,8.589824808400387
3,150,Blackhole Attack,0.82,1.4150609103505458,0.3176985528040228,0.8566372610200785,1.4150609103505458,0.3176985528040228,0.8566372610200785,1.7327594631545686,2.271698171370624,1.1743358138241013,2.589396724174647,3.989776182401581,3.260539267715509,3.8615848802499184,3.989776182401581,3.260539267715509,3.8615848802499184,7.25031545011709,7.851361062651499,7.122124147965428,11.111900330367009
4,200,Wormhole Attack,0.82,1.0939330488677548,0.3723999899988202,0.7289392503946627,1.0939330488677548,0.3723999899988202,0.7289392503946627,1.466333038866575,1.8228722992624173,1.1013392403934827,2.1952722892612377,2.545971075256826,4.170191345254927,2.9262049062028703,2.545971075256826,4.170191345254927,2.9262049062028703,6.716162420511752,5.472175981459696,7.096396251457797,9.642367326714623
5,250,Sybil Attack,0.8,1.5137839268087,0.40518806669041474,0.5945343284850031,1.5137839268087,0.40518806669041474,0.5945343284850031,1.918971993499115,2.108318255293703,0.9997223951754178,2.513506321984118,4.433639242731702,4.715437386502769,1.9416972247446689,4.433639242731702,4.715437386502769,1.9416972247446689,9.149076629234472,6.37533646747637,6.657134611247438,11.09077385397914
6,300,Blackhole Attack,0.76,1.313067351265625,0.3478445480250978,0.6479090697477666,1.313067351265625,0.3478445480250978,0.6479090697477666,1.6609118992907228,1.9609764210133918,0.9957536177728644,2.3088209690384893,3.5312086173739963,3.7618490794612294,2.3326638800011987,3.5312086173739963,3.7618490794612294,2.3326638800011987,7.293057696835225,5.863872497375195,6.094512959462428,9.625721576836424
7,350,Sybil Attack,0.78,1.2331345984240532,0.3771305363691339,0.6158160873611737,1.2331345984240532,0.3771305363691339,0.6158160873611737,1.6102651347931871,1.8489506857852267,0.9929466237303075,2.226081222154361,3.1718274156062214,4.2488574928796865,2.0975847829593457,3.1718274156062214,4.2488574928796865,2.0975847829593457,7.420684908485908,5.269412198565567,6.346442275839032,9.518269691445255
8,400,Sybil Attack,0.84,1.2585273709246607,0.3605967300076965,0.5789429467607916,1.2585273709246607,0.3605967300076965,0.5789429467607916,1.6191241009323571,1.8374703176854523,0.939539676768488,2.198067047693149,3.285994446930306,3.9739102140219664,1.827491324737892,3.285994446930306,3.9739102140219664,1.827491324737892,7.259904660952273,5.1134857716681985,5.801401538759858,9.087395985690165
9,450,Wormhole Attack,0.86,1.313808570610015,0.3311194097327459,0.6626209544121473,1.313808570610015,0.3311194097327459,0.6626209544121473,1.644927980342761,1.9764295250221624,0.9937403641448932,2.3075489347549083,3.5345411724192153,3.4837200653990728,2.440427518824971,3.5345411724192153,3.4837200653990728,2.440427518824971,7.0182612378182885,5.974968691244186,5.924147584224044,9.458688756643259
10,500,Sybil Attack,0.84,1.3728472049465477,0.37820877466861563,0.6796161202401293,1.3728472049465477,0.37820877466861563,0.6796161202401293,1.7510559796151632,2.052463325186677,1.057824894908745,2.4306720998552924,3.7999814907408487,4.266787948814753,2.5649160499559263,3.7999814907408487,4.266787948814753,2.5649160499559263,8.066769439555602,6.364897540696775,6.83170399877068,10.631685489511527
11,550,Blackhole Attack,0.74,1.3228123581142548,0.30781929617944725,0.7366821726780559,1.3228123581142548,0.30781929617944725,0.7366821726780559,1.630631654293702,2.0594945307923105,1.0445014688575032,2.367313826971758,3.575022600353378,3.096253157990682,2.9829213296539274,3.575022600353378,3.096253157990682,2.9829213296539274,6.671275758344059,6.557943930007305,6.079174487644609,9.654197087997986
12,600,Blackhole Attack,0.78,1.4158398703857424,0.274110253163523,0.6703900185517632,1.4158398703857424,0.274110253163523,0.6703900185517632,1.6899501235492655,2.0862298889375057,0.9445002717152862,2.3603401421010286,3.993278421266454,2.535691999385191,2.49733542974459,3.993278421266454,2.535691999385191,2.49733542974459,6.528970420651644,6.4906138510110445,5.033027429129781,9.026305850396234
13,650,Wormhole Attack,0.74,1.1646623150387831,0.3546620019484027,0.5987440147986598,1.1646623150387831,0.3546620019484027,0.5987440147986598,1.519324316987186,1.763406329837443,0.9534060167470625,2.118068331785846,2.8639729927821413,3.875219247465762,1.9725329147881494,2.8639729927821413,3.875219247465762,1.9725329147881494,6.739192240247903,4.836505907570291,5.8477521622539115,8.711725155036053
14,700,Wormhole Attack,0.78,1.4391030085592922,0.3274344554993068,0.6445369939932127,1.4391030085592922,0.3274344554993068,0.6445369939932127,1.766537464058599,2.083640002552505,0.9719714494925196,2.4110744580518118,4.097870522207484,3.422441487614203,2.307963635131828,4.097870522207484,3.422441487614203,2.307963635131828,7.520312009821687,6.405834157339312,5.730405122746031,9.828275644953514
15,750,Flooding Attack,0.8,1.2939125134400709,0.3694837101480389,0.8045331087880204,1.2939125134400709,0.3694837101480389,0.8045331087880204,1.6633962235881097,2.098445622228091,1.1740168189360594,2.46792933237613,3.4450876169993627,4.121695361218847,3.4799252105035383,3.4450876169993627,4.121695361218847,3.4799252105035383,7.566782978218209,6.925012827502901,7.6016205717223855,11.046708188721748
16,800,Sybil Attack,0.8,1.3087947905210071,0.40821659433284313,0.7499407833680006,1.3087947905210071,0.40821659433284313,0.7499407833680006,1.7170113848538502,2.058735573889008,1.1581573777008438,2.4669521682218507,3.511998994779489,4.765799983960859,3.080039827133418,3.511998994779489,4.765799983960859,3.080039827133418,8.277798978740348,6.592038821912907,7.845839811094277,11.357838805873765
17,850,Blackhole Attack,0.9,1.2891286142829324,0.3753464120766963,0.6770568255442968,1.2891286142829324,0.3753464120766963,0.6770568255442968,1.6644750263596286,1.9661854398272292,1.052403237620993,2.3415318519039254,3.423578994224468,4.219188576441074,2.5461693757168984,3.423578994224468,4.219188576441074,2.5461693757168984,7.6427675706655425,5.9697483699413665,6.765357952157973,10.18893694638244
18,900,Normal Traffic,0.72,1.3737653945679704,0.33133910499584407,0.6699939213063243,1.3737653945679704,0.33133910499584407,0.6699939213063243,1.7051044995638145,2.043759315874295,1.0013330263021682,2.3750984208701387,3.804109712000182,3.4873734657986115,2.4944340420930198,3.804109712000182,3.4873734657986115,2.4944340420930198,7.291483177798794,6.298543754093202,5.981807507891631,9.785917219891815
19,950,Normal Traffic,0.68,1.2444869520066821,0.3426995612050003,0.7893640961080347,1.2444869520066821,0.3426995612050003,0.7893640961080347,1.5871865132116825,2.033851048114717,1.132063657313035,2.3765506093197173,3.2228681007869784,3.676291035837108,3.368813137438084,3.2228681007869784,3.676291035837108,3.368813137438084,6.899159136624086,6.591681238225062,7.045104173275192,10.26797227406217
20,1000,Blackhole Attack,0.86,1.2658491354347936,0.3726384355217706,0.6754311119092301,1.2658491354347936,0.3726384355217706,0.6754311119092301,1.6384875709565643,1.9412802473440238,1.0480695474310007,2.3139186828657943,3.318913424885782,4.174156551224916,2.534261124599054,3.318913424885782,4.174156551224916,2.534261124599054,7.493069976110698,5.8531745494848355,6.70841767582397,10.027331100709752
21,1050,Flooding Attack,0.84,1.3602077157904962,0.4158565612647201,0.5988281367236044,1.3602077157904962,0.4158565612647201,0.5988281367236044,1.7760642770552162,1.9590358525141005,1.0146846979883244,2.3748924137788205,3.7431537869379325,4.892848049757845,1.9731491026487593,3.7431537869379325,4.892848049757845,1.9731491026487593,8.636001836695778,5.716302889586692,6.865997152406604,10.609150939344538
22,1100,Wormhole Attack,0.82,1.062930639624355,0.2734422488715081,0.6834902802221783,1.062930639624355,0.2734422488715081,0.6834902802221783,1.336372888495863,1.7464209198465332,0.9569325290936863,2.0198631687180413,2.4065828683515487,2.524583488837786,2.593294030518936,2.4065828683515487,2.524583488837786,2.593294030518936,4.931166357189335,4.999876898870484,5.117877519356722,7.524460387708271
23,1150,Sybil Attack,0.9,1.1236481634197741,0.37129446203108113,0.6946988919506187,1.1236481634197741,0.37129446203108113,0.6946988919506187,1.4949426254508553,1.8183470553703929,1.0659933539817,2.189641517401474,2.6795715481385476,4.151807078511614,2.675396413291416,2.6795715481385476,4.151807078511614,2.675396413291416,6.831378626650162,5.3549679614299635,6.827203491803029,9.506775039941578
24,1200,Blackhole Attack,0.8,1.3154818379795707,0.3783520826902714,0.5703875894674274,1.3154818379795707,0.3783520826902714,0.5703875894674274,1.693833920669842,1.8858694274469983,0.9487396721576988,2.2642215101372694,3.542064256721611,4.269171075224448,1.7648238654420345,3.542064256721611,4.269171075224448,1.7648238654420345,7.811235331946059,5.306888122163645,6.033994940666482,9.576059197388094
25,1250,Normal Traffic,0.74,1.209802369442027,0.38907839074309386,0.6383842251825929,1.209802369442027,0.38907839074309386,0.6383842251825929,1.598880760185121,1.8481865946246199,1.0274626159256868,2.237264985367714,3.0669246793261262,4.447543141936906,2.262894986824713,3.0669246793261262,4.447543141936906,2.262894986824713,7.5144678212630325,5.329819666150839,6.710438128761619,9.777362808087744
26,1300,Blackhole Attack,0.82,1.4524452536336923,0.37836891385827887,0.6222571169172509,1.4524452536336923,0.37836891385827887,0.6222571169172509,1.8308141674919711,2.074702370550943,1.0006260307755297,2.453071284409222,4.157857847786295,4.269450967449051,2.14476492327236,4.157857847786295,4.269450967449051,2.14476492327236,8.427308815235346,6.302622771058655,6.41421589072141,10.572073738507706
27,1350,Blackhole Attack,0.78,1.2445846474282878,0.3306354414297165,0.6619190880774681,1.2445846474282878,0.3306354414297165,0.6619190880774681,1.5752200888580044,1.906503735505756,0.9925545295071847,2.2371391769354725,3.223307343735278,3.475671962919678,2.435286391639815,3.223307343735278,3.475671962919678,2.435286391639815,6.698979306654956,5.658593735375093,5.910958354559493,9.13426569829477
28,1400,Normal Traffic,0.72,1.2362379379934527,0.34719801821483737,0.43151217800784036,1.2362379379934527,0.34719801821483737,0.43151217800784036,1.58343595620829,1.667750116001293,0.7787101962226777,2.01494813421613,3.185780167942361,3.7510976766598696,0.7475701264790304,3.185780167942361,3.7510976766598696,0.7475701264790304,6.936877844602231,3.9333502944213916,4.4986678031389005,7.684447971081261
29,1450,Flooding Attack,0.76,1.348834026914559,0.3102912107638049,0.5613633166431622,1.348834026914559,0.3102912107638049,0.5613633166431622,1.6591252376783638,1.910197343557721,0.8716545274069671,2.220488554321526,3.6920171773322483,3.137359614282744,1.6987216290891478,3.6920171773322483,3.137359614282744,1.6987216290891478,6.829376791614992,5.390738806421396,4.836081243371892,8.52809842070414
30,1500,Normal Traffic,0.7,1.375657767570315,0.35819273973512256,0.5063465584767363,1.375657767570315,0.35819273973512256,0.5063465584767363,1.7338505073054375,1.8820043260470514,0.8645392982118588,2.2401970657821737,3.8126179049448616,3.9339332982776134,1.2957273022877733,3.8126179049448616,3.9339332982776134,1.2957273022877733,7.7465512032224755,5.1083452072326345,5.229660600565387,9.042278505510248
31,1550,Sybil Attack,0.84,1.2496198220187884,0.3633117046534784,0.5050391190694719,1.2496198220187884,0.3633117046534784,0.5050391190694719,1.6129315266722668,1.7546589410882603,0.8683508237229502,2.117970645741739,3.245945712002554,4.019058613289934,1.2861503900645874,3.245945712002554,4.019058613289934,1.2861503900645874,7.265004325292487,4.5320961020671415,5.305209003354522,8.551154715357075
32,1600,Wormhole Attack,0.86,1.376227485592138,0.38142126204761734,0.4821095112869155,1.376227485592138,0.38142126204761734,0.4821095112869155,1.7576487476397553,1.8583369968790535,0.8635307733345328,2.239758258926671,3.8151793824377895,4.320209686308991,1.1181924412483684,3.8151793824377895,4.320209686308991,1.1181924412483684,8.13538906874678,4.933371823686158,5.438402127557359,9.253581509995149
33,1650,Normal Traffic,0.68,1.3105540406624756,0.32577826158821305,0.4731830006953142,1.3105540406624756,0.32577826158821305,0.4731830006953142,1.6363323022506886,1.7837370413577898,0.7989612622835273,2.109515302946003,3.5199086614377135,3.394899976654088,1.0528063071605376,3.5199086614377135,3.394899976654088,1.0528063071605376,6.9148086380918015,4.572714968598251,4.447706283814625,7.967614945252339
34,1700,Flooding Attack,0.9,1.2166995866901167,0.3640290130298026,0.5549592335999582,1.2166995866901167,0.3640290130298026,0.5549592335999582,1.5807285997199192,1.771658820290075,0.9189882466297609,2.1356878333198774,3.09793487396292,4.030987021175016,1.6518121196816848,3.09793487396292,4.030987021175016,1.6518121196816848,7.128921895137936,4.749746993644605,5.682799140856701,8.780734014819622
35,1750,Sybil Attack,0.74,1.1336660760221648,0.4166632410975132,0.43875188382390773,1.1336660760221648,0.4166632410975132,0.43875188382390773,1.5503293171196781,1.5724179598460726,0.8554151249214209,1.9890812009435859,2.724612527490122,4.906262651337622,0.8006005206502107,2.724612527490122,4.906262651337622,0.8006005206502107,7.630875178827743,3.5252130481403325,5.706863171987832,8.431475699477954
36,1800,Wormhole Attack,0.86,1.1869722661644901,0.3218112656048038,0.7992764986712471,1.1869722661644901,0.3218112656048038,0.7992764986712471,1.508783531769294,1.9862487648357372,1.1210877642760508,2.308060030440541,2.9642795224825296,3.3289312138033385,3.441420868810808,2.9642795224825296,3.3289312138033385,3.441420868810808,6.293210736285868,6.405700391293338,6.770352082614147,9.734631605096677
37,1850,Normal Traffic,0.72,1.1717783877900054,0.35796074031445113,0.6541037738172534,1.1717783877900054,0.35796074031445113,0.6541037738172534,1.5297391281044566,1.8258821616072587,1.0120645141317044,2.18384290192171,2.8959671714671913,3.930075287120609,2.378039701467539,2.8959671714671913,3.930075287120609,2.378039701467539,6.8260424585878,5.274006872934731,6.308114988588148,9.20408216005534
38,1900,Blackhole Attack,0.84,1.2121130169264127,0.3269667030585506,0.7514985673719914,1.2121130169264127,0.3269667030585506,0.7514985673719914,1.5390797199849633,1.963611584298404,1.078465270430542,2.2905782873569547,3.0773134528924024,3.4146630451942572,3.0914504979346886,3.0773134528924024,3.4146630451942572,3.0914504979346886,6.491976498086659,6.168763950827091,6.506113543128945,9.583426996021348
39,1950,Sybil Attack,0.86,1.285129139831271,0.422360316253447,0.5345663019863185,1.285129139831271,0.422360316253447,0.5345663019863185,1.707489456084718,1.8196954418175895,0.9569266182397655,2.2420557580710367,3.4055971797143836,5.001001592712023,1.5024351658036497,3.4055971797143836,5.001001592712023,1.5024351658036497,8.406598772426406,4.908032345518033,6.503436758515672,9.909033938230056
40,2000,Blackhole Attack,0.82,1.1259524679704793,0.2813622032951609,0.584722195180422,1.1259524679704793,0.2813622032951609,0.584722195180422,1.4073146712656401,1.7106746631509013,0.8660843984755828,1.9920368664460621,2.6899318035936894,2.656287578619516,1.8698239594460588,2.6899318035936894,2.656287578619516,1.8698239594460588,5.346219382213206,4.559755763039748,4.5261115380655745,7.216043341659264
41,2050,Wormhole Attack,0.78,1.3466877988749129,0.36308481565830386,0.7426162776882907,1.3466877988749129,0.36308481565830386,0.7426162776882907,1.7097726145332168,2.0893040765632036,1.1057010933465947,2.4523888922215074,3.682367640881471,4.015285585442487,3.0263882792428913,3.682367640881471,4.015285585442487,3.0263882792428913,7.697653226323958,6.7087559201243625,7.041673864685379,10.724041505566849
42,2100,Normal Traffic,0.68,1.2327413544023011,0.30460782734018954,0.7339261550417179,1.2327413544023011,0.30460782734018954,0.7339261550417179,1.5373491817424907,1.9666675094440191,1.0385339823819075,2.2712753367842087,3.170059373044178,3.042848358201222,2.96273367212876,3.170059373044178,3.042848358201222,2.96273367212876,6.2129077312454,6.132793045172938,6.005582030329982,9.17564140337416
43,2150,Wormhole Attack,0.86,1.1844643558634476,0.3203463951729383,0.6102523659200783,1.1844643558634476,0.3203463951729383,0.6102523659200783,1.504810751036386,1.7947167217835258,0.9305987610930165,2.115063116956464,2.953003846544021,3.3045712975011896,2.0568308699446582,2.953003846544021,3.3045712975011896,2.0568308699446582,6.2575751440452105,5.00983471648868,5.361402167445847,8.314406013989869
44,2200,Wormhole Attack,0.82,1.22029722867794,0.3173272238400972,0.869199313563002,1.22029722867794,0.3173272238400972,0.869199313563002,1.5376244525180374,2.089496542240942,1.186526537403099,2.406823766081039,3.1141100318944477,3.254364289857384,3.9536011326882217,3.1141100318944477,3.254364289857384,3.9536011326882217,6.368474321751831,7.067711164582669,7.207965422545605,10.322075454440053
45,2250,Blackhole Attack,0.84,1.2224151262432044,0.3543277789960936,0.6518609414256339,1.2224151262432044,0.3543277789960936,0.6518609414256339,1.576742905239298,1.8742760676688381,1.0061887204217275,2.228603846664932,3.1236321932759568,3.8696613203157555,2.3616110938957355,3.1236321932759568,3.8696613203157555,2.3616110938957355,6.993293513591713,5.485243287171692,6.231272414211491,9.354904607487448
46,2300,Blackhole Attack,0.8,1.29793224539831,0.31354770693086853,0.7740239242755259,1.29793224539831,0.31354770693086853,0.7740239242755259,1.6114799523291785,2.071956169673836,1.0875716312063943,2.3855038766047043,3.4631605101574348,3.191513191515452,3.256447334241198,3.4631605101574348,3.191513191515452,3.256447334241198,6.654673701672887,6.719607844398633,6.44796052575665,9.911121035914086
47,2350,Flooding Attack,0.8,1.2578419008603465,0.35612745403273144,0.6282703492653318,1.2578419008603465,0.35612745403273144,0.6282703492653318,1.613969354893078,1.8861122501256782,0.9843978032980631,2.24223970415841,3.282912543120771,3.89958883629936,2.1888114756825288,3.282912543120771,3.89958883629936,2.1888114756825288,7.182501379420131,5.4717240188033,6.088400311981889,9.37131285510266
48,2400,Blackhole Attack,0.84,1.143299700242173,0.35048459997761666,0.7346242137231423,1.143299700242173,0.35048459997761666,0.7346242137231423,1.4937843002197897,1.8779239139653154,1.085108813700759,2.228408513942932,2.7679257292314365,3.80575155929679,2.967846908490989,2.7679257292314365,3.80575155929679,2.967846908490989,6.573677288528227,5.735772637722425,6.773598467787779,9.541524197019216
49,2450,Wormhole Attack,0.82,1.2328473603039558,0.32993483793440553,0.5866984602186222,1.2328473603039558,0.32993483793440553,0.5866984602186222,1.5627821982383614,1.819545820522578,0.9166332981530276,2.1494806584569837,3.170535980279345,3.4640213471822614,1.8842999777574498,3.170535980279345,3.4640213471822614,1.8842999777574498,6.634557327461606,5.0548359580367945,5.348321324939711,8.518857305219056
50,2500,Wormhole Attack,0.84,1.2592856603734517,0.31577081088515374,0.9386029283836164,1.2592856603734517,0.31577081088515374,0.9386029283836164,1.5750564712586055,2.197888588757068,1.2543737392687702,2.513659399642222,3.2894037499219655,3.2284820763255566,4.461978288383369,3.2894037499219655,3.2284820763255566,4.461978288383369,6.517885826247522,7.7513820383053345,7.690460364708926,10.97986411463089
51,2550,Wormhole Attack,0.86,1.3000722064876888,0.36993237183604005,0.7035452753486718,1.3000722064876888,0.36993237183604005,0.7035452753486718,1.670004578323729,2.003617481836361,1.0734776471847118,2.373549853672401,3.472781870121873,4.1291563358756775,2.7401956206772997,3.472781870121873,4.1291563358756775,2.7401956206772997,7.60193820599755,6.212977490799172,6.869351956552977,10.34213382667485
52,2600,Wormhole Attack,0.78,1.2351262967068815,0.35025215204776183,0.7838896804659812,1.2351262967068815,0.35025215204776183,0.7838896804659812,1.5853784487546432,2.0190159771728626,1.134141832513743,2.3692681292206244,3.1807821794170006,3.801886089701189,3.328713383838887,3.1807821794170006,3.801886089701189,3.328713383838887,6.982668269118189,6.5094955632558875,7.130599473540076,10.311381652957076
53,2650,Flooding Attack,0.84,0.9208689199617854,0.38995103258722785,0.5435808172985488,0.9208689199617854,0.38995103258722785,0.5435808172985488,1.3108199525490134,1.4644497372603342,0.9335318498857766,1.8544007698475622,1.7678670763567268,4.462054652185486,1.568465928988636,1.7678670763567268,4.462054652185486,1.568465928988636,6.229921728542213,3.336333005345363,6.030520581174122,7.798387657530849
54,2700,Wormhole Attack,0.76,1.251817999164757,0.366449378692033,0.6415321982675142,1.251817999164757,0.366449378692033,0.6415321982675142,1.6182673778567898,1.893350197432271,1.0079815769595473,2.259799576124304,3.2558288139392833,4.071236249823479,2.285953693597459,3.2558288139392833,4.071236249823479,2.285953693597459,7.327065063762762,5.541782507536743,6.357189943420938,9.613018757360221
55,2750,Normal Traffic,0.72,0.983682637008178,0.2499319728319877,0.5412283119553857,0.983682637008178,0.2499319728319877,0.5412283119553857,1.2336146098401657,1.5249109489635637,0.7911602847873733,1.7748429217955515,2.050280333965604,2.133621705389271,1.551233973877853,2.050280333965604,2.133621705389271,1.551233973877853,4.183902039354875,3.601514307843457,3.684855679267124,5.735136013232728
56,2800,Normal Traffic,0.74,1.1989363332877596,0.28948941474895945,0.7963005376813513,1.1989363332877596,0.28948941474895945,0.7963005376813513,1.4884257480367191,1.9952368709691108,1.0857899524303107,2.2847262857180706,3.018070498871306,2.791438228450215,3.419622139920198,3.018070498871306,2.791438228450215,3.419622139920198,5.809508727321521,6.437692638791503,6.211060368370413,9.22913086724172
57,2850,Flooding Attack,0.76,1.1526017188719586,0.3894325497015121,0.4206261273202087,1.1526017188719586,0.3894325497015121,0.4206261273202087,1.5420342685734707,1.5732278461921674,0.8100586770217209,1.9626603958936795,2.809748017532509,4.453432592906121,0.667830483239474,2.809748017532509,4.453432592906121,0.667830483239474,7.26318061043863,3.4775785007719833,5.121263076145595,7.931011093678103
58,2900,Flooding Attack,0.84,1.1291188692493952,0.2904062459785161,0.5841912669271248,1.1291188692493952,0.2904062459785161,0.5841912669271248,1.4195251152279114,1.71331013617652,0.8745975129056409,2.0037163821550363,2.704168084172581,2.8066845816630073,1.8659349430599947,2.704168084172581,2.8066845816630073,1.8659349430599947,5.510852665835588,4.570103027232576,4.672619524723002,7.376787608895583
59,2950,Blackhole Attack,0.82,1.2278595995780224,0.35876718340130437,0.5920299363605883,1.2278595995780224,0.35876718340130437,0.5920299363605883,1.5866267829793268,1.8198895359386107,0.9507971197618927,2.178656719339915,3.1481107868499527,3.943485951757463,1.9233527084216206,3.1481107868499527,3.943485951757463,1.9233527084216206,7.091596738607416,5.071463495271574,5.866838660179083,9.014949447029037
60,3000,Sybil Attack,0.76,1.3490237769282094,0.27896126277669536,0.6197375944259036,1.3490237769282094,0.27896126277669536,0.6197375944259036,1.6279850397049047,1.968761371354113,0.8986988572025989,2.2477226341308083,3.6928703018089735,2.616361378456014,2.1263095779539385,3.6928703018089735,2.616361378456014,2.1263095779539385,6.309231680264988,5.8191798797629115,4.7426709564099525,8.435541258218926
61,3050,Blackhole Attack,0.82,1.32020807506925,0.35399693801033855,0.7665593678416199,1.32020807506925,0.35399693801033855,0.7665593678416199,1.6742050130795885,2.08676744291087,1.1205563058519585,2.4407643809212085,3.5633136282839146,3.8641596332402304,3.2017699232993704,3.5633136282839146,3.8641596332402304,3.2017699232993704,7.427473261524145,6.765083551583285,7.065929556539601,10.629243184823515
62,3100,Flooding Attack,0.88,1.4051733749008595,0.38100576366865735,0.6119582966966413,1.4051733749008595,0.38100576366865735,0.6119582966966413,1.786179138569517,2.0171316715975007,0.9929640603652986,2.3981374352661584,3.9453213845107507,4.313300197582228,2.0693267066275673,3.9453213845107507,4.313300197582228,2.0693267066275673,8.258621582092978,6.0146480911383176,6.382626904209795,10.327948288720545
63,3150,Wormhole Attack,0.76,1.2114876300867066,0.342332188298804,0.7343068919478016,1.2114876300867066,0.342332188298804,0.7343068919478016,1.5538198183855105,1.9457945220345083,1.0766390802466057,2.2881267103333123,3.074501685925377,3.670181844845232,2.965522546251287,3.074501685925377,3.670181844845232,2.965522546251287,6.744683530770609,6.040024232176664,6.635704391096519,9.710206077021896
64,3200,Normal Traffic,0.7,1.1144114283546913,0.2578733730912098,0.7415855836699835,1.1144114283546913,0.2578733730912098,0.7415855836699835,1.372284801445901,1.855997012024675,0.9994589567611933,2.1138703851158844,2.638042777639684,2.265682426548175,3.018838509756484,2.638042777639684,2.265682426548175,3.018838509756484,4.903725204187859,5.656881287396168,5.284520936304659,7.922563713944343
65,3250,Wormhole Attack,0.8,1.188650360580498,0.28135645289339706,0.762515449176686,1.188650360580498,0.28135645289339706,0.762515449176686,1.470006813473895,1.951165809757184,1.043871902070083,2.232522262650581,2.9718243093998526,2.656191952888651,3.172148470957799,2.9718243093998526,2.656191952888651,3.172148470957799,5.6280162622885035,6.143972780357652,5.82834042384645,8.800164733246302
66,3300,Blackhole Attack,0.84,1.3330566816389071,0.3121758453294443,0.6974591996829681,1.3330566816389071,0.3121758453294443,0.6974591996829681,1.6452325269683514,2.0305158813218753,1.0096350450124123,2.3426917266513194,3.6210815332526924,3.1686999562545917,2.6956154955026537,3.6210815332526924,3.1686999562545917,2.6956154955026537,6.789781489507284,6.316697028755346,5.864315451757245,9.485396985009938
67,3350,Wormhole Attack,0.82,1.233330921468997,0.30931108445569,0.8411169657371041,1.233330921468997,0.30931108445569,0.8411169657371041,1.5426420059246868,2.074447887206101,1.1504280501927941,2.383758971661791,3.172710092723153,3.121060701893061,3.747899683997521,3.172710092723153,3.121060701893061,3.747899683997521,6.293770794616214,6.920609776720674,6.868960385890582,10.041670478613735
68,3400,Wormhole Attack,0.78,1.3541691040695265,0.37253019934302195,0.7153090811348021,1.3541691040695265,0.37253019934302195,0.7153090811348021,1.7266993034125484,2.0694781852043285,1.087839280477824,2.4420083845473504,3.716003920829951,4.172356648518283,2.8263647653416015,3.716003920829951,4.172356648518283,2.8263647653416015,7.888360569348235,6.542368686171553,6.998721413859885,10.714725334689836
69,3450,Flooding Attack,0.82,0.9187435743872692,0.3484906559948202,0.4701334418588903,0.9187435743872692,0.3484906559948202,0.4701334418588903,1.2672342303820894,1.3888770162461594,0.8186240978537105,1.7373676722409797,1.758311428395304,3.772593467307563,1.0304684786282157,1.758311428395304,3.772593467307563,1.0304684786282157,5.530904895702867,2.7887799070235197,4.803061945935779,6.561373374331083
70,3500,Blackhole Attack,0.8,1.4323979918188279,0.3775958780303753,0.4399458315949041,1.4323979918188279,0.3775958780303753,0.4399458315949041,1.8099938698492033,1.872343823413732,0.8175417096252794,2.2499397014441076,4.067724469577005,4.256595845482863,0.8093461137066605,4.067724469577005,4.256595845482863,0.8093461137066605,8.324320315059868,4.877070583283666,5.065941959189524,9.133666428766528
71,3550,Sybil Attack,0.92,1.19238525789496,0.3939072944403397,0.4565927846605671,1.19238525789496,0.3939072944403397,0.4565927846605671,1.5862925523352998,1.6489780425555272,0.8505000791009067,2.042885336995867,2.9886165733671772,4.527844912890289,0.9312840080423701,2.9886165733671772,4.527844912890289,0.9312840080423701,7.516461486257466,3.9199005814095473,5.459128920932659,8.447745494299836
72,3600,Sybil Attack,0.74,1.308300507717251,0.3642923539547796,0.5170897044164674,1.308300507717251,0.3642923539547796,0.5170897044164674,1.6725928616720305,1.8253902121337182,0.8813820583712471,2.1896825660884978,3.5097766773725168,4.035366222742489,1.3744201771499078,3.5097766773725168,4.035366222742489,1.3744201771499078,7.545142900115006,4.884196854522425,5.409786399892397,8.919563077264915
73,3650,Blackhole Attack,0.82,1.0730850682408435,0.37678445451325554,0.6070212006322503,1.0730850682408435,0.37678445451325554,0.6070212006322503,1.449869522754099,1.6801062688730939,0.9838056551455059,2.056890723386349,2.452237629756948,4.24310235927913,2.0331627854673213,2.452237629756948,4.24310235927913,2.0331627854673213,6.6953399890360785,4.4854004152242695,6.276265144746452,8.7285027745034
74,3700,Wormhole Attack,0.82,1.3297431182841817,0.2842729240104891,0.6761218387471816,1.3297431182841817,0.2842729240104891,0.6761218387471816,1.6140160422946708,2.0058649570313634,0.9603947627576707,2.2901378810418525,3.60618360545437,2.7046911175687116,2.5393206556645134,3.60618360545437,2.7046911175687116,2.5393206556645134,6.3108747230230815,6.145504261118884,5.244011773233225,8.850195378687594
75,3750,Wormhole Attack,0.82,1.3682802573056636,0.3261523883189585,0.9054028577105723,1.3682802573056636,0.3261523883189585,0.9054028577105723,1.6944326456246221,2.2736831150162358,1.2315552460295307,2.5998355033351945,3.7794482916047643,3.401121479695657,4.21878983859924,3.7794482916047643,3.401121479695657,4.21878983859924,7.180569771300421,7.998238130204005,7.619911318294896,11.399359609899662
76,3800,Blackhole Attack,0.76,1.423814268017162,0.37749725428473896,0.6537090529230517,1.423814268017162,0.37749725428473896,0.6537090529230517,1.801311522301901,2.0775233209402137,1.0312063072077906,2.4550205752249528,4.029131666679304,4.25495579177105,2.3751483955030532,4.029131666679304,4.25495579177105,2.3751483955030532,8.284087458450355,6.404280062182357,6.630104187274103,10.659235853953408
77,3850,Wormhole Attack,0.82,1.2173893079601472,0.3266835168197794,0.8255159712652467,1.2173893079601472,0.3266835168197794,0.8255159712652467,1.5440728247799267,2.042905279225394,1.1521994880850261,2.369588796045173,3.101035891381896,3.409953827966355,3.6336233712129764,3.101035891381896,3.409953827966355,3.6336233712129764,6.510989719348251,6.734659262594873,7.043577199179332,10.144613090561228
78,3900,Wormhole Attack,0.7,1.0851770606058642,0.3492975144538362,0.7873524926453561,1.0851770606058642,0.3492975144538362,0.7873524926453561,1.4344745750597003,1.8725295532512203,1.1366500070991923,2.2218270677050564,2.5066037637060816,3.7860110393342445,3.3540782673684735,2.5066037637060816,3.7860110393342445,3.3540782673684735,6.292614803040326,5.860682031074555,7.140089306702718,9.6466930704088
79,3950,Wormhole Attack,0.86,1.195096950923234,0.34931198238993266,0.8795137516154958,1.195096950923234,0.34931198238993266,0.8795137516154958,1.5444089333131668,2.07461070253873,1.2288257340054285,2.4239226849286624,3.0008084654850173,3.7862516324301985,4.029153748978795,3.0008084654850173,3.7862516324301985,4.029153748978795,6.787060097915216,7.029962214463813,7.815405381408993,10.816213846894012
80,4000,Wormhole Attack,0.84,1.2977151038413806,0.32575804913066714,0.9413367335549017,1.2977151038413806,0.32575804913066714,0.9413367335549017,1.6234731529720476,2.239051837396282,1.2670947826855687,2.564809886526949,3.4621842320873215,3.3945638556133675,4.482003240985549,3.4621842320873215,3.3945638556133675,4.482003240985549,6.856748087700689,7.94418747307287,7.876567096598916,11.338751328686238
81,4050,Normal Traffic,0.6,1.3064536099835249,0.39037858671553793,0.6501891309797128,1.3064536099835249,0.39037858671553793,0.6501891309797128,1.696832196699063,1.9566427409632376,1.0405677176952506,2.3470213276787755,3.50147294325236,4.469164620790019,2.3493651865095635,3.50147294325236,4.469164620790019,2.3493651865095635,7.970637564042379,5.850838129761923,6.818529807299582,10.320002750551943
82,4100,Normal Traffic,0.68,1.3064691494987408,0.3850315524800009,0.3822563750311232,1.3064691494987408,0.3850315524800009,0.3822563750311232,1.6915007019787418,1.688725524529864,0.7672879275111242,2.073757077009865,3.501542809601943,4.38024664988352,0.38677443761605695,3.501542809601943,4.38024664988352,0.38677443761605695,7.8817894594854625,3.888317247218,4.767021087499577,8.268563897101519
83,4150,Normal Traffic,0.72,1.2461349411437341,0.314465614624648,0.8100248078684804,1.2461349411437341,0.314465614624648,0.8100248078684804,1.5606005557683822,2.0561597490122145,1.1244904224931285,2.3706253636368624,3.2302775330349562,3.2067774456823486,3.520151564212548,3.2302775330349562,3.2067774456823486,3.520151564212548,6.437054978717304,6.750429097247505,6.726929009894897,9.957206542929853
84,4200,Wormhole Attack,0.82,1.1239310124160868,0.3420239769607398,0.6955446469644938,1.1239310124160868,0.3420239769607398,0.6955446469644938,1.4659549893768267,1.8194756593805805,1.0375686239252335,2.1614996363413206,2.6808432497702324,3.6650564752321277,2.6815915160894477,2.6808432497702324,3.6650564752321277,2.6815915160894477,6.34589972500236,5.36243476585968,6.346647991321575,9.027491241091807
85,4250,Blackhole Attack,0.78,1.3345885099092103,0.4064060689367165,0.843634735122373,1.3345885099092103,0.4064060689367165,0.843634735122373,1.740994578845927,2.1782232450315835,1.2500408040590893,2.5846293139683,3.6279687010920703,4.735692033009597,3.7663421879231107,3.6279687010920703,4.735692033009597,3.7663421879231107,8.363660734101668,7.3943108890151805,8.502034220932707,12.13000292202478
86,4300,Sybil Attack,0.8,1.36972157552635,0.3296506491356555,0.5206860754879361,1.36972157552635,0.3296506491356555,0.5206860754879361,1.6993722246620055,1.8904076510142862,0.8503367246235916,2.2200583001499417,3.7859285222469734,3.459295457983486,1.4007633712452465,3.7859285222469734,3.459295457983486,1.4007633712452465,7.24522398023046,5.18669189349222,4.860058829228732,8.645987351475707
87,4350,Blackhole Attack,0.78,1.2713317352149658,0.33844926370569217,0.6525767257574033,1.2713317352149658,0.33844926370569217,0.6525767257574033,1.609780998920658,1.9239084609723691,0.9910259894630955,2.2623577246780613,3.343563436648986,3.6056111387689933,2.3668541695426835,3.343563436648986,3.6056111387689933,2.3668541695426835,6.949174575417979,5.710417606191669,5.972465308311676,9.316028744960663
88,4400,Blackhole Attack,0.84,1.3561302446513759,0.31876043411483485,0.544111104065402,1.3561302446513759,0.31876043411483485,0.544111104065402,1.6748906787662108,1.900241348716778,0.8628715381802368,2.219001782831613,3.7248212958619047,3.2781977167438336,1.5723502465264527,3.7248212958619047,3.2781977167438336,1.5723502465264527,7.003019012605739,5.297171542388357,4.850547963270286,8.575369259132192
89,4450,Blackhole Attack,0.86,1.4062573099043845,0.4079698449308193,0.5873232050605621,1.4062573099043845,0.4079698449308193,0.5873232050605621,1.8142271548352038,1.9935805149649466,0.9952930499913815,2.401550359895766,3.9501948043587705,4.761696689464531,1.8888761948118722,3.9501948043587705,4.761696689464531,1.8888761948118722,8.711891493823302,5.839070999170643,6.650572884276404,10.600767688635173
90,4500,Normal Traffic,0.64,1.3216562873687143,0.39448286205674404,0.3614809249048965,1.3216562873687143,0.39448286205674404,0.3614809249048965,1.7161391494254583,1.6831372122736108,0.7559637869616405,2.077620074330355,3.5698248550100597,4.537416256987925,0.23459555945882787,3.5698248550100597,4.537416256987925,0.23459555945882787,8.107241111997984,3.8044204144688876,4.772011816446753,8.341836671456813
91,4550,Sybil Attack,0.88,1.1373532713268162,0.3662390701221444,0.524646325557887,1.1373532713268162,0.3662390701221444,0.524646325557887,1.5035923414489605,1.6619995968847032,0.8908853956800314,2.0282386670068475,2.7411903211057687,4.067738944499631,1.4297719563399405,2.7411903211057687,4.067738944499631,1.4297719563399405,6.8089292656054,4.170962277445709,5.497510900839571,8.238701221945341
92,4600,Wormhole Attack,0.74,1.2468150632535453,0.2743269676690936,0.9117092133314879,1.2468150632535453,0.2743269676690936,0.9117092133314879,1.5211420309226389,2.158524276585033,1.1860361810005815,2.4328512442541266,3.2333353922038657,2.539295831575618,4.264983500725481,3.2333353922038657,2.539295831575618,4.264983500725481,5.7726312237794835,7.498318892929346,6.804279332301098,10.037614724504964
93,4650,Blackhole Attack,0.82,1.1343353634490851,0.4088616278230276,0.5262267698725491,1.1343353634490851,0.4088616278230276,0.5262267698725491,1.5431969912721129,1.6605621333216343,0.9350883976955767,2.069423761144662,2.727621673444239,4.776526503857206,1.441348612505461,2.727621673444239,4.776526503857206,1.441348612505461,7.504148177301445,4.1689702859497,6.217875116362667,8.945496789806906
94,4700,Sybil Attack,0.72,1.1372192484104529,0.31321816697969385,0.6137032362105115,1.1372192484104529,0.31321816697969385,0.6137032362105115,1.4504374153901467,1.7509224846209643,0.9269214031902053,2.064140651600658,2.7405877481299257,3.1860331398643265,2.0821082798815578,2.7405877481299257,3.1860331398643265,2.0821082798815578,5.926620887994252,4.8226960280114834,5.268141419745884,8.00872916787581
95,4750,Blackhole Attack,0.78,1.3058795232722684,0.36818025150661426,0.6110242810170177,1.3058795232722684,0.36818025150661426,0.6110242810170177,1.6740597747788826,1.916903804289286,0.9792045325236319,2.2850840557959002,3.4988918239379885,4.100019626138318,2.0624850999503215,3.4988918239379885,4.100019626138318,2.0624850999503215,7.598911450076306,5.56137692388831,6.162504726088639,9.661396550026627
96,4800,Blackhole Attack,0.78,1.2771078878622144,0.32842086404282445,0.48002446370902024,1.2771078878622144,0.32842086404282445,0.48002446370902024,1.6055287519050387,1.7571323515712347,0.8084453277518446,2.085553215614059,3.369533275121541,3.438844869809046,1.102919597609328,3.369533275121541,3.438844869809046,1.102919597609328,6.808378144930588,4.4724528727308694,4.541764467418374,7.911297742539916
97,4850,Sybil Attack,0.8,1.146784249833899,0.31853090844527,0.682764110553661,1.146784249833899,0.31853090844527,0.682764110553661,1.4653151582791688,1.82954836038756,1.0012950189989311,2.14807926883283,2.7835924187344983,3.274380842583384,2.5879748829271705,2.7835924187344983,3.274380842583384,2.5879748829271705,6.057973261317882,5.371567301661669,5.862355725510554,8.645948144245052
98,4900,Normal Traffic,0.72,1.3587144854477622,0.3864698590262393,0.7153896051607961,1.3587144854477622,0.3864698590262393,0.7153896051607961,1.7451843444740014,2.074104090608558,1.1018594641870354,2.4605739496347976,3.7364401570927117,4.404164824707064,2.8269545988164975,3.7364401570927117,4.404164824707064,2.8269545988164975,8.140604981799775,6.56339475590921,7.231119423523562,10.967559580616273
99,4950,Normal Traffic,0.68,1.196408282925555,0.38722340524097637,0.5254910653192261,1.196408282925555,0.38722340524097637,0.5254910653192261,1.5836316881665313,1.721899348244781,0.9127144705602024,2.1091227534857575,3.0067042723246074,4.4166958461008266,1.4359596224763818,3.0067042723246074,4.4166958461008266,1.4359596224763818,7.423400118425434,4.442663894800989,5.8526554685772085,8.859359740901816
100,5000,Normal Traffic,0.66,1.0526362752295764,0.30650420378338156,0.7198952010125589,1.0526362752295764,0.30650420378338156,0.7198952010125589,1.359140479012958,1.7725314762421354,1.0263994047959404,2.079035680025517,2.36029894948085,3.074383960551182,2.8599578077956163,2.36029894948085,3.074383960551182,2.8599578077956163,5.434682910032032,5.220256757276466,5.934341768346798,8.29464071782765
101,5050,Wormhole Attack,0.86,1.3007500633940234,0.3175440390285239,0.8252605238027805,1.3007500633940234,0.3175440390285239,0.8252605238027805,1.6182941024225475,2.126010587196804,1.1428045628313044,2.443554626225328,3.475829544835491,3.257969796343294,3.6317522344611834,3.475829544835491,3.257969796343294,3.6317522344611834,6.733799341178785,7.107581779296675,6.889722030804478,10.36555157563997
102,5100,Flooding Attack,0.84,1.1187566056309048,0.36944129645470325,0.5874012410194024,1.1187566056309048,0.36944129645470325,0.5874012410194024,1.488197902085608,1.7061578466503073,0.9568425374741056,2.0755991431050105,2.6575788873807653,4.120990046948556,1.889447803349838,2.6575788873807653,4.120990046948556,1.889447803349838,6.778568934329321,4.547026690730603,6.010437850298394,8.66801673767916
103,5150,Normal Traffic,0.62,1.469390108120835,0.4189276192236162,0.3590939530797652,1.469390108120835,0.4189276192236162,0.3590939530797652,1.8883177273444511,1.8284840612006001,0.7780215723033814,2.247411680424216,4.234042665059375,4.943917900858933,0.21711113951440372,4.234042665059375,4.943917900858933,0.21711113951440372,9.177960565918308,4.451153804573779,5.161029040373337,9.395071705432713
104,5200,Blackhole Attack,0.84,1.258610748915342,0.3254943889055808,0.5780876463594516,1.258610748915342,0.3254943889055808,0.5780876463594516,1.5841051378209228,1.8366983952747935,0.9035820352650324,2.1621927841803745,3.2863693180741964,3.3901793442766692,1.8212263025712228,3.2863693180741964,3.3901793442766692,1.8212263025712228,6.676548662350866,5.107595620645419,5.211405646847892,8.497774964922089
105,5250,Normal Traffic,0.76,1.309620172772724,0.3148492132764582,0.7568620539741834,1.309620172772724,0.3148492132764582,0.7568620539741834,1.6244693860491821,2.066482226746907,1.0717112672506417,2.3813314400233656,3.515709949988647,3.2131564610876997,3.1307377032262136,3.515709949988647,3.2131564610876997,3.1307377032262136,6.728866411076346,6.64644765321486,6.343894164313913,9.85960411430256
106,5300,Blackhole Attack,0.76,1.4304934793936508,0.38028900239858887,0.4525436764468882,1.4304934793936508,0.38028900239858887,0.4525436764468882,1.8107824817922396,1.883037155840539,0.8328326788454771,2.2633261582391277,4.05916169724889,4.301380887745894,0.9016245425794773,4.05916169724889,4.301380887745894,0.9016245425794773,8.360542584994784,4.9607862398283675,5.203005430325371,9.262167127574262
107,5350,Normal Traffic,0.72,1.0000918888028048,0.37679581171085375,0.5685795819522521,1.0000918888028048,0.37679581171085375,0.5685795819522521,1.3768877005136586,1.5686714707550569,0.9453753936631059,1.9454672824659107,2.124057057779323,4.2432912226604245,1.7515803230067308,2.124057057779323,4.2432912226604245,1.7515803230067308,6.367348280439748,3.875637380786054,5.994871545667156,8.118928603446479
108,5400,Flooding Attack,0.74,1.1840222364448947,0.33049399192809586,0.6557354892318711,1.1840222364448947,0.33049399192809586,0.6557354892318711,1.5145162283729905,1.8397577256767659,0.986229481159967,2.1702517176048617,2.951016058030352,3.4733197425829814,2.3899919152467684,2.951016058030352,3.4733197425829814,2.3899919152467684,6.424335800613333,5.3410079732771205,5.863311657829749,8.814327715860102
109,5450,Blackhole Attack,0.76,1.2784837075263555,0.3421681700089817,0.4819345583932,1.2784837075263555,0.3421681700089817,0.4819345583932,1.6206518775353373,1.7604182659195555,0.8241027284021817,2.1025864359285373,3.3757190213486825,3.6674543191029003,1.116910922198999,3.3757190213486825,3.6674543191029003,1.116910922198999,7.043173340451583,4.492629943547682,4.7843652413018996,8.160084262650582
110,5500,Normal Traffic,0.66,1.2002434579622598,0.299927088919876,0.613894231100847,1.2002434579622598,0.299927088919876,0.613894231100847,1.5001705468821358,1.8141376890631067,0.913821320020723,2.114064777982983,3.023947389378421,2.9650104868982403,2.0835073055569784,3.023947389378421,2.9650104868982403,2.0835073055569784,5.988957876276661,5.107454694935399,5.048517792455218,8.072465181833639
111,5550,Flooding Attack,0.8,1.3233047090076253,0.37702185458126464,0.6142621214770614,1.3233047090076253,0.37702185458126464,0.6142621214770614,1.70032656358889,1.9375668304846867,0.9912839760583261,2.314588685065951,3.5772362318055766,4.24705017996076,2.0862020796483702,3.5772362318055766,4.24705017996076,2.0862020796483702,7.824286411766336,5.663438311453946,6.3332522596091305,9.910488491414707
112,5600,Wormhole Attack,0.78,1.2661998968245147,0.25071179738234917,0.9850056099443013,1.2661998968245147,0.25071179738234917,0.9850056099443013,1.516911694206864,2.251205506768816,1.2357174073266504,2.5019173041511653,3.3204904636501236,2.1465897197364336,4.801875040583111,3.3204904636501236,2.1465897197364336,4.801875040583111,5.467080183386557,8.122365504233235,6.948464760319545,10.268955223969668
113,5650,Sybil Attack,0.88,1.3159315981783095,0.39346046984750666,0.5569508854483483,1.3159315981783095,0.39346046984750666,0.5569508854483483,1.7093920680258161,1.8728824836266578,0.9504113552958549,2.2663429534741644,3.544086398521862,4.520414488023775,1.6664008454193355,3.544086398521862,4.520414488023775,1.6664008454193355,8.064500886545638,5.2104872439411976,6.186815333443111,9.730901731964973
114,5700,Blackhole Attack,0.84,1.2444437364696348,0.3446334248975752,0.7703679302978285,1.2444437364696348,0.3446334248975752,0.7703679302978285,1.58907716136721,2.0148116667674634,1.1150013551954037,2.3594450916650382,3.222673801815818,3.708450028650484,3.2296674060713992,3.222673801815818,3.708450028650484,3.2296674060713992,6.931123830466301,6.452341207887217,6.9381174347218835,10.160791236537701
115,5750,Blackhole Attack,0.84,1.3338278352111292,0.4111571035241833,0.6857944712856936,1.3338278352111292,0.4111571035241833,0.6857944712856936,1.7449849387353125,2.0196223064968226,1.0969515748098768,2.430779410021006,3.6245486739138175,4.814698887391877,2.610172086540597,3.6245486739138175,4.814698887391877,2.610172086540597,8.439247561305695,6.234720760454414,7.4248709739324745,11.049419647846292
116,5800,Sybil Attack,0.86,1.3828315272150333,0.35559201997527723,0.9044601802929728,1.3828315272150333,0.35559201997527723,0.9044601802929728,1.7384235471903104,2.287291707508006,1.26005220026825,2.6428837274832833,3.844871446461465,3.890684889205354,4.211884785230825,3.844871446461465,3.890684889205354,4.211884785230825,7.7355563356668195,8.05675623169229,8.102569674436179,11.947441120897643
117,5850,Normal Traffic,0.74,1.177788949918954,0.38654970263470834,0.7310345835211602,1.177788949918954,0.38654970263470834,0.7310345835211602,1.5643386525536624,1.9088235334401142,1.1175842861558687,2.2953732360748225,2.9229909253654554,4.405492576006605,2.9415530908447782,2.9229909253654554,4.405492576006605,2.9415530908447782,7.328483501372061,5.864544016210234,7.347045666851383,10.270036592216838
118,5900,Sybil Attack,0.8,1.2616119812635076,0.38581597283266267,0.6541537616662041,1.2616119812635076,0.38581597283266267,0.6541537616662041,1.6474279540961703,1.9157657429297117,1.0399697344988668,2.3015817157623744,3.2998629918152456,4.393291089665275,2.3784058593475654,3.2998629918152456,4.393291089665275,2.3784058593475654,7.69315408148052,5.6782688511628105,6.77169694901284,10.071559940828084
119,5950,Blackhole Attack,0.86,1.4024982654006755,0.32705207481256016,0.749111096995418,1.4024982654006755,0.32705207481256016,0.749111096995418,1.7295503402132355,2.1516093623960932,1.0761631718079783,2.4786614372086535,3.9332939735576713,3.416082726237032,3.0739624261320033,3.9332939735576713,3.416082726237032,3.0739624261320033,7.349376699794703,7.007256399689675,6.490045152369035,10.423339125926706
120,6000,Wormhole Attack,0.84,1.3959593447805192,0.3272729530448535,0.6473043973918747,1.3959593447805192,0.3272729530448535,0.6473043973918747,1.7232322978253727,2.043263742172394,0.9745773504367282,2.3705366952172473,3.903894696450407,3.4197557987044584,2.328234692656846,3.903894696450407,3.4197557987044584,2.328234692656846,7.323650495154865,6.232129389107253,5.747990491361304,9.651885187811711
121,6050,Sybil Attack,0.8,1.3476394827133822,0.3916524569844826,0.7256050680787292,1.3476394827133822,0.3916524569844826,0.7256050680787292,1.7392919396978648,2.0732445507921113,1.1172575250632117,2.464897007776594,3.686646453626104,4.4903483189903906,2.901782228411167,3.686646453626104,4.4903483189903906,2.901782228411167,8.176994772616494,6.5884286820372715,7.392130547401558,11.07877700102766
122,6100,Wormhole Attack,0.8,1.372058458364448,0.32404613014223255,0.6445569183996999,1.372058458364448,0.32404613014223255,0.6445569183996999,1.6961045885066806,2.0166153767641477,0.9686030485419324,2.3406615069063803,3.796435251127069,3.3660956700543085,2.308109580168337,3.796435251127069,3.3660956700543085,2.308109580168337,7.162530921181378,6.1045448312954065,5.674205250222645,9.470640501349715
123,6150,Wormhole Attack,0.8,1.4820723050352393,0.38824692787841536,0.7044626260826509,1.4820723050352393,0.38824692787841536,0.7044626260826509,1.8703192329136547,2.1865349311178903,1.0927095539610663,2.5747818589963054,4.291062384837922,4.433716413407668,2.7469151576656903,4.291062384837922,4.433716413407668,2.7469151576656903,8.72477879824559,7.0379775425036115,7.1806315710733575,11.47169395591128
124,6200,Sybil Attack,0.74,1.1356108411912043,0.3755752345899478,0.6702344254544063,1.1356108411912043,0.3755752345899478,0.6702344254544063,1.511186075781152,1.8058452666456106,1.045809660044354,2.181420501235558,2.733356277939837,4.2229937575339545,2.496195719997705,2.733356277939837,4.2229937575339545,2.496195719997705,6.9563500354737915,5.229551997937542,6.71918947753166,9.452545755471498
125,6250,Wormhole Attack,0.8,1.1171733109427353,0.32332087907255685,0.7977364495487851,1.1171733109427353,0.32332087907255685,0.7977364495487851,1.440494190015292,1.9149097604915204,1.1210573286213419,2.238230639564077,2.650460324244141,3.3540351799447192,3.4301401049121027,2.650460324244141,3.3540351799447192,3.4301401049121027,6.00449550418886,6.080600429156243,6.784175284856822,9.434635609100962
126,6300,Wormhole Attack,0.8,1.1481765902585752,0.36900480372946914,0.4958362895122385,1.1481765902585752,0.36900480372946914,0.4958362895122385,1.5171813939880443,1.6440128797708138,0.8648410932417077,2.0130176835002827,2.789852443033696,4.113731434840686,1.218740236764274,2.789852443033696,4.113731434840686,1.218740236764274,6.903583877874382,4.00859267979797,5.33247167160496,8.122324114638657
127,6350,Sybil Attack,0.82,1.3896560882278957,0.3947327648854966,0.4111701676418331,1.3896560882278957,0.3947327648854966,0.4111701676418331,1.7843888531133922,1.8008262558697288,0.8059029325273297,2.1955590207552254,3.875554975442396,4.541571991078571,0.5985661675682283,3.875554975442396,4.541571991078571,0.5985661675682283,8.417126966520966,4.474121143010624,5.140138158646799,9.015693134089194
128,6400,Normal Traffic,0.62,1.3226249419979266,0.3397679733901665,0.6401487187621604,1.3226249419979266,0.3397679733901665,0.6401487187621604,1.662392915388093,1.962773660760087,0.9799166921523269,2.3025416341502534,3.5741799691825213,3.6275404895442143,2.2758197923919936,3.5741799691825213,3.6275404895442143,2.2758197923919936,7.201720458726736,5.849999761574515,5.903360281936208,9.477540251118729
129,6450,Wormhole Attack,0.9,0.9998252639285389,0.3398602856547337,0.830805845494843,0.9998252639285389,0.3398602856547337,0.830805845494843,1.3396855495832725,1.8306311094233818,1.1706661311495767,2.1704913950781153,2.122858300519896,3.6290755871129834,3.67237137046025,2.122858300519896,3.6290755871129834,3.67237137046025,5.751933887632879,5.795229670980146,7.3014469575732335,9.42430525809313
130,6500,Sybil Attack,0.74,1.4536832539122373,0.3609471329752498,0.6140087860796357,1.4536832539122373,0.3609471329752498,0.6140087860796357,1.8146303868874871,2.067692039991873,0.9749559190548855,2.428639172967123,4.163423951943551,3.979737205116839,2.0843464136414473,4.163423951943551,3.979737205116839,2.0843464136414473,8.14316115706039,6.247770365584999,6.0640836187582865,10.227507570701839
131,6550,Wormhole Attack,0.78,1.3614758043000632,0.3872431551503633,0.6378136040848571,1.3614758043000632,0.3872431551503633,0.6378136040848571,1.7487189594504264,1.9992894083849202,1.0250567592352204,2.3865325635352836,3.7488551691162666,4.41702427524321,2.258715222825441,3.7488551691162666,4.41702427524321,2.258715222825441,8.165879444359476,6.007570391941707,6.675739498068651,10.424594667184916
132,6600,Wormhole Attack,0.74,1.3542870533837466,0.30072931609126,0.7618341082814021,1.3542870533837466,0.30072931609126,0.7618341082814021,1.6550163694750066,2.1161211616651485,1.062563424372662,2.416850477756409,3.716534226177699,2.9783510433905556,3.1671576913377675,3.716534226177699,2.9783510433905556,3.1671576913377675,6.694885269568255,6.883691917515467,6.145508734728323,9.862042960906022
133,6650,Blackhole Attack,0.9,1.3997013088086292,0.33748954561692684,0.6776837862638425,1.3997013088086292,0.33748954561692684,0.6776837862638425,1.737190854425556,2.0773850950724717,1.0151733318807694,2.4148746406893986,3.920718732675699,3.5896516028213603,2.550761823936765,3.920718732675699,3.5896516028213603,2.550761823936765,7.5103703354970595,6.471480556612464,6.140413426758125,10.061132159433825
134,6700,Sybil Attack,0.74,1.3879102836517914,0.35078607637098436,0.7180761385155161,1.3879102836517914,0.35078607637098436,0.7180761385155161,1.7386963600227756,2.1059864221673075,1.0688622148865004,2.4567724985382915,3.8677057606423553,3.810764930820822,2.846633288306703,3.8677057606423553,3.810764930820822,2.846633288306703,7.678470691463177,6.714339048949059,6.657398219127526,10.52510397976988
135,6750,Normal Traffic,0.72,1.3250424438315953,0.35483408094842483,0.5673646620457495,1.3250424438315953,0.35483408094842483,0.5673646620457495,1.67987652478002,1.8924071058773448,0.9221987429941744,2.24724118682577,3.5850491646421303,3.878080817981974,1.7426811103639661,3.5850491646421303,3.878080817981974,1.7426811103639661,7.463129982624104,5.327730275006097,5.6207619283459405,9.205811092988071
136,6800,Flooding Attack,0.8,1.235876893848112,0.35266517052873964,0.5237005824334235,1.235876893848112,0.35266517052873964,0.5237005824334235,1.5885420643768515,1.7595774762815355,0.8763657529621631,2.112242646810275,3.1841568974527164,3.8420131391340187,1.4228444468596968,3.1841568974527164,3.8420131391340187,1.4228444468596968,7.026170036586735,4.607001344312414,5.264857585993715,8.449014483446431
137,6850,Wormhole Attack,0.8,1.0658389910350736,0.32459554336064805,0.7841922992796647,1.0658389910350736,0.32459554336064805,0.7841922992796647,1.3904345343957216,1.8500312903147385,1.1087878426403128,2.1746268336753865,2.4196589452785964,3.375232082207056,3.330930047800237,2.4196589452785964,3.375232082207056,3.330930047800237,5.794891027485653,5.750588993078834,6.706162130007293,9.12582107528589
138,6900,Normal Traffic,0.7,1.2643948577072588,0.33158681447900756,0.523471354222856,1.2643948577072588,0.33158681447900756,0.523471354222856,1.5959816721862663,1.7878662119301147,0.8550581687018635,2.119453026409122,3.3123749277260326,3.4914927258682047,1.421165364494972,3.3123749277260326,3.4914927258682047,1.421165364494972,6.803867653594237,4.733540292221004,4.912658090363177,8.225033018089208
139,6950,Wormhole Attack,0.82,1.025884748403396,0.3079708167036386,0.8884165276788988,1.025884748403396,0.3079708167036386,0.8884165276788988,1.3338555651070345,1.9143012760822948,1.1963873443825372,2.2222720927859334,2.2400228984486694,3.09877285338972,4.0943660291259,2.2400228984486694,3.09877285338972,4.0943660291259,5.33879575183839,6.334388927574569,7.19313888251562,9.43316178096429
140,7000,Wormhole Attack,0.76,1.1657795428135915,0.2955858408966084,0.9563169098305571,1.1657795428135915,0.2955858408966084,0.9563169098305571,1.4613653837101999,2.122096452644149,1.2519027507271654,2.417682293540757,2.868996098406375,2.892818137190564,4.591732099151127,2.868996098406375,2.892818137190564,4.591732099151127,5.761814235596939,7.460728197557502,7.484550236341691,10.353546334748065
141,7050,Sybil Attack,0.84,0.9658870623095424,0.3354403144974675,0.43634993218123447,0.9658870623095424,0.3354403144974675,0.43634993218123447,1.3013273768070097,1.4022369944907769,0.7717902466787019,1.7376773089882442,1.9702706408924817,3.555574118923882,0.7830063744753225,1.9702706408924817,3.555574118923882,0.7830063744753225,5.525844759816364,2.753277015367804,4.3385804933992045,6.308851134291686
142,7100,Blackhole Attack,0.76,1.2578465051844958,0.3288997497193599,0.5653146112253318,1.2578465051844958,0.3288997497193599,0.5653146112253318,1.5867462549038558,1.8231611164098276,0.8942143609446918,2.1520608661291876,3.2829332443663466,3.446808451259623,1.727664615793644,3.2829332443663466,3.446808451259623,1.727664615793644,6.72974169562597,5.01059786015999,5.174473067053267,8.457406311419614
143,7150,Normal Traffic,0.66,1.2427427776149915,0.400593134567363,0.6994822261895702,1.2427427776149915,0.400593134567363,0.6994822261895702,1.6433359121823545,1.9422250038045616,1.1000753607569331,2.342818138371925,3.21502621536836,4.639026422436104,2.71043403865751,3.21502621536836,4.639026422436104,2.71043403865751,7.854052637804465,5.92546025402587,7.349460461093614,10.564486676461975
144,7200,Blackhole Attack,0.74,1.2440311985334163,0.3235249698607577,0.6872480520453286,1.2440311985334163,0.3235249698607577,0.6872480520453286,1.5675561683941739,1.9312792505787448,1.0107730219060862,2.2548042204395022,3.220819012958654,3.3574290872900128,2.620819475067353,3.220819012958654,3.3574290872900128,2.620819475067353,6.578248100248667,5.841638488026007,5.978248562357366,9.19906757531602
145,7250,Normal Traffic,0.7,1.4890417231942203,0.30076119669794266,0.7181469226348892,1.4890417231942203,0.30076119669794266,0.7181469226348892,1.789802919892163,2.2071886458291097,1.0189081193328318,2.507949842527052,4.322397197972171,2.978881198750072,2.8471517775722592,4.322397197972171,2.978881198750072,2.8471517775722592,7.3012783967222425,7.16954897554443,5.826032976322331,10.148430174294502
146,7300,Blackhole Attack,0.88,1.2678562739647514,0.35442451456149127,0.5182800881743593,1.2678562739647514,0.35442451456149127,0.5182800881743593,1.6222807885262427,1.7861363621391106,0.8727046027358506,2.140560876700602,3.3279376087324253,3.8712699747231816,1.3831396640323554,3.3279376087324253,3.8712699747231816,1.3831396640323554,7.199207583455607,4.711077272764781,5.254409638755537,8.582347247487963
147,7350,Sybil Attack,0.82,1.3961762677265719,0.38114756785096227,0.5981144486699989,1.3961762677265719,0.38114756785096227,0.5981144486699989,1.7773238355775343,1.9942907163965709,0.9792620165209611,2.375438284247533,3.904869991636323,4.315658316045882,1.967921382108794,3.904869991636323,4.315658316045882,1.967921382108794,8.220528307682205,5.872791373745117,6.283579698154676,10.188449689791
148,7400,Wormhole Attack,0.8,1.3052661906030416,0.3550825419269076,0.7841599370503641,1.3052661906030416,0.3550825419269076,0.7841599370503641,1.660348732529949,2.0894261276534056,1.1392424789772717,2.4445086695803133,3.4961342530560366,3.882212574967799,3.3306929964863206,3.4961342530560366,3.882212574967799,3.3306929964863206,7.378346828023836,6.826827249542357,7.21290557145412,10.709039824510157
149,7450,Blackhole Attack,0.86,1.4453661289462167,0.3738148335944842,0.7321860536288867,1.4453661289462167,0.3738148335944842,0.7321860536288867,1.819180962540701,2.1775521825751034,1.1060008872233709,2.5513670161695874,4.126029789234486,4.193719345289111,2.9499875376635347,4.126029789234486,4.193719345289111,2.9499875376635347,8.319749134523597,7.07601732689802,7.143706882952646,11.269736672187133
150,7500,Blackhole Attack,0.8,1.3151201529213454,0.337393688835383,0.7474482866261141,1.3151201529213454,0.337393688835383,0.7474482866261141,1.6525138417567284,2.0625684395474595,1.084841975461497,2.3999621283828425,3.5404381046592133,3.588057562062119,3.0617824437464742,3.5404381046592133,3.588057562062119,3.0617824437464742,7.128495666721332,6.602220548405688,6.649840005808594,10.190278110467807
151,7550,Sybil Attack,0.72,1.3166505543569904,0.35164160633227637,0.5527377697156797,1.3166505543569904,0.35164160633227637,0.5527377697156797,1.668292160689267,1.86938832407267,0.904379376047956,2.2210299304049466,3.547318857386688,3.8249918807255407,1.6355400350951972,3.547318857386688,3.8249918807255407,1.6355400350951972,7.372310738112229,5.182858892481885,5.460531915820738,9.007850773207426
152,7600,Wormhole Attack,0.86,1.2273769168167443,0.3220168981497035,0.5028931104776106,1.2273769168167443,0.3220168981497035,0.5028931104776106,1.549393814966448,1.730270027294355,0.8249100086273142,2.0522869254440588,3.14594062374842,3.3323507596374204,1.2704310107952572,3.14594062374842,3.3323507596374204,1.2704310107952572,6.478291383385841,4.416371634543677,4.602781770432678,7.748722394181098
153,7650,Normal Traffic,0.68,1.375597854056185,0.29551686292990836,0.7639397674925263,1.375597854056185,0.29551686292990836,0.7639397674925263,1.6711147169860934,2.1395376215487114,1.0594566304224347,2.43505448447862,3.812348531128188,2.891671074993831,3.182581513906397,3.812348531128188,2.891671074993831,3.182581513906397,6.704019606122019,6.994930045034585,6.074252588900228,9.886601120028416
154,7700,Blackhole Attack,0.78,1.1855413879896148,0.3518036110623423,0.5980658416002035,1.1855413879896148,0.3518036110623423,0.5980658416002035,1.5373449990519572,1.7836072295898182,0.9498694526625457,2.1354108406521606,2.9578462307492996,3.8276859221773387,1.9675653383500775,2.9578462307492996,3.8276859221773387,1.9675653383500775,6.785532152926638,4.925411569099377,5.795251260527416,8.753097491276716
155,7750,Normal Traffic,0.74,1.2384306651887211,0.3317501099305235,0.4203932522106182,1.2384306651887211,0.3317501099305235,0.4203932522106182,1.5701807751192447,1.6588239173993393,0.7521433621411417,1.9905740273298629,3.195638766659039,3.4942082312432325,0.6661246875665566,3.195638766659039,3.4942082312432325,0.6661246875665566,6.689846997902272,3.8617634542255956,4.1603329188097895,7.355971685468829
156,7800,Wormhole Attack,0.76,1.238437849108412,0.3403922070397492,0.7226032555666733,1.238437849108412,0.3403922070397492,0.7226032555666733,1.5788300561481612,1.9610411046750853,1.0629954626064224,2.3014333117148347,3.195671065880574,3.6379211205720754,2.8797941387309187,3.195671065880574,3.6379211205720754,2.8797941387309187,6.833592186452649,6.0754652046114925,6.517715259302994,9.713386325183567
157,7850,Blackhole Attack,0.88,1.3658118187221702,0.33850005746438155,0.8025451248348795,1.3658118187221702,0.33850005746438155,0.8025451248348795,1.7043118761865517,2.1683569435570496,1.141045182299261,2.506857001021431,3.7683500822589147,3.606455808497748,3.465363351870129,3.7683500822589147,3.606455808497748,3.465363351870129,7.3748058907566625,7.233713434129044,7.071819160367877,10.840169242626791
158,7900,Sybil Attack,0.82,1.168488246575602,0.31737205696842663,0.6417362246847805,1.168488246575602,0.31737205696842663,0.6417362246847805,1.4858603035440285,1.8102244712603826,0.9591082816532072,2.127596528228809,2.881174550650521,3.255109837879865,2.2874481743959683,2.881174550650521,3.255109837879865,2.2874481743959683,6.136284388530386,5.16862272504649,5.542558012275833,8.423732562926354
159,7950,Blackhole Attack,0.8,1.1151368957552172,0.3082309550149006,0.9714171286798595,1.1151368957552172,0.3082309550149006,0.9714171286798595,1.4233678507701177,2.0865540244350766,1.2796480836947601,2.394784979449977,2.6413045112466964,3.103098797412807,4.702340261691711,2.6413045112466964,3.103098797412807,4.702340261691711,5.744403308659503,7.343644772938408,7.805439059104518,10.446743570351215
160,8000,Sybil Attack,0.78,1.2832509374580472,0.3979541225793201,0.5759741081835746,1.2832509374580472,0.3979541225793201,0.5759741081835746,1.6812050600373674,1.859225045641622,0.9739282307628947,2.257179168220942,3.3971526985466935,4.595141236585759,1.8057447670765279,3.3971526985466935,4.595141236585759,1.8057447670765279,7.9922939351324525,5.202897465623222,6.400886003662286,9.79803870220898
161,8050,Blackhole Attack,0.76,1.310275345741677,0.30567460175647515,0.6163722449917397,1.310275345741677,0.30567460175647515,0.6163722449917397,1.615949947498152,1.9266475907334166,0.9220468467482148,2.2323221924898915,3.518655636713772,3.0605881766375167,2.1016586029624698,3.518655636713772,3.0605881766375167,2.1016586029624698,6.5792438133512885,5.620314239676242,5.162246779599986,8.680902416313758
162,8100,Flooding Attack,0.8,1.1953386033566866,0.3886214747438267,0.4347031271657705,1.1953386033566866,0.3886214747438267,0.4347031271657705,1.5839600781005134,1.630041730522457,0.8233246019095972,2.018663205266284,3.001894945543028,4.439944903036633,0.7709436303097633,3.001894945543028,4.439944903036633,0.7709436303097633,7.441839848579661,3.7728385758527914,5.210888533346396,8.212783478889424
163,8150,Normal Traffic,0.72,1.4383284174934217,0.3635029146605856,0.43609384801548745,1.4383284174934217,0.3635029146605856,0.43609384801548745,1.8018313321540074,1.8744222655089091,0.799596762676073,2.237925180169495,4.094387926422463,4.022238320974615,0.7811305739116556,4.094387926422463,4.022238320974615,0.7811305739116556,8.116626247397079,4.875518500334119,4.803368894886271,8.897756821308734
164,8200,Wormhole Attack,0.78,1.33570919178611,0.3847905452827698,0.4297145678724983,1.33570919178611,0.3847905452827698,0.4297145678724983,1.7204997370688797,1.7654237596586082,0.8145051131552681,2.150214304941378,3.6330073365124944,4.3762388448073475,0.7344027442033952,3.6330073365124944,4.3762388448073475,0.7344027442033952,8.009246181319842,4.3674100807158895,5.110641589010743,8.743648925523237
165,8250,Flooding Attack,0.8,1.0816887969150144,0.34341555760523745,0.4007227597237395,1.0816887969150144,0.34341555760523745,0.4007227597237395,1.425104354520252,1.482411556638754,0.744138317328977,1.8258271142439915,2.49092037544864,3.6881976263470997,0.522039555294283,2.49092037544864,3.6881976263470997,0.522039555294283,6.1791180017957394,3.012959930742923,4.210237181641383,6.701157557090022
166,8300,Sybil Attack,0.76,1.1094604850296461,0.3974839377587782,0.4832408151772054,1.1094604850296461,0.3974839377587782,0.4832408151772054,1.5069444227884243,1.5927013002068515,0.8807247529359836,1.9901852379656297,2.6157831168775254,4.5873223451495,1.1264791717804736,2.6157831168775254,4.5873223451495,1.1264791717804736,7.203105462027025,3.742262288657999,5.7138015169299745,8.3295846338075
167,8350,Blackhole Attack,0.82,1.4189374537522335,0.42903585704630787,0.4690943179559717,1.4189374537522335,0.42903585704630787,0.4690943179559717,1.8479733107985412,1.8880317717082051,0.8981301750022795,2.317067628754513,4.00720529345903,5.112011830510721,1.022856960762093,4.00720529345903,5.112011830510721,1.022856960762093,9.11921712396975,5.030062254221123,6.134868791272814,10.142074084731844
168,8400,Flooding Attack,0.78,1.2044846409556347,0.36519327831648896,0.5927141204478837,1.2044846409556347,0.36519327831648896,0.5927141204478837,1.5696779192721237,1.7971987614035183,0.9579073987643727,2.1623920397200074,3.043015936211746,4.050348054287725,1.9283643142460454,3.043015936211746,4.050348054287725,1.9283643142460454,7.093363990499471,4.971380250457791,5.97871236853377,9.021728304745515
169,8450,Sybil Attack,0.76,1.1668777654900004,0.35723200692765267,0.468337424847722,1.1668777654900004,0.35723200692765267,0.468337424847722,1.524109772417653,1.6352151903377226,0.8255694317753747,1.992447197265375,2.8739337562653344,3.917956888166795,1.0173127658879242,2.8739337562653344,3.917956888166795,1.0173127658879242,6.791890644432129,3.8912465221532586,4.93526965405472,7.809203410320054
170,8500,Blackhole Attack,0.8,1.0348538478425793,0.22599174133465502,0.5110761163863808,1.0348538478425793,0.22599174133465502,0.5110761163863808,1.2608455891772343,1.5459299642289601,0.7370678577210359,1.7719217055636152,2.2803483673039344,1.7355100206674934,1.3303710193912006,2.2803483673039344,1.7355100206674934,1.3303710193912006,4.015858387971428,3.610719386695135,3.065881040058694,5.346229407362628
171,8550,Normal Traffic,0.76,1.3036255571774196,0.385600380574688,0.4316777936494645,1.3036255571774196,0.385600380574688,0.4316777936494645,1.6892259377521075,1.735303350826884,0.8172781742241525,2.120903731401572,3.4887578924128713,4.389705919778975,0.7487832507384099,3.4887578924128713,4.389705919778975,0.7487832507384099,7.878463812191846,4.237541143151281,5.138489170517385,8.627247062930255
172,8600,Sybil Attack,0.8,1.3818201117469349,0.35565745221229583,0.5476565593598439,1.3818201117469349,0.35565745221229583,0.5476565593598439,1.7374775639592306,1.9294766711067788,0.9033140115721398,2.2851341233190743,3.840324077660941,3.891772988045062,1.5983204857264048,3.840324077660941,3.891772988045062,1.5983204857264048,7.732097065706004,5.438644563387346,5.490093473771467,9.330417551432408
173,8650,Sybil Attack,0.76,1.5703906436391988,0.42971816595109713,0.5735907810483656,1.5703906436391988,0.42971816595109713,0.5735907810483656,2.000108809590296,2.1439814246875644,1.0033089469994627,2.573699590638662,4.688145552091442,5.123358218185235,1.788287044258771,4.688145552091442,5.123358218185235,1.788287044258771,9.811503770276676,6.476432596350214,6.911645262444006,11.599790814535448
174,8700,Normal Traffic,0.74,1.459213656106151,0.3525021583522775,0.4837420887476378,1.459213656106151,0.3525021583522775,0.4837420887476378,1.8117158144584287,1.9429557448537889,0.8362442470999153,2.2954579032060662,4.1882888854789595,3.8393023444531593,1.1301509694616207,4.1882888854789595,3.8393023444531593,1.1301509694616207,8.027591229932119,5.31843985494058,4.96945331391478,9.15774219939374
175,8750,Normal Traffic,0.72,1.482110077265002,0.369718495979746,0.4527419187361282,1.482110077265002,0.369718495979746,0.4527419187361282,1.851828573244748,1.9348519960011301,0.8224604147158742,2.304570491980876,4.291232210458121,4.1255997087194185,0.903076655000463,4.291232210458121,4.1255997087194185,0.903076655000463,8.41683191917754,5.194308865458584,5.028676363719882,9.319908574178003
176,8800,Normal Traffic,0.66,1.2320826974435086,0.35706817332308394,0.49080331948830924,1.2320826974435086,0.35706817332308394,0.49080331948830924,1.5891508707665927,1.7228860169318179,0.8478714928113932,2.079954190254902,3.1670980221462206,3.9152324336294124,1.1818740448220046,3.1670980221462206,3.9152324336294124,1.1818740448220046,7.082330455775633,4.3489720669682255,5.097106478451417,8.264204500597637
177,8850,Blackhole Attack,0.76,1.2604163113431803,0.3492374328371028,0.8413095914396368,1.2604163113431803,0.3492374328371028,0.8413095914396368,1.6096537441802832,2.101725902782817,1.1905470242767395,2.45096333561992,3.294487206825875,3.7850119180992965,3.74931065527071,3.294487206825875,3.7850119180992965,3.74931065527071,7.079499124925171,7.043797862096585,7.534322573370007,10.828809780195881
178,8900,Normal Traffic,0.7,1.2443583123134825,0.2731922675290914,0.6370553094825873,1.2443583123134825,0.2731922675290914,0.6370553094825873,1.517550579842574,1.8814136217960697,0.9102475770116787,2.154605889325161,3.2222897310212235,2.5204264491120174,2.253160762094868,3.2222897310212235,2.5204264491120174,2.253160762094868,5.742716180133241,5.475450493116091,4.773587211206886,7.99587694222811
179,8950,Sybil Attack,0.78,1.3035113399382119,0.35452447159256517,0.6329711554459339,1.3035113399382119,0.35452447159256517,0.6329711554459339,1.6580358115307772,1.9364824953841457,0.987495627038499,2.291006966976711,3.4882443666398952,3.8729322001717974,2.223244588161547,3.4882443666398952,3.8729322001717974,2.223244588161547,7.361176566811693,5.7114889548014425,6.096176788333344,9.58442115497324
180,9000,Blackhole Attack,0.76,1.2081000750898783,0.3330520820879159,0.7716563366982356,1.2081000750898783,0.3330520820879159,0.7716563366982356,1.5411521571777942,1.979756411788114,1.1047084187861516,2.31280849387603,3.0592710884226544,3.5158592469862544,3.2391049027048435,3.0592710884226544,3.5158592469862544,3.2391049027048435,6.575130335408909,6.298375991127498,6.754964149691098,9.814235238113753
181,9050,Normal Traffic,0.74,1.3697443084911347,0.3636920697135674,0.621977699349812,1.3697443084911347,0.3636920697135674,0.621977699349812,1.733436378204702,1.9917220078409468,0.9856697690633793,2.355414077554514,3.786030730664845,4.025383856005243,2.1427182069946404,3.786030730664845,4.025383856005243,2.1427182069946404,7.811414586670088,5.928748937659485,6.168102062999884,9.954132793664728
182,9100,Blackhole Attack,0.76,1.221915284588167,0.3539894822806571,0.5360093575833963,1.221915284588167,0.3539894822806571,0.5360093575833963,1.575904766868824,1.757924642171563,0.8899988398640534,2.11191412445222,3.1213848830270905,3.864035648929358,1.5130054581702437,3.1213848830270905,3.864035648929358,1.5130054581702437,6.985420531956448,4.634390341197334,5.377041107099602,8.498425990126691
183,9150,Wormhole Attack,0.82,1.376277210947785,0.3654093966498624,0.5245351008187458,1.376277210947785,0.3654093966498624,0.5245351008187458,1.7416866075976474,1.9008123117665308,0.8899444974686082,2.266221708416393,3.8154029498420825,4.05394197249224,1.4289572420534624,3.8154029498420825,4.05394197249224,1.4289572420534624,7.869344922334323,5.244360191895545,5.482899214545702,9.298302164387785
184,9200,Wormhole Attack,0.82,1.3037079601857275,0.3761272801846088,0.44029220228681415,1.3037079601857275,0.3761272801846088,0.44029220228681415,1.6798352403703363,1.7440001624725416,0.8164194824714229,2.1201274426571506,3.489128379992771,4.232173944524135,0.8118832574508953,3.489128379992771,4.232173944524135,0.8118832574508953,7.7213023245169055,4.301011637443667,5.04405720197503,8.533185581967802
185,9250,Blackhole Attack,0.8,1.2329922416378802,0.3418347450434926,0.7729455813326753,1.2329922416378802,0.3418347450434926,0.7729455813326753,1.5748269866813729,2.0059378229705556,1.114780326376168,2.347772568014048,3.1711873731821103,3.661909661994887,3.248548539350366,3.1711873731821103,3.661909661994887,3.248548539350366,6.833097035176998,6.419735912532476,6.910458201345254,10.081645574527364
186,9300,Wormhole Attack,0.8,1.2395755649994988,0.30069827970579616,0.6506286810623869,1.2395755649994988,0.30069827970579616,0.6506286810623869,1.540273844705295,1.8902042460618858,0.9513269607681831,2.190902525767682,3.2007862869842367,2.9778349269233413,2.3525848634873836,3.2007862869842367,2.9778349269233413,2.3525848634873836,6.178621213907578,5.55337115047162,5.3304197904107244,8.53120607739496
187,9350,Wormhole Attack,0.82,1.2524451061419852,0.33535301030881526,0.5324564808998979,1.2524451061419852,0.33535301030881526,0.5324564808998979,1.5877981164508004,1.7849015870418832,0.8678094912087132,2.1202545973506983,3.258648314720896,3.5541223026525364,1.4869808577577013,3.258648314720896,3.5541223026525364,1.4869808577577013,6.812770617373433,4.745629172478598,5.041103160410238,8.299751475131135
188,9400,Blackhole Attack,0.82,1.3426097392827252,0.3081770630143882,0.8323104207653754,1.3426097392827252,0.3081770630143882,0.8323104207653754,1.6507868022971133,2.1749201600481007,1.1404874837797636,2.483097223062489,3.664032504094355,3.1022026057816015,3.6833922906030914,3.664032504094355,3.1022026057816015,3.6833922906030914,6.766235109875956,7.347424794697446,6.785594896384692,10.449627400479049
189,9450,Blackhole Attack,0.78,1.0417716686733347,0.336230802750277,0.4519755871040819,1.0417716686733347,0.336230802750277,0.4519755871040819,1.3780024714236117,1.4937472557774165,0.788206389854359,1.8299780585276935,2.311451196562156,3.568719464244116,0.8974633235273711,2.311451196562156,3.568719464244116,0.8974633235273711,5.880170660806272,3.208914520089527,4.466182787771487,6.777633984333643
190,9500,Normal Traffic,0.7,1.2982506166376124,0.3685606440706842,0.6298275483383491,1.2982506166376124,0.3685606440706842,0.6298275483383491,1.6668112607082965,1.9280781649759615,0.9983881924090332,2.2966388090466454,3.4645919213690015,4.106345326228326,2.200217861900852,3.4645919213690015,4.106345326228326,2.200217861900852,7.570937247597328,5.664809783269853,6.306563188129179,9.77115510949818
191,9550,Blackhole Attack,0.76,1.3141019289948384,0.372598665194298,0.5292167998700655,1.3141019289948384,0.372598665194298,0.5292167998700655,1.6867005941891364,1.843318728864904,0.9018154650643635,2.215917394059202,3.5358601247277313,4.173495194542806,1.463250396000592,3.5358601247277313,4.173495194542806,1.463250396000592,7.7093553192705375,4.9991105207283235,5.636745590543398,9.17260571527113
192,9600,Flooding Attack,0.76,1.0582863014715087,0.3436013504790402,0.6871008758953571,1.0582863014715087,0.3436013504790402,0.6871008758953571,1.401887651950549,1.7453871773668657,1.0307022263743972,2.088988527845906,2.385701718041438,3.6912872503554204,2.619741418935809,2.385701718041438,3.6912872503554204,2.619741418935809,6.076988968396858,5.005443136977247,6.311028669291229,8.696730387332668
193,9650,Sybil Attack,0.78,1.388489563228106,0.33345110803322436,0.7536115790192707,1.388489563228106,0.33345110803322436,0.7536115790192707,1.7219406712613303,2.142101142247377,1.087062687052495,2.475552250280601,3.8703102273083303,3.5224948090255,3.1069281766402,3.8703102273083303,3.5224948090255,3.1069281766402,7.39280503633383,6.9772384039485305,6.6294229856657,10.49973321297403
194,9700,Blackhole Attack,0.8,1.3891557258030884,0.2816446437791487,0.8627514998410302,1.3891557258030884,0.2816446437791487,0.8627514998410302,1.670800369582237,2.2519072256441186,1.1443961436201788,2.5335518694232673,3.8733053237895487,2.6609843943928544,3.9063712987825885,3.8733053237895487,2.6609843943928544,3.9063712987825885,6.534289718182404,7.779676622572137,6.567355693175443,10.440661016964992
195,9750,Wormhole Attack,0.8,1.1911329729052165,0.30644913531336954,0.741862860851883,1.1911329729052165,0.30644913531336954,0.741862860851883,1.497582108218586,1.9329958337570994,1.0483119961652525,2.239444969070469,2.9829862445148505,3.0734682049381257,3.020869547843442,2.9829862445148505,3.0734682049381257,3.020869547843442,6.056454449452977,6.0038557923582925,6.094337752781568,9.077323997296418
196,9800,Wormhole Attack,0.84,1.2110894733353674,0.3856067463725278,0.5331131943529215,1.2110894733353674,0.3856067463725278,0.5331131943529215,1.596696219707895,1.744202667688289,0.9187199407254493,2.1298094140608166,3.0727115555132314,4.389811779177323,1.4917912428971174,3.0727115555132314,4.389811779177323,1.4917912428971174,7.4625233346905535,4.564502798410349,5.88160302207444,8.95431457758767
197,9850,Wormhole Attack,0.72,1.3345950229334629,0.377355048306102,0.4548216173897024,1.3345950229334629,0.377355048306102,0.4548216173897024,1.7119500712395648,1.7894166403231653,0.8321766656958044,2.166771688629267,3.62799798393796,4.252590991675488,0.9183103181020145,3.62799798393796,4.252590991675488,0.9183103181020145,7.880588975613448,4.546308302039975,5.170901309777502,8.798899293715463
198,9900,Sybil Attack,0.78,0.9988177442447873,0.31926777184186883,0.635420434877539,0.9988177442447873,0.31926777184186883,0.635420434877539,1.318085516086656,1.6342381791223262,0.9546882067194078,1.953505950964195,2.118328447338573,3.2866344387218533,2.241185407442507,2.118328447338573,3.2866344387218533,2.241185407442507,5.404962886060426,4.3595138547810794,5.527819846164361,7.646148293502933
199,9950,Sybil Attack,0.84,1.3669749103627094,0.347952952514569,0.7197626246885865,1.3669749103627094,0.347952952514569,0.7197626246885865,1.7149278628772784,2.086737535051296,1.0677155772031555,2.434690487565865,3.7735793938575215,3.763651781074185,2.858986694480153,3.7735793938575215,3.763651781074185,2.858986694480153,7.537231174931707,6.632566088337675,6.622638475554338,10.39621786941186
200,10000,Blackhole Attack,0.78,1.3582181348914413,0.3157946919533484,0.5635200972473633,1.3582181348914413,0.3157946919533484,0.5635200972473633,1.6740128268447898,1.9217382321388046,0.8793147892007117,2.237532924092153,3.734208542978504,3.2288792041600556,1.7145199126779234,3.734208542978504,3.2288792041600556,1.7145199126779234,6.96308774713856,5.448728455656427,4.943399116837979,8.677607659816482
201,10050,Normal Traffic,0.72,1.1735374473961797,0.39577706885003466,0.5957818897366257,1.1735374473961797,0.39577706885003466,0.5957818897366257,1.5693145162462143,1.7693193371328055,0.9915589585866604,2.16509640598284,2.903875981470283,4.558938139385457,1.9508355332073428,2.903875981470283,4.558938139385457,1.9508355332073428,7.46281412085574,4.854711514677626,6.5097736725928,9.413649654063082
202,10100,Normal Traffic,0.7,1.398826613450029,0.28631213837034997,0.6077792717989636,1.398826613450029,0.28631213837034997,0.6077792717989636,1.6851387518203789,2.0066058852489927,0.8940914101693136,2.2929180236193423,3.9167860635509726,2.7386020287645163,2.03871560954636,3.9167860635509726,2.7386020287645163,2.03871560954636,6.655388092315489,5.9555016730973325,4.777317638310876,8.694103701861849
203,10150,Blackhole Attack,0.82,1.393219639801612,0.35969719676260137,0.7444153797735344,1.393219639801612,0.35969719676260137,0.7444153797735344,1.7529168365642134,2.1376350195751463,1.104112576536136,2.497332216337748,3.8915768613601984,3.9589515159113002,3.0395665899586284,3.8915768613601984,3.9589515159113002,3.0395665899586284,7.850528377271498,6.931143451318826,6.998518105869929,10.890094967230127
204,10200,Blackhole Attack,0.86,1.2825581174539569,0.3124489334695078,0.40247629951693914,1.2825581174539569,0.3124489334695078,0.40247629951693914,1.5950070509234646,1.685034416970896,0.714925232986447,1.9974833504404037,3.3940377490819578,3.1732412481602412,0.5348841250586854,3.3940377490819578,3.1732412481602412,0.5348841250586854,6.567278997242199,3.9289218741406433,3.7081253732189268,7.102163122300884
205,10250,Blackhole Attack,0.76,1.3813191813357362,0.29644173739945645,0.8427006276829636,1.3813191813357362,0.29644173739945645,0.8427006276829636,1.6777609187351925,2.2240198090187,1.13914236508242,2.520461546418156,3.838071872316088,2.9070511824614207,3.75949990911115,3.838071872316088,2.9070511824614207,3.75949990911115,6.745123054777508,7.597571781427238,6.66655109157257,10.504622963888657
206,10300,Blackhole Attack,0.8,1.3063811833047831,0.3633522537154536,0.6910967065319866,1.3063811833047831,0.3633522537154536,0.6910967065319866,1.6697334370202368,1.9974778898367698,1.0544489602474403,2.3608301435522234,3.501147309692637,4.019732919859552,2.649010629465257,3.501147309692637,4.019732919859552,2.649010629465257,7.520880229552189,6.150157939157894,6.668743549324809,10.169890859017446
207,10350,Wormhole Attack,0.82,1.435352301380601,0.28832670122631626,0.7471464006577363,1.435352301380601,0.28832670122631626,0.7471464006577363,1.7236790026069173,2.1824987020383375,1.0354731018840526,2.4708254032646537,4.081007176389423,2.7721030002424243,3.059571147831343,4.081007176389423,2.7721030002424243,3.059571147831343,6.853110176631847,7.140578324220765,5.831674148073768,9.91268132446319
208,10400,Blackhole Attack,0.86,1.400699077842107,0.37101302677202025,0.705503517353781,1.400699077842107,0.37101302677202025,0.705503517353781,1.771712104614127,2.106202595195888,1.0765165441258013,2.477215621967908,3.925204746500953,4.147126979025637,2.75453962139388,3.925204746500953,4.147126979025637,2.75453962139388,8.07233172552659,6.679744367894833,6.901666600419517,10.82687134692047
209,10450,Sybil Attack,0.76,1.3684372236570523,0.33865099524691733,0.3861200212640031,1.3684372236570523,0.33865099524691733,0.3861200212640031,1.7070882189039698,1.7545572449210554,0.7247710165109205,2.093208240167973,3.7801540192820156,3.608965813252722,0.41507540562126144,3.7801540192820156,3.608965813252722,0.41507540562126144,7.389119832534737,4.195229424903277,4.024041218873983,7.804195238155999
210,10500,Sybil Attack,0.76,1.2680195875351687,0.35676714929450837,0.5554553102151735,1.2680195875351687,0.35676714929450837,0.5554553102151735,1.6247867368296771,1.823474897750342,0.9122224595096818,2.1802420470448505,3.3286718737879264,3.910226584660437,1.6554458499895632,3.3286718737879264,3.910226584660437,1.6554458499895632,7.2388984584483635,4.98411772377749,5.565672434650001,8.894344308437926
211,10550,Sybil Attack,0.78,1.383528170718767,0.36229287197610704,0.5500413713545741,1.383528170718767,0.36229287197610704,0.5500413713545741,1.7458210426948741,1.9335695420733412,0.9123342433306811,2.295862414049448,3.8480035865501683,4.002116037204857,1.6157890850476682,3.8480035865501683,4.002116037204857,1.6157890850476682,7.850119623755026,5.463792671597837,5.617905122252525,9.465908708802694
212,10600,Wormhole Attack,0.82,1.2628877757861172,0.3479955667904399,0.6344766761002014,1.2628877757861172,0.3479955667904399,0.6344766761002014,1.6108833425765572,1.8973644518863186,0.9824722428906414,2.2453600186767586,3.305599020569978,3.76436043091168,2.2342724331813644,3.305599020569978,3.76436043091168,2.2342724331813644,7.069959451481658,5.539871453751342,5.998632864093045,9.304231884663022
213,10650,Sybil Attack,0.72,1.3252886396968147,0.41930017686788473,0.525398992888584,1.3252886396968147,0.41930017686788473,0.525398992888584,1.7445888165646994,1.8506876325853987,0.9446991697564688,2.2699878094532835,3.5861560721708647,4.950113310933904,1.4352851976567422,3.5861560721708647,4.950113310933904,1.4352851976567422,8.53626938310477,5.021441269827607,6.385398508590646,9.971554580761513
214,10700,Sybil Attack,0.78,1.368390549258447,0.39221815366666873,0.5890174989136121,1.368390549258447,0.39221815366666873,0.5890174989136121,1.7606087029251156,1.957408048172059,0.9812356525802808,2.3496262018387277,3.779944169115891,4.499755515374926,1.9012867917548644,3.779944169115891,4.499755515374926,1.9012867917548644,8.279699684490817,5.681230960870756,6.40104230712979,10.180986476245682
215,10750,Wormhole Attack,0.9,1.3884141280409328,0.34129926625861423,0.8324725925044297,1.3884141280409328,0.34129926625861423,0.8324725925044297,1.729713394299547,2.2208867205453626,1.173771858763044,2.5621859868039767,3.869971067361273,3.6530049711106556,3.6845801884906533,3.869971067361273,3.6530049711106556,3.6845801884906533,7.522976038471929,7.554551255851926,7.337585159601309,11.207556226962582
216,10800,Blackhole Attack,0.74,1.2212786914909777,0.352632728462199,0.45182181565272456,1.2212786914909777,0.352632728462199,0.45182181565272456,1.5739114199531767,1.6731005071437022,0.8044545441149236,2.0257332356059012,3.1185227322294273,3.8414736470339617,0.89633695722397,3.1185227322294273,3.8414736470339617,0.89633695722397,6.959996379263389,4.014859689453397,4.737810604257931,7.856333336487359
217,10850,Sybil Attack,0.84,1.1889605902901417,0.3693843529389528,0.6314508644296335,1.1889605902901417,0.3693843529389528,0.6314508644296335,1.5583449432290943,1.8204114547197752,1.0008352173685862,2.1897958076587276,2.9732191159329986,4.120043110449971,2.212108551159824,2.9732191159329986,4.120043110449971,2.212108551159824,7.093262226382969,5.185327667092823,6.332151661609795,9.305370777542795
218,10900,Sybil Attack,0.82,1.286936462087332,0.3380823655642852,0.6092591662913168,1.286936462087332,0.3380823655642852,0.6092591662913168,1.6250188276516173,1.8961956283786487,0.947341531855602,2.2342779939429342,3.413722980731799,3.599509842830686,2.0495557445263026,3.413722980731799,3.599509842830686,2.0495557445263026,7.013232823562484,5.463278725258101,5.649065587356988,9.062788568088788
219,10950,Blackhole Attack,0.82,1.1606125795334687,0.4054510652528479,0.5290280375585322,1.1606125795334687,0.4054510652528479,0.5290280375585322,1.5660636447863165,1.6896406170920009,0.9344791028113801,2.0950916823448487,2.8457652023457713,4.719810894786569,1.4618677238258388,2.8457652023457713,4.719810894786569,1.4618677238258388,7.5655760971323405,4.30763292617161,6.181678618612408,9.02744382095818
220,11000,Normal Traffic,0.76,1.2056502120857746,0.29245185052630557,0.6787273153955197,1.2056502120857746,0.29245185052630557,0.6787273153955197,1.4981020626120802,1.8843775274812944,0.9711791659218252,2.1768293780076,3.0482563957055624,2.8407017578497005,2.5584056098291605,3.0482563957055624,2.8407017578497005,2.5584056098291605,5.888958153555263,5.606662005534723,5.399107367678861,8.447363763384423
221,11050,Blackhole Attack,0.88,1.1934057035306282,0.3451868618256153,0.9092376182847592,1.1934057035306282,0.3451868618256153,0.9092376182847592,1.5385925653562436,2.1026433218153873,1.2544244801103746,2.4478301836410026,2.9932045422015796,3.7176533526799043,4.246879220953688,2.9932045422015796,3.7176533526799043,4.246879220953688,6.710857894881483,7.240083763155267,7.964532573633592,10.957737115835172
222,11100,Flooding Attack,0.82,1.1021838670676731,0.41129482402671086,0.5899692697003899,1.1021838670676731,0.41129482402671086,0.5899692697003899,1.513478691094384,1.692153136768063,1.0012640937271007,2.103447960794774,2.5830671198048116,4.816989096711202,1.908258453486122,2.5830671198048116,4.816989096711202,1.908258453486122,7.400056216516013,4.491325573290934,6.725247550197324,9.308314670002135
223,11150,Blackhole Attack,0.82,1.180508078725194,0.28818809172526944,0.6265200959728445,1.180508078725194,0.28818809172526944,0.6265200959728445,1.4686961704504635,1.8070281746980386,0.914708187698114,2.095216266423308,2.935216249070805,2.7697980074111586,2.175990979331142,2.935216249070805,2.7697980074111586,2.175990979331142,5.705014256481963,5.1112072284019465,4.945788986742301,7.881005235813105
224,11200,Blackhole Attack,0.8,1.396130471191273,0.3678153700741117,0.7519202374680828,1.396130471191273,0.3678153700741117,0.7519202374680828,1.7639458412653846,2.1480507086593557,1.1197356075421945,2.5158660787334672,3.9046640883825576,4.093951866858986,3.094539205124461,3.9046640883825576,4.093951866858986,3.094539205124461,7.998615955241544,6.999203293507019,7.188491071983448,11.093155160366004
225,11250,Wormhole Attack,0.84,1.1690363029754212,0.3038793462709673,0.4942542020515193,1.1690363029754212,0.3038793462709673,0.4942542020515193,1.4729156492463884,1.6632905050269404,0.7981335483224866,1.9671698512979077,2.8836386365302342,3.0307341551372997,1.20715154465623,2.8836386365302342,3.0307341551372997,1.20715154465623,5.9143727916675335,4.090790181186464,4.23788569979353,7.1215243363237635
226,11300,Normal Traffic,0.74,1.1326286781609258,0.32769754233761883,0.4957044085729639,1.1326286781609258,0.32769754233761883,0.4957044085729639,1.4603262204985445,1.6283330867338897,0.8234019509105828,1.9560306290715084,2.7199483406977274,3.4268164638728997,1.217774217098409,2.7199483406977274,3.4268164638728997,1.217774217098409,6.146764804570627,3.9377225577961363,4.644590680971309,7.364539021669036
227,11350,Sybil Attack,0.8,1.42538255806471,0.4239401323318838,0.5571355864352986,1.42538255806471,0.4239401323318838,0.5571355864352986,1.8493226903965938,1.9825181445000086,0.9810757187671824,2.4064582768318923,4.036182768286244,5.027272986144752,1.6677537686444814,4.036182768286244,5.027272986144752,1.6677537686444814,9.063455754430995,5.703936536930725,6.695026754789233,10.731209523075476
228,11400,Blackhole Attack,0.78,1.3257974415469522,0.33177135545576336,0.7158901072794261,1.3257974415469522,0.33177135545576336,0.7158901072794261,1.6575687970027155,2.0416875488263786,1.0476614627351895,2.373458904282142,3.588443667854283,3.494561531579822,2.830620745661243,3.588443667854283,3.494561531579822,2.830620745661243,7.083005199434105,6.419064413515526,6.3251822772410655,9.913625945095347
229,11450,Normal Traffic,0.72,1.3707322015889656,0.3450237527031353,0.6846245412113838,1.3707322015889656,0.3450237527031353,0.6846245412113838,1.7157559542921008,2.0553567428003494,1.029648293914519,2.4003804955034846,3.790472341845436,3.714940945844939,2.6016024216164126,3.790472341845436,3.714940945844939,2.6016024216164126,7.505413287690375,6.392074763461848,6.316543367461351,10.107015709306788
230,11500,Sybil Attack,0.8,1.3906885776792552,0.34745843922405617,0.6791683156901193,1.3906885776792552,0.34745843922405617,0.6791683156901193,1.7381470169033113,2.0698568933693746,1.0266267549141754,2.4173153325934305,3.880197093806286,3.7554283217803475,2.561635909519007,3.880197093806286,3.7554283217803475,2.561635909519007,7.635625415586634,6.441833003325293,6.317064231299355,10.197261325105641
231,11550,Wormhole Attack,0.84,1.222907511932702,0.37942163564144216,0.5049745759854637,1.222907511932702,0.37942163564144216,0.5049745759854637,1.6023291475741441,1.7278820879181658,0.8843962116269058,2.1073037235596077,3.1258459811730863,4.286957099028654,1.285677615994351,3.1258459811730863,4.286957099028654,1.285677615994351,7.412803080201741,4.411523597167437,5.572634715023005,8.698480696196091
232,11600,Sybil Attack,0.76,1.1601565389439532,0.37611959524253724,0.7709163243393831,1.1601565389439532,0.37611959524253724,0.7709163243393831,1.5362761341864903,1.9310728632833363,1.1470359195819202,2.3071924585258734,2.8437148236300547,4.232046148548752,3.2336843582685764,2.8437148236300547,4.232046148548752,3.2336843582685764,7.0757609721788075,6.077399181898631,7.465730506817328,10.309445330447383
233,11650,Sybil Attack,0.74,1.1774648998432073,0.35513960959414576,0.600809527118361,1.1774648998432073,0.35513960959414576,0.600809527118361,1.532604509437353,1.7782744269615685,0.9559491367125068,2.133414036555714,2.921533981853381,3.8831615760311293,1.9876626638776895,2.921533981853381,3.8831615760311293,1.9876626638776895,6.804695557884511,4.90919664573107,5.870824239908819,8.7923582217622
234,11700,Blackhole Attack,0.8,1.3181530065568252,0.3688002598402793,0.5457339358757776,1.3181530065568252,0.3688002598402793,0.5457339358757776,1.6869532663971045,1.8638869424326028,0.9145341957160569,2.2326872022728823,3.5540739491104207,4.110329992697824,1.584237388457932,3.5540739491104207,4.110329992697824,1.584237388457932,7.664403941808244,5.138311337568353,5.694567381155755,9.248641330266176
235,11750,Wormhole Attack,0.78,1.278793505255295,0.3266189099701137,0.6053421249992134,1.278793505255295,0.3266189099701137,0.6053421249992134,1.6054124152254088,1.8841356302545083,0.931961034969327,2.210754540224622,3.377111885677425,3.4088794548230608,2.020863661038044,3.377111885677425,3.4088794548230608,2.020863661038044,6.785991340500486,5.397975546715469,5.429743115861105,8.80685500153853
236,11800,Blackhole Attack,0.86,1.1425264254381178,0.3799542407195763,0.6287737143585905,1.1425264254381178,0.3799542407195763,0.6287737143585905,1.5224806661576942,1.7713001397967083,1.0087279550781667,2.151254380516285,2.764449051417914,4.295814001894065,2.1924985936381067,2.764449051417914,4.295814001894065,2.1924985936381067,7.06026305331198,4.956947645056021,6.488312595532172,9.252761646950086
237,11850,Blackhole Attack,0.7,1.1834568189272103,0.33380130515000317,0.8691713369334135,1.1834568189272103,0.33380130515000317,0.8691713369334135,1.5172581240772134,2.052628155860624,1.2029726420834166,2.3864294610106267,2.948473915794757,3.5283183769455113,3.9533962056190357,2.948473915794757,3.5283183769455113,3.9533962056190357,6.476792292740268,6.9018701214137925,7.481714582564547,10.430188498359303
238,11900,Normal Traffic,0.68,1.2976907082316607,0.3648410077823936,0.5607177481494681,1.2976907082316607,0.3648410077823936,0.5607177481494681,1.6625317160140543,1.8584084563811287,0.9255587559318617,2.2232494641635223,3.4620745483440833,4.044490006681872,1.6939928800826458,3.4620745483440833,4.044490006681872,1.6939928800826458,7.506564555025955,5.156067428426729,5.738482886764517,9.200557435108601
239,11950,Wormhole Attack,0.84,1.2589946304294142,0.3719713262943244,0.6464003960084257,1.2589946304294142,0.3719713262943244,0.6464003960084257,1.6309659567237387,1.9053950264378399,1.0183717223027502,2.277366352732164,3.2880952663864877,4.1630629250642155,2.321612938829612,3.2880952663864877,4.1630629250642155,2.321612938829612,7.451158191450704,5.6097082052161,6.484675863893827,9.772771130280315
240,12000,Wormhole Attack,0.9,1.1893703731537397,0.35506133047267463,0.8086232359319534,1.1893703731537397,0.35506133047267463,0.8086232359319534,1.5444317036264144,1.9979936090856931,1.163684566404628,2.3530549395583678,2.9750615178614748,3.8818598412116105,3.5098851370756416,2.9750615178614748,3.8818598412116105,3.5098851370756416,6.856921359073086,6.484946654937117,7.391744978287252,10.366806496148728
241,12050,Normal Traffic,0.72,1.2782557292212406,0.28479835138491877,0.5795308671878207,1.2782557292212406,0.28479835138491877,0.5795308671878207,1.5630540806061595,1.8577865964090612,0.8643292185727394,2.14258494779398,3.374694020778121,2.7134286595284225,1.8317978052467332,3.374694020778121,2.7134286595284225,1.8317978052467332,6.088122680306544,5.206491826024854,4.545226464775156,7.919920485553277
242,12100,Wormhole Attack,0.78,1.2686500003863148,0.3688697806376324,0.6657676876477565,1.2686500003863148,0.3688697806376324,0.6657676876477565,1.6375197810239472,1.9344176880340713,1.034637468285389,2.3032874686717038,3.3315062379252876,4.111486081842598,2.4634771437787313,3.3315062379252876,4.111486081842598,2.4634771437787313,7.442992319767885,5.794983381704019,6.574963225621329,9.906469463546618
243,12150,Blackhole Attack,0.78,1.3769207569478534,0.37259562250025896,0.6099144557754338,1.3769207569478534,0.37259562250025896,0.6099144557754338,1.7495163794481123,1.9868352127232871,0.9825100782756928,2.359430835223546,3.81829636119945,4.1734445963666715,2.0543556991821714,3.81829636119945,4.1734445963666715,2.0543556991821714,7.991740957566122,5.872652060381622,6.2278002955488425,10.046096656748293
244,12200,Normal Traffic,0.76,1.3805211725908817,0.31783840954939324,0.6096654732559659,1.3805211725908817,0.31783840954939324,0.6096654732559659,1.698359582140275,1.9901866458468476,0.9275038828053591,2.308025055396241,3.834483989607789,3.262865001471481,2.0525319177351666,3.834483989607789,3.262865001471481,2.0525319177351666,7.09734899107927,5.887015907342956,5.3153969192066475,9.149880908814437
245,12250,Blackhole Attack,0.84,1.2338341324448794,0.29662630016777725,0.8298734374515248,1.2338341324448794,0.29662630016777725,0.8298734374515248,1.5304604326126565,2.0637075698964042,1.126499737619302,2.3603338700641814,3.1749725515879668,2.910120350553688,3.6655415396188076,3.1749725515879668,2.910120350553688,3.6655415396188076,6.085092902141655,6.840514091206774,6.575661890172496,9.750634441760463
246,12300,Wormhole Attack,0.82,1.1531161871418447,0.3610406687368268,0.6070507993812554,1.1531161871418447,0.3610406687368268,0.6070507993812554,1.5141568558786715,1.7601669865231,0.9680914681180821,2.121207655259927,2.8120610896904203,3.9812926487067353,2.0333795944601993,2.8120610896904203,3.9812926487067353,2.0333795944601993,6.793353738397156,4.84544068415062,6.014672243166935,8.826733332857355
247,12350,Sybil Attack,0.84,1.410560578074102,0.4431375059707505,0.5756518720063322,1.410560578074102,0.4431375059707505,0.5756518720063322,1.8536980840448525,1.9862124500804341,1.0187893779770827,2.4293499560511846,3.9695424888983895,5.346513790581175,1.8033844071489935,3.9695424888983895,5.346513790581175,1.8033844071489935,9.316056279479564,5.772926896047383,7.1498981977301685,11.119440686628558
248,12400,Blackhole Attack,0.84,1.3038882059480297,0.2950850363024732,0.8639694257911719,1.3038882059480297,0.2950850363024732,0.8639694257911719,1.5989732422505027,2.1678576317392015,1.159054462093645,2.4629426680416744,3.4899387729339235,2.884490057292515,3.915292530507776,3.4899387729339235,2.884490057292515,3.915292530507776,6.374428830226439,7.405231303441699,6.799782587800291,10.289721360734214
249,12450,Blackhole Attack,0.84,1.17475643321943,0.33237951220096956,0.8258498331290535,1.17475643321943,0.33237951220096956,0.8258498331290535,1.5071359454203996,2.0006062663484836,1.158229345330023,2.332985778549453,2.9093565957932483,3.504674813334676,3.636068888570478,2.9093565957932483,3.504674813334676,3.636068888570478,6.414031409127924,6.545425484363726,7.140743701905154,10.050100297698402
250,12500,Blackhole Attack,0.8,1.3465069856790288,0.36190831231496573,0.4875744533613622,1.3465069856790288,0.36190831231496573,0.4875744533613622,1.7084152979939946,1.834081439040391,0.849482765676328,2.1959897513553566,3.681554696733769,3.995721040790973,1.1582228015549147,3.681554696733769,3.995721040790973,1.1582228015549147,7.677275737524742,4.839777498288684,5.153943842345887,8.835498539079657
251,12550,Sybil Attack,0.78,1.1263285188401,0.41439878115288686,0.49137138508890266,1.1263285188401,0.41439878115288686,0.49137138508890266,1.5407272999929869,1.6176999039290028,0.9057701662417895,2.0320986850818894,2.69162254498124,4.868606041223362,1.1860350899638803,2.69162254498124,4.868606041223362,1.1860350899638803,7.560228586204602,3.87765763494512,6.054641131187243,8.746263676168482
252,12600,Blackhole Attack,0.86,1.2028138579214172,0.3607161947180738,0.46841308372931695,1.2028138579214172,0.3607161947180738,0.46841308372931695,1.563530052639491,1.6712269416507342,0.8291292784473907,2.031943136368808,3.0355040215912097,3.9758968404720245,1.0178669624831265,3.0355040215912097,3.9758968404720245,1.0178669624831265,7.011400862063234,4.053370984074336,4.993763802955151,8.029267824546361
253,12650,Blackhole Attack,0.84,1.1277732206320097,0.30178976261575896,0.7894343524900312,1.1277732206320097,0.30178976261575896,0.7894343524900312,1.4295629832477688,1.9172075731220408,1.0912241151057902,2.2189973357378,2.698117988309729,2.995985632783422,3.3693277610602275,2.698117988309729,2.995985632783422,3.3693277610602275,5.69410362109315,6.0674457493699565,6.36531339384365,9.063431382153379
254,12700,Blackhole Attack,0.9,1.0971828018800236,0.37537243524631475,0.7051677436384465,1.0971828018800236,0.37537243524631475,0.7051677436384465,1.4725552371263384,1.80235054551847,1.0805401788847613,2.177722980764785,2.560582108925495,4.219621326136906,2.752080099843019,2.560582108925495,4.219621326136906,2.752080099843019,6.7802034350624005,5.312662208768514,6.971701425979925,9.53228353490542
255,12750,Blackhole Attack,0.84,1.2288373462855136,0.3008837826156471,0.46423202424272186,1.2288373462855136,0.3008837826156471,0.46423202424272186,1.5297211289011607,1.6930693705282354,0.765115806858369,1.9939531531438826,3.1525067794095873,2.980919729005133,0.9872409621648248,3.1525067794095873,2.980919729005133,0.9872409621648248,6.13342650841472,4.139747741574412,3.968160691169958,7.120667470579545
256,12800,Blackhole Attack,0.84,1.367263678147455,0.3766399656622345,0.6199703900917546,1.367263678147455,0.3766399656622345,0.6199703900917546,1.7439036438096895,1.9872340682392096,0.9966103557539892,2.3638740339014443,3.774877706624497,4.240699596385634,2.1280147917064123,3.774877706624497,4.240699596385634,2.1280147917064123,8.015577303010131,5.9028924983309095,6.368714388092046,10.143592094716544
257,12850,Normal Traffic,0.74,1.1683324872374703,0.39668478056784146,0.556875511527066,1.1683324872374703,0.39668478056784146,0.556875511527066,1.5650172678053118,1.7252079987645363,0.9535602920949076,2.121892779332378,2.880474249758404,4.574032840589914,1.665848736140675,2.880474249758404,4.574032840589914,1.665848736140675,7.454507090348319,4.54632298589908,6.239881576730589,9.120355826488993
258,12900,Blackhole Attack,0.78,1.5939063567048837,0.37869669880144224,0.6797284786292215,1.5939063567048837,0.37869669880144224,0.6797284786292215,1.9726030555063259,2.2736348353341054,1.0584251774306637,2.6523315341355476,4.793873240949128,4.274901834370022,2.565739068157684,4.793873240949128,4.274901834370022,2.565739068157684,9.068775075319149,7.3596123091068115,6.840640902527706,11.634514143476833
259,12950,Flooding Attack,0.82,1.1569425766391326,0.3843457009592207,0.44528469722448805,1.1569425766391326,0.3843457009592207,0.44528469722448805,1.5412882775983534,1.6022272738636207,0.8296303981837088,1.9865729748228413,2.8292647065693792,4.368841350630786,0.8484529719073708,2.8292647065693792,4.368841350630786,0.8484529719073708,7.198106057200166,3.67771767847675,5.217294322538157,8.046559029107536
260,13000,Sybil Attack,0.8,1.4105810376193335,0.3554916278830934,0.5251469549946812,1.4105810376193335,0.3554916278830934,0.5251469549946812,1.7660726655024268,1.9357279926140147,0.8806385828777746,2.291219620497108,3.969634475921125,3.889015428951534,1.4334390357823084,3.969634475921125,3.889015428951534,1.4334390357823084,7.858649904872658,5.403073511703433,5.322454464733842,9.292088940654967
261,13050,Wormhole Attack,0.76,1.1461828567926349,0.31485159304133276,0.5937822079741423,1.1461828567926349,0.31485159304133276,0.5937822079741423,1.4610344498339676,1.739965064766777,0.9086338010154751,2.05481665780811,2.7808885289493857,3.213196035149611,1.936187988849108,2.7808885289493857,3.213196035149611,1.936187988849108,5.994084564098997,4.7170765177984935,5.149384023998719,7.930272552948105
262,13100,Flooding Attack,0.84,1.5312467452130207,0.3878487642796925,0.6562912223059465,1.5312467452130207,0.3878487642796925,0.6562912223059465,1.9190955094927133,2.187537967518967,1.044139986585639,2.57538673179866,4.512152848747948,4.427095191674699,2.394062625400042,4.512152848747948,4.427095191674699,2.394062625400042,8.939248040422648,6.90621547414799,6.821157817074741,11.33331066582269
263,13150,Blackhole Attack,0.76,1.4635176420576068,0.3725747703714594,0.5743891860942227,1.4635176420576068,0.3725747703714594,0.5743891860942227,1.8360924124290663,2.0379068281518293,0.9469639564656822,2.410481598523289,4.207639797197107,4.173097837976831,1.7941353114903067,4.207639797197107,4.173097837976831,1.7941353114903067,8.380737635173938,6.001775108687413,5.967233149467138,10.174872946664244
264,13200,Blackhole Attack,0.8,1.2403982629015082,0.31228015104593987,0.7935606019191087,1.2403982629015082,0.31228015104593987,0.7935606019191087,1.552678413947448,2.033958864820617,1.1058407529650487,2.3462390158665567,3.20448517323806,3.1704344977323875,3.3995522811211054,3.20448517323806,3.1704344977323875,3.3995522811211054,6.374919670970447,6.604037454359165,6.569986778853493,9.774471952091552
265,13250,Normal Traffic,0.7,1.4445107790672507,0.4049316988134421,0.6476257579326059,1.4445107790672507,0.4049316988134421,0.6476257579326059,1.8494424778806928,2.0921365369998566,1.052557456746048,2.4970682358132987,4.12218409824416,4.711174142539506,2.330588638601475,4.12218409824416,4.711174142539506,2.330588638601475,8.833358240783667,6.452772736845635,7.0417627811409815,11.163946879385142
266,13300,Blackhole Attack,0.86,1.4054336354769574,0.34981893968946437,0.7870180677133563,1.4054336354769574,0.34981893968946437,0.7870180677133563,1.7552525751664219,2.1924517031903137,1.1368370074028207,2.542270642879778,3.9464915276033605,3.7946820281271263,3.3516286255715286,3.9464915276033605,3.7946820281271263,3.3516286255715286,7.741173555730487,7.298120153174889,7.146310653698655,11.092802181302016
267,13350,Normal Traffic,0.68,1.1482668087052252,0.38921496336510253,0.6702993963954235,1.1482668087052252,0.38921496336510253,0.6702993963954235,1.5374817720703278,1.8185662051006486,1.0595143597605259,2.2077811684657513,2.790258069170994,4.449814262691976,2.4966716280938837,2.790258069170994,4.449814262691976,2.4966716280938837,7.24007233186297,5.286929697264878,6.946485890785859,9.736743959956854
268,13400,Wormhole Attack,0.7,1.0099111708137667,0.35783578506061015,0.5240708726258896,1.0099111708137667,0.35783578506061015,0.5240708726258896,1.367746955874377,1.5339820434396563,0.8819066576864998,1.8918178285002665,2.1682049851826304,3.927997356227292,1.4255567994556566,2.1682049851826304,3.927997356227292,1.4255567994556566,6.0962023414099225,3.593761784638287,5.353554155682948,7.521759140865579
269,13450,Sybil Attack,0.84,1.4608433660405755,0.36592115980422313,0.7152798736571729,1.4608433660405755,0.36592115980422313,0.7152798736571729,1.8267645258447986,2.1761232396977483,1.081201033461396,2.5420443995019717,4.195616133621247,4.062452286671273,2.826150822387182,4.195616133621247,4.062452286671273,2.826150822387182,8.25806842029252,7.021766956008429,6.8886031090584545,11.084219242679703
270,13500,Wormhole Attack,0.84,1.3737521750084132,0.40074634482389737,0.7770301557820479,1.3737521750084132,0.40074634482389737,0.7770301557820479,1.7744985198323104,2.150782330790461,1.1777765006059453,2.5515286756143585,3.804050276274129,4.641574217070101,3.2784677927806696,3.804050276274129,4.641574217070101,3.2784677927806696,8.44562449334423,7.082518069054799,7.9200420098507704,11.7240922861249
271,13550,Normal Traffic,0.72,1.3292699137919293,0.3377552275366393,0.7172422717138393,1.3292699137919293,0.3377552275366393,0.7172422717138393,1.6670251413285686,2.0465121855057684,1.0549974992504785,2.3842674130424077,3.6040560570707347,3.5940697337265948,2.840525265922555,3.6040560570707347,3.5940697337265948,2.840525265922555,7.198125790797329,6.44458132299329,6.43459499964915,10.038651056719884
272,13600,Wormhole Attack,0.8,1.165476297775942,0.3315394530891439,0.9232037988685121,1.165476297775942,0.3315394530891439,0.9232037988685121,1.4970157508650859,2.0886800966444543,1.254743251957656,2.420219549733598,2.8676326952682825,3.4907051343734654,4.349180623833703,2.8676326952682825,3.4907051343734654,4.349180623833703,6.358337829641748,7.216813319101986,7.839885758207169,10.707518453475451
273,13650,Wormhole Attack,0.8,1.136159449243671,0.33932205017973205,0.5453810552694284,1.136159449243671,0.33932205017973205,0.5453810552694284,1.4754814994234031,1.6815405045130993,0.8847031054491604,2.0208625546928314,2.73582284407432,3.6201250541261234,1.5816525599959064,2.73582284407432,3.6201250541261234,1.5816525599959064,6.355947898200443,4.317475404070226,5.2017776141220295,7.93760045819635
274,13700,Wormhole Attack,0.84,1.3428929607794686,0.34233415171101833,0.6262929654273447,1.3428929607794686,0.34233415171101833,0.6262929654273447,1.685227112490487,1.9691859262068134,0.968627117138363,2.3115200779178315,3.665305880504496,3.6702144952122313,2.1743272622323837,3.665305880504496,3.6702144952122313,2.1743272622323837,7.335520375716728,5.839633142736879,5.844541757444615,9.509847637949111
275,13750,Wormhole Attack,0.82,1.2371339294790535,0.33295134396005693,0.6940844877055775,1.2371339294790535,0.33295134396005693,0.6940844877055775,1.5700852734391104,1.9312184171846312,1.0270358316656345,2.264169761144688,3.1898085853985587,3.5141840323667917,2.6708959404652033,3.1898085853985587,3.5141840323667917,2.6708959404652033,6.70399261776535,5.860704525863762,6.1850799728319945,9.374888558230554
276,13800,Blackhole Attack,0.74,1.2834910702901265,0.372571558425152,0.4035214313909667,1.2834910702901265,0.372571558425152,0.4035214313909667,1.6560626287152784,1.6870125016810933,0.7760929898161186,2.059584060106245,3.3982323464095368,4.173044425237033,0.5425396509389693,3.3982323464095368,4.173044425237033,0.5425396509389693,7.57127677164657,3.940771997348506,4.715584076176002,8.11381642258554
277,13850,Sybil Attack,0.78,1.3395012446239387,0.4263236686391701,0.5814234109960285,1.3395012446239387,0.4263236686391701,0.5814234109960285,1.7658249132631088,1.920924655619967,1.0077470796351986,2.3472483242591373,3.650056574247705,5.066909764719553,1.8456605707630818,3.650056574247705,5.066909764719553,1.8456605707630818,8.716966338967259,5.4957171450107865,6.912570335482635,10.56262690973034
278,13900,Sybil Attack,0.8,1.4529926222985803,0.4075165276498317,0.727241106844117,1.4529926222985803,0.4075165276498317,0.727241106844117,1.8605091499484119,2.180233729142697,1.1347576344939487,2.587750256792529,4.160318841579258,4.7541582950898755,2.913766110465504,4.160318841579258,4.7541582950898755,2.913766110465504,8.914477136669134,7.074084952044762,7.66792440555538,11.828243247134639
279,13950,Wormhole Attack,0.72,1.3500562706783306,0.31384562257208815,0.7970192496140452,1.3500562706783306,0.31384562257208815,0.7970192496140452,1.6639018932504186,2.147075520292376,1.1108648721861334,2.4609211428644637,3.6975124395002865,3.196467349867852,3.4248866600615693,3.6975124395002865,3.196467349867852,3.4248866600615693,6.893979789368139,7.122399099561855,6.621354009929421,10.318866449429708
280,14000,Blackhole Attack,0.82,1.2738583181121788,0.3258487485565543,0.857894574022591,1.2738583181121788,0.3258487485565543,0.857894574022591,1.5997070666687332,2.1317528921347697,1.1837433225791454,2.4576016406913244,3.3549230654080002,3.396072132642655,3.870794619680464,3.3549230654080002,3.396072132642655,3.870794619680464,6.750995198050655,7.225717685088464,7.266866752323119,10.621789817731118
281,14050,Blackhole Attack,0.72,1.2995819659257348,0.35929571704510016,0.6259807634264812,1.2995819659257348,0.35929571704510016,0.6259807634264812,1.658877682970835,1.9255627293522162,0.9852764804715815,2.2848584463973163,3.4705777268133158,3.952275149112849,2.172040402021838,3.4705777268133158,3.952275149112849,2.172040402021838,7.422852875926164,5.642618128835154,6.124315551134687,9.594893277948003
282,14100,Normal Traffic,0.66,1.1706158012279142,0.33673946345022315,0.49044580894647466,1.1706158012279142,0.33673946345022315,0.49044580894647466,1.5073552646781374,1.661061610174389,0.8271852723966978,1.9978010736246121,2.890740130723686,3.5771781864678287,1.1792553023709282,2.890740130723686,3.5771781864678287,1.1792553023709282,6.467918317191515,4.069995433094615,4.756433488838757,7.647173619562443
283,14150,Normal Traffic,0.72,1.1150019037508596,0.29095528490500044,0.7686729919389483,1.1150019037508596,0.29095528490500044,0.7686729919389483,1.4059571886558602,1.883674895689808,1.0596282768439487,2.1746301805948085,2.6406975812082525,2.8158147695655287,3.217252088163345,2.6406975812082525,2.8158147695655287,3.217252088163345,5.456512350773782,5.857949669371598,6.0330668577288735,8.673764438937127
284,14200,Blackhole Attack,0.76,1.2268749333681466,0.25998180601815996,0.7123105571464621,1.2268749333681466,0.25998180601815996,0.7123105571464621,1.4868567393863066,1.9391854905146086,0.9722923631646221,2.1991672965327687,3.143683683900719,2.300744400980817,2.8044007638927435,3.143683683900719,2.300744400980817,2.8044007638927435,5.444428084881536,5.9480844477934625,5.10514516487356,8.248828848774279
285,14250,Normal Traffic,0.68,1.3370716656851538,0.30991677711319926,0.5945653024422347,1.3370716656851538,0.30991677711319926,0.5945653024422347,1.646988442798353,1.9316369681273886,0.904482079555434,2.2415537452405876,3.639133079587878,3.131133007348064,1.94192410705215,3.639133079587878,3.131133007348064,1.94192410705215,6.770266086935942,5.581057186640027,5.073057114400214,8.712190193988093
286,14300,Blackhole Attack,0.82,1.3850026858860789,0.40379230207068917,0.5303158195124779,1.3850026858860789,0.40379230207068917,0.5303158195124779,1.7887949879567682,1.9153185053985569,0.934108121583167,2.319110807469246,3.8546330721366795,4.692226658390307,1.4713006464278469,3.8546330721366795,4.692226658390307,1.4713006464278469,8.546859730526986,5.325933718564526,6.163527304818154,10.018160376954834
287,14350,Blackhole Attack,0.78,1.3530672220135456,0.3397833568873021,0.6712053422646646,1.3530672220135456,0.3397833568873021,0.6712053422646646,1.6928505789008477,2.0242725642782102,1.0109886991519668,2.3640559211655123,3.7110498102381433,3.627796307870877,2.5033076251584307,3.7110498102381433,3.627796307870877,2.5033076251584307,7.33884611810902,6.214357435396574,6.131103933029308,9.84215374326745
288,14400,Wormhole Attack,0.72,1.1668277932021656,0.32251771546533153,0.8018224623656606,1.1668277932021656,0.32251771546533153,0.8018224623656606,1.4893455086674972,1.9686502555678262,1.124340177830992,2.2911679710331576,2.8737090786429738,3.340679051086261,3.460069894294775,2.8737090786429738,3.340679051086261,3.460069894294775,6.214388129729235,6.333778972937749,6.800748945381036,9.674458024024009
289,14450,Normal Traffic,0.72,1.3387542301605144,0.3522024334682094,0.5121127353835982,1.3387542301605144,0.3522024334682094,0.5121127353835982,1.6909566636287239,1.8508669655441126,0.8643151688518076,2.203069399012322,3.6466979640902966,3.8343180994778057,1.3379641889790823,3.6466979640902966,3.8343180994778057,1.3379641889790823,7.481016063568102,4.984662153069379,5.172282288456888,8.818980252547185
290,14500,Blackhole Attack,0.78,1.1229484514931014,0.31482375410163604,0.8990055274449954,1.1229484514931014,0.31482375410163604,0.8990055274449954,1.4377722055947375,2.0219539789380967,1.2138292815466314,2.336777733039733,2.6764256122842265,3.212733090286912,4.171929792867292,2.6764256122842265,3.212733090286912,4.171929792867292,5.889158702571138,6.848355405151519,7.3846628831542045,10.06108849543843
291,14550,Normal Traffic,0.64,1.1495583321123481,0.24222013078859553,0.8065209880022693,1.1495583321123481,0.24222013078859553,0.8065209880022693,1.3917784629009438,1.9560793201146174,1.0487411187908648,2.198299450903213,2.7960648156880694,2.0053783996156755,3.4944863019310874,2.7960648156880694,2.0053783996156755,3.4944863019310874,4.801443215303745,6.290551117619157,5.4998647015467625,8.295929517234832
292,14600,Normal Traffic,0.7,1.294844123323465,0.37418497789520766,0.7879490075060139,1.294844123323465,0.37418497789520766,0.7879490075060139,1.6690291012186727,2.082793130829479,1.1621339854012216,2.4569781087246865,3.449276176351704,4.199874622909029,3.358447701568333,3.449276176351704,4.199874622909029,3.358447701568333,7.649150799260733,6.807723877920037,7.558322324477362,11.007598500829065
293,14650,Wormhole Attack,0.86,1.271060005385178,0.2618413627848576,0.6436801394837625,1.271060005385178,0.2618413627848576,0.6436801394837625,1.5329013681700356,1.9147401448689405,0.90552150226862,2.176581507653798,3.3423417272831286,2.3316677142039266,2.3016872292200494,3.3423417272831286,2.3316677142039266,2.3016872292200494,5.674009441487055,5.644028956503178,4.633354943423976,7.975696670707104
294,14700,Normal Traffic,0.72,1.3590603286327732,0.311689662604111,0.7854395243336357,1.3590603286327732,0.311689662604111,0.7854395243336357,1.6707499912368842,2.1444998529664088,1.0971291869377469,2.45618951557052,3.7379950833905555,3.1606150292610233,3.3400658936360537,3.7379950833905555,3.1606150292610233,3.3400658936360537,6.898610112651578,7.07806097702661,6.500680922897077,10.238676006287632
295,14750,Blackhole Attack,0.72,1.4154846697348724,0.3019590512316721,0.6396762859036934,1.4154846697348724,0.3019590512316721,0.6396762859036934,1.7174437209665445,2.055160955638566,0.9416353371353655,2.357120006870238,3.9916814233871065,2.998800800886241,2.2723592511296236,3.9916814233871065,2.998800800886241,2.2723592511296236,6.9904822242733475,6.26404067451673,5.271160052015865,9.262841475402972
296,14800,Sybil Attack,0.78,1.2745932101598125,0.4074746076031545,0.44598748927224613,1.2745932101598125,0.4074746076031545,0.44598748927224613,1.682067817762967,1.7205806994320587,0.8534620968754006,2.128055307035213,3.3582271726463895,4.753461189867307,0.8536008798831712,3.3582271726463895,4.753461189867307,0.8536008798831712,8.111688362513696,4.211828052529561,5.607062069750478,8.965289242396867
297,14850,Blackhole Attack,0.8,1.2394033816688972,0.35411473998987153,0.6915048376553256,1.2394033816688972,0.35411473998987153,0.6915048376553256,1.5935181216587688,1.9309082193242229,1.045619577645197,2.2850229593140945,3.2000121430935757,3.866118609474051,2.6520001645229048,3.2000121430935757,3.866118609474051,2.6520001645229048,7.066130752567627,5.85201230761648,6.518118773996956,9.718130917090532
298,14900,Wormhole Attack,0.74,1.148062331638168,0.25241942424982167,1.0046613782556915,1.148062331638168,0.25241942424982167,1.0046613782556915,1.4004817558879896,2.152723709893859,1.2570808025055131,2.405143134143681,2.789338731209012,2.1749865298993343,4.945852319187039,2.789338731209012,2.1749865298993343,4.945852319187039,4.964325261108346,7.73519105039605,7.120838849086374,9.910177580295386
299,14950,Blackhole Attack,0.76,1.3942156883074734,0.37782327961274226,0.565117173688495,1.3942156883074734,0.37782327961274226,0.565117173688495,1.7720389679202158,1.9593328619959685,0.9429404533012373,2.3371561416087108,3.896055139616985,4.260377397347748,1.7262183981338872,3.896055139616985,4.260377397347748,1.7262183981338872,8.156432536964733,5.622273537750872,5.986595795481635,9.88265093509862
300,15000,Normal Traffic,0.7,1.0938751633514203,0.35704027038081615,0.40576655420404073,1.0938751633514203,0.35704027038081615,0.40576655420404073,1.4509154337322365,1.499641717555461,0.7628068245848569,1.8566819879362773,2.545710819408182,3.91476842444236,0.5589850357052661,2.545710819408182,3.91476842444236,0.5589850357052661,6.460479243850542,3.104695855113448,4.473753460147626,7.019464279555808
301,15050,Wormhole Attack,0.88,1.154588044858997,0.331990365018147,0.6463114658477576,1.154588044858997,0.331990365018147,0.6463114658477576,1.486578409877144,1.8008995107067545,0.9783018308659046,2.1328898757249015,2.8186786272631568,3.498203529187925,2.320961530941812,2.8186786272631568,3.498203529187925,2.320961530941812,6.316882156451082,5.139640158204969,5.8191650601297376,8.637843687392895
302,15100,Blackhole Attack,0.8,1.315961273301449,0.2932919477478074,0.8016720539825675,1.315961273301449,0.2932919477478074,0.8016720539825675,1.6092532210492565,2.1176333272840164,1.094964001730375,2.4109252750318237,3.544219819191579,2.854672070551959,3.4589681622569377,3.544219819191579,2.854672070551959,3.4589681622569377,6.398891889743538,7.003187981448517,6.313640232808897,9.857860052000476
303,15150,Blackhole Attack,0.82,1.2470329051327254,0.40110668886336814,0.7165606462079075,1.2470329051327254,0.40110668886336814,0.7165606462079075,1.6481395939960934,1.9635935513406328,1.1176673350712756,2.3647002402040007,3.234314818953877,4.647566522225928,2.8355324015472556,3.234314818953877,4.647566522225928,2.8355324015472556,7.881881341179804,6.069847220501133,7.483098923773183,10.71741374272706
304,15200,Wormhole Attack,0.82,1.381523376261908,0.28890993585178176,0.7106022669113045,1.381523376261908,0.28890993585178176,0.7106022669113045,1.6704333121136896,2.0921256431732123,0.9995122027630863,2.381035579024994,3.838989941760136,2.781801842100241,2.7918876443225904,3.838989941760136,2.781801842100241,2.7918876443225904,6.620791783860376,6.630877586082726,5.573689486422831,9.412679428182967
305,15250,Normal Traffic,0.74,1.2836227859158336,0.36849010674868726,0.5580872613023594,1.2836227859158336,0.36849010674868726,0.5580872613023594,1.6521128926645208,1.8417100472181929,0.9265773680510467,2.21020015396688,3.3988245457042616,4.105172332888681,1.674724727769787,3.3988245457042616,4.105172332888681,1.674724727769787,7.503996878592942,5.073549273474049,5.779897060658468,9.178721606362728
306,15300,Wormhole Attack,0.84,1.2332736163915035,0.42875207243589236,0.6949914732394938,1.2332736163915035,0.42875207243589236,0.6949914732394938,1.6620256888273959,1.9282650896309974,1.1237435456753861,2.3570171620668896,3.172452446553281,5.10729266272142,2.67753955300874,3.172452446553281,5.10729266272142,2.67753955300874,8.279745109274701,5.849991999562021,7.784832215730161,10.957284662283442
307,15350,Blackhole Attack,0.78,1.2066298747543225,0.391522071450886,0.7457074264854527,1.2066298747543225,0.391522071450886,0.7457074264854527,1.5981519462052085,1.9523373012397753,1.1372294979363389,2.343859372690661,3.0526610025110803,4.488180085803119,3.0490307516471518,3.0526610025110803,4.488180085803119,3.0490307516471518,7.540841088314199,6.101691754158232,7.537210837450271,10.58987183996135
308,15400,Wormhole Attack,0.76,1.418315435879115,0.35155719167552457,0.8652966755515189,1.418315435879115,0.35155719167552457,0.8652966755515189,1.7698726275546397,2.283612111430634,1.2168538672270435,2.6351693031061587,4.004408673515196,3.8235881156358666,3.9250145523333866,4.004408673515196,3.8235881156358666,3.9250145523333866,7.827996789151063,7.929423225848582,7.748602667969253,11.75301134148445
309,15450,Normal Traffic,0.74,1.3521036960219714,0.36510431000680293,0.49756836997683723,1.3521036960219714,0.36510431000680293,0.49756836997683723,1.7172080060287744,1.8496720659988086,0.8626726799836402,2.2147763760056116,3.706717754647956,4.048868564682126,1.231427618283288,3.706717754647956,4.048868564682126,1.231427618283288,7.755586319330082,4.938145372931244,5.280296182965413,8.98701393761337
310,15500,Blackhole Attack,0.8,1.2166760470865654,0.3154124872728668,0.6832786460114284,1.2166760470865654,0.3154124872728668,0.6832786460114284,1.5320885343594322,1.8999546930979938,0.9986911332842952,2.2153671803708606,3.09782903886138,3.2225233696614612,2.5917438231070182,3.09782903886138,3.2225233696614612,2.5917438231070182,6.320352408522841,5.689572861968398,5.8142671927684795,8.91209623162986
311,15550,Blackhole Attack,0.76,1.5357584164309845,0.3359145833703145,0.4878454666048462,1.5357584164309845,0.3359145833703145,0.4878454666048462,1.871672999801299,2.0236038830358307,0.8237600499751607,2.3595184664061453,4.5324375226350915,3.563460925699383,1.1602079566831343,4.5324375226350915,3.563460925699383,1.1602079566831343,8.095898448334474,5.692645479318226,4.723668882382517,9.256106405017608
312,15600,Normal Traffic,0.74,1.0766166054236426,0.3432243319413508,0.5206991134657982,1.0766166054236426,0.3432243319413508,0.5206991134657982,1.4198409373649934,1.597315718889441,0.863923445407149,1.9405400508307915,2.4681155775533594,3.6850176582995715,1.4008588736210044,2.4681155775533594,3.6850176582995715,1.4008588736210044,6.1531332358529305,3.868974451174364,5.085876531920576,7.553992109473935
313,15650,Sybil Attack,0.74,1.3015553261775934,0.4125339492390448,0.43105005235885646,1.3015553261775934,0.4125339492390448,0.43105005235885646,1.7140892754166381,1.73260537853645,0.8435840015979013,2.1451393277754947,3.479450042023569,4.837595005468536,0.7441850848841303,3.479450042023569,4.837595005468536,0.7441850848841303,8.317045047492105,4.223635126907699,5.581780090352666,9.061230132376235
314,15700,Normal Traffic,0.68,1.2016010569591535,0.364734573988617,0.5286447022745981,1.2016010569591535,0.364734573988617,0.5286447022745981,1.5663356309477705,1.7302457592337517,0.8933792762632151,2.0949803332223684,3.030051214677537,4.042720076555821,1.4590598167474007,3.030051214677537,4.042720076555821,1.4590598167474007,7.072771291233359,4.489111031424938,5.5017798933032225,8.531831107980759
315,15750,Normal Traffic,0.74,1.4456024760609612,0.3896162034915926,0.7050523031138712,1.4456024760609612,0.3896162034915926,0.7050523031138712,1.8352186795525538,2.1506547791748325,1.0946685066054638,2.540270982666425,4.127092416344296,4.4564866452356755,2.7512345051908214,4.127092416344296,4.4564866452356755,2.7512345051908214,8.583579061579972,6.878326921535118,7.207721150426497,11.334813566770793
316,15800,Flooding Attack,0.78,1.3640121816762854,0.3235153788623417,0.5374461563844085,1.3640121816762854,0.3235153788623417,0.5374461563844085,1.687527560538627,1.901458338060694,0.8609615352467502,2.2249737169230355,3.760258834287288,3.357269594741331,1.5235299198953676,3.760258834287288,3.357269594741331,1.5235299198953676,7.117528429028619,5.283788754182655,4.880799514636698,8.641058348923986
317,15850,Wormhole Attack,0.82,1.1216954586559666,0.23228851829383143,0.8190070025595039,1.1216954586559666,0.23228851829383143,0.8190070025595039,1.353983976949798,1.9407024612154706,1.0512955208533352,2.172990979509302,2.6707921009186366,1.840221643185191,3.585945580860313,2.6707921009186366,1.840221643185191,3.585945580860313,4.511013744103828,6.256737681778949,5.4261672240455034,8.096959324964141
318,15900,Normal Traffic,0.66,0.9604674130658923,0.24226399408931715,0.5517809675055274,0.9604674130658923,0.24226399408931715,0.5517809675055274,1.2027314071552095,1.5122483805714197,0.7940449615948446,1.754512374660737,1.9459036575333175,2.0061078199869735,1.6285315185011082,1.9459036575333175,2.0061078199869735,1.6285315185011082,3.952011477520291,3.5744351760344255,3.634639338488082,5.580542996021399
319,15950,Sybil Attack,0.8,1.1368248462109236,0.3443844969545266,0.49939180498609204,1.1368248462109236,0.3443844969545266,0.49939180498609204,1.4812093431654503,1.6362166511970155,0.8437763019406186,1.9806011481515422,2.7388144983492304,3.7043105063241253,1.2447841661518086,2.7388144983492304,3.7043105063241253,1.2447841661518086,6.443125004673355,3.983598664501039,4.949094672475934,7.687909170825164
320,16000,Wormhole Attack,0.82,1.278847697013714,0.40855198085243666,0.6485655667759954,1.278847697013714,0.40855198085243666,0.6485655667759954,1.6873996778661506,1.9274132637897092,1.057117547628432,2.335965244642146,3.3773555342266635,4.771377260536619,2.337472679842474,3.3773555342266635,4.771377260536619,2.337472679842474,8.148732794763283,5.714828214069137,7.108849940379093,10.486205474605757
321,16050,Normal Traffic,0.74,1.249265456426308,0.40475572664314025,0.5965953626295109,1.249265456426308,0.40475572664314025,0.5965953626295109,1.6540211830694482,1.8458608190558188,1.0013510892726512,2.250616545698959,3.244352468582761,4.708247830937598,1.956794171479844,3.244352468582761,4.708247830937598,1.956794171479844,7.952600299520359,5.201146640062605,6.665042002417442,9.909394471000203
322,16100,Wormhole Attack,0.78,1.3566499351812733,0.34550696555184124,0.7786930790389772,1.3566499351812733,0.34550696555184124,0.7786930790389772,1.7021569007331145,2.1353430142202505,1.1242000445908185,2.480849979772092,3.7271578475324323,3.7229764855722376,3.2906486020610233,3.7271578475324323,3.7229764855722376,3.2906486020610233,7.450134333104669,7.017806449593456,7.013625087633261,10.740782935165694
323,16150,Normal Traffic,0.7,1.4185516194133632,0.3202217593114316,0.5318808535885151,1.4185516194133632,0.3202217593114316,0.5318808535885151,1.7387733787247948,1.9504324730018783,0.8521026128999467,2.27065423231331,4.00547056515984,3.302498677910744,1.4827644235552808,4.00547056515984,3.302498677910744,1.4827644235552808,7.307969243070584,5.488234988715121,4.7852631014660245,8.790733666625865
324,16200,Flooding Attack,0.82,1.338485924366477,0.38534552646885695,0.8600399309796717,1.338485924366477,0.38534552646885695,0.8600399309796717,1.723831450835334,2.1985258553461486,1.2453854574485286,2.5838713818150056,3.6454916493410283,4.385467848921475,3.886509225765615,3.6454916493410283,4.385467848921475,3.886509225765615,8.030959498262503,7.532000875106643,8.27197707468709,11.917468724028117
325,16250,Normal Traffic,0.76,1.0136921417826539,0.35782334032397095,0.5724191792782891,1.0136921417826539,0.35782334032397095,0.5724191792782891,1.3715154821066249,1.586111321060943,0.9302425196022601,1.943934661384914,2.1852043983436023,3.927790407724313,1.7797051342672188,2.1852043983436023,3.927790407724313,1.7797051342672188,6.112994806067915,3.964909532610821,5.707495541991531,7.892699940335134
326,16300,Wormhole Attack,0.76,1.2595708607183875,0.327236766175391,0.8478212182134299,1.2595708607183875,0.327236766175391,0.8478212182134299,1.5868076268937785,2.1073920789318175,1.175057984388821,2.4346288451072082,3.2906860233213413,3.4191540327788394,3.7970079158062817,3.2906860233213413,3.4191540327788394,3.7970079158062817,6.70984005610018,7.0876939391276235,7.216161948585121,10.506847971906462
327,16350,Wormhole Attack,0.84,1.321552346943785,0.3359053504714627,0.5967373418408058,1.321552346943785,0.3359053504714627,0.5967373418408058,1.6574576974152477,1.9182896887845908,0.9326426923122686,2.2541950392560537,3.569357534249853,3.5633073881315793,1.9578341603592784,3.569357534249853,3.5633073881315793,1.9578341603592784,7.132664922381432,5.527191694609131,5.521141548490858,9.09049908274071
328,16400,Blackhole Attack,0.74,1.3410800067959348,0.3049282088454171,0.7836549381510828,1.3410800067959348,0.3049282088454171,0.7836549381510828,1.6460082156413518,2.1247349449470176,1.0885831469965,2.4296631537924345,3.6571547589905977,3.048176110391674,3.32699391100339,3.6571547589905977,3.048176110391674,3.32699391100339,6.705330869382271,6.984148669993988,6.375170021395064,10.032324780385661
329,16450,Flooding Attack,0.82,1.1233725686160934,0.3722173968934417,0.5909278903252086,1.1233725686160934,0.3722173968934417,0.5909278903252086,1.495589965509535,1.714300458941302,0.9631452872186503,2.0865178558347437,2.6783324616786572,4.1671549314755145,1.9152802898543815,2.6783324616786572,4.1671549314755145,1.9152802898543815,6.845487393154172,4.593612751533039,6.082435221329896,8.760767683008552
330,16500,Wormhole Attack,0.82,1.4041257990923526,0.3871571564331329,0.6821862731204308,1.4041257990923526,0.3871571564331329,0.6821862731204308,1.7912829555254854,2.0863120722127833,1.0693434295535638,2.473469228645916,3.940611437216051,4.415594168178275,2.583742259719877,3.940611437216051,4.415594168178275,2.583742259719877,8.356205605394326,6.524353696935928,6.999336427898152,10.939947865114203
331,16550,Blackhole Attack,0.84,1.3773246164375688,0.3861756791638668,0.8189829661931876,1.3773246164375688,0.3861756791638668,0.8189829661931876,1.7635002956014356,2.196307582630756,1.2051586453570544,2.582483261794623,3.8201121313762494,4.399272790115278,3.5857695159741723,3.8201121313762494,4.399272790115278,3.5857695159741723,8.219384921491528,7.405881647350421,7.985042306089451,11.805154437465701
332,16600,Blackhole Attack,0.78,1.1575686821854043,0.34199224800982986,0.5087483786008892,1.1575686821854043,0.34199224800982986,0.5087483786008892,1.4995609301952342,1.6663170607862936,0.850740626610719,2.0083093087961235,2.832079704872998,3.664528841817112,1.3133204850976916,2.832079704872998,3.664528841817112,1.3133204850976916,6.49660854669011,4.145400189970689,4.977849326914804,7.809929031787802
333,16650,Blackhole Attack,0.88,1.2698920806060445,0.3710932671834784,0.47252298881969546,1.2698920806060445,0.3710932671834784,0.47252298881969546,1.6409853477895229,1.74241506942574,0.8436162560031739,2.113508336609218,3.3370906856790534,4.148461328920789,1.0479717612810566,3.3370906856790534,4.148461328920789,1.0479717612810566,7.4855520145998415,4.38506244696011,5.196433090201845,8.533523775880898
334,16700,Blackhole Attack,0.84,1.416044569523185,0.26968921841327026,0.7018098937072146,1.416044569523185,0.26968921841327026,0.7018098937072146,1.6857337879364551,2.1178544632303993,0.9714991121204848,2.3875436816436695,3.9941987576667364,2.4621728442829216,2.7274840582434137,3.9941987576667364,2.4621728442829216,2.7274840582434137,6.456371601949658,6.72168281591015,5.189656902526336,9.183855660193071
335,16750,Wormhole Attack,0.8,1.2240672704525617,0.33281244481933975,0.7559188135645345,1.2240672704525617,0.33281244481933975,0.7559188135645345,1.5568797152719014,1.9799860840170962,1.0887312583838742,2.312798528836436,3.1310603069132954,3.5118742230016027,3.1238285259761027,3.1310603069132954,3.5118742230016027,3.1238285259761027,6.642934529914898,6.254888832889398,6.635702748977705,9.766763055891001
336,16800,Sybil Attack,0.86,1.1223724358320766,0.38437958597020966,0.4124429522893345,1.1223724358320766,0.38437958597020966,0.4124429522893345,1.5067520218022863,1.534815388121411,0.7968225382595442,1.9191949740916208,2.6738358203261483,4.369404838031196,0.6078892358346524,2.6738358203261483,4.369404838031196,0.6078892358346524,7.043240658357345,3.2817250561608007,4.977294073865848,7.651129894191997
337,16850,Blackhole Attack,0.76,1.367076032223324,0.34658373994664743,0.8190565536023268,1.367076032223324,0.34658373994664743,0.8190565536023268,1.7136597721699713,2.186132585825651,1.1656402935489742,2.532716325772298,3.774034042227567,3.74088259765095,3.5863085391626597,3.774034042227567,3.74088259765095,3.5863085391626597,7.514916639878518,7.360342581390227,7.32719113681361,11.101225179041178
338,16900,Wormhole Attack,0.84,1.2474504978984033,0.24174677160218058,0.8181002265970853,1.2474504978984033,0.24174677160218058,0.8181002265970853,1.489197269500584,2.0655507244954885,1.0598469981992658,2.3072974960976693,3.236192334548471,1.9975067203796923,3.5793035034149434,3.236192334548471,1.9975067203796923,3.5793035034149434,5.233699054928163,6.8154958379634145,5.576810223794636,8.813002558343106
339,16950,Blackhole Attack,0.82,1.2968257469090838,0.42285586827353067,0.637356675361059,1.2968257469090838,0.42285586827353067,0.637356675361059,1.7196816151826144,1.9341824222701427,1.0602125436345897,2.3570382905436733,3.4581856438770195,5.009242325455346,2.2553682483838315,3.4581856438770195,5.009242325455346,2.2553682483838315,8.467427969332366,5.713553892260851,7.264610573839177,10.722796217716198
340,17000,Sybil Attack,0.8,1.1778717317526444,0.3889893414229247,0.5447388267574732,1.1778717317526444,0.3889893414229247,0.5447388267574732,1.566861073175569,1.7226105585101177,0.9337281681803979,2.1115998999330423,2.923363116161075,4.446062305175582,1.5769482761476086,2.923363116161075,4.446062305175582,1.5769482761476086,7.369425421336658,4.500311392308683,6.023010581323191,8.946373697484265
341,17050,Flooding Attack,0.9,1.2371594740377638,0.34900957189999643,0.5931999927451366,1.2371594740377638,0.34900957189999643,0.5931999927451366,1.5861690459377602,1.8303594667829004,0.942209564645133,2.1793690386828968,3.189923434867413,3.7812227274407264,1.9319232985604344,3.189923434867413,3.7812227274407264,1.9319232985604344,6.971146162308139,5.121846733427848,5.71314602600116,8.903069460868574
342,17100,Sybil Attack,0.78,1.2868599283152384,0.32484923130490817,0.4769361629053359,1.2868599283152384,0.32484923130490817,0.4769361629053359,1.6117091596201467,1.7637960912205743,0.8017853942102441,2.0886453225254824,3.4133788814982178,3.3794507604973743,1.0802979865799014,3.4133788814982178,3.3794507604973743,1.0802979865799014,6.792829641995592,4.493676868078119,4.459748747077276,7.873127628575493
343,17150,Wormhole Attack,0.76,1.2488980019137095,0.38711603989167914,0.8293078940142724,1.2488980019137095,0.38711603989167914,0.8293078940142724,1.6360140418053886,2.078205895927982,1.2164239339059515,2.465321935819661,3.2427003767976283,4.414910424765439,3.66139896916631,3.2427003767976283,4.414910424765439,3.66139896916631,7.657610801563067,6.904099345963939,8.076309393931748,11.319009770729377
344,17200,Normal Traffic,0.76,1.0622648596912316,0.36168601527461525,0.5549782346517811,1.0622648596912316,0.36168601527461525,0.5549782346517811,1.423950874965847,1.6172430943430127,0.9166642499263964,1.978929109617628,2.4035894922450987,3.992024374396897,1.6519513012027898,2.4035894922450987,3.992024374396897,1.6519513012027898,6.3956138666419955,4.055540793447888,5.643975675599687,8.047565167844786
345,17250,Wormhole Attack,0.8,1.1546501710311838,0.33420075600597987,0.49090323770034827,1.1546501710311838,0.33420075600597987,0.49090323770034827,1.4888509270371637,1.6455534087315322,0.8251039937063281,1.9797541647375119,2.818957949288585,3.534961004994207,1.182605939501696,2.818957949288585,3.534961004994207,1.182605939501696,6.353918954282792,4.0015638887902805,4.7175669444959025,7.536524893784487
346,17300,Wormhole Attack,0.78,1.2835705686145562,0.37309085091096034,0.6779287630617885,1.2835705686145562,0.37309085091096034,0.6779287630617885,1.6566614195255165,1.9614993316763447,1.0510196139727488,2.3345901825873048,3.398589774401898,4.181679947680145,2.5525562637231216,3.398589774401898,4.181679947680145,2.5525562637231216,7.580269722082043,5.951146038125019,6.734236211403267,10.132825985805166
347,17350,Blackhole Attack,0.8,1.4662028740841517,0.41077437132004574,0.6517357837834983,1.4662028740841517,0.41077437132004574,0.6517357837834983,1.8769772454041975,2.11793865786765,1.062510155103544,2.5287130291876956,4.219712719477636,4.80833428049142,2.3606943219626473,4.219712719477636,4.80833428049142,2.3606943219626473,9.028046999969057,6.580407041440283,7.169028602454067,11.388741321931704
348,17400,Blackhole Attack,0.86,1.1565334689052398,0.35306944629723386,0.5322507189474205,1.1565334689052398,0.35306944629723386,0.5322507189474205,1.5096029152024737,1.6887841878526602,0.8853201652446543,2.041853634149894,2.827425340054,3.8487360025827435,1.48547366427187,2.827425340054,3.8487360025827435,1.48547366427187,6.676161342636743,4.31289900432587,5.334209666854614,8.161635006908613
349,17450,Normal Traffic,0.74,1.2727260304776735,0.39699589021359566,0.5845838564909898,1.2727260304776735,0.39699589021359566,0.5845838564909898,1.6697219206912692,1.8573098869686633,0.9815797467045855,2.254305777182259,3.3498322499866697,4.579206407320804,1.8688106371625157,3.3498322499866697,4.579206407320804,1.8688106371625157,7.929038657307474,5.218642887149185,6.448017044483319,9.797849294469989
350,17500,Blackhole Attack,0.82,1.335553641354488,0.3695728273653794,0.5084573278710476,1.335553641354488,0.3695728273653794,0.5084573278710476,1.7051264687198673,1.8440109692255355,0.8780301552364269,2.213583796590915,3.63230797487331,4.123177327069389,1.3111885566299555,3.63230797487331,4.123177327069389,1.3111885566299555,7.7554853019426995,4.943496531503266,5.4343658836993445,9.066673858572655
351,17550,Blackhole Attack,0.76,1.4693687338079948,0.353733312055794,0.6505899652786229,1.4693687338079948,0.353733312055794,0.6505899652786229,1.8231020458637888,2.1199586990866175,1.0043232773344168,2.4736920111424117,4.2339465652009025,3.8597756918020782,2.3523012727827592,4.2339465652009025,3.8597756918020782,2.3523012727827592,8.09372225700298,6.586247837983661,6.2120769645848375,10.44602352978574
352,17600,Blackhole Attack,0.74,1.405860370444159,0.36679109994683334,0.6770305721029434,1.405860370444159,0.36679109994683334,0.6770305721029434,1.7726514703909924,2.0828909425471025,1.0438216720497766,2.4496820424939356,3.9484101469414585,4.076918869244639,2.5459770708942036,3.9484101469414585,4.076918869244639,2.5459770708942036,8.025329016186097,6.494387217835662,6.622895940138843,10.5713060870803
353,17650,Normal Traffic,0.76,1.3581965483309844,0.32744952676463085,0.7105388038622241,1.3581965483309844,0.32744952676463085,0.7105388038622241,1.6856460750956153,2.0687353521932086,1.037988330626855,2.3961848789578393,3.7341114888453326,3.4226921137131914,2.791422781440929,3.7341114888453326,3.4226921137131914,2.791422781440929,7.156803602558524,6.525534270286261,6.21411489515412,9.948226383999453
354,17700,Flooding Attack,0.86,1.3064630220100997,0.3928989636756521,0.3614385728239865,1.3064630220100997,0.3928989636756521,0.3614385728239865,1.6993619856857518,1.667901594834086,0.7543375364996385,2.0608005585097384,3.5015152601412605,4.511076977311583,0.23428533310409938,3.5015152601412605,4.511076977311583,0.23428533310409938,8.012592237452843,3.7358005932453597,4.745362310415683,8.246877570556942
355,17750,Wormhole Attack,0.74,1.4508288566080347,0.3478486871692626,0.5603646450628506,1.4508288566080347,0.3478486871692626,0.5603646450628506,1.7986775437772973,2.0111935016708853,0.9082133322321131,2.3590421888401476,4.150590455072248,3.761917910945041,1.6914064219665121,4.150590455072248,3.761917910945041,1.6914064219665121,7.912508366017288,5.84199687703876,5.453324332911553,9.6039147879838
356,17800,Sybil Attack,0.84,1.1372195508609615,0.33004149694849655,0.7115386329939536,1.1372195508609615,0.33004149694849655,0.7115386329939536,1.467261047809458,1.848758183854915,1.04158012994245,2.1787996808034116,2.740589107960826,3.465795022586999,2.7987464675556013,2.740589107960826,3.465795022586999,2.7987464675556013,6.206384130547825,5.539335575516427,6.2645414901426,9.005130598103426
357,17850,Normal Traffic,0.68,1.233035397533721,0.35258124584228967,0.6194417616232201,1.233035397533721,0.35258124584228967,0.6194417616232201,1.5856166433760106,1.852477159156941,0.9720230074655097,2.205058404999231,3.17138140400376,3.840617521956463,2.124142621100491,3.17138140400376,3.840617521956463,2.124142621100491,7.0119989259602225,5.2955240251042515,5.964760143056954,9.136141547060713
358,17900,Sybil Attack,0.76,1.2882445130455944,0.36877999727368493,0.5150149936265946,1.2882445130455944,0.36877999727368493,0.5150149936265946,1.6570245103192793,1.803259506672189,0.8837949909002796,2.172039503945874,3.4196040358517887,4.109993038373695,1.3592230498392959,3.4196040358517887,4.109993038373695,1.3592230498392959,7.529597074225483,4.778827085691084,5.46921608821299,8.888820124064779
359,17950,Blackhole Attack,0.82,1.371499490043292,0.34930683100097853,0.8042477814050248,1.371499490043292,0.34930683100097853,0.8042477814050248,1.7208063210442706,2.1757472714483166,1.1535546124060034,2.525054102449295,3.7939221047650853,3.7861659679229267,3.4778352051949653,3.7939221047650853,3.7861659679229267,3.4778352051949653,7.580088072688012,7.2717573099600505,7.264001173117892,11.057923277882978
360,18000,Blackhole Attack,0.78,1.4264516764194235,0.3323016696272444,0.867387273141063,1.4264516764194235,0.3323016696272444,0.867387273141063,1.7587533460466678,2.2938389495604863,1.1996889427683075,2.626140619187731,4.040989571824094,3.503380338042227,3.9403280494620674,4.040989571824094,3.503380338042227,3.9403280494620674,7.544369909866321,7.981317621286161,7.443708387504294,11.484697959328388
361,18050,Wormhole Attack,0.76,1.2084475989460566,0.3506511058859223,0.6612376289089987,1.2084475989460566,0.3506511058859223,0.6612376289089987,1.5590987048319789,1.8696852278550553,1.011888734794921,2.2203363337409776,3.0608335710926045,3.8085204526418304,2.4302947456760666,3.0608335710926045,3.8085204526418304,2.4302947456760666,6.869354023734434,5.4911283167686715,6.238815198317897,9.299648769410501
362,18100,Blackhole Attack,0.88,1.2057662299366674,0.3670985277622484,0.5318538596779464,1.2057662299366674,0.3670985277622484,0.5318538596779464,1.5728647576989156,1.7376200896146137,0.8989523874401948,2.104718617376862,3.048778017108531,4.082031209346232,1.482566694841705,3.048778017108531,4.082031209346232,1.482566694841705,7.130809226454763,4.531344711950236,5.564597904187936,8.613375921296468
363,18150,Wormhole Attack,0.8,1.1259681945389977,0.34521483896321037,0.7677824780394024,1.1259681945389977,0.34521483896321037,0.7677824780394024,1.471183033502208,1.8937506725784,1.1129973170026126,2.2389655115416103,2.690002510943216,3.7181185956907292,3.2107291293156206,2.690002510943216,3.7181185956907292,3.2107291293156206,6.408121106633946,5.900731640258837,6.928847725006349,9.618850235949566
364,18200,Sybil Attack,0.84,1.2691394671134562,0.4043381166007585,0.3885314075962648,1.2691394671134562,0.4043381166007585,0.3885314075962648,1.6734775837142146,1.657670874709721,0.7928695241970234,2.0620089913104795,3.333706902038208,4.701303226515212,0.43273866030973707,3.333706902038208,4.701303226515212,0.43273866030973707,8.03501012855342,3.766445562347945,5.134041886824949,8.467748788863156
365,18250,Blackhole Attack,0.82,1.4890948829103556,0.3857421638515125,0.6236281277456788,1.4890948829103556,0.3857421638515125,0.6236281277456788,1.874837046761868,2.112723010656034,1.0093702915971914,2.4984651745075466,4.322636206413531,4.392063690597034,2.1548074921959652,4.322636206413531,4.392063690597034,2.1548074921959652,8.714699897010565,6.4774436986094965,6.546871182793,10.86950738920653
