window_idx,start_pos,majority_label,attack_frac,W2_c2,W2_network,W2_physical,W2_c2_only,W2_network_only,W2_physical_only,W2_c2_network,W2_c2_physical,W2_network_physical,W2_all_three,Z2_c2,Z2_network,Z2_physical,Z2_c2_only,Z2_network_only,Z2_physical_only,Z2_c2_network,Z2_c2_physical,Z2_network_physical,Z2_all_three
0,0,Flooding Attack,0.88,0.7200808336909301,0.3019209494905297,0.47790766155168984,0.7200808336909301,0.3019209494905297,0.47790766155168984,1.0220017831814598,1.1979884952426199,0.7798286110422196,1.4999094447331496,2.0788195789822734,3.689385402116546,1.9517630140934774,2.0788195789822734,3.689385402116546,1.9517630140934774,5.768204981098819,4.030582593075751,5.641148416210023,7.719967995192296
1,25,Blackhole Attack,0.76,0.7633218342372268,0.16674156713901248,0.5235915029226035,0.7633218342372268,0.16674156713901248,0.5235915029226035,0.9300634013762392,1.2869133371598303,0.6903330700616159,1.4536549042988427,2.339620873816905,1.0904883014898314,2.3603827461918674,2.339620873816905,1.0904883014898314,2.3603827461918674,3.4301091753067365,4.700003620008772,3.450871047681699,5.790491921498604
2,50,Wormhole Attack,0.76,0.717403181696967,0.1721892207005022,0.610466001053848,0.717403181696967,0.1721892207005022,0.610466001053848,0.8895924023974693,1.3278691827508151,0.7826552217543501,1.5000584034513174,2.062669742060845,1.1952224022076359,3.137432860352643,2.062669742060845,1.1952224022076359,3.137432860352643,3.2578921442684807,5.200102602413487,4.332655262560278,6.395325004621124
3,75,Wormhole Attack,0.76,0.75038460442755,0.2359238499235916,0.48265918473233993,0.75038460442755,0.2359238499235916,0.48265918473233993,0.9863084543511416,1.2330437891598898,0.7185830346559315,1.4689676390834814,2.2615920066928794,2.4205552911143196,1.9942630769356688,2.2615920066928794,2.4205552911143196,1.9942630769356688,4.682147297807199,4.255855083628548,4.414818368049988,6.676410374742868
4,100,Blackhole Attack,0.8,1.0083322341161742,0.19191043634541427,0.5190110670785211,1.0083322341161742,0.19191043634541427,0.5190110670785211,1.2002426704615885,1.5273433011946953,0.7109215034239353,1.7192537375401096,3.8173625710277705,1.5743734921802033,2.319412976327145,3.8173625710277705,1.5743734921802033,2.319412976327145,5.391736063207974,6.136775547354915,3.8937864685073484,7.711149039535119
5,125,Sybil Attack,0.72,0.5259052803697208,0.30941571456213035,0.40961440803339694,0.5259052803697208,0.30941571456213035,0.40961440803339694,0.8353209949318512,0.9355196884031178,0.7190301225955273,1.2449354029652482,0.9076802646367922,3.8334763342959137,1.3409130916843763,0.9076802646367922,3.8334763342959137,1.3409130916843763,4.741156598932706,2.2485933563211686,5.17438942598029,6.082069690617082
6,150,Flooding Attack,0.84,0.6068632263156891,0.259327262719057,0.48261800873169086,0.6068632263156891,0.259327262719057,0.48261800873169086,0.866190489034746,1.08948123504738,0.7419452714507478,1.348808497766437,1.395965384386847,2.8704986227145652,1.9938947776453901,1.395965384386847,2.8704986227145652,1.9938947776453901,4.266464007101412,3.389860162032237,4.864393400359956,6.260358784746802
7,175,Normal Traffic,0.68,0.8955340399130682,0.2684216516434999,0.4527708460775289,0.8955340399130682,0.2684216516434999,0.4527708460775289,1.163955691556568,1.348304885990597,0.7211924977210288,1.616726537634097,3.137038001024319,3.0453431929186627,1.7269264308153034,3.137038001024319,3.0453431929186627,1.7269264308153034,6.182381193942982,4.863964431839622,4.772269623733966,7.909307624758285
8,200,Sybil Attack,0.84,0.9439696186668928,0.33502769840332997,0.42076621587170976,0.9439696186668928,0.33502769840332997,0.42076621587170976,1.2789973170702227,1.3647358345386025,0.7557939142750397,1.6997635329419325,3.4291695774326287,4.32588064468922,1.4406605865219142,3.4291695774326287,4.32588064468922,1.4406605865219142,7.755050222121849,4.869830163954543,5.766541231211134,9.195710808643764
9,225,Wormhole Attack,0.76,0.9258841259556977,0.2866527795289007,0.5103593728436497,0.9258841259556977,0.2866527795289007,0.5103593728436497,1.2125369054845985,1.4362434987993473,0.7970121523725504,1.7228962783282482,3.320089772219705,3.395846535797646,2.242027781160498,3.320089772219705,3.395846535797646,2.242027781160498,6.715936308017351,5.562117553380203,5.637874316958143,8.95796408917785
10,250,Sybil Attack,0.8,0.7251967738670164,0.27213189756439154,0.49827484333133654,0.7251967738670164,0.27213189756439154,0.49827484333133654,0.997328671431408,1.2234716171983528,0.770406740895728,1.4956035147627444,2.109675567635711,3.1166746874016242,2.1339375447952067,2.109675567635711,3.1166746874016242,2.1339375447952067,5.226350255037335,4.243613112430918,5.250612232196831,7.360287799832542
11,275,Sybil Attack,0.76,0.7591216283379444,0.35032121566658925,0.3104891159795664,0.7591216283379444,0.35032121566658925,0.3104891159795664,1.1094428440045336,1.0696107443175107,0.6608103316461557,1.4199319599841,2.3142879924481665,4.619906826659144,0.4542855869097961,2.3142879924481665,4.619906826659144,0.4542855869097961,6.934194819107311,2.7685735793579624,5.07419241356894,7.3884804060171065
12,300,Blackhole Attack,0.8,0.8120854938320903,0.32272930191665405,0.4413760046624267,0.8120854938320903,0.32272930191665405,0.4413760046624267,1.1348147957487442,1.253461498494517,0.7641053065790808,1.5761908004111709,2.633731218224854,4.089437287606363,1.6250051188893058,2.633731218224854,4.089437287606363,1.6250051188893058,6.723168505831216,4.2587363371141596,5.714442406495669,8.348173624720522
13,325,Wormhole Attack,0.76,0.836188682533687,0.22508069234548572,0.42823538003792294,0.836188682533687,0.22508069234548572,0.42823538003792294,1.0612693748791728,1.26442406257161,0.6533160723834086,1.4895047549170957,2.779105810477629,2.2120896930240814,1.5074686256230247,2.779105810477629,2.2120896930240814,1.5074686256230247,4.991195503501711,4.286574436100654,3.719558318647106,6.498664129124736
14,350,Wormhole Attack,0.84,0.7652624358958107,0.29128389552723916,0.5637171100300028,0.7652624358958107,0.29128389552723916,0.5637171100300028,1.0565463314230499,1.3289795459258134,0.8550010055572419,1.6202634414530528,2.351325307546995,3.484882258045956,2.7192867773434592,2.351325307546995,3.484882258045956,2.7192867773434592,5.836207565592951,5.070612084890454,6.204169035389415,8.55549434293641
15,375,Wormhole Attack,0.88,0.6204614210915543,0.2590009665844887,0.5823366728739064,0.6204614210915543,0.2590009665844887,0.5823366728739064,0.879462387676043,1.2027980939654608,0.8413376394583951,1.4617990605499496,1.4779807577629125,2.8642254021736537,2.885829707026014,1.4779807577629125,2.8642254021736537,2.885829707026014,4.342206159936566,4.363810464788926,5.750055109199668,7.22803586696258
16,400,Wormhole Attack,0.88,0.5555797445196298,0.18927121327470303,0.48068540913881747,0.5555797445196298,0.18927121327470303,0.48068540913881747,0.7448509577943327,1.0362651536584473,0.6699566224135205,1.2255363669331503,1.0866571286326676,1.5236329941318958,1.976608614656562,1.0866571286326676,1.5236329941318958,1.976608614656562,2.6102901227645634,3.0632657432892296,3.500241608788458,4.586898737421126
17,425,Blackhole Attack,0.8,0.8000764154606158,0.18354325012049807,0.4963955441180329,0.8000764154606158,0.18354325012049807,0.4963955441180329,0.9836196655811139,1.2964719595786487,0.679938794238531,1.4800152096991468,2.561300350541813,1.4135097891356656,2.1171281277665903,2.561300350541813,1.4135097891356656,2.1171281277665903,3.9748101396774786,4.678428478308403,3.530637916902256,6.091938267444069
18,450,Blackhole Attack,0.84,0.8536425675137,0.2045525965192625,0.40309399579668187,0.8536425675137,0.2045525965192625,0.40309399579668187,1.0581951640329625,1.256736563310382,0.6076465923159444,1.4612891598296445,2.8843761729848163,1.8174258929970348,1.2825911769464018,2.8843761729848163,1.8174258929970348,1.2825911769464018,4.701802065981851,4.166967349931218,3.1000170699434366,5.9843932429282525
19,475,Blackhole Attack,0.88,0.806921488074329,0.269452502769665,0.4276765670851141,0.806921488074329,0.269452502769665,0.4276765670851141,1.076373990843994,1.234598055159443,0.6971290698547791,1.5040505579291081,2.6025853295742043,3.0651618661243267,1.502470315668835,2.6025853295742043,3.0651618661243267,1.502470315668835,5.6677471956985315,4.10505564524304,4.5676321817931615,7.170217511367366
20,500,Normal Traffic,0.72,0.7010531581534796,0.23094863767976764,0.3753719612670818,0.7010531581534796,0.23094863767976764,0.3753719612670818,0.9320017958332472,1.0764251194205614,0.6063205989468494,1.307373757100329,1.9640571462178598,2.3249041315177057,1.0346310671400543,1.9640571462178598,2.3249041315177057,1.0346310671400543,4.288961277735566,2.998688213357914,3.3595351986577597,5.32359234487562
21,525,Wormhole Attack,0.76,0.907245021795987,0.2147175371570696,0.44422400300602777,0.907245021795987,0.2147175371570696,0.44422400300602777,1.1219625589530566,1.3514690248020147,0.6589415401630974,1.5661865619590845,3.207670946614467,2.0128524017744143,1.6504790782862462,3.207670946614467,2.0128524017744143,1.6504790782862462,5.220523348388881,4.858150024900713,3.6633314800606604,6.871002426675128
22,550,Blackhole Attack,0.84,0.9777255921536454,0.20321747437002283,0.5902130759948052,0.9777255921536454,0.20321747437002283,0.5902130759948052,1.1809430665236682,1.5679386681484506,0.793430550364828,1.7711561425184734,3.6327634231467876,1.7917574439903765,2.9562803004213785,3.6327634231467876,1.7917574439903765,2.9562803004213785,5.424520867137164,6.589043723568166,4.748037744411755,8.380801167558543
23,575,Blackhole Attack,0.84,0.8525996338991421,0.25787018361534764,0.3682917635101938,0.8525996338991421,0.25787018361534764,0.3682917635101938,1.1104698175144896,1.2208913974093358,0.6261619471255415,1.4787615810246835,2.8780858828974702,2.84248548497018,0.9713021433060534,2.8780858828974702,2.84248548497018,0.9713021433060534,5.720571367867651,3.8493880262035236,3.8137876282762333,6.6918735111737035
24,600,Normal Traffic,0.72,0.8680489918253291,0.2529595943007785,0.3656616069445973,0.8680489918253291,0.2529595943007785,0.3656616069445973,1.1210085861261077,1.2337105987699264,0.6186212012453758,1.486670193070705,2.971266255705896,2.748076736313407,0.9477766726153347,2.971266255705896,2.748076736313407,0.9477766726153347,5.719342992019303,3.9190429283212307,3.6958534089287416,6.6671196646346385
25,625,Wormhole Attack,0.72,0.8210384344276364,0.1800168958430262,0.6852344769853717,0.8210384344276364,0.1800168958430262,0.6852344769853717,1.0010553302706626,1.506272911413008,0.8652513728283978,1.6862898072560344,2.6877294715121716,1.3457137114492563,3.8062004965172354,2.6877294715121716,1.3457137114492563,3.8062004965172354,4.0334431829614275,6.493929968029407,5.151914207966492,7.839643679478662
26,650,Blackhole Attack,0.76,0.7711932409724793,0.26979282411157235,0.49000251794236394,0.7711932409724793,0.26979282411157235,0.49000251794236394,1.0409860650840517,1.2611957589148433,0.7597953420539363,1.5309885830264156,2.3870960257048908,3.071704728899543,2.0599456193608265,2.3870960257048908,3.071704728899543,2.0599456193608265,5.458800754604434,4.447041645065717,5.1316503482603695,7.518746373965261
27,675,Wormhole Attack,0.8,0.9420564955475009,0.2651543191335096,0.44711456919899456,0.9420564955475009,0.2651543191335096,0.44711456919899456,1.2072108146810105,1.3891710647464954,0.7122688883325041,1.6543253838800052,3.417630876190476,2.982526949499854,1.6763337863829864,3.417630876190476,2.982526949499854,1.6763337863829864,6.40015782569033,5.0939646625734625,4.65886073588284,8.076491612073317
28,700,Flooding Attack,0.88,0.8101967999703391,0.22907383115649294,0.5153201308519263,0.8101967999703391,0.22907383115649294,0.5153201308519263,1.039270631126832,1.3255169308222654,0.7443939620084192,1.5545907619787585,2.6223398582084836,2.288859957082106,2.2863993477257716,2.6223398582084836,2.288859957082106,2.2863993477257716,4.91119981529059,4.908739205934255,4.575259304807878,7.197599163016362
29,725,Blackhole Attack,0.92,0.8881842936698731,0.23800525672479275,0.5157651160720949,0.8881842936698731,0.23800525672479275,0.5157651160720949,1.1261895503946657,1.4039494097419678,0.7537703727968876,1.6419546664667606,3.092709162359289,2.4605714681878315,2.2903795239980935,3.092709162359289,2.4605714681878315,2.2903795239980935,5.55328063054712,5.383088686357382,4.750950992185925,7.843660154545214
30,750,Sybil Attack,0.76,0.826073009183842,0.2923500689031257,0.29138569967200667,0.826073009183842,0.2923500689031257,0.29138569967200667,1.1184230780869677,1.1174587088558487,0.5837357685751323,1.4098087777589745,2.7180947174309,3.5053800207014443,0.2834148234295366,2.7180947174309,3.5053800207014443,0.2834148234295366,6.223474738132344,3.0015095408604364,3.788794844130981,6.506889561561881
31,775,Blackhole Attack,0.72,0.8919775700845917,0.2386330723199563,0.2978425063055323,0.8919775700845917,0.2386330723199563,0.2978425063055323,1.130610642404548,1.1898200763901239,0.5364755786254886,1.4284531487100802,3.1155877125344884,2.4726415642454977,0.34116781699636406,3.1155877125344884,2.4726415642454977,0.34116781699636406,5.588229276779986,3.4567555295308523,2.8138093812418616,5.92939709377635
32,800,Wormhole Attack,0.84,0.9344200309956743,0.28041819107849997,0.3765817765169952,0.9344200309956743,0.28041819107849997,0.3765817765169952,1.2148382220741742,1.3110018075126695,0.6569999675954952,1.5914199985911694,3.371572741135465,3.2759831841127474,1.045452275875424,3.371572741135465,3.2759831841127474,1.045452275875424,6.647555925248213,4.417025017010889,4.321435459988171,7.693008201123637
33,825,Wormhole Attack,0.8,0.9597575625281359,0.22998968771799896,0.30976053276677673,0.9597575625281359,0.22998968771799896,0.30976053276677673,1.1897472502461348,1.2695180952949126,0.5397502204847757,1.4995077830129115,3.524392078063256,2.3064677972784646,0.4477687645873402,3.524392078063256,2.3064677972784646,0.4477687645873402,5.830859875341721,3.972160842650596,2.7542365618658047,6.278628639929061
34,850,Flooding Attack,0.8,0.8694202727448676,0.2930267164732893,0.3972854449390615,0.8694202727448676,0.2930267164732893,0.3972854449390615,1.1624469892181568,1.2667057176839291,0.6903121614123509,1.5597324341572183,2.9795369209282407,3.518388938020444,1.2306365158650356,2.9795369209282407,3.518388938020444,1.2306365158650356,6.497925858948685,4.210173436793276,4.74902545388548,7.728562374813721
35,875,Wormhole Attack,0.96,0.919293872755356,0.22025201864171812,0.5373789018283688,0.919293872755356,0.22025201864171812,0.5373789018283688,1.1395458913970742,1.456672774583725,0.7576309204700868,1.676924793225443,3.2803416964068663,2.119255816509086,2.4837043206948914,3.2803416964068663,2.119255816509086,2.4837043206948914,5.399597512915952,5.764046017101758,4.6029601372039775,7.883301833610844
36,900,Normal Traffic,0.68,0.8326664502798683,0.2833379626745743,0.43075247450343973,0.8326664502798683,0.2833379626745743,0.43075247450343973,1.1160044129544426,1.263418924783308,0.714090437178014,1.5467568874578823,2.7578620205352404,3.3321173800495036,1.5299828108425861,2.7578620205352404,3.3321173800495036,1.5299828108425861,6.089979400584744,4.287844831377827,4.86210019089209,7.61996221142733
37,925,Normal Traffic,0.64,0.746975268226548,0.275781667045628,0.29740341124276487,0.746975268226548,0.275781667045628,0.29740341124276487,1.022756935272176,1.0443786794693128,0.5731850782883929,1.3201603465149407,2.241029131539334,3.186843489461067,0.3372403253159473,2.241029131539334,3.186843489461067,0.3372403253159473,5.4278726210004,2.5782694568552813,3.524083814777014,5.765112946316347
38,950,Wormhole Attack,0.76,0.607557323990428,0.1515970581845266,0.4690786646338088,0.607557323990428,0.1515970581845266,0.4690786646338088,0.7591543821749547,1.076635988624237,0.6206757228183354,1.2282330468087634,1.400151725360151,0.79932688524752,1.872791932699717,1.400151725360151,0.79932688524752,1.872791932699717,2.199478610607671,3.272943658059868,2.6721188179472373,4.072270543307388
39,975,Sybil Attack,0.84,0.8223059209432698,0.26766638099240486,0.2852705837768703,0.8223059209432698,0.26766638099240486,0.2852705837768703,1.0899723019356746,1.1075765047201402,0.5529369647692752,1.375242885712545,2.6953741171097847,3.030822704134248,0.22871808725681728,2.6953741171097847,3.030822704134248,0.22871808725681728,5.726196821244033,2.9240922043666018,3.259540791391065,5.95491490850085
40,1000,Blackhole Attack,0.84,0.757832283366439,0.2748039429410132,0.4761042732169816,0.757832283366439,0.2748039429410132,0.4761042732169816,1.0326362263074522,1.2339365565834206,0.7509082161579947,1.5087404995244338,2.306511511011362,3.168046212121178,1.9356325829369807,2.306511511011362,3.168046212121178,1.9356325829369807,5.4745577231325395,4.242144093948343,5.103678795058158,7.41019030606952
41,1025,Normal Traffic,0.72,0.5988894052367899,0.22116724498202128,0.42263629762801513,0.5988894052367899,0.22116724498202128,0.42263629762801513,0.8200566502188111,1.021525702864805,0.6438035426100364,1.2426929478468263,1.3478725364905533,2.1368515403602717,1.457387557882736,1.3478725364905533,2.1368515403602717,1.457387557882736,3.484724076850825,2.8052600943732893,3.5942390982430075,4.942111634733561
42,1050,Wormhole Attack,0.76,0.7123649237432692,0.16255200864990993,0.3704740089316963,0.7123649237432692,0.16255200864990993,0.3704740089316963,0.8749169323931791,1.0828389326749654,0.5330260175816062,1.2453909413248754,2.032282281515651,1.0099417623591735,0.9908212667586406,2.032282281515651,1.0099417623591735,0.9908212667586406,3.0422240438748247,3.0231035482742916,2.000763029117814,4.033045310633465
43,1075,Blackhole Attack,0.8,0.6937229316877332,0.21001556335738858,0.7059635566707934,0.6937229316877332,0.21001556335738858,0.7059635566707934,0.9037384950451218,1.3996864883585265,0.9159791200281819,1.609702051715915,1.919846038020886,1.9224543997814971,3.9916120278928817,1.919846038020886,1.9224543997814971,3.9916120278928817,3.842300437802383,5.911458065913767,5.914066427674379,7.833912465695265
44,1100,Sybil Attack,0.8,0.7507096908925994,0.26138450575000277,0.4611216009748305,0.7507096908925994,0.26138450575000277,0.4611216009748305,1.0120941966426023,1.2118312918674299,0.7225061067248333,1.4732157976174327,2.2635527145846255,2.910050238171029,1.801619870039249,2.2635527145846255,2.910050238171029,1.801619870039249,5.173602952755655,4.065172584623874,4.711670108210278,6.975222822794904
45,1125,Blackhole Attack,0.84,0.8756451979045121,0.22074406899090412,0.4682466815536631,0.8756451979045121,0.22074406899090412,0.4682466815536631,1.0963892668954163,1.3438918794581753,0.6889907505445673,1.5646359484490793,3.0170815781140936,2.128715751919477,1.8653502488763427,3.0170815781140936,2.128715751919477,1.8653502488763427,5.14579733003357,4.8824318269904365,3.9940660007958195,7.011147578909913
46,1150,Blackhole Attack,0.84,0.9271103596568309,0.25269453787506396,0.4241408091257515,0.9271103596568309,0.25269453787506396,0.4241408091257515,1.1798048975318949,1.3512511687825823,0.6768353470008155,1.6039457066576464,3.3274856079539634,2.742980882461221,1.4708446811608014,3.3274856079539634,2.742980882461221,1.4708446811608014,6.070466490415185,4.798330289114765,4.213825563622023,7.541311171575986
47,1175,Sybil Attack,0.92,0.7495858027032708,0.26637121234766165,0.45082599427909736,0.7495858027032708,0.26637121234766165,0.45082599427909736,1.0159570150509325,1.2004117969823682,0.717197206626759,1.4667830093300298,2.2567741597102433,3.005922382967719,1.7095306778094683,2.2567741597102433,3.005922382967719,1.7095306778094683,5.262696542677962,3.9663048375197114,4.715453060777187,6.97222722048743
48,1200,Blackhole Attack,0.92,0.8139662887923201,0.14621370616676538,0.46528268667200523,0.8139662887923201,0.14621370616676538,0.46528268667200523,0.9601799949590855,1.2792489754643253,0.6114963928387707,1.4254626816310907,2.645074937258858,0.6958290166581274,1.8388387568883864,2.645074937258858,0.6958290166581274,1.8388387568883864,3.3409039539169854,4.483913694147244,2.5346677735465137,5.179742710805372
49,1225,Normal Traffic,0.76,0.8787334173446751,0.24865329267963085,0.33205790085533854,0.8787334173446751,0.24865329267963085,0.33205790085533854,1.127386710024306,1.2107913182000136,0.5807111935349694,1.4594446108796446,3.0357076880225744,2.665285747015036,0.6472078726271531,3.0357076880225744,2.665285747015036,0.6472078726271531,5.70099343503761,3.6829155606497275,3.312493619642189,6.3482013076647625
50,1250,Sybil Attack,0.8,0.8164582279485468,0.3276645936240057,0.4332918182893473,0.8164582279485468,0.3276645936240057,0.4332918182893473,1.1441228215725525,1.249750046237894,0.760956411913353,1.5774146398618998,2.660104676404168,4.184320953191031,1.55269600540691,2.660104676404168,4.184320953191031,1.55269600540691,6.844425629595198,4.212800681811078,5.737016958597941,8.397121635002108
51,1275,Wormhole Attack,0.88,0.6734092814991004,0.28517228492038343,0.5548983402472748,0.6734092814991004,0.28517228492038343,0.5548983402472748,0.9585815664194839,1.2283076217463753,0.8400706251676582,1.5134799066667588,1.797327451376689,3.367383222246148,2.640407172697296,1.797327451376689,3.367383222246148,2.640407172697296,5.164710673622837,4.437734624073985,6.007790394943444,7.805117846320133
52,1300,Blackhole Attack,0.92,0.8902846668678062,0.33918160249659934,0.35162844448532693,0.8902846668678062,0.33918160249659934,0.35162844448532693,1.2294662693644054,1.2419131113531332,0.6908100469819263,1.5810947138497324,3.105377233003732,4.405741708680522,0.822256862710488,3.105377233003732,4.405741708680522,0.822256862710488,7.511118941684254,3.92763409571422,5.22799857139101,8.333375804394741
53,1325,Normal Traffic,0.68,0.8665181662903084,0.29248478132560984,0.3793884727973877,0.8665181662903084,0.29248478132560984,0.3793884727973877,1.1590029476159183,1.245906639087696,0.6718732541229975,1.538391420413306,2.9620333222248156,3.507969940244811,1.070556808413831,2.9620333222248156,3.507969940244811,1.070556808413831,6.470003262469627,4.0325901306386465,4.578526748658642,7.5405600708834575
54,1350,Blackhole Attack,0.92,0.8152941878001452,0.23379213678924196,0.472100765714839,0.8152941878001452,0.23379213678924196,0.472100765714839,1.049086324589387,1.2873949535149842,0.705892902504081,1.5211870903042262,2.653083951302823,2.379571947442702,1.8998231563675905,2.653083951302823,2.379571947442702,1.8998231563675905,5.032655898745524,4.552907107670413,4.279395103810293,6.932479055113115
55,1375,Blackhole Attack,0.84,0.7172177393013962,0.29924452331191204,0.4860866338909662,0.7172177393013962,0.29924452331191204,0.4860866338909662,1.0164622626133082,1.2033043731923625,0.7853311572028783,1.5025488965042744,2.0615512754141183,3.637929654097493,2.0249199419222985,2.0615512754141183,3.637929654097493,2.0249199419222985,5.699480929511611,4.086471217336417,5.662849596019791,7.724400871433909
56,1400,Blackhole Attack,0.8,0.9292089306613135,0.25565582425046907,0.3766771166823624,0.9292089306613135,0.25565582425046907,0.3766771166823624,1.1848647549117826,1.305886047343676,0.6323329409328315,1.561541871594145,3.3401428089520184,2.799913222595407,1.0463050472637638,3.3401428089520184,2.799913222595407,1.0463050472637638,6.1400560315474255,4.386447856215782,3.846218269859171,7.186361078811189
57,1425,Sybil Attack,0.8,0.5970450196261572,0.2724321827368092,0.22071764804127592,0.5970450196261572,0.2724321827368092,0.22071764804127592,0.8694772023629664,0.8177626676674331,0.4931498307780851,1.0901948504042425,1.3367484147230109,3.122447833057284,-0.3486765125597708,1.3367484147230109,3.122447833057284,-0.3486765125597708,4.459196247780294,0.98807190216324,2.773771320497513,4.110519735220524
58,1450,Sybil Attack,0.76,0.9085074359875053,0.29755295112291746,0.43557952428256447,0.9085074359875053,0.29755295112291746,0.43557952428256447,1.2060603871104227,1.3440869602700698,0.733132475405482,1.6416399113929872,3.215284999286839,3.6054082593329646,1.573158422358201,3.215284999286839,3.6054082593329646,1.573158422358201,6.820693258619803,4.78844342164504,5.178566681691166,8.393851680978004
59,1475,Wormhole Attack,0.92,0.7489682956781685,0.22726250023774316,0.4017970820565106,0.7489682956781685,0.22726250023774316,0.4017970820565106,0.9762307959159117,1.1507653777346791,0.6290595822942537,1.3780278779724222,2.253049763195788,2.254036135644802,1.2709909145962897,2.253049763195788,2.254036135644802,1.2709909145962897,4.50708589884059,3.524040677792078,3.525027050241092,5.77807681343688
60,1500,Wormhole Attack,0.88,0.8579951307864752,0.21341006217284786,0.5320514099433834,0.8579951307864752,0.21341006217284786,0.5320514099433834,1.0714051929593231,1.3900465407298586,0.7454614721162313,1.6034566029027064,2.9106279738924763,1.9877154845424672,2.4360524980487974,2.9106279738924763,1.9877154845424672,2.4360524980487974,4.898343458434944,5.346680471941274,4.423767982591265,7.334395956483741
61,1525,Blackhole Attack,0.76,0.8907161231578355,0.26805676110851295,0.5789593820829075,0.8907161231578355,0.26805676110851295,0.5789593820829075,1.1587728842663485,1.469675505240743,0.8470161431914205,1.737732266349256,3.1079794937674197,3.0383279740522404,2.8556214842316194,3.1079794937674197,3.0383279740522404,2.8556214842316194,6.1463074678196605,5.9636009779990395,5.89394945828386,9.00192895205128
62,1550,Sybil Attack,0.92,0.6757116741111084,0.2605582681816056,0.5733988915349524,0.6757116741111084,0.2605582681816056,0.5733988915349524,0.9362699422927141,1.2491105656460608,0.833957159716558,1.5096688338276665,1.8112139703481103,2.8941653718283757,2.8058856019183667,1.8112139703481103,2.8941653718283757,2.8058856019183667,4.705379342176486,4.617099572266477,5.700050973746743,7.511264944094853
63,1575,Blackhole Attack,0.84,0.9715096026267743,0.23321908064594277,0.396382100538356,0.9715096026267743,0.23321908064594277,0.396382100538356,1.204728683272717,1.3678917031651303,0.6296011811842988,1.6011107838110732,3.5952726598248153,2.368554631610885,1.222556539752434,3.5952726598248153,2.368554631610885,1.222556539752434,5.963827291435701,4.8178291995772495,3.591111171363319,7.1863838311881345
64,1600,Blackhole Attack,0.72,0.7677313595007411,0.284672327492764,0.328609806061065,0.7677313595007411,0.284672327492764,0.328609806061065,1.0524036869935052,1.096341165561806,0.613282133553829,1.38101349305457,2.3662162320140236,3.3577712689550894,0.6163663424754663,2.3662162320140236,3.3577712689550894,0.6163663424754663,5.723987500969113,2.98258257448949,3.9741376114305558,6.3403538434445785
65,1625,Wormhole Attack,0.8,0.9268774549154891,0.24698696721477778,0.5469790130607582,0.9268774549154891,0.24698696721477778,0.5469790130607582,1.173864422130267,1.4738564679762474,0.793965980275536,1.7208434351910253,3.326080879632517,2.633249734244642,2.569572644421086,3.326080879632517,2.633249734244642,2.569572644421086,5.959330613877159,5.895653524053603,5.2028223786657275,8.528903258298245
66,1650,Sybil Attack,0.76,0.8441821925493657,0.22511773382440464,0.33300920753682656,0.8441821925493657,0.22511773382440464,0.33300920753682656,1.0692999263737704,1.1771914000861923,0.5581269413612312,1.4023091339105969,2.82731740909988,2.212801835589691,0.6557168480037407,2.82731740909988,2.212801835589691,0.6557168480037407,5.040119244689571,3.483034257103621,2.8685186835934315,5.695836092693312
67,1675,Sybil Attack,0.92,0.6825698250395419,0.29268649064776536,0.2681096534151242,0.6825698250395419,0.29268649064776536,0.2681096534151242,0.9752563156873073,0.9506794784546662,0.5607961440628896,1.2433659691024315,1.852577829179077,3.5118479115996157,0.07522191538190873,1.852577829179077,3.5118479115996157,0.07522191538190873,5.364425740778692,1.9277997445609858,3.5870698269815247,5.439647656160601
68,1700,Blackhole Attack,0.8,0.9458695747964245,0.26881994157217026,0.5633050479839556,0.9458695747964245,0.26881994157217026,0.5633050479839556,1.214689516368595,1.5091746227803802,0.8321249895561259,1.7779945643525505,3.4406288640460443,3.053000533282436,2.715601082843808,3.4406288640460443,3.053000533282436,2.715601082843808,6.49362939732848,6.1562299468898525,5.768601616126244,9.209230480172288
69,1725,Sybil Attack,0.72,0.8880214854087002,0.3174383358272262,0.35016090492182134,0.8880214854087002,0.3174383358272262,0.35016090492182134,1.2054598212359264,1.2381823903305216,0.6675992407490475,1.5556207261577477,3.091727209934802,3.987715588704297,0.809130435394215,3.091727209934802,3.987715588704297,0.809130435394215,7.079442798639099,3.900857645329017,4.796846024098512,7.888573234033315
70,1750,Normal Traffic,0.72,0.7079640547283405,0.3278412250013731,0.4402402507159932,0.7079640547283405,0.3278412250013731,0.4402402507159932,1.0358052797297135,1.1482043054443336,0.7680814757173663,1.4760455304457067,2.005739132120619,4.187716787426507,1.614846352476619,2.005739132120619,4.187716787426507,1.614846352476619,6.193455919547127,3.620585484597238,5.8025631399031266,7.808302272023745
71,1775,Wormhole Attack,0.8,0.8742151023197939,0.2941777988475958,0.5875170202721671,0.8742151023197939,0.2941777988475958,0.5875170202721671,1.1683929011673897,1.461732122591961,0.8816948191197629,1.7559099214395568,3.008456181487749,3.54051912232169,2.9321653938363093,3.008456181487749,3.54051912232169,2.9321653938363093,6.5489753038094385,5.940621575324059,6.472684516157999,9.481140697645747
72,1800,Normal Traffic,0.72,0.8939018641699198,0.2297223680450278,0.41149761583717187,0.8939018641699198,0.2297223680450278,0.41149761583717187,1.1236242322149477,1.3053994800070916,0.6412199838821997,1.5351218480521196,3.12719378970097,2.3013284312676134,1.3577574691529062,3.12719378970097,2.3013284312676134,1.3577574691529062,5.428522220968583,4.484951258853876,3.6590859004205196,6.786279690121489
73,1825,Sybil Attack,0.84,0.8030869803771216,0.2827883800335249,0.38443920803033904,0.8030869803771216,0.2827883800335249,0.38443920803033904,1.0858753604106464,1.1875261884074606,0.667227588063864,1.4703145684409855,2.579458099402591,3.321551355057143,1.1157331774724648,2.579458099402591,3.321551355057143,1.1157331774724648,5.901009454459734,3.6951912768750557,4.437284532529608,7.016742631932199
74,1850,Normal Traffic,0.68,0.6308029305045411,0.3291289755034795,0.491514466518972,0.6308029305045411,0.3291289755034795,0.491514466518972,0.9599319060080206,1.122317397023513,0.8206434420224515,1.4514463725269926,1.5403539455101247,4.2124744907688125,2.0734692636906464,1.5403539455101247,4.2124744907688125,2.0734692636906464,5.7528284362789375,3.6138232092007714,6.285943754459459,7.826297699969584
75,1875,Blackhole Attack,0.72,0.8660518880049235,0.3024823500348095,0.27778793085828174,0.8660518880049235,0.3024823500348095,0.27778793085828174,1.168534238039733,1.1438398188632053,0.5802702808930913,1.4463221688980148,2.9592210380721524,3.7001786327219723,0.1617893978291018,2.9592210380721524,3.7001786327219723,0.1617893978291018,6.659399670794125,3.1210104359012543,3.861968030551074,6.821189068623227
76,1900,Sybil Attack,0.88,0.6362060815385087,0.37786728792672963,0.32221985056722874,0.6362060815385087,0.37786728792672963,0.32221985056722874,1.0140733694652382,0.9584259321057373,0.7000871384939584,1.3362932200324669,1.572942201286887,5.1494950381541,0.5592112998245556,1.572942201286887,5.1494950381541,0.5592112998245556,6.722437239440987,2.1321535011114428,5.708706337978656,7.281648539265543
77,1925,Blackhole Attack,0.88,0.9009816210590214,0.2586984921947528,0.38660390023338614,0.9009816210590214,0.2586984921947528,0.38660390023338614,1.1596801132537742,1.2875855212924074,0.6453023924281389,1.5462840134871603,3.169894230034565,2.858410167625132,1.1350952959270604,3.169894230034565,2.858410167625132,1.1350952959270604,6.0283043976596975,4.304989525961625,3.9935054635521925,7.163399693586758
78,1950,Wormhole Attack,0.92,0.6541400330316467,0.1894885127761448,0.5663417983258608,0.6541400330316467,0.1894885127761448,0.5663417983258608,0.8436285458077915,1.2204818313575077,0.7558303111020057,1.4099703441336522,1.6811080094740531,1.5278106951573092,2.7427633370221325,1.6811080094740531,1.5278106951573092,2.7427633370221325,3.2089187046313623,4.423871346496186,4.270574032179441,5.951682041653495
79,1975,Blackhole Attack,0.8,0.6970969477632816,0.2800082561209981,0.3783395306963116,0.6970969477632816,0.2800082561209981,0.3783395306963116,0.9771052038842797,1.0754364784595931,0.6583477868173098,1.3554447345805913,1.9401958853921033,3.268101961740191,1.061174531716729,1.9401958853921033,3.268101961740191,1.061174531716729,5.208297847132295,3.0013704171088325,4.32927649345692,6.269472378849024
80,2000,Normal Traffic,0.72,0.6545915787782863,0.21655965657991608,0.31408138196418195,0.6545915787782863,0.21655965657991608,0.31408138196418195,0.8711512353582024,0.9686729607424682,0.530641038544098,1.1852326173223844,1.6838314366360727,2.0482681489376513,0.48641665820789265,1.6838314366360727,2.0482681489376513,0.48641665820789265,3.732099585573724,2.1702480948439655,2.534684807145544,4.218516243781616
81,2025,Wormhole Attack,0.92,0.7405991565799059,0.2004644467209761,0.45573006627622,0.7405991565799059,0.2004644467209761,0.45573006627622,0.941063603300882,1.196329222856126,0.6561945129971961,1.396793669577102,2.202572616832325,1.738828991066635,1.7533952155873997,2.202572616832325,1.738828991066635,1.7533952155873997,3.9414016078989604,3.955967832419725,3.4922242066540345,5.69479682348636
82,2050,Wormhole Attack,0.84,0.7704815277963489,0.17524013802087474,0.5451908958869689,0.7704815277963489,0.17524013802087474,0.5451908958869689,0.9457216658172236,1.315672423683318,0.7204310339078437,1.4909125617041925,2.382803439605109,1.2538779459765044,2.5535788063683267,2.382803439605109,1.2538779459765044,2.5535788063683267,3.6366813855816136,4.9363822459734354,3.807456752344831,6.190260191949941
83,2075,Blackhole Attack,0.84,0.9378125029688209,0.21359672084968004,0.5830709504027538,0.9378125029688209,0.21359672084968004,0.5830709504027538,1.151409223818501,1.5208834533715747,0.7966676712524339,1.7344801742212548,3.3920339023507227,1.9913040990603565,2.8923974622348503,3.3920339023507227,1.9913040990603565,2.8923974622348503,5.383338001411079,6.284431364585573,4.883701561295207,8.27573546364593
84,2100,Flooding Attack,0.76,0.8081285055447103,0.2769430262808695,0.4773462749085976,0.8081285055447103,0.2769430262808695,0.4773462749085976,1.0850715318255797,1.285474780453308,0.7542893011894671,1.5624178067341772,2.6098652656345744,3.209171251999636,1.9467416837320157,2.6098652656345744,3.209171251999636,1.9467416837320157,5.81903651763421,4.55660694936659,5.155912935731651,7.765778201366226
85,2125,Sybil Attack,0.84,0.8987342094548002,0.28758510165633316,0.3382400460298585,0.8987342094548002,0.28758510165633316,0.3382400460298585,1.1863193111111334,1.2369742554846588,0.6258251476861917,1.5245593571409919,3.156339320365449,3.413770935448575,0.7025041530886748,3.156339320365449,3.413770935448575,0.7025041530886748,6.570110255814024,3.8588434734541237,4.116275088537249,7.272614408902698
86,2150,Normal Traffic,0.64,0.713562617243013,0.14999382029190741,0.5441961221733594,0.713562617243013,0.14999382029190741,0.5441961221733594,0.8635564375349204,1.2577587394163725,0.6941899424652669,1.4077525597082798,2.0395059815133827,0.7685037653437169,2.544681039539716,2.0395059815133827,0.7685037653437169,2.544681039539716,2.8080097468570995,4.584187021053099,3.313184804883433,5.352690786396815
87,2175,Blackhole Attack,0.76,0.756671238667394,0.2599665964228841,0.4530015792867245,0.756671238667394,0.2599665964228841,0.4530015792867245,1.016637835090278,1.2096728179541185,0.7129681757096087,1.4696394143770026,2.299508852491756,2.8827901606718003,1.7289902271007829,2.299508852491756,2.8827901606718003,1.7289902271007829,5.182299013163556,4.028499079592539,4.611780387772583,6.911289240264339
88,2200,Blackhole Attack,0.76,0.8731743608571242,0.27128796901088226,0.34580706461669025,0.8731743608571242,0.27128796901088226,0.34580706461669025,1.1444623298680066,1.2189814254738145,0.6170950336275725,1.4902693944846968,3.0021791130197855,3.1004497022544957,0.7701874523679552,3.0021791130197855,3.1004497022544957,0.7701874523679552,6.102628815274281,3.7723665653877405,3.8706371546224507,6.872816267642237
89,2225,Normal Traffic,0.72,0.9920819319831123,0.28223317538920384,0.4949139019827709,0.9920819319831123,0.28223317538920384,0.4949139019827709,1.2743151073723162,1.4869958339658833,0.7771470773719747,1.769229009355087,3.719351429189854,3.3108772439961207,2.103875559808023,3.719351429189854,3.3108772439961207,2.103875559808023,7.030228673185975,5.823226988997877,5.414752803804143,9.134104232993998
90,2250,Normal Traffic,0.68,0.6704092429382422,0.23966943463650697,0.3242308567661293,0.6704092429382422,0.23966943463650697,0.3242308567661293,0.9100786775747491,0.9946400997043715,0.5639002914026363,1.2343095343408783,1.779233190574654,2.4925661930818577,0.5771987717530027,1.779233190574654,2.4925661930818577,0.5771987717530027,4.271799383656512,2.3564319623276564,3.06976496483486,4.8489981554095145
91,2275,Flooding Attack,0.76,0.8482806649731885,0.2903290153222583,0.47670591481897623,0.8482806649731885,0.2903290153222583,0.47670591481897623,1.1386096802954468,1.3249865797921647,0.7670349301412345,1.6153155951144231,2.8520367010097103,3.466524167093022,1.9410139743184596,2.8520367010097103,3.466524167093022,1.9410139743184596,6.3185608681027325,4.793050675328169,5.407538141411481,8.259574842421191
92,2300,Wormhole Attack,0.8,0.8802644633108652,0.21135337029063664,0.5856636663936682,0.8802644633108652,0.21135337029063664,0.5856636663936682,1.0916178336015019,1.4659281297045332,0.7970170366843048,1.67728149999517,3.044941950999588,1.9481744652199946,2.915588045202971,3.044941950999588,1.9481744652199946,2.915588045202971,4.993116416219583,5.96052999620256,4.863762510422966,7.908704461422554
93,2325,Wormhole Attack,0.8,0.5979035109446715,0.16504772597164633,0.6361242631428994,0.5979035109446715,0.16504772597164633,0.6361242631428994,0.7629512369163178,1.234027774087571,0.8011719891145457,1.3990755000592172,1.3419262701066557,1.0579232843828372,3.3669335298741383,1.3419262701066557,1.0579232843828372,3.3669335298741383,2.399849554489493,4.708859799980794,4.424856814256976,5.766783084363631
94,2350,Blackhole Attack,0.76,0.875932563323726,0.2579826452642513,0.48850758575730596,0.875932563323726,0.2579826452642513,0.48850758575730596,1.1339152085879773,1.364440149081032,0.7464902310215573,1.6224227943452834,3.0188147774497898,2.844647621297356,2.046574178373542,3.0188147774497898,2.844647621297356,2.046574178373542,5.863462398747146,5.065388955823332,4.891221799670898,7.910036577120687
95,2375,Flooding Attack,0.8,0.7634939004647837,0.2466374988802749,0.30553445988943584,0.7634939004647837,0.2466374988802749,0.30553445988943584,1.0101313993450587,1.0690283603542197,0.5521719587697107,1.3156658592344945,2.340658664209755,2.6265310155650536,0.4099685990332505,2.340658664209755,2.6265310155650536,0.4099685990332505,4.967189679774808,2.7506272632430058,3.0364996145983043,5.377158278808059
96,2400,Flooding Attack,0.76,0.8063935844106566,0.2945577011666129,0.43401098555399426,0.8063935844106566,0.2945577011666129,0.43401098555399426,1.1009512855772694,1.2404045699646509,0.7285686867206072,1.5349622711312636,2.599401361643437,3.5478229508955432,1.559128606654866,2.599401361643437,3.5478229508955432,1.559128606654866,6.14722431253898,4.158529968298303,5.106951557550409,7.706352919193846
97,2425,Blackhole Attack,0.8,0.9238213912625368,0.20297144828885924,0.6890684310833101,0.9238213912625368,0.20297144828885924,0.6890684310833101,1.126792839551396,1.612889822345847,0.8920398793721693,1.8158612706347061,3.3076487122978677,1.7870274588558688,3.8404933503877636,3.3076487122978677,1.7870274588558688,3.8404933503877636,5.094676171153736,7.148142062685631,5.627520809243633,8.9351695215415
98,2450,Wormhole Attack,0.88,0.6564476556587336,0.21448654665505992,0.4535734281512876,0.6564476556587336,0.21448654665505992,0.4535734281512876,0.8709342023137936,1.1100210838100213,0.6680599748063475,1.3245076304650811,1.6950260724589652,2.0084114838215257,1.7341051369425657,1.6950260724589652,2.0084114838215257,1.7341051369425657,3.703437556280491,3.4291312094015307,3.7425166207640914,5.437542693223056
99,2475,Normal Traffic,0.68,0.6163769409332842,0.16378019320577167,0.5911728439058134,0.6163769409332842,0.16378019320577167,0.5911728439058134,0.7801571341390559,1.2075497848390975,0.754953037111585,1.3713299780448693,1.4533458580023786,1.0335542780086635,2.9648649573789365,1.4533458580023786,1.0335542780086635,2.9648649573789365,2.486900136011042,4.418210815381315,3.9984192353876002,5.451765093389978
100,2500,Wormhole Attack,0.8,0.8007831112681085,0.24328628031166188,0.5578967672700315,0.8007831112681085,0.24328628031166188,0.5578967672700315,1.0440693915797703,1.35867987853814,0.8011830475816933,1.6019661588498018,2.565562675171674,2.5621020170740945,2.6672266434332985,2.565562675171674,2.5621020170740945,2.6672266434332985,5.1276646922457685,5.232789318604972,5.229328660507393,7.794891335679067
101,2525,Wormhole Attack,0.76,0.7621988958919953,0.22445540827079752,0.557668166718318,0.7621988958919953,0.22445540827079752,0.557668166718318,0.9866543041627929,1.3198670626103133,0.7821235749891156,1.5443224708811107,2.332848047777825,2.2000682668235276,2.665181922731283,2.332848047777825,2.2000682668235276,2.665181922731283,4.532916314601353,4.9980299705091085,4.865250189554811,7.198098237332636
102,2550,Sybil Attack,0.84,0.7803558270205708,0.266955076035507,0.43637086965914457,0.7803558270205708,0.266955076035507,0.43637086965914457,1.0473109030560779,1.2167266966797154,0.7033259456946516,1.4836817727152225,2.442358722570971,3.01714747971773,1.5802366216967825,2.442358722570971,3.01714747971773,1.5802366216967825,5.459506202288701,4.022595344267754,4.597384101414512,7.039742823985483
103,2575,Wormhole Attack,0.8,0.820293523678103,0.24452178635189362,0.5166730262991478,0.820293523678103,0.24452178635189362,0.5166730262991478,1.0648153100299966,1.3369665499772507,0.7611948126510414,1.5814883363291443,2.683236659468969,2.5858552922400904,2.298500339205721,2.683236659468969,2.5858552922400904,2.298500339205721,5.2690919517090595,4.98173699867469,4.884355631445811,7.567592290914781
104,2600,Blackhole Attack,0.72,0.8190092163466158,0.21742221375155685,0.5394123125420986,0.8190092163466158,0.21742221375155685,0.5394123125420986,1.0364314300981727,1.3584215288887145,0.7568345262936556,1.5758437426402714,2.675490561765729,2.0648512793936904,2.5018921901068385,2.675490561765729,2.0648512793936904,2.5018921901068385,4.740341841159419,5.1773827518725675,4.566743469500529,7.242234031266258
105,2625,Flooding Attack,0.84,0.6017522536773069,0.30487977829093516,0.2719741819517067,0.6017522536773069,0.30487977829093516,0.2719741819517067,0.906632031968242,0.8737264356290135,0.5768539602426419,1.1786062139199487,1.3651393566558903,3.7462704940355818,0.10978824272911655,1.3651393566558903,3.7462704940355818,0.10978824272911655,5.111409850691472,1.4749275993850068,3.856058736764698,5.221198093420589
106,2650,Blackhole Attack,0.84,0.9635093650342772,0.2772138920781465,0.3463336949343841,0.9635093650342772,0.2772138920781465,0.3463336949343841,1.2407232571124238,1.3098430599686612,0.6235475870125307,1.5870569520468079,3.5470204848809437,3.214378794177715,0.7748979043105529,3.5470204848809437,3.214378794177715,0.7748979043105529,6.761399279058659,4.321918389191497,3.989276698488268,7.536297183369212
107,2675,Blackhole Attack,0.76,0.9047384732641891,0.2372505543777556,0.4628911384794048,0.9047384732641891,0.2372505543777556,0.4628911384794048,1.1419890276419447,1.367629611743594,0.7001416928571604,1.6048801661213494,3.192553093317829,2.446061905357824,1.817447521991424,3.192553093317829,2.446061905357824,1.817447521991424,5.638614998675653,5.010000615309253,4.263509427349248,7.456062520667077
108,2700,Blackhole Attack,0.96,0.8216623259870783,0.26259673741544814,0.32965330470380766,0.8216623259870783,0.26259673741544814,0.32965330470380766,1.0842590634025264,1.151315630690886,0.5922500421192558,1.4139123681063341,2.6914923753414817,2.9333560508312875,0.6256999300864683,2.6914923753414817,2.9333560508312875,0.6256999300864683,5.624848426172769,3.31719230542795,3.5590559809177558,6.250548356259237
109,2725,Blackhole Attack,0.72,0.8949842918156442,0.22525452561182102,0.6084632643182636,0.8949842918156442,0.22525452561182102,0.6084632643182636,1.1202388174274653,1.5034475561339078,0.8337177899300846,1.728702081745729,3.1337222818265738,2.2154317320540904,3.1195193547497815,3.1337222818265738,2.2154317320540904,3.1195193547497815,5.349154013880664,6.253241636576355,5.334951086803872,8.468673368630446
110,2750,Blackhole Attack,0.76,1.0091156929774645,0.33098725694687053,0.331544014150915,1.0091156929774645,0.33098725694687053,0.331544014150915,1.340102949924335,1.3406597071283795,0.6625312710977855,1.67164696407525,3.8220878799450655,4.248200961561666,0.6426114061044371,3.8220878799450655,4.248200961561666,0.6426114061044371,8.07028884150673,4.464699286049503,4.890812367666102,8.712900247611168
111,2775,Wormhole Attack,0.68,0.6915912908718138,0.23532577784696096,0.4961007685829819,0.6915912908718138,0.23532577784696096,0.4961007685829819,0.9269170687187748,1.1876920594547957,0.7314265464299429,1.4230178373017566,1.906989381655617,2.4090570303671344,2.1144915040382193,1.906989381655617,2.4090570303671344,2.1144915040382193,4.316046412022751,4.021480885693836,4.523548534405354,6.43053791606097
112,2800,Normal Traffic,0.6,0.8558524809131829,0.23924329908718206,0.6042016914521602,0.8558524809131829,0.23924329908718206,0.6042016914521602,1.095095780000365,1.460054172365343,0.8434449905393422,1.699297471452525,2.8977049181289174,2.4843735055258915,3.08140165906989,2.8977049181289174,2.4843735055258915,3.08140165906989,5.382078423654809,5.979106577198808,5.565775164595781,8.463480082724699
113,2825,Flooding Attack,0.84,0.8032852210121024,0.20540574294446534,0.3682933370335793,0.8032852210121024,0.20540574294446534,0.3682933370335793,1.0086909639565678,1.1715785580456817,0.5736990799780446,1.376984300990147,2.580653756617703,1.833828096737721,0.9713162177070872,2.580653756617703,1.833828096737721,0.9713162177070872,4.414481853355424,3.5519699743247903,2.8051443144448083,5.385798071062511
114,2850,Blackhole Attack,0.8,0.7187891099170658,0.23123486882459846,0.6089088842965849,0.7187891099170658,0.23123486882459846,0.6089088842965849,0.9500239787416642,1.3276979942136506,0.8401437531211833,1.558932863038249,2.071028750173125,2.3304070808541324,3.123505208624917,2.071028750173125,2.3304070808541324,3.123505208624917,4.401435831027257,5.194533958798042,5.4539122894790495,7.524941039652174
115,2875,Blackhole Attack,0.76,0.7727182798604739,0.2646566796462203,0.4551812039518494,0.7727182798604739,0.2646566796462203,0.4551812039518494,1.0373749595066943,1.2278994838123234,0.7198378835980697,1.4925561634585438,2.3962940579344254,2.972959559871527,1.7484859091627873,2.3962940579344254,2.972959559871527,1.7484859091627873,5.369253617805953,4.144779967097213,4.721445469034315,7.11773952696874
116,2900,Wormhole Attack,0.72,0.6324871433895994,0.16198235999423963,0.5211423713544988,0.6324871433895994,0.16198235999423963,0.5211423713544988,0.794469503383839,1.1536295147440983,0.6831247313487384,1.3156118747383378,1.5505120106716863,0.9989899573291158,2.338476456020091,1.5505120106716863,0.9989899573291158,2.338476456020091,2.549501968000802,3.888988466691777,3.337466413349207,4.887978424020893
117,2925,Blackhole Attack,0.84,0.9160828244486898,0.29180069172635886,0.38540547268378283,0.9160828244486898,0.29180069172635886,0.38540547268378283,1.2078835161750487,1.3014882971324726,0.6772061644101417,1.5932889888588315,3.2609747635058004,3.494817945871593,1.1243759446299073,3.2609747635058004,3.494817945871593,1.1243759446299073,6.755792709377394,4.385350708135707,4.6191938905015,7.880168654007301
118,2950,Blackhole Attack,0.76,0.8552292107552615,0.24698452214345265,0.62066813095259,0.8552292107552615,0.24698452214345265,0.62066813095259,1.102213732898714,1.4758973417078516,0.8676526530960427,1.722881863851304,2.8939457621851585,2.6332027264194315,3.2286859481175254,2.8939457621851585,2.6332027264194315,3.2286859481175254,5.52714848860459,6.122631710302684,5.8618886745369565,8.755834436722115
119,2975,Wormhole Attack,0.72,0.5375179001379653,0.22857000219212795,0.3737688283036277,0.5375179001379653,0.22857000219212795,0.3737688283036277,0.7660879023300933,0.911286728441593,0.6023388304957557,1.139856730633721,0.9777199546004366,2.279173571392793,1.0202918228386373,0.9777199546004366,2.279173571392793,1.0202918228386373,3.2568935259932297,1.998011777439074,3.2994653942314303,4.277185348831867
120,3000,Blackhole Attack,0.72,0.8566826816442864,0.2700239645030213,0.4494125660544312,0.8566826816442864,0.2700239645030213,0.4494125660544312,1.1267066461473076,1.3060952476987175,0.7194365305574525,1.576119212201739,2.9027121432834933,3.0761485285583716,1.6968882500894755,2.9027121432834933,3.0761485285583716,1.6968882500894755,5.978860671841865,4.5996003933729686,4.773036778647847,7.675748921931341
121,3025,Wormhole Attack,0.72,0.8232053342260758,0.30465611062403875,0.343925961154222,0.8232053342260758,0.30465611062403875,0.343925961154222,1.1278614448501145,1.167131295380298,0.6485820717782608,1.4717874060043366,2.7007987868857795,3.741970361567973,0.7533618972084779,2.7007987868857795,3.741970361567973,0.7533618972084779,6.442769148453753,3.4541606840942576,4.495332258776451,7.196131045662231
122,3050,Wormhole Attack,0.72,0.7659477810320222,0.25596167234234246,0.45246143991131416,0.7659477810320222,0.25596167234234246,0.45246143991131416,1.0219094533743647,1.2184092209433364,0.7084231122536566,1.4743708932856787,2.355458858960571,2.805793318401253,1.7241589432101838,2.355458858960571,2.805793318401253,1.7241589432101838,5.161252177361824,4.079617802170755,4.529952261611436,6.885411120572008
123,3075,Flooding Attack,0.88,0.6543313031951338,0.25529552062087896,0.48864448483539863,0.6543313031951338,0.25529552062087896,0.48864448483539863,0.9096268238160128,1.1429757880305325,0.7439400054562776,1.3982713086514114,1.6822616253865077,2.792986189478389,2.047798674014365,1.6822616253865077,2.792986189478389,2.047798674014365,4.475247814864897,3.730060299400873,4.840784863492754,6.523046488879261
124,3100,Blackhole Attack,0.84,0.8433892569791983,0.2828449311882696,0.4010518582782062,0.8433892569791983,0.2828449311882696,0.4010518582782062,1.126234188167468,1.2444411152574046,0.6838967894664758,1.5272860464456741,2.822534942903274,3.322638581744722,1.2643252505123153,2.822534942903274,3.322638581744722,1.2643252505123153,6.145173524647996,4.086860193415589,4.586963832257037,7.409498775160311
125,3125,Blackhole Attack,0.76,0.8270881543388253,0.2773647768427454,0.4305683384621707,0.8270881543388253,0.2773647768427454,0.4305683384621707,1.1044529311815707,1.257656492800996,0.7079331153049161,1.5350212696437415,2.7242174057942576,3.217279635788495,1.5283358035508368,2.7242174057942576,3.217279635788495,1.5283358035508368,5.941497041582753,4.252553209345095,4.745615439339332,7.46983284513359
126,3150,Blackhole Attack,0.8,0.8799105182871051,0.2323010793158525,0.5603826204485005,0.8799105182871051,0.2323010793158525,0.5603826204485005,1.1122115976029576,1.4402931387356057,0.792683699764353,1.6725942180514581,3.0428071872491964,2.3509055570727346,2.689461390541686,3.0428071872491964,2.3509055570727346,2.689461390541686,5.393712744321931,5.732268577790883,5.040366947614421,8.083174134863617
127,3175,Wormhole Attack,0.72,0.799957413195665,0.18432222104441273,0.6935208833557354,0.799957413195665,0.18432222104441273,0.6935208833557354,0.9842796342400778,1.4934782965514004,0.8778431044001481,1.6778005175958133,2.56058260709473,1.4284859285469995,3.880318369478598,2.56058260709473,1.4284859285469995,3.880318369478598,3.9890685356417297,6.440900976573328,5.308804298025597,7.869386905120328
128,3200,Blackhole Attack,0.8,0.7253858197666513,0.2590215775778094,0.5565074051234793,0.7253858197666513,0.2590215775778094,0.5565074051234793,0.9844073973444607,1.2818932248901307,0.8155289827012887,1.54091480246794,2.1108157682505224,2.8646216597230705,2.6547994750718997,2.1108157682505224,2.8646216597230705,2.6547994750718997,4.975437427973593,4.765615243322422,5.51942113479497,7.630236903045493
129,3225,Blackhole Attack,0.88,0.6105488694697113,0.2098991088771266,0.495171236292693,0.6105488694697113,0.2098991088771266,0.495171236292693,0.8204479783468379,1.1057201057624044,0.7050703451698196,1.315619214639531,1.4181947614762656,1.9202154991012081,2.1061772899958666,1.4181947614762656,1.9202154991012081,2.1061772899958666,3.338410260577474,3.524372051472132,4.026392789097075,5.44458755057334
130,3250,Flooding Attack,0.84,0.7158427523949898,0.32423816228278346,0.22501298515769338,0.7158427523949898,0.32423816228278346,0.22501298515769338,1.0400809146777732,0.9408557375526833,0.5492511474404769,1.2650938998354666,2.0532582581147727,4.1184459482657765,-0.31025681208991784,2.0532582581147727,4.1184459482657765,-0.31025681208991784,6.171704206380549,1.7430014460248549,3.8081891361758586,5.861447394290631
131,3275,Sybil Attack,0.76,0.8891328662228387,0.25773540137692635,0.3549875269487378,0.8891328662228387,0.25773540137692635,0.3549875269487378,1.146868267599765,1.2441203931715765,0.6127229283256641,1.501855794548503,3.0984303285426003,2.839894223177474,0.8523022208744637,3.0984303285426003,2.839894223177474,0.8523022208744637,5.938324551720074,3.950732549417064,3.6921964440519375,6.790626772594537
132,3300,Sybil Attack,0.88,0.824081026894043,0.264349575393664,0.47502158776463915,0.824081026894043,0.264349575393664,0.47502158776463915,1.088430602287707,1.2991026146586822,0.7393711631583031,1.5634521900523461,2.706080389503612,2.9670553136937827,1.9259484883817302,2.706080389503612,2.9670553136937827,1.9259484883817302,5.673135703197395,4.632028877885342,4.893003802075513,7.599084191579125
133,3325,Wormhole Attack,0.84,0.7799051656005286,0.17576794293681686,0.5086774067669747,0.7799051656005286,0.17576794293681686,0.5086774067669747,0.9556731085373454,1.2885825723675033,0.6844453497037916,1.4643505153043201,2.4396406290857566,1.264025282366691,2.2269834130201445,2.4396406290857566,1.264025282366691,2.2269834130201445,3.7036659114524477,4.6666240421059015,3.4910086953868356,5.930649324472592
134,3350,Wormhole Attack,0.8,0.9167217240269828,0.24060252360608256,0.4288621485717793,0.9167217240269828,0.24060252360608256,0.4288621485717793,1.1573242476330654,1.345583872598762,0.6694646721778619,1.5861863962048446,3.264828185840691,2.510505335689795,1.5130747651836778,3.264828185840691,2.510505335689795,1.5130747651836778,5.775333521530486,4.777902951024369,4.023580100873472,7.288408286714164
135,3375,Sybil Attack,0.88,0.7844460239579589,0.28656735481892537,0.34058108785892643,0.7844460239579589,0.28656735481892537,0.34058108785892643,1.0710133787768843,1.1250271118168853,0.6271484426778517,1.4115944666358107,2.46702810218575,3.394204199316928,0.7234436331393587,2.46702810218575,3.394204199316928,0.7234436331393587,5.861232301502678,3.190471735325109,4.117647832456287,6.5846759346420365
136,3400,Normal Traffic,0.68,0.7729184884364635,0.24140739845754755,0.320626613028556,0.7729184884364635,0.24140739845754755,0.320626613028556,1.014325886894011,1.0935451014650195,0.5620340114861035,1.334952499922567,2.3975015844762586,2.5259794921880125,0.5449605652828658,2.3975015844762586,2.5259794921880125,0.5449605652828658,4.923481076664271,2.9424621497591246,3.0709400574708785,5.468441641947137
137,3425,Wormhole Attack,0.76,0.7000924594055414,0.23071955548881953,0.44758556362991614,0.7000924594055414,0.23071955548881953,0.44758556362991614,0.9308120148943609,1.1476780230354575,0.6783051191187357,1.378397578524277,1.9582628427965034,2.3204999018822123,1.6805466023898632,1.9582628427965034,2.3204999018822123,1.6805466023898632,4.2787627446787155,3.6388094451863666,4.001046504272075,5.9593093470685785
138,3450,Normal Traffic,0.72,0.7270701858301192,0.271992476629378,0.47325005982391855,0.7270701858301192,0.271992476629378,0.47325005982391855,0.9990626624594972,1.2003202456540376,0.7452425364532965,1.4723127222834158,2.1209747572835727,3.113994244145631,1.9101030329467379,2.1209747572835727,3.113994244145631,1.9101030329467379,5.234969001429204,4.03107779023031,5.024097277092369,7.145072034375942
139,3475,Sybil Attack,0.72,0.7559837393768069,0.24849855206219199,0.26577053258635436,0.7559837393768069,0.24849855206219199,0.26577053258635436,1.0044822914389988,1.0217542719631612,0.5142690846485464,1.2702528240253532,2.2953623086348194,2.662310774537611,0.05429961774416549,2.2953623086348194,2.662310774537611,0.05429961774416549,4.9576730831724305,2.349661926378985,2.7166103922817766,5.011972700916596
140,3500,Wormhole Attack,0.76,0.7639988513380703,0.2160466066782751,0.43092962964251275,0.7639988513380703,0.2160466066782751,0.43092962964251275,0.9800454580163455,1.1949284809805831,0.6469762363207878,1.4109750876588583,2.343704195994803,2.038404485717292,1.531567377360978,2.343704195994803,2.038404485717292,1.531567377360978,4.382108681712095,3.8752715733557808,3.56997186307827,5.913676059073073
141,3525,Blackhole Attack,0.84,0.4853852518557113,0.22460922622382853,0.6390224778750969,0.4853852518557113,0.22460922622382853,0.6390224778750969,0.7099944780795399,1.1244077297308082,0.8636317040989254,1.3490169559546368,0.6632900847223511,2.2030255005762096,3.392856650432651,0.6632900847223511,2.2030255005762096,3.392856650432651,2.866315585298561,4.056146735155002,5.59588215100886,6.259172235731212
142,3550,Normal Traffic,0.72,0.8659294201351134,0.17346928881826557,0.3432871434103115,0.8659294201351134,0.17346928881826557,0.3432871434103115,1.039398708953379,1.209216563545425,0.5167564322285771,1.3826858523636905,2.9584823923743517,1.2198324075352909,0.7476479833268268,2.9584823923743517,1.2198324075352909,0.7476479833268268,4.178314799909643,3.7061303757011785,1.9674803908621177,4.92596278323647
143,3575,Normal Traffic,0.68,0.8489917992958271,0.274452907930448,0.41465237712407804,0.8489917992958271,0.274452907930448,0.41465237712407804,1.1234447072262752,1.2636441764199051,0.6891052850545261,1.5380970843503532,2.856325795845685,3.1612973732427467,1.3859752738121862,2.856325795845685,3.1612973732427467,1.3859752738121862,6.017623169088432,4.242301069657871,4.547272647054933,7.403598442900618
144,3600,Wormhole Attack,0.88,0.7877713088139525,0.24835898535538814,0.6064530848619011,0.7877713088139525,0.24835898535538814,0.6064530848619011,1.0361302941693407,1.3942243936758536,0.8548120702172892,1.6425833790312416,2.48708403486956,2.659627528739718,3.101539277631059,2.48708403486956,2.659627528739718,3.101539277631059,5.146711563609278,5.588623312500619,5.7611668063707775,8.248250841240337
145,3625,Flooding Attack,0.76,0.8695906733136153,0.31229824731045197,0.3490259856011882,0.8695906733136153,0.31229824731045197,0.3490259856011882,1.1818889206240673,1.2186166589148035,0.6613242329116402,1.5309149062252554,2.98056466516192,3.888894593143954,0.798979134303198,2.98056466516192,3.888894593143954,0.798979134303198,6.869459258305874,3.779543799465118,4.687873727447152,7.668438392609072
146,3650,Blackhole Attack,0.8,0.7249493430819709,0.20571666974398822,0.5707414566372135,0.7249493430819709,0.20571666974398822,0.5707414566372135,0.9306660128259592,1.2956907997191844,0.7764581263812018,1.5014074694631727,2.1081832277659913,1.8398058334585907,2.7821161398197978,2.1081832277659913,1.8398058334585907,2.7821161398197978,3.947989061224582,4.890299367585789,4.621921973278388,6.730105201044379
147,3675,Normal Traffic,0.68,0.8152438403428663,0.1906184266974736,0.37828760881334406,0.8152438403428663,0.1906184266974736,0.37828760881334406,1.0058622670403399,1.1935314491562103,0.5689060355108176,1.3841498758536839,2.6527802885317477,1.5495339044442331,1.0607101157378713,2.6527802885317477,1.5495339044442331,1.0607101157378713,4.202314192975981,3.713490404269619,2.6102440201821047,5.263024308713852
148,3700,Normal Traffic,0.72,0.7576634584837406,0.28349410593375224,0.31874049206268745,0.7576634584837406,0.28349410593375224,0.31874049206268745,1.0411575644174929,1.076403950546428,0.6022345979964396,1.3598980564801804,2.3054932702803015,3.335119319076749,0.5280901309969027,2.3054932702803015,3.335119319076749,0.5280901309969027,5.640612589357051,2.8335834012772043,3.863209450073652,6.168702720353954
149,3725,Sybil Attack,0.92,0.9518894317813479,0.22186633823939328,0.4162886469992654,0.9518894317813479,0.22186633823939328,0.4162886469992654,1.1737557700207413,1.3681780787806133,0.6381549852386587,1.5900444170200068,3.476936684784521,2.150291988215901,1.4006109116652108,3.476936684784521,2.150291988215901,1.4006109116652108,5.627228673000422,4.877547596449732,3.5509028998811116,7.027839584665633
150,3750,Sybil Attack,0.72,0.9267156010723152,0.28887206039241003,0.28420410872528024,0.9267156010723152,0.28887206039241003,0.28420410872528024,1.2155876614647252,1.2109197097975954,0.5730761691176902,1.4997917701900054,3.3251046836301024,3.438513416658609,0.21917898684859696,3.3251046836301024,3.438513416658609,0.21917898684859696,6.763618100288712,3.5442836704786993,3.657692403507206,6.982797087137309
151,3775,Normal Traffic,0.68,0.8117551501522701,0.235884522645126,0.43777255044236196,0.8117551501522701,0.235884522645126,0.43777255044236196,1.047639672797396,1.2495277005946321,0.673657073087488,1.485412223239758,2.6317388022689534,2.4197992028100095,1.5927739742691172,2.6317388022689534,2.4197992028100095,1.5927739742691172,5.051538005078963,4.22451277653807,4.012573177079126,6.64431197934808
152,3800,Wormhole Attack,0.72,0.918052090053013,0.2556612935313715,0.4012284665389818,0.918052090053013,0.2556612935313715,0.4012284665389818,1.1737133835843845,1.3192805565919947,0.6568897600703534,1.5749418501233663,3.272852079317004,2.80001837249351,1.265904925470438,3.272852079317004,2.80001837249351,1.265904925470438,6.072870451810514,4.538757004787442,4.065923297963948,7.338775377280952
153,3825,Wormhole Attack,0.88,0.8459129733550091,0.255974325556214,0.5720147503097266,0.8459129733550091,0.255974325556214,0.5720147503097266,1.1018872989112232,1.4179277236647359,0.8279890758659406,1.6739020492209498,2.837756341351308,2.806036583315416,2.793505132157822,2.837756341351308,2.806036583315416,2.793505132157822,5.643792924666724,5.63126147350913,5.599541715473238,8.437298056824545
154,3850,Flooding Attack,0.8,0.8251228886414832,0.2364835460318225,0.46377370061091383,0.8251228886414832,0.2364835460318225,0.46377370061091383,1.0616064346733056,1.288896589252397,0.7002572466427364,1.5253801352842196,2.7123642147929963,2.4313157530102822,1.8253416108183549,2.7123642147929963,2.4313157530102822,1.8253416108183549,5.143679967803278,4.537705825611351,4.256657363828637,6.969021578621633
155,3875,Blackhole Attack,0.72,0.9529149427111595,0.21546445098585482,0.5467906657203069,0.9529149427111595,0.21546445098585482,0.5467906657203069,1.1683793936970144,1.4997056084314664,0.7622551167061618,1.7151700594173214,3.4831218926886622,2.0272122261076855,2.5678879691072956,3.4831218926886622,2.0272122261076855,2.5678879691072956,5.510334118796347,6.051009861795958,4.595100195214981,8.078222087903644
156,3900,Sybil Attack,0.76,0.6819313529391701,0.1528617607370713,0.4890355875401012,0.6819313529391701,0.1528617607370713,0.4890355875401012,0.8347931136762414,1.1709669404792713,0.6418973482771725,1.3238287012163426,1.8487269851100443,0.8236414792321016,2.05129689740414,1.8487269851100443,0.8236414792321016,2.05129689740414,2.6723684643421457,3.9000238825141844,2.8749383766362415,4.723665361746286
157,3925,Flooding Attack,0.72,0.7279301149392877,0.32099259319418694,0.2693236202259603,0.7279301149392877,0.32099259319418694,0.2693236202259603,1.0489227081334747,0.997253735165248,0.5903162134201472,1.318246328359435,2.126161284475445,4.056048118452475,0.08608025780965396,2.126161284475445,4.056048118452475,0.08608025780965396,6.182209402927921,2.212241542285099,4.142128376262129,6.268289660737574
158,3950,Sybil Attack,0.76,0.9203925361117997,0.34093260281347754,0.17357960312922832,0.9203925361117997,0.34093260281347754,0.17357960312922832,1.2613251389252773,1.093972139241028,0.5145122059427059,1.4349047420545056,3.286968111668491,4.439405641504965,-0.7703033877433966,3.286968111668491,4.439405641504965,-0.7703033877433966,7.726373753173457,2.516664723925094,3.6691022537615687,6.95607036543006
159,3975,Sybil Attack,0.72,0.7697305846319239,0.26005878477069017,0.3936016198685774,0.7697305846319239,0.26005878477069017,0.3936016198685774,1.0297893694026141,1.1633322045005012,0.6536604046392676,1.4233909892711916,2.3782742440001283,2.8845625317660972,1.1976864930949072,2.3782742440001283,2.8845625317660972,1.1976864930949072,5.2628367757662255,3.5759607370950355,4.082249024861005,6.460523268861133
160,4000,Normal Traffic,0.64,0.8581906103512466,0.24743104676191865,0.4615794395803822,0.8581906103512466,0.24743104676191865,0.4615794395803822,1.1056216571131652,1.3197700499316287,0.7090104863423009,1.5672010966935475,2.9118069781468185,2.641787404911837,1.8057150135895887,2.9118069781468185,2.641787404911837,1.8057150135895887,5.553594383058655,4.717521991736407,4.447502418501426,7.359309396648245
161,4025,Blackhole Attack,0.76,0.8037264614120849,0.22266432534670044,0.5601858393819427,0.8037264614120849,0.22266432534670044,0.5601858393819427,1.0263907867587854,1.3639123007940275,0.7828501647286431,1.5865766261407281,2.5833150287019504,2.165633724088944,2.6877012796515785,2.5833150287019504,2.165633724088944,2.6877012796515785,4.748948752790895,5.271016308353529,4.853335003740522,7.436650032442474
162,4050,Flooding Attack,0.84,0.5804464432652519,0.19374387271175478,0.544087779806027,0.5804464432652519,0.19374387271175478,0.544087779806027,0.7741903159770066,1.124534223071279,0.7378316525177817,1.3182780957830336,1.2366367116484998,1.6096223028625554,2.5437119697814428,1.2366367116484998,1.6096223028625554,2.5437119697814428,2.8462590145110553,3.7803486814299427,4.153334272643998,5.389970984292498
163,4075,Normal Traffic,0.68,0.7242087137037294,0.2538202275696121,0.4233037282128806,0.7242087137037294,0.2538202275696121,0.4233037282128806,0.9780289412733415,1.14751244191661,0.6771239557824926,1.401332669486222,2.103716238140459,2.764622878692266,1.463357399704217,2.103716238140459,2.764622878692266,1.463357399704217,4.8683391168327255,3.567073637844676,4.227980278396483,6.331696516536942
164,4100,Wormhole Attack,0.8,0.6639554338376185,0.26220516150914847,0.5080896331232037,0.6639554338376185,0.26220516150914847,0.5080896331232037,0.9261605953467669,1.172045066960822,0.7702947946323522,1.4342502284699705,1.7403080558924418,2.925827791196906,2.2217260637770675,1.7403080558924418,2.925827791196906,2.2217260637770675,4.666135847089348,3.962034119669509,5.147553854973974,6.887861910866415
165,4125,Normal Traffic,0.56,0.8918947872478317,0.1464114972036489,0.4940040194022866,0.8918947872478317,0.1464114972036489,0.4940040194022866,1.0383062844514805,1.3858988066501183,0.6404155166059355,1.532310303853767,3.115088420872771,0.6996316568488471,2.095737102858665,3.115088420872771,0.6996316568488471,2.095737102858665,3.814720077721618,5.210825523731436,2.795368759707512,5.910457180580282
166,4150,Blackhole Attack,0.76,0.9764555963374033,0.3163611944474337,0.4586224911647151,0.9764555963374033,0.3163611944474337,0.4586224911647151,1.292816790784837,1.4350780875021183,0.7749836856121488,1.7514392819495521,3.625103643097159,3.967006960212207,1.7792665488112318,3.625103643097159,3.967006960212207,1.7792665488112318,7.592110603309366,5.404370191908391,5.746273509023439,9.371377152120598
167,4175,Blackhole Attack,0.88,0.5807429472345833,0.25446000941252594,0.485439727834976,0.5807429472345833,0.25446000941252594,0.485439727834976,0.8352029566471093,1.0661826750695593,0.739899737247502,1.3206426844820853,1.238425028712127,2.7769230323670233,2.0191336820247274,1.238425028712127,2.7769230323670233,2.0191336820247274,4.01534806107915,3.2575587107368547,4.796056714391751,6.0344817431038775
168,4200,Blackhole Attack,0.8,0.9500954876615616,0.23065788884767163,0.6094432415505244,0.9500954876615616,0.23065788884767163,0.6094432415505244,1.1807533765092333,1.5595387292120861,0.840101130398196,1.7901966180597577,3.466116792936729,2.319314327188078,3.12828477425244,3.466116792936729,2.319314327188078,3.12828477425244,5.785431120124807,6.594401567189169,5.447599101440518,8.913715894377248
169,4225,Blackhole Attack,0.76,0.7155342106624563,0.2791491242557153,0.3768137343677599,0.7155342106624563,0.2791491242557153,0.3768137343677599,0.9946833349181716,1.092347945030216,0.6559628586234751,1.3714970692859314,2.0513973371754175,3.2515846846606626,1.0475270259838492,2.0513973371754175,3.2515846846606626,1.0475270259838492,5.30298202183608,3.0989243631592664,4.299111710644512,6.350509047819929
170,4250,Blackhole Attack,0.84,0.9252529580742099,0.2387260938378923,0.5561120907094684,0.9252529580742099,0.2387260938378923,0.5561120907094684,1.1639790519121023,1.4813650487836783,0.7948381845473608,1.7200911426215706,3.3162829823982296,2.4744299534884013,2.6512635799917064,3.3162829823982296,2.4744299534884013,2.6512635799917064,5.790712935886631,5.967546562389936,5.125693533480108,8.441976515878338
171,4275,Sybil Attack,0.84,1.0295867828212044,0.2649848106938068,0.32550070225125344,1.0295867828212044,0.2649848106938068,0.32550070225125344,1.2945715935150113,1.355087485072458,0.5904855129450602,1.6200722957662648,3.945556039110515,2.979268057612555,0.5885569217326616,3.945556039110515,2.979268057612555,0.5885569217326616,6.92482409672307,4.534112960843177,3.5678249793452164,7.513381018455731
172,4300,Blackhole Attack,0.8,0.9139458486009315,0.19118542524694998,0.4551192939515736,0.9139458486009315,0.19118542524694998,0.4551192939515736,1.1051312738478816,1.369065142552505,0.6463047191985236,1.5602505677994551,3.248085929734968,1.5604347597422836,1.7479321543346518,3.248085929734968,1.5604347597422836,1.7479321543346518,4.808520689477252,4.99601808406962,3.3083669140769354,6.556452843811904
173,4325,Blackhole Attack,0.76,0.817721456567032,0.2738264414595432,0.3939594018107604,0.817721456567032,0.2738264414595432,0.3939594018107604,1.0915478980265751,1.2116808583777923,0.6677858432703037,1.4855072998373355,2.667723641164716,3.149253214832253,1.2008866784772498,2.667723641164716,3.149253214832253,1.2008866784772498,5.81697685599697,3.8686103196419657,4.350139893309503,7.01786353447422
174,4350,Blackhole Attack,0.84,0.7347180830176595,0.2192168250839448,0.45715503801288815,0.7347180830176595,0.2192168250839448,0.45715503801288815,0.9539349081016043,1.1918731210305475,0.676371863096833,1.4110899461144926,2.1671018464830265,2.099353657695484,1.7661408944053778,2.1671018464830265,2.099353657695484,1.7661408944053778,4.266455504178511,3.9332427408884043,3.865494552100862,6.032596398583889
175,4375,Normal Traffic,0.64,0.7791352349789733,0.20930702351799663,0.5135905677989729,0.7791352349789733,0.20930702351799663,0.5135905677989729,0.9884422584969699,1.2927258027779462,0.7228975913169695,1.5020328262959428,2.4349969136190097,1.9088323362519726,2.270929247792471,2.4349969136190097,1.9088323362519726,2.270929247792471,4.343829249870982,4.705926161411481,4.179761584044444,6.614758497663454
176,4400,Normal Traffic,0.68,0.995073180657849,0.3050615929879109,0.41796735912384964,0.995073180657849,0.3050615929879109,0.41796735912384964,1.3001347736457598,1.4130405397816985,0.7230289521117605,1.7181021327696095,3.7373926751760203,3.749765980407852,1.4156261747874288,3.7373926751760203,3.749765980407852,1.4156261747874288,7.4871586555838725,5.153018849963449,5.16539215519528,8.902784830371301
177,4425,Blackhole Attack,0.88,0.8329022263799167,0.29053685269505186,0.4838917554568695,0.8329022263799167,0.29053685269505186,0.4838917554568695,1.1234390790749686,1.3167939818367862,0.7744286081519214,1.6073308345318382,2.759284067005184,3.4705199535521616,2.005287822319061,2.759284067005184,3.4705199535521616,2.005287822319061,6.229804020557346,4.764571889324245,5.475807775871223,8.235091842876407
178,4450,Sybil Attack,0.76,0.7637830204543041,0.25287750040350293,0.3933738255671087,0.7637830204543041,0.25287750040350293,0.3933738255671087,1.016660520857807,1.1571568460214128,0.6462513259706116,1.4100343464249157,2.342402445960336,2.74649843651726,1.1956489839090239,2.342402445960336,2.74649843651726,1.1956489839090239,5.088900882477596,3.53805142986936,3.942147420426284,6.2845498663866195
179,4475,Flooding Attack,0.8,0.5282729018080764,0.1705434920638873,0.4090944570330806,0.5282729018080764,0.1705434920638873,0.4090944570330806,0.6988163938719637,0.9373673588411571,0.5796379490969679,1.1079108509050444,0.9219602010166235,1.163582374655248,1.3362623829856806,0.9219602010166235,1.163582374655248,1.3362623829856806,2.0855425756718713,2.2582225840023042,2.4998447576409286,3.421804958657552
180,4500,Normal Traffic,0.6,0.8583576430222005,0.22320479842898325,0.5740729592601973,0.8583576430222005,0.22320479842898325,0.5740729592601973,1.0815624414511837,1.4324306022823978,0.7972777576891805,1.6556354007113812,2.9128144094345805,2.1760246128626406,2.8119148097310247,2.9128144094345805,2.1760246128626406,2.8119148097310247,5.088839022297221,5.724729219165605,4.987939422593666,7.900753832028245
181,4525,Sybil Attack,0.8,0.8898593166379225,0.24155017805817786,0.39663356219415036,0.8898593166379225,0.24155017805817786,0.39663356219415036,1.1314094946961004,1.2864928788320729,0.6381837402523283,1.5280430568902508,3.1028117999815916,2.5287245076160443,1.2248057419066367,3.1028117999815916,2.5287245076160443,1.2248057419066367,5.631536307597636,4.327617541888229,3.753530249522681,6.856342049504272
182,4550,Blackhole Attack,0.84,0.8627430251121465,0.24571401816657104,0.26638963889231987,0.8627430251121465,0.24571401816657104,0.26638963889231987,1.1084570432787175,1.1291326640044663,0.5121036570588909,1.3748466821710374,2.9392641518770106,2.6087765968986876,0.05983722240464222,2.9392641518770106,2.6087765968986876,0.05983722240464222,5.548040748775698,2.999101374281653,2.6686138193033297,5.60787797118034
183,4575,Blackhole Attack,0.76,0.760132029359904,0.21768627311978309,0.522622681004169,0.760132029359904,0.21768627311978309,0.522622681004169,0.977818302479687,1.282754710364073,0.740308954123952,1.500440983483856,2.320382067319241,2.0699279642737256,2.3517171055434036,2.320382067319241,2.0699279642737256,2.3517171055434036,4.390310031592966,4.672099172862644,4.42164506981713,6.74202713713637
184,4600,Sybil Attack,0.92,0.6048600860025831,0.21812400944627156,0.3651700030221308,0.6048600860025831,0.21812400944627156,0.3651700030221308,0.8229840954488546,0.970030089024714,0.5832940124684024,1.1881540984709855,1.383883758596663,2.0783436830761066,0.9433795147348094,1.383883758596663,2.0783436830761066,0.9433795147348094,3.46222744167277,2.3272632733314724,3.021723197810916,4.4056069564075795
185,4625,Sybil Attack,0.84,0.8393286392673766,0.25343312660146255,0.513647232515614,0.8393286392673766,0.25343312660146255,0.513647232515614,1.092761765868839,1.3529758717829905,0.7670803591170765,1.606408998384453,2.798043965735951,2.757180652176113,2.271436086110757,2.798043965735951,2.757180652176113,2.271436086110757,5.555224617912064,5.069480051846709,5.02861673828687,7.826660704022821
186,4650,Wormhole Attack,0.88,0.6026267590320458,0.24298485961057456,0.35770596523656156,0.6026267590320458,0.24298485961057456,0.35770596523656156,0.8456116186426204,0.9603327242686073,0.6006908248471361,1.2033175838791819,1.3704137981807,2.5563070402625585,0.8766173286141511,1.3704137981807,2.5563070402625585,0.8766173286141511,3.9267208384432584,2.2470311267948513,3.4329243688767095,4.80333816705741
187,4675,Normal Traffic,0.64,0.931475973298166,0.26753323951197483,0.5059184659218021,0.931475973298166,0.26753323951197483,0.5059184659218021,1.1990092128101408,1.4373944392199682,0.773451705433777,1.704927678731943,3.3538161201073287,3.0282629868057356,2.202306029612813,3.3538161201073287,3.0282629868057356,2.202306029612813,6.382079106913064,5.556122149720142,5.230569016418549,8.584385136525878
188,4700,Flooding Attack,0.88,0.7179859097867858,0.2512195320634835,0.43192903094513296,0.7179859097867858,0.2512195320634835,0.43192903094513296,0.9692054418502694,1.1499149407319187,0.6831485630086165,1.4011344727954023,2.066184374896376,2.714623094014195,1.540506535721585,2.066184374896376,2.714623094014195,1.540506535721585,4.780807468910571,3.606690910617961,4.25512962973578,6.321314004632156
189,4725,Sybil Attack,0.84,0.9179684704661383,0.34635013415618465,0.36910324891575214,0.9179684704661383,0.34635013415618465,0.36910324891575214,1.264318604622323,1.2870717193818904,0.7154533830719367,1.6334218535380751,3.272347740928554,4.543560626194151,0.9785604854040563,3.272347740928554,4.543560626194151,0.9785604854040563,7.815908367122705,4.25090822633261,5.522121111598207,8.79446885252676
190,4750,Blackhole Attack,0.88,0.7823398887885755,0.1395221954746205,0.3785401598903625,0.7823398887885755,0.1395221954746205,0.3785401598903625,0.921862084263196,1.160880048678938,0.518062355364983,1.3004022441535585,2.4543252791166155,0.567181086521814,1.06296906223483,2.4543252791166155,0.567181086521814,1.06296906223483,3.0215063656384293,3.5172943413514455,1.6301501487566439,4.08447542787326
191,4775,Blackhole Attack,0.8,0.8320026660757232,0.240657043182025,0.365076943729923,0.8320026660757232,0.240657043182025,0.365076943729923,1.0726597092577481,1.1970796098056462,0.605733986911948,1.4377366529876712,2.7538585104928104,2.5115535041706636,0.9425471446470471,2.7538585104928104,2.5115535041706636,0.9425471446470471,5.2654120146634735,3.6964056551398574,3.4541006488177106,6.207959159310521
192,4800,Blackhole Attack,0.88,0.7608262640975364,0.19081480834444717,0.5696589510400017,0.7608262640975364,0.19081480834444717,0.5696589510400017,0.9516410724419836,1.3304852151375381,0.7604737593844489,1.5213000234819853,2.3245692349658325,1.5533094483478793,2.7724336539811767,2.3245692349658325,1.5533094483478793,2.7724336539811767,3.8778786833137118,5.097002888947009,4.3257431023290565,6.6503123372948885
193,4825,Flooding Attack,0.88,0.7327152950792255,0.28031605512767327,0.3969169985247722,0.7327152950792255,0.28031605512767327,0.3969169985247722,1.0130313502068988,1.1296322936039978,0.6772330536524455,1.409948348731671,2.1550223459852633,3.2740195649434938,1.2273409419688492,2.1550223459852633,3.2740195649434938,1.2273409419688492,5.429041910928757,3.382363287954113,4.501360506912343,6.656382852897607
194,4850,Blackhole Attack,0.84,0.6555213337569015,0.23076359432632815,0.4265882179231652,0.6555213337569015,0.23076359432632815,0.4265882179231652,0.8862849280832297,1.0821095516800667,0.6573518122494934,1.312873146006395,1.6894391075788893,2.321346572470028,1.4927355619870177,1.6894391075788893,2.321346572470028,1.4927355619870177,4.010785680048917,3.182174669565907,3.8140821344570455,5.5035212420359345
195,4875,Sybil Attack,0.8,0.8404171787902068,0.24032730162500746,0.40705103126534603,0.8404171787902068,0.24032730162500746,0.40705103126534603,1.0807444804152142,1.247468210055553,0.6473783328903535,1.4877955116805603,2.804609320687182,2.505214043510453,1.3179849337888125,2.804609320687182,2.505214043510453,1.3179849337888125,5.309823364197635,4.122594254475994,3.8231989772992656,6.627808297986448
196,4900,Normal Traffic,0.64,1.003052691071177,0.29964079318116804,0.4277249140271958,1.003052691071177,0.29964079318116804,0.4277249140271958,1.302693484252345,1.4307776050983727,0.7273657072083639,1.7304183982795407,3.7855198373982324,3.6455481577210493,1.502902755540973,3.7855198373982324,3.6455481577210493,1.502902755540973,7.431067995119282,5.288422592939206,5.148450913262023,8.933970750660254
197,4925,Sybil Attack,0.76,0.6206798987039222,0.20282312425154117,0.42127030348138006,0.6206798987039222,0.20282312425154117,0.42127030348138006,0.8235030229554633,1.0419502021853022,0.6240934277329212,1.2447733264368432,1.4792984711247228,1.7841758486189112,1.445169404910132,1.4792984711247228,1.7841758486189112,1.445169404910132,3.263474319743634,2.924467876034855,3.2293452535290434,4.708643724653766
198,4950,Normal Traffic,0.68,0.8558598125277478,0.26748717207964834,0.4120845698827368,0.8558598125277478,0.26748717207964834,0.4120845698827368,1.1233469846073962,1.2679443824104846,0.6795717419623851,1.535431554490133,2.897749137609216,3.027377315379931,1.3630074874888316,2.897749137609216,3.027377315379931,1.3630074874888316,5.925126452989147,4.260756625098048,4.390384802868763,7.288133940477978
199,4975,Blackhole Attack,0.72,0.9355886312458286,0.23993015218963226,0.5004642733451168,0.9355886312458286,0.23993015218963226,0.5004642733451168,1.1755187834354608,1.4360529045909454,0.740394425534749,1.6759830567805776,3.3786209697734217,2.4975786297501794,2.153520930929821,3.3786209697734217,2.4975786297501794,2.153520930929821,5.876199599523601,5.532141900703243,4.6510995606800005,8.029720530453423
200,5000,Normal Traffic,0.72,0.8142980776665825,0.2677325663018439,0.46557912433174015,0.8142980776665825,0.2677325663018439,0.46557912433174015,1.0820306439684264,1.2798772019983227,0.733311690633584,1.5476097683001666,2.6470760696777687,3.0320951526823396,1.8414902475132942,2.6470760696777687,3.0320951526823396,1.8414902475132942,5.679171222360108,4.488566317191063,4.873585400195633,7.520661469873403
201,5025,Wormhole Attack,0.76,0.7420783767384512,0.16958040613458536,0.4724704877715587,0.7420783767384512,0.16958040613458536,0.4724704877715587,0.9116587828730366,1.21454886451001,0.642050893906144,1.3841292706445953,2.211494300600513,1.145066524192131,1.9031301402646112,2.211494300600513,1.145066524192131,1.9031301402646112,3.356560824792644,4.114624440865124,3.048196664456742,5.259690965057255
202,5050,Blackhole Attack,1.0,0.7050599171792391,0.3136792538271256,0.3092438388854433,0.7050599171792391,0.3136792538271256,0.3092438388854433,1.0187391710063647,1.0143037560646824,0.6229230927125688,1.327983009891808,1.9882232831898667,3.915445194054355,0.44314718923308904,1.9882232831898667,3.915445194054355,0.44314718923308904,5.903668477244222,2.4313704724229557,4.358592383287444,6.346815666477311
203,5075,Blackhole Attack,0.84,0.6465251204370215,0.1987017946597167,0.4637010160992228,0.6465251204370215,0.1987017946597167,0.4637010160992228,0.8452269150967382,1.1102261365362442,0.6624028107589395,1.308927931195961,1.6351798616597009,1.704941047123316,1.8246914832283008,1.6351798616597009,1.704941047123316,1.8246914832283008,3.3401209087830166,3.4598713448880014,3.5296325303516167,5.164812392011317
204,5100,Wormhole Attack,0.76,0.6986562825660462,0.21513562598275102,0.6437666664637985,0.6986562825660462,0.21513562598275102,0.6437666664637985,0.9137919085487972,1.3424229490298447,0.8589022924465496,1.5575585750125958,1.9496007680382923,2.020890386694647,3.4352911089187486,1.9496007680382923,2.020890386694647,3.4352911089187486,3.9704911547329393,5.384891876957041,5.456181495613396,7.4057822636516875
205,5125,Sybil Attack,0.88,0.8302281325548778,0.30383377726517063,0.2656052859712423,0.8302281325548778,0.30383377726517063,0.2656052859712423,1.1340619098200484,1.09583341852612,0.5694390632364129,1.3996671957912907,2.743155690620074,3.7261605557755964,0.052821567178123224,2.743155690620074,3.7261605557755964,0.052821567178123224,6.46931624639567,2.795977257798197,3.7789821229537197,6.522137813573793
206,5150,Sybil Attack,0.92,0.772677975762167,0.27116010838706384,0.4221677558285449,0.772677975762167,0.27116010838706384,0.4221677558285449,1.0438380841492307,1.194845731590712,0.6933278642156087,1.4660058399777756,2.3960509701035986,3.0979915122646795,1.4531966794707831,2.3960509701035986,3.0979915122646795,1.4531966794707831,5.494042482368278,3.849247649574382,4.551188191735463,6.947239161839061
207,5175,Normal Traffic,0.72,0.793089840938657,0.27084912126230354,0.38407037150332685,0.793089840938657,0.27084912126230354,0.38407037150332685,1.0639389622009605,1.1771602124419838,0.6549194927656303,1.4480093337042874,2.5191619250020376,3.0920126157583314,1.1124341142077943,2.5191619250020376,3.0920126157583314,1.1124341142077943,5.611174540760369,3.631596039209832,4.204446729966126,6.723608654968164
208,5200,Blackhole Attack,0.88,0.9362258510263964,0.21900793985371073,0.6249623402679243,0.9362258510263964,0.21900793985371073,0.6249623402679243,1.1552337908801071,1.5611881912943208,0.843970280121635,1.7801961311480314,3.3824642606724935,2.095337725607502,3.267095560955458,3.3824642606724935,2.095337725607502,3.267095560955458,5.477801986279996,6.6495598216279515,5.362433286562959,8.744897547235453
209,5225,Sybil Attack,0.88,0.8575481749153906,0.23849620377939376,0.3695022375594754,0.8575481749153906,0.23849620377939376,0.3695022375594754,1.0960443786947844,1.227050412474866,0.6079984413388692,1.4655466162542599,2.9079322298430763,2.470010192160145,0.9821292446812109,2.9079322298430763,2.470010192160145,0.9821292446812109,5.377942422003221,3.890061474524287,3.452139436841356,6.360071666684432
210,5250,Blackhole Attack,0.8,0.932312536327915,0.27618860313555865,0.3310238739988354,0.932312536327915,0.27618860313555865,0.3310238739988354,1.2085011394634737,1.2633364103267504,0.6072124771343941,1.539525013462309,3.3588617184656675,3.1946670569745725,0.637959005535257,3.3588617184656675,3.1946670569745725,0.637959005535257,6.55352877544024,3.9968207240009246,3.8326260625098296,7.191487780975497
211,5275,Blackhole Attack,0.68,0.7192129543843856,0.2548999690853024,0.430050957198508,0.7192129543843856,0.2548999690853024,0.430050957198508,0.9741129234696879,1.1492639115828935,0.6849509262838104,1.404163880668196,2.0735851014251536,2.78538149621026,1.5237080798961185,2.0735851014251536,2.78538149621026,1.5237080798961185,4.858966597635414,3.5972931813212723,4.309089576106379,6.382674677531532
212,5300,Flooding Attack,0.88,0.7205172635029007,0.2552352107792867,0.30340002717740716,0.7205172635029007,0.2552352107792867,0.30340002717740716,0.9757524742821874,1.0239172906803078,0.5586352379566939,1.2791525014595946,2.0814518367614268,2.7918266999931816,0.3908771370020716,2.0814518367614268,2.7918266999931816,0.3908771370020716,4.873278536754608,2.4723289737634984,3.182703836995253,5.2641556737566795
213,5325,Blackhole Attack,0.68,0.6695011672898922,0.24119337626103954,0.4885258775531656,0.6695011672898922,0.24119337626103954,0.4885258775531656,0.9106945435509317,1.1580270448430579,0.7297192538142052,1.3992204211040973,1.7737562751030997,2.5218647991312855,2.046737789587036,1.7737562751030997,2.5218647991312855,2.046737789587036,4.295621074234385,3.820494064690136,4.5686025887183215,6.3423588638214214
214,5350,Flooding Attack,0.92,0.6730677440806603,0.21423527391190017,0.5541752177737164,0.6730677440806603,0.21423527391190017,0.5541752177737164,0.8873030179925605,1.2272429618543765,0.7684104916856165,1.4414782357662768,1.795267522146599,2.0035806287583897,2.633939194030163,1.795267522146599,2.0035806287583897,2.633939194030163,3.7988481509049885,4.429206716176762,4.637519822788553,6.432787344935152
215,5375,Wormhole Attack,0.96,0.810616728247397,0.21556844028851993,0.5161018942847545,0.810616728247397,0.21556844028851993,0.5161018942847545,1.026185168535917,1.3267186225321514,0.7316703345732745,1.5422870628206713,2.624872589574797,2.029211476973397,2.2933918412399,2.624872589574797,2.029211476973397,2.2933918412399,4.654084066548194,4.9182644308146966,4.322603318213297,6.947475907788094
216,5400,Blackhole Attack,0.72,0.9465641903831263,0.1646896207810558,0.721938049606988,0.9465641903831263,0.1646896207810558,0.721938049606988,1.111253811164182,1.6685022399901144,0.8866276703880438,1.8331918607711701,3.444818328723907,1.0510385174505181,4.134496094296095,3.444818328723907,1.0510385174505181,4.134496094296095,4.495856846174425,7.579314423020001,5.185534611746613,8.63035294047052
217,5425,Blackhole Attack,0.84,0.9160469699327188,0.22588500787882182,0.437188635753212,0.9160469699327188,0.22588500787882182,0.437188635753212,1.1419319778115407,1.353235605685931,0.6630736436320338,1.5791206135647526,3.2607585126311034,2.227553096327261,1.5875511414974253,3.2607585126311034,2.227553096327261,1.5875511414974253,5.488311608958364,4.848309654128529,3.8151042378246864,7.075862750455789
218,5450,Wormhole Attack,0.8,0.8546615243689721,0.29195311567310367,0.5428884847018041,0.8546615243689721,0.29195311567310367,0.5428884847018041,1.1466146400420758,1.3975500090707762,0.8348416003749077,1.6895031247438799,2.890521851019048,3.4977483790957296,2.5329848586303547,2.890521851019048,3.4977483790957296,2.5329848586303547,6.388270230114777,5.423506709649402,6.030733237726084,8.921255088745133
219,5475,Blackhole Attack,0.76,0.8542243616348714,0.1311647034278034,0.440289689434041,0.8542243616348714,0.1311647034278034,0.440289689434041,0.9853890650626748,1.2945140510689124,0.5714543928618444,1.4256787544967158,2.8878851727353236,0.40650375932037036,1.6152885577535343,2.8878851727353236,0.40650375932037036,1.6152885577535343,3.294388932055694,4.503173730488858,2.0217923170739045,4.909677489809228
220,5500,Flooding Attack,0.88,0.6943343996823763,0.27675581029337765,0.3701276285783058,0.6943343996823763,0.27675581029337765,0.3701276285783058,0.9710902099757539,1.064462028260682,0.6468834388716834,1.3412178385540596,1.923534011072807,3.205571922881396,0.9877230630402314,1.923534011072807,3.205571922881396,0.9877230630402314,5.129105933954203,2.9112570741130384,4.193294985921628,6.1168289969944345
221,5525,Blackhole Attack,0.76,0.8889763094505437,0.2720482903730371,0.37171655948654,0.8889763094505437,0.2720482903730371,0.37171655948654,1.1610245998235809,1.2606928689370838,0.6437648498595772,1.5327411593101208,3.097486080990189,3.115067293704281,1.00193527686818,3.097486080990189,3.115067293704281,1.00193527686818,6.212553374694471,4.099421357858369,4.1170025705724616,7.21448865156265
222,5550,Sybil Attack,0.88,0.748801203734552,0.29611841773758235,0.5095397635230375,0.748801203734552,0.29611841773758235,0.5095397635230375,1.0449196214721344,1.2583409672575896,0.8056581812606198,1.5544593849951718,2.252041974414283,3.577828575278743,2.2346967745952937,2.252041974414283,3.577828575278743,2.2346967745952937,5.829870549693027,4.486738749009577,5.812525349874036,8.064567324288321
223,5575,Wormhole Attack,0.8,0.7635902028339151,0.21762030156966744,0.47440609574638865,0.7635902028339151,0.21762030156966744,0.47440609574638865,0.9812105044035826,1.2379962985803037,0.6920263973160561,1.4556166001499713,2.3412394968049264,2.0686596253648117,1.9204432117662142,2.3412394968049264,2.0686596253648117,1.9204432117662142,4.409899122169739,4.261682708571141,3.9891028371310258,6.330342333935953
224,5600,Blackhole Attack,0.76,0.9045727268678142,0.22265226063668114,0.45953647407769943,0.9045727268678142,0.22265226063668114,0.45953647407769943,1.1272249875044953,1.3641092009455136,0.6821887347143806,1.5867614615821948,3.191553419992915,2.165401773481214,1.787441681239652,3.191553419992915,2.165401773481214,1.787441681239652,5.356955193474128,4.978995101232567,3.952843454720866,7.144396874713781
225,5625,Sybil Attack,0.8,0.7761199915684889,0.32205016846725365,0.3054740842632288,0.7761199915684889,0.32205016846725365,0.3054740842632288,1.0981701600357425,1.0815940758317177,0.6275242527304825,1.4036442442989714,2.4168109471575265,4.07638057790787,0.4094285684345606,2.4168109471575265,4.07638057790787,0.4094285684345606,6.493191525065397,2.826239515592087,4.485809146342431,6.902620093499958
226,5650,Sybil Attack,0.84,0.6883186448570823,0.256207978757145,0.4775317746399505,0.6883186448570823,0.256207978757145,0.4775317746399505,0.9445266236142273,1.1658504194970327,0.7337397533970955,1.422058398254178,1.8872509318650401,2.810528693102341,1.9484008885680173,1.8872509318650401,2.810528693102341,1.9484008885680173,4.6977796249673816,3.8356518204330574,4.758929581670358,6.646180513535398
227,5675,Normal Traffic,0.68,0.6435720328264285,0.30628892640323363,0.30960955942119855,0.6435720328264285,0.30628892640323363,0.30960955942119855,0.9498609592296621,0.953181592247627,0.6158984858244322,1.2594705186508606,1.6173687781308135,3.7733621324178532,0.44641838147215346,1.6173687781308135,3.7733621324178532,0.44641838147215346,5.390730910548667,2.063787159602967,4.219780513890007,5.837149292020821
228,5700,Normal Traffic,0.68,0.7944166466736469,0.3465188150954877,0.29129349726227755,0.7944166466736469,0.3465188150954877,0.29129349726227755,1.1409354617691345,1.0857101439359245,0.6378123123577653,1.4322289590314121,2.5271643451428227,4.546803608936488,0.28259011773860215,2.5271643451428227,4.546803608936488,0.28259011773860215,7.07396795407931,2.809754462881425,4.8293937266750895,7.356558071817912
229,5725,Blackhole Attack,0.88,0.9601924560510678,0.21925543277884688,0.4698421586455717,0.9601924560510678,0.21925543277884688,0.4698421586455717,1.1794478888299147,1.4300346146966396,0.6890975914244186,1.6492900474754864,3.527015069956665,2.100095911614665,1.8796210151319994,3.527015069956665,2.100095911614665,1.8796210151319994,5.62711098157133,5.406636085088664,3.9797169267466646,7.50673199670333
230,5750,Wormhole Attack,0.8,0.566432843499096,0.20759216434238845,0.4534267526634318,0.566432843499096,0.20759216434238845,0.4534267526634318,0.7740250078414844,1.0198595961625276,0.6610189170058203,1.2274517605049162,1.152115888398938,1.8758632365124723,1.7327931960734426,1.152115888398938,1.8758632365124723,1.7327931960734426,3.0279791249114103,2.8849090844723806,3.608656432585915,4.760772320984853
231,5775,Blackhole Attack,0.68,0.9905747702045379,0.2780705993904043,0.5839196021333398,0.9905747702045379,0.2780705993904043,0.5839196021333398,1.2686453695949422,1.5744943723378777,0.8619902015237442,1.852564971728282,3.710261219934482,3.2308494579075044,2.899988239025737,3.710261219934482,3.2308494579075044,2.899988239025737,6.941110677841987,6.610249458960219,6.130837696933241,9.841098916867724
232,5800,Flooding Attack,0.68,0.7828306700300233,0.25798111572792753,0.3764814878476218,0.7828306700300233,0.25798111572792753,0.3764814878476218,1.0408117857579509,1.159312157877645,0.6344626035755494,1.4172932736055728,2.4572853489955047,2.844618215130173,1.0445552425266051,2.4572853489955047,2.844618215130173,1.0445552425266051,5.301903564125677,3.50184059152211,3.889173457656778,6.346458806652282
233,5825,Blackhole Attack,0.92,0.4736091840622974,0.21701045283205686,0.5697134254016655,0.4736091840622974,0.21701045283205686,0.5697134254016655,0.6906196368943542,1.043322609463963,0.7867238782337224,1.2603330622960196,0.5922645836982824,2.056934951909243,2.7729209006399795,0.5922645836982824,2.056934951909243,2.7729209006399795,2.6491995356075253,3.365185484338262,4.829855852549223,5.422120436247505
234,5850,Blackhole Attack,0.76,0.5825133160904368,0.27394001610815805,0.6263862263957801,0.5825133160904368,0.27394001610815805,0.6263862263957801,0.8564533321985948,1.208899542486217,0.9003262425039382,1.482839558594375,1.249102730062889,3.151436749183832,3.2798315295308478,1.249102730062889,3.151436749183832,3.2798315295308478,4.400539479246721,4.528934259593736,6.43126827871468,7.680371008777568
235,5875,Blackhole Attack,0.92,0.6550787735353121,0.24729300671422924,0.4681624794095118,0.6550787735353121,0.24729300671422924,0.4681624794095118,0.9023717802495413,1.123241252944824,0.715455486123741,1.370534259659053,1.6867698751981712,2.6391335099652133,1.8645971016682112,1.6867698751981712,2.6391335099652133,1.8645971016682112,4.325903385163384,3.5513669768663823,4.503730611633425,6.190500486831596
236,5900,Blackhole Attack,0.88,0.7584481845696384,0.2916340194217967,0.46798618327891206,0.7584481845696384,0.2916340194217967,0.46798618327891206,1.050082203991435,1.2264343678485505,0.7596202027007087,1.518068387270347,2.310226222263536,3.4916135802239157,1.8630202185626346,2.310226222263536,3.4916135802239157,1.8630202185626346,5.801839802487452,4.173246440826171,5.35463379878655,7.664860021050086
237,5925,Flooding Attack,0.76,0.8647478037178539,0.2092088245924122,0.3166109137546754,0.8647478037178539,0.2092088245924122,0.3166109137546754,1.073956628310266,1.1813587174725293,0.5258197383470876,1.3905675420649413,2.9513556587713863,1.9069444085329184,0.509042089247584,2.9513556587713863,1.9069444085329184,0.509042089247584,4.858300067304304,3.4603977480189703,2.4159864977805023,5.367342156551889
238,5950,Flooding Attack,0.84,0.7498842678142488,0.29632541916736704,0.4223624457141283,0.7498842678142488,0.29632541916736704,0.4223624457141283,1.0462096869816158,1.1722467135283772,0.7186878648814954,1.4685721326957442,2.2585743050913076,3.581808290279172,1.454938085764607,2.2585743050913076,3.581808290279172,1.454938085764607,5.84038259537048,3.7135123908559144,5.036746376043779,7.295320681135087
239,5975,Normal Traffic,0.6,0.9135034376208812,0.17986732505547823,0.45464154718497296,0.9135034376208812,0.17986732505547823,0.45464154718497296,1.0933707626763594,1.3681449848058542,0.6345088722404512,1.5480123098613323,3.245417597481123,1.342838131761475,1.7436589419706952,3.245417597481123,1.342838131761475,1.7436589419706952,4.588255729242598,4.989076539451818,3.08649707373217,6.331914671213293
240,6000,Sybil Attack,0.8,0.8760576923902867,0.2968258557337888,0.32588006439201195,0.8760576923902867,0.2968258557337888,0.32588006439201195,1.1728835481240756,1.2019377567822986,0.6227059201258007,1.4987636125160875,3.0195694737372993,3.591429455274134,0.5919501314907121,3.0195694737372993,3.591429455274134,0.5919501314907121,6.6109989290114335,3.611519605228011,4.183379586764846,7.202949060502146
241,6025,Sybil Attack,0.76,0.8833994910911029,0.29318135014823293,0.38121882569709153,0.8833994910911029,0.29318135014823293,0.38121882569709153,1.176580841239336,1.2646183167881944,0.6744001758453244,1.5577996669364276,3.0638503780502795,3.5213618544702707,1.086928424483724,3.0638503780502795,3.5213618544702707,1.086928424483724,6.585212232520551,4.1507788025340036,4.608290278953994,7.672140657004275
242,6050,Blackhole Attack,0.76,0.7517491271062915,0.2841237082348608,0.38334247832842744,0.7517491271062915,0.2841237082348608,0.38334247832842744,1.0358728353411522,1.1350916054347189,0.6674661865632883,1.4192153136695795,2.26982191064864,3.3472237655273474,1.1059234639385063,2.26982191064864,3.3472237655273474,1.1059234639385063,5.617045676175987,3.3757453745871464,4.453147229465854,6.722969140114493
243,6075,Blackhole Attack,0.8,0.8299000713618789,0.23983508289413943,0.5714155798863482,0.8299000713618789,0.23983508289413943,0.5714155798863482,1.0697351542560183,1.4013156512482272,0.8112506627804876,1.6411507341423666,2.7411770411244984,2.4957508708707037,2.7881458442666327,2.7411770411244984,2.4957508708707037,2.7881458442666327,5.236927911995203,5.529322885391132,5.283896715137336,8.025073756261836
244,6100,Normal Traffic,0.68,0.9365205785253998,0.23914863078063095,0.4481049443647022,0.9365205785253998,0.23914863078063095,0.4481049443647022,1.1756692093060308,1.384625522890102,0.6872535751453331,1.623774153670733,3.3842418632346996,2.4825534558767726,1.6851922103408723,3.3842418632346996,2.4825534558767726,1.6851922103408723,5.866795319111472,5.069434073575572,4.167745666217645,7.551987529452345
245,6125,Blackhole Attack,0.88,0.7304476137635533,0.27968780198295246,0.42722317787627084,0.7304476137635533,0.27968780198295246,0.42722317787627084,1.0101354157465057,1.1576707916398241,0.7069109798592232,1.4373585936227764,2.1413451827390886,3.2619410567577654,1.4984149698070532,2.1413451827390886,3.2619410567577654,1.4984149698070532,5.403286239496854,3.639760152546142,4.760356026564819,6.901701209303907
246,6150,Blackhole Attack,0.84,0.8702340115821664,0.2782271867150684,0.4377203102985645,0.8702340115821664,0.2782271867150684,0.4377203102985645,1.1484611982972348,1.307954321880731,0.7159474970136329,1.5861815085957993,2.984444858759086,3.2338599343350873,1.5923067116019962,2.984444858759086,3.2338599343350873,1.5923067116019962,6.218304793094173,4.576751570361083,4.826166645937084,7.810611504696169
247,6175,Normal Traffic,0.68,0.7543214667759512,0.19202571345603314,0.4924272817943692,0.7543214667759512,0.19202571345603314,0.4924272817943692,0.9463471802319844,1.2467487485703204,0.6844529952504024,1.4387744620263536,2.2853365728471586,1.5765897572891603,2.0816339521690015,2.2853365728471586,1.5765897572891603,2.0816339521690015,3.8619263301363187,4.366970525016161,3.658223709458162,5.94356028230532
248,6200,Flooding Attack,0.84,0.8484070053059988,0.2802681348551823,0.3947230495083348,0.8484070053059988,0.2802681348551823,0.3947230495083348,1.1286751401611812,1.2431300548143336,0.6749911843635171,1.523398189669516,2.8527987028591233,3.2730982716584416,1.2077171355543355,2.8527987028591233,3.2730982716584416,1.2077171355543355,6.125896974517564,4.060515838413458,4.480815407212777,7.3336141100719
249,6225,Sybil Attack,0.92,0.842160569280652,0.27328247722791776,0.2795525766187121,0.842160569280652,0.27328247722791776,0.2795525766187121,1.1154430465085698,1.121713145899364,0.5528350538466298,1.394995623127282,2.8151243062695266,3.1387952068148777,0.17757329551014708,2.8151243062695266,3.1387952068148777,0.17757329551014708,5.953919513084404,2.992697601779674,3.316368502325025,6.131492808594551
250,6250,Normal Traffic,0.72,0.8382418317022751,0.2627876913063128,0.3875119980578928,0.8382418317022751,0.2627876913063128,0.3875119980578928,1.1010295230085878,1.2257538297601678,0.6502996893642057,1.4885415210664807,2.791489056815398,2.9370272431735565,1.14321778910263,2.791489056815398,2.9370272431735565,1.14321778910263,5.7285162999889545,3.9347068459180283,4.080245032276187,6.871734089091585
251,6275,Blackhole Attack,0.84,0.6699457074712046,0.20957205384805874,0.6174352236979515,0.6699457074712046,0.20957205384805874,0.6174352236979515,0.8795177613192634,1.2873809311691562,0.8270072775460102,1.4969529850172147,1.7764374492995243,1.913927688401056,3.199769165801351,1.7764374492995243,1.913927688401056,3.199769165801351,3.6903651377005806,4.9762066151008755,5.1136968542024075,6.890134303501932
252,6300,Blackhole Attack,0.76,0.7049211805712094,0.2454282869960917,0.5325007241209824,0.7049211805712094,0.2454282869960917,0.5325007241209824,0.9503494675673012,1.2374219046921917,0.777929011117074,1.4828501916882835,1.9873865151558718,2.603283259840923,2.4400713947389385,1.9873865151558718,2.603283259840923,2.4400713947389385,4.590669774996795,4.427457909894811,5.043354654579861,7.030741169735734
253,6325,Sybil Attack,0.76,0.6662660560989371,0.23409135897805367,0.3242570729975318,0.6662660560989371,0.23409135897805367,0.3242570729975318,0.9003574150769907,0.9905231290964689,0.5583484319755855,1.2246144880745224,1.7542442106995078,2.3853246566607673,0.5774332631865351,1.7542442106995078,2.3853246566607673,0.5774332631865351,4.139568867360275,2.331677473886043,2.962757919847302,4.71700213054681
254,6350,Normal Traffic,0.72,0.7096944772296894,0.32635151816533214,0.50705976065208,0.7096944772296894,0.32635151816533214,0.50705976065208,1.0360459953950216,1.2167542378817693,0.8334112788174122,1.5431057560471015,2.0161759033160402,4.159076363793686,2.212514355640939,2.0161759033160402,4.159076363793686,2.212514355640939,6.175252267109726,4.228690258956979,6.371590719434625,8.387766622750664
255,6375,Wormhole Attack,0.84,0.8052691941596769,0.2374542153464285,0.5030337689165808,0.8052691941596769,0.2374542153464285,0.5030337689165808,1.0427234095061053,1.3083029630762577,0.7404879842630093,1.545757178422686,2.5926197786631593,2.4499773981777158,2.1765038185446115,2.5926197786631593,2.4499773981777158,2.1765038185446115,5.042597176840875,4.769123597207771,4.626481216722327,7.219100995385487
256,6400,Blackhole Attack,0.88,0.7888318440294964,0.27329872210059913,0.4879080852209999,0.7888318440294964,0.27329872210059913,0.4879080852209999,1.0621305661300955,1.2767399292504962,0.761206807321599,1.5500386513510953,2.493480486245273,3.139107523321857,2.0412119377828413,2.493480486245273,3.139107523321857,2.0412119377828413,5.6325880095671295,4.534692424028114,5.180319461104698,7.673799947349971
257,6425,Sybil Attack,0.88,0.8100716692789027,0.3307666868212907,0.3575902258895897,0.8100716692789027,0.3307666868212907,0.3575902258895897,1.1408383561001934,1.1676618951684925,0.6883569127108804,1.4984285819897831,2.6215851521207925,4.243960381009495,0.8755820964722457,2.6215851521207925,4.243960381009495,0.8755820964722457,6.8655455331302875,3.4971672485930383,5.11954247748174,7.741127629602533
258,6450,Blackhole Attack,0.8,0.9010253265082552,0.24663939737298882,0.34291378621856267,0.9010253265082552,0.24663939737298882,0.34291378621856267,1.147664723881244,1.2439391127268178,0.5895531835915515,1.4905785100998068,3.170157832578621,2.626567515119379,0.7443084849157637,3.170157832578621,2.626567515119379,0.7443084849157637,5.796725347698,3.9144663174943846,3.3708760000351425,6.541033832613763
259,6475,Blackhole Attack,0.92,0.8836318565650276,0.24488163858300555,0.31787659792738016,0.8836318565650276,0.24488163858300555,0.31787659792738016,1.1285134951480331,1.2015084544924077,0.5627582365103857,1.4463900930754132,3.0652518538651035,2.5927736469760148,0.5203630183124736,3.0652518538651035,2.5927736469760148,0.5203630183124736,5.658025500841118,3.585614872177577,3.113136665288488,6.178388519153592
260,6500,Wormhole Attack,0.88,0.8931613606000625,0.2647890210016743,0.4002529492858965,0.8931613606000625,0.2647890210016743,0.4002529492858965,1.1579503816017367,1.293414309885959,0.6650419702875707,1.558203330887633,3.1227275588689225,2.975503894362477,1.2571793983113566,3.1227275588689225,2.975503894362477,1.2571793983113566,6.098231453231399,4.379906957180279,4.232683292673833,7.355410851542755
261,6525,Normal Traffic,0.72,0.9056430140387557,0.24126249458249052,0.5374389573126365,0.9056430140387557,0.24126249458249052,0.5374389573126365,1.1469055086212463,1.443081971351392,0.778701451895127,1.6843444659338829,3.198008688754043,2.5231936364295056,2.4842414877797094,3.198008688754043,2.5231936364295056,2.4842414877797094,5.721202325183548,5.682250176533753,5.0074351242092145,8.205443812963258
262,6550,Normal Traffic,0.64,0.8553522317528983,0.2465890383638641,0.47551869149205034,0.8553522317528983,0.2465890383638641,0.47551869149205034,1.1019412701167624,1.3308709232449487,0.7221077298559144,1.5774599616088127,2.8946877439864624,2.6255993357970002,1.930394839341376,2.8946877439864624,2.6255993357970002,1.930394839341376,5.520287079783463,4.825082583327839,4.555994175138376,7.450681919124839
263,6575,Wormhole Attack,0.84,0.899446570739041,0.27373697389825363,0.30718379138392693,0.899446570739041,0.27373697389825363,0.30718379138392693,1.1731835446372947,1.206630362122968,0.5809207652821806,1.4803673360212217,3.1606358154273786,3.1475331523375822,0.4247210667153899,3.1606358154273786,3.1475331523375822,0.4247210667153899,6.308168967764961,3.5853568821427686,3.5722542190529722,6.73289003448035
264,6600,Blackhole Attack,0.76,0.8544998083201895,0.25727588361034903,0.32393503125298306,0.8544998083201895,0.25727588361034903,0.32393503125298306,1.1117756919305384,1.1784348395731725,0.5812109148633321,1.4357107231835213,2.8895464861018345,2.831059744350379,0.5745527564814709,2.8895464861018345,2.831059744350379,0.5745527564814709,5.720606230452214,3.4640992425833055,3.40561250083185,6.295158986933685
265,6625,Sybil Attack,0.76,0.7499014482672259,0.29843952501738696,0.4483491995757646,0.7499014482672259,0.29843952501738696,0.4483491995757646,1.048340973284613,1.1982506478429906,0.7467887245931515,1.4966901728603776,2.2586779262916887,3.6224531243393496,1.687376954353478,2.2586779262916887,3.6224531243393496,1.687376954353478,5.881131050631039,3.9460548806451667,5.309830078692828,7.568508004984517
266,6650,Blackhole Attack,0.84,0.8349055648851824,0.250719321461501,0.41449367694481426,0.8349055648851824,0.250719321461501,0.41449367694481426,1.0856248863466833,1.2493992418299966,0.6652129984063153,1.5001185632914975,2.771366888160212,2.705006273308397,1.3845557779294249,2.771366888160212,2.705006273308397,1.3845557779294249,5.476373161468609,4.155922666089637,4.089562051237822,6.8609289393980335
267,6675,Wormhole Attack,0.64,0.8474724693399853,0.26458864157420287,0.3298149635954326,0.8474724693399853,0.26458864157420287,0.3298149635954326,1.1120611109141882,1.177287432935418,0.5944036051696355,1.4418760745096209,2.847162196142659,2.971651490955821,0.6271458902116421,2.847162196142659,2.971651490955821,0.6271458902116421,5.81881368709848,3.474308086354301,3.598797381167463,6.445959577310122
268,6700,Normal Traffic,0.68,0.858769605967446,0.19350809587535722,0.5015226939793802,0.858769605967446,0.19350809587535722,0.5015226939793802,1.0522777018428031,1.3602922999468263,0.6950307898547374,1.5538003958221833,2.9152990991546734,1.6050893650295126,2.162987988494194,2.9152990991546734,1.6050893650295126,2.162987988494194,4.520388464184186,5.078287087648867,3.768077353523706,6.683376452678379
269,6725,Sybil Attack,0.76,0.9165152233495021,0.2406106741014989,0.4860936051533743,0.9165152233495021,0.2406106741014989,0.4860936051533743,1.157125897451001,1.4026088285028764,0.7267042792548732,1.6432195026043752,3.263582709478192,2.5106620333942655,2.024982296472444,3.263582709478192,2.5106620333942655,2.024982296472444,5.774244742872458,5.288565005950636,4.5356443298667095,7.799227039344903
270,6750,Normal Traffic,0.68,0.9288234887486269,0.28626239123546254,0.37811627593513214,0.9288234887486269,0.28626239123546254,0.37811627593513214,1.2150858799840893,1.306939764683759,0.6643786671705947,1.5932021559192215,3.33781807666918,3.388341108666038,1.0591776265098711,3.33781807666918,3.388341108666038,1.0591776265098711,6.726159185335218,4.396995703179051,4.447518735175909,7.78533681184509
271,6775,Sybil Attack,0.84,0.7851775593140646,0.3736554750411555,0.24176785649073496,0.7851775593140646,0.3736554750411555,0.24176785649073496,1.15883303435522,1.0269454158047995,0.6154233315318904,1.400600890845955,2.4714402426468713,5.0685206461552,-0.16039264064549452,2.4714402426468713,5.0685206461552,-0.16039264064549452,7.539960888802071,2.311047602001377,4.908128005509705,7.379568248156576
272,6800,Blackhole Attack,0.84,0.9052147101827509,0.24897340601682136,0.38915799208972196,0.9052147101827509,0.24897340601682136,0.38915799208972196,1.1541881161995722,1.294372702272473,0.6381313981065433,1.543346108289294,3.195425441400432,2.6714400999157837,1.1579404048052095,3.195425441400432,2.6714400999157837,1.1579404048052095,5.866865541316216,4.353365846205642,3.8293805047209935,7.024805946121425
273,6825,Sybil Attack,0.88,0.7683777658274777,0.338400516074223,0.3533691691348666,0.7683777658274777,0.338400516074223,0.3533691691348666,1.1067782819017007,1.1217469349623443,0.6917696852090895,1.4601474510365673,2.3701149301216615,4.390724897661412,0.8378267976942138,2.3701149301216615,4.390724897661412,0.8378267976942138,6.760839827783074,3.207941727815875,5.228551695355626,7.598666625477287
274,6850,Blackhole Attack,0.76,0.7194172734984022,0.26151657992304156,0.3196288789099181,0.7194172734984022,0.26151657992304156,0.3196288789099181,0.9809338534214438,1.0390461524083203,0.5811454588329596,1.300562732331362,2.0748174200306853,2.9125894359348243,0.5360363190717576,2.0748174200306853,2.9125894359348243,0.5360363190717576,4.98740685596551,2.610853739102443,3.448625755006582,5.523443175037268
275,6875,Sybil Attack,0.8,0.857634941207749,0.3275105998697704,0.27840975128933015,0.857634941207749,0.3275105998697704,0.27840975128933015,1.1851455410775193,1.136044692497079,0.6059203511591005,1.4635552923668496,2.9084555470908082,4.181360339564641,0.16735127901779892,2.9084555470908082,4.181360339564641,0.16735127901779892,7.089815886655449,3.0758068261086073,4.34871161858244,7.257167165673248
276,6900,Blackhole Attack,0.72,0.8651741544247288,0.27273882353087237,0.4301497694699365,0.8651741544247288,0.27273882353087237,0.4301497694699365,1.1379129779556012,1.2953239238946652,0.7028885930008089,1.5680627474255378,2.953927126013167,3.1283431689935908,1.5245919075837098,2.953927126013167,3.1283431689935908,1.5245919075837098,6.082270295006758,4.478519033596877,4.6529350765773,7.6068622025904675
277,6925,Normal Traffic,0.68,0.8971649952857356,0.2859094757915509,0.54303845357408,0.8971649952857356,0.2859094757915509,0.54303845357408,1.1830744710772865,1.4402034488598154,0.8289479293656309,1.7261129246513665,3.1468748518750234,3.3815561174344366,2.534326257220612,3.1468748518750234,3.3815561174344366,2.534326257220612,6.5284309693094595,5.681201109095635,5.915882374655048,9.06275722653007
278,6950,Wormhole Attack,0.84,0.8414786356931948,0.23811673463313243,0.559181474736062,0.8414786356931948,0.23811673463313243,0.559181474736062,1.0795953703263272,1.4006601104292566,0.7972982093691944,1.6387768450623892,2.811011331075772,2.462714691567967,2.6787177266005826,2.811011331075772,2.462714691567967,2.6787177266005826,5.273726022643739,5.489729057676355,5.14143241816855,7.952443749244322
279,6975,Sybil Attack,0.72,0.9458385573130674,0.27695823761109045,0.42610004277766816,0.9458385573130674,0.27695823761109045,0.42610004277766816,1.2227967949241578,1.3719386000907356,0.7030582803887586,1.648896837701826,3.4404417869728996,3.2094636980910463,1.488369072848101,3.4404417869728996,3.2094636980910463,1.488369072848101,6.649905485063946,4.9288108598210005,4.697832770939147,8.138274557912046
280,7000,Sybil Attack,0.8,0.7640445084350912,0.24212473333392373,0.4732428215894364,0.7640445084350912,0.24212473333392373,0.4732428215894364,1.006169241769015,1.2372873300245275,0.7153675549233601,1.4794120633584513,2.343979569595575,2.539770645083981,1.9100382904612945,2.343979569595575,2.539770645083981,1.9100382904612945,4.883750214679557,4.254017860056869,4.449808935545276,6.793788505140851
281,7025,Sybil Attack,0.72,1.0078097234941756,0.2927388107945563,0.29001237152402465,1.0078097234941756,0.2927388107945563,0.29001237152402465,1.300548534288732,1.2978220950182002,0.5827511823185809,1.5905609058127566,3.814211130379764,3.5128537948595775,0.2711310713834821,3.814211130379764,3.5128537948595775,0.2711310713834821,7.327064925239341,4.085342201763246,3.7839848662430597,7.598195996622823
282,7050,Blackhole Attack,0.76,0.7101242947863085,0.2522552594217946,0.40052319825513033,0.7101242947863085,0.2522552594217946,0.40052319825513033,0.9623795542081031,1.1106474930414387,0.6527784576769249,1.3629027524632333,2.018768280316866,2.734535515433276,1.2595966438426944,2.018768280316866,2.734535515433276,1.2595966438426944,4.753303795750142,3.2783649241595603,3.9941321592759707,6.012900439592837
283,7075,Normal Traffic,0.68,0.6876922003978907,0.20689678874043638,0.46453401820080403,0.6876922003978907,0.20689678874043638,0.46453401820080403,0.8945889891383271,1.1522262185986947,0.6714308069412405,1.3591230073391312,1.8834726306223522,1.8624942626029721,1.8321422817025776,1.8834726306223522,1.8624942626029721,1.8321422817025776,3.745966893225324,3.71561491232493,3.69463654430555,5.578109174927902
284,7100,Wormhole Attack,0.84,0.6041964684444049,0.26196114697146416,0.5268371702420775,0.6041964684444049,0.26196114697146416,0.5268371702420775,0.866157615415869,1.1310336386864823,0.7887983172135418,1.3929947856579465,1.379881253653176,2.9211364790791348,2.3894136610791694,1.379881253653176,2.9211364790791348,2.3894136610791694,4.30101773273231,3.7692949147323453,5.310550140158304,6.69043139381148
285,7125,Normal Traffic,0.72,0.8346743688931362,0.2196041870768787,0.46661630546885435,0.8346743688931362,0.2196041870768787,0.46661630546885435,1.054278555970015,1.3012906743619905,0.686220492545733,1.5208948614388693,2.7699724658914286,2.106800902554993,1.8507673281104384,2.7699724658914286,2.106800902554993,1.8507673281104384,4.876773368446422,4.620739794001867,3.957568230665432,6.7275406965568605
286,7150,Normal Traffic,0.72,0.7174532254853813,0.17250423669138445,0.5360007772695258,0.7174532254853813,0.17250423669138445,0.5360007772695258,0.8899574621767657,1.253454002754907,0.7085050139609103,1.4259582394462915,2.062971573300917,1.2012787558550142,2.471377667087536,2.062971573300917,1.2012787558550142,2.471377667087536,3.2642503291559315,4.534349240388453,3.6726564229425502,5.735627996243467
287,7175,Sybil Attack,0.72,0.8035958139457604,0.26047780951666144,0.2478511685743901,0.8035958139457604,0.26047780951666144,0.2478511685743901,1.0640736234624217,1.0514469825201505,0.5083289780910516,1.3119247920368118,2.582527049054074,2.892618510262609,-0.10598037409129184,2.582527049054074,2.892618510262609,-0.10598037409129184,5.475145559316683,2.476546674962782,2.7866381361713173,5.369165185225391
288,7200,Wormhole Attack,0.72,0.9138051208194445,0.24583091829955234,0.5387916183086281,0.9138051208194445,0.24583091829955234,0.5387916183086281,1.1596360391189968,1.4525967391280727,0.7846225366081805,1.698427657427625,3.247237152251391,2.611024065494734,2.4963403822074874,3.247237152251391,2.611024065494734,2.4963403822074874,5.858261217746126,5.743577534458879,5.1073644477022215,8.354601599953613
289,7225,Blackhole Attack,0.8,0.9763270161966967,0.2562318051064703,0.560811019461104,0.9763270161966967,0.2562318051064703,0.560811019461104,1.232558821303167,1.5371380356578008,0.8170428245675743,1.793369840764271,3.624328132198645,2.810986767618609,2.6932932112578993,3.624328132198645,2.810986767618609,2.6932932112578993,6.435314899817254,6.317621343456544,5.504279978876508,9.128608111075152
290,7250,Sybil Attack,0.72,0.8825008926552139,0.2771090023191335,0.40461968820960886,0.8825008926552139,0.2771090023191335,0.40461968820960886,1.1596098949743474,1.2871205808648227,0.6817286905287423,1.5642295831839563,3.0584306228953237,3.212362231549285,1.296237753204582,3.0584306228953237,3.212362231549285,1.296237753204582,6.2707928544446085,4.354668376099905,4.508599984753866,7.56703060764919
291,7275,Blackhole Attack,0.8,0.8773047115579712,0.2204856822230985,0.40978045022944704,0.8773047115579712,0.2204856822230985,0.40978045022944704,1.0977903937810698,1.2870851617874182,0.6302661324525456,1.5075708440105169,3.0270906737443966,2.123748125865793,1.3423982583347933,3.0270906737443966,2.123748125865793,1.3423982583347933,5.15083879961019,4.369488932079189,3.466146384200586,6.493237057944983
292,7300,Blackhole Attack,0.84,0.7833685224125941,0.2197499531671345,0.3803764890039298,0.7833685224125941,0.2197499531671345,0.3803764890039298,1.0031184755797287,1.163745011416524,0.6001264421710643,1.3834949645836585,2.4605293210598003,2.109603334869341,1.0793941326298095,2.4605293210598003,2.109603334869341,1.0793941326298095,4.570132655929141,3.53992345368961,3.1889974674991506,5.649526788558951
293,7325,Wormhole Attack,0.8,0.7002591255300346,0.17572703572630716,0.47503892622448324,0.7002591255300346,0.17572703572630716,0.47503892622448324,0.8759861612563418,1.1752980517545177,0.6507659619507904,1.351025087480825,1.959268063316929,1.263238819010083,1.9261035724684417,1.959268063316929,1.263238819010083,1.9261035724684417,3.222506882327012,3.8853716357853707,3.1893423914785246,5.148610454795453
294,7350,Normal Traffic,0.64,0.7584515766799815,0.23098174435952493,0.4436427531306207,0.7584515766799815,0.23098174435952493,0.4436427531306207,0.9894333210395064,1.2020943298106022,0.6746244974901456,1.4330760741701272,2.310246681243637,2.325540625430726,1.6452800809768324,2.310246681243637,2.325540625430726,1.6452800809768324,4.635787306674363,3.9555267622204693,3.9708207064075585,6.281067387651195
295,7375,Flooding Attack,0.84,0.8053370325475038,0.2221141959200367,0.3526745074807239,0.8053370325475038,0.2221141959200367,0.3526745074807239,1.0274512284675406,1.1580115400282276,0.5747887034007606,1.3801257359482644,2.5930289352312594,2.1550571868459496,0.8316133872082131,2.5930289352312594,2.1550571868459496,0.8316133872082131,4.7480861220772095,3.4246423224394724,2.9866705740541626,5.5796995092854225
296,7400,Blackhole Attack,0.84,0.74254639848423,0.3252695912232451,0.37448499720951917,0.74254639848423,0.3252695912232451,0.37448499720951917,1.067815989707475,1.1170313956937492,0.6997545884327643,1.4423009869169943,2.21431710016037,4.138275730265356,1.0266976052264751,2.21431710016037,4.138275730265356,1.0266976052264751,6.352592830425726,3.241014705386845,5.1649733354918315,7.3792904356522016
297,7425,Normal Traffic,0.64,0.692728478969552,0.2167381487263937,0.5752861817070891,0.692728478969552,0.2167381487263937,0.5752861817070891,0.9094666276959458,1.2680146606766411,0.7920243304334829,1.484752809403035,1.9138481528360647,2.0516997574706672,2.8227664941854833,1.9138481528360647,2.0516997574706672,2.8227664941854833,3.965547910306732,4.736614647021548,4.87446625165615,6.7883144044922155
298,7450,Normal Traffic,0.68,0.790380191165449,0.2527750815935196,0.4908692441906993,0.790380191165449,0.2527750815935196,0.4908692441906993,1.0431552727589686,1.2812494353561483,0.7436443257842189,1.534024516949668,2.5028190985069756,2.7445293792269756,2.067698063918235,2.5028190985069756,2.7445293792269756,2.067698063918235,5.247348477733951,4.570517162425211,4.812227443145211,7.315046541652186
299,7475,Wormhole Attack,0.72,0.6324652598629322,0.19157583764934252,0.5789663321167051,0.6324652598629322,0.19157583764934252,0.5789663321167051,0.8240410975122747,1.2114315919796375,0.7705421697660476,1.4030074296289798,1.5503800236219358,1.5679406503816435,2.855683648902173,1.5503800236219358,1.5679406503816435,2.855683648902173,3.1183206740035794,4.406063672524109,4.423624299283817,5.974004322905753
300,7500,Blackhole Attack,0.72,0.7656738223237249,0.24636590737888892,0.4793613716786609,0.7656738223237249,0.24636590737888892,0.4793613716786609,1.0120397297026138,1.2450351940023858,0.7257272790575497,1.4914011013812747,2.353806520093466,2.621309521331034,1.9647657438291126,2.353806520093466,2.621309521331034,1.9647657438291126,4.9751160414245,4.3185722639225785,4.586075265160146,6.939881785253613
301,7525,Blackhole Attack,0.76,0.8142767429447533,0.30539359026042023,0.5066006020642724,0.8142767429447533,0.30539359026042023,0.5066006020642724,1.1196703332051734,1.3208773450090256,0.8119941923246926,1.6262709352694458,2.6469473926580953,3.7561488084244554,2.2084074054916,2.6469473926580953,3.7561488084244554,2.2084074054916,6.403096201082551,4.855354798149696,5.9645562139160555,8.611503606574152
302,7550,Sybil Attack,0.84,0.7437155686895441,0.1561117705257399,0.5306643967146664,0.7437155686895441,0.1561117705257399,0.5306643967146664,0.899827339215284,1.2743799654042105,0.6867761672404062,1.4304917359299503,2.221368766393244,0.8861246839179712,2.423646339614491,2.221368766393244,0.8861246839179712,2.423646339614491,3.1074934503112153,4.645015106007735,3.309771023532462,5.531139789925707
303,7575,Blackhole Attack,0.92,0.6964074859146876,0.24471352249027553,0.40691801327771315,0.6964074859146876,0.24471352249027553,0.40691801327771315,0.9411210084049632,1.1033254991924006,0.6516315357679887,1.3480390216826763,1.9360375046751754,2.589541523716059,1.316795152613681,1.9360375046751754,2.589541523716059,1.316795152613681,4.525579028391235,3.2528326572888564,3.9063366763297402,5.8423741810049155
304,7600,Blackhole Attack,0.96,0.7609329176242668,0.20438160813923434,0.5171352108726568,0.7609329176242668,0.20438160813923434,0.5171352108726568,0.9653145257635012,1.2780681284969235,0.7215168190118911,1.482449736636158,2.3252124989402683,1.8141385484525798,2.302634355324766,2.3252124989402683,1.8141385484525798,2.302634355324766,4.139351047392848,4.627846854265034,4.1167729037773455,6.441985402717615
305,7625,Flooding Attack,0.76,0.6560447038150661,0.20923492512916525,0.4162047149640152,0.6560447038150661,0.20923492512916525,0.4162047149640152,0.8652796289442313,1.0722494187790812,0.6254396400931804,1.2814843439082464,1.6925957317809788,1.9074462055385886,1.3998601804497695,1.6925957317809788,1.9074462055385886,1.3998601804497695,3.6000419373195673,3.092455912230748,3.3073063859883582,4.999902117769337
306,7650,Blackhole Attack,0.76,0.9368197846943256,0.26656697788445605,0.5406642500390952,0.9368197846943256,0.26656697788445605,0.5406642500390952,1.2033867625787815,1.4774840347334208,0.8072312279235513,1.7440510126178768,3.3860464781902393,3.009686081818292,2.5130901618464128,3.3860464781902393,3.009686081818292,2.5130901618464128,6.395732560008531,5.899136640036652,5.522776243664705,8.908822721854943
307,7675,Sybil Attack,0.8,0.6571711107387996,0.2538092987890934,0.4285190493021329,0.6571711107387996,0.2538092987890934,0.4285190493021329,0.910980409527893,1.0856901600409326,0.6823283480912263,1.339499458830026,1.6993894780058347,2.764412766946604,1.5100059091628417,1.6993894780058347,2.764412766946604,1.5100059091628417,4.463802244952439,3.2093953871686765,4.274418676109446,5.9738081541152805
308,7700,Blackhole Attack,0.8,0.8624151583681907,0.2573521342738303,0.5589872893865863,0.8624151583681907,0.2573521342738303,0.5589872893865863,1.119767292642021,1.4214024477547769,0.8163394236604166,1.6787545820286072,2.93728667517026,2.83252570480082,2.676980833136744,2.93728667517026,2.83252570480082,2.676980833136744,5.76981237997108,5.6142675083070035,5.509506537937564,8.446793213107824
309,7725,Sybil Attack,0.84,0.5707655395275045,0.2476383197230777,0.3619188086449824,0.5707655395275045,0.2476383197230777,0.3619188086449824,0.8184038592505822,0.9326843481724869,0.6095571283680601,1.1803226678955645,1.1782478631464695,2.6457723402505255,0.9142991630059807,1.1782478631464695,2.6457723402505255,0.9142991630059807,3.824020203396995,2.09254702615245,3.5600715032565065,4.738319366402976
310,7750,Wormhole Attack,0.8,0.613104798993618,0.08488222479408057,0.5805380635924999,0.613104798993618,0.08488222479408057,0.5805380635924999,0.6979870237876986,1.193642862586118,0.6654202883865805,1.2785250873801985,1.433610448461289,-0.48330204862612575,2.8697420221758962,1.433610448461289,-0.48330204862612575,2.8697420221758962,0.9503083998351634,4.3033524706371855,2.3864399735497703,3.8200504220110596
311,7775,Wormhole Attack,0.76,0.8090234964839162,0.2478138209340039,0.35806710131598735,0.8090234964839162,0.2478138209340039,0.35806710131598735,1.0568373174179202,1.1670905977999035,0.6058809222499912,1.4149044187339075,2.615263262740591,2.649146446421883,0.8798475151220655,2.615263262740591,2.649146446421883,0.8798475151220655,5.264409709162474,3.4951107778626564,3.5289939615439483,6.14425722428454
312,7800,Normal Traffic,0.68,0.7892014965592673,0.29991298540973754,0.1969858735611466,0.7892014965592673,0.29991298540973754,0.1969858735611466,1.0891144819690048,0.9861873701204139,0.49689885897088415,1.2861003555301513,2.49570998734805,3.65078120126169,-0.5609456878148968,2.49570998734805,3.65078120126169,-0.5609456878148968,6.14649118860974,1.9347642995331533,3.089835513446793,5.585545500794844
313,7825,Blackhole Attack,0.8,0.8407026328392114,0.18382891007837754,0.35903577996625347,0.8407026328392114,0.18382891007837754,0.35903577996625347,1.024531542917589,1.199738412805465,0.542864690044631,1.3835673228838425,2.8063309918940376,1.4190017570924918,0.8885118743064747,2.8063309918940376,1.4190017570924918,0.8885118743064747,4.2253327489865296,3.694842866200512,2.3075136313989666,5.113844623293004
314,7850,Blackhole Attack,0.84,0.6386473950630807,0.29502855526153116,0.4460265030851525,0.6386473950630807,0.29502855526153116,0.4460265030851525,0.9336759503246118,1.0846738981482331,0.7410550583466837,1.3797024534097644,1.5876665998961186,3.5568753767967003,1.6666015644287584,1.5876665998961186,3.5568753767967003,1.6666015644287584,5.144541976692819,3.254268164324877,5.223476941225458,6.811143541121577
315,7875,Blackhole Attack,0.8,0.8999191509997174,0.2416968792933825,0.5369875063462156,0.8999191509997174,0.2416968792933825,0.5369875063462156,1.1416160302931,1.436906657345933,0.7786843856395981,1.6786035366393155,3.1634861089529815,2.5315449186003183,2.480203478553281,3.1634861089529815,2.5315449186003183,2.480203478553281,5.6950310275533,5.6436895875062625,5.0117483971536,8.17523450610658
316,7900,Normal Traffic,0.72,0.648395079376713,0.26652828312025467,0.4798624786134698,0.648395079376713,0.26652828312025467,0.4798624786134698,0.9149233624969677,1.1282575579901828,0.7463907617337244,1.3947858411104375,1.6464582249398707,3.0089421539445067,1.96924790153104,1.6464582249398707,3.0089421539445067,1.96924790153104,4.655400378884377,3.6157061264709105,4.9781900554755465,6.624648280415418
317,7925,Sybil Attack,0.8,0.8665618189724388,0.30748372758070536,0.26393895840952486,0.8665618189724388,0.30748372758070536,0.26393895840952486,1.174045546553144,1.1305007773819638,0.5714226859902303,1.437984504962669,2.9622966065123846,3.7963328344727127,0.03791707794463569,2.9622966065123846,3.7963328344727127,0.03791707794463569,6.758629440985097,3.0002136844570204,3.8342499124173486,6.796546518929733
318,7950,Blackhole Attack,0.88,0.8120776629842802,0.23126722919388637,0.5823604247088687,0.8120776629842802,0.23126722919388637,0.5823604247088687,1.0433448921781665,1.3944380876931488,0.8136276539027552,1.6257053168870352,2.633683987697745,2.331029226542732,2.8860421556325204,2.633683987697745,2.331029226542732,2.8860421556325204,4.9647132142404775,5.519726143330265,5.217071382175252,7.8507553698729975
319,7975,Wormhole Attack,0.84,0.7661848151815204,0.2746017093879772,0.38486616296691695,0.7661848151815204,0.2746017093879772,0.38486616296691695,1.0407865245694976,1.1510509781484373,0.6594678723548941,1.4256526875364146,2.3568884931579333,3.1641581621427575,1.1195520816312914,2.3568884931579333,3.1641581621427575,1.1195520816312914,5.52104665530069,3.4764405747892244,4.283710243774049,6.640598736931982
320,8000,Wormhole Attack,0.72,0.9650270578807547,0.23341371615754772,0.5139271515874,0.9650270578807547,0.23341371615754772,0.5139271515874,1.1984407740383025,1.4789542094681547,0.7473408677449477,1.7123679256257025,3.556174210616286,2.3722966051129815,2.2739398260041206,3.556174210616286,2.3722966051129815,2.2739398260041206,5.928470815729268,5.830114036620406,4.646236431117102,8.202410641733389
321,8025,Blackhole Attack,0.8,0.9064856120452053,0.30076949676976517,0.18288068093544657,0.9064856120452053,0.30076949676976517,0.18288068093544657,1.2072551088149703,1.0893662929806518,0.48365017770521174,1.390135789750417,3.2030906861253077,3.6672480977033475,-0.6871097725098277,3.2030906861253077,3.6672480977033475,-0.6871097725098277,6.870338783828656,2.51598091361548,2.98013832519352,6.1832290113188275
322,8050,Wormhole Attack,0.76,0.8087066696994024,0.2328180929521898,0.5247978111390288,0.8087066696994024,0.2328180929521898,0.5247978111390288,1.0415247626515922,1.3335044808384313,0.7576159040912186,1.566322573790621,2.613352371813101,2.360845425247065,2.3711725862191475,2.613352371813101,2.360845425247065,2.3711725862191475,4.974197797060166,4.984524958032249,4.732018011466213,7.345370383279313
323,8075,Blackhole Attack,0.92,0.7990484207399328,0.25692022012068544,0.3859389158567616,0.7990484207399328,0.25692022012068544,0.3859389158567616,1.0559686408606181,1.1849873365966943,0.642859135977447,1.4419075567173798,2.5551001620436247,2.824221920445533,1.1291473342480116,2.5551001620436247,2.824221920445533,1.1291473342480116,5.379322082489158,3.6842474962916363,3.953369254693545,6.508469416737169
324,8100,Blackhole Attack,0.76,0.9379021194415949,0.26443797531304397,0.41186987039419765,0.9379021194415949,0.26443797531304397,0.41186987039419765,1.2023400947546388,1.3497719898357925,0.6763078457072416,1.6142099651488364,3.39257441001342,2.9687548501924392,1.3610871050328943,3.39257441001342,2.9687548501924392,1.3610871050328943,6.361329260205859,4.753661515046314,4.3298419552253335,7.722416365238754
325,8125,Blackhole Attack,0.8,0.8282269529091946,0.19732209034970538,0.7728766218144297,0.8282269529091946,0.19732209034970538,0.7728766218144297,1.0255490432588998,1.6011035747236244,0.9701987121641351,1.7984256650733297,2.731085890287121,1.678415481843794,4.590116836866392,2.731085890287121,1.678415481843794,4.590116836866392,4.409501372130915,7.321202727153514,6.268532318710186,8.999618208997308
326,8150,Normal Traffic,0.68,0.9103373631477719,0.25025589329798104,0.49913986877281513,0.9103373631477719,0.25025589329798104,0.49913986877281513,1.160593256445753,1.409477231920587,0.7493957620707962,1.659733125218568,3.226321917184695,2.6960966149746364,2.1416747764628643,3.226321917184695,2.6960966149746364,2.1416747764628643,5.922418532159331,5.367996693647559,4.837771391437501,8.064093308622196
327,8175,Sybil Attack,0.8,0.7252563656617796,0.23637637365542524,0.4328772323923807,0.7252563656617796,0.23637637365542524,0.4328772323923807,0.9616327393172048,1.1581335980541603,0.6692536060478059,1.3945099717095855,2.1100349861745844,2.4292553058219544,1.5489877362888465,2.1100349861745844,2.4292553058219544,1.5489877362888465,4.539290291996538,3.6590227224634306,3.978243042110801,6.088278028285385
328,8200,Blackhole Attack,0.84,0.7156163052205621,0.21761882584915562,0.6532072206767322,0.7156163052205621,0.21761882584915562,0.6532072206767322,0.9332351310697177,1.3688235258972943,0.8708260465258878,1.5864423517464499,2.051892477592669,2.068631253835864,3.5197322727435876,2.051892477592669,2.068631253835864,3.5197322727435876,4.120523731428533,5.571624750336257,5.588363526579451,7.640256004172121
329,8225,Blackhole Attack,0.92,0.7560712100232911,0.21917532465309514,0.46107540486582893,0.7560712100232911,0.21917532465309514,0.46107540486582893,0.9752465346763863,1.2171466148891201,0.6802507295189241,1.4363219395422153,2.2958898740836973,2.0985557893554034,1.8012066683224548,2.2958898740836973,2.0985557893554034,1.8012066683224548,4.3944456634391,4.0970965424061525,3.8997624576778582,6.195652331761555
330,8250,Sybil Attack,0.84,0.9003976346776412,0.2756318592382158,0.46383113094088413,0.9003976346776412,0.2756318592382158,0.46383113094088413,1.176029493915857,1.3642287656185252,0.7394629901790999,1.6398606248567411,3.166372008011357,3.1839633529375666,1.8258552971753372,3.166372008011357,3.1839633529375666,1.8258552971753372,6.3503353609489235,4.992227305186694,5.009818650112904,8.176190658124261
331,8275,Blackhole Attack,0.76,0.949594617497664,0.19963795319718997,0.5140187013580875,0.949594617497664,0.19963795319718997,0.5140187013580875,1.149232570694854,1.4636133188557516,0.7136566545552774,1.6632512720529415,3.46309587330864,1.722939203842508,2.2747586941563904,3.46309587330864,1.722939203842508,2.2747586941563904,5.186035077151148,5.73785456746503,3.9976978979988984,7.4607937713075385
332,8300,Normal Traffic,0.72,0.9048877204972305,0.1947462448399547,0.5251807661747689,0.9048877204972305,0.1947462448399547,0.5251807661747689,1.0996339653371852,1.4300684866719995,0.7199270110147237,1.624814731511954,3.193453254533711,1.6288934518529663,2.3745979326745683,3.193453254533711,1.6288934518529663,2.3745979326745683,4.822346706386677,5.56805118720828,4.003491384527535,7.196944639061245
333,8325,Blackhole Attack,0.76,0.8501562057844844,0.2140554793433822,0.5644465556308589,0.8501562057844844,0.2140554793433822,0.5644465556308589,1.0642116851278667,1.4146027614153431,0.7785020349742411,1.6286582407587256,2.8633487304706713,2.000123980453734,2.725811313307546,2.8633487304706713,2.000123980453734,2.725811313307546,4.863472710924405,5.589160043778217,4.72593529376128,7.589284024231951
334,8350,Blackhole Attack,0.96,0.8056751221632491,0.2912200015188988,0.42551734111598044,0.8056751221632491,0.2912200015188988,0.42551734111598044,1.096895123682148,1.2311924632792295,0.7167373426348793,1.5224124647981285,2.595068069581588,3.4836538610068915,1.4831570900168207,2.595068069581588,3.4836538610068915,1.4831570900168207,6.078721930588479,4.078225159598409,4.966810951023712,7.5618790206053
335,8375,Blackhole Attack,0.76,0.7659695423640269,0.30168829327437136,0.5045324721966612,0.7659695423640269,0.30168829327437136,0.5045324721966612,1.0676578356383983,1.2705020145606882,0.8062207654710325,1.5721903078350596,2.3555901090124305,3.6849124599037726,2.189908990141922,2.3555901090124305,3.6849124599037726,2.189908990141922,6.040502568916203,4.545499099154353,5.874821450045695,8.230411559058126
336,8400,Sybil Attack,0.8,0.5064938002794218,0.20299191317650608,0.4425791195904173,0.5064938002794218,0.20299191317650608,0.4425791195904173,0.7094857134559279,0.9490729198698391,0.6455710327669234,1.1520648330463452,0.7906029750679171,1.7874209074442913,1.6357663965053357,0.7906029750679171,1.7874209074442913,1.6357663965053357,2.578023882512208,2.426369371573253,3.423187303949627,4.213790279017544
337,8425,Blackhole Attack,0.68,0.6832577640847025,0.23327542927206882,0.4258816864004696,0.6832577640847025,0.23327542927206882,0.4258816864004696,0.9165331933567713,1.1091394504851722,0.6591571156725384,1.3424148797572408,1.8567270253465686,2.3696379645756895,1.4864159813024833,1.8567270253465686,2.3696379645756895,1.4864159813024833,4.226364989922258,3.343143006649052,3.856053945878173,5.712780971224742
338,8450,Normal Traffic,0.72,0.8242008193800839,0.24259495013335966,0.6179260114460462,0.8242008193800839,0.24259495013335966,0.6179260114460462,1.0667957695134436,1.4421268308261301,0.8605209615794058,1.6847217809594897,2.706802899044933,2.5488108186330973,3.2041590233992574,2.706802899044933,2.5488108186330973,3.2041590233992574,5.25561371767803,5.910961922444191,5.752969842032355,8.459772741077288
339,8475,Normal Traffic,0.68,0.8236017258368201,0.26548547172431897,0.38763712897278857,0.8236017258368201,0.26548547172431897,0.38763712897278857,1.0890871975611391,1.2112388548096087,0.6531226006971076,1.4767243265339278,2.7031895605505336,2.98889353805166,1.1443370242498407,2.7031895605505336,2.98889353805166,1.1443370242498407,5.692083098602193,3.8475265848003746,4.133230562301501,6.836420122852034
340,8500,Blackhole Attack,0.76,0.6171058816711184,0.2907230617671084,0.2971550445756176,0.6171058816711184,0.2907230617671084,0.2971550445756176,0.9078289434382267,0.9142609262467359,0.587878106342726,1.2049839880138444,1.4577423494314175,3.474099924173862,0.33501880632922504,1.4577423494314175,3.474099924173862,0.33501880632922504,4.931842273605279,1.7927611557606424,3.809118730503087,5.266861079934505
341,8525,Blackhole Attack,0.92,0.8663525072560869,0.23075075706368936,0.479179436201223,0.8663525072560869,0.23075075706368936,0.479179436201223,1.0971032643197762,1.3455319434573099,0.7099301932649124,1.5762827005209992,2.9610341758109913,2.3210997691182773,1.963138419510077,2.9610341758109913,2.3210997691182773,1.963138419510077,5.282133944929269,4.924172595321068,4.284238188628354,7.245272364439346
342,8550,Wormhole Attack,0.76,0.7742907035594655,0.25624766380023056,0.38854547306332,0.7742907035594655,0.25624766380023056,0.38854547306332,1.030538367359696,1.1628361766227855,0.6447931368635506,1.419083840423016,2.4057778841998836,2.8112916596259274,1.1524617201551728,2.4057778841998836,2.8112916596259274,1.1524617201551728,5.2170695438258115,3.558239604355056,3.9637533797811004,6.369531263980984
343,8575,Blackhole Attack,0.88,0.661614658155397,0.27748477011244016,0.5551390322065741,0.661614658155397,0.27748477011244016,0.5551390322065741,0.9390994282678371,1.2167536903619711,0.8326238023190142,1.4942384604744112,1.7261900354690438,3.21958657161909,2.642560045156698,1.7261900354690438,3.21958657161909,2.642560045156698,4.945776607088134,4.368750080625742,5.862146616775788,7.588336652244832
344,8600,Blackhole Attack,0.84,0.9009774251323205,0.23166693561636564,0.39651495523215585,0.9009774251323205,0.23166693561636564,0.39651495523215585,1.132644360748686,1.2974923803644764,0.6281818908485215,1.5291593159808419,3.1698689229625088,2.3387137997698977,1.2237448603436853,3.1698689229625088,2.3387137997698977,1.2237448603436853,5.508582722732406,4.393613783306194,3.562458660113583,6.732327583076091
345,8625,Blackhole Attack,1.0,0.919523333709006,0.322160581903965,0.35782522311373705,0.919523333709006,0.322160581903965,0.35782522311373705,1.2416839156129709,1.277348556822743,0.6799858050177021,1.599509138726708,3.28172565406441,4.078503336242371,0.8776840322966722,3.28172565406441,4.078503336242371,0.8776840322966722,7.360228990306782,4.159409686361082,4.956187368539044,8.237913022603454
346,8650,Blackhole Attack,0.84,0.8598094857340921,0.24799791195423798,0.47518022243873204,0.8598094857340921,0.24799791195423798,0.47518022243873204,1.10780739768833,1.3349897081728241,0.72317813439297,1.582987620127062,2.9215709704385784,2.652685696346059,1.9273673983526114,2.9215709704385784,2.652685696346059,1.9273673983526114,5.574256666784637,4.84893836879119,4.580053094698671,7.501624065137249
347,8675,Normal Traffic,0.72,0.8021607949485305,0.21748093198399138,0.5715722190139438,0.8021607949485305,0.21748093198399138,0.5715722190139438,1.019641726932522,1.3737330139624744,0.7890531509979353,1.5912139459464658,2.573871957639408,2.0659801693277426,2.7895469050450945,2.573871957639408,2.0659801693277426,2.7895469050450945,4.639852126967151,5.363418862684503,4.855527074372837,7.429399032012245
348,8700,Blackhole Attack,0.8,0.8038494090081043,0.26867791765282234,0.5918028643821954,0.8038494090081043,0.26867791765282234,0.5918028643821954,1.0725273266609268,1.3956522733902998,0.8604807820350178,1.6643301910431223,2.584056567792942,3.0502700462377983,2.9705001839831433,2.584056567792942,3.0502700462377983,2.9705001839831433,5.634326614030741,5.554556751776085,6.020770230220942,8.604826798013884
349,8725,Wormhole Attack,0.92,0.8677319187724085,0.2923476813570055,0.4863091826510824,0.8677319187724085,0.2923476813570055,0.4863091826510824,1.160079600129414,1.354041101423491,0.778656864008088,1.6463887827804964,2.9693538794492382,3.5053341188295652,2.0269105322931735,2.9693538794492382,3.5053341188295652,2.0269105322931735,6.474687998278803,4.996264411742412,5.532244651122738,8.501598530571977
350,8750,Sybil Attack,0.72,0.8927290520936095,0.2891273528998109,0.35705830016466467,0.8927290520936095,0.2891273528998109,0.35705830016466467,1.1818564049934204,1.249787352258274,0.6461856530644756,1.538914705158085,3.1201201580958937,3.443421553874168,0.870824279688618,3.1201201580958937,3.443421553874168,0.870824279688618,6.563541711970062,3.9909444377845116,4.3142458335627865,7.43436599165868
351,8775,Normal Traffic,0.72,0.7554670012998255,0.2764123938272309,0.4052261481446519,0.7554670012998255,0.2764123938272309,0.4052261481446519,1.0318793951270564,1.1606931494444774,0.6816385419718828,1.4371055432717084,2.2922456841843095,3.1989695546603647,1.3016622422306618,2.2922456841843095,3.1989695546603647,1.3016622422306618,5.491215238844674,3.593907926414971,4.500631796891026,6.792877481075336
352,8800,Wormhole Attack,0.8,0.7286033817973238,0.3009206394433603,0.4713951092582658,0.7286033817973238,0.3009206394433603,0.4713951092582658,1.029524021240684,1.1999984910555894,0.7723157487016261,1.5009191304989498,2.1302219876536026,3.6701538977547625,1.893511402723729,2.1302219876536026,3.6701538977547625,1.893511402723729,5.800375885408365,4.023733390377331,5.563665300478491,7.693887288132094
353,8825,Blackhole Attack,0.84,0.6851755066613566,0.2674722202630428,0.49077462915723546,0.6851755066613566,0.2674722202630428,0.49077462915723546,0.9526477269243994,1.1759501358185922,0.7582468494202783,1.4434223560816348,1.8682935881187552,3.0270898585788326,2.0668517784819342,1.8682935881187552,3.0270898585788326,2.0668517784819342,4.895383446697588,3.9351453666006897,5.093941637060767,6.962235225179523
354,8850,Blackhole Attack,0.8,0.8015400373042284,0.26489448800249393,0.49547762524449956,0.8015400373042284,0.26489448800249393,0.49547762524449956,1.0664345253067222,1.297017662548728,0.7603721132469935,1.5619121505512217,2.5701279555264325,2.977531554778392,2.1089177900862293,2.5701279555264325,2.977531554778392,2.1089177900862293,5.5476595103048245,4.679045745612662,5.086449344864621,7.656577300391054
355,8875,Normal Traffic,0.6,0.7866751198369577,0.2828640536339014,0.26279830903965995,0.7866751198369577,0.2828640536339014,0.26279830903965995,1.069539173470859,1.0494734288766177,0.5456623626735613,1.332337482510519,2.480472543438468,3.3230062211557394,0.027714524351383083,2.480472543438468,3.3230062211557394,0.027714524351383083,5.803478764594207,2.508187067789851,3.3507207455071226,5.83119328894559
356,8900,Normal Traffic,0.68,0.7933309586698282,0.3109808436384379,0.25108729451054224,0.7933309586698282,0.3109808436384379,0.25108729451054224,1.104311802308266,1.0444182531803703,0.5620681381489802,1.3553990968188083,2.520616188680088,3.863566791492596,-0.07703480223513313,2.520616188680088,3.863566791492596,-0.07703480223513313,6.3841829801726835,2.4435813864449547,3.7865319892574627,6.307148177937551
357,8925,Sybil Attack,0.72,0.8779178867591726,0.19975615560693713,0.3806706337639111,0.8779178867591726,0.19975615560693713,0.3806706337639111,1.0776740423661098,1.2585885205230838,0.5804267893708482,1.4583446761300207,3.030788943544204,1.7252117094172128,1.0820251143821065,3.030788943544204,1.7252117094172128,1.0820251143821065,4.756000652961417,4.11281405792631,2.807236823799319,5.838025767343523
358,8950,Wormhole Attack,0.8,0.8470268173301924,0.24056461035179372,0.4921548166163676,0.8470268173301924,0.24056461035179372,0.4921548166163676,1.087591427681986,1.33918163394656,0.7327194269681614,1.5797462442983536,2.844474316127597,2.509776432768857,2.079196883728605,2.844474316127597,2.509776432768857,2.079196883728605,5.354250748896455,4.9236711998562015,4.588973316497462,7.433447632625059
359,8975,Normal Traffic,0.68,0.6905230920592018,0.26110682823384895,0.31627045884829214,0.6905230920592018,0.26110682823384895,0.31627045884829214,0.9516299202930507,1.006793550907494,0.5773772870821411,1.2679003791413428,1.9005467084993437,2.9047117369951265,0.5059968857694348,1.9005467084993437,2.9047117369951265,0.5059968857694348,4.80525844549447,2.4065435942687783,3.4107086227645613,5.311255331263904
360,9000,Wormhole Attack,0.72,0.7265655339473401,0.1367947428329537,0.492584083026607,0.7265655339473401,0.1367947428329537,0.492584083026607,0.8633602767802938,1.219149616973947,0.6293788258595607,1.3559443598069008,2.1179310288127526,0.5147443270158999,2.08303646289461,2.1179310288127526,0.5147443270158999,2.08303646289461,2.6326753558286526,4.200967491707363,2.59778078991051,4.715711818723262
361,9025,Blackhole Attack,0.88,0.7337230060885195,0.21329096066560257,0.49659798272278655,0.7337230060885195,0.21329096066560257,0.49659798272278655,0.9470139667541221,1.230320988811306,0.7098889433883891,1.4436119494769086,2.161100196467969,1.9854256933296686,2.118938842583,2.161100196467969,1.9854256933296686,2.118938842583,4.146525889797637,4.280039039050969,4.104364535912668,6.265464732380637
362,9050,Normal Traffic,0.68,0.8660248461176114,0.30884153033178086,0.4472205234923514,0.8660248461176114,0.30884153033178086,0.4472205234923514,1.1748663764493923,1.3132453696099629,0.7560620538241323,1.6220868999417437,2.959057939181362,3.822437330377398,1.677281495981543,2.959057939181362,3.822437330377398,1.677281495981543,6.781495269558761,4.636339435162905,5.499718826358941,8.458776765540303
363,9075,Blackhole Attack,0.76,0.9186115012822088,0.2802770352770901,0.6944742803839663,0.9186115012822088,0.2802770352770901,0.6944742803839663,1.198888536559299,1.6130857816661752,0.9747513156610563,1.8933628169432652,3.2762260801744327,3.2732693871073217,3.888846041989675,3.2762260801744327,3.2732693871073217,3.888846041989675,6.549495467281755,7.165072122164108,7.162115429096996,10.43834150927143
364,9100,Blackhole Attack,0.68,0.8797771194062264,0.17651144708297892,0.6870048830928632,0.8797771194062264,0.17651144708297892,0.6870048830928632,1.0562885664892052,1.5667820024990897,0.8635163301758422,1.7432934495820684,3.0420026128771163,1.2783195536982455,3.822035917699859,3.0420026128771163,1.2783195536982455,3.822035917699859,4.3203221665753615,6.864038530576975,5.100355471398104,8.14235808427522
365,9125,Blackhole Attack,0.84,0.8591835395775046,0.15955207290285928,0.7576288130985378,0.8591835395775046,0.15955207290285928,0.7576288130985378,1.018735612480364,1.6168123526760425,0.917180886001397,1.7763644255789017,2.9177956746296854,0.9522663670477607,4.4537326072218555,2.9177956746296854,0.9522663670477607,4.4537326072218555,3.8700620416774463,7.371528281851541,5.405998974269616,8.323794648899302
366,9150,Sybil Attack,0.88,0.484665798677402,0.24786084749092546,0.366595057168968,0.484665798677402,0.24786084749092546,0.366595057168968,0.7325266461683275,0.85126085584637,0.6144559046598934,1.0991217033372955,0.658950816016599,2.650050557539347,0.9561259306716501,0.658950816016599,2.650050557539347,0.9561259306716501,3.309001373555946,1.6150767466882492,3.606176488210997,4.265127304227596
367,9175,Wormhole Attack,0.92,0.7343229455095355,0.247764974758146,0.49867572074684496,0.7343229455095355,0.247764974758146,0.49867572074684496,0.9820879202676814,1.2329986662563805,0.7464406955049909,1.4807636410145264,2.16471863674101,2.648207352141338,2.137523198216936,2.16471863674101,2.648207352141338,2.137523198216936,4.812925988882348,4.302241834957946,4.785730550358274,6.950449187099284
368,9200,Wormhole Attack,0.8,0.819996809956614,0.23309479184835893,0.49124313660930624,0.819996809956614,0.23309479184835893,0.49124313660930624,1.053091601804973,1.3112399465659201,0.7243379284576652,1.5443347384142792,2.681447077318188,2.3661651119218465,2.0710423496731116,2.681447077318188,2.3661651119218465,2.0710423496731116,5.047612189240034,4.7524894269913,4.437207461594959,7.118654538913146
369,9225,Wormhole Attack,0.8,0.7049154733240975,0.235791611138242,0.5574576381748597,0.7049154733240975,0.235791611138242,0.5574576381748597,0.9407070844623395,1.2623731114989574,0.7932492493131017,1.4981647226371992,1.9873520927924222,2.4180129285893757,2.663298847349585,1.9873520927924222,2.4180129285893757,2.663298847349585,4.405365021381797,4.6506509401420075,5.0813117759389606,7.068663868731383
370,9250,Normal Traffic,0.68,0.799029180875699,0.2456031730467932,0.3746607701569152,0.799029180875699,0.2456031730467932,0.3746607701569152,1.0446323539224922,1.1736899510326142,0.6202639432037084,1.4192931240794073,2.5549841198281067,2.606645539222598,1.0282698087128666,2.5549841198281067,2.606645539222598,1.0282698087128666,5.161629659050705,3.583253928540973,3.634915347935465,6.1898994677635715
371,9275,Wormhole Attack,0.92,0.796944513217169,0.1622202754865459,0.5003648594517278,0.796944513217169,0.1622202754865459,0.5003648594517278,0.9591647887037149,1.297309372668897,0.6625851349382738,1.4595296481554427,2.542410774674763,1.0035640119844411,2.152631722026532,2.542410774674763,1.0035640119844411,2.152631722026532,3.5459747866592037,4.695042496701294,3.156195734010973,5.698606508685735
372,9300,Sybil Attack,0.84,0.8434014136618565,0.3244966866778102,0.2980380059418216,0.8434014136618565,0.3244966866778102,0.2980380059418216,1.1678981003396667,1.1414394196036781,0.6225346926196318,1.4659361062814882,2.8226082640230006,4.123416220277592,0.3429164661162418,2.8226082640230006,4.123416220277592,0.3429164661162418,6.946024484300593,3.1655247301392424,4.466332686393834,7.288940950416835
373,9325,Sybil Attack,0.84,0.7155698330340264,0.33293042356245284,0.44219952664394313,0.7155698330340264,0.33293042356245284,0.44219952664394313,1.0485002565964794,1.1577693596779697,0.775129950206396,1.4906997832404225,2.051612187907667,4.285559395928079,1.6323711223024648,2.051612187907667,4.285559395928079,1.6323711223024648,6.337171583835746,3.683983310210132,5.917930518230544,7.969542706138211
374,9350,Wormhole Attack,0.8,0.7598884790424889,0.24758091426192627,0.3976974891941415,0.7598884790424889,0.24758091426192627,0.3976974891941415,1.0074693933044152,1.1575859682366305,0.6452784034560678,1.4051668824985568,2.318913131879802,2.644668689057929,1.2343220512331423,2.318913131879802,2.644668689057929,1.2343220512331423,4.963581820937732,3.5532351831129443,3.8789907402910715,6.197903872170874
375,9375,Blackhole Attack,0.76,0.6451752641664744,0.2827321397106366,0.48515682364313106,0.6451752641664744,0.2827321397106366,0.48515682364313106,0.927907403877111,1.1303320878096055,0.7678889633537677,1.413064227520242,1.6270384158385665,3.320470104280951,2.0166032416849444,1.6270384158385665,3.320470104280951,2.0166032416849444,4.947508520119517,3.643641657523511,5.337073345965895,6.964111761804462
376,9400,Blackhole Attack,0.76,0.871812111414886,0.23155031085240235,0.4951053699639449,0.871812111414886,0.23155031085240235,0.4951053699639449,1.1033624222672884,1.366917481378831,0.7266556808163472,1.5984677922312334,2.9939629197325117,2.3364716252928956,2.105588147734627,2.9939629197325117,2.3364716252928956,2.105588147734627,5.330434545025407,5.099551067467139,4.442059773027523,7.436022692760035
377,9425,Normal Traffic,0.68,0.8485715394482272,0.25143448086342557,0.25141025117057836,0.8485715394482272,0.25143448086342557,0.25141025117057836,1.1000060203116528,1.0999817906188056,0.5028447320340039,1.3514162714822313,2.8537910646637887,2.7187556015255843,-0.07414611205621634,2.8537910646637887,2.7187556015255843,-0.07414611205621634,5.572546666189373,2.7796449526075726,2.644609489469368,5.498400554133156
378,9450,Normal Traffic,0.52,1.0053385523765594,0.25523551695562563,0.4595697868459625,1.0053385523765594,0.25523551695562563,0.4595697868459625,1.260574069332185,1.464908339222522,0.7148053038015881,1.7201438561781475,3.799306650393409,2.7918325863997158,1.7877396477423502,3.799306650393409,2.7918325863997158,1.7877396477423502,6.591139236793125,5.587046298135759,4.579572234142066,8.378878884535474
379,9475,Sybil Attack,0.76,0.7014838104114499,0.32099181069471044,0.4064406525142112,0.7014838104114499,0.32099181069471044,0.4064406525142112,1.0224756211061603,1.107924462925661,0.7274324632089216,1.4289162736203715,1.9666545575886227,4.056033074474723,1.3125253928596194,1.9666545575886227,4.056033074474723,1.3125253928596194,6.022687632063345,3.279179950448242,5.368558467334342,7.335213024922965
380,9500,Normal Traffic,0.72,0.9992423142563932,0.2238065305042373,0.4059726843694286,0.9992423142563932,0.2238065305042373,0.4059726843694286,1.2230488447606305,1.4052149986258218,0.629779214873666,1.6290215291300592,3.762538148849201,2.187593239072703,1.3083396455097178,3.762538148849201,2.187593239072703,1.3083396455097178,5.950131387921904,5.070877794358919,3.495932884582421,7.258471033431622
381,9525,Sybil Attack,0.84,0.7122665265889059,0.27375281181606376,0.45521250111316813,0.7122665265889059,0.27375281181606376,0.45521250111316813,0.9860193384049696,1.1674790277020741,0.728965312929232,1.4412318395181378,2.0316888145527736,3.147837644915967,1.7487658470421277,2.0316888145527736,3.147837644915967,1.7487658470421277,5.1795264594687405,3.7804546615949013,4.8966034919580945,6.928292306510868
382,9550,Sybil Attack,0.76,0.8072043912669228,0.24237022199150013,0.3391458373160198,0.8072043912669228,0.24237022199150013,0.3391458373160198,1.049574613258423,1.1463502285829426,0.5815160593075199,1.3887204505744428,2.604291615691759,2.544490297957916,0.7106060154010665,2.604291615691759,2.544490297957916,0.7106060154010665,5.148781913649675,3.3148976310928253,3.2550963133589823,5.859387929050741
383,9575,Wormhole Attack,0.8,0.549259239582578,0.23173101396123685,0.4222120761740317,0.549259239582578,0.23173101396123685,0.4222120761740317,0.7809902535438149,0.9714713157566097,0.6539430901352685,1.2032023297178467,1.0485359970499954,2.3399457407789614,1.453593103395652,1.0485359970499954,2.3399457407789614,1.453593103395652,3.3884817378289567,2.5021291004456474,3.7935388441746136,4.842074841224608
384,9600,Normal Traffic,0.68,0.7953724209719606,0.21677062707955463,0.3358310476161603,0.7953724209719606,0.21677062707955463,0.3358310476161603,1.0121430480515152,1.131203468588121,0.552601674695715,1.3479740956676756,2.5329289475206744,2.0523241714633547,0.6809568344549674,2.5329289475206744,2.0523241714633547,0.6809568344549674,4.5852531189840295,3.213885781975642,2.733281005918322,5.266209953438997
385,9625,Wormhole Attack,0.84,0.6705555430142653,0.22353656622044393,0.46500779471077786,0.6705555430142653,0.22353656622044393,0.46500779471077786,0.8940921092347093,1.1355633377250431,0.6885443609312218,1.3590999039454872,1.7801155764764414,2.1824030289813527,1.8363799820528655,1.7801155764764414,2.1824030289813527,1.8363799820528655,3.9625186054577943,3.616495558529307,4.018783011034218,5.79889858751066
386,9650,Wormhole Attack,0.84,0.6409710527333072,0.2540317111843973,0.382468751051747,0.6409710527333072,0.2540317111843973,0.382468751051747,0.8950027639177045,1.0234398037850543,0.6365004622361443,1.2774715149694515,1.6016813757221007,2.7686887661355613,1.0981083985891302,1.6016813757221007,2.7686887661355613,1.0981083985891302,4.370370141857662,2.699789774311231,3.8667971647246917,5.468478540446792
387,9675,Normal Traffic,0.68,0.8692334312705358,0.163393621746742,0.5186594154753063,0.8692334312705358,0.163393621746742,0.5186594154753063,1.0326270530172779,1.387892846745842,0.6820530372220482,1.551286468492584,2.978410015957983,1.0261222315931473,2.3162676238439563,2.978410015957983,1.0261222315931473,2.3162676238439563,4.004532247551131,5.2946776398019395,3.3423898554371037,6.320799871395087
388,9700,Wormhole Attack,0.84,0.956448813634252,0.26366127699002895,0.471718047102669,0.956448813634252,0.26366127699002895,0.471718047102669,1.220110090624281,1.4281668607369211,0.735379324092698,1.69182813772695,3.504435879434511,2.9538224027686426,1.896399924605965,3.504435879434511,2.9538224027686426,1.896399924605965,6.458258282203154,5.400835804040476,4.850222327374608,8.35465820680912
389,9725,Sybil Attack,0.84,0.9220637944455479,0.327191062248059,0.27660725522409435,0.9220637944455479,0.327191062248059,0.27660725522409435,1.2492548566936068,1.1986710496696422,0.6037983174721533,1.5258621119177012,3.297048043491021,4.175217055106902,0.15122882877757024,3.297048043491021,4.175217055106902,0.15122882877757024,7.472265098597923,3.4482768722685915,4.326445883884472,7.623493927375493
390,9750,Sybil Attack,0.76,0.8302330192669264,0.2638684930858518,0.5200186999631886,0.8302330192669264,0.2638684930858518,0.5200186999631886,1.0941015123527782,1.350251719230115,0.7838871930490404,1.6141202123159668,2.743185164055324,2.957806244840334,2.3284257621838207,2.743185164055324,2.957806244840334,2.3284257621838207,5.700991408895658,5.071610926239145,5.286232007024155,8.029417171079478
391,9775,Flooding Attack,0.76,0.7580774444090534,0.2654021729545259,0.5231877938965629,0.7580774444090534,0.2654021729545259,0.5231877938965629,1.0234796173635794,1.2812652383056164,0.7885899668510887,1.5466674112601422,2.307990161286542,2.9872920739264726,2.356771765391741,2.307990161286542,2.9872920739264726,2.356771765391741,5.295282235213015,4.664761926678283,5.344063839318213,7.652054000604755
392,9800,Blackhole Attack,0.96,0.8074791572329713,0.2792888437369419,0.5038678421685228,0.8074791572329713,0.2792888437369419,0.5038678421685228,1.0867680009699132,1.311346999401494,0.7831566859054646,1.590635843138436,2.605948823407043,3.254270867629872,2.183964197937662,2.605948823407043,3.254270867629872,2.183964197937662,5.8602196910369155,4.789913021344705,5.438235065567534,8.044183888974578
393,9825,Blackhole Attack,0.76,0.7952883412920347,0.19687725971220332,0.6646610726313265,0.7952883412920347,0.19687725971220332,0.6646610726313265,0.9921656010042381,1.4599494139233613,0.8615383323435297,1.6568266736355646,2.53242183415334,1.6698633710561606,3.6221814052318377,2.53242183415334,1.6698633710561606,3.6221814052318377,4.202285205209501,6.154603239385178,5.292044776287998,7.8244666104413385
394,9850,Wormhole Attack,0.8,0.9255003094327693,0.22944887457230898,0.4364231720781656,0.9255003094327693,0.22944887457230898,0.4364231720781656,1.1549491840050783,1.361923481510935,0.6658720466504746,1.591372356083244,3.317774843219589,2.2960703706009284,1.5807044413854763,3.317774843219589,2.2960703706009284,1.5807044413854763,5.613845213820517,4.898479284605065,3.8767748119864045,7.194549655205994
395,9875,Wormhole Attack,0.76,0.5322594406576845,0.23034780421943216,0.517679509018762,0.5322594406576845,0.23034780421943216,0.517679509018762,0.7626072448771166,1.0499389496764464,0.7480273132381942,1.2802867538958786,0.946004383175942,2.3133527816678825,2.3075028373956448,0.946004383175942,2.3133527816678825,2.3075028373956448,3.2593571648438244,3.2535072205715867,4.620855619063527,5.566860002239469
396,9900,Wormhole Attack,0.8,1.2480582688338546,0.2803835982184786,0.41244835940313285,1.2480582688338546,0.2803835982184786,0.41244835940313285,1.5284418670523332,1.6605066282369876,0.6928319576216114,1.940890226455466,5.2632324507731285,3.2753181175763566,1.3662614077351067,5.2632324507731285,3.2753181175763566,1.3662614077351067,8.538550568349486,6.629493858508235,4.641579525311464,9.904811976084591
397,9925,Flooding Attack,0.84,0.6397629539251817,0.3123703407517341,0.3747345010489334,0.6397629539251817,0.3123703407517341,0.3747345010489334,0.9521332946769158,1.014497454974115,0.6871048418006676,1.3268677957258492,1.5943949177431744,3.8902806287380143,1.0289292956657972,1.5943949177431744,3.8902806287380143,1.0289292956657972,5.4846755464811885,2.6233242134089716,4.919209924403812,6.513604842146986
398,9950,Wormhole Attack,0.96,0.6625647799821838,0.2273119555663299,0.3722162254129882,0.6625647799821838,0.2273119555663299,0.3722162254129882,0.8898767355485137,1.034781005395172,0.5995281809793181,1.262092960961502,1.731920545853773,2.254986941217655,1.0064045454514907,1.731920545853773,2.254986941217655,1.0064045454514907,3.986907487071428,2.7383250913052635,3.2613914866691456,4.993312032522919
399,9975,Blackhole Attack,0.8,0.697235380200512,0.3003275531239607,0.3314471397222852,0.697235380200512,0.3003275531239607,0.3314471397222852,0.9975629333244727,1.0286825199227971,0.6317746928462459,1.3290100730467578,1.9410308188677559,3.6587514909002854,0.6417449114777591,1.9410308188677559,3.6587514909002854,0.6417449114777591,5.599782309768042,2.582775730345515,4.3004964023780445,6.241527221245801
400,10000,Wormhole Attack,0.88,0.8097762060165711,0.2509005189672259,0.425916257692453,0.8097762060165711,0.2509005189672259,0.425916257692453,1.060676724983797,1.235692463709024,0.6768167766596789,1.48659298267625,2.6198031119177756,2.708489893843404,1.4867252046874844,2.6198031119177756,2.708489893843404,1.4867252046874844,5.3282930057611795,4.10652831660526,4.1952150985308885,6.815018210448664
401,10025,Wormhole Attack,0.76,0.6257416377136975,0.22889726731098892,0.46753451936245305,0.6257416377136975,0.22889726731098892,0.46753451936245305,0.8546389050246864,1.0932761570761507,0.696431786673442,1.3221734243871395,1.5098275539670818,2.2854654211834093,1.8589803046017324,1.5098275539670818,2.2854654211834093,1.8589803046017324,3.795292975150491,3.368807858568814,4.1444457257851415,5.654273279752223
402,10050,Blackhole Attack,0.8,0.6500804595442364,0.2435215971590415,0.5801419362339383,0.6500804595442364,0.2435215971590415,0.5801419362339383,0.893602056703278,1.2302223957781746,0.8236635333929798,1.4737439929372163,1.6566233303820563,2.5666261113682465,2.866198855702261,1.6566233303820563,2.5666261113682465,2.866198855702261,4.223249441750303,4.522822186084317,5.432824967070507,7.089448297452564
403,10075,Normal Traffic,0.68,0.6484471066343968,0.2892722092459415,0.4874571915155857,0.6484471066343968,0.2892722092459415,0.4874571915155857,0.9377193158803383,1.1359042981499825,0.7767294007615272,1.425176507395924,1.6467720191629271,3.44620649586323,2.037178912984964,1.6467720191629271,3.44620649586323,2.037178912984964,5.092978515026157,3.683950932147891,5.483385408848195,7.130157428011121
404,10100,Wormhole Attack,0.8,0.8160958137776416,0.24597060297838366,0.5283900564152083,0.8160958137776416,0.24597060297838366,0.5283900564152083,1.0620664167560252,1.34448587019285,0.774360659393592,1.5904564731712334,2.657918832324605,2.6137095793689777,2.4033034722903603,2.657918832324605,2.6137095793689777,2.4033034722903603,5.271628411693582,5.061222304614965,5.0170130516593385,7.674931883983943
405,10125,Normal Traffic,0.64,0.7282407449583409,0.331013691531946,0.23652404013466105,0.7282407449583409,0.331013691531946,0.23652404013466105,1.059254436490287,0.9647647850930019,0.567537731666607,1.295778476624948,2.1280348005865455,4.248709180827901,-0.20729602640053577,2.1280348005865455,4.248709180827901,-0.20729602640053577,6.376743981414446,1.9207387741860098,4.0414131544273655,6.1694479550139105
406,10150,Blackhole Attack,0.72,0.9208648447384685,0.20042680814550035,0.47047120764247596,0.9208648447384685,0.20042680814550035,0.47047120764247596,1.121291652883969,1.3913360523809444,0.6708980157879763,1.591762860526445,3.2898167668762928,1.7381053689951769,1.8852475523249823,3.2898167668762928,1.7381053689951769,1.8852475523249823,5.02792213587147,5.175064319201275,3.6233529213201594,6.913169688196453
407,10175,Normal Traffic,0.68,0.849056556365705,0.3155796906478448,0.36178450705688825,0.849056556365705,0.3155796906478448,0.36178450705688825,1.1646362470135498,1.2108410634225932,0.6773641977047331,1.526420754070438,2.8567163679291347,3.9519821248893257,0.9130979006493009,2.8567163679291347,3.9519821248893257,0.9130979006493009,6.80869849281846,3.7698142685784357,4.865080025538626,7.721796393467761
408,10200,Normal Traffic,0.68,0.8163997359760392,0.24868879160968266,0.4492190684014939,0.8163997359760392,0.24868879160968266,0.4492190684014939,1.0650885275857218,1.2656188043775332,0.6979078600111766,1.5143075959872156,2.659751891270274,2.665968233240244,1.6951575077365515,2.659751891270274,2.665968233240244,1.6951575077365515,5.325720124510518,4.354909399006825,4.361125740976796,7.020877632247069
409,10225,Wormhole Attack,0.92,0.7956834249348478,0.2902439729417896,0.42721249926324045,0.7956834249348478,0.2902439729417896,0.42721249926324045,1.0859273978766373,1.2228959241980881,0.7174564722050301,1.5131398971398777,2.534804719015204,3.4648891811048794,1.4983194548095242,2.534804719015204,3.4648891811048794,1.4983194548095242,5.999693900120084,4.033124173824728,4.963208635914404,7.498013354929608
410,10250,Sybil Attack,0.8,0.6616958594915642,0.34822145167139595,0.28441193810741766,0.6616958594915642,0.34822145167139595,0.28441193810741766,1.00991731116296,0.9461077975989818,0.6326333897788137,1.2943292492703777,1.7266797885586382,4.5795377225533285,0.22103791954564547,1.7266797885586382,4.5795377225533285,0.22103791954564547,6.306217511111967,1.9477177081042838,4.800575642098974,6.527255430657613
411,10275,Sybil Attack,0.72,1.010839418785116,0.3263326264596629,0.22424866427987789,1.010839418785116,0.3263326264596629,0.22424866427987789,1.3371720452447788,1.2350880830649937,0.5505812907395408,1.5614207095246568,3.832484261085554,4.158713160483863,-0.3170932904367021,3.832484261085554,4.158713160483863,-0.3170932904367021,7.991197421569417,3.515390970648852,3.841619870047161,7.674104131132715
412,10300,Blackhole Attack,0.8,0.6232573934171292,0.17120957717730334,0.5754365923615147,0.6232573934171292,0.17120957717730334,0.5754365923615147,0.7944669705944325,1.1986939857786438,0.746646169538818,1.369903562955947,1.494844225157729,1.1763882230021954,2.8241118443021054,1.494844225157729,1.1763882230021954,2.8241118443021054,2.671232448159924,4.318956069459834,4.0005000673043005,5.495344292462029
413,10325,Blackhole Attack,0.92,0.8040755237869897,0.23873323190740647,0.4487973598013585,0.8040755237869897,0.23873323190740647,0.4487973598013585,1.0428087556943961,1.2528728835883483,0.687530591708765,1.4916061154957547,2.5854203435236034,2.474567186754612,1.6913855295044269,2.5854203435236034,2.474567186754612,1.6913855295044269,5.059987530278216,4.27680587302803,4.165952716259039,6.751373059782642
414,10350,Normal Traffic,0.72,0.7427193345079156,0.26962415623358515,0.47971081301078905,0.7427193345079156,0.26962415623358515,0.47971081301078905,1.0123434907415008,1.2224301475187047,0.7493349692443743,1.4920543037522898,2.2153601365917885,3.068461997268103,1.967891326512911,2.2153601365917885,3.068461997268103,1.967891326512911,5.283822133859891,4.1832514631047,5.036353323781014,7.251713460372802
415,10375,Blackhole Attack,0.84,0.6482518960510991,0.2891683672343957,0.4002822559527418,0.6482518960510991,0.2891683672343957,0.4002822559527418,0.9374202632854949,1.048534152003841,0.6894506231871376,1.3377025192382366,1.6455946372280448,3.444210076749346,1.2574415321861723,1.6455946372280448,3.444210076749346,1.2574415321861723,5.089804713977391,2.903036169414217,4.701651608935518,6.3472462461635635
416,10400,Blackhole Attack,0.84,0.7854133817534139,0.2234170439948234,0.5956786077105218,0.7854133817534139,0.2234170439948234,0.5956786077105218,1.0088304257482372,1.3810919894639357,0.8190956517053453,1.604509033458759,2.4728625686050205,2.180105149229114,3.0051668221855774,2.4728625686050205,2.180105149229114,3.0051668221855774,4.652967717834135,5.4780293907905975,5.185271971414691,7.658134540019712
417,10425,Sybil Attack,0.72,0.8993146320077062,0.2557611934913233,0.3213074709712343,0.8993146320077062,0.2557611934913233,0.3213074709712343,1.1550758254990297,1.2206221029789406,0.5770686644625576,1.476383296470264,3.159840047717654,2.801939003522851,0.5510505082864637,3.159840047717654,2.801939003522851,0.5510505082864637,5.961779051240505,3.7108905560041174,3.3529895118093145,6.512829559526969
418,10450,Flooding Attack,0.88,0.5294225503782356,0.26686302319819855,0.30892873577267493,0.5294225503782356,0.26686302319819855,0.30892873577267493,0.7962855735764341,0.8383512861509106,0.5757917589708734,1.1052143093491091,0.9288941255769787,3.0153777138864046,0.4403287452130823,0.9288941255769787,3.0153777138864046,0.4403287452130823,3.9442718394633833,1.369222870790061,3.455706459099487,4.384600584676465
419,10475,Blackhole Attack,0.8,0.8083139426371291,0.2685308079025307,0.47959034626445446,0.8083139426371291,0.2685308079025307,0.47959034626445446,1.0768447505396597,1.2879042889015835,0.7481211541669852,1.556435096804114,2.610983700296173,3.047441781328933,1.9668138100839763,2.610983700296173,3.047441781328933,1.9668138100839763,5.658425481625106,4.577797510380149,5.014255591412909,7.625239291709082
420,10500,Wormhole Attack,0.72,0.9065380672707958,0.2929300389949083,0.4517080918563833,0.9065380672707958,0.2929300389949083,0.4517080918563833,1.1994681062657042,1.358246159127179,0.7446381308512916,1.6511761981220876,3.203407061569493,3.516530260950838,1.7174206114249173,3.203407061569493,3.516530260950838,1.7174206114249173,6.719937322520331,4.9208276729944105,5.233950872375756,8.437357933945249
421,10525,Normal Traffic,0.64,0.9021857520592215,0.24533460710135416,0.468059743696321,0.9021857520592215,0.24533460710135416,0.468059743696321,1.1475203591605756,1.3702454957555426,0.7133943507976751,1.6155801028568966,3.1771567568039556,2.6014822129461574,1.8636781807031346,3.1771567568039556,2.6014822129461574,1.8636781807031346,5.778638969750113,5.04083493750709,4.465160393649292,7.642317150453247
422,10550,Flooding Attack,0.84,0.704597901982597,0.26813138596245695,0.36043461268129867,0.704597901982597,0.26813138596245695,0.36043461268129867,0.972729287945054,1.0650325146638957,0.6285659986437556,1.3331639006263527,1.9854367111865538,3.03976267743064,0.9010237522948297,1.9854367111865538,3.03976267743064,0.9010237522948297,5.025199388617194,2.8864604634813835,3.9407864297254696,5.926223140912024
423,10575,Wormhole Attack,0.8,0.8220218100991376,0.22049512767454052,0.5771806234112472,0.8220218100991376,0.22049512767454052,0.5771806234112472,1.042516937773678,1.3992024335103848,0.7976757510857877,1.6196975611849251,2.6936605472318877,2.1239297198037126,2.8397113534267193,2.6936605472318877,2.1239297198037126,2.8397113534267193,4.8175902670356,5.533371900658607,4.963641073230432,7.657301620462319
424,10600,Sybil Attack,0.76,0.7377694578034533,0.24548135467900078,0.28734745097720954,0.7377694578034533,0.24548135467900078,0.28734745097720954,0.983250812482454,1.0251169087806629,0.5328288056562103,1.2705982634596635,2.1855057336527675,2.6043035148890685,0.24729465379631307,2.1855057336527675,2.6043035148890685,0.24729465379631307,4.789809248541836,2.4328003874490807,2.8515981686853817,5.037103902338149
425,10625,Flooding Attack,0.88,0.5637301768341787,0.2654247407619579,0.35151851579022125,0.5637301768341787,0.2654247407619579,0.35151851579022125,0.8291549175961366,0.9152486926243999,0.6169432565521791,1.1806734333863578,1.135815179423387,2.987725952290778,0.8212736040221631,1.135815179423387,2.987725952290778,0.8212736040221631,4.123541131714165,1.9570887834455502,3.808999556312941,4.944814735736328
426,10650,Wormhole Attack,0.8,0.6649534377406146,0.20419084361240977,0.3551193424874987,0.6649534377406146,0.20419084361240977,0.3551193424874987,0.8691442813530244,1.0200727802281133,0.5593101860999085,1.2242636238405231,1.7463273594900244,1.810470996736908,0.8534812467295264,1.7463273594900244,1.810470996736908,0.8534812467295264,3.556798356226932,2.599808606219551,2.6639522434664342,4.410279602956458
427,10675,Flooding Attack,0.88,0.7924227856335031,0.244893882744084,0.4450462876680602,0.7924227856335031,0.244893882744084,0.4450462876680602,1.0373166683775872,1.2374690733015634,0.6899401704121442,1.4823629560456473,2.5151386858282776,2.593009047627895,1.6578340144786794,2.5151386858282776,2.593009047627895,1.6578340144786794,5.108147733456173,4.172972700306957,4.250843062106574,6.765981747934852
428,10700,Sybil Attack,0.88,0.5615301864190686,0.32917693978813095,0.29181624513589793,0.5615301864190686,0.32917693978813095,0.29181624513589793,0.8907071262071995,0.8533464315549666,0.6209931849240289,1.1825233713430974,1.122546283199069,4.213396630211573,0.2872658431080928,1.122546283199069,4.213396630211573,0.2872658431080928,5.335942913410642,1.4098121263071617,4.500662473319666,5.623208756518736
429,10725,Flooding Attack,0.84,0.7923581484948248,0.2693740356795245,0.4922496773931334,0.7923581484948248,0.2693740356795245,0.4922496773931334,1.0617321841743492,1.2846078258879583,0.761623713072658,1.5539818615674825,2.5147488370909974,3.063653293666654,2.080045367219167,2.5147488370909974,3.063653293666654,2.080045367219167,5.5784021307576515,4.594794204310165,5.143698660885821,7.658447497976819
430,10750,Flooding Attack,0.84,0.6792359807404451,0.20053190497855516,0.4583283913886685,0.6792359807404451,0.20053190497855516,0.4583283913886685,0.8797678857190003,1.1375643721291135,0.6588602963672237,1.3380962771076688,1.8324702715602246,1.740125912734613,1.7766359694183422,1.8324702715602246,1.740125912734613,1.7766359694183422,3.5725961842948375,3.6091062409785666,3.516761882152955,5.34923215371318
431,10775,Flooding Attack,0.76,0.805485295382598,0.27578887885862935,0.46191746744302953,0.805485295382598,0.27578887885862935,0.46191746744302953,1.0812741742412273,1.2674027628256277,0.7377063463016589,1.5431916416842568,2.5939231592057266,3.1869821404859007,1.808738508342477,2.5939231592057266,3.1869821404859007,1.808738508342477,5.780905299691627,4.4026616675482035,4.995720648828378,7.589643808034104
432,10800,Wormhole Attack,0.68,0.8168494411176798,0.2242348881992526,0.3995050525203896,0.8168494411176798,0.2242348881992526,0.3995050525203896,1.0410843293169323,1.2163544936380695,0.6237399407196422,1.4405893818373219,2.66246421711269,2.1958286485873844,1.2504898256574846,2.66246421711269,2.1958286485873844,1.2504898256574846,4.858292865700074,3.9129540427701746,3.446318474244869,6.1087826913575585
433,10825,Blackhole Attack,0.76,0.8131533598929996,0.2910001303242909,0.4070763058172647,0.8131533598929996,0.2910001303242909,0.4070763058172647,1.1041534902172905,1.2202296657102645,0.6980764361415557,1.5112297960345553,2.6401718844415605,3.4794267177825504,1.3182110023575668,2.6401718844415605,3.4794267177825504,1.3182110023575668,6.1195986022241105,3.9583828867991273,4.797637720140117,7.437809604581677
434,10850,Blackhole Attack,0.76,0.7986033879016003,0.2385661987864142,0.47867453239086166,0.7986033879016003,0.2385661987864142,0.47867453239086166,1.0371695866880146,1.277277920292462,0.7172407311772758,1.5158441190788763,2.5524160164638583,2.471355884214949,1.958622300603827,2.5524160164638583,2.471355884214949,1.958622300603827,5.023771900678807,4.511038317067685,4.429978184818776,6.982394201282634
435,10875,Blackhole Attack,0.8,0.8358078858969535,0.18881738036585433,0.5641730764247386,0.8358078858969535,0.18881738036585433,0.5641730764247386,1.024625266262808,1.3999809623216921,0.752990456790593,1.5887983426875465,2.7768090954461986,1.5149078097845607,2.7233651748790355,2.7768090954461986,1.5149078097845607,2.7233651748790355,4.291716905230759,5.500174270325234,4.238272984663596,7.015082080109794
436,10900,Sybil Attack,0.76,0.7824954258312704,0.31779380458644313,0.22749660252986256,0.7824954258312704,0.31779380458644313,0.22749660252986256,1.1002892304177134,1.009992028361133,0.5452904071163057,1.327785832947576,2.455263376330304,3.9945496688104627,-0.2880420631809782,2.455263376330304,3.9945496688104627,-0.2880420631809782,6.4498130451407665,2.1672213131493256,3.7065076056294846,6.161770981959788
437,10925,Normal Traffic,0.68,0.8582412577150641,0.2247969254649052,0.505361768238664,0.8582412577150641,0.2247969254649052,0.505361768238664,1.0830381831799694,1.363603025953728,0.7301586937035691,1.5883999514186333,2.912112449757019,2.206634120507284,2.1973266397165743,2.912112449757019,2.206634120507284,2.1973266397165743,5.118746570264303,5.109439089473593,4.403960760223859,7.316073209980877
438,10950,Blackhole Attack,0.84,0.6857028469817292,0.2386171803595982,0.5082926533328087,0.6857028469817292,0.2386171803595982,0.5082926533328087,0.9243200273413275,1.193995500314538,0.7469098336924069,1.4326126806741362,1.871474158333,2.472336032669754,2.223541980765874,1.871474158333,2.472336032669754,2.223541980765874,4.343810191002754,4.095016139098874,4.695878013435628,6.567352171768627
439,10975,Sybil Attack,0.76,0.8847012417510581,0.28221095491457227,0.33852522743143754,0.8847012417510581,0.28221095491457227,0.33852522743143754,1.1669121966656304,1.2232264691824957,0.6207361823460098,1.5054374240970678,3.0717016824460845,3.310450043293691,0.705054961961478,3.0717016824460845,3.310450043293691,0.705054961961478,6.382151725739776,3.7767566444075626,4.015505005255169,7.087206687701254
440,11000,Blackhole Attack,0.84,0.7102547623633667,0.2301688840492451,0.6473860994545025,0.7102547623633667,0.2301688840492451,0.6473860994545025,0.9404236464126118,1.3576408618178692,0.8775549835037476,1.5878097458671143,2.0195551749909217,2.3099129441464057,3.4676651758673125,2.0195551749909217,2.3099129441464057,3.4676651758673125,4.329468119137328,5.487220350858234,5.777578120013718,7.79713329500464
441,11025,Blackhole Attack,0.68,0.8584486614991023,0.16674293962212397,0.2731359607005085,0.8584486614991023,0.16674293962212397,0.2731359607005085,1.0251916011212263,1.1315846221996106,0.43987890032263244,1.298327561821735,2.913363373064699,1.0905146882236445,0.12017978833577052,2.913363373064699,1.0905146882236445,0.12017978833577052,4.003878061288344,3.0335431614004698,1.210694476559415,4.124057849624114
442,11050,Flooding Attack,0.84,0.8822439541826038,0.2652291080946838,0.30327503974702236,0.8822439541826038,0.2652291080946838,0.30327503974702236,1.1474730622772875,1.1855189939296262,0.5685041478417061,1.4507481020243098,3.0568809389032108,2.9839648079289525,0.38975918525399417,3.0568809389032108,2.9839648079289525,0.38975918525399417,6.040845746832163,3.446640124157205,3.3737239931829466,6.430604932086157
443,11075,Sybil Attack,0.88,0.6763444035484004,0.2652935513723822,0.4615844686001123,0.6763444035484004,0.2652935513723822,0.4615844686001123,0.9416379549207826,1.1379288721485128,0.7268780199724945,1.403222423520895,1.8150301784478526,2.985203764969973,1.8057599957240407,1.8150301784478526,2.985203764969973,1.8057599957240407,4.800233943417826,3.6207901741718933,4.790963760694014,6.605993939141866
444,11100,Sybil Attack,0.88,0.6453934031859926,0.26923523788192366,0.3143233482192312,0.6453934031859926,0.26923523788192366,0.3143233482192312,0.9146286410679163,0.9597167514052238,0.5835585861011549,1.2289519892871474,1.6283540870308504,3.0609848305661185,0.4885809286227274,1.6283540870308504,3.0609848305661185,0.4885809286227274,4.689338917596968,2.116935015653578,3.549565759188846,5.177919846219696
445,11125,Sybil Attack,0.84,0.7878728128971628,0.21232906001504304,0.40243199841995936,0.7878728128971628,0.21232906001504304,0.40243199841995936,1.0002018729122057,1.1903048113171222,0.6147610584350024,1.402633871332165,2.487696240785191,1.9669326304946166,1.2766699325280546,2.487696240785191,1.9669326304946166,1.2766699325280546,4.454628871279808,3.7643661733132454,3.2436025630226712,5.731298803807863
446,11150,Blackhole Attack,0.8,0.7368818156356883,0.2513755708430512,0.35698460552220845,0.7368818156356883,0.2513755708430512,0.35698460552220845,0.9882573864787395,1.0938664211578968,0.6083601763652596,1.345241992000948,2.18015205950605,2.7176230243641446,0.8701651169703813,2.18015205950605,2.7176230243641446,0.8701651169703813,4.897775083870195,3.0503171764764314,3.587788141334526,5.767940200840576
447,11175,Wormhole Attack,0.8,0.8744350434428156,0.22467352849275143,0.5162773701501252,0.8744350434428156,0.22467352849275143,0.5162773701501252,1.099108571935567,1.390712413592941,0.7409508986428767,1.6153859420856924,3.0097827217839206,2.2042617466468784,2.2949613874721297,3.0097827217839206,2.2042617466468784,2.2949613874721297,5.214044468430799,5.304744109256051,4.499223134119008,7.509005855902929
448,11200,Wormhole Attack,0.88,0.6468346795327932,0.28749816783813714,0.47411870824498825,0.6468346795327932,0.28749816783813714,0.47411870824498825,0.9343328473709303,1.1209533877777815,0.7616168760831254,1.4084515556159185,1.6370469186654393,3.4120995855420593,1.9178726704039588,1.6370469186654393,3.4120995855420593,1.9178726704039588,5.049146504207498,3.554919589069398,5.329972255946018,6.967019174611457
449,11225,Blackhole Attack,0.72,0.5669085047266686,0.13298126712107247,0.6965169773220692,0.5669085047266686,0.13298126712107247,0.6965169773220692,0.6998897718477411,1.2634254820487378,0.8294982444431417,1.3964067491698104,1.1549847642918714,0.4414281836920117,3.907116972160123,1.1549847642918714,0.4414281836920117,3.907116972160123,1.5964129479838831,5.062101736451995,4.348545155852134,5.503529920144006
450,11250,Blackhole Attack,0.88,0.7565015396584065,0.27086957185046034,0.31986471661851323,0.7565015396584065,0.27086957185046034,0.31986471661851323,1.0273711115088668,1.0763662562769198,0.5907342884689736,1.34723582812738,2.298485339605445,3.0924057894312855,0.5381457726206048,2.298485339605445,3.0924057894312855,0.5381457726206048,5.3908911290367305,2.83663111222605,3.6305515620518904,5.929036901657335
451,11275,Flooding Attack,0.8,0.8230891285157567,0.2808908053875869,0.46005523444264207,0.8230891285157567,0.2808908053875869,0.46005523444264207,1.1039799339033436,1.2831443629583987,0.740946039830229,1.5640351683459857,2.7000979104181786,3.285069451088037,1.7920817402842726,2.7000979104181786,3.285069451088037,1.7920817402842726,5.985167361506216,4.492179650702451,5.07715119137231,7.777249101790488
452,11300,Sybil Attack,0.8,0.7738121717651811,0.2554302185423464,0.4501766364146486,0.7738121717651811,0.2554302185423464,0.4501766364146486,1.0292423903075276,1.2239888081798298,0.7056068549569949,1.4794190267221763,2.402891694935246,2.795575830231827,1.7037224876782424,2.402891694935246,2.795575830231827,1.7037224876782424,5.198467525167073,4.106614182613488,4.499298317910069,6.902190012845316
453,11325,Wormhole Attack,0.8,0.7572792963409557,0.23236830120288715,0.5047952181461354,0.7572792963409557,0.23236830120288715,0.5047952181461354,0.9896475975438428,1.262074514487091,0.7371635193490225,1.494442815689978,2.303176256728372,2.35219793438852,2.1922591248123493,2.303176256728372,2.35219793438852,2.1922591248123493,4.655374191116892,4.495435381540721,4.5444570592008695,6.847633315929242
454,11350,Wormhole Attack,0.8,0.743604852350564,0.1802421684913823,0.3214589561286535,0.743604852350564,0.1802421684913823,0.3214589561286535,0.9238470208419463,1.0650638084792174,0.5017011246200358,1.2453059769705996,2.220700998205631,1.3500447005577936,0.5524054693095296,2.220700998205631,1.3500447005577936,0.5524054693095296,3.5707456987634245,2.7731064675151607,1.9024501698673233,4.123151168072954
455,11375,Wormhole Attack,0.84,0.815225587688984,0.288694435186862,0.5641096680598632,0.815225587688984,0.288694435186862,0.5641096680598632,1.1039200228758461,1.3793352557488472,0.8528041032467252,1.6680296909357093,2.6526702005202183,3.435098475536178,2.722798017908635,2.6526702005202183,3.435098475536178,2.722798017908635,6.087768676056396,5.375468218428853,6.157896493444813,8.810566693965031
456,11400,Normal Traffic,0.72,0.8089416884478777,0.20244923417791907,0.3777915191099686,0.8089416884478777,0.20244923417791907,0.3777915191099686,1.0113909226257969,1.1867332075578463,0.5802407532878877,1.3891824417357654,2.6147698504361307,1.7769876087306509,1.0562728347298187,2.6147698504361307,1.7769876087306509,1.0562728347298187,4.391757459166781,3.6710426851659497,2.8332604434604693,5.4480302938966
457,11425,Sybil Attack,0.8,0.6863455771751978,0.3323428703331497,0.30830240692630007,0.6863455771751978,0.3323428703331497,0.30830240692630007,1.0186884475083475,0.9946479841014979,0.6406452772594498,1.3269908544346476,1.8753506844209302,4.2742633657381415,0.4347265384430067,1.8753506844209302,4.2742633657381415,0.4347265384430067,6.149614050159071,2.310077222863937,4.7089899041811485,6.584340588602078
458,11450,Normal Traffic,0.56,0.6890392457441037,0.23251974387927585,0.4721309666753031,0.6890392457441037,0.23251974387927585,0.4721309666753031,0.9215589896233796,1.1611702124194068,0.704650710554579,1.3936899562986826,1.8915971227954038,2.355109502156705,1.9000932892636784,1.8915971227954038,2.355109502156705,1.9000932892636784,4.246706624952108,3.791690412059082,4.255202791420383,6.146799914215787
459,11475,Blackhole Attack,0.76,0.8136989212032527,0.28452549926898163,0.48454362882923774,0.8136989212032527,0.28452549926898163,0.48454362882923774,1.0982244204722345,1.2982425500324903,0.7690691280982194,1.5827680493014722,2.6434623516908866,3.354948416546385,2.011118512444624,2.6434623516908866,3.354948416546385,2.011118512444624,5.998410768237272,4.654580864135511,5.366066928991009,8.009529280681896
460,11500,Flooding Attack,0.84,0.7449992014859023,0.33734999252436104,0.28220706182846683,0.7449992014859023,0.33734999252436104,0.28220706182846683,1.0823491940102632,1.027206263314369,0.6195570543528279,1.36455625583873,2.2291107957439285,4.3705280114174965,0.20131637408496514,2.2291107957439285,4.3705280114174965,0.20131637408496514,6.5996388071614245,2.4304271698288935,4.5718443855024615,6.8009551812463895
461,11525,Blackhole Attack,0.72,0.8912663853826697,0.24074153040829327,0.41436957020490406,0.8912663853826697,0.24074153040829327,0.41436957020490406,1.1320079157909628,1.3056359555875736,0.6551111006131973,1.5463774859958668,3.1112983138437884,2.513177817017557,1.3834457035291141,3.1112983138437884,2.513177817017557,1.3834457035291141,5.624476130861345,4.494744017372902,3.896623520546671,7.0079218343904595
462,11550,Normal Traffic,0.68,0.7745160310724574,0.19669001134432834,0.4817085100959359,0.7745160310724574,0.19669001134432834,0.4817085100959359,0.9712060424167857,1.2562245411683932,0.6783985214402642,1.4529145525127216,2.407136911660112,1.6662634194074548,1.9857597548948152,2.407136911660112,1.6662634194074548,1.9857597548948152,4.073400331067567,4.392896666554927,3.65202317430227,6.0591600859623815
463,11575,Blackhole Attack,0.88,0.7728563874875108,0.2597560492294491,0.363774014100942,0.7728563874875108,0.2597560492294491,0.363774014100942,1.03261243671696,1.136630401588453,0.6235300633303911,1.396386450817902,2.3971270323684744,2.8787422764379427,0.9308930730987592,2.3971270323684744,2.8787422764379427,0.9308930730987592,5.275869308806417,3.3280201054672336,3.809635349536702,6.206762381905176
464,11600,Blackhole Attack,0.8,0.6084468414796314,0.22529224696985164,0.6219324344719247,0.6084468414796314,0.22529224696985164,0.6219324344719247,0.833739088449483,1.230379275951556,0.8472246814417763,1.4556715229214077,1.4055167102132162,2.2161569456651615,3.239994527909822,1.4055167102132162,2.2161569456651615,3.239994527909822,3.6216736558783778,4.645511238123039,5.456151473574984,6.8616681837882
465,11625,Normal Traffic,0.48,0.6980908280386239,0.15589871858650284,0.4452832828990618,0.6980908280386239,0.15589871858650284,0.4452832828990618,0.8539895466251267,1.1433741109376858,0.6011820014855647,1.2992728295241887,1.9461903179779625,0.8820286445846481,1.659953821502222,1.9461903179779625,0.8820286445846481,1.659953821502222,2.8282189625626106,3.6061441394801843,2.5419824660868704,4.488172784064833
466,11650,Blackhole Attack,0.84,0.8766228019558095,0.2688043976951659,0.407521748579773,0.8766228019558095,0.2688043976951659,0.407521748579773,1.1454271996509755,1.2841445505355826,0.6763261462749389,1.5529489482307486,3.0229778432141803,3.052701693798364,1.3221952711234854,3.0229778432141803,3.052701693798364,1.3221952711234854,6.075679537012544,4.3451731143376655,4.37489696492185,7.397874808136029
467,11675,Flooding Attack,0.84,0.4520708196310457,0.2743001135148786,0.49874574052035314,0.4520708196310457,0.2743001135148786,0.49874574052035314,0.7263709331459243,0.9508165601513988,0.7730458540352317,1.2251166736662773,0.4623593256949102,3.1583598175540932,2.13814949102056,0.4623593256949102,3.1583598175540932,2.13814949102056,3.6207191432490036,2.6005088167154704,5.296509308574653,5.758868634269564
468,11700,Wormhole Attack,0.76,0.6738647230748235,0.2655387051367803,0.41773377410831297,0.6738647230748235,0.2655387051367803,0.41773377410831297,0.9394034282116037,1.0915984971831365,0.6832724792450933,1.3571372023199166,1.8000743756191782,2.9899169793405282,1.4135368704818683,1.8000743756191782,2.9899169793405282,1.4135368704818683,4.789991354959707,3.2136112461010464,4.403453849822396,6.203528225441575
469,11725,Wormhole Attack,0.76,0.6916786348944014,0.25359325539407596,0.4623209852611436,0.6916786348944014,0.25359325539407596,0.4623209852611436,0.9452718902884774,1.153999620155545,0.7159142406552196,1.407592875549621,1.9075161833923742,2.760259215249938,1.8123477788807396,1.9075161833923742,2.760259215249938,1.8123477788807396,4.667775398642312,3.7198639622731138,4.572606994130678,6.480123177523051
470,11750,Blackhole Attack,0.8,0.8354839681255286,0.19980133004560652,0.23897643658975015,0.8354839681255286,0.19980133004560652,0.23897643658975015,1.0352852981711351,1.0744604047152788,0.43877776663535667,1.2742617347608853,2.7748554363462636,1.7260802125545849,-0.18536053340332093,2.7748554363462636,1.7260802125545849,-0.18536053340332093,4.500935648900849,2.589494902942943,1.5407196791512638,4.315575115497528
471,11775,Wormhole Attack,0.72,0.8013111585752903,0.23878945384852712,0.49674435773755277,0.8013111585752903,0.23878945384852712,0.49674435773755277,1.0401006124238175,1.298055516312843,0.7355338115860799,1.5368449701613702,2.5687475094656795,2.47564808413133,2.1202480958665415,2.5687475094656795,2.47564808413133,2.1202480958665415,5.0443955935970095,4.688995605332221,4.5958961799978715,7.164643689463551
472,11800,Wormhole Attack,0.72,0.8827159762917038,0.22752103107947116,0.3850167583170362,0.8827159762917038,0.22752103107947116,0.3850167583170362,1.110237007371175,1.2677327346087401,0.6125377893965074,1.495253765688211,3.0597278660253537,2.2590065315979535,1.120899083761024,3.0597278660253537,2.2590065315979535,1.120899083761024,5.318734397623308,4.180626949786378,3.3799056153589775,6.439633481384332
473,11825,Wormhole Attack,0.92,0.7737915145244698,0.23111321182115768,0.33912036304054516,0.7737915145244698,0.23111321182115768,0.33912036304054516,1.0049047263456274,1.1129118775650149,0.5702335748617029,1.3440250893861725,2.4027671040363967,2.3280681588379704,0.710378160402286,2.4027671040363967,2.3280681588379704,0.710378160402286,4.730835262874367,3.113145264438683,3.0384463192402564,5.441213423276652
474,11850,Wormhole Attack,0.8,0.6179317351467872,0.29919508121960103,0.4495718920100406,0.6179317351467872,0.29919508121960103,0.4495718920100406,0.9171268163663883,1.067503627156828,0.7487669732296416,1.3666987083764288,1.4627233547984768,3.6369791029992355,1.6983133432371567,1.4627233547984768,3.6369791029992355,1.6983133432371567,5.099702457797712,3.1610366980356335,5.335292446236393,6.798015801034869
475,11875,Wormhole Attack,0.92,0.8269245494872844,0.24186790189234597,0.4862262022378386,0.8269245494872844,0.24186790189234597,0.4862262022378386,1.0687924513796303,1.313150751725123,0.7280941041301845,1.5550186536174688,2.7232306488602362,2.5348329210224048,2.0261683128735366,2.7232306488602362,2.5348329210224048,2.0261683128735366,5.258063569882641,4.749398961733773,4.561001233895942,7.284231882756178
476,11900,Blackhole Attack,0.84,0.6584333961098624,0.24975403463807205,0.31910392229769957,0.6584333961098624,0.24975403463807205,0.31910392229769957,0.9081874307479345,0.977537318407562,0.5688579569357717,1.2272913530456342,1.7070027537178876,2.686448109459422,0.5313408376102406,1.7070027537178876,2.686448109459422,0.5313408376102406,4.39345086317731,2.238343591328128,3.2177889470696623,4.924791700787551
477,11925,Wormhole Attack,0.8,0.8404152284089411,0.2819289752976036,0.621307140333313,0.8404152284089411,0.2819289752976036,0.621307140333313,1.1223442037065448,1.461722368742254,0.9032361156309165,1.7436513440398578,2.804597557269289,3.305028831891274,3.234401576097217,2.804597557269289,3.305028831891274,3.234401576097217,6.109626389160564,6.038999133366506,6.539430407988491,9.34402796525778
478,11950,Normal Traffic,0.68,0.8501366609355618,0.26506054999165424,0.5653236379119264,0.8501366609355618,0.26506054999165424,0.5653236379119264,1.1151972109272161,1.4154602988474883,0.8303841879035807,1.6805208488391425,2.863230848787964,2.9807241867807397,2.7336563875386775,2.863230848787964,2.9807241867807397,2.7336563875386775,5.843955035568704,5.5968872363266415,5.714380574319417,8.577611423107381
479,11975,Wormhole Attack,0.72,0.7470456355401418,0.0908466312968338,0.7243476038234983,0.7470456355401418,0.0908466312968338,0.7243476038234983,0.8378922668369756,1.47139323936364,0.8151942351203321,1.5622398706604739,2.241453540925505,-0.3686330917384815,4.156048384315512,2.241453540925505,-0.3686330917384815,4.156048384315512,1.8728204491870237,6.397501925241017,3.7874152925770304,6.0288688335025356
480,12000,Normal Traffic,0.72,0.7849057532932358,0.2695882157994686,0.41878140207097486,0.7849057532932358,0.2695882157994686,0.41878140207097486,1.0544939690927044,1.2036871553642106,0.6883696178704435,1.4732753711636792,2.469800887375706,3.0677710228872774,1.4229073928502924,2.469800887375706,3.0677710228872774,1.4229073928502924,5.537571910262983,3.8927082802259987,4.49067841573757,6.960479303113275
481,12025,Normal Traffic,0.64,0.854559193475052,0.28279953885670694,0.3371053616209305,0.854559193475052,0.28279953885670694,0.3371053616209305,1.137358732331759,1.1916645550959826,0.6199049004776375,1.4744640939526896,2.889904658324643,3.3217658894980446,0.6923549531685563,2.889904658324643,3.3217658894980446,0.6923549531685563,6.2116705478226875,3.5822596114931993,4.014120842666601,6.904025500991244
482,12050,Blackhole Attack,0.88,0.8773690894680066,0.2794602094510219,0.2912145882033317,0.8773690894680066,0.2794602094510219,0.2912145882033317,1.1568292989190285,1.1685836776713383,0.5706747976543536,1.4480438871223602,3.027478958984883,3.257565466626568,0.2818843146021101,3.027478958984883,3.257565466626568,0.2818843146021101,6.285044425611451,3.309363273586993,3.539449781228678,6.566928740213561
483,12075,Blackhole Attack,0.88,0.8258622483745348,0.25098624714062284,0.5990210546097724,0.8258622483745348,0.25098624714062284,0.5990210546097724,1.0768484955151576,1.4248833029843073,0.8500073017503953,1.67586955012493,2.716823546753227,2.7101380645733446,3.035063383322716,2.716823546753227,2.7101380645733446,3.035063383322716,5.426961611326572,5.751886930075942,5.7452014478960605,8.462024994649287
484,12100,Sybil Attack,0.84,0.830086172676523,0.2993563370342209,0.3125693248392801,0.830086172676523,0.2993563370342209,0.3125693248392801,1.129442509710744,1.1426554975158032,0.611925661873501,1.4420118345500241,2.742299481937995,3.640079333683712,0.47289204296640325,2.742299481937995,3.640079333683712,0.47289204296640325,6.382378815621706,3.215191524904398,4.1129713766501155,6.85527085858811
485,12125,Blackhole Attack,0.76,0.8586809163353893,0.2333900065269154,0.626655016850134,0.8586809163353893,0.2333900065269154,0.626655016850134,1.0920709228623047,1.4853359331855234,0.8600450233770495,1.7187259397124386,2.9147641815860106,2.371840774577027,3.2822357293562727,2.9147641815860106,2.371840774577027,3.2822357293562727,5.286604956163037,6.196999910942283,5.6540765039333,8.56884068551931
486,12150,Normal Traffic,0.64,0.806638327259375,0.24881895607396382,0.423548095589186,0.806638327259375,0.24881895607396382,0.423548095589186,1.0554572833333389,1.230186422848561,0.6723670516631498,1.4790053789225248,2.6008774896478974,2.6684707158151775,1.4655431469803442,2.6008774896478974,2.6684707158151775,1.4655431469803442,5.269348205463075,4.066420636628242,4.134013862795522,6.7348913524434195
487,12175,Blackhole Attack,0.96,0.8016121123176078,0.271320813941688,0.4521189028381114,0.8016121123176078,0.271320813941688,0.4521189028381114,1.0729329262592957,1.253731015155719,0.7234397167797995,1.525051829097407,2.5705626646353124,3.1010811639016524,1.7210951157629808,2.5705626646353124,3.1010811639016524,1.7210951157629808,5.671643828536965,4.291657780398293,4.8221762796646335,7.392738944299945
488,12200,Blackhole Attack,0.84,0.8926366045090721,0.26869896287296785,0.4351899866478894,0.8926366045090721,0.26869896287296785,0.4351899866478894,1.16133556738204,1.3278265911569616,0.7038889495208572,1.5965255540299295,3.119562575027808,3.0506746520339396,1.5696741977582855,3.119562575027808,3.0506746520339396,1.5696741977582855,6.170237227061747,4.689236772786094,4.620348849792225,7.739911424820033
489,12225,Blackhole Attack,0.72,0.9687196477579233,0.2591079734009497,0.5873755725288694,0.9687196477579233,0.2591079734009497,0.5873755725288694,1.227827621158873,1.5560952202867928,0.8464835459298191,1.8152031936877424,3.5784454857739396,2.86628266638222,2.9309002125985284,3.5784454857739396,2.86628266638222,2.9309002125985284,6.444728152156159,6.509345698372468,5.797182878980749,9.375628364754688
490,12250,Normal Traffic,0.68,0.9557707911233551,0.24234395725770447,0.4588099879669746,0.9557707911233551,0.24234395725770447,0.4588099879669746,1.1981147483810595,1.4145807790903295,0.7011539452246791,1.6569247363480342,3.500346493283984,2.5439853441748554,1.7809436164747525,3.500346493283984,2.5439853441748554,1.7809436164747525,6.04433183745884,5.281290109758737,4.324928960649608,7.8252754539335925
491,12275,Blackhole Attack,0.88,0.6488012646879133,0.2974872150893102,0.3823608646638755,0.6488012646879133,0.2974872150893102,0.3823608646638755,0.9462884797772235,1.0311621293517887,0.6798480797531856,1.328649344441099,1.6489080677687946,3.604144448356936,1.0971434073452637,1.6489080677687946,3.604144448356936,1.0971434073452637,5.253052516125731,2.7460514751140583,4.7012878557021995,6.350195923470995
492,12300,Normal Traffic,0.68,0.7109486405977984,0.27541266937722986,0.3232903671738304,0.7109486405977984,0.27541266937722986,0.3232903671738304,0.9863613099750282,1.0342390077716288,0.5987030365510603,1.3096516771488587,2.0237401924445213,3.179749308722437,0.5687865499758041,2.0237401924445213,3.179749308722437,0.5687865499758041,5.203489501166958,2.5925267424203255,3.7485358586982414,5.772276051142762
493,12325,Sybil Attack,0.72,0.7717603403747115,0.24671438039907262,0.40203377632372805,0.7717603403747115,0.24671438039907262,0.40203377632372805,1.018474720773784,1.1737941166984396,0.6487481567228006,1.4205084970975121,2.390516396568968,2.6280091045518468,1.2731080296452268,2.390516396568968,2.6280091045518468,1.2731080296452268,5.0185255011208145,3.663624426214195,3.9011171341970736,6.291633530766042
494,12350,Normal Traffic,0.64,0.8727407443763064,0.26734191691043974,0.3583462073246588,0.8727407443763064,0.26734191691043974,0.3583462073246588,1.1400826612867463,1.2310869517009653,0.6256881242350986,1.4984288686114051,2.9995638234050634,3.02458470580042,0.8823439825614915,2.9995638234050634,3.02458470580042,0.8823439825614915,6.024148529205483,3.881907805966555,3.906928688361911,6.906492511766975
495,12375,Normal Traffic,0.72,0.750890210566765,0.28845772775980055,0.5539370470422574,0.750890210566765,0.28845772775980055,0.5539370470422574,1.0393479383265656,1.3048272576090225,0.8423947748020579,1.5932849853688231,2.264641490611329,3.430547646591812,2.6318088727270075,2.264641490611329,3.430547646591812,2.6318088727270075,5.6951891372031405,4.896450363338337,6.062356519318819,8.326998009930147
496,12400,Blackhole Attack,0.84,0.8079459527454393,0.2519360181854423,0.5927404960259712,0.8079459527454393,0.2519360181854423,0.5927404960259712,1.0598819709308818,1.4006864487714106,0.8446765142114135,1.652622466956853,2.6087642271335207,2.7283979291451614,2.978886842801431,2.6087642271335207,2.7283979291451614,2.978886842801431,5.337162156278682,5.587651069934951,5.7072847719465924,8.316048999080113
497,12425,Wormhole Attack,0.88,0.7507078105004281,0.29452683812568925,0.4975532968053088,0.7507078105004281,0.29452683812568925,0.4975532968053088,1.0452346486261175,1.248261107305737,0.792080134930998,1.5427879454314262,2.263541373294949,3.5472295921585992,2.127483662211907,2.263541373294949,3.5472295921585992,2.127483662211907,5.810770965453548,4.391025035506856,5.674713254370506,7.938254627665454
498,12450,Wormhole Attack,0.72,0.8473695465977659,0.24273226128858205,0.34359145909979383,0.8473695465977659,0.24273226128858205,0.34359145909979383,1.0901018078863478,1.1909610056975597,0.5863237203883759,1.4336932669861415,2.8465414338083086,2.551450700225863,0.7503699390945124,2.8465414338083086,2.551450700225863,0.7503699390945124,5.397992134034172,3.596911372902821,3.3018206393203755,6.148362073128684
499,12475,Normal Traffic,0.68,0.7668674779324464,0.2535932034308238,0.3382818339753007,0.7668674779324464,0.2535932034308238,0.3382818339753007,1.0204606813632702,1.1051493119077471,0.5918750374061246,1.3587425153385708,2.3610058661864843,2.7602582162281717,0.7028779259273661,2.3610058661864843,2.7602582162281717,0.7028779259273661,5.1212640824146565,3.0638837921138506,3.4631361421555376,5.824142008342022
500,12500,Blackhole Attack,0.76,0.6846322494998286,0.2842931794495441,0.49921271366116887,0.6846322494998286,0.2842931794495441,0.49921271366116887,0.9689254289493727,1.1838449631609975,0.783505893110713,1.4681381426105415,1.8650170179801202,3.350481941743413,2.14232633854413,1.8650170179801202,3.350481941743413,2.14232633854413,5.215498959723533,4.00734335652425,5.492808280287543,7.357825298267663
501,12525,Wormhole Attack,0.76,0.8316895889030222,0.24240854979714754,0.49418496076531676,0.8316895889030222,0.24240854979714754,0.49418496076531676,1.0740981387001698,1.325874549668339,0.7365935105624644,1.5682830994654866,2.7519702347593165,2.5452271708540466,2.0973555353080426,2.7519702347593165,2.5452271708540466,2.0973555353080426,5.297197405613363,4.8493257700673595,4.64258270616209,7.394552940921406
502,12550,Sybil Attack,0.8,0.778577356623895,0.2939470479449569,0.28600414480922953,0.778577356623895,0.2939470479449569,0.28600414480922953,1.072524404568852,1.0645815014331246,0.5799511927541865,1.3585285493780814,2.431632158050765,3.5360828107969353,0.23527943375320207,2.431632158050765,3.5360828107969353,0.23527943375320207,5.9677149688477,2.666911591803967,3.7713622445501374,6.202994402600902
503,12575,Blackhole Attack,0.88,0.8018200223054536,0.1896947334734242,0.34332576240732665,0.8018200223054536,0.1896947334734242,0.34332576240732665,0.9915147557788777,1.1451457847127802,0.5330204958807508,1.3348405181862044,2.5718166410316536,1.5317754001509667,0.7479934114637934,2.5718166410316536,1.5317754001509667,0.7479934114637934,4.103592041182621,3.319810052495447,2.27976881161476,4.851585452646415
504,12600,Blackhole Attack,0.76,0.6962804986055005,0.23493990121776323,0.5604382403954932,0.6962804986055005,0.23493990121776323,0.5604382403954932,0.9312203998232637,1.2567187390009935,0.7953781416132564,1.4916586402187568,1.9352716006894868,2.4016383424328027,2.6899588839038344,1.9352716006894868,2.4016383424328027,2.6899588839038344,4.33690994312229,4.625230484593321,5.091597226336637,7.026868827026124
505,12625,Flooding Attack,0.88,0.7453201740634652,0.2978029559622949,0.27000179482817993,0.7453201740634652,0.2978029559622949,0.27000179482817993,1.04312313002576,1.015321968891645,0.5678047507904749,1.3131249248539398,2.231046691370238,3.6102147382567336,0.09214619963851595,2.231046691370238,3.6102147382567336,0.09214619963851595,5.841261429626972,2.323192891008754,3.7023609378952496,5.933407629265488
506,12650,Sybil Attack,0.84,0.8403823149653902,0.2359759859827855,0.4056033084333352,0.8403823149653902,0.2359759859827855,0.4056033084333352,1.0763583009481756,1.2459856233987254,0.6415792944161207,1.481961609381511,2.804399045010389,2.421557635190169,1.3050357574932825,2.804399045010389,2.421557635190169,1.3050357574932825,5.225956680200557,4.109434802503671,3.7265933926834514,6.53099243769384
507,12675,Flooding Attack,0.84,0.8108980057764799,0.2855512338261181,0.3631158868736092,0.8108980057764799,0.2855512338261181,0.3631158868736092,1.096449239602598,1.174013892650089,0.6486671206997272,1.4595651264762073,2.6265690707585327,3.3746687209314317,0.925006445283555,2.6265690707585327,3.3746687209314317,0.925006445283555,6.001237791689965,3.551575516042088,4.299675166214986,6.9262442369735195
508,12700,Blackhole Attack,0.84,0.7591128331024524,0.27963575894157977,0.3599835433060714,0.7591128331024524,0.27963575894157977,0.3599835433060714,1.038748592044032,1.1190963764085238,0.6396193022476512,1.3987321353501034,2.3142349453684106,3.2609405010000865,0.8969891562159522,2.3142349453684106,3.2609405010000865,0.8969891562159522,5.5751754463684975,3.2112241015843628,4.157929657216039,6.472164602584449
509,12725,Blackhole Attack,0.8,0.8600079144275266,0.2871476198401147,0.47103889635570645,0.8600079144275266,0.2871476198401147,0.47103889635570645,1.1471555342676414,1.331046810783233,0.7581865161958212,1.6181944306233478,2.92276776189868,3.4053601097444712,1.8903252516373525,2.92276776189868,3.4053601097444712,1.8903252516373525,6.328127871643151,4.813093013536033,5.295685361381824,8.218453123280504
510,12750,Blackhole Attack,0.84,0.8756708765698802,0.24575162526311498,0.5141776645497564,0.8756708765698802,0.24575162526311498,0.5141776645497564,1.121422501832995,1.3898485411196366,0.7599292898128714,1.6356001663827515,3.0172364549461053,2.6094996137705717,2.276180542557139,3.0172364549461053,2.6094996137705717,2.276180542557139,5.626736068716677,5.293416997503244,4.885680156327711,7.902916611273816
511,12775,Blackhole Attack,0.84,0.8319081137266399,0.21976458611555594,0.5232310128405522,0.8319081137266399,0.21976458611555594,0.5232310128405522,1.0516726998421957,1.3551391265671922,0.7429955989561081,1.5749037126827479,2.7532882328683557,2.1098846612562836,2.3571583378161365,2.7532882328683557,2.1098846612562836,2.3571583378161365,4.86317289412464,5.110446570684492,4.4670429990724205,7.220331231940776
512,12800,Wormhole Attack,0.84,0.7502346334366846,0.18285600882894015,0.41323806647447003,0.7502346334366846,0.18285600882894015,0.41323806647447003,0.9330906422656248,1.1634726999111547,0.5960940753034102,1.3463287087400948,2.260687480245499,1.400297201764787,1.3733249532304612,2.260687480245499,1.400297201764787,1.3733249532304612,3.6609846820102856,3.6340124334759603,2.7736221549952482,5.034309635240747
513,12825,Normal Traffic,0.72,0.9079373813255212,0.2846266152053867,0.3913766818824588,0.9079373813255212,0.2846266152053867,0.3913766818824588,1.1925639965309078,1.29931406320798,0.6760032970878455,1.5839406784133665,3.2118468042383044,3.356892425383967,1.1777855054252895,3.2118468042383044,3.356892425383967,1.1777855054252895,6.568739229622271,4.389632309663594,4.534677930809257,7.746524735047561
514,12850,Sybil Attack,0.88,0.9614245030637648,0.32366424798342686,0.4227112477220256,0.9614245030637648,0.32366424798342686,0.4227112477220256,1.2850887510471916,1.3841357507857905,0.7463754957054525,1.7077999987692172,3.534445967765435,4.107412133917317,1.4580579500042445,3.534445967765435,4.107412133917317,1.4580579500042445,7.641858101682752,4.99250391776968,5.565470083921562,9.099916051686996
515,12875,Sybil Attack,0.8,0.7527132677256836,0.3145024243887092,0.24769247667202468,0.7527132677256836,0.3145024243887092,0.24769247667202468,1.0672156921143927,1.0004057443977084,0.5621949010607339,1.3149081687864175,2.2756369731764114,3.9312710955239876,-0.10739979594122472,2.2756369731764114,3.9312710955239876,-0.10739979594122472,6.206908068700399,2.168237177235187,3.823871299582763,6.099508272759174
516,12900,Flooding Attack,0.68,0.6139822371900289,0.29441085358046815,0.3942872539351335,0.6139822371900289,0.29441085358046815,0.3942872539351335,0.908393090770497,1.0082694911251624,0.6886981075156016,1.3026803447056305,1.4389025789594327,3.544999726234898,1.2038191562026128,1.4389025789594327,3.544999726234898,1.2038191562026128,4.983902305194331,2.642721735162046,4.748818882437511,6.187721461396944
517,12925,Sybil Attack,0.8,0.766231837706637,0.2935771365219391,0.44373027662118125,0.766231837706637,0.2935771365219391,0.44373027662118125,1.0598089742285761,1.2099621143278183,0.7373074131431203,1.5035392508497574,2.3571721021235423,3.5289710626290844,1.646062936012485,2.3571721021235423,3.5289710626290844,1.646062936012485,5.886143164752626,4.003235038136028,5.175033998641569,7.532206100765111
518,12950,Sybil Attack,0.68,0.8415887813784156,0.3396588650048123,0.19669556619016018,0.8415887813784156,0.3396588650048123,0.19669556619016018,1.181247646383228,1.038284347568576,0.5363544311949725,1.3779432125733881,2.811675657454975,4.414917339810476,-0.5635423459898417,2.811675657454975,4.414917339810476,-0.5635423459898417,7.226592997265451,2.2481333114651334,3.851374993820634,6.66305065127561
519,12975,Flooding Attack,0.8,0.6903248021790018,0.26689362644291875,0.43530317468077756,0.6903248021790018,0.26689362644291875,0.43530317468077756,0.9572184286219205,1.1256279768597794,0.7021968011236963,1.3925216033026981,1.8993507542694366,3.0159660779001287,1.5706866096371377,1.8993507542694366,3.0159660779001287,1.5706866096371377,4.915316832169565,3.4700373639065742,4.586652687537266,6.4860034418067025
520,13000,Sybil Attack,0.84,0.8262343072044263,0.2903846778655155,0.2881191173724392,0.8262343072044263,0.2903846778655155,0.2881191173724392,1.1166189850699417,1.1143534245768656,0.5785037952379547,1.4047381024423808,2.7190675610767725,3.467594309741761,0.2541968342221659,2.7190675610767725,3.467594309741761,0.2541968342221659,6.186661870818534,2.9732643952989384,3.721791143963927,6.4408587050407
521,13025,Wormhole Attack,0.8,0.7394956354577853,0.26409993127642,0.3654508114956185,0.7394956354577853,0.26409993127642,0.3654508114956185,1.0035955667342054,1.1049464469534038,0.6295507427720385,1.369046378229824,2.1959169027209393,2.962255769849095,0.9458912098936264,2.1959169027209393,2.962255769849095,0.9458912098936264,5.158172672570034,3.141808112614566,3.9081469797427215,6.10406388246366
522,13050,Blackhole Attack,0.92,0.7551565974671792,0.21940880120419504,0.5349349165378158,0.7551565974671792,0.21940880120419504,0.5349349165378158,0.9745653986713743,1.2900915140049949,0.7543437177420108,1.50950031520919,2.2903735322809533,2.10304450295331,2.461844061471725,2.2903735322809533,2.10304450295331,2.461844061471725,4.393418035234263,4.752217593752679,4.5648885644250345,6.855262096705989
523,13075,Normal Traffic,0.64,0.9141801806887059,0.28345932366185744,0.5264669829876159,0.9141801806887059,0.28345932366185744,0.5264669829876159,1.1976395043505632,1.4406471636763216,0.8099263066494733,1.724106487338179,3.2494992668719616,3.33445061099414,2.386102516214703,3.2494992668719616,3.33445061099414,2.386102516214703,6.583949877866102,5.635601783086665,5.720553127208843,8.970052394080806
524,13100,Normal Traffic,0.76,0.8287822927827636,0.24335417531916295,0.3829146301433201,0.8287822927827636,0.24335417531916295,0.3829146301433201,1.0721364681019265,1.2116969229260837,0.6262688054624831,1.4550510982452467,2.7344353354033375,2.563407335496712,1.1020965701062235,2.7344353354033375,2.563407335496712,1.1020965701062235,5.2978426709000495,3.836531905509561,3.6655039056029355,6.3999392410062725
525,13125,Wormhole Attack,0.68,0.7751275347619075,0.22637870025987467,0.5025594206185895,0.7751275347619075,0.22637870025987467,0.5025594206185895,1.0015062350217823,1.277686955380497,0.7289381208784642,1.5040656556403718,2.4108250999996486,2.237044600692796,2.1722610038287296,2.4108250999996486,2.237044600692796,2.1722610038287296,4.6478697006924445,4.5830861038283786,4.409305604521526,6.8201307045211745
526,13150,Wormhole Attack,0.76,0.7740171300788071,0.2545804661250551,0.5070238379318399,0.7740171300788071,0.2545804661250551,0.5070238379318399,1.0285975962038623,1.2810409680106472,0.7616043040568949,1.5356214341357022,2.404127868772703,2.7792388781380075,2.2121930443877633,2.404127868772703,2.7792388781380075,2.2121930443877633,5.1833667469107105,4.616320913160466,4.991431922525771,7.395559791298474
527,13175,Flooding Attack,0.84,0.823936123980496,0.26050554134706216,0.5229078468811812,0.823936123980496,0.26050554134706216,0.5229078468811812,1.0844416653275581,1.346843970861677,0.7834133882282434,1.6073495122087393,2.7052064303675856,2.893151669775323,2.354267775556511,2.7052064303675856,2.893151669775323,2.354267775556511,5.598358100142908,5.059474205924097,5.247419445331834,7.95262587569942
528,13200,Wormhole Attack,0.8,0.7375838285718689,0.2649699912440758,0.34389284329499553,0.7375838285718689,0.2649699912440758,0.34389284329499553,1.0025538198159447,1.0814766718668645,0.6088628345390713,1.3464466631109402,2.184386140134007,2.9789831456365654,0.7530656740722724,2.184386140134007,2.9789831456365654,0.7530656740722724,5.163369285770573,2.9374518142062795,3.732048819708838,5.916434959842845
529,13225,Sybil Attack,0.8,0.920631775871625,0.27608686683747136,0.39735946297056035,0.920631775871625,0.27608686683747136,0.39735946297056035,1.1967186427090963,1.3179912388421853,0.6734463298080318,1.5940781056796567,3.288411048657693,3.19271112134646,1.2312985711409035,3.288411048657693,3.19271112134646,1.2312985711409035,6.481122170004153,4.519709619798596,4.424009692487363,7.712420741145056
530,13250,Flooding Attack,0.76,0.9227745020051715,0.24257060888856696,0.38637193831697264,0.9227745020051715,0.24257060888856696,0.38637193831697264,1.1653451108937385,1.3091464403221442,0.6289425472055397,1.551717049210711,3.301334564372983,2.548342844971605,1.1330205094533847,3.301334564372983,2.548342844971605,1.1330205094533847,5.849677409344588,4.434355073826367,3.68136335442499,6.982697918797973
531,13275,Wormhole Attack,0.92,0.7295358774855683,0.27926819229661126,0.44227894822942204,0.7295358774855683,0.27926819229661126,0.44227894822942204,1.0088040697821796,1.1718148257149903,0.7215471405260333,1.4510830180116017,2.135846188755552,3.253873832464705,1.6330815097394085,2.135846188755552,3.253873832464705,1.6330815097394085,5.389720021220257,3.7689276984949602,4.886955342204113,7.022801530959666
532,13300,Sybil Attack,0.76,0.8620796605208243,0.3033676723238563,0.23245687273353827,0.8620796605208243,0.3033676723238563,0.23245687273353827,1.1654473328446806,1.0945365332543626,0.5358245450573946,1.397904205578219,2.9352631726633347,3.717199434933813,-0.24367485979050163,2.9352631726633347,3.717199434933813,-0.24367485979050163,6.652462607597148,2.691588312872833,3.473524575143311,6.408787747806646
533,13325,Sybil Attack,0.72,0.8527240675656101,0.31198807181114574,0.3690902731181956,0.8527240675656101,0.31198807181114574,0.3690902731181956,1.1647121393767559,1.2218143406838058,0.6810783449293414,1.5338024124949514,2.8788363849886776,3.8829313005781083,0.9784444232087108,2.8788363849886776,3.8829313005781083,0.9784444232087108,6.761767685566786,3.8572808081973884,4.86137572378682,7.740212108775497
534,13350,Normal Traffic,0.68,0.5265070779345554,0.27698526075045665,0.26963126002105126,0.5265070779345554,0.27698526075045665,0.26963126002105126,0.8034923386850121,0.7961383379556066,0.5466165207715079,1.0731235987060634,0.9113099120120685,3.209983232633422,0.088831946084557,0.9113099120120685,3.209983232633422,0.088831946084557,4.121293144645491,1.0001418580966255,3.298815178717979,4.210125090730048
535,13375,Sybil Attack,0.8,0.6990360055874699,0.30595983003319016,0.4982390779762069,0.6990360055874699,0.30595983003319016,0.4982390779762069,1.00499583562066,1.1972750835636767,0.8041989080093971,1.503234913596867,1.9518910077278155,3.7670350758279016,2.1336176410963734,1.9518910077278155,3.7670350758279016,2.1336176410963734,5.718926083555717,4.085508648824189,5.9006527169242755,7.85254372465209
536,13400,Sybil Attack,0.84,0.7969861501610994,0.2787172444986348,0.47378118910951267,0.7969861501610994,0.2787172444986348,0.47378118910951267,1.075703394659734,1.270767339270612,0.7524984336081475,1.5494845837692468,2.5426619013543688,3.2432815615884083,1.9148537259680838,2.5426619013543688,3.2432815615884083,1.9148537259680838,5.785943462942777,4.4575156273224525,5.158135287556492,7.700797188910861
537,13425,Wormhole Attack,0.76,0.634512171519345,0.23648493873003903,0.3985084901488553,0.634512171519345,0.23648493873003903,0.3985084901488553,0.8709971102493841,1.0330206616682003,0.6349934288788943,1.2695056003982395,1.5627256493859143,2.431342528390477,1.2415760601540666,1.5627256493859143,2.431342528390477,1.2415760601540666,3.9940681777763913,2.804301709539981,3.672918588544544,5.235644237930458
538,13450,Blackhole Attack,0.76,0.9352852517730893,0.2510769265556103,0.4814058928217248,0.9352852517730893,0.2510769265556103,0.4814058928217248,1.1863621783286997,1.416691144594814,0.7324828193773352,1.6677680711504246,3.376791184192213,2.7118814256140444,1.983052990625311,3.376791184192213,2.7118814256140444,1.983052990625311,6.088672609806258,5.359844174817524,4.694934416239356,8.071725600431568
539,13475,Flooding Attack,0.8,0.8388845067090167,0.2973718156921693,0.3455533756494675,0.8388845067090167,0.2973718156921693,0.3455533756494675,1.1362563224011861,1.1844378823584842,0.6429251913416367,1.4818096980506537,2.7953652500532633,3.601925832223126,0.7679183279967965,2.7953652500532633,3.601925832223126,0.7679183279967965,6.397291082276389,3.5632835780500596,4.369844160219922,7.165209410273186
540,13500,Blackhole Attack,0.8,0.7695214542347228,0.2020360984568369,0.5557028372911101,0.7695214542347228,0.2020360984568369,0.5557028372911101,0.9715575526915597,1.325224291525833,0.757738935747947,1.5272603899826698,2.377012906896679,1.7690448499385314,2.647603007300103,2.377012906896679,1.7690448499385314,2.647603007300103,4.14605775683521,5.024615914196782,4.416647857238634,6.793660764135313
541,13525,Blackhole Attack,0.84,0.8038655575400752,0.2851807779633798,0.43047978914533913,0.8038655575400752,0.2851807779633798,0.43047978914533913,1.089046335503455,1.2343453466854144,0.715660567108719,1.519526124648794,2.5841539651240506,3.367546505614032,1.5275437729983394,2.5841539651240506,3.367546505614032,1.5275437729983394,5.951700470738082,4.11169773812239,4.895090278612371,7.479244243736422
542,13550,Blackhole Attack,0.76,0.9478937073831953,0.2626023541255157,0.36554807637490844,0.9478937073831953,0.2626023541255157,0.36554807637490844,1.210496061508711,1.3134417837581038,0.6281504305004242,1.5760441378836194,3.4528371014336505,2.9334640351352226,0.9467611969114728,3.4528371014336505,2.9334640351352226,0.9467611969114728,6.386301136568873,4.399598298345123,3.8802252320466954,7.3330623334803455
543,13575,Normal Traffic,0.68,0.88773983414062,0.29600144489018937,0.26877054069018536,0.88773983414062,0.29600144489018937,0.26877054069018536,1.1837412790308093,1.1565103748308054,0.5647719855803748,1.4525118197209945,3.090028474603077,3.5755797087086094,0.08113323048105135,3.090028474603077,3.5755797087086094,0.08113323048105135,6.6656081833116865,3.1711617050841285,3.656712939189661,6.746741413792738
544,13600,Wormhole Attack,0.68,0.7264388011996037,0.12567789172258095,0.5098614937664524,0.7264388011996037,0.12567789172258095,0.5098614937664524,0.8521166929221846,1.236300294966056,0.6355393854890333,1.3619781866886371,2.1171666601744223,0.30101682200542645,2.2375744950742864,2.1171666601744223,0.30101682200542645,2.2375744950742864,2.418183482179849,4.354741155248709,2.538591317079713,4.655757977254135
545,13625,Blackhole Attack,0.96,0.7023747152684316,0.19146712184891598,0.642763686175079,0.7023747152684316,0.19146712184891598,0.642763686175079,0.8938418371173477,1.3451384014435106,0.834230808023995,1.5366055232924265,1.9720279101322702,1.5658505300274452,3.426319938268955,1.9720279101322702,1.5658505300274452,3.426319938268955,3.5378784401597154,5.398347848401225,4.9921704682964005,6.96419837842867
546,13650,Wormhole Attack,0.76,0.8861247095837599,0.2786938318844033,0.36732512839139986,0.8861247095837599,0.2786938318844033,0.36732512839139986,1.164818541468163,1.2534498379751597,0.6460189602758031,1.532143669859563,3.080287104828404,3.242831441354199,0.9626560625163155,3.080287104828404,3.242831441354199,0.9626560625163155,6.323118546182603,4.04294316734472,4.205487503870515,7.285774608698919
547,13675,Flooding Attack,0.96,0.7260019221841381,0.18381909173120825,0.6253009694479216,0.7260019221841381,0.18381909173120825,0.6253009694479216,0.9098210139153463,1.3513028916320597,0.8091200611791298,1.5351219833632679,2.114531693095029,1.4188129940315328,3.2701244341994506,2.114531693095029,1.4188129940315328,3.2701244341994506,3.5333446871265615,5.3846561272944795,4.688937428230983,6.803469121326012
548,13700,Sybil Attack,0.8,0.8112033952671258,0.29859554466525373,0.49288589254993576,0.8112033952671258,0.29859554466525373,0.49288589254993576,1.1097989399323795,1.3040892878170616,0.7914814372151895,1.6026848324823153,2.6284109794466555,3.6254526868719505,2.0857360022255094,2.6284109794466555,3.6254526868719505,2.0857360022255094,6.2538636663186065,4.714146981672165,5.71118868909746,8.339599668544116
549,13725,Blackhole Attack,0.76,0.8327053890434296,0.17649118133480832,0.43465645446889667,0.8327053890434296,0.17649118133480832,0.43465645446889667,1.009196570378238,1.2673618435123264,0.611147635803705,1.4438530248471346,2.7580968735642584,1.2779299336744934,1.5649020120246953,2.7580968735642584,1.2779299336744934,1.5649020120246953,4.036026807238752,4.322998885588953,2.8428319456991886,5.600928819263447
550,13750,Normal Traffic,0.68,0.7891879310879816,0.2858092014935293,0.40416279381948694,0.7891879310879816,0.2858092014935293,0.40416279381948694,1.0749971325815109,1.1933507249074684,0.6899719953130162,1.4791599264009978,2.4956281693412588,3.379628289552237,1.292151055201823,2.4956281693412588,3.379628289552237,1.292151055201823,5.875256458893496,3.7877792245430815,4.67177934475406,7.167407514095319
551,13775,Blackhole Attack,0.84,0.9138054079453879,0.23430657866143295,0.5492935823074583,0.9138054079453879,0.23430657866143295,0.5492935823074583,1.1481119866068208,1.4630989902528462,0.7836001609688912,1.697405568914279,3.2472388840063657,2.389462372053472,2.5902753401035885,3.2472388840063657,2.389462372053472,2.5902753401035885,5.636701256059838,5.837514224109954,4.9797377121570605,8.226976596163427
552,13800,Sybil Attack,0.88,0.7020205297964915,0.3134176834399337,0.3996269564681163,0.7020205297964915,0.3134176834399337,0.3996269564681163,1.0154382132364252,1.101647486264608,0.71304463990805,1.4150651697045415,1.9698916961564927,3.910416361187557,1.2515801971535545,1.9698916961564927,3.910416361187557,1.2515801971535545,5.88030805734405,3.2214718933100475,5.161996558341111,7.131888254497604
553,13825,Wormhole Attack,0.8,0.8655045570961127,0.22410987306375635,0.5282094950297804,0.8655045570961127,0.22410987306375635,0.5282094950297804,1.0896144301598691,1.393714052125893,0.7523193680935367,1.6178239251896496,2.9559198977674077,2.1934251646571883,2.4016884385557447,2.9559198977674077,2.1934251646571883,2.4016884385557447,5.1493450624245956,5.357608336323152,4.595113603212933,7.55103350098034
554,13850,Normal Traffic,0.68,0.8209971822654684,0.307093065527994,0.24618825433809585,0.8209971822654684,0.307093065527994,0.24618825433809585,1.1280902477934625,1.0671854366035642,0.5532813198660899,1.3742785021315582,2.6874806655832564,3.7888221441702794,-0.12085433278973405,2.6874806655832564,3.7888221441702794,-0.12085433278973405,6.476302809753536,2.5666263327935224,3.6679678113805454,6.355448476963802
555,13875,Blackhole Attack,0.76,0.6249484003341863,0.30607355332620134,0.15674235090668404,0.6249484003341863,0.30607355332620134,0.15674235090668404,0.9310219536603876,0.7816907512408704,0.4628159042328854,1.0877643045670717,1.5050432674548802,3.7692214679487943,-0.9209044161593105,1.5050432674548802,3.7692214679487943,-0.9209044161593105,5.2742647354036745,0.5841388512955696,2.8483170517894836,4.353360319244364
556,13900,Flooding Attack,0.8,0.6744555909888726,0.2696516788453288,0.49900985238435586,0.6744555909888726,0.2696516788453288,0.49900985238435586,0.9441072698342015,1.1734654433732286,0.7686615312296847,1.4431171222185573,1.803638102524509,3.068991134438417,2.1405118431318146,1.803638102524509,3.068991134438417,2.1405118431318146,4.872629236962926,3.9441499456563234,5.2095029775702315,7.013141080094741
557,13925,Sybil Attack,0.68,0.7108212282588089,0.30563831653333473,0.3113028995698996,0.7108212282588089,0.30563831653333473,0.3113028995698996,1.0164595447921436,1.0221241278287085,0.6169412161032344,1.3277624443620433,2.0229717249584187,3.7608538040388813,0.46156448515235343,2.0229717249584187,3.7608538040388813,0.46156448515235343,5.7838255289972995,2.484536210110772,4.222418289191235,6.245390014149653
558,13950,Blackhole Attack,0.76,0.9228934393535597,0.25478663860119904,0.535253691054539,0.9228934393535597,0.25478663860119904,0.535253691054539,1.1776800779547587,1.4581471304080988,0.7900403296557381,1.7129337690092976,3.302051916286027,2.7832026560541268,2.4646953444136668,3.302051916286027,2.7832026560541268,2.4646953444136668,6.085254572340154,5.7667472606996935,5.247898000467794,8.549949916753821
559,13975,Blackhole Attack,0.84,0.5019641027707049,0.24863730465849887,0.5574011755033779,0.5019641027707049,0.24863730465849887,0.5574011755033779,0.7506014074292038,1.0593652782740828,0.8060384801618767,1.3080025829325816,0.7632828168718148,2.6649783686187023,2.6627938162269356,0.7632828168718148,2.6649783686187023,2.6627938162269356,3.428261185490517,3.4260766330987504,5.327772184845638,6.091055001717453
560,14000,Normal Traffic,0.64,0.8360904421953542,0.23282146419813096,0.2928257448237069,0.8360904421953542,0.23282146419813096,0.2928257448237069,1.068911906393485,1.1289161870190612,0.5256472090218378,1.361737651217192,2.778513289325979,2.360910239282679,0.2962953266105141,2.778513289325979,2.360910239282679,0.2962953266105141,5.139423528608658,3.074808615936493,2.657205565893193,5.435718855219172
561,14025,Sybil Attack,0.84,0.8191865888830535,0.3101320762346891,0.213188803495955,0.8191865888830535,0.3101320762346891,0.213188803495955,1.1293186651177427,1.0323753923790084,0.5233208797306441,1.3425074686136977,2.6765603563261373,3.8472487768195207,-0.416018363612563,2.6765603563261373,3.8472487768195207,-0.416018363612563,6.523809133145658,2.2605419927135744,3.4312304132069578,6.107790769533095
562,14050,Wormhole Attack,0.8,0.7753650999223353,0.27564956957194037,0.4132982728223455,0.7753650999223353,0.27564956957194037,0.4132982728223455,1.0510146694942757,1.1886633727446807,0.6889478423942859,1.4643129423166212,2.412257936905927,3.1843038437296327,1.373863469716843,2.412257936905927,3.1843038437296327,1.373863469716843,5.596561780635559,3.7861214066227697,4.558167313446476,6.9704252503524025
563,14075,Sybil Attack,0.8,0.7288946007723814,0.24383798385903446,0.35586118421673657,0.7288946007723814,0.24383798385903446,0.35586118421673657,0.9727325846314159,1.084755784989118,0.5996991680757711,1.3285937688481524,2.131978429105371,2.572708817643308,0.8601166600302472,2.131978429105371,2.572708817643308,0.8601166600302472,4.704687246748679,2.992095089135618,3.432825477673555,5.564803906778926
564,14100,Flooding Attack,0.8,0.9044870770009726,0.2956596120383066,0.420860071680016,0.9044870770009726,0.2956596120383066,0.420860071680016,1.2001466890392791,1.3253471486809887,0.7165196837183225,1.621006760719295,3.1910368362901216,3.569007786332555,1.441500081058606,3.1910368362901216,3.569007786332555,1.441500081058606,6.760044622622677,4.632536917348728,5.010507867391161,8.201544703681282
565,14125,Flooding Attack,0.88,0.6470552267893154,0.22952605836444745,0.49119899224524927,0.6470552267893154,0.22952605836444745,0.49119899224524927,0.8765812851537629,1.1382542190345646,0.7207250506096967,1.3677802773990122,1.6383771147605002,2.2975542709569936,2.0706474998165034,1.6383771147605002,2.2975542709569936,2.0706474998165034,3.9359313857174936,3.709024614577004,4.3682017707734975,6.006578885533997
566,14150,Wormhole Attack,0.92,0.8835376413943824,0.29019986657636393,0.3973158449659819,0.8835376413943824,0.29019986657636393,0.3973158449659819,1.1737375079707464,1.2808534863603642,0.6875157115423458,1.5710533529367283,3.064683609879374,3.4640412122561544,1.2309084293137131,3.064683609879374,3.4640412122561544,1.2309084293137131,6.528724822135528,4.295592039193087,4.694949641569868,7.759633251449241
567,14175,Blackhole Attack,0.92,0.8793958968118922,0.21019342709688774,0.3992703095384095,0.8793958968118922,0.21019342709688774,0.3992703095384095,1.08958932390878,1.2786662063503016,0.6094637366352972,1.4888596334471895,3.039703328749402,1.9258739268487903,1.248390163905534,3.039703328749402,1.9258739268487903,1.248390163905534,4.965577255598193,4.288093492654936,3.174264090754324,6.213967419503727
568,14200,Blackhole Attack,0.76,0.8365090385183215,0.3426209408152108,0.3029431981266126,0.8365090385183215,0.3426209408152108,0.3029431981266126,1.1791299793335321,1.139452236644934,0.6455641389418234,1.4820731774601448,2.781037987220654,4.471864857261496,0.3867910234278025,2.781037987220654,4.471864857261496,0.3867910234278025,7.25290284448215,3.1678290106484566,4.858655880689298,7.639693867909952
569,14225,Sybil Attack,0.76,0.7308297177968719,0.2882622309468791,0.41617809528155025,0.7308297177968719,0.2882622309468791,0.41617809528155025,1.019091948743751,1.1470078130784223,0.7044403262284293,1.4352700440253012,2.1436497831274246,3.426789114103757,1.3996220803427963,2.1436497831274246,3.426789114103757,1.3996220803427963,5.570438897231181,3.543271863470221,4.826411194446553,6.9700609775739775
570,14250,Normal Traffic,0.72,0.8259336911972572,0.2942216594026143,0.35810104115896657,0.8259336911972572,0.2942216594026143,0.35810104115896657,1.1201553505998716,1.1840347323562237,0.6523227005615808,1.4782563917588383,2.717254442903576,3.5413623653317297,0.880151090502976,2.717254442903576,3.5413623653317297,0.880151090502976,6.258616808235306,3.597405533406552,4.421513455834706,7.1387678987382825
571,14275,Wormhole Attack,0.84,0.7144716692296931,0.2691439030171338,0.486699782072763,0.7144716692296931,0.2691439030171338,0.486699782072763,0.9836155722468269,1.201171451302456,0.7558436850898969,1.47031535431959,2.0449887856160385,3.0592288681467075,2.030404254061206,2.0449887856160385,3.0592288681467075,2.030404254061206,5.1042176537627455,4.075393039677245,5.089633122207914,7.134621907823952
572,14300,Flooding Attack,0.8,0.5781351110588908,0.23345275318214406,0.4890427284036997,0.5781351110588908,0.23345275318214406,0.4890427284036997,0.8115878642410349,1.0671778394625906,0.7224954815858438,1.3006305926447346,1.2226962749195545,2.373047113128891,2.051360768954409,1.2226962749195545,2.373047113128891,2.051360768954409,3.5957433880484455,3.274057043873963,4.424407882083299,5.647104157002854
573,14325,Blackhole Attack,0.72,0.6972756981365846,0.21778840814707012,0.6129830563127175,0.6972756981365846,0.21778840814707012,0.6129830563127175,0.9150641062836548,1.3102587544493023,0.8307714644597877,1.5280471625963723,1.9412739901588905,2.071891565687427,3.1599466948878225,1.9412739901588905,2.071891565687427,3.1599466948878225,4.013165555846317,5.101220685046713,5.23183826057525,7.17311225073414
574,14350,Normal Traffic,0.6,0.8097883084159835,0.29068863089313834,0.25731699428264193,0.8097883084159835,0.29068863089313834,0.25731699428264193,1.1004769393091218,1.0671053026986255,0.5480056251757803,1.3577939335917637,2.6198761056366417,3.473437971907354,-0.021313169037502813,2.6198761056366417,3.473437971907354,-0.021313169037502813,6.093314077543996,2.598562936599139,3.452124802869851,6.072000908506492
575,14375,Blackhole Attack,0.92,0.9081549638134027,0.27758770280714945,0.4141126619503329,0.9081549638134027,0.27758770280714945,0.4141126619503329,1.1857426666205522,1.3222676257637356,0.6917003647574824,1.599855328570885,3.2131591187975403,3.2215655086225454,1.3811477841990736,3.2131591187975403,3.2215655086225454,1.3811477841990736,6.434724627420086,4.594306902996614,4.602713292821619,7.815872411619159
576,14400,Sybil Attack,0.8,0.9558773410652572,0.28401786699556586,0.4403920993429574,0.9558773410652572,0.28401786699556586,0.4403920993429574,1.239895208060823,1.3962694404082145,0.7244099663385233,1.6802873074037805,3.500989132502817,3.3451889101733334,1.616204564557907,3.500989132502817,3.3451889101733334,1.616204564557907,6.846178042676151,5.117193697060724,4.96139347473124,8.462382607234058
577,14425,Sybil Attack,0.84,0.5005990335229812,0.25452366924848063,0.4330138214530081,0.5005990335229812,0.25452366924848063,0.4330138214530081,0.7551227027714618,0.9336128549759892,0.6875374907014887,1.18813652422447,0.75504961637119,2.778146927314692,1.550209458974292,0.75504961637119,2.778146927314692,1.550209458974292,3.5331965436858823,2.3052590753454822,4.328356386288984,5.083406002660174
578,14450,Normal Traffic,0.64,0.852897021721459,0.28212742065977453,0.22716190922915813,0.852897021721459,0.28212742065977453,0.22716190922915813,1.1350244423812335,1.0800589309506172,0.5092893298889327,1.3621863516103916,2.879879530781387,3.308844051841294,-0.29103573189982734,2.879879530781387,3.308844051841294,-0.29103573189982734,6.188723582622681,2.58884379888156,3.0178083199414667,5.897687850722853
579,14475,Blackhole Attack,0.92,0.9348120957279316,0.2640229302218759,0.38886162906714156,0.9348120957279316,0.2640229302218759,0.38886162906714156,1.1988350259498075,1.3236737247950732,0.6528845592890175,1.5876966550169491,3.3739374179130572,2.9607753827226064,1.1552895817733317,3.3739374179130572,2.9607753827226064,1.1552895817733317,6.334712800635664,4.529226999686389,4.116064964495938,7.490002382408996
580,14500,Sybil Attack,0.72,0.8093547116376034,0.31090307982339943,0.3127249161597032,0.8093547116376034,0.31090307982339943,0.3127249161597032,1.1202577914610028,1.1220796277973066,0.6236279959831026,1.432982707620706,2.6172609348540745,3.862071739881015,0.4742837316195513,2.6172609348540745,3.862071739881015,0.4742837316195513,6.4793326747350894,3.091544666473626,4.336355471500566,6.953616406354641
581,14525,Wormhole Attack,0.76,0.8221892285452617,0.274782839783919,0.3990546698669199,0.8221892285452617,0.274782839783919,0.3990546698669199,1.0969720683291806,1.2212438984121816,0.6738375096508389,1.4960267381961005,2.6946703052619227,3.1676404924557073,1.2464613719705817,2.6946703052619227,3.1676404924557073,1.2464613719705817,5.86231079771763,3.9411316772325042,4.414101864426289,7.108772169688211
582,14550,Blackhole Attack,0.84,0.8867438520152364,0.2805917352958878,0.32016944054957663,0.8867438520152364,0.2805917352958878,0.32016944054957663,1.1673355873111242,1.206913292564813,0.6007611758454645,1.487505027860701,3.0840213650392254,3.279319666019633,0.5408713799105901,3.0840213650392254,3.279319666019633,0.5408713799105901,6.363341031058859,3.6248927449498156,3.820191045930223,6.904212410969449
583,14575,Sybil Attack,0.72,0.9562734729223918,0.31425829157383167,0.29410060477790034,0.9562734729223918,0.31425829157383167,0.29410060477790034,1.2705317644962235,1.2503740777002923,0.608358896351732,1.5646323692741237,3.5033783395045224,3.9265775094628887,0.30769832857604434,3.5033783395045224,3.9265775094628887,0.30769832857604434,7.429955848967412,3.8110766680805668,4.234275838038933,7.7376541775434555
584,14600,Blackhole Attack,0.76,0.7813311709091579,0.1841616692810954,0.49890091390687735,0.7813311709091579,0.1841616692810954,0.49890091390687735,0.9654928401902534,1.2802320848160353,0.6830625831879727,1.4643937540971308,2.4482413558550973,1.4253992336314916,2.139537441458342,2.4482413558550973,1.4253992336314916,2.139537441458342,3.873640589486589,4.587778797313439,3.5649366750898337,6.013178030944931
585,14625,Sybil Attack,0.76,0.9223609429406409,0.2363536167557236,0.34415272348839593,0.9223609429406409,0.2363536167557236,0.34415272348839593,1.1587145596963644,1.2665136664290368,0.5805063402441195,1.5028672831847603,3.298840247910423,2.428817792055986,0.7553901759490468,3.298840247910423,2.428817792055986,0.7553901759490468,5.727658039966409,4.05423042385947,3.184207968005033,6.483048215915455
586,14650,Blackhole Attack,0.84,0.8368734170034806,0.20037997489729745,0.484789411892863,0.8368734170034806,0.20037997489729745,0.484789411892863,1.037253391900778,1.3216628288963437,0.6851693867901605,1.522042803793641,2.783235678752737,1.7372049743428994,2.0133169223549783,2.783235678752737,1.7372049743428994,2.0133169223549783,4.520440653095637,4.796552601107715,3.7505218966978777,6.533757575450615
587,14675,Flooding Attack,0.72,0.8473284778384406,0.2794283732155058,0.28628474823009553,0.8473284778384406,0.2794283732155058,0.28628474823009553,1.1267568510539463,1.133613226068536,0.5657131214456013,1.4130415992840417,2.8462937340447976,3.2569533976946174,0.23778929481609332,2.8462937340447976,3.2569533976946174,0.23778929481609332,6.1032471317394155,3.0840830288608907,3.4947426925107106,6.341036426555509
588,14700,Blackhole Attack,0.84,0.8787155202897189,0.28398835877087625,0.5485450756819457,0.8787155202897189,0.28398835877087625,0.5485450756819457,1.162703879060595,1.4272605959716644,0.8325334344528219,1.7112489547425407,3.0355997447500473,3.344621598514881,2.5835803125487127,3.0355997447500473,3.344621598514881,2.5835803125487127,6.380221343264928,5.61918005729876,5.928201911063594,8.96380165581364
589,14725,Wormhole Attack,0.88,0.6558557890519465,0.28006912115122273,0.3811310450009674,0.6558557890519465,0.28006912115122273,0.3811310450009674,0.9359249102031693,1.036986834052914,0.6612001661521901,1.3170559552041365,1.691456322095437,3.2692721250286207,1.086143268869457,1.691456322095437,3.2692721250286207,1.086143268869457,4.960728447124058,2.7775995909648943,4.3554153938980775,6.0468717159935155
590,14750,Blackhole Attack,0.76,0.480120313330999,0.2701146935443957,0.375273755944813,0.480120313330999,0.2701146935443957,0.375273755944813,0.7502350068753947,0.855394069275812,0.6453884494892087,1.1255087628202076,0.6315354359602449,3.077892843693334,1.0337526683173657,0.6315354359602449,3.077892843693334,1.0337526683173657,3.709428279653579,1.6652881042776104,4.1116455120107,4.743180947970945
591,14775,Blackhole Attack,0.8,0.9223282238250381,0.2512529952095321,0.4816967313838958,0.9223282238250381,0.2512529952095321,0.4816967313838958,1.1735812190345702,1.404024955208934,0.7329497265934279,1.655277950418466,3.2986429077099824,2.715266441185418,1.9856544000469332,3.2986429077099824,2.715266441185418,1.9856544000469332,6.0139093488954005,5.2842973077569155,4.700920841232351,7.999563748942334
592,14800,Wormhole Attack,0.92,0.7469893879588603,0.2509833149493047,0.47062606196090945,0.7469893879588603,0.2509833149493047,0.47062606196090945,0.997972702908165,1.2176154499197698,0.7216093769102141,1.4685987648690744,2.2411142924843452,2.7100816916015007,1.8866326488539458,2.2411142924843452,2.7100816916015007,1.8866326488539458,4.951195984085846,4.127746941338291,4.5967143404554465,6.837828632939791
593,14825,Sybil Attack,0.6,0.5286076719861379,0.2820509515276524,0.2234290800152367,0.5286076719861379,0.2820509515276524,0.2234290800152367,0.8106586235137903,0.7520367520013747,0.5054800315428891,1.034087703529027,0.9239793147005674,3.3073738912124875,-0.324424072888437,0.9239793147005674,3.3073738912124875,-0.324424072888437,4.231353205913055,0.5995552418121304,2.9829498183240504,3.906929133024618
594,14850,Sybil Attack,0.76,0.7964993231982187,0.2308370794500606,0.3687867114336169,0.7964993231982187,0.2308370794500606,0.3687867114336169,1.0273364026482792,1.1652860346318357,0.5996237908836775,1.3961231140818962,2.5397256810848177,2.322759363915626,0.9757292116480024,2.5397256810848177,2.322759363915626,0.9757292116480024,4.862485045000444,3.51545489273282,3.2984885755636286,5.838214256648446
595,14875,Blackhole Attack,0.76,0.9592642905492185,0.2613730217603442,0.41726667662596,0.9592642905492185,0.2613730217603442,0.41726667662596,1.2206373123095626,1.3765309671751784,0.6786396983863042,1.6379039889355227,3.521416985693005,2.9098294522278767,1.4093589107837503,3.521416985693005,2.9098294522278767,1.4093589107837503,6.431246437920882,4.930775896476755,4.319188363011627,7.840605348704631
596,14900,Wormhole Attack,0.8,0.7597175599637556,0.2821430490204846,0.47789860382631744,0.7597175599637556,0.2821430490204846,0.47789860382631744,1.0418606089842402,1.237616163790073,0.760041652846802,1.5197592128105577,2.3178822603346845,3.3091445155705284,1.9516819971473531,2.3178822603346845,3.3091445155705284,1.9516819971473531,5.627026775905213,4.269564257482037,5.260826512717881,7.578708773052566
597,14925,Sybil Attack,0.8,0.7178541476572351,0.30733511934203067,0.440348464130626,0.7178541476572351,0.30733511934203067,0.440348464130626,1.0251892669992657,1.158202611787861,0.7476835834726567,1.4655377311298916,2.0653896723325396,3.7934757603102005,1.6158142688157395,2.0653896723325396,3.7934757603102005,1.6158142688157395,5.85886543264274,3.6812039411482793,5.40929002912594,7.47467970145848
598,14950,Wormhole Attack,0.84,0.7035611901123109,0.26778730692868624,0.43530683547888127,0.7035611901123109,0.26778730692868624,0.43530683547888127,0.9713484970409971,1.1388680255911923,0.7030941424075675,1.4066553325198785,1.9791839465713696,3.033147570986909,1.5707193536948945,1.9791839465713696,3.033147570986909,1.5707193536948945,5.0123315175582785,3.549903300266264,4.603866924681803,6.583050871253173
599,14975,Wormhole Attack,0.76,0.6872103868624644,0.21144731828566982,0.516173521196504,0.6872103868624644,0.21144731828566982,0.516173521196504,0.8986577051481341,1.2033839080589683,0.7276208394821737,1.414831226344638,1.8805666480520946,1.9499806664886652,2.2940325091130864,1.8805666480520946,1.9499806664886652,2.2940325091130864,3.83054731454076,4.174599157165181,4.244013175601752,6.124579823653846
600,15000,Wormhole Attack,0.84,0.9117249732102191,0.26277138640525893,0.34223822079212696,0.9117249732102191,0.26277138640525893,0.34223822079212696,1.174496359615478,1.253963194002346,0.6050096071973858,1.5167345804076051,3.2346910690646173,2.936713772588488,0.7382658808947093,3.2346910690646173,2.936713772588488,0.7382658808947093,6.171404841653105,3.9729569499593267,3.6749796534831973,6.909670722547815
601,15025,Normal Traffic,0.64,0.9357644279814851,0.19965047267067862,0.4440666535312896,0.9357644279814851,0.19965047267067862,0.4440666535312896,1.1354149006521637,1.3798310815127746,0.6437171262019682,1.5794815541834533,3.3796812601392245,1.7231798975251171,1.649071663798237,3.3796812601392245,1.7231798975251171,1.649071663798237,5.102861157664342,5.0287529239374615,3.3722515613233544,6.751932821462579
602,15050,Normal Traffic,0.68,0.5631592845275583,0.2511035325130654,0.5076958290364508,0.5631592845275583,0.2511035325130654,0.5076958290364508,0.8142628170406236,1.0708551135640092,0.7587993615495162,1.3219586460770745,1.1323719322529537,2.712392939607425,2.218203677839298,1.1323719322529537,2.712392939607425,2.218203677839298,3.844764871860379,3.3505756100922515,4.930596617446723,6.0629685496996775
603,15075,Normal Traffic,0.64,0.8226841694546342,0.28852990892936103,0.3921923418894105,0.8226841694546342,0.28852990892936103,0.3921923418894105,1.1112140783839952,1.2148765113440447,0.6807222508187716,1.5034064202734057,2.697655463523762,3.4319353688097074,1.185081187301468,2.697655463523762,3.4319353688097074,1.185081187301468,6.12959083233347,3.88273665082523,4.617016556111175,7.314672019634938
604,15100,Blackhole Attack,0.84,0.6992160896370143,0.25457616507320396,0.44529469746275613,0.6992160896370143,0.25457616507320396,0.44529469746275613,0.9537922547102182,1.1445107870997704,0.6998708625359601,1.3990869521729743,1.9529771563531222,2.7791561880783915,1.660055919220339,1.9529771563531222,2.7791561880783915,1.660055919220339,4.732133344431514,3.613033075573461,4.43921210729873,6.3921892636518525
605,15125,Wormhole Attack,0.8,0.6582552141680851,0.22467200016554878,0.49032571613735637,0.6582552141680851,0.22467200016554878,0.49032571613735637,0.8829272143336339,1.1485809303054415,0.7149977163029051,1.3732529304709902,1.705928077356458,2.2042323637257057,2.062836469952401,1.705928077356458,2.2042323637257057,2.062836469952401,3.910160441082164,3.7687645473088587,4.267068833678106,5.972996911034565
606,15150,Wormhole Attack,0.76,0.9013654707954857,0.278787031997295,0.38404560253962866,0.9013654707954857,0.278787031997295,0.38404560253962866,1.1801525027927806,1.2854110733351143,0.6628326345369236,1.5641981053324092,3.1722093593569,3.244623264182199,1.112212567879662,3.1722093593569,3.244623264182199,1.112212567879662,6.416832623539099,4.284421927236561,4.356835832061861,7.529045191418761
607,15175,Sybil Attack,0.8,0.8044328161871728,0.259576308391408,0.38158687079185233,0.8044328161871728,0.259576308391408,0.38158687079185233,1.0640091245785808,1.1860196869790252,0.6411631791832604,1.4455959953704332,2.5875752964484913,2.8752866611309087,1.090220408772003,2.5875752964484913,2.8752866611309087,1.090220408772003,5.4628619575794,3.677795705220494,3.9655070699029116,6.553082366351403
608,15200,Wormhole Attack,0.8,1.017102890668937,0.18809431319217548,0.5325110802803549,1.017102890668937,0.18809431319217548,0.5325110802803549,1.2051972038611125,1.549613970949292,0.7206053934725304,1.7377082841414673,3.870261406776526,1.5010064503572353,2.440164025545398,3.870261406776526,1.5010064503572353,2.440164025545398,5.371267857133761,6.310425432321924,3.9411704759026334,7.811431882679159
609,15225,Normal Traffic,0.72,0.8132298096491406,0.26503452611894784,0.27401933446372384,0.8132298096491406,0.26503452611894784,0.27401933446372384,1.0782643357680883,1.0872491441128644,0.5390538605826717,1.3522836702318122,2.6406329791234473,2.9802238636830363,0.1280811368133883,2.6406329791234473,2.9802238636830363,0.1280811368133883,5.620856842806484,2.768714115936836,3.1083050004964248,5.748937979619872
610,15250,Wormhole Attack,0.76,0.8389402006136355,0.17596869178422353,0.4495881251966684,0.8389402006136355,0.17596869178422353,0.4495881251966684,1.014908892397859,1.288528325810304,0.6255568169808919,1.4644970175945276,2.795701159080702,1.267884788072396,1.6984585411927555,2.795701159080702,1.267884788072396,1.6984585411927555,4.063585947153098,4.494159700273458,2.9663433292651513,5.762044488345854
611,15275,Sybil Attack,0.84,0.8172808125372453,0.2642163468531814,0.3694431518219387,0.8172808125372453,0.2642163468531814,0.3694431518219387,1.0814971593904268,1.186723964359184,0.6336594986751201,1.4509403112123656,2.665065965993521,2.96449392258844,0.9816007515090395,2.665065965993521,2.96449392258844,0.9816007515090395,5.62955988858196,3.64666671750256,3.9460946740974796,6.611160640091
612,15300,Normal Traffic,0.64,0.8841105513395757,0.23019617462658515,0.306820468227722,0.8841105513395757,0.23019617462658515,0.306820468227722,1.114306725966161,1.1909310195672977,0.5370166428543072,1.421127194193883,3.0681390261195713,2.310437620329191,0.42147131786987985,3.0681390261195713,2.310437620329191,0.42147131786987985,5.378576646448762,3.489610343989451,2.7319089381990707,5.800047964318642
613,15325,Flooding Attack,0.76,0.6918142996942691,0.35092822674131346,0.3517584178041533,0.6918142996942691,0.35092822674131346,0.3517584178041533,1.0427425264355825,1.0435727174984224,0.7026866445454667,1.3945009442397358,1.9083344242985043,4.631576944503349,0.8234194108046283,1.9083344242985043,4.631576944503349,0.8234194108046283,6.539911368801853,2.7317538351031327,5.454996355307977,7.363330779606481
614,15350,Wormhole Attack,0.92,0.7032230897842119,0.18160758461328022,0.4489788265064944,0.7032230897842119,0.18160758461328022,0.4489788265064944,0.8848306743974921,1.1522019162907062,0.6305864111197746,1.3338095009039865,1.9771447476111645,1.3762955676546844,1.6930086608833181,1.9771447476111645,1.3762955676546844,1.6930086608833181,3.353440315265849,3.6701534084944827,3.0693042285380026,5.046448976149167
615,15375,Wormhole Attack,0.84,0.8466239074175249,0.21837969377508915,0.5596264113287852,0.8466239074175249,0.21837969377508915,0.5596264113287852,1.065003601192614,1.4062503187463102,0.7780061051038744,1.6246300125213993,2.842044228349844,2.0832593532713717,2.6826974679240676,2.842044228349844,2.0832593532713717,2.6826974679240676,4.925303581621216,5.524741696273912,4.76595682119544,7.608001049545283
616,15400,Wormhole Attack,0.8,0.746881149878517,0.24951799384636483,0.5202494054929434,0.746881149878517,0.24951799384636483,0.5202494054929434,0.9963991437248818,1.2671305553714602,0.7697673993393083,1.5166485492178252,2.240461471523976,2.6819100969420813,2.33048931089017,2.240461471523976,2.6819100969420813,2.33048931089017,4.922371568466057,4.570950782414146,5.012399407832252,7.252860879356227
617,15425,Flooding Attack,0.8,0.7429626922912785,0.22826731914779141,0.5151494290452359,0.7429626922912785,0.22826731914779141,0.5151494290452359,0.97123001143907,1.2581121213365143,0.7434167481930273,1.4863794404843058,2.216827910792369,2.273354325346162,2.2848725031254626,2.216827910792369,2.273354325346162,2.2848725031254626,4.490182236138531,4.501700413917831,4.558226828471625,6.775054739263993
618,15450,Blackhole Attack,0.92,0.8413482845677865,0.2888355548510272,0.5027126327225352,0.8413482845677865,0.2888355548510272,0.5027126327225352,1.1301838394188137,1.3440609172903217,0.7915481875735624,1.6328964721413488,2.8102251387615302,3.4378115777834317,2.1736314115481727,2.8102251387615302,3.4378115777834317,2.1736314115481727,6.248036716544962,4.983856550309703,5.6114429893316045,8.421668128093135
619,15475,Sybil Attack,0.84,0.8295375015573015,0.2853934940145789,0.365564575949645,0.8295375015573015,0.2853934940145789,0.365564575949645,1.1149309955718805,1.1951020775069465,0.6509580699642239,1.4804955715215256,2.7389902583649164,3.3716360873172575,0.9469087775790843,2.7389902583649164,3.3716360873172575,0.9469087775790843,6.110626345682174,3.6858990359440007,4.318544864896342,7.057535123261259
620,15500,Wormhole Attack,0.8,0.8194818525532038,0.18033583956014093,0.6386091625904222,0.8194818525532038,0.18033583956014093,0.6386091625904222,0.9998176921133448,1.458091015143626,0.8189450021505631,1.638426854703767,2.6783411927202994,1.3518455777683165,3.3891597463232808,2.6783411927202994,1.3518455777683165,3.3891597463232808,4.030186770488616,6.06750093904358,4.7410053240915975,7.419346516811896
621,15525,Sybil Attack,0.92,0.7129584544236608,0.2148394411073494,0.46170870313950835,0.7129584544236608,0.2148394411073494,0.46170870313950835,0.9277978955310102,1.174667157563169,0.6765481442468577,1.3895065986705186,2.035862068477437,2.0151960714777815,1.8068712132285674,2.035862068477437,2.0151960714777815,1.8068712132285674,4.051058139955218,3.8427332817060043,3.822067284706349,5.857929353183786
622,15550,Wormhole Attack,0.72,0.9590435214478051,0.24250661198011036,0.5071441114280684,0.9590435214478051,0.24250661198011036,0.5071441114280684,1.2015501334279155,1.4661876328758736,0.7496507234081787,1.7086942448559839,3.5200854515753695,2.547112469621876,2.2132688322885308,3.5200854515753695,2.547112469621876,2.2132688322885308,6.067197921197245,5.7333542838639,4.760381301910407,8.280466753485776
623,15575,Wormhole Attack,0.8,0.7875059166532866,0.23706391753231584,0.5145412489658983,0.7875059166532866,0.23706391753231584,0.5145412489658983,1.0245698341856024,1.302047165619185,0.7516051664982141,1.5391110831515007,2.485483363787342,2.4424737105603196,2.2794326282456603,2.485483363787342,2.4424737105603196,2.2794326282456603,4.9279570743476615,4.764915992033002,4.721906338805979,7.207389702593321
624,15600,Normal Traffic,0.68,0.6645640427404226,0.28852362071496124,0.43357813426219255,0.6645640427404226,0.28852362071496124,0.43357813426219255,0.9530876634553838,1.0981421770026152,0.7221017549771538,1.3866657977175763,1.743978784781549,3.4318144744699977,1.555256962467627,1.743978784781549,3.4318144744699977,1.555256962467627,5.175793259251547,3.299235747249176,4.987071436937624,6.731050221719174
625,15625,Normal Traffic,0.72,0.8276877202508187,0.24167459707648772,0.41916660029629155,0.8276877202508187,0.24167459707648772,0.41916660029629155,1.0693623173273064,1.2468543205471103,0.6608411973727792,1.4885289176235978,2.727833593306366,2.53111653086932,1.4263528035449784,2.727833593306366,2.53111653086932,1.4263528035449784,5.258950124175686,4.154186396851345,3.9574693344142986,6.685302927720665
626,15650,Sybil Attack,0.88,0.7399030246034627,0.22684958297034416,0.41295556459696403,0.7399030246034627,0.22684958297034416,0.41295556459696403,0.9667526075738069,1.1528585892004268,0.6398051475673082,1.379708172170771,2.1983740062882005,2.246097576743479,1.3707981113966812,2.1983740062882005,2.246097576743479,1.3707981113966812,4.44447158303168,3.5691721176848814,3.6168956881401604,5.815269694428361
627,15675,Blackhole Attack,0.88,0.912658161932195,0.2894370962902976,0.4959708844021288,0.912658161932195,0.2894370962902976,0.4959708844021288,1.2020952582224926,1.4086290463343238,0.7854079806924263,1.6980661426246213,3.2403194500905332,3.449376538913092,2.1133297532398765,3.2403194500905332,3.449376538913092,2.1133297532398765,6.689695989003625,5.353649203330409,5.562706292152969,8.803025742243502
628,15700,Blackhole Attack,0.76,0.7785142120997516,0.2876666815454581,0.39859864175171905,0.7785142120997516,0.2876666815454581,0.39859864175171905,1.0661808936452097,1.1771128538514706,0.6862653232971772,1.4647795353969288,2.431251311783327,3.4153393531586436,1.2423824223754771,2.431251311783327,3.4153393531586436,1.2423824223754771,5.846590664941971,3.6736337341588046,4.657721775534121,7.088973087317448
629,15725,Wormhole Attack,0.72,0.9067398961191218,0.29651480849279704,0.4857492425883551,0.9067398961191218,0.29651480849279704,0.4857492425883551,1.2032547046119189,1.392489138707477,0.7822640510811522,1.689003947200274,3.2046243605291234,3.5854494030005615,2.0219021408891953,3.2046243605291234,3.5854494030005615,2.0219021408891953,6.790073763529685,5.226526501418318,5.607351543889757,8.81197590441888
630,15750,Flooding Attack,0.96,0.5757707118260591,0.2708771809215609,0.420658310189312,0.5757707118260591,0.2708771809215609,0.420658310189312,0.84664789274762,0.9964290220153711,0.6915354911108729,1.267306202936932,1.2084357727656252,3.092552077959001,1.4396954226978989,1.2084357727656252,3.092552077959001,1.4396954226978989,4.300987850724626,2.648131195463524,4.5322475006569,5.740683273422524
631,15775,Normal Traffic,0.6,0.9328900952646917,0.2686548189448105,0.5501123652833674,0.9328900952646917,0.2686548189448105,0.5501123652833674,1.2015449142095023,1.4830024605480592,0.8187671842281778,1.7516572794928695,3.3623451743675123,3.049825961021282,2.597598955417508,3.3623451743675123,3.049825961021282,2.597598955417508,6.412171135388794,5.95994412978502,5.64742491643879,9.009770090806303
632,15800,Sybil Attack,0.88,0.7150675171062253,0.2803628975474226,0.6109152394166119,0.7150675171062253,0.2803628975474226,0.6109152394166119,0.9954304146536479,1.325982756522837,0.8912781369640345,1.6063456540702599,2.0485825483819506,3.2749201359237365,3.1414510789159746,2.0485825483819506,3.2749201359237365,3.1414510789159746,5.323502684305687,5.190033627297925,6.416371214839711,8.464953763221661
633,15825,Normal Traffic,0.6,1.0140195475903513,0.2153934414759014,0.35588882225346946,1.0140195475903513,0.2153934414759014,0.35588882225346946,1.2294129890662526,1.3699083698438208,0.5712822637293709,1.5853018113197221,3.8516647078760555,2.0258470296825757,0.8603638688206339,3.8516647078760555,2.0258470296825757,0.8603638688206339,5.877511737558631,4.71202857669669,2.8862108985032098,6.737875606379265
634,15850,Sybil Attack,0.76,0.8697531586625394,0.28331348543751883,0.40940008200750155,0.8697531586625394,0.28331348543751883,0.40940008200750155,1.1530666441000583,1.279153240670041,0.6927135674450204,1.56246672610756,2.9815446699919583,3.3316467918628425,1.338996049670067,2.9815446699919583,3.3316467918628425,1.338996049670067,6.313191461854801,4.320540719662025,4.67064284153291,7.652187511524868
635,15875,Flooding Attack,0.84,0.747491354064043,0.28140165989728627,0.46329516528654546,0.747491354064043,0.28140165989728627,0.46329516528654546,1.0288930139613293,1.2107865193505885,0.7446968251838317,1.4921881792478748,2.2441418221099507,3.294890906705044,1.8210613451888644,2.2441418221099507,3.294890906705044,1.8210613451888644,5.539032728814995,4.065203167298815,5.1159522518939085,7.360094074003859
636,15900,Wormhole Attack,0.84,0.5480003628129682,0.11524376875054816,0.7347361470285977,0.5480003628129682,0.11524376875054816,0.7347361470285977,0.6632441315635164,1.2827365098415657,0.8499799157791459,1.397980278592114,1.0409432797815783,0.10041513654215319,4.248968848400281,1.0409432797815783,0.10041513654215319,4.248968848400281,1.1413584163237316,5.289912128181859,4.349383984942435,5.390327264724013
637,15925,Wormhole Attack,0.8,0.7349156874937965,0.2009870796153301,0.5226483287496823,0.7349156874937965,0.2009870796153301,0.5226483287496823,0.9359027671091267,1.257564016243479,0.7236354083650124,1.4585510958588088,2.168293666806113,1.748876892530608,2.351946512147272,2.168293666806113,1.748876892530608,2.351946512147272,3.9171705593367205,4.520240178953385,4.10082340467788,6.2691170714839926
638,15950,Normal Traffic,0.6,0.8560951329192981,0.24827733172098337,0.32695729055241934,0.8560951329192981,0.24827733172098337,0.32695729055241934,1.1043724646402815,1.1830524234717175,0.5752346222734027,1.431329755192701,2.8991684355450165,2.6580576932365614,0.6015853953360003,2.8991684355450165,2.6580576932365614,0.6015853953360003,5.557226128781577,3.500753830881017,3.259643088572562,6.158811524117578
639,15975,Blackhole Attack,0.72,0.7001370275791294,0.2712695088997578,0.49812463066119517,0.7001370275791294,0.2712695088997578,0.49812463066119517,0.9714065364788873,1.1982616582403245,0.7693941395609529,1.4695311671400826,1.9585316487268316,3.1000947965843855,2.132593965551671,1.9585316487268316,3.1000947965843855,2.132593965551671,5.0586264453112175,4.091125614278503,5.232688762136057,7.191220410862888
640,16000,Wormhole Attack,0.84,0.8503918113826918,0.2729066657568002,0.4510672423195198,0.8503918113826918,0.2729066657568002,0.4510672423195198,1.123298477139492,1.3014590537022115,0.72397390807632,1.5743657194590117,2.864769748585574,3.131570027015418,1.711688524143937,2.864769748585574,3.131570027015418,1.711688524143937,5.996339775600992,4.576458272729511,4.843258551159355,7.708028299744929
641,16025,Normal Traffic,0.64,0.8244682639799514,0.23613423153008287,0.4428162939452821,0.8244682639799514,0.23613423153008287,0.4428162939452821,1.0606024955100344,1.2672845579252336,0.6789505254753649,1.5034187894553166,2.7084159490914343,2.4245999918491807,1.6378878057046764,2.7084159490914343,2.4245999918491807,1.6378878057046764,5.133015940940615,4.346303754796111,4.062487797553857,6.770903746645291
642,16050,Blackhole Attack,0.8,0.7897818241284996,0.26934669589511423,0.4361537471994195,0.7897818241284996,0.26934669589511423,0.4361537471994195,1.0591285200236138,1.2259355713279192,0.7055004430945337,1.4952822672230333,2.4992101418211634,3.0631276714511975,1.578294566942563,2.4992101418211634,3.0631276714511975,1.578294566942563,5.562337813272361,4.077504708763726,4.64142223839376,7.140632380214924
643,16075,Normal Traffic,0.64,0.8193365666358949,0.2921708325112061,0.1873054126651832,0.8193365666358949,0.2921708325112061,0.1873054126651832,1.1115073991471012,1.0066419793010781,0.4794762451763893,1.2988128118122844,2.677464923557313,3.501934103645282,-0.6475327001850084,2.677464923557313,3.501934103645282,-0.6475327001850084,6.179399027202595,2.0299322233723043,2.8544014034602734,5.531866327017586
644,16100,Wormhole Attack,0.72,0.6016558907912781,0.1614725489997548,0.4619884489135437,0.6016558907912781,0.1614725489997548,0.4619884489135437,0.763128439791033,1.0636443397048219,0.6234609979132985,1.2251168887045767,1.364558159062569,0.9891885638592973,1.8093734030578743,1.364558159062569,0.9891885638592973,1.8093734030578743,2.3537467229218665,3.173931562120443,2.7985619669171715,4.163120125979741
645,16125,Sybil Attack,0.8,0.895771885763287,0.3289173604676663,0.3655374173302607,0.895771885763287,0.3289173604676663,0.3655374173302607,1.2246892462309533,1.2613093030935478,0.694454777797927,1.590226663561214,3.138472530866932,4.208406076684822,0.9466658569436047,3.138472530866932,4.208406076684822,0.9466658569436047,7.346878607551754,4.085138387810536,5.1550719336284265,8.293544464495358
646,16150,Wormhole Attack,0.92,0.8978516673994008,0.0663921974912541,0.4785172169399076,0.8978516673994008,0.0663921974912541,0.4785172169399076,0.964243864890655,1.3763688843393085,0.5449094144311617,1.4427610818305625,3.1510164067444344,-0.8387828735263819,1.9572151904420114,3.1510164067444344,-0.8387828735263819,1.9572151904420114,2.3122335332180524,5.108231597186446,1.1184323169156296,4.269448723660064
647,16175,Flooding Attack,0.76,0.8196996539782448,0.31617289746661614,0.37003730310520727,0.8196996539782448,0.31617289746661614,0.37003730310520727,1.1358725514448609,1.1897369570834522,0.6862102005718234,1.5059098545500682,2.6796548277645837,3.963386848409721,0.986915145634173,2.6796548277645837,3.963386848409721,0.986915145634173,6.643041676174304,3.6665699733987567,4.950301994043894,7.629956821808477
648,16200,Wormhole Attack,0.8,0.6307647619941723,0.20653548291757196,0.4339488946294494,0.6307647619941723,0.20653548291757196,0.4339488946294494,0.8373002449117443,1.0647136566236217,0.6404843775470214,1.2712491395411938,1.5401237381421102,1.8555479617755266,1.5585732335471787,1.5401237381421102,1.8555479617755266,1.5585732335471787,3.395671699917637,3.098696971689289,3.4141211953227053,4.954244933464816
649,16225,Normal Traffic,0.68,0.6448902796773439,0.2901705110697255,0.37377699520327684,0.6448902796773439,0.2901705110697255,0.37377699520327684,0.9350607907470694,1.0186672748806207,0.6639475062730024,1.3088377859503462,1.6253195767082498,3.4634768366852438,1.0203648717821274,1.6253195767082498,3.4634768366852438,1.0203648717821274,5.088796413393494,2.6456844484903774,4.483841708467371,6.109161285175621
650,16250,Blackhole Attack,0.84,0.7332680655353666,0.24414383835939396,0.4083525515208969,0.7332680655353666,0.24414383835939396,0.4083525515208969,0.9774119038947606,1.1416206170562635,0.6524963898802909,1.3857644554156576,2.1583562940643226,2.578589036655783,1.3296263991775445,2.1583562940643226,2.578589036655783,1.3296263991775445,4.736945330720106,3.487982693241867,3.9082154358333274,6.0665717298976505
651,16275,Normal Traffic,0.64,0.7487213390240963,0.3109892592569933,0.38451990341810827,0.7487213390240963,0.3109892592569933,0.38451990341810827,1.0597105982810895,1.1332412424422045,0.6955091626751015,1.4442305016991979,2.251560282972474,3.8637285863335182,1.1164549584510852,2.251560282972474,3.8637285863335182,1.1164549584510852,6.115288869305992,3.368015241423559,4.9801835447846035,7.231743827757077
652,16300,Blackhole Attack,0.76,0.842373268940324,0.2671569296451877,0.5927119262910981,0.842373268940324,0.2671569296451877,0.5927119262910981,1.1095301985855117,1.435085195231422,0.8598688559362859,1.70224212487661,2.8164071708182776,3.021028225078632,2.9786313004245284,2.8164071708182776,3.021028225078632,2.9786313004245284,5.837435395896909,5.7950384712428065,5.99965952550316,8.816066696321437
653,16325,Flooding Attack,0.84,0.7041077154971855,0.26054086554018496,0.3677683614148092,0.7041077154971855,0.26054086554018496,0.3677683614148092,0.9646485810373705,1.0718760769119946,0.6283092269549941,1.3324169424521797,1.9824802284851681,2.8938307965880945,0.9666205662412143,1.9824802284851681,2.8938307965880945,0.9666205662412143,4.876311025073263,2.9491007947263825,3.8604513628293087,5.8429315913144775
654,16350,Normal Traffic,0.72,0.775040722905194,0.23568528094973493,0.509383697531987,0.775040722905194,0.23568528094973493,0.509383697531987,1.0107260038549288,1.284424420437181,0.7450689784817219,1.5201097013869158,2.4103015079376737,2.415968672920996,2.2333008402443495,2.4103015079376737,2.415968672920996,2.2333008402443495,4.826270180858669,4.643602348182023,4.649269513165345,7.059571021103019
655,16375,Sybil Attack,0.76,0.7846539796846553,0.2800100407785509,0.4122515664192741,0.7846539796846553,0.2800100407785509,0.4122515664192741,1.0646640204632063,1.1969055461039293,0.6922616071978249,1.4769155868824804,2.468282354448776,3.26813627275167,1.3645011902505408,2.468282354448776,3.26813627275167,1.3645011902505408,5.736418627200446,3.832783544699317,4.632637463002211,7.100919817450986
656,16400,Flooding Attack,0.72,0.8978646985685588,0.2541166981175652,0.19536343599121705,0.8978646985685588,0.2541166981175652,0.19536343599121705,1.151981396686124,1.0932281345597759,0.4494801341087823,1.3473448326773412,3.151095002191965,2.770322686119208,-0.5754576024279503,3.151095002191965,2.770322686119208,-0.5754576024279503,5.921417688311173,2.5756373997640147,2.1948650836912575,5.345960085883223
657,16425,Blackhole Attack,0.8,0.7000479286438459,0.3152610995124026,0.3345115411570672,0.7000479286438459,0.3152610995124026,0.3345115411570672,1.0153090281562485,1.034559469800913,0.6497726406694698,1.3498205693133156,1.9579942625101214,3.9458570371445614,0.6691544912273247,1.9579942625101214,3.9458570371445614,0.6691544912273247,5.903851299654683,2.6271487537374463,4.615011528371886,6.573005790882007
658,16450,Sybil Attack,0.88,0.6724681203138675,0.304802434277901,0.30187777733314003,0.6724681203138675,0.304802434277901,0.30187777733314003,0.9772705545917685,0.9743458976470075,0.606680211611041,1.2791483319249086,1.7916509856923661,3.7447835133457112,0.3772613528454598,1.7916509856923661,3.7447835133457112,0.3772613528454598,5.536434499038077,2.168912338537826,4.122044866191171,5.913695851883537
659,16475,Normal Traffic,0.72,0.8362079954880951,0.20132111311919504,0.6123211843596608,0.8362079954880951,0.20132111311919504,0.6123211843596608,1.0375291086072902,1.448529179847756,0.8136422974788557,1.649850292966951,2.7792222935250392,1.7552988682017894,3.154026572323136,2.7792222935250392,1.7552988682017894,3.154026572323136,4.534521161726829,5.933248865848175,4.909325440524926,7.6885477340499655
660,16500,Wormhole Attack,0.8,0.9435405919096559,0.24384390048131113,0.53596176119967,0.9435405919096559,0.24384390048131113,0.53596176119967,1.187384492390967,1.4795023531093259,0.7798056616809811,1.7233462535906372,3.4265819700139177,2.5728225679224765,2.4710286873272183,3.4265819700139177,2.5728225679224765,2.4710286873272183,5.999404537936394,5.897610657341136,5.043851255249695,8.470433225263612
661,16525,Sybil Attack,0.88,0.8902488696524419,0.2747161975704221,0.3100648407101216,0.8902488696524419,0.2747161975704221,0.3100648407101216,1.164965067222864,1.2003137103625634,0.5847810382805436,1.4750299079329856,3.105161327728634,3.166359259678759,0.4504906510695955,3.105161327728634,3.166359259678759,0.4504906510695955,6.271520587407393,3.5556519787982293,3.6168499107483543,6.722011238476989
662,16550,Blackhole Attack,0.88,0.702476260891716,0.23752185255196495,0.436658654408993,0.702476260891716,0.23752185255196495,0.436658654408993,0.939998113443681,1.1391349153007089,0.6741805069609579,1.376656767852674,1.9726403665903254,2.45127776021744,1.5828107162531113,1.9726403665903254,2.45127776021744,1.5828107162531113,4.423918126807765,3.5554510828434367,4.034088476470551,6.006728843060876
663,16575,Sybil Attack,0.88,0.9746704302021266,0.3283524597591323,0.44986442531288046,0.9746704302021266,0.3283524597591323,0.44986442531288046,1.3030228899612588,1.424534855515007,0.7782168850720128,1.7528873152741393,3.6143366942825352,4.197545553519142,1.7009299112894305,3.6143366942825352,4.197545553519142,1.7009299112894305,7.811882247801678,5.315266605571965,5.898475464808573,9.512812159091109
664,16600,Wormhole Attack,0.76,0.7998756877506036,0.24327663092385457,0.4245873469051709,0.7998756877506036,0.24327663092385457,0.4245873469051709,1.0431523186744582,1.2244630346557746,0.6678639778290255,1.467739665579629,2.56008969292476,2.5619165023487045,1.4748387443201738,2.56008969292476,2.5619165023487045,1.4748387443201738,5.122006195273464,4.034928437244933,4.0367552466688785,6.5968449395936375
665,16625,Sybil Attack,0.76,0.6530943714658568,0.3201420277672241,0.28232940455938244,0.6530943714658568,0.3201420277672241,0.28232940455938244,0.9732363992330809,0.9354237760252393,0.6024714323266065,1.2555658037924633,1.6748012661778422,4.03969553580582,0.20241067028315543,1.6748012661778422,4.03969553580582,0.20241067028315543,5.714496801983662,1.8772119364609976,4.242106206088976,5.916907472266818
666,16650,Flooding Attack,0.76,0.965760377872466,0.1577474621432983,0.33087198555528874,0.965760377872466,0.1577474621432983,0.33087198555528874,1.1235078400157643,1.2966323634277548,0.488619447698587,1.4543798255710532,3.560597114826416,0.9175717443235123,0.6366004373140127,3.560597114826416,0.9175717443235123,0.6366004373140127,4.478168859149928,4.1971975521404286,1.554172181637525,5.114769296463941
667,16675,Flooding Attack,0.8,0.9081950640973199,0.25141904199338583,0.45749229117708434,0.9081950640973199,0.25141904199338583,0.45749229117708434,1.1596141060907057,1.3656873552744042,0.7089113331704702,1.61710639726779,3.2134009773539267,2.7184587808574823,1.7691574598575757,3.2134009773539267,2.7184587808574823,1.7691574598575757,5.931859758211409,4.982558437211503,4.487616240715058,7.701017218068985
668,16700,Sybil Attack,0.72,0.62035262467569,0.26440945324874704,0.30408868793438626,0.62035262467569,0.26440945324874704,0.30408868793438626,0.884762077924437,0.9244413126100762,0.5684981411831334,1.1888507658588232,1.4773245692896506,2.96820649800355,0.397036872382876,1.4773245692896506,2.96820649800355,0.397036872382876,4.4455310672932,1.8743614416725265,3.365243370386426,4.842567939676076
669,16725,Normal Traffic,0.6,0.8940976968765584,0.21036026373305858,0.5597930671042921,0.8940976968765584,0.21036026373305858,0.5597930671042921,1.104457960609617,1.4538907639808505,0.7701533308373507,1.664251027713909,3.12837492387495,1.9290814518609642,2.6841881227441684,3.12837492387495,1.9290814518609642,2.6841881227441684,5.057456375735914,5.812563046619118,4.613269574605132,7.741644498480082
670,16750,Blackhole Attack,0.92,0.8858951199965391,0.26034289088942064,0.4629181391451532,0.8858951199965391,0.26034289088942064,0.4629181391451532,1.1462380108859598,1.3488132591416924,0.7232610300345739,1.609156150031113,3.0789023713377066,2.8900246263207157,1.817689029808488,3.0789023713377066,2.8900246263207157,1.817689029808488,5.968926997658422,4.896591401146194,4.7077136561292035,7.78661602746691
671,16775,Blackhole Attack,0.92,0.723853963884206,0.25516517317200305,0.3743223099699862,0.723853963884206,0.25516517317200305,0.3743223099699862,0.979019137056209,1.0981762738541923,0.6294874831419892,1.3533414470261953,2.1015766203909805,2.7904801889251627,1.0252424470296406,2.1015766203909805,2.7904801889251627,1.0252424470296406,4.892056809316143,3.1268190674206213,3.8157226359548035,5.917299256345784
672,16800,Sybil Attack,0.72,0.8658773068564162,0.2667058729275854,0.4665799266366796,0.8658773068564162,0.2667058729275854,0.4665799266366796,1.1325831797840016,1.3324572334930957,0.733285799564265,1.599163106420681,2.95816807932908,3.01235641451697,1.8504419371579435,2.95816807932908,3.01235641451697,1.8504419371579435,5.9705244938460496,4.808610016487023,4.862798351674914,7.820966431003993
673,16825,Normal Traffic,0.72,0.6235474667776274,0.2211779706016481,0.4015026720839031,0.6235474667776274,0.2211779706016481,0.4015026720839031,0.8447254373792755,1.0250501388615305,0.6226806426855512,1.2462281094631786,1.4965937570154382,2.137057746227362,1.2683575606460993,1.4965937570154382,2.137057746227362,1.2683575606460993,3.6336515032428003,2.7649513176615375,3.4054153068734614,4.902009063888899
674,16850,Blackhole Attack,0.76,0.8922152892174993,0.31499299579951,0.353225332267055,0.8922152892174993,0.31499299579951,0.353225332267055,1.2072082850170092,1.2454406214845544,0.668218328066565,1.560433617284064,3.117021478101566,3.9407025975400662,0.8365402469001627,3.117021478101566,3.9407025975400662,0.8365402469001627,7.057724075641632,3.953561725001729,4.777242844440229,7.894264322541795
675,16875,Sybil Attack,0.84,0.6740475221369588,0.30260957605122607,0.5305437743190783,0.6740475221369588,0.30260957605122607,0.5305437743190783,0.9766570981881849,1.2045912964560372,0.8331533503703044,1.5072008725072632,1.8011768994159718,3.7026246220395556,2.4225674309787197,1.8011768994159718,3.7026246220395556,2.4225674309787197,5.503801521455527,4.223744330394691,6.125192053018275,7.926368952434247
676,16900,Sybil Attack,0.76,0.7950736404231984,0.2808789556048932,0.42407393268771026,0.7950736404231984,0.2808789556048932,0.42407393268771026,1.0759525960280916,1.2191475731109087,0.7049528882926035,1.5000265287158019,2.5311268996262197,3.2848416325749623,1.470246503963437,2.5311268996262197,3.2848416325749623,1.470246503963437,5.8159685322011825,4.001373403589657,4.755088136538399,7.286215036164619
677,16925,Blackhole Attack,0.84,0.7285846587012645,0.2430926981260432,0.36443357750757543,0.7285846587012645,0.2430926981260432,0.36443357750757543,0.9716773568273077,1.0930182362088399,0.6075262756336186,1.3361109343348831,2.1301090622440637,2.558380294336605,0.9367925468389873,2.1301090622440637,2.558380294336605,0.9367925468389873,4.688489356580669,3.066901609083051,3.4951728411755925,5.625281903419656
678,16950,Sybil Attack,0.84,0.6692383470811846,0.26006675315924704,0.24384212569121647,0.6692383470811846,0.26006675315924704,0.24384212569121647,0.9293051002404316,0.913080472772401,0.5039088788504635,1.173147225931648,1.7721711163446603,2.8847157283672122,-0.14183931195058436,1.7721711163446603,2.8847157283672122,-0.14183931195058436,4.656886844711872,1.630331804394076,2.7428764164166277,4.515047532761288
679,16975,Wormhole Attack,0.76,0.9738141075133573,0.30693579515232866,0.33751466808390446,0.9738141075133573,0.30693579515232866,0.33751466808390446,1.280749902665686,1.3113287755972618,0.6444504632362331,1.6182645707495904,3.6091719186481646,3.7857985357159354,0.6960160003184362,3.6091719186481646,3.7857985357159354,0.6960160003184362,7.3949704543641,4.305187918966601,4.4818145360343715,8.090986454682536
680,17000,Wormhole Attack,0.88,0.6208607953021943,0.23361451976260852,0.553664659426004,0.6208607953021943,0.23361451976260852,0.553664659426004,0.8544753150648028,1.1745254547281982,0.7872791791886125,1.4081399744908067,1.4803895205099018,2.3761571635643497,2.629372498038707,1.4803895205099018,2.3761571635643497,2.629372498038707,3.8565466840742513,4.109762018548609,5.005529661603057,6.4859191821129585
681,17025,Blackhole Attack,0.84,0.8121446474803341,0.26711416794639115,0.32671671592292545,0.8121446474803341,0.26711416794639115,0.32671671592292545,1.0792588154267253,1.1388613634032596,0.5938308838693166,1.4059755313496507,2.6340879941518973,3.020206108176727,0.5994335723346174,2.6340879941518973,3.020206108176727,0.5994335723346174,5.654294102328624,3.2335215664865147,3.6196396805113444,6.253727674663241
682,17050,Blackhole Attack,0.8,0.8314161807518831,0.25301202766770636,0.44519338120229623,0.8314161807518831,0.25301202766770636,0.44519338120229623,1.0844282084195895,1.2766095619541793,0.6982054088700026,1.5296215896218857,2.7503212164911317,2.7490847962920397,1.6591496945692594,2.7503212164911317,2.7490847962920397,1.6591496945692594,5.499406012783171,4.409470911060391,4.408234490861299,7.158555707352431
683,17075,Normal Traffic,0.76,0.8340192405690626,0.2630768300281673,0.37352188613229725,0.8340192405690626,0.2630768300281673,0.37352188613229725,1.09709607059723,1.2075411267013598,0.6365987161604645,1.4706179567295272,2.7660211624284505,2.942586092258637,1.0180830452738618,2.7660211624284505,2.942586092258637,1.0180830452738618,5.708607254687088,3.7841042077023124,3.960669137532499,6.72669029996095
684,17100,Wormhole Attack,0.76,0.883640401801876,0.20774890057917966,0.533402879669201,0.883640401801876,0.20774890057917966,0.533402879669201,1.0913893023810557,1.417043281471077,0.7411517802483807,1.6247921820502567,3.065303393117354,1.878876575856638,2.4481407371445196,3.065303393117354,1.878876575856638,2.4481407371445196,4.944179968973992,5.513444130261874,4.327017313001157,7.392320706118511
685,17125,Blackhole Attack,0.84,0.8988284388378845,0.28159400995605144,0.5331754107620873,0.8988284388378845,0.28159400995605144,0.5331754107620873,1.1804224487939359,1.4320038495999718,0.8147694207181387,1.7135978595560233,3.1569076500712696,3.2985889411340685,2.446106138452811,3.1569076500712696,3.2985889411340685,2.446106138452811,6.455496591205338,5.6030137885240805,5.744695079586879,8.90160272965815
686,17150,Blackhole Attack,0.8,0.8371534564736152,0.23159382208563534,0.5556766973210711,0.8371534564736152,0.23159382208563534,0.5556766973210711,1.0687472785592504,1.3928301537946863,0.7872705194067064,1.6244239758803216,2.7849246927786195,2.3373081524017403,2.647369197987359,2.7849246927786195,2.3373081524017403,2.647369197987359,5.12223284518036,5.432293890765978,4.984677350389099,7.769602043167719
687,17175,Blackhole Attack,0.76,0.9090182823208663,0.28024676536131127,0.45103490578394223,0.9090182823208663,0.28024676536131127,0.45103490578394223,1.1892650476821776,1.3600531881048086,0.7312816711452534,1.6402999534661198,3.2183660886122225,3.2726874315236723,1.711399289567593,3.2183660886122225,3.2726874315236723,1.711399289567593,6.491053520135894,4.929765378179815,4.984086721091265,8.202452809703487
688,17200,Normal Traffic,0.72,0.9046944527618885,0.2584177916676845,0.3371012782224833,0.9046944527618885,0.2584177916676845,0.3371012782224833,1.163112244429573,1.241795730984372,0.5955190698901678,1.5002135226520563,3.192287590580746,2.853013547421282,0.6923184291563569,3.192287590580746,2.853013547421282,0.6923184291563569,6.045301138002028,3.884606019737103,3.5453319765776388,6.737619567158385
689,17225,Flooding Attack,0.8,0.8311135754767176,0.26080370796887875,0.49406246103527796,0.8311135754767176,0.26080370796887875,0.49406246103527796,1.0919172834455964,1.3251760365119956,0.7548661690041567,1.5859797444808743,2.7484961003608412,2.898884085144168,2.096259834829088,2.7484961003608412,2.898884085144168,2.096259834829088,5.647380185505009,4.844755935189929,4.9951439199732555,7.743640020334096
690,17250,Blackhole Attack,0.88,0.8353423208980416,0.30015695466103176,0.5048041730087861,0.8353423208980416,0.30015695466103176,0.5048041730087861,1.1354992755590734,1.3401464939068277,0.8049611276698179,1.6403034485678596,2.7740011133687275,3.655471642723997,2.1923392217014794,2.7740011133687275,3.655471642723997,2.1923392217014794,6.429472756092725,4.966340335070207,5.847810864425476,8.621811977794204
691,17275,Blackhole Attack,0.76,0.8063252724507175,0.2966327644371281,0.3331053805087873,0.8063252724507175,0.2966327644371281,0.3331053805087873,1.1029580368878455,1.1394306529595049,0.6297381449459154,1.436063417396633,2.5989893487996145,3.5877171701436787,0.6565770684418304,2.5989893487996145,3.5877171701436787,0.6565770684418304,6.186706518943293,3.255566417241445,4.244294238585509,6.843283587385123
692,17300,Wormhole Attack,0.8,0.8506568697077067,0.25455792267226485,0.3998895073223775,0.8506568697077067,0.25455792267226485,0.3998895073223775,1.1052147923799716,1.2505463770300842,0.6544474299946423,1.505104299702349,2.8663684061905608,2.7788054680049274,1.2539285867922314,2.8663684061905608,2.7788054680049274,1.2539285867922314,5.645173874195488,4.120296992982793,4.032734054797158,6.89910246098772
693,17325,Wormhole Attack,0.84,0.7933521646766318,0.2377413434611252,0.5364231722479094,0.7933521646766318,0.2377413434611252,0.5364231722479094,1.031093508137757,1.3297753369245413,0.7741645157090346,1.5675166803856664,2.5207440893753263,2.45549759224735,2.4751557846391106,2.5207440893753263,2.45549759224735,2.4751557846391106,4.976241681622676,4.995899874014437,4.930653376886461,7.451397466261787
694,17350,Wormhole Attack,0.76,0.8269974920420322,0.25256883007957215,0.42334192986851454,0.8269974920420322,0.25256883007957215,0.42334192986851454,1.0795663221216043,1.2503394219105468,0.6759107599480867,1.502908251990119,2.7236705904084526,2.740564081766125,1.4636990949256001,2.7236705904084526,2.740564081766125,1.4636990949256001,5.464234672174578,4.187369685334053,4.204263176691725,6.9279337671001775
695,17375,Flooding Attack,0.84,0.7689374994020964,0.29255439283148216,0.4091325582034732,0.7689374994020964,0.29255439283148216,0.4091325582034732,1.0614918922335785,1.1780700576055696,0.7016869510349554,1.4706244504370518,2.373490875154818,3.5093082592815956,1.336603179415474,2.373490875154818,3.5093082592815956,1.336603179415474,5.8827991344364134,3.710094054570292,4.84591143869707,7.219402313851887
696,17400,Sybil Attack,0.8,0.6780083903049545,0.25263177656937136,0.4421331693417167,0.6780083903049545,0.25263177656937136,0.4421331693417167,0.9306401668743258,1.1201415596466713,0.6947649459110881,1.3727733362160426,1.8250662528960457,2.741774262246225,1.6317775885223613,1.8250662528960457,2.741774262246225,1.6317775885223613,4.566840515142271,3.456843841418407,4.373551850768586,6.198618103664632
697,17425,Blackhole Attack,0.76,0.8045312746740166,0.21985263201821278,0.5739230227441235,0.8045312746740166,0.21985263201821278,0.5739230227441235,1.0243839066922293,1.3784542974181402,0.7937756547623364,1.5983069294363528,2.5881691333285803,2.111577391591017,2.810573700551252,2.5881691333285803,2.111577391591017,2.810573700551252,4.699746524919597,5.398742833879832,4.922151092142268,7.510320225470849
698,17450,Blackhole Attack,0.8,0.7554063948718094,0.19902691892326527,0.4977583354664505,0.7554063948718094,0.19902691892326527,0.4977583354664505,0.9544333137950747,1.2531647303382598,0.6967852543897157,1.4521916492615252,2.29188014604453,1.7111917378069181,2.129317633267565,2.29188014604453,1.7111917378069181,2.129317633267565,4.003071883851448,4.421197779312095,3.840509371074483,6.132389517119013
699,17475,Sybil Attack,0.8,0.8493272735475326,0.29185451916472355,0.40719198873564827,0.8493272735475326,0.29185451916472355,0.40719198873564827,1.141181792712256,1.256519262283181,0.6990465079003718,1.5483737814479044,2.8583491560390915,3.4958528076313278,1.3192457297732072,2.8583491560390915,3.4958528076313278,1.3192457297732072,6.35420196367042,4.177594885812299,4.815098537404535,7.673447693443627
700,17500,Blackhole Attack,0.84,0.6059206152733912,0.1968695901012684,0.6057419651538051,0.6059206152733912,0.1968695901012684,0.6057419651538051,0.8027902053746596,1.2116625804271963,0.8026115552550734,1.4085321705284648,1.3902801741176374,1.6697159186172235,3.0951786578606493,1.3902801741176374,1.6697159186172235,3.0951786578606493,3.0599960927348606,4.485458831978287,4.7648945764778725,6.15517475059551
701,17525,Sybil Attack,0.76,0.7704618180523325,0.30317952762595896,0.49780144527300574,0.7704618180523325,0.30317952762595896,0.49780144527300574,1.0736413456782914,1.2682632633253381,0.8009809728989647,1.5714427909512971,2.3826845633835743,3.713582250853239,2.1297032295107177,2.3826845633835743,3.713582250853239,2.1297032295107177,6.096266814236813,4.512387792894292,5.8432854803639565,8.22597004374753
702,17550,Flooding Attack,0.72,0.8447094753223268,0.24038068053335815,0.4859910224419887,0.8447094753223268,0.24038068053335815,0.4859910224419887,1.085090155855685,1.3307004977643155,0.7263717029753469,1.5710811782976737,2.8304976322259616,2.506240282036877,2.024064744034067,2.8304976322259616,2.506240282036877,2.024064744034067,5.336737914262839,4.854562376260029,4.530305026070944,7.360802658296906
703,17575,Normal Traffic,0.68,0.7998648606473808,0.2938580359538156,0.3843715696296372,0.7998648606473808,0.2938580359538156,0.3843715696296372,1.0937228966011965,1.184236430277018,0.6782296055834528,1.4780944662308337,2.5600243909543123,3.534371506885984,1.1151281848898589,2.5600243909543123,3.534371506885984,1.1151281848898589,6.094395897840297,3.675152575844171,4.649499691775842,7.209524082730155
704,17600,Flooding Attack,0.8,0.6445563438979082,0.3018666523988483,0.4843414348071622,0.6445563438979082,0.3018666523988483,0.4843414348071622,0.9464229962967565,1.1288977787050705,0.7862080872060104,1.4307644311039187,1.6233054955684016,3.6883415110165236,2.0093099853012606,1.6233054955684016,3.6883415110165236,2.0093099853012606,5.311647006584925,3.6326154808696622,5.697651496317784,7.320956991886186
705,17625,Normal Traffic,0.56,0.8603029604142517,0.2607469087038443,0.33170589268222883,0.8603029604142517,0.2607469087038443,0.33170589268222883,1.121049869118096,1.1920088530964805,0.5924528013860731,1.4527557618003248,2.924547285369495,2.897792088401411,0.6440593307997552,2.924547285369495,2.897792088401411,0.6440593307997552,5.822339373770906,3.5686066161692502,3.541851419201166,6.466398704570661
706,17650,Blackhole Attack,0.84,0.9714466837945755,0.328445508198313,0.38824164199273486,0.9714466837945755,0.328445508198313,0.38824164199273486,1.2998921919928885,1.3596883257873105,0.7166871501910479,1.6881338339856233,3.59489317478285,4.1993344603376075,1.1497440990677152,3.59489317478285,4.1993344603376075,1.1497440990677152,7.794227635120457,4.744637273850565,5.3490785594053225,8.943971734188173
707,17675,Blackhole Attack,0.88,0.8447483695593034,0.26212223922342626,0.4539854436865138,0.8447483695593034,0.26212223922342626,0.4539854436865138,1.1068706087827298,1.2987338132458173,0.71610768290994,1.5608560524692436,2.8307322166998863,2.9242335651826137,1.7377904154255543,2.8307322166998863,2.9242335651826137,1.7377904154255543,5.7549657818825,4.568522632125441,4.6620239806081685,7.492756197308054
708,17700,Flooding Attack,0.8,0.7239383140548936,0.24621675373733823,0.2662095415376975,0.7239383140548936,0.24621675373733823,0.2662095415376975,0.9701550677922318,0.9901478555925911,0.5124262952750357,1.2363646093299292,2.102085365180808,2.6184419615017838,0.058226339199792476,2.102085365180808,2.6184419615017838,0.058226339199792476,4.720527326682592,2.1603117043806006,2.6766683007015764,4.778753665882384
709,17725,Blackhole Attack,0.76,0.8136535848676278,0.24592632892343294,0.2997023212651864,0.8136535848676278,0.24592632892343294,0.2997023212651864,1.0595799137910609,1.1133559061328142,0.5456286501886194,1.3592822350562472,2.643188912712032,2.612858386597988,0.3578029568567855,2.643188912712032,2.612858386597988,0.3578029568567855,5.25604729931002,3.0009918695688174,2.9706613434547733,5.613850256166805
710,17750,Wormhole Attack,0.76,0.8250749203995651,0.2794524200129984,0.49343022988328755,0.8250749203995651,0.2794524200129984,0.49343022988328755,1.1045273404125635,1.3185051502828526,0.772882649896286,1.597957570295851,2.7120749018852206,3.2574157104467236,2.090604834807241,2.7120749018852206,3.2574157104467236,2.090604834807241,5.969490612331944,4.802679736692461,5.348020545253965,8.060095447139185
711,17775,Normal Traffic,0.6,0.6708351050058863,0.23972442083186232,0.2752646006312647,0.6708351050058863,0.23972442083186232,0.2752646006312647,0.9105595258377486,0.946099705637151,0.514989021463127,1.1858241264690133,1.781801710665756,2.4936233325745643,0.1392194367571338,1.781801710665756,2.4936233325745643,0.1392194367571338,4.27542504324032,1.9210211474228898,2.632842769331698,4.414644479997454
712,17800,Blackhole Attack,0.76,0.6389229691919831,0.295440853169155,0.23434720422177047,0.6389229691919831,0.295440853169155,0.23434720422177047,0.9343638223611381,0.8732701734137536,0.5297880573909255,1.1687110265829086,1.589328681918567,3.564802028169702,-0.22676676443076274,1.589328681918567,3.564802028169702,-0.22676676443076274,5.154130710088269,1.3625619174878043,3.338035263738939,4.927363945657507
713,17825,Normal Traffic,0.6,0.7839751389840616,0.25832393564575373,0.5353184306682829,0.7839751389840616,0.25832393564575373,0.5353184306682829,1.0422990746298153,1.3192935696523445,0.7936423663140366,1.577617505298098,2.464188033515759,2.851209114385495,2.4652744087574328,2.464188033515759,2.851209114385495,2.4652744087574328,5.315397147901255,4.929462442273191,5.316483523142928,7.780671556658687
714,17850,Blackhole Attack,0.84,0.9453434123158858,0.2727243982773824,0.48349369713224266,0.9453434123158858,0.2727243982773824,0.48349369713224266,1.218067810593268,1.4288371094481285,0.756218095409625,1.7015615077255108,3.437455397787534,3.1280658356545947,2.0017273842935466,3.437455397787534,3.1280658356545947,2.0017273842935466,6.565521233442128,5.4391827820810805,5.129793219948141,8.567248617735675
715,17875,Wormhole Attack,0.76,0.6350139586670783,0.2181555774089964,0.4362510596519751,0.6350139586670783,0.2181555774089964,0.4362510596519751,0.8531695360760747,1.0712650183190533,0.6544066370609715,1.2894205957280498,1.5657520996578063,2.0789505943178295,1.5791649794801217,1.5657520996578063,2.0789505943178295,1.5791649794801217,3.6447026939756357,3.1449170791379277,3.658115573797951,5.223867673455757
716,17900,Sybil Attack,0.8,0.9218796831856463,0.3266816773098352,0.30328193309965673,0.9218796831856463,0.3266816773098352,0.30328193309965673,1.2485613604954815,1.225161616285303,0.6299636104094919,1.5518432935951383,3.2959376053797533,4.16542385280028,0.3898208429391229,3.2959376053797533,4.16542385280028,0.3898208429391229,7.461361458180033,3.685758448318876,4.555244695739403,7.851182301119156
717,17925,Blackhole Attack,0.76,0.6989807899094932,0.28931010883317343,0.5355131641622064,0.6989807899094932,0.28931010883317343,0.5355131641622064,0.9882908987426666,1.2344939540716995,0.8248232729953798,1.523804062904873,1.951557983049164,3.4469351360275704,2.46701620510664,1.951557983049164,3.4469351360275704,2.46701620510664,5.3984931190767345,4.418574188155804,5.913951341134211,7.865509324183375
718,17950,Blackhole Attack,0.84,0.8224055182611772,0.1986636501232082,0.4715568610058999,0.8224055182611772,0.1986636501232082,0.4715568610058999,1.0210691683843853,1.2939623792670771,0.6702205111291081,1.4926260293902853,2.695974822670344,1.7042076976759943,1.8949581934007227,2.695974822670344,1.7042076976759943,1.8949581934007227,4.4001825203463385,4.590933016071067,3.599165891076717,6.295140713747061
719,17975,Wormhole Attack,0.84,0.6800010929170824,0.18415841088221038,0.6086958968403181,0.6800010929170824,0.18415841088221038,0.6086958968403181,0.8641595037992928,1.2886969897574005,0.7928543077225285,1.4728554006396108,1.8370849253341843,1.4253365891418686,3.121600139464611,1.8370849253341843,1.4253365891418686,3.121600139464611,3.2624215144760527,4.958685064798795,4.54693672860648,6.384021653940664
720,18000,Sybil Attack,0.8,0.5732078182375427,0.2577783560398691,0.42800428745417635,0.5732078182375427,0.2577783560398691,0.42800428745417635,0.8309861742774118,1.0012121056917191,0.6857826434940455,1.2589904617315881,1.1929780831200583,2.8407200499199723,1.5054016149070524,1.1929780831200583,2.8407200499199723,1.5054016149070524,4.033698133040031,2.698379698027111,4.346121664827025,5.539099747947083
721,18025,Normal Traffic,0.72,0.7044840029204767,0.2793971849881711,0.4450237868778719,0.7044840029204767,0.2793971849881711,0.4450237868778719,0.9838811879086479,1.1495077897983488,0.724420971866043,1.4289049747865197,1.9847497469048279,3.2563537870721704,1.6576327558589392,1.9847497469048279,3.2563537870721704,1.6576327558589392,5.2411035339769985,3.642382502763767,4.913986542931109,6.898736289835938
722,18050,Normal Traffic,0.6,0.6060545078588376,0.14641036861738368,0.681396674904728,0.6060545078588376,0.14641036861738368,0.681396674904728,0.7524648764762213,1.2874511827635655,0.8278070435221117,1.4338615513809492,1.391087726191179,0.6996099591644704,3.771873224313771,1.391087726191179,0.6996099591644704,3.771873224313771,2.090697685355649,5.162960950504949,4.471483183478242,5.8625709096694205
723,18075,Wormhole Attack,0.8,0.7518705559269349,0.22499783418549782,0.6265032255874016,0.7518705559269349,0.22499783418549782,0.6265032255874016,0.9768683901124326,1.3783737815143364,0.8515010597728994,1.6033716156998343,2.270554289484789,2.210496699861886,3.2808780303701255,2.270554289484789,2.210496699861886,3.2808780303701255,4.4810509893466755,5.551432319854914,5.491374730232011,7.761929019716801
724,18100,Flooding Attack,0.8,0.8612600579501534,0.29551388279077473,0.476555066805447,0.8612600579501534,0.29551388279077473,0.476555066805447,1.156773940740928,1.3378151247556005,0.7720689495962217,1.6333290075463751,2.9303198686467704,3.5662060623396004,1.9396647122374664,2.9303198686467704,3.5662060623396004,1.9396647122374664,6.496525930986371,4.869984580884237,5.505870774577067,8.436190643223837
725,18125,Sybil Attack,0.84,0.909963669861653,0.3183013873414131,0.43486211945225955,0.909963669861653,0.3183013873414131,0.43486211945225955,1.2282650572030662,1.3448257893139126,0.7531635067936726,1.6631271766553257,3.224068044895443,4.004308223164479,1.5667415852278643,3.224068044895443,4.004308223164479,1.5667415852278643,7.228376268059922,4.790809630123308,5.571049808392344,8.795117853287787
726,18150,Flooding Attack,0.84,0.7295994391225772,0.22391358527737348,0.5057647892859262,0.7295994391225772,0.22391358527737348,0.5057647892859262,0.9535130243999507,1.2353642284085034,0.7296783745632996,1.4592778136858768,2.1362295507736437,2.1896514252744153,2.200931466881287,2.1362295507736437,2.1896514252744153,2.200931466881287,4.325880976048059,4.337161017654931,4.390582892155702,6.526812442929346
727,18175,Blackhole Attack,0.88,0.9106074185927631,0.2638377511349053,0.43754835340576675,0.9106074185927631,0.2638377511349053,0.43754835340576675,1.1744451697276683,1.3481557719985298,0.7013861045406721,1.611993523133435,3.227950714132985,2.9572152141240173,1.5907686408671604,3.227950714132985,2.9572152141240173,1.5907686408671604,6.185165928257002,4.8187193550001455,4.547983854991178,7.775934569124162
728,18200,Wormhole Attack,0.88,0.8421840421742204,0.27778997731598165,0.6184480659034419,0.8421840421742204,0.27778997731598165,0.6184480659034419,1.119974019490202,1.4606321080776623,0.8962380432194236,1.7384220853936438,2.815265879335802,3.2254543459984086,3.208828546498023,2.815265879335802,3.2254543459984086,3.208828546498023,6.04072022533421,6.024094425833825,6.434282892496432,9.249548771832233
729,18225,Sybil Attack,0.84,0.9334024519483813,0.2788666593181023,0.2783776768287945,0.9334024519483813,0.2788666593181023,0.2783776768287945,1.2122691112664836,1.211780128777176,0.5572443361468968,1.490646788095278,3.365435373133389,3.246154142705069,0.16706438857518335,3.365435373133389,3.246154142705069,0.16706438857518335,6.611589515838458,3.5324997617085723,3.4132185312802523,6.778653904413641
730,18250,Normal Traffic,0.68,0.6056029281891641,0.2536448513650632,0.1775386018140628,0.6056029281891641,0.2536448513650632,0.1775386018140628,0.8592477795542273,0.7831415300032268,0.431183453179126,1.03678638136829,1.3883640944277147,2.761251175836458,-0.7348920708876093,1.3883640944277147,2.761251175836458,-0.7348920708876093,4.149615270264173,0.6534720235401054,2.0263591049488485,3.414723199376563
731,18275,Blackhole Attack,0.72,0.9183844913209269,0.24738152726594828,0.3735894802978316,0.9183844913209269,0.24738152726594828,0.3735894802978316,1.1657660185868752,1.2919739716187586,0.6209710075637799,1.539355498884707,3.2748569052919208,2.6408353656861565,1.0186876421944189,3.2748569052919208,2.6408353656861565,1.0186876421944189,5.915692270978077,4.29354454748634,3.6595230078805754,6.934379913172496
732,18300,Wormhole Attack,0.76,0.8105022924421407,0.23935579221628397,0.4525468545385511,0.8105022924421407,0.23935579221628397,0.4525468545385511,1.0498580846584247,1.2630491469806917,0.691902646754835,1.5024049391969758,2.6241823880112523,2.486536247076989,1.7249229354895428,2.6241823880112523,2.486536247076989,1.7249229354895428,5.110718635088242,4.349105323500795,4.211459182566532,6.835641570577785
