window_idx,start_pos,majority_label,attack_frac,W2_c2,W2_network,W2_physical,W2_c2_only,W2_network_only,W2_physical_only,W2_c2_network,W2_c2_physical,W2_network_physical,W2_all_three,Z2_c2,Z2_network,Z2_physical,Z2_c2_only,Z2_network_only,Z2_physical_only,Z2_c2_network,Z2_c2_physical,Z2_network_physical,Z2_all_three
0,0,Sybil Attack,1.0,0.9518940569272965,0.18768412874679527,0.6923270306609255,0.9518940569272965,0.18768412874679527,0.6923270306609255,1.1395781856740916,1.644221087588222,0.8800111594077208,1.8319052163350171,3.4769645806249723,1.4926079615798802,3.8696399380315274,3.4769645806249723,1.4926079615798802,3.8696399380315274,4.969572542204853,7.3466045186565,5.362247899611408,8.83921248023638
1,25,Sybil Attack,1.0,0.9785053765696559,0.18749566036321624,0.6994275064397526,0.9785053765696559,0.18749566036321624,0.6994275064397526,1.1660010369328722,1.6779328830094085,0.8869231668029689,1.8654285433726248,3.6374665702252105,1.4889826919667257,3.9331502389048407,3.6374665702252105,1.4889826919667257,3.9331502389048407,5.126449262191937,7.570616809130051,5.422132930871566,9.059599501096777
2,50,Sybil Attack,1.0,0.9355622176014023,0.18766479689331572,0.6789168181399042,0.9355622176014023,0.18766479689331572,0.6789168181399042,1.123227014494718,1.6144790357413066,0.86658161503322,1.8021438326346222,3.3784616600308017,1.492236105146167,3.74969211220769,3.3784616600308017,1.492236105146167,3.74969211220769,4.870697765176969,7.128153772238491,5.241928217353857,8.620389877384659
3,75,Sybil Attack,1.0,0.9218524488995888,0.18692601357163774,0.6532546214411138,0.9218524488995888,0.18692601357163774,0.6532546214411138,1.1087784624712267,1.5751070703407026,0.8401806350127515,1.7620330839123404,3.2957733460661864,1.4780252933594702,3.5201562495165915,3.2957733460661864,1.4780252933594702,3.5201562495165915,4.773798639425657,6.815929595582778,4.998181542876061,8.293954888942249
4,100,Sybil Attack,1.0,0.9325018525814901,0.1876941950885825,0.6814938990884448,0.9325018525814901,0.1876941950885825,0.6814938990884448,1.1201960476700725,1.6139957516699348,0.8691880941770274,1.8016899467585175,3.3600035496777543,1.4928015919506825,3.7727428473295173,3.3600035496777543,1.4928015919506825,3.7727428473295173,4.852805141628437,7.1327463970072715,5.2655444392802,8.625547988957955
5,125,Sybil Attack,1.0,0.9950544768050723,0.14585044745302186,0.6151696207687243,0.9950544768050723,0.14585044745302186,0.6151696207687243,1.1409049242580942,1.6102240975737967,0.7610200682217462,1.7560745450268185,3.737279865829314,0.6879192879641557,3.179504450002483,3.737279865829314,0.6879192879641557,3.179504450002483,4.42519915379347,6.916784315831797,3.8674237379666385,7.604703603795953
6,150,Sybil Attack,1.0,0.969534209928529,0.187689253340677,0.666284327040617,0.969534209928529,0.187689253340677,0.666284327040617,1.157223463269206,1.635818536969146,0.853973580381294,1.8235077903098231,3.58335838941015,1.4927065353253877,3.6367006260755153,3.58335838941015,1.4927065353253877,3.6367006260755153,5.076064924735538,7.220059015485665,5.129407161400903,8.712765550811053
7,175,Sybil Attack,1.0,0.8981385684168643,0.15678185663985536,0.6716050092122701,0.8981385684168643,0.15678185663985536,0.6716050092122701,1.0549204250567197,1.5697435776291344,0.8283868658521254,1.7265254342689897,3.152746805114004,0.8981895985670396,3.6842915391493403,3.152746805114004,0.8981895985670396,3.6842915391493403,4.050936403681043,6.837038344263345,4.58248113771638,7.735227942830384
8,200,Sybil Attack,1.0,0.8615341933250515,0.1872316651579241,0.6813013327295522,0.8615341933250515,0.1872316651579241,0.6813013327295522,1.0487658584829758,1.5428355260546036,0.8685329978874763,1.730067191212528,2.9319732730506964,1.4839046317765254,3.771020434948671,2.9319732730506964,1.4839046317765254,3.771020434948671,4.415877904827222,6.702993707999367,5.254925066725196,8.186898339775894
9,225,Sybil Attack,1.0,0.9516461158763179,0.18713971750816166,0.6939393588977082,0.9516461158763179,0.18713971750816166,0.6939393588977082,1.1387858333844796,1.645585474774026,0.8810790764058698,1.8327251922821879,3.4754691631665198,1.482135979579511,3.8840614295786082,3.4754691631665198,1.482135979579511,3.8840614295786082,4.957605142746031,7.359530592745128,5.3661974091581195,8.84166657232464
10,250,Sybil Attack,1.0,0.9942555087426163,0.18629663204865574,0.6607642094668954,0.9942555087426163,0.18629663204865574,0.6607642094668954,1.180552140791272,1.6550197182095117,0.8470608415155512,1.8413163502581673,3.732461015604122,1.46591887175698,3.587325860371993,3.732461015604122,1.46591887175698,3.587325860371993,5.198379887361102,7.319786875976115,5.053244732128973,8.785705747733095
11,275,Sybil Attack,1.0,1.0109645300748291,0.18771670512227043,0.7025358475123961,1.0109645300748291,0.18771670512227043,0.7025358475123961,1.1986812351970995,1.7135003775872253,0.8902525526346665,1.9012170827094956,3.833238850154803,1.4932345820340598,3.9609528373348115,3.833238850154803,1.4932345820340598,3.9609528373348115,5.3264734321888625,7.794191687489615,5.454187419368871,9.287426269523674
12,300,Sybil Attack,1.0,0.9984822312234631,0.14613168240806884,0.6256850988249655,0.9984822312234631,0.14613168240806884,0.6256850988249655,1.1446139136315319,1.6241673300484285,0.7718167812330343,1.7702990124564972,3.7579538275646427,0.6933289620820492,3.2735602845664196,3.7579538275646427,0.6933289620820492,3.2735602845664196,4.451282789646692,7.031514112131062,3.966889246648469,7.724843074213112
13,325,Sybil Attack,1.0,0.9365781844843243,0.1864007928711919,0.6881980019829526,0.9365781844843243,0.1864007928711919,0.6881980019829526,1.122978977355516,1.624776186467277,0.8745987948541445,1.8111769793384687,3.3845893045169984,1.467922449533001,3.8327077856207605,3.3845893045169984,1.467922449533001,3.8327077856207605,4.852511754049999,7.217297090137759,5.300630235153761,8.68521953967076
14,350,Sybil Attack,1.0,0.7837412573063366,0.15310220615592154,0.6546950395541515,0.7837412573063366,0.15310220615592154,0.6546950395541515,0.9368434634622581,1.438436296860488,0.807797245710073,1.5915385030164098,2.4627774129561475,0.8274099546123759,3.5330400886552566,2.4627774129561475,0.8274099546123759,3.5330400886552566,3.2901873675685236,5.995817501611404,4.360450043267632,6.82322745622378
15,375,Sybil Attack,1.0,0.9936957053579847,0.1803282683929701,0.6566227400165672,0.9936957053579847,0.1803282683929701,0.6566227400165672,1.1740239737509548,1.6503184453745519,0.8369510084095373,1.830646713767522,3.7290846495228513,1.351114855346767,3.550282431305972,3.7290846495228513,1.351114855346767,3.550282431305972,5.0801995048696185,7.279367080828823,4.901397286652739,8.63048193617559
16,400,Sybil Attack,1.0,0.8951145977639207,0.18505881774217375,0.6762718749889332,0.8951145977639207,0.18505881774217375,0.6762718749889332,1.0801734155060945,1.5713864727528537,0.8613306927311069,1.7564452904950276,3.1345082016620496,1.4421089864764844,3.7260343827056914,3.1345082016620496,1.4421089864764844,3.7260343827056914,4.576617188138534,6.860542584367741,5.168143369182176,8.302651570844226
17,425,Sybil Attack,1.0,1.034311110429237,0.17879243030080444,0.6524598984409173,1.034311110429237,0.17879243030080444,0.6524598984409173,1.2131035407300415,1.6867710088701544,0.8312523287417217,1.8655634391709588,3.9740500781436485,1.3215723556419363,3.513047838978255,3.9740500781436485,1.3215723556419363,3.513047838978255,5.295622433785585,7.487097917121904,4.834620194620191,8.808670272763841
18,450,Sybil Attack,1.0,1.0243297878121715,0.17645870159273955,0.6608580635798594,1.0243297878121715,0.17645870159273955,0.6608580635798594,1.200788489404911,1.685187851392031,0.837316765172599,1.8616465529847703,3.913849300414054,1.2766820901765543,3.5881653397446738,3.913849300414054,1.2766820901765543,3.5881653397446738,5.190531390590609,7.502014640158728,4.8648474299212285,8.778696730335282
19,475,Sybil Attack,1.0,0.9013694888505873,0.17282436213090824,0.7001720828856652,0.9013694888505873,0.17282436213090824,0.7001720828856652,1.0741938509814957,1.6015415717362527,0.8729964450165735,1.774365933867161,3.1722335936243775,1.2067740230267094,3.9398101129155516,3.1722335936243775,1.2067740230267094,3.9398101129155516,4.379007616651087,7.112043706539929,5.146584135942261,8.31881772956664
20,500,Sybil Attack,1.0,1.0197721292755573,0.13867617265664298,0.586913385706148,1.0197721292755573,0.13867617265664298,0.586913385706148,1.1584483019322003,1.6066855149817054,0.725589558362791,1.7453616876383484,3.8863604996752623,0.5499190572526376,2.926766176361373,3.8863604996752623,0.5499190572526376,2.926766176361373,4.4362795569279,6.813126676036635,3.4766852336140106,7.3630457332892725
21,525,Sybil Attack,1.0,1.0088438153408856,0.1748640539240841,0.6615392856187404,1.0088438153408856,0.1748640539240841,0.6615392856187404,1.1837078692649698,1.6703831009596262,0.8364033395428245,1.8452471548837104,3.8204480927347664,1.2460083632252101,3.5942585394116415,3.8204480927347664,1.2460083632252101,3.5942585394116415,5.066456455959976,7.414706632146408,4.840266902636852,8.660714995371617
22,550,Sybil Attack,1.0,0.8346203983379007,0.1528870305625694,0.6707264164516706,0.8346203983379007,0.1528870305625694,0.6707264164516706,0.98750742890047,1.5053468147895712,0.82361344701424,1.6582338453521408,2.7696469509747863,0.8232709604465721,3.6764329544137686,2.7696469509747863,0.8232709604465721,3.6764329544137686,3.5929179114213583,6.4460799053885545,4.499703914860341,7.269350865835127
23,575,Sybil Attack,1.0,0.9858727641303042,0.18236010060292843,0.6662718433954281,0.9858727641303042,0.18236010060292843,0.6662718433954281,1.1682328647332327,1.6521446075257322,0.8486319439983565,1.834504708128661,3.6819018097222345,1.3901980131152525,3.6365889659436257,3.6819018097222345,1.3901980131152525,3.6365889659436257,5.072099822837487,7.31849077566586,5.026786979058878,8.708688788781112
24,600,Sybil Attack,1.0,0.974261177183555,0.1752714874015383,0.6677005625133432,0.974261177183555,0.1752714874015383,0.6677005625133432,1.1495326645850934,1.6419617396968982,0.8429720499148815,1.8172332270984366,3.61186834905902,1.2538455196604021,3.6493681632634467,3.61186834905902,1.2538455196604021,3.6493681632634467,4.865713868719422,7.261236512322467,4.903213682923849,8.51508203198287
25,625,Sybil Attack,1.0,0.9459425818876499,0.1792331081917453,0.6584490664210911,0.9459425818876499,0.1792331081917453,0.6584490664210911,1.1251756900793952,1.604391648308741,0.8376821746128364,1.7836247565004864,3.4410691948358765,1.330048982526928,3.566618032335704,3.4410691948358765,1.330048982526928,3.566618032335704,4.771118177362805,7.00768722717158,4.896667014862632,8.337736209698509
26,650,Sybil Attack,1.0,0.9444285638864762,0.18768170028225153,0.7032283102466693,0.9444285638864762,0.18768170028225153,0.7032283102466693,1.1321102641687277,1.6476568741331454,0.8909100105289208,1.8353385744153972,3.431937633352088,1.4925612490302744,3.967146579552536,3.431937633352088,1.4925612490302744,3.967146579552536,4.9244988823823626,7.399084212904624,5.45970782858281,8.891645461934898
27,675,Sybil Attack,1.0,0.9714561523573508,0.13763268578935736,0.6562695308530992,0.9714561523573508,0.13763268578935736,0.6562695308530992,1.1090888381467081,1.62772568321045,0.7939022166424566,1.7653583689998074,3.5949502829302293,0.5298471430150429,3.5471231472042013,3.5949502829302293,0.5298471430150429,3.5471231472042013,4.124797425945272,7.142073430134431,4.076970290219244,7.671920573149473
28,700,Sybil Attack,1.0,0.8704180671854225,0.166926506576639,0.6392647264478248,0.8704180671854225,0.166926506576639,0.6392647264478248,1.0373445737620615,1.5096827936332473,0.8061912330244638,1.6766093002098863,2.985554961186049,1.093326259971526,3.3950234460417508,2.985554961186049,1.093326259971526,3.3950234460417508,4.078881221157575,6.3805784072278,4.488349706013277,7.473904667199326
29,725,Sybil Attack,1.0,0.856033987401182,0.10893507301690099,0.6233806634985029,0.856033987401182,0.10893507301690099,0.6233806634985029,0.964969060418083,1.4794146508996848,0.7323157365154038,1.5883497239165858,2.8987996459680745,-0.022163658894535636,3.252948231869451,2.8987996459680745,-0.022163658894535636,3.252948231869451,2.8766359870735387,6.151747877837526,3.2307845729749154,6.129584218942989
30,750,Sybil Attack,1.0,0.9711581445519238,0.17956694256426406,0.6672875453580975,0.9711581445519238,0.17956694256426406,0.6672875453580975,1.1507250871161878,1.6384456899100215,0.8468544879223616,1.8180126324742854,3.593152895715681,1.3364704288381672,3.6456739257767548,3.593152895715681,1.3364704288381672,3.6456739257767548,4.929623324553848,7.238826821492436,4.982144354614922,8.575297250330603
31,775,Sybil Attack,1.0,0.9698995273349954,0.17710974402266844,0.6771364614612745,0.9698995273349954,0.17710974402266844,0.6771364614612745,1.1470092713576638,1.64703598879627,0.8542462054839429,1.8241457328189383,3.5855617438984453,1.2892051685479768,3.733767688008011,3.5855617438984453,1.2892051685479768,3.733767688008011,4.874766912446422,7.319329431906456,5.022972856555988,8.608534600454433
32,800,Sybil Attack,1.0,0.9390743233635211,0.17930494112758402,0.6688151304984571,0.9390743233635211,0.17930494112758402,0.6688151304984571,1.1183792644911053,1.6078894538619783,0.8481200716260411,1.7871943949895623,3.399644373630966,1.331430719636222,3.659337431560851,3.399644373630966,1.331430719636222,3.659337431560851,4.731075093267188,7.0589818051918165,4.990768151197073,8.39041252482804
33,825,Sybil Attack,1.0,0.8905595832828058,0.1610126343047443,0.6548576658407366,0.8905595832828058,0.1610126343047443,0.6548576658407366,1.0515722175875502,1.5454172491235423,0.8158703001454809,1.7064298834282867,3.1070353481282065,0.9795704085324596,3.534494701657631,3.1070353481282065,0.9795704085324596,3.534494701657631,4.086605756660666,6.641530049785837,4.51406511019009,7.621100458318297
34,850,Sybil Attack,1.0,0.877995433450617,0.13234611904815502,0.6239824049929998,0.877995433450617,0.13234611904815502,0.6239824049929998,1.010341552498772,1.5019778384436169,0.7563285240411548,1.6343239574917718,3.0312566542188724,0.42815778058276055,3.2583305167407577,3.0312566542188724,0.42815778058276055,3.2583305167407577,3.4594144348016327,6.28958717095963,3.6864882973235185,6.71774495154239
35,875,Sybil Attack,1.0,0.7834307284329166,0.1290909834252263,0.6161545677087573,0.7834307284329166,0.1290909834252263,0.6161545677087573,0.9125217118581429,1.399585296141674,0.7452455511339836,1.5286762795669002,2.4609045068890283,0.365543860749612,3.18831432112299,2.4609045068890283,0.365543860749612,3.18831432112299,2.8264483676386405,5.649218828012018,3.5538581818726023,6.01476268876163
36,900,Sybil Attack,1.0,0.8742407985005026,0.11460983322371728,0.6993096153095136,0.8742407985005026,0.11460983322371728,0.6993096153095136,0.9888506317242199,1.5735504138100163,0.813919448533231,1.6881602470337336,3.008611163960783,0.08699277015226607,3.932095760108631,3.008611163960783,0.08699277015226607,3.932095760108631,3.095603934113049,6.9407069240694135,4.019088530260897,7.027699694221679
37,925,Sybil Attack,1.0,0.9663904402079568,0.1762091934979289,0.6632308095111509,0.9663904402079568,0.1762091934979289,0.6632308095111509,1.1425996337058857,1.6296212497191078,0.8394400030090798,1.8058304432170367,3.5643972367210655,1.2718826957254747,3.609388397563081,3.5643972367210655,1.2718826957254747,3.609388397563081,4.836279932446541,7.173785634284147,4.8812710932885555,8.445668330009621
38,950,Sybil Attack,1.0,0.9540645257960186,0.17301613547577105,0.6697955992008359,0.9540645257960186,0.17301613547577105,0.6697955992008359,1.1270806612717896,1.6238601249968545,0.8428117346766069,1.7968762604726254,3.4900554222847284,1.2104628649775007,3.668107247024573,3.4900554222847284,1.2104628649775007,3.668107247024573,4.700518287262229,7.158162669309301,4.878570112002073,8.368625534286801
39,975,Sybil Attack,1.0,0.9263176066544268,0.16453308574966907,0.6543404040136522,0.9263176066544268,0.16453308574966907,0.6543404040136522,1.090850692404096,1.580658010668079,0.8188734897633213,1.7451910964177482,3.322704242886111,1.047287791180463,3.5298680463049905,3.322704242886111,1.047287791180463,3.5298680463049905,4.369992034066574,6.852572289191102,4.577155837485454,7.899860080371565
40,1000,Sybil Attack,1.0,0.8907177633311727,0.18743565718964741,0.7052293191080861,0.8907177633311727,0.18743565718964741,0.7052293191080861,1.07815342052082,1.5959470824392588,0.8926649762977334,1.7833827396289061,3.1079893862149737,1.4878285053721305,3.9850446301617213,3.1079893862149737,1.4878285053721305,3.9850446301617213,4.595817891587104,7.093034016376695,5.472873135533852,8.580862521748825
41,1025,Sybil Attack,1.0,0.9910869629244413,0.171004562888595,0.6997823868412074,0.9910869629244413,0.171004562888595,0.6997823868412074,1.1620915258130364,1.6908693497656486,0.8707869497298024,1.8618739126542438,3.7133504297785667,1.1717694096803364,3.936324471417209,3.7133504297785667,1.1717694096803364,3.936324471417209,4.885119839458903,7.649674901195776,5.108093881097545,8.821444310876112
42,1050,Sybil Attack,1.0,0.8371373976812527,0.12189482718564477,0.6223878211143781,0.8371373976812527,0.12189482718564477,0.6223878211143781,0.9590322248668975,1.4595252187956307,0.7442826483000229,1.5814200459812757,2.784827836697847,0.22712273116037207,3.24406773984333,2.784827836697847,0.22712273116037207,3.24406773984333,3.011950567858219,6.028895576541177,3.471190471003702,6.256018307701549
43,1075,Sybil Attack,1.0,0.8210962603777296,0.09891370490974233,0.6714422003528872,0.8210962603777296,0.09891370490974233,0.6714422003528872,0.920009965287472,1.492538460730617,0.7703559052626294,1.591452165640359,2.6880782396366096,-0.21492894180939823,3.6828352931221255,2.6880782396366096,-0.21492894180939823,3.6828352931221255,2.4731492978272116,6.370913532758735,3.4679063513127275,6.155984590949338
44,1100,Sybil Attack,1.0,0.8857180886755742,0.12675788522577558,0.6686224374808118,0.8857180886755742,0.12675788522577558,0.6686224374808118,1.0124759739013498,1.554340526156386,0.7953803227065874,1.6810984113821617,3.0778346347647636,0.32066572338591154,3.6576138862790923,3.0778346347647636,0.32066572338591154,3.6576138862790923,3.398500358150675,6.735448521043856,3.978279609665004,7.056114244429768
45,1125,Sybil Attack,1.0,0.9508849322011784,0.16978270797513434,0.675195948012929,0.9508849322011784,0.16978270797513434,0.675195948012929,1.1206676401763127,1.6260808802141073,0.8449786559880634,1.7958635881892417,3.4708782035315595,1.1482665101205536,3.71641073943273,3.4708782035315595,1.1482665101205536,3.71641073943273,4.619144713652113,7.187288942964289,4.864677249553283,8.335555453084844
46,1150,Sybil Attack,1.0,0.9081719488469264,0.16591375709343226,0.6766228948903584,0.9081719488469264,0.16591375709343226,0.6766228948903584,1.0740857059403588,1.584794843737285,0.8425366519837907,1.750708600830717,3.2132615613562194,1.0738455924055108,3.729174084923748,3.2132615613562194,1.0738455924055108,3.729174084923748,4.28710715376173,6.942435646279968,4.803019677329258,8.016281238685478
47,1175,Sybil Attack,1.0,0.9973106049058987,0.1873736065380107,0.7069471352906748,0.9973106049058987,0.1873736065380107,0.7069471352906748,1.1846842114439093,1.7042577401965735,0.8943207418286855,1.891631346734584,3.7508873476769726,1.4866349346650272,4.000409660055433,3.7508873476769726,1.4866349346650272,4.000409660055433,5.237522282342,7.751297007732406,5.4870445947204605,9.237931942397433
48,1200,Sybil Attack,1.0,0.9915434844532629,0.17207441842631946,0.7008333534216934,0.9915434844532629,0.17207441842631946,0.7008333534216934,1.1636179028795823,1.6923768378749564,0.8729077718480128,1.8644512563012756,3.716103867588339,1.1923485365223259,3.945724856097556,3.716103867588339,1.1923485365223259,3.945724856097556,4.9084524041106645,7.661828723685895,5.138073392619882,8.854177260208221
49,1225,Sybil Attack,1.0,0.8642256606893325,0.11469427211834006,0.5945577967853037,0.8642256606893325,0.11469427211834006,0.5945577967853037,0.9789199328076725,1.4587834574746363,0.7092520689036438,1.5734777295929763,2.9482064352056305,0.08861698824673483,2.9951417138266474,2.9482064352056305,0.08861698824673483,2.9951417138266474,3.0368234234523652,5.943348149032278,3.083758702073382,6.031965137279013
50,1250,Sybil Attack,1.0,0.8960456772294406,0.1677124596637061,0.6720996191789973,0.8960456772294406,0.1677124596637061,0.6720996191789973,1.0637581368931468,1.568145296408438,0.8398120788427034,1.7358577560721442,3.1401238610393474,1.108444402281664,3.688715584633089,3.1401238610393474,1.108444402281664,3.688715584633089,4.248568263321012,6.828839445672436,4.797159986914753,7.937283847954101
51,1275,Sybil Attack,1.0,0.8079961905033826,0.10954816936914172,0.6639254986888001,0.8079961905033826,0.10954816936914172,0.6639254986888001,0.9175443598725243,1.4719216891921827,0.7734736680579418,1.5814698585613245,2.609067228270304,-0.010370489485926516,3.615602054233455,2.609067228270304,-0.010370489485926516,3.615602054233455,2.5986967387843776,6.2246692825037595,3.6052315647475286,6.214298793017832
52,1300,Sybil Attack,1.0,0.9241852555620654,0.17085310260025938,0.6800760068986594,0.9241852555620654,0.17085310260025938,0.6800760068986594,1.0950383581623249,1.6042612624607249,0.8509291094989189,1.7751143650609844,3.3098433026001794,1.1688560065382516,3.760060491613621,3.3098433026001794,1.1688560065382516,3.760060491613621,4.478699309138431,7.0699037942138006,4.928916498151873,8.238759800752053
53,1325,Sybil Attack,1.0,0.942380094909388,0.1626506300881284,0.6754062512719791,0.942380094909388,0.1626506300881284,0.6754062512719791,1.1050307249975164,1.617786346181367,0.8380568813601075,1.7804369762694954,3.419582614853356,1.0110779549294269,3.718291799755016,3.419582614853356,1.0110779549294269,3.718291799755016,4.430660569782782,7.137874414608372,4.729369754684443,8.148952369537799
54,1350,Sybil Attack,1.0,1.0157532801338502,0.15217057653819135,0.6531861006421492,1.0157532801338502,0.15217057653819135,0.6531861006421492,1.1679238566720416,1.6689393807759996,0.8053566771803405,1.821109957314191,3.8621214430701767,0.8094896622018676,3.519543364310885,3.8621214430701767,0.8094896622018676,3.519543364310885,4.671611105272044,7.381664807381062,4.329033026512753,8.19115446958293
55,1375,Sybil Attack,1.0,0.9300577095483052,0.1537333864188249,0.6590831643743943,0.9300577095483052,0.1537333864188249,0.6590831643743943,1.0837910959671302,1.5891408739226995,0.8128165507932192,1.7428742603415244,3.3452620853322848,0.839550975743206,3.5722897299869403,3.3452620853322848,0.839550975743206,3.5722897299869403,4.184813061075491,6.917551815319225,4.411840705730146,7.757102791062431
56,1400,Sybil Attack,1.0,0.9382283793531132,0.1750251765835169,0.7006049226894097,0.9382283793531132,0.1750251765835169,0.7006049226894097,1.1132535559366301,1.638833302042523,0.8756300992729266,1.8138584786260399,3.3945421953630097,1.249107626189852,3.9436816543477082,3.3945421953630097,1.249107626189852,3.9436816543477082,4.643649821552861,7.338223849710718,5.192789280537561,8.58733147590057
57,1425,Sybil Attack,1.0,0.9114244492327128,0.12227926167927661,0.5963950183701396,0.9114244492327128,0.12227926167927661,0.5963950183701396,1.0337037109119893,1.5078194676028525,0.7186742800494162,1.630098729282129,3.2328785059538596,0.234517492348142,3.011574766942864,3.2328785059538596,0.234517492348142,3.011574766942864,3.4673959983020017,6.244453272896724,3.246092259291006,6.478970765244865
58,1450,Sybil Attack,1.0,0.9095839882916057,0.16612357424259222,0.6746844341441884,0.9095839882916057,0.16612357424259222,0.6746844341441884,1.0757075625341979,1.5842684224357941,0.8408080083867806,1.7503919966783863,3.221778055213378,1.0778815146155052,3.7118354967706173,3.221778055213378,1.0778815146155052,3.7118354967706173,4.299659569828883,6.933613551983996,4.789717011386123,8.011495066599501
59,1475,Sybil Attack,1.0,0.7803949783022656,0.10963438609638151,0.665379063661135,0.7803949783022656,0.10963438609638151,0.665379063661135,0.8900293643986471,1.4457740419634004,0.7750134497575165,1.5554084280597822,2.44259485736969,-0.008712074024019592,3.6286034856314995,2.44259485736969,-0.008712074024019592,3.6286034856314995,2.4338827833456707,6.071198343001189,3.61989141160748,6.06248626897717
60,1500,Sybil Attack,1.0,0.9583919535271844,0.1627663648946489,0.662431081814325,0.9583919535271844,0.1627663648946489,0.662431081814325,1.1211583184218332,1.6208230353415094,0.8251974467089739,1.783589400236158,3.516155622125918,1.0133041632159066,3.6022352224485923,3.516155622125918,1.0133041632159066,3.6022352224485923,4.529459785341825,7.11839084457451,4.615539385664499,8.131695007790416
61,1525,Sybil Attack,1.0,0.9303012495590481,0.15522961943037517,0.6735485187080251,0.9303012495590481,0.15522961943037517,0.6735485187080251,1.0855308689894234,1.6038497682670734,0.8287781381384003,1.7590793876974486,3.346730958608651,0.8683316548574693,3.7016752859108752,3.346730958608651,0.8683316548574693,3.7016752859108752,4.21506261346612,7.048406244519526,4.570006940768344,7.9167378993769955
62,1550,Sybil Attack,1.0,1.0121187647907202,0.1466215943890057,0.6541664994639665,1.0121187647907202,0.1466215943890057,0.6541664994639665,1.1587403591797258,1.6662852642546868,0.8007880938529722,1.8129068586436925,3.8402004353319352,0.7027526276533413,3.528312554726988,3.8402004353319352,0.7027526276533413,3.528312554726988,4.542953062985276,7.368512990058923,4.23106518238033,8.071265617712264
63,1575,Sybil Attack,1.0,0.8841502535788525,0.15407913660555814,0.6545027684548169,0.8841502535788525,0.15407913660555814,0.6545027684548169,1.0382293901844106,1.5386530220336694,0.8085819050603751,1.6927321586392274,3.0683784839323045,0.8462016278149417,3.531320317227489,3.0683784839323045,0.8462016278149417,3.531320317227489,3.914580111747246,6.599698801159794,4.377521945042431,7.445900428974735
64,1600,Sybil Attack,1.0,0.813374591685857,0.11996724105270762,0.5947170867192266,0.813374591685857,0.11996724105270762,0.5947170867192266,0.9333418327385646,1.4080916784050836,0.7146843277719342,1.5280589194577914,2.641506209209879,0.1900447910742307,2.9965664847778704,2.641506209209879,0.1900447910742307,2.9965664847778704,2.8315510002841098,5.638072693987749,3.1866112758521012,5.828117485061981
65,1625,Sybil Attack,1.0,0.9657165492820357,0.1460166563032441,0.6592596768664608,0.9657165492820357,0.1460166563032441,0.6592596768664608,1.1117332055852798,1.6249762261484966,0.8052763331697049,1.7709928824517407,3.560332769575598,0.6911163859744718,3.57386854834056,3.560332769575598,0.6911163859744718,3.57386854834056,4.25144915555007,7.134201317916158,4.264984934315032,7.825317703890629
66,1650,Sybil Attack,1.0,0.6482798063067737,0.08379290381314784,0.6733948846473782,0.6482798063067737,0.08379290381314784,0.6733948846473782,0.7320727101199216,1.321674690954152,0.757187788460526,1.4054675947672997,1.6457629735460566,-0.5057839897546252,3.700301103994056,1.6457629735460566,-0.5057839897546252,3.700301103994056,1.1399789837914314,5.346064077540113,3.1945171142394306,4.840280087785487
67,1675,Sybil Attack,1.0,0.9293519073718512,0.14019716664006462,0.6651463015343823,0.9293519073718512,0.14019716664006462,0.6651463015343823,1.0695490740119158,1.5944982089062334,0.8053434681744469,1.734695375546298,3.3410051504975042,0.5791760242047483,3.6265215416657077,3.3410051504975042,0.5791760242047483,3.6265215416657077,3.9201811747022526,6.9675266921632115,4.205697565870456,7.54670271636796
68,1700,Sybil Attack,1.0,0.9219053107710495,0.15229856447054482,0.6649503174664425,0.9219053107710495,0.15229856447054482,0.6649503174664425,1.0742038752415943,1.5868556282374922,0.8172488819369873,1.7391541927080367,3.29609217413099,0.8119515645814619,3.624768559540433,3.29609217413099,0.8119515645814619,3.624768559540433,4.1080437387124515,6.920860733671423,4.436720124121895,7.732812298252885
69,1725,Sybil Attack,1.0,1.029143569572423,0.15002879439833852,0.6552491926751959,1.029143569572423,0.15002879439833852,0.6552491926751959,1.1791723639707614,1.6843927622476187,0.8052779870735344,1.8344215566459572,3.942882868098981,0.7682915707121629,3.5379967186817063,3.942882868098981,0.7682915707121629,3.5379967186817063,4.711174438811144,7.480879586780688,4.306288289393869,8.24917115749285
70,1750,Sybil Attack,1.0,0.9725898773117151,0.15608997104969052,0.6587239970124393,0.9725898773117151,0.15608997104969052,0.6587239970124393,1.1286798483614056,1.6313138743241544,0.8148139680621298,1.787403845373845,3.601788166706021,0.8848808846163397,3.569077152698859,3.601788166706021,0.8848808846163397,3.569077152698859,4.486669051322361,7.17086531940488,4.453958037315199,8.055746204021219
71,1775,Sybil Attack,1.0,1.0781671002141204,0.18285130969658592,0.7044428692285163,1.0781671002141204,0.18285130969658592,0.7044428692285163,1.2610184099107062,1.7826099694426367,0.8872941789251022,1.9654612791392225,4.238560583859306,1.399646629202072,3.9780102186618334,4.238560583859306,1.399646629202072,3.9780102186618334,5.638207213061378,8.21657080252114,5.377656847863905,9.61621743172321
72,1800,Sybil Attack,1.0,0.9843798832267537,0.16148641498586136,0.697552727061221,0.9843798832267537,0.16148641498586136,0.697552727061221,1.145866298212615,1.6819326102879746,0.8590391420470823,1.843419025273836,3.672897733318799,0.9886837816825673,3.9163812495989867,3.672897733318799,0.9886837816825673,3.9163812495989867,4.661581515001366,7.589278982917786,4.905065031281554,8.577962764600352
73,1825,Sybil Attack,1.0,0.846387880938295,0.1519459746660851,0.6631262163090632,0.846387880938295,0.1519459746660851,0.6631262163090632,0.99833385560438,1.5095140972473582,0.8150721909751483,1.6614600719134431,2.840620671757241,0.8051693495502602,3.608452862263644,2.840620671757241,0.8051693495502602,3.608452862263644,3.645790021307501,6.449073534020885,4.413622211813904,7.254242883571145
74,1850,Sybil Attack,1.0,0.6682520036670032,0.08954039090658816,0.6667112840872584,0.6682520036670032,0.08954039090658816,0.6667112840872584,0.7577923945735914,1.3349632877542617,0.7562516749938466,1.4245036786608498,1.7662221411516674,-0.39522862807450526,3.6405195491078333,1.7662221411516674,-0.39522862807450526,3.6405195491078333,1.3709935130771622,5.4067416902595005,3.245290921033328,5.011513062184996
75,1875,Sybil Attack,1.0,0.9848440713309938,0.1877880534928194,0.6365638549392938,0.9848440713309938,0.1877880534928194,0.6365638549392938,1.1726321248238132,1.6214079262702876,0.8243519084321131,1.809195979763107,3.6756974108725835,1.4946069983236645,3.3708654645951466,3.6756974108725835,1.4946069983236645,3.3708654645951466,5.170304409196248,7.04656287546773,4.865472462918811,8.541169873791395
76,1900,Sybil Attack,1.0,0.9166114114103793,0.18782591791255107,0.6601134835578883,0.9166114114103793,0.18782591791255107,0.6601134835578883,1.1044373293229304,1.5767248949682675,0.8479394014704394,1.7645508128808187,3.264162852641104,1.4953353365609126,3.58150543374786,3.264162852641104,1.4953353365609126,3.58150543374786,4.7594981892020165,6.845668286388964,5.076840770308772,8.341003622949877
77,1925,Sybil Attack,1.0,1.0381827588570807,0.18767792505958517,0.6770354531364206,1.0381827588570807,0.18767792505958517,0.6770354531364206,1.225860683916666,1.715218211993501,0.8647133781960057,1.9028961370530864,3.997401316791445,1.4924886310146934,3.7328642176910902,3.997401316791445,1.4924886310146934,3.7328642176910902,5.489889947806138,7.730265534482536,5.225352848705784,9.222754165497228
78,1950,Sybil Attack,1.0,0.94833245477201,0.18788749033537355,0.6518309912290254,0.94833245477201,0.18788749033537355,0.6518309912290254,1.1362199451073836,1.6001634460010354,0.839718481564399,1.788050936336409,3.4554833373130833,1.496519708333131,3.507422569983217,3.4554833373130833,1.496519708333131,3.507422569983217,4.952003045646214,6.9629059072963,5.003942278316348,8.459425615629431
79,1975,Sybil Attack,1.0,0.9709189205110976,0.1878399894296871,0.6810460394062965,0.9709189205110976,0.1878399894296871,0.6810460394062965,1.1587589099407847,1.651964959917394,0.8688860288359836,1.8398049493470812,3.59171005353315,1.4956060081850624,3.7687369603934497,3.59171005353315,1.4956060081850624,3.7687369603934497,5.087316061718212,7.360447013926599,5.264342968578513,8.856053022111663
80,2000,Sybil Attack,1.0,0.9887283498491821,0.17601721122106953,0.5487565453776306,0.9887283498491821,0.17601721122106953,0.5487565453776306,1.1647455610702517,1.5374848952268128,0.7247737565987001,1.7135021064478824,3.699124825924121,1.2681898348787606,2.5854718060791306,3.699124825924121,1.2681898348787606,2.5854718060791306,4.967314660802882,6.284596632003252,3.853661640957891,7.552786466882012
81,2025,Sybil Attack,1.0,0.8761412724091877,0.15731768809563523,0.668954070612961,0.8761412724091877,0.15731768809563523,0.668954070612961,1.033458960504823,1.5450953430221488,0.8262717587085961,1.7024130311177839,3.0200735734777373,0.9084965447907101,3.6605801832792393,3.0200735734777373,0.9084965447907101,3.6605801832792393,3.928570118268447,6.680653756756977,4.569076728069949,7.589150301547686
82,2050,Sybil Attack,1.0,0.975827245243698,0.15327304836042768,0.6645487058331074,0.975827245243698,0.15327304836042768,0.6645487058331074,1.1291002936041257,1.6403759510768054,0.8178217541935351,1.793648999437233,3.6213138422882336,0.8306961771653524,3.6211763388975022,3.6213138422882336,0.8306961771653524,3.6211763388975022,4.452010019453586,7.242490181185736,4.4518725160628545,8.073186358351087
83,2075,Sybil Attack,1.0,1.0061768402643645,0.18254280511287013,0.706819599250944,1.0061768402643645,0.18254280511287013,0.706819599250944,1.1887196453772346,1.7129964395153086,0.8893624043638141,1.8955392446281785,3.8043626519618665,1.3937124121645774,3.9992689122368645,3.8043626519618665,1.3937124121645774,3.9992689122368645,5.198075064126444,7.8036315641987315,5.3929813244014415,9.197343976363308
84,2100,Sybil Attack,1.0,1.005811533526963,0.14542423608534435,0.6550486357026539,1.005811533526963,0.14542423608534435,0.6550486357026539,1.1512357696123074,1.660860169229617,0.8004728717879983,1.8062844053149614,3.8021593618223584,0.6797209308143772,3.536202834149861,3.8021593618223584,0.6797209308143772,3.536202834149861,4.481880292636736,7.33836219597222,4.215923764964238,8.018083126786596
85,2125,Sybil Attack,1.0,0.8573289606354191,0.1480195212422015,0.6557468962459712,0.8573289606354191,0.1480195212422015,0.6557468962459712,1.0053484818776206,1.5130758568813902,0.8037664174881727,1.6610953781235918,2.90661007338646,0.729642345950195,3.5424484349483705,2.90661007338646,0.729642345950195,3.5424484349483705,3.636252419336655,6.449058508334831,4.272090780898566,7.178700854285026
86,2150,Sybil Attack,1.0,0.9222319538804463,0.18612837947889363,0.713054650295838,0.9222319538804463,0.18612837947889363,0.713054650295838,1.10836033335934,1.6352866041762844,0.8991830297747316,1.821414983655178,3.298062270678323,1.4626824619310423,4.055038409965804,3.298062270678323,1.4626824619310423,4.055038409965804,4.760744732609366,7.353100680644127,5.517720871896847,8.815783142575171
87,2175,Sybil Attack,1.0,0.9860612805885699,0.13526162119379567,0.6566630913154661,0.9860612805885699,0.13526162119379567,0.6566630913154661,1.1213229017823656,1.6427243719040359,0.7919247125092618,1.7779859930978317,3.6830388170946864,0.48423870585501405,3.550643354040381,3.6830388170946864,0.48423870585501405,3.550643354040381,4.167277522949701,7.233682171135067,4.034882059895395,7.717920876990082
88,2200,Sybil Attack,1.0,0.9348948865900422,0.14632953317976216,0.6750222449123763,0.9348948865900422,0.14632953317976216,0.6750222449123763,1.0812244197698044,1.6099171315024186,0.8213517780921384,1.7562466646821808,3.374436757978415,0.6971347059258606,3.7148570497191997,3.374436757978415,0.6971347059258606,3.7148570497191997,4.0715714639042755,7.089293807697615,4.41199175564506,7.786428513623475
89,2225,Sybil Attack,1.0,0.9437130019311755,0.11675982903529064,0.6787247528063277,0.9437130019311755,0.11675982903529064,0.6787247528063277,1.0604728309664662,1.6224377547375033,0.7954845818416183,1.739197583772794,3.427621833945989,0.12834885511512212,3.7479741812545058,3.427621833945989,0.12834885511512212,3.7479741812545058,3.555970689061111,7.175596015200495,3.876323036369628,7.3039448703156165
90,2250,Sybil Attack,1.0,0.755364939884921,0.06837076463816004,0.6815394662416826,0.755364939884921,0.06837076463816004,0.6815394662416826,0.8237357045230811,1.4369044061266036,0.7499102308798427,1.5052751707647638,2.29163011681021,-0.8024354039557743,3.773150423343043,2.29163011681021,-0.8024354039557743,3.773150423343043,1.4891947128544358,6.064780540153253,2.970715019387269,5.262345136197479
91,2275,Sybil Attack,1.0,0.9549774461439889,0.14798406849250792,0.6724036104787947,0.9549774461439889,0.14798406849250792,0.6724036104787947,1.1029615146364968,1.6273810566227835,0.8203876789713026,1.7753651251152915,3.495561557800178,0.7289603972130848,3.6914346388928854,3.495561557800178,0.7289603972130848,3.6914346388928854,4.224521955013262,7.186996196693063,4.42039503610597,7.915956593906148
92,2300,Sybil Attack,1.0,0.9400815705355388,0.13503440075122225,0.6640751820701256,0.9400815705355388,0.13503440075122225,0.6640751820701256,1.075115971286761,1.6041567526056644,0.7991095828213479,1.7391911533568867,3.405719426552081,0.4798680238854117,3.616940899246076,3.405719426552081,0.4798680238854117,3.616940899246076,3.8855874504374928,7.022660325798157,4.096808923131488,7.502528349683569
93,2325,Sybil Attack,1.0,0.94783974831811,0.14720186822883044,0.6536394750739126,0.94783974831811,0.14720186822883044,0.6536394750739126,1.0950416165469405,1.6014792233920225,0.800841343302743,1.748681091620853,3.452511655818042,0.7139144420589018,3.523598577998878,3.452511655818042,0.7139144420589018,3.523598577998878,4.166426097876943,6.97611023381692,4.237513020057779,7.690024675875821
94,2350,Sybil Attack,1.0,0.9652329489373352,0.18440605635567212,0.6999354187828756,0.9652329489373352,0.18440605635567212,0.6999354187828756,1.1496390052930074,1.6651683677202107,0.8843414751385477,1.849574424075883,3.5574160101461927,1.4295528432434061,3.9376932676727434,3.5574160101461927,1.4295528432434061,3.9376932676727434,4.986968853389599,7.495109277818936,5.36724611091615,8.924662121062342
95,2375,Sybil Attack,1.0,0.9517645744625474,0.13497194274839158,0.6627146017327675,0.9517645744625474,0.13497194274839158,0.6627146017327675,1.086736517210939,1.614479176195315,0.7976865444811592,1.7494511189437065,3.476183627500893,0.4786666176046315,3.604771170163189,3.476183627500893,0.4786666176046315,3.604771170163189,3.9548502451055243,7.080954797664082,4.083437787767821,7.559621415268714
96,2400,Sybil Attack,1.0,0.9381846409592501,0.13376580404862295,0.6440908330193029,0.9381846409592501,0.13376580404862295,0.6440908330193029,1.0719504450078732,1.582275473978553,0.7778566370679258,1.716041278027176,3.394278394118604,0.4554660261076104,3.4381906210239146,3.394278394118604,0.4554660261076104,3.4381906210239146,3.849744420226214,6.832469015142518,3.893656647131525,7.287935041250129
97,2425,Sybil Attack,1.0,0.965748458920544,0.1112493717692854,0.6784322940705461,0.965748458920544,0.1112493717692854,0.6784322940705461,1.0769978306898293,1.64418075299109,0.7896816658398315,1.7554301247603754,3.5605252275422394,0.022352863099523824,3.7453582801682845,3.5605252275422394,0.022352863099523824,3.7453582801682845,3.5828780906417634,7.305883507710524,3.7677111432678085,7.328236370810048
98,2450,Sybil Attack,1.0,0.8767386769125953,0.14390802585510085,0.6583407876574621,0.8767386769125953,0.14390802585510085,0.6583407876574621,1.0206467027676962,1.5350794645700574,0.8022488135125629,1.6789874904251583,3.023676724793858,0.6505559813917015,3.5656495314816095,3.023676724793858,0.6505559813917015,3.5656495314816095,3.6742327061855593,6.589326256275467,4.2162055128733105,7.239882237667169
99,2475,Sybil Attack,1.0,0.9540461026327063,0.1456549943764513,0.6638581209584026,0.9540461026327063,0.1456549943764513,0.6638581209584026,1.0997010970091576,1.617904223591109,0.8095131153348538,1.7635592179675603,3.4899443058723856,0.6841596648070348,3.6149993932198834,3.4899443058723856,0.6841596648070348,3.6149993932198834,4.17410397067942,7.104943699092269,4.299159058026918,7.7891033638993035
100,2500,Sybil Attack,1.0,0.9438261041553748,0.14738945449299196,0.6658652496480532,0.9438261041553748,0.14738945449299196,0.6658652496480532,1.0912155586483667,1.609691353803428,0.8132547041410452,1.7570808082964198,3.428303992225104,0.7175227437294298,3.6329521827148183,3.428303992225104,0.7175227437294298,3.6329521827148183,4.145826735954534,7.061256174939922,4.350474926444248,7.778778918669353
101,2525,Sybil Attack,1.0,0.9632086807775956,0.11743820941745912,0.6602803629130363,0.9632086807775956,0.11743820941745912,0.6602803629130363,1.0806468901950548,1.6234890436906317,0.7777185723304954,1.740927253108091,3.5452069550715444,0.14139779063912383,3.5829980883790595,3.5452069550715444,0.14139779063912383,3.5829980883790595,3.6866047457106683,7.128205043450604,3.7243958790181835,7.269602834089728
102,2550,Sybil Attack,1.0,0.9169656675291421,0.1449885398644426,0.6561700007539737,0.9169656675291421,0.1449885398644426,0.6561700007539737,1.0619542073935846,1.5731356682831157,0.8011585406184163,1.7181242081475583,3.2662994927120828,0.6713401284739196,3.546232898897142,3.2662994927120828,0.6713401284739196,3.546232898897142,3.937639621186002,6.812532391609224,4.217573027371062,7.483872520083144
103,2575,Sybil Attack,1.0,0.9562980744725236,0.1749251948334464,0.702394032687378,0.9562980744725236,0.1749251948334464,0.702394032687378,1.13122326930597,1.6586921071599017,0.8773192275208244,1.833617301993348,3.50352671988537,1.2471844346522718,3.9596843727296576,3.50352671988537,1.2471844346522718,3.9596843727296576,4.750711154537642,7.463211092615028,5.206868807381929,8.7103955272673
104,2600,Sybil Attack,1.0,0.8907540170067458,0.11610429597889942,0.6104999226431433,0.8907540170067458,0.11610429597889942,0.6104999226431433,1.0068583129856452,1.5012539396498892,0.7266042186220427,1.6173582356287886,3.10820804455804,0.11573939763146456,3.1377362724632336,3.10820804455804,0.11573939763146456,3.1377362724632336,3.2239474421895045,6.245944317021273,3.2534756700946983,6.361683714652738
105,2625,Sybil Attack,1.0,0.9051277893166507,0.1454055145224087,0.6750614663260814,0.9051277893166507,0.1454055145224087,0.6750614663260814,1.0505333038390594,1.5801892556427322,0.8204669808484901,1.7255947701651408,3.194901191865484,0.6793608135791547,3.715207866180333,3.194901191865484,0.6793608135791547,3.715207866180333,3.874262005444639,6.910109058045817,4.394568679759487,7.589469871624972
106,2650,Sybil Attack,1.0,0.7891220849959093,0.09790617618594114,0.6682990798429483,0.7891220849959093,0.09790617618594114,0.6682990798429483,0.8870282611818504,1.4574211648388578,0.7662052560288894,1.5553273410247987,2.4952310289916997,-0.23430918584510538,3.6547216095486186,2.4952310289916997,-0.23430918584510538,3.6547216095486186,2.2609218431465945,6.149952638540318,3.4204124237035134,5.915643452695213
107,2675,Sybil Attack,1.0,0.9597285612581379,0.13133398743067837,0.6699704466126915,0.9597285612581379,0.13133398743067837,0.6699704466126915,1.0910625486888161,1.6296990078708293,0.8013044340433698,1.7610329953015076,3.5242171614639224,0.4086889979271674,3.6696711720459048,3.5242171614639224,0.4086889979271674,3.6696711720459048,3.9329061593910897,7.193888333509827,4.078360169973072,7.602577331436994
108,2700,Sybil Attack,1.0,0.978542069042561,0.15060865061823248,0.6720640167273435,0.978542069042561,0.15060865061823248,0.6720640167273435,1.1291507196607935,1.6506060857699045,0.822672667345576,1.801214736388137,3.6376878751053807,0.7794453520205208,3.6883971380265805,3.6376878751053807,0.7794453520205208,3.6883971380265805,4.417133227125902,7.326085013131961,4.467842490047102,8.105530365152482
109,2725,Sybil Attack,1.0,1.0077956276469955,0.1327022138176025,0.6549237685705579,1.0077956276469955,0.1327022138176025,0.6549237685705579,1.1404978414645979,1.6627193962175535,0.7876259823881604,1.7954216100351559,3.814126113494171,0.43500741510801183,3.5350859584114414,3.814126113494171,0.43500741510801183,3.5350859584114414,4.249133528602183,7.349212071905612,3.970093373519453,7.784219487013624
110,2750,Sybil Attack,1.0,0.8600966459262093,0.18637350847080741,0.7046329743988866,0.8600966459262093,0.18637350847080741,0.7046329743988866,1.0464701543970167,1.564729620325096,0.891006482869694,1.7511031287959034,2.9233029319793142,1.4673976224731586,3.979710616908919,2.9233029319793142,1.4673976224731586,3.979710616908919,4.390700554452473,6.903013548888233,5.447108239382078,8.370411171361392
111,2775,Sybil Attack,1.0,1.0084205405434155,0.16946716607377288,0.6954271313000069,1.0084205405434155,0.16946716607377288,0.6954271313000069,1.1778877066171884,1.7038476718434223,0.8648942973737798,1.8733148379171953,3.817895177356851,1.1421969272814614,3.897368829792937,3.817895177356851,1.1421969272814614,3.897368829792937,4.960092104638313,7.715264007149788,5.039565757074398,8.85746093443125
112,2800,Sybil Attack,1.0,0.8130441000414909,0.11969394709997142,0.6359071065208517,0.8130441000414909,0.11969394709997142,0.6359071065208517,0.9327380471414622,1.4489512065623424,0.7556010536208231,1.568645153662314,2.6395129008290876,0.18478786551728177,3.364991169554566,2.6395129008290876,0.18478786551728177,3.364991169554566,2.8243007663463695,6.004504070383653,3.5497790350718477,6.189291935900935
113,2825,Sybil Attack,1.0,0.962492028464453,0.10158143062101754,0.6760760012600044,0.962492028464453,0.10158143062101754,0.6760760012600044,1.0640734590854706,1.6385680297244574,0.777657431881022,1.740149460345475,3.5408845793435892,-0.1636141017621721,3.7242823875091813,3.5408845793435892,-0.1636141017621721,3.7242823875091813,3.3772704775814173,7.265166966852771,3.5606682857470093,7.101552865090598
114,2850,Blackhole Attack,1.0,0.5132808842173249,0.0256363231814685,0.2527454792243692,0.5132808842173249,0.0256363231814685,0.2527454792243692,0.5389172073987933,0.7660263634416941,0.2783818024058377,0.7916626866231625,0.8315382045212986,-1.624450582873636,-0.062203146813857364,0.8315382045212986,-1.624450582873636,-0.062203146813857364,-0.7929123783523374,0.7693350577074412,-1.6866537296874933,-0.8551155251661948
115,2875,Blackhole Attack,1.0,0.19734910672312767,0.056421107463132725,0.5566349694735839,0.19734910672312767,0.056421107463132725,0.5566349694735839,0.2537702141862604,0.7539840761967116,0.6130560769367166,0.8104051836598443,-1.0739546288759174,-1.0322921482095146,2.6559404761129866,-1.0739546288759174,-1.0322921482095146,2.6559404761129866,-2.106246777085432,1.5819858472370691,1.623648327903472,0.5496936990275545
116,2900,Blackhole Attack,1.0,0.25923829982310076,0.061931373518170754,0.5850453217703581,0.25923829982310076,0.061931373518170754,0.5850453217703581,0.3211696733412715,0.8442836215934588,0.6469766952885289,0.9062149951116296,-0.7006796932170593,-0.9262998342182935,2.910057253423225,-0.7006796932170593,-0.9262998342182935,2.910057253423225,-1.6269795274353527,2.209377560206166,1.9837574192049316,1.2830777259878725
117,2925,Blackhole Attack,1.0,0.19103837286905226,0.11329189132102621,0.11967143219454465,0.19103837286905226,0.11329189132102621,0.11967143219454465,0.30433026419007847,0.3107098050635969,0.23296332351557086,0.42400169638462315,-1.1120168277081914,0.06164159643815863,-1.2524857459736654,-1.1120168277081914,0.06164159643815863,-1.2524857459736654,-1.0503752312700327,-2.3645025736818566,-1.1908441495355067,-2.3028609772436983
118,2950,Blackhole Attack,1.0,0.21912921925759762,0.10426974857031014,0.3301732430873681,0.21912921925759762,0.10426974857031014,0.3301732430873681,0.3233989678279078,0.5493024623449657,0.43444299165767825,0.653572210915276,-0.9425913052046238,-0.11190316124794132,0.630350525934422,-0.9425913052046238,-0.11190316124794132,0.630350525934422,-1.054494466452565,-0.3122407792702018,0.5184473646864807,-0.4241439405181431
119,2975,Blackhole Attack,1.0,0.13479727293430357,0.12054917406265551,0.16015854732804666,0.13479727293430357,0.12054917406265551,0.16015854732804666,0.2553464469969591,0.29495582026235023,0.28070772139070216,0.41550499432500576,-1.4512261776445352,0.20123852032363046,-0.8903482014321172,-1.4512261776445352,0.20123852032363046,-0.8903482014321172,-1.2499876573209048,-2.3415743790766523,-0.6891096811084868,-2.140335858753022
120,3000,Blackhole Attack,1.0,0.350908242309019,0.1486960719211419,0.4746864148317576,0.350908242309019,0.1486960719211419,0.4746864148317576,0.49960431423016094,0.8255946571407766,0.6233824867528995,0.9742907290619185,-0.14778685087529597,0.7426560863534666,1.9229505295864373,-0.14778685087529597,0.7426560863534666,1.9229505295864373,0.5948692354781706,1.7751636787111413,2.665606615939904,2.517819765064608
121,3025,Blackhole Attack,1.0,0.2657247941441866,0.11987461836102518,0.3674313446131936,0.2657247941441866,0.11987461836102518,0.3674313446131936,0.3855994125052118,0.6331561387573802,0.4873059629742188,0.7530307571184054,-0.6615574227676176,0.18826315415843412,0.9636061149372902,-0.6615574227676176,0.18826315415843412,0.9636061149372902,-0.47329426860918355,0.30204869216967256,1.1518692690957244,0.49031184632810665
122,3050,Blackhole Attack,1.0,0.21554753505783567,0.06650374588142872,0.2720424302860825,0.21554753505783567,0.06650374588142872,0.2720424302860825,0.2820512809392644,0.4875899653439182,0.3385461761675112,0.5540937112253469,-0.9641936702097198,-0.8383483047693447,0.11039869087165291,-0.9641936702097198,-0.8383483047693447,0.11039869087165291,-1.8025419749790645,-0.8537949793380669,-0.7279496138976919,-1.6921432841074115
123,3075,Blackhole Attack,1.0,0.211537757596898,0.15021191546695195,0.4850605119147316,0.211537757596898,0.15021191546695195,0.4850605119147316,0.36174967306385,0.6965982695116296,0.6352724273816835,0.8468101849785816,-0.9883780123988329,0.7718139824449206,2.015741780138027,-0.9883780123988329,0.7718139824449206,2.015741780138027,-0.21656402995391233,1.0273637677391938,2.7875557625829472,1.7991777501841146
124,3100,Blackhole Attack,1.0,0.29468850016613046,0.10136090155644013,0.3757682594094341,0.29468850016613046,0.10136090155644013,0.3757682594094341,0.3960494017225706,0.6704567595755646,0.4771291609658742,0.7718176611320047,-0.4868673846487028,-0.16785607222664867,1.038175761191597,-0.4868673846487028,-0.16785607222664867,1.038175761191597,-0.6547234568753515,0.5513083765428941,0.8703196889649483,0.38345230431624544
125,3125,Blackhole Attack,1.0,0.1731027629983711,0.10479158702011147,0.38664564436519977,0.1731027629983711,0.10479158702011147,0.38664564436519977,0.27789435001848256,0.5597484073635709,0.49143723138531126,0.6645399943836823,-1.2201926381387171,-0.10186537645287427,1.135468676874163,-1.2201926381387171,-0.10186537645287427,1.135468676874163,-1.3220580145915914,-0.08472396126455406,1.0336033004212888,-0.18658933771742836
126,3150,Blackhole Attack,1.0,0.15315217853596166,0.14213529225617397,0.6209360158142,0.15315217853596166,0.14213529225617397,0.6209360158142,0.29528747079213563,0.7740881943501616,0.7630713080703739,0.9162234866063357,-1.340521450949911,0.616456695737708,3.2310820478565017,-1.340521450949911,0.616456695737708,3.2310820478565017,-0.724064755212203,1.8905605969065906,3.8475387435942094,2.5070172926442984
127,3175,Blackhole Attack,1.0,0.30877958294427044,0.11578716874197699,0.5968765833013615,0.30877958294427044,0.11578716874197699,0.5968765833013615,0.4245667516862474,0.9056561662456319,0.7126637520433385,1.0214433349876089,-0.40187923479712345,0.10963932018777782,3.0158821309315047,-0.40187923479712345,0.10963932018777782,3.0158821309315047,-0.2922399146093456,2.614002896134381,3.1255214511192824,2.723642216322159
128,3200,Blackhole Attack,1.0,0.5325937691383933,0.12519896977877912,0.7539372706665216,0.5325937691383933,0.12519896977877912,0.7539372706665216,0.6577927389171724,1.286531039804915,0.8791362404453007,1.411730009583694,0.9480208328317634,0.29067932093393894,4.420713556407957,0.9480208328317634,0.29067932093393894,4.420713556407957,1.2387001537657023,5.36873438923972,4.711392877341896,5.659413710173659
129,3225,Blackhole Attack,1.0,0.27571910677599565,0.12039463727115704,0.7179083359330953,0.27571910677599565,0.12039463727115704,0.7179083359330953,0.3961137440471527,0.993627442709091,0.8383029732042524,1.114022079980248,-0.6012782978068713,0.19826593933314884,4.0984522662718685,-0.6012782978068713,0.19826593933314884,4.0984522662718685,-0.4030123584737224,3.497173968464997,4.296718205605018,3.6954399077981464
130,3250,Blackhole Attack,1.0,0.4675266848162799,0.06746527885970383,0.7666917590670459,0.4675266848162799,0.06746527885970383,0.7666917590670459,0.5349919636759837,1.234218443883326,0.8341570379267498,1.3016837227430296,0.5555789460129653,-0.8198528084850832,4.534796249037927,0.5555789460129653,-0.8198528084850832,4.534796249037927,-0.2642738624721179,5.090375195050893,3.714943440552844,4.270522386565809
131,3275,Blackhole Attack,1.0,0.20539164572245758,0.15694471222652873,0.8038386516346369,0.20539164572245758,0.15694471222652873,0.8038386516346369,0.36233635794898633,1.0092302973570944,0.9607833638611656,1.1661750095836232,-1.0254473196489364,0.9013221951250817,4.867057128021736,-1.0254473196489364,0.9013221951250817,4.867057128021736,-0.12412512452385471,3.8416098083728,5.768379323146818,4.742932003497882
132,3300,Blackhole Attack,1.0,0.4203820238713656,0.036031907905882565,0.46017034212800073,0.4203820238713656,0.036031907905882565,0.46017034212800073,0.45641393177724815,0.8805523659993664,0.4962022500338833,0.9165842739052489,0.27123333736292743,-1.4244870839741561,1.7931113225204038,0.27123333736292743,-1.4244870839741561,1.7931113225204038,-1.1532537466112287,2.0643446598833313,0.3686242385462477,0.6398575759091751
133,3325,Blackhole Attack,1.0,0.30407570880650353,0.10641904051098007,0.7345728347917403,0.30407570880650353,0.10641904051098007,0.7345728347917403,0.4104947493174836,1.0386485435982438,0.8409918753027203,1.145067584109224,-0.43024991194080514,-0.07056061554164043,4.247508099906492,-0.43024991194080514,-0.07056061554164043,4.247508099906492,-0.5008105274824456,3.817258187965687,4.1769474843648515,3.746697572424046
134,3350,Blackhole Attack,1.0,0.3792532065037319,0.02946243990319421,0.6315010722275275,0.3792532065037319,0.02946243990319421,0.6315010722275275,0.4087156464069261,1.0107542787312593,0.6609635121307217,1.0402167186344535,0.02317134321430657,-1.5508535984657,3.3255813367006075,0.02317134321430657,-1.5508535984657,3.3255813367006075,-1.5276822552513933,3.348752679914914,1.7747277382349076,1.7978990814492142
135,3375,Blackhole Attack,1.0,0.2812691012755899,0.08029496826803119,0.7823745423167567,0.2812691012755899,0.08029496826803119,0.7823745423167567,0.3615640695436211,1.0636436435923466,0.8626695105847879,1.1439386118603778,-0.5678043787593798,-0.5730682694819311,4.675071114236414,-0.5678043787593798,-0.5730682694819311,4.675071114236414,-1.140872648241311,4.107266735477034,4.102002844754483,3.534198465995103
136,3400,Blackhole Attack,1.0,0.24850256537509008,0.06685099675799089,0.5879233798673253,0.24850256537509008,0.06685099675799089,0.5879233798673253,0.31535356213308097,0.8364259452424154,0.6547743766253162,0.9032769420004063,-0.765430587268278,-0.8316687862897149,2.9358000826874724,-0.765430587268278,-0.8316687862897149,2.9358000826874724,-1.5970993735579928,2.1703694954191945,2.1041312963977576,1.3387007091294796
137,3425,Blackhole Attack,1.0,0.4711565996637925,0.04977893200465004,0.5623342664962512,0.4711565996637925,0.04977893200465004,0.5623342664962512,0.5209355316684425,1.0334908661600437,0.6121131985009012,1.0832697981646937,0.5774722065853508,-1.160057221574093,2.7069179148017173,0.5774722065853508,-1.160057221574093,2.7069179148017173,-0.5825850149887422,3.284390121387068,1.5468606932276243,2.124332899812975
138,3450,Blackhole Attack,1.0,0.17595371567732326,0.09954692914193146,0.69855464589399,0.17595371567732326,0.09954692914193146,0.69855464589399,0.27550064481925474,0.8745083615713132,0.7981015750359214,0.9740552907132447,-1.202997565388564,-0.20274860405897774,3.9253429260417882,-1.202997565388564,-0.20274860405897774,3.9253429260417882,-1.4057461694475417,2.7223453606532244,3.7225943219828106,2.5195967565942468
139,3475,Blackhole Attack,1.0,0.20150900871054625,0.07656399947275445,0.6549643603276378,0.20150900871054625,0.07656399947275445,0.6549643603276378,0.2780730081833007,0.856473369038184,0.7315283598003923,0.9330373685109385,-1.0488648342135032,-0.6448350430080219,3.535449031927277,-1.0488648342135032,-0.6448350430080219,3.535449031927277,-1.693699877221525,2.486584197713774,2.890613988919255,1.841749154705752
140,3500,Blackhole Attack,1.0,0.29977604087571785,0.07381819331935781,0.5743234832411702,0.29977604087571785,0.07381819331935781,0.5743234832411702,0.37359423419507565,0.8740995241168881,0.648141676560528,0.9479177174362459,-0.4561826829114316,-0.6976517936082496,2.8141556248402058,-0.4561826829114316,-0.6976517936082496,2.8141556248402058,-1.1538344765196813,2.3579729419287743,2.116503831231956,1.6603211483205245
141,3525,Blackhole Attack,1.0,0.3872538194652577,0.11114430920746833,0.675229629271356,0.3872538194652577,0.11114430920746833,0.675229629271356,0.49839812867272604,1.0624834487366137,0.7863739384788243,1.173627757944082,0.07142578213744509,0.02033193998444932,3.716712001900643,0.07142578213744509,0.02033193998444932,3.716712001900643,0.09175772212189441,3.788137784038088,3.7370439418850925,3.8084697240225376
142,3550,Blackhole Attack,1.0,0.3362475361442425,0.10863430010994572,0.7198454271062795,0.3362475361442425,0.10863430010994572,0.7198454271062795,0.44488183625418826,1.056092963250522,0.8284797272162252,1.1647272633604677,-0.23621059460597246,-0.027949153837181346,4.115778604261052,-0.23621059460597246,-0.027949153837181346,4.115778604261052,-0.2641597484431538,3.8795680096550793,4.08782945042387,3.8516188558178976
143,3575,Blackhole Attack,1.0,0.14040733327397856,0.1584112345520174,0.7956125498802618,0.14040733327397856,0.1584112345520174,0.7956125498802618,0.2988185678259959,0.9360198831542403,0.9540237844322792,1.0944311177062578,-1.4173899809283852,0.9295313765413241,4.793478650507213,-1.4173899809283852,0.9295313765413241,4.793478650507213,-0.4878586043870611,3.3760886695788277,5.723010027048537,4.3056200461201515
144,3600,Blackhole Attack,1.0,0.24702616657736481,0.13259098825117135,0.7151785508571191,0.24702616657736481,0.13259098825117135,0.7151785508571191,0.3796171548285362,0.9622047174344839,0.8477695391082904,1.0947957056856552,-0.7743352544423593,0.432867943974809,4.074035667033308,-0.7743352544423593,0.432867943974809,4.074035667033308,-0.3414673104675503,3.2997004125909486,4.506903611008117,3.732568356565758
145,3625,Blackhole Attack,1.0,0.29929551796197534,0.11222008161608603,0.6490623009149177,0.29929551796197534,0.11222008161608603,0.6490623009149177,0.4115155995780614,0.9483578188768931,0.7612823825310037,1.0605779004929792,-0.4590808812999629,0.04102488035763649,3.4826579823201835,-0.4590808812999629,0.04102488035763649,3.4826579823201835,-0.4180560009423264,3.0235771010202206,3.52368286267782,3.064601981377857
146,3650,Blackhole Attack,1.0,0.22286481569872363,0.11352502637697964,0.7639766880950652,0.22286481569872363,0.11352502637697964,0.7639766880950652,0.33638984207570327,0.9868415037937889,0.877501714472045,1.1003665301707686,-0.9200606427195545,0.06612604851473018,4.510511260299979,-0.9200606427195545,0.06612604851473018,4.510511260299979,-0.8539345942048243,3.5904506175804247,4.57663730881471,3.656576666095155
147,3675,Blackhole Attack,1.0,0.1345489341123113,0.12497333660254759,0.7511283669812915,0.1345489341123113,0.12497333660254759,0.7511283669812915,0.2595222707148589,0.8856773010936028,0.8761017035838391,1.0106506376961504,-1.4527239941963042,0.2863391707083245,4.395589279707362,-1.4527239941963042,0.2863391707083245,4.395589279707362,-1.1663848234879797,2.942865285511058,4.681928450415687,3.2292044562193825
148,3700,Blackhole Attack,1.0,0.2485549414366825,0.12038646093303798,0.7250189006888553,0.2485549414366825,0.12038646093303798,0.7250189006888553,0.3689414023697205,0.9735738421255378,0.8454053616218933,1.0939603030585758,-0.7651146892892982,0.19810866398771948,4.1620528081347254,-0.7651146892892982,0.19810866398771948,4.1620528081347254,-0.5670060253015787,3.3969381188454273,4.360161472122445,3.5950467828331467
149,3725,Blackhole Attack,1.0,0.508113281912192,0.12100460583475603,0.7116177981615956,0.508113281912192,0.12100460583475603,0.7116177981615956,0.629117887746948,1.2197310800737875,0.8326224039963517,1.3407356859085438,0.8003706238607601,0.20999894439533578,4.04218646677232,0.8003706238607601,0.20999894439533578,4.04218646677232,1.0103695682560958,4.842557090633081,4.252185411167656,5.052556035028417
150,3750,Blackhole Attack,1.0,0.3241774640182474,0.12435926253986576,0.6991663916106226,0.3241774640182474,0.12435926253986576,0.6991663916106226,0.44853672655811316,1.0233438556288699,0.8235256541504883,1.1477031181687356,-0.30900933652769536,0.274527194623045,3.930814693812217,-0.30900933652769536,0.274527194623045,3.930814693812217,-0.034482141904650376,3.6218053572845212,4.205341888435262,3.8963325519075664
151,3775,Blackhole Attack,1.0,0.2903732388320871,0.09960515061860716,0.6822356802119459,0.2903732388320871,0.09960515061860716,0.6822356802119459,0.38997838945069424,0.972608919044033,0.7818408308305531,1.07221406966264,-0.5128942047789025,-0.20162868916281756,3.7793777185414124,-0.5128942047789025,-0.20162868916281756,3.7793777185414124,-0.7145228939417201,3.26648351376251,3.577749029378595,3.064854824599692
152,3800,Blackhole Attack,1.0,0.2911028745629467,0.1576331339426047,0.648269203645174,0.2911028745629467,0.1576331339426047,0.648269203645174,0.4487360085055514,0.9393720782081207,0.8059023375877787,1.0970052121507254,-0.5084935216087233,0.9145642799826695,3.4755641131496953,-0.5084935216087233,0.9145642799826695,3.4755641131496953,0.40607075837394624,2.967070591540972,4.390128393132365,3.8816348715236417
153,3825,Blackhole Attack,1.0,0.3230456670484147,0.07653032731533758,0.45595484432703215,0.3230456670484147,0.07653032731533758,0.45595484432703215,0.3995759943637523,0.7790005113754468,0.5324851716423697,0.8555308386907845,-0.3158355919679746,-0.6454827412944644,1.7554057458788157,-0.3158355919679746,-0.6454827412944644,1.7554057458788157,-0.961318333262439,1.4395701539108412,1.1099230045843513,0.7940874126163767
154,3850,Blackhole Attack,1.0,0.17101318284124564,0.08520868413640915,0.20918020766577622,0.17101318284124564,0.08520868413640915,0.20918020766577622,0.2562218669776548,0.38019339050702183,0.29438889180218536,0.46540207464343103,-1.2327956122548132,-0.4785508523585635,-0.4518733028003449,-1.2327956122548132,-0.4785508523585635,-0.4518733028003449,-1.7113464646133767,-1.6846689150551581,-0.9304241551589083,-2.1632197674137217
155,3875,Blackhole Attack,1.0,0.14578530790251262,0.11280950455562573,0.47931068676622113,0.14578530790251262,0.11280950455562573,0.47931068676622113,0.25859481245813837,0.6250959946687338,0.5921201913218469,0.7379054992243594,-1.3849535726818232,0.05236268159215228,1.9643123919497378,-1.3849535726818232,0.05236268159215228,1.9643123919497378,-1.3325908910896709,0.5793588192679147,2.01667507354189,0.631721500860067
156,3900,Blackhole Attack,1.0,0.32828245009833523,0.10160582528957443,0.20371656104811575,0.32828245009833523,0.10160582528957443,0.20371656104811575,0.42988827538790964,0.531999011146451,0.30532238633769015,0.6336048364360254,-0.28425075852442244,-0.16314485992456076,-0.5007429632796875,-0.28425075852442244,-0.16314485992456076,-0.5007429632796875,-0.44739561844898323,-0.7849937218041099,-0.6638878232042482,-0.9481385817286707
157,3925,Blackhole Attack,1.0,0.25169304605190246,0.10293338532049075,0.35166780345615967,0.25169304605190246,0.10293338532049075,0.35166780345615967,0.3546264313723932,0.6033608495080621,0.4546011887766504,0.7062942348285528,-0.7461877047922664,-0.13760867741837754,0.8226089095531947,-0.7461877047922664,-0.13760867741837754,0.8226089095531947,-0.8837963822106439,0.07642120476092829,0.6850002321348171,-0.06118747265744928
158,3950,Blackhole Attack,1.0,0.4830365510139265,0.07445686475612845,0.4813608792251964,0.4830365510139265,0.07445686475612845,0.4813608792251964,0.557493415770055,0.9643974302391229,0.5558177439813248,1.0388542949952513,0.6491242649453357,-0.6853666765581344,1.9826503659071992,0.6491242649453357,-0.6853666765581344,1.9826503659071992,-0.03624241161279873,2.6317746308525347,1.2972836893490647,1.9464079542944006
159,3975,Blackhole Attack,1.0,0.2903965482962124,0.1582162579256576,0.7526099034778363,0.2903965482962124,0.1582162579256576,0.7526099034778363,0.44861280622187005,1.0430064517740487,0.9108261614034939,1.2012227096997063,-0.5127536174116125,0.9257809181068932,4.408840902779006,-0.5127536174116125,0.9257809181068932,4.408840902779006,0.4130273006952807,3.8960872853673933,5.334621820885899,4.821868203474287
160,4000,Blackhole Attack,1.0,0.4835165524365371,0.0750789436563,0.8012295227674959,0.4835165524365371,0.0750789436563,0.8012295227674959,0.5585954960928371,1.284746075204033,0.8763084664237959,1.3598250188603331,0.6520193180421129,-0.6734007240150606,4.84371973986199,0.6520193180421129,-0.6734007240150606,4.84371973986199,-0.021381405972947687,5.495739057904102,4.170319015846929,4.822338333889042
161,4025,Blackhole Attack,1.0,0.2873324081307181,0.10163925006531736,0.6570364092746942,0.2873324081307181,0.10163925006531736,0.6570364092746942,0.38897165819603546,0.9443688174054123,0.7586756593400116,1.0460080674707297,-0.5312344969615693,-0.16250192012995832,3.553982501535636,-0.5312344969615693,-0.16250192012995832,3.553982501535636,-0.6937364170915277,3.022748004574067,3.391480581405678,2.8602460844441087
162,4050,Blackhole Attack,1.0,0.6181510566074654,0.0923702059090061,0.5218259389928924,0.6181510566074654,0.0923702059090061,0.5218259389928924,0.7105212625164715,1.1399769956003578,0.6141961449018986,1.232347201509364,1.4640461576986699,-0.34079593149007864,2.3445906359333715,1.4640461576986699,-0.34079593149007864,2.3445906359333715,1.1232502262085913,3.8086367936320413,2.0037947044432927,3.467840862141963
163,4075,Blackhole Attack,1.0,0.37160742857064355,0.1577932875830444,0.760680626090685,0.37160742857064355,0.1577932875830444,0.760680626090685,0.529400716153688,1.1322880546613285,0.9184739136737294,1.290081342244373,-0.022942964035188206,0.9176449034543441,4.48102958947737,-0.022942964035188206,0.9176449034543441,4.48102958947737,0.8947019394191559,4.458086625442182,5.398674492931715,5.375731528896527
164,4100,Blackhole Attack,1.0,0.41568085421622597,0.14122818280926627,0.7189425193136986,0.41568085421622597,0.14122818280926627,0.7189425193136986,0.5569090370254922,1.1346233735299245,0.8601707021229649,1.2758515563391908,0.24287897188091281,0.5990080592543323,4.1077025333956785,0.24287897188091281,0.5990080592543323,4.1077025333956785,0.8418870311352451,4.350581505276591,4.706710592650011,4.949589564530924
165,4125,Blackhole Attack,1.0,0.17566322199973075,0.12313535903016236,0.5430049691790457,0.17566322199973075,0.12313535903016236,0.5430049691790457,0.2987985810298931,0.7186681911787764,0.6661403282092081,0.8418035502089388,-1.2047496323227296,0.25098488944218467,2.5340267555999563,-1.2047496323227296,0.25098488944218467,2.5340267555999563,-0.9537647428805449,1.3292771232772267,2.785011645042141,1.5802620127194114
166,4150,Blackhole Attack,1.0,0.15122495516241508,0.15764565347794868,0.7887696611875307,0.15122495516241508,0.15764565347794868,0.7887696611875307,0.30887060864036375,0.9399946163499457,0.9464153146654793,1.0976402698278944,-1.3521451956576307,0.9148050985761729,4.7322723407816225,-1.3521451956576307,0.9148050985761729,4.7322723407816225,-0.4373400970814578,3.380127145123992,5.647077439357796,4.294932243700165
167,4175,Blackhole Attack,1.0,0.438846088774367,0.1016058107764812,0.7174693410005291,0.438846088774367,0.1016058107764812,0.7174693410005291,0.5404518995508482,1.156315429774896,0.8190751517770103,1.257921240551377,0.3825964412175134,-0.16314513909008907,4.094525670207379,0.3825964412175134,-0.16314513909008907,4.094525670207379,0.21945130212742434,4.477122111424893,3.9313805311172905,4.313976972334804
168,4200,Blackhole Attack,1.0,0.5501281617962959,0.1378261323104256,0.7589514408006544,0.5501281617962959,0.1378261323104256,0.7589514408006544,0.6879542941067215,1.3090796025969502,0.89677757311108,1.446905734907376,1.0537767647377263,0.5335681692226298,4.4655628684496005,1.0537767647377263,0.5335681692226298,4.4655628684496005,1.587344933960356,5.519339633187327,4.99913103767223,6.0529078024099565
169,4225,Blackhole Attack,1.0,0.2236281072748013,0.18786677642524346,0.5788000139154083,0.2236281072748013,0.18786677642524346,0.5788000139154083,0.4114948837000448,0.8024281211902096,0.7666667903406517,0.9902948976154531,-0.9154569696115678,1.496121267451227,2.8541960135191227,-0.9154569696115678,1.496121267451227,2.8541960135191227,0.5806642978396592,1.938739043907555,4.35031728097035,3.434860311358782
170,4250,Blackhole Attack,1.0,0.5849203840965523,0.12165721982771997,0.6056679963360592,0.5849203840965523,0.12165721982771997,0.6056679963360592,0.7065776039242723,1.1905883804326116,0.7273252161637791,1.3122456002603315,1.2636205822129063,0.22255225245095225,3.094517042777855,1.2636205822129063,0.22255225245095225,3.094517042777855,1.4861728346638585,4.3581376249907615,3.3170692952288077,4.5806898774417135
171,4275,Blackhole Attack,1.0,0.07967535439213272,0.18795372098589613,0.748238162689405,0.07967535439213272,0.18795372098589613,0.748238162689405,0.2676290753780288,0.8279135170815377,0.9361918836753012,1.0158672380674338,-1.7836853610109218,1.497793683098762,4.36973780863969,-1.7836853610109218,1.497793683098762,4.36973780863969,-0.28589167791215986,2.5860524476287683,5.867531491738452,4.08384613072753
172,4300,Blackhole Attack,1.0,0.18288514568086978,0.15787546888262238,0.6566534115131081,0.18288514568086978,0.15787546888262238,0.6566534115131081,0.34076061456349216,0.8395385571939779,0.8145288803957305,0.9974140260766002,-1.1611917353397176,0.9192256957467803,3.5505567729183127,-1.1611917353397176,0.9192256957467803,3.5505567729183127,-0.2419660395929374,2.389365037578595,4.469782468665093,3.3085907333253752
173,4325,Blackhole Attack,1.0,0.7255265532643956,0.13724164652414203,0.667741608697603,0.7255265532643956,0.13724164652414203,0.667741608697603,0.8627681997885377,1.3932681619619987,0.8049832552217451,1.5305098084861406,2.1116645802108063,0.5223253362333713,3.6497353014092897,2.1116645802108063,0.5223253362333713,3.6497353014092897,2.6339899164441776,5.761399881620096,4.1720606376426606,6.283725217853467
174,4350,Blackhole Attack,1.0,0.34539474823119365,0.11403436447513825,0.7512623737112764,0.34539474823119365,0.11403436447513825,0.7512623737112764,0.4594291127063319,1.09665712194247,0.8652967381864146,1.2106914864176082,-0.18104062336884386,0.07592338372295646,4.3967879047017275,-0.18104062336884386,0.07592338372295646,4.3967879047017275,-0.1051172396458874,4.215747281332884,4.472711288424684,4.2916706650558405
175,4375,Blackhole Attack,1.0,0.29863144908285194,0.10531255389044913,0.720387393043672,0.29863144908285194,0.10531255389044913,0.720387393043672,0.4039440029733011,1.019018842126524,0.8256999469341212,1.1243313960169732,-0.46308610831475727,-0.0918443568599334,4.120626225859808,-0.46308610831475727,-0.0918443568599334,4.120626225859808,-0.5549304651746907,3.6575401175450506,4.028781868999874,3.5656957606851174
176,4400,Blackhole Attack,1.0,0.49201804804429317,0.15652520542721002,0.7125435581765336,0.49201804804429317,0.15652520542721002,0.7125435581765336,0.6485432534715032,1.2045616062208269,0.8690687636037436,1.3610868116480368,0.7032947518785673,0.8932528032026741,4.050466939647182,0.7032947518785673,0.8932528032026741,4.050466939647182,1.5965475550812414,4.7537616915257495,4.943719742849856,5.647014494728424
177,4425,Blackhole Attack,1.0,0.15722599113163202,0.1583210719500425,0.781178575158609,0.15722599113163202,0.1583210719500425,0.781178575158609,0.3155470630816745,0.938404566290241,0.9394996471086515,1.0967256382402835,-1.3159508909156463,0.9277970604986258,4.664373769943647,-1.3159508909156463,0.9277970604986258,4.664373769943647,-0.38815383041702056,3.348422879028001,5.592170830442273,4.2762199395266265
178,4450,Blackhole Attack,1.0,0.6478386274018106,0.10733651687210367,0.5635032090420556,0.6478386274018106,0.10733651687210367,0.5635032090420556,0.7551751442739143,1.2113418364438662,0.6708397259141593,1.31867835331597,1.6431020723593481,-0.052912567048805044,2.7173735370867806,1.6431020723593481,-0.052912567048805044,2.7173735370867806,1.590189505310543,4.360475609446128,2.6644609700379758,4.307563042397324
179,4475,Blackhole Attack,1.0,0.4780095689638137,0.13306369081004796,0.6947972579234517,0.4780095689638137,0.13306369081004796,0.6947972579234517,0.6110732597738616,1.1728068268872653,0.8278609487334997,1.3058705176973133,0.6188048132393978,0.44196057898452756,3.891734918925106,0.6188048132393978,0.44196057898452756,3.891734918925106,1.0607653922239253,4.510539732164504,4.333695497909633,4.952500311149031
180,4500,Blackhole Attack,1.0,0.48084595690384935,0.11210238496539056,0.7571904006158057,0.48084595690384935,0.11210238496539056,0.7571904006158057,0.59294834186924,1.238036357519655,0.8692927855811963,1.3501387424850457,0.6359120410571868,0.03876093516304402,4.449811220887723,0.6359120410571868,0.03876093516304402,4.449811220887723,0.6746729762202308,5.08572326194491,4.4885721560507665,5.124484197107954
181,4525,Blackhole Attack,1.0,0.5069414453881929,0.11116916636196403,0.7939837621095069,0.5069414453881929,0.11116916636196403,0.7939837621095069,0.6181106117501569,1.3009252074976998,0.905152928471471,1.4120943738596639,0.7933028761460358,0.020810077936032866,4.778909936437675,0.7933028761460358,0.020810077936032866,4.778909936437675,0.8141129540820686,5.57221281258371,4.799720014373707,5.593022890519743
182,4550,Blackhole Attack,1.0,0.593149603368879,0.11735520410287371,0.6697348664874901,0.593149603368879,0.11735520410287371,0.6697348664874901,0.7105048074717527,1.262884469856369,0.7870900705903638,1.3802396739592429,1.3132538241496428,0.13980114806713168,3.66756402245518,1.3132538241496428,0.13980114806713168,3.66756402245518,1.4530549722167745,4.980817846604823,3.8073651705223117,5.120618994671954
183,4575,Blackhole Attack,1.0,0.6541108747478206,0.11367870698989063,0.6250106455832494,0.6541108747478206,0.11367870698989063,0.6250106455832494,0.7677895817377112,1.27912152033107,0.73868935257314,1.3928002273209605,1.6809321458705073,0.06908216054549716,3.2675276284965125,1.6809321458705073,0.06908216054549716,3.2675276284965125,1.7500143064160045,4.94845977436702,3.3366097890420097,5.017541934912517
184,4600,Blackhole Attack,1.0,0.4139860410621395,0.04498029964672713,0.5715896847239975,0.4139860410621395,0.04498029964672713,0.5715896847239975,0.4589663407088666,0.9855757257861371,0.6165699843707246,1.030556025432864,0.23265697286367737,-1.2523609583681394,2.7897031273230133,0.23265697286367737,-1.2523609583681394,2.7897031273230133,-1.019703985504462,3.022360100186691,1.5373421689548739,1.7699991418185512
185,4625,Blackhole Attack,1.0,0.44030357086894056,0.07552931699105196,0.7039992485500871,0.44030357086894056,0.07552931699105196,0.7039992485500871,0.5158328878599925,1.1443028194190277,0.779528565541139,1.2198321364100795,0.3913870152713239,-0.6647376011397761,3.974042247551408,0.3913870152713239,-0.6647376011397761,3.974042247551408,-0.2733505858684522,4.365429262822732,3.309304646411632,3.700691661682956
186,4650,Blackhole Attack,1.0,0.33010899618372624,0.0948782661037785,0.670058505792477,0.33010899618372624,0.0948782661037785,0.670058505792477,0.4249872622875047,1.0001675019762033,0.7649367718962555,1.0950457680799817,-0.27323423304798083,-0.2925523256427446,3.670458818561018,-0.27323423304798083,-0.2925523256427446,3.670458818561018,-0.5657865586907254,3.397224585513037,3.3779064929182736,3.1046722598702927
187,4675,Blackhole Attack,1.0,0.4896254678368055,0.08849276450845278,0.8039716421664824,0.4896254678368055,0.08849276450845278,0.8039716421664824,0.5781182323452583,1.293597110003288,0.8924644066749352,1.3820898745117407,0.6888642806076629,-0.4153801679507211,4.86824666361821,0.6888642806076629,-0.4153801679507211,4.86824666361821,0.27348411265694184,5.557110944225873,4.4528664956674895,5.141730776275152
188,4700,Blackhole Attack,1.0,0.49656917648884397,0.10493548743464304,0.6183064705775385,0.49656917648884397,0.10493548743464304,0.6183064705775385,0.601504663923487,1.1148756470663825,0.7232419580121816,1.2198111345010254,0.7307441673939821,-0.09909739070261249,3.2075620452056453,0.7307441673939821,-0.09909739070261249,3.2075620452056453,0.6316467766913696,3.9383062125996275,3.1084646545030328,3.8392088218970146
189,4725,Blackhole Attack,1.0,0.40716559984722983,0.10408576672698043,0.7763926278640415,0.40716559984722983,0.10408576672698043,0.7763926278640415,0.5112513665742102,1.1835582277112713,0.880478394591022,1.2876439944382518,0.19152055423970385,-0.11544213034890823,4.6215658001526405,0.19152055423970385,-0.11544213034890823,4.6215658001526405,0.07607842389079562,4.813086354392344,4.506123669803732,4.697644224043436
190,4750,Blackhole Attack,1.0,0.25760521656672236,0.1135496638738939,0.7825642729467979,0.25760521656672236,0.1135496638738939,0.7825642729467979,0.3711548804406163,1.0401694895135203,0.8961139368206917,1.153719153387414,-0.7105293780637416,0.06659996125919844,4.6767681624024995,-0.7105293780637416,0.06659996125919844,4.6767681624024995,-0.6439294168045432,3.966238784338758,4.743368123661698,4.032838745597957
191,4775,Blackhole Attack,1.0,0.2515669528331631,0.030119830277924642,0.716328295624669,0.2515669528331631,0.030119830277924642,0.716328295624669,0.28168678311108775,0.9678952484578321,0.7464481259025937,0.9980150787357568,-0.7469482162120213,-1.5382084146728905,4.084319574533191,-0.7469482162120213,-1.5382084146728905,4.084319574533191,-2.285156630884912,3.3373713583211693,2.5461111598603,1.7991629436482786
192,4800,Blackhole Attack,1.0,0.24961631389271885,0.09087110960933958,0.6774681564236283,0.24961631389271885,0.09087110960933958,0.6774681564236283,0.3404874235020584,0.9270844703163472,0.768339266032968,1.0179555799256867,-0.7587131882292169,-0.3696316871705246,3.7367345380492534,-0.7587131882292169,-0.3696316871705246,3.7367345380492534,-1.1283448753997414,2.9780213498200365,3.367102850878729,2.608389662649512
193,4825,Blackhole Attack,1.0,0.3416674805468879,0.10127217192688075,0.8165520605908407,0.3416674805468879,0.10127217192688075,0.8165520605908407,0.44293965247376865,1.1582195411377287,0.9178242325177215,1.2594917130646093,-0.20352105226690909,-0.1695628244347357,4.980772385010805,-0.20352105226690909,-0.1695628244347357,4.980772385010805,-0.3730838767016448,4.777251332743896,4.81120956057607,4.6076885083091605
194,4850,Blackhole Attack,1.0,0.5784980504498156,0.15743122703581286,0.8031569415214304,0.5784980504498156,0.15743122703581286,0.8031569415214304,0.7359292774856285,1.381654991971246,0.9605881685572433,1.5390862190070589,1.2248852867810707,0.9106805146530245,4.860959562767415,1.2248852867810707,0.9106805146530245,4.860959562767415,2.1355658014340952,6.085844849548486,5.7716400774204395,6.99652536420151
195,4875,Blackhole Attack,1.0,0.3875835972341901,0.11482609461845276,0.7437885769354604,0.3875835972341901,0.11482609461845276,0.7437885769354604,0.5024096918526428,1.1313721741696505,0.8586146715539131,1.2461982687881032,0.0734147848908194,0.09115265017004232,4.329938429161867,0.0734147848908194,0.09115265017004232,4.329938429161867,0.16456743506086172,4.403353214052687,4.42109107933191,4.494505864222729
196,4900,Blackhole Attack,1.0,0.3303325059855454,0.11276079508923015,0.7214600039882696,0.3303325059855454,0.11276079508923015,0.7214600039882696,0.44309330107477557,1.051792509973815,0.8342207990774997,1.1645533050630452,-0.27188616882684274,0.051425734264205186,4.130220208845361,-0.27188616882684274,0.051425734264205186,4.130220208845361,-0.22046043456263756,3.8583340400185184,4.181645943109566,3.9097597742827235
197,4925,Blackhole Attack,1.0,0.3306122334735483,0.0917292149186089,0.7943845920583466,0.3306122334735483,0.0917292149186089,0.7943845920583466,0.4223414483921572,1.1249968255318947,0.8861138069769554,1.2167260404505038,-0.2701990364721259,-0.35312566614193025,4.782495165293148,-0.2701990364721259,-0.35312566614193025,4.782495165293148,-0.6233247026140561,4.512296128821022,4.429369499151218,4.159170462679092
198,4950,Blackhole Attack,1.0,0.6342617408360793,0.1580780836402,0.8135912682507933,0.6342617408360793,0.1580780836402,0.8135912682507933,0.7923398244762794,1.4478530090868726,0.9716693518909933,1.6059310927270727,1.561215216101835,0.9231230768877123,4.954289538199253,1.561215216101835,0.9231230768877123,4.954289538199253,2.4843382929895474,6.515504754301088,5.877412615086966,7.438627831188801
199,4975,Blackhole Attack,1.0,0.35765613619799197,0.11226356183704712,0.7190018446993895,0.35765613619799197,0.11226356183704712,0.7190018446993895,0.4699196980350391,1.0766579808973815,0.8312654065364367,1.1889215427344286,-0.10708799003911751,0.04186124092289494,4.108233170103981,-0.10708799003911751,0.04186124092289494,4.108233170103981,-0.06522674911622256,4.001145180064864,4.150094411026876,4.0430064209877585
200,5000,Blackhole Attack,1.0,0.21457382789683077,0.05578161578313678,0.5578944727105675,0.21457382789683077,0.05578161578313678,0.5578944727105675,0.27035544367996756,0.7724683006073982,0.6136760884937043,0.828249916390535,-0.9700664318288211,-1.0445930429873507,2.6672061197153862,-0.9700664318288211,-1.0445930429873507,2.6672061197153862,-2.0146594748161717,1.697139687886565,1.6226130767280356,0.6525466448992145
201,5025,Blackhole Attack,1.0,0.26562436323583677,0.10193008835818695,0.7263137909943002,0.26562436323583677,0.10193008835818695,0.7263137909943002,0.3675544515940237,0.9919381542301369,0.8282438793524871,1.093868242588324,-0.6621631559978423,-0.15690752171968197,4.173634971845778,-0.6621631559978423,-0.15690752171968197,4.173634971845778,-0.8190706777175243,3.5114718158479357,4.016727450126096,3.3545642941282536
202,5050,Blackhole Attack,1.0,0.182695538399511,0.047741140720610135,0.4338488835286171,0.182695538399511,0.047741140720610135,0.4338488835286171,0.23043667912012114,0.6165444219281281,0.48159002424922726,0.6642855626487383,-1.1623353218401156,-1.1992550046700747,1.5576786829139,-1.1623353218401156,-1.1992550046700747,1.5576786829139,-2.36159032651019,0.3953433610737844,0.35842367824382526,-0.8039116435962901
203,5075,Blackhole Attack,1.0,0.3472572076681624,0.11236348765938912,0.7492727606573545,0.3472572076681624,0.11236348765938912,0.7492727606573545,0.45962069532755156,1.096529968325517,0.8616362483167436,1.208893455984906,-0.16980749215999547,0.04378335666680183,4.378991784045581,-0.16980749215999547,0.04378335666680183,4.378991784045581,-0.12602413549319363,4.209184291885586,4.422775140712384,4.252967648552388
204,5100,Blackhole Attack,1.0,0.31239177253851247,0.12176057840863946,0.7762223838697784,0.31239177253851247,0.12176057840863946,0.7762223838697784,0.43415235094715193,1.088614156408291,0.8979829622784179,1.2103747348169303,-0.38009288130241486,0.22454039876786003,4.620043050461731,-0.38009288130241486,0.22454039876786003,4.620043050461731,-0.15555248253455484,4.239950169159316,4.8445834492295905,4.464490567927176
205,5125,Blackhole Attack,1.0,0.4319445172585251,0.1207245987837335,0.7675919621823021,0.4319445172585251,0.1207245987837335,0.7675919621823021,0.5526691160422587,1.1995364794408272,0.8883165609660356,1.3202610782245607,0.3409706979417944,0.20461288953422777,4.54284812788068,0.3409706979417944,0.20461288953422777,4.54284812788068,0.5455835874760222,4.883818825822474,4.747461017414907,5.088431715356702
206,5150,Blackhole Attack,1.0,0.22134801852250427,0.15619618539092636,0.7741355263544003,0.22134801852250427,0.15619618539092636,0.7741355263544003,0.37754420391343063,0.9954835448769046,0.9303317117453267,1.151679730267831,-0.9292089663605855,0.8869239626989937,4.601377125415326,-0.9292089663605855,0.8869239626989937,4.601377125415326,-0.042285003661591825,3.672168159054741,5.48830108811432,4.559092121753735
207,5175,Blackhole Attack,1.0,0.3243489047171003,0.06658123582281605,0.7485068809823827,0.3243489047171003,0.06658123582281605,0.7485068809823827,0.39093014053991637,1.072855785699483,0.8150881168051988,1.139437021522299,-0.3079753189128548,-0.836857752749415,4.372141363016718,-0.3079753189128548,-0.836857752749415,4.372141363016718,-1.1448330716622697,4.064166044103863,3.535283610267303,3.2273082913544484
208,5200,Wormhole Attack,1.0,1.0564128243402173,0.18861184563245387,0.7920861703402403,1.0564128243402173,0.18861184563245387,0.7920861703402403,1.2450246699726712,1.8484989946804578,0.9806980159726941,2.0371108403129115,4.10735308994322,1.5104529909228426,4.76193690139681,4.10735308994322,1.5104529909228426,4.76193690139681,5.617806080866062,8.869289991340029,6.272389892319652,10.379742982262872
209,5225,Wormhole Attack,1.0,0.8642392362596991,0.18813994244636834,0.7608617346284886,0.8642392362596991,0.18813994244636834,0.7608617346284886,1.0523791787060675,1.6251009708881878,0.9490016770748569,1.813240913334556,2.94828831412344,1.5013757321891552,4.482649517223752,2.94828831412344,1.5013757321891552,4.482649517223752,4.449664046312595,7.430937831347192,5.984025249412907,8.932313563536347
210,5250,Wormhole Attack,1.0,0.9536452473264415,0.18828471605996938,0.7823214308385615,0.9536452473264415,0.18828471605996938,0.7823214308385615,1.1419299633864108,1.7359666781650032,0.970606146898531,1.9242513942249724,3.4875266101300486,1.5041605142953507,4.674596057907081,3.4875266101300486,1.5041605142953507,4.674596057907081,4.9916871244253995,8.16212266803713,6.178756572202432,9.666283182332482
211,5275,Wormhole Attack,1.0,0.9910416788824609,0.1880391829276528,0.8290767678489818,0.9910416788824609,0.1880391829276528,0.8290767678489818,1.1790808618101136,1.8201184467314426,1.0171159507766345,2.0081576296590953,3.713077306200605,1.4994375799404924,5.092799797129674,3.713077306200605,1.4994375799404924,5.092799797129674,5.212514886141097,8.805877103330278,6.592237377070166,10.30531468327077
212,5300,Wormhole Attack,1.0,0.9321099226768712,0.18781172178589123,0.8228884118058125,0.9321099226768712,0.18781172178589123,0.8228884118058125,1.1199216444627624,1.7549983344826838,1.0107001335917039,1.9428100562685748,3.35763968609186,1.4950622680195098,5.037447963470186,3.35763968609186,1.4950622680195098,5.037447963470186,4.85270195411137,8.395087649562045,6.532510231489695,9.890149917581557
213,5325,Wormhole Attack,1.0,1.0102382137449755,0.1884402141759117,0.8027122590741996,1.0102382137449755,0.1884402141759117,0.8027122590741996,1.198678427920887,1.8129504728191752,0.9911524732501114,2.001390686995087,3.8288581874297916,1.5071515867708678,4.856982094651698,3.8288581874297916,1.5071515867708678,4.856982094651698,5.33600977420066,8.68584028208149,6.364133681422566,10.192991868852358
214,5350,Wormhole Attack,1.0,0.8986668863527532,0.18822179348956095,0.7889411307472629,0.8986668863527532,0.18822179348956095,0.7889411307472629,1.086888679842314,1.687608017100016,0.9771629242368238,1.875829810589577,3.1559332716624975,1.5029501718593865,4.733806052559315,3.1559332716624975,1.5029501718593865,4.733806052559315,4.6588834435218835,7.889739324221813,6.236756224418701,9.392689496081198
215,5375,Wormhole Attack,1.0,0.9078347216394048,0.1876911089330961,0.83420278138965,0.9078347216394048,0.1876911089330961,0.83420278138965,1.0955258305725009,1.7420375030290547,1.0218938903227461,1.9297286119621508,3.211227628485472,1.4927422284357315,5.138649494021717,3.211227628485472,1.4927422284357315,5.138649494021717,4.703969856921203,8.34987712250719,6.631391722457448,9.84261935094292
216,5400,Wormhole Attack,1.0,0.319965681902942,0.119257735028592,0.6828552820660733,0.319965681902942,0.119257735028592,0.6828552820660733,0.439223416931534,1.0028209639690153,0.8021130170946653,1.1220786989976073,-0.33441203802293307,0.17639714057322287,3.7849197556390717,-0.33441203802293307,0.17639714057322287,3.7849197556390717,-0.1580148974497102,3.4505077176161385,3.9613168962122947,3.6269048581893615
217,5425,Wormhole Attack,1.0,0.3031179018283382,0.18796755583910146,0.8238741700551936,0.3031179018283382,0.18796755583910146,0.8238741700551936,0.49108545766743966,1.1269920718835318,1.011841725894295,1.3149596277226332,-0.4360267741075285,1.4980598023914269,5.046265091358041,-0.4360267741075285,1.4980598023914269,5.046265091358041,1.0620330282838983,4.610238317250513,6.544324893749468,6.1082981196419395
218,5450,Wormhole Attack,1.0,0.32847985281064634,0.1884238727022155,0.7330195081571309,0.32847985281064634,0.1884238727022155,0.7330195081571309,0.5169037255128619,1.0614993609677772,0.9214433808593464,1.2499232336699928,-0.2830601551081235,1.5068372515656734,4.233614348981695,-0.2830601551081235,1.5068372515656734,4.233614348981695,1.2237770964575498,3.9505541938735718,5.7404516005473685,5.457391445439245
219,5475,Wormhole Attack,1.0,0.28787112872273646,0.18866409426792932,0.790017624898452,0.28787112872273646,0.18866409426792932,0.790017624898452,0.47653522299066575,1.0778887536211883,0.9786817191663812,1.2665528478891177,-0.5279852884285234,1.5114580156751165,4.743434768938328,-0.5279852884285234,1.5114580156751165,4.743434768938328,0.9834727272465931,4.215449480509804,6.254892784613444,5.726907496184921
220,5500,Wormhole Attack,1.0,0.29261348888991917,0.1879569607936074,0.6894731104382268,0.29261348888991917,0.1879569607936074,0.6894731104382268,0.4805704496835266,0.982086599328146,0.8774300712318341,1.1700435601217534,-0.499382488850627,1.4978560021796874,3.844113010307542,-0.499382488850627,1.4978560021796874,3.844113010307542,0.9984735133290603,3.344730521456915,5.34196901248723,4.842586523636602
221,5525,Wormhole Attack,1.0,0.38273594542797584,0.1876835012668857,0.8093110771732054,0.38273594542797584,0.1876835012668857,0.8093110771732054,0.5704194466948616,1.1920470226011812,0.9969945784400911,1.379730523868067,0.04417693534997661,1.4925958917366215,4.9160053116769316,0.04417693534997661,1.4925958917366215,4.9160053116769316,1.5367728270865981,4.960182247026908,6.4086012034135535,6.45277813876353
222,5550,Wormhole Attack,1.0,0.3865611143247909,0.18798672292268667,0.7761643731976973,0.3865611143247909,0.18798672292268667,0.7761643731976973,0.5745478372474776,1.1627254875224882,0.964151096120384,1.3507122104451748,0.06724784001561729,1.4984284894060587,4.619524173226951,0.06724784001561729,1.4984284894060587,4.619524173226951,1.565676329421676,4.686772013242568,6.11795266263301,6.185200502648627
223,5575,Wormhole Attack,1.0,0.358094917441099,0.18814986136592943,0.7860402759961583,0.358094917441099,0.18814986136592943,0.7860402759961583,0.5462447788070284,1.1441351934372572,0.9741901373620878,1.3322850548031866,-0.10444154997284423,1.501566526830661,4.707859318316266,-0.10444154997284423,1.501566526830661,4.707859318316266,1.397124976857817,4.603417768343421,6.209425845146927,6.1049842951740825
224,5600,Wormhole Attack,1.0,0.25426300208524333,0.18853387815430683,0.772006604013579,0.25426300208524333,0.18853387815430683,0.772006604013579,0.44279688023955016,1.0262696060988223,0.9605404821678858,1.2148034842531292,-0.730687419121361,1.5089532532799916,4.582334950973347,-0.730687419121361,1.5089532532799916,4.582334950973347,0.7782658341586306,3.8516475318519854,6.091288204253338,5.360600785131977
225,5625,Wormhole Attack,1.0,0.296570599053071,0.18809948817627112,0.7546960077143096,0.296570599053071,0.18809948817627112,0.7546960077143096,0.48467008722934213,1.0512666067673806,0.9427954958905806,1.2393660949436516,-0.4755158011857955,1.5005975770772964,4.427500090112139,-0.4755158011857955,1.5005975770772964,4.427500090112139,1.025081775891501,3.9519842889263437,5.928097667189435,5.452581866003641
226,5650,Wormhole Attack,1.0,0.3849525905606019,0.18802694248835433,0.6948265007967919,0.3849525905606019,0.18802694248835433,0.6948265007967919,0.5729795330489562,1.0797790913573937,0.8828534432851463,1.2678060338457482,0.05754628188391721,1.4992021298782714,3.8919964821980586,0.05754628188391721,1.4992021298782714,3.8919964821980586,1.5567484117621886,3.949542764081976,5.39119861207633,5.448744893960248
227,5675,Wormhole Attack,1.0,0.11412527330110622,0.18843817375034258,0.7687896963766231,0.11412527330110622,0.18843817375034258,0.7687896963766231,0.3025634470514488,0.8829149696777293,0.9572278701269656,1.0713531434280719,-1.5759060926105786,1.5071123383161766,4.553561277452207,-1.5759060926105786,1.5071123383161766,4.553561277452207,-0.06879375429440193,2.9776551848416286,6.060673615768383,4.484767523157805
228,5700,Wormhole Attack,1.0,0.39755549452393507,0.18817160823242784,0.8051467811637659,0.39755549452393507,0.18817160823242784,0.8051467811637659,0.5857271027563629,1.202702275687701,0.9933183893961938,1.3908738839201287,0.13355871524088095,1.501984837068171,4.878757710146668,0.13355871524088095,1.501984837068171,4.878757710146668,1.635543552309052,5.0123164253875485,6.3807425472148385,6.51430126245572
229,5725,Wormhole Attack,1.0,0.4347513784196694,0.18825915548365718,0.7482810607660888,0.4347513784196694,0.18825915548365718,0.7482810607660888,0.6230105339033265,1.1830324391857583,0.936540216249746,1.3712915946694153,0.3578998396359996,1.5036688457255902,4.370121511062167,0.3578998396359996,1.5036688457255902,4.370121511062167,1.8615686853615898,4.7280213506981665,5.873790356787757,6.231690196423757
230,5750,Wormhole Attack,1.0,0.24604327283578864,0.18819256426486888,0.7441793716301037,0.24604327283578864,0.18819256426486888,0.7441793716301037,0.4342358371006575,0.9902226444658924,0.9323719358949726,1.1784152087307613,-0.78026342347752,1.5023879352758283,4.333433897551536,-0.78026342347752,1.5023879352758283,4.333433897551536,0.7221245117983083,3.5531704740740158,5.835821832827364,5.055558409349844
231,5775,Wormhole Attack,1.0,0.2483158937461858,0.18843932539878974,0.6327015067196754,0.2483158937461858,0.18843932539878974,0.6327015067196754,0.4367552191449755,0.8810174004658612,0.8211408321184651,1.0694567258646508,-0.7665564678425493,1.5071344907644613,3.336318639122278,-0.7665564678425493,1.5071344907644613,3.336318639122278,0.740578022921912,2.569762171279729,4.84345312988674,4.07689666204419
232,5800,Wormhole Attack,1.0,0.4001488141106618,0.18827362120233068,0.7395787797822441,0.4001488141106618,0.18827362120233068,0.7395787797822441,0.5884224353129924,1.139727593892906,0.9278524009845748,1.3280012150952365,0.14919991450994508,1.5039470999841753,4.292283842040587,0.14919991450994508,1.5039470999841753,4.292283842040587,1.6531470144941203,4.441483756550532,5.796230942024762,5.945430856534707
233,5825,Wormhole Attack,1.0,0.25258451595542525,0.1883336470812315,0.8080090333545163,0.25258451595542525,0.1883336470812315,0.8080090333545163,0.44091816303665676,1.0605935493099417,0.9963426804357478,1.2489271963911732,-0.7408109442592643,1.5051017233254995,4.904359163270684,-0.7408109442592643,1.5051017233254995,4.904359163270684,0.7642907790662352,4.16354821901142,6.409460886596184,5.66864994233692
234,5850,Wormhole Attack,1.0,0.2272895308985131,0.18869236116923538,0.8002159040723258,0.2272895308985131,0.18869236116923538,0.8002159040723258,0.4159818920677485,1.0275054349708388,0.9889082652415612,1.2161977961400743,-0.8933736688105199,1.5120017415585612,4.83465341384296,-0.8933736688105199,1.5120017415585612,4.83465341384296,0.6186280727480412,3.9412797450324404,6.346655155401521,5.453281486591002
235,5875,Wormhole Attack,1.0,0.2877462224341324,0.18828204107066343,0.7351852864077203,0.2877462224341324,0.18828204107066343,0.7351852864077203,0.4760282635047958,1.0229315088418527,0.9234673274783838,1.211213549912516,-0.5287386410658208,1.5041090597369668,4.252986181603105,-0.5287386410658208,1.5041090597369668,4.252986181603105,0.975370418671146,3.7242475405372844,5.757095241340072,5.228356600274251
236,5900,Wormhole Attack,1.0,0.14779220488899864,0.188083764283076,0.741288263780321,0.14779220488899864,0.188083764283076,0.741288263780321,0.33587596917207463,0.8890804686693197,0.929372028063397,1.0771642329523956,-1.372849289106912,1.5002951212960227,4.307574344598137,-1.372849289106912,1.5002951212960227,4.307574344598137,0.12744583218911076,2.934725055491225,5.80786946589416,4.435020176787248
237,5925,Wormhole Attack,1.0,0.32141885627180944,0.18797025776021425,0.7865130178582072,0.32141885627180944,0.18797025776021425,0.7865130178582072,0.5093891140320237,1.1079318741300166,0.9744832756184214,1.2959021318902308,-0.3256474453392981,1.4981117749945836,4.712087764244306,-0.3256474453392981,1.4981117749945836,4.712087764244306,1.1724643296552855,4.3864403189050085,6.21019953923889,5.884552093899591
238,5950,Wormhole Attack,1.0,0.12711840135049599,0.1580156859742492,0.7465496427042108,0.12711840135049599,0.1580156859742492,0.7465496427042108,0.2851340873247452,0.8736680440547068,0.90456532867846,1.031683730028956,-1.497540084044127,0.9219228312125092,4.354634818976651,-1.497540084044127,0.9219228312125092,4.354634818976651,-0.5756172528316179,2.8570947349325237,5.27655765018916,3.7790175661450327
239,5975,Wormhole Attack,1.0,0.16835091168094724,0.1877694301477873,0.7417848808134316,0.16835091168094724,0.1877694301477873,0.7417848808134316,0.35612034182873453,0.9101357924943789,0.929554310961219,1.0979052226421662,-1.248852682096741,1.4942487703516403,4.312016342314082,-1.248852682096741,1.4942487703516403,4.312016342314082,0.24539608825489934,3.0631636602173407,5.806265112665722,4.557412430568981
240,6000,Wormhole Attack,1.0,0.1855202992248374,0.18794134167458626,0.7509226998826061,0.1855202992248374,0.18794134167458626,0.7509226998826061,0.3734616408994237,0.9364429991074434,0.9388640415571923,1.1243843407820298,-1.1452982211362477,1.497555561774266,4.393749687583662,-1.1452982211362477,1.497555561774266,4.393749687583662,0.3522573406380183,3.2484514664474142,5.891305249357927,4.74600702822168
241,6025,Wormhole Attack,1.0,0.27979025053246,0.18825876644730552,0.7389146394643702,0.27979025053246,0.18825876644730552,0.7389146394643702,0.46804901697976553,1.01870488999683,0.9271734059116757,1.2069636564441357,-0.5767238344565833,1.5036613624457038,4.286343430056359,-0.5767238344565833,1.5036613624457038,4.286343430056359,0.9269375279891205,3.7096195955997757,5.790004792502063,5.2132809580454795
242,6050,Wormhole Attack,1.0,0.12606629398321742,0.188077063400554,0.725097034717561,0.12606629398321742,0.188077063400554,0.725097034717561,0.3141433573837714,0.8511633287007785,0.913174098118115,1.0392403921013325,-1.503885704178368,1.5001662269672924,4.162751679002835,-1.503885704178368,1.5001662269672924,4.162751679002835,-0.0037194772110755725,2.6588659748244674,5.662917905970128,4.15903220179176
243,6075,Wormhole Attack,1.0,0.10755053853102477,0.18848674815991337,0.6174483475233633,0.10755053853102477,0.18848674815991337,0.6174483475233633,0.29603728669093815,0.7249988860543881,0.8059350956832767,0.9134856342143014,-1.615560571451688,1.5080466877685879,3.1998865520338344,-1.615560571451688,1.5080466877685879,3.1998865520338344,-0.10751388368310022,1.5843259805821464,4.707933239802422,3.092372668350734
244,6100,Wormhole Attack,1.0,0.1166279771772379,0.187911788681332,0.6662725913403298,0.1166279771772379,0.187911788681332,0.6662725913403298,0.3045397658585699,0.7829005685175677,0.8541843800216617,0.9708123571988997,-1.560811427749992,1.4969870973645443,3.636595655946834,-1.560811427749992,1.4969870973645443,3.636595655946834,-0.06382433038544777,2.075784228196842,5.133582753311378,3.572771325561386
245,6125,Wormhole Attack,1.0,0.24996967084669647,0.15792962508394376,0.6863649296272236,0.24996967084669647,0.15792962508394376,0.6863649296272236,0.4078992959306402,0.9363346004739201,0.8442945547111673,1.0942642255578638,-0.7565819713292398,0.9202674133403942,3.816311845339963,-0.7565819713292398,0.9202674133403942,3.816311845339963,0.16368544201115443,3.0597298740107233,4.736579258680357,3.9799972873511176
246,6150,Wormhole Attack,1.0,0.35417344100172465,0.18780101371646982,0.665886411483122,0.35417344100172465,0.18780101371646982,0.665886411483122,0.5419744547181945,1.0200598524848465,0.8536874251995918,1.2078608662013166,-0.12809331843637306,1.4948562937443992,3.6331414650325273,-0.12809331843637306,1.4948562937443992,3.6331414650325273,1.3667629753080262,3.5050481465961543,5.127997758776926,4.999904440340553
247,6175,Wormhole Attack,1.0,0.3155135669821903,0.15783625979183033,0.7989541957750296,0.3155135669821903,0.15783625979183033,0.7989541957750296,0.4733498267740206,1.11446776275722,0.9567904555668599,1.2723040225490503,-0.36126426904014697,0.9184714921890879,4.823368047049008,-0.36126426904014697,0.9184714921890879,4.823368047049008,0.5572072231489409,4.462103778008861,5.741839539238096,5.380575270197949
248,6200,Wormhole Attack,1.0,0.2670276394974833,0.18781493760444243,0.6375214154225813,0.2670276394974833,0.18781493760444243,0.6375214154225813,0.45484257710192577,0.9045490549200647,0.8253363530270238,1.0923639925245072,-0.6536995159010716,1.495124125658726,3.3794303771858396,-0.6536995159010716,1.495124125658726,3.3794303771858396,0.8414246097576544,2.725730861284768,4.874554502844566,4.220854986943494
249,6225,Wormhole Attack,1.0,0.1305386902759088,0.18835652154470858,0.7492727606573545,0.1305386902759088,0.18835652154470858,0.7492727606573545,0.3188952118206174,0.8798114509332633,0.9376292822020631,1.0681679724779718,-1.4769111492556926,1.505541723371056,4.378991784045581,-1.4769111492556926,1.505541723371056,4.378991784045581,0.028630574115363405,2.902080634789889,5.884533507416638,4.407622358160944
250,6250,Wormhole Attack,1.0,0.34012728561020467,0.1881161875768129,0.6424569593345489,0.34012728561020467,0.1881161875768129,0.6424569593345489,0.5282434731870176,0.9825842449447536,0.8305731469113619,1.1707004325215666,-0.2128104958207107,1.5009187971577806,3.423576415928372,-0.2128104958207107,1.5009187971577806,3.423576415928372,1.28810830133707,3.210765920107661,4.924495213086153,4.711684717265442
251,6275,Wormhole Attack,1.0,0.21923575548665863,0.15794361833424042,0.7896291872001694,0.21923575548665863,0.15794361833424042,0.7896291872001694,0.37717937382089906,1.0088649426868281,0.9475728055344098,1.1668085610210683,-0.9419487486926355,0.9205365794685607,4.739960382734234,-0.9419487486926355,0.9205365794685607,4.739960382734234,-0.02141216922407474,3.798011634041598,5.660496962202794,4.718548213510159
252,6300,Wormhole Attack,1.0,0.17526644005713998,0.18781164278477933,0.7258224110375764,0.17526644005713998,0.18781164278477933,0.7258224110375764,0.36307808284191934,0.9010888510947164,0.9136340538223557,1.0889004938794957,-1.207142760212633,1.4950607483994816,4.169239817229843,-1.207142760212633,1.4950607483994816,4.169239817229843,0.28791798818684855,2.96209705701721,5.664300565629325,4.457157805416692
253,6325,Wormhole Attack,1.0,0.15694181375887906,0.1881592414586926,0.496098207919095,0.15694181375887906,0.1881592414586926,0.496098207919095,0.3451010552175716,0.653040021677974,0.6842574493777875,0.8411992631366666,-1.3176648620504567,1.5017469569092614,2.114468600145725,-1.3176648620504567,1.5017469569092614,2.114468600145725,0.18408209485880467,0.7968037380952684,3.6162155570549865,2.29855069500453
254,6350,Wormhole Attack,1.0,0.44079178868011765,0.18799939141444116,0.7854607901632354,0.44079178868011765,0.18799939141444116,0.7854607901632354,0.6287911800945588,1.2262525788433531,0.9734601815776767,1.4142519702577943,0.3943316242236535,1.498672173239548,4.702676099508521,0.3943316242236535,1.498672173239548,4.702676099508521,1.8930037974632015,5.097007723732174,6.201348272748069,6.595679896971722
255,6375,Wormhole Attack,1.0,0.10108753487031094,0.15764164696457633,0.7327044245490796,0.10108753487031094,0.15764164696457633,0.7327044245490796,0.25872918183488725,0.8337919594193905,0.890346071513656,0.9914336063839668,-1.654541161677172,0.9147280315853724,4.230796079421893,-1.654541161677172,0.9147280315853724,4.230796079421893,-0.7398131300917995,2.5762549177447207,5.145524111007266,3.4909829493300935
256,6400,Wormhole Attack,1.0,0.2636010359857004,0.1877937694746665,0.6776721618348542,0.2636010359857004,0.1877937694746665,0.6776721618348542,0.4513948054603669,0.9412731978205546,0.8654659313095208,1.1290669672952212,-0.6743665361241828,1.4947169476685152,3.7385592671871763,-0.6743665361241828,1.4947169476685152,3.7385592671871763,0.8203504115443323,3.0641927310629935,5.2332762148556915,4.558909678731508
257,6425,Wormhole Attack,1.0,0.5524930906092409,0.18796026803203078,0.7947731091110664,0.5524930906092409,0.18796026803203078,0.7947731091110664,0.7404533586412717,1.3472661997203073,0.9827333771430972,1.535226467752338,1.0680404609708287,1.497919618319074,4.785970261284071,1.0680404609708287,1.497919618319074,4.785970261284071,2.5659600792899027,5.854010722254899,6.283889879603144,7.351930340573974
258,6450,Wormhole Attack,1.0,0.11959390529286862,0.1879990746460763,0.7317496668645171,0.11959390529286862,0.1879990746460763,0.7317496668645171,0.3075929799389449,0.8513435721573858,0.9197487415105934,1.0393426468034621,-1.5429228987342318,1.498666080065161,4.222256236502003,-1.5429228987342318,1.498666080065161,4.222256236502003,-0.04425681866907083,2.679333337767771,5.720922316567163,4.177999417832932
259,6475,Wormhole Attack,1.0,0.30943406517182126,0.18779319658479,0.7507202633641149,0.30943406517182126,0.18779319658479,0.7507202633641149,0.49722726175661125,1.060154328535936,0.9385134599489049,1.2479475251207262,-0.39793182816371875,1.4947059278877883,4.391938991427855,-0.39793182816371875,1.4947059278877883,4.391938991427855,1.0967740997240696,3.9940071632641363,5.886644919315644,5.488713091151925
260,6500,Wormhole Attack,1.0,0.3667308157228889,0.18777038486629302,0.8061940785710392,0.3667308157228889,0.18777038486629302,0.8061940785710392,0.554501200589182,1.172924894293928,0.9939644634373322,1.3606952791602211,-0.05235548754374835,1.4942671347686431,4.888125275857983,-0.05235548754374835,1.4942671347686431,4.888125275857983,1.4419116472248947,4.835769788314235,6.382392410626626,6.3300369230828775
261,6525,Wormhole Attack,1.0,0.22744416145351046,0.18779083299736493,0.8389275037330651,0.22744416145351046,0.18779083299736493,0.8389275037330651,0.4152349944508754,1.0663716651865756,1.02671833673043,1.2541624981839405,-0.8924410389348274,1.494660463277187,5.180909836415664,-0.8924410389348274,1.494660463277187,5.180909836415664,0.6022194243423595,4.288468797480836,6.6755702996928505,5.783129260758023
262,6550,Wormhole Attack,1.0,0.2699322872695734,0.18792254767379118,0.7352956412905179,0.2699322872695734,0.18792254767379118,0.7352956412905179,0.4578548349433646,1.0052279285600914,0.9232181889643092,1.1931504762338825,-0.636180589640599,1.4971940511659712,4.253973252332959,-0.636180589640599,1.4971940511659712,4.253973252332959,0.8610134615253722,3.61779266269236,5.751167303498931,5.114986713858332
263,6575,Wormhole Attack,1.0,0.1971748091455397,0.18797990027966177,0.6467784168913424,0.1971748091455397,0.18797990027966177,0.6467784168913424,0.38515470942520147,0.843953226036882,0.8347583171710042,1.0319331263165439,-1.0750058773055835,1.498297252962206,3.462229751027635,-1.0750058773055835,1.498297252962206,3.462229751027635,0.42329137565662256,2.3872238737220517,4.960527003989841,3.8855211266842575
264,6600,Wormhole Attack,1.0,0.08601197464281345,0.18791786934170035,0.6872651407687796,0.08601197464281345,0.18791786934170035,0.6872651407687796,0.2739298439845138,0.773277115411593,0.87518301011048,0.9611949847532935,-1.745467032448346,1.4971040614560418,3.824363795974062,-1.745467032448346,1.4971040614560418,3.824363795974062,-0.2483629709923041,2.0788967635257163,5.321467857430104,3.576000824981758
265,6625,Wormhole Attack,1.0,0.263250973323589,0.18793299362442717,0.47448427940752486,0.263250973323589,0.18793299362442717,0.47448427940752486,0.45118396694801616,0.7377352527311138,0.662417273031952,0.925668246355541,-0.6764778840208201,1.497394983474627,1.921142526572265,-0.6764778840208201,1.497394983474627,1.921142526572265,0.8209170994538069,1.244664642551445,3.418537510046892,2.742059626026072
266,6650,Wormhole Attack,1.0,0.16240368201080985,0.1878067084806891,0.6732154712484079,0.16240368201080985,0.1878067084806891,0.6732154712484079,0.35021039049149894,0.8356191532592177,0.8610221797290969,1.0234258617399068,-1.284722462607257,1.4949658349591437,3.698696338439713,-1.284722462607257,1.4949658349591437,3.698696338439713,0.21024337235188661,2.413973875832456,5.193662173398857,3.9089397107916
267,6675,Wormhole Attack,1.0,0.2623492836253738,0.18777216072018507,0.664152406306533,0.2623492836253738,0.18777216072018507,0.664152406306533,0.4501214443455589,0.9265016899319068,0.8519245670267181,1.114273850652092,-0.6819162836383726,1.494301294074464,3.617631632464767,-0.6819162836383726,1.494301294074464,3.617631632464767,0.8123850104360913,2.9357153488263945,5.111932926539231,4.430016642900858
268,6700,Wormhole Attack,1.0,0.3030265915129642,0.18793901676561095,0.728452747072487,0.3030265915129642,0.18793901676561095,0.728452747072487,0.49096560827857516,1.0314793385854513,0.916391763838098,1.219418355351062,-0.43657749791549877,1.497510841160116,4.19276689318625,-0.43657749791549877,1.497510841160116,4.19276689318625,1.060933343244617,3.7561893952707512,5.690277734346366,5.253700236430867
269,6725,Wormhole Attack,1.0,0.2576136483344841,0.18807241847728526,0.7750553097108484,0.2576136483344841,0.18807241847728526,0.7750553097108484,0.44568606681176937,1.0326689580453325,0.9631277281881336,1.2207413765226178,-0.7104785231824433,1.5000768798902824,4.609604139988134,-0.7104785231824433,1.5000768798902824,4.609604139988134,0.7895983567078391,3.8991256168056907,6.109681019878416,5.399202496695973
270,6750,Wormhole Attack,1.0,0.2608863516445054,0.1879491272284246,0.792680654249645,0.2608863516445054,0.1879491272284246,0.792680654249645,0.44883547887293,1.0535670058941504,0.9806297814780696,1.241516133122575,-0.6907397278243362,1.4977053202176491,4.767254270700881,-0.6907397278243362,1.4977053202176491,4.767254270700881,0.8069655923933129,4.076514542876544,6.264959590918529,5.574219863094194
271,6775,Wormhole Attack,1.0,0.2160565474001233,0.188121920592512,0.8032502895706612,0.2160565474001233,0.188121920592512,0.8032502895706612,0.40417846799263535,1.0193068369707845,0.9913722101631732,1.2074287575632967,-0.9611236423130874,1.5010290741560286,4.8617945156462445,-0.9611236423130874,1.5010290741560286,4.8617945156462445,0.5399054318429412,3.900670873333157,6.362823589802273,5.401699947489186
272,6800,Wormhole Attack,1.0,0.33116339639433956,0.18807120519365828,0.7648455639125702,0.33116339639433956,0.18807120519365828,0.7648455639125702,0.5192346015879978,1.0960089603069099,0.9529167691062285,1.284080165500568,-0.2668747839897325,1.5000535418630678,4.518282931707666,-0.2668747839897325,1.5000535418630678,4.518282931707666,1.2331787578733353,4.2514081477179335,6.018336473570733,5.751461689581001
273,6825,Wormhole Attack,1.0,0.2556312893772386,0.18796765139968222,0.7784264145620063,0.2556312893772386,0.18796765139968222,0.7784264145620063,0.44359894077692086,1.034057703939245,0.9663940659616885,1.222025355338927,-0.7224348094927731,1.49806164053989,4.639757032560623,-0.7224348094927731,1.49806164053989,4.639757032560623,0.775626831047117,3.91732222306785,6.137818673100513,5.41538386360774
274,6850,Wormhole Attack,1.0,0.2221558926831067,0.1881674889214403,0.7693003283413845,0.2221558926831067,0.1881674889214403,0.7693003283413845,0.410323381604547,0.9914562210244913,0.9574678172628248,1.1796237099459315,-0.9243364004049719,1.50190560036721,4.558128631912345,-0.9243364004049719,1.50190560036721,4.558128631912345,0.5775691999622381,3.633792231507373,6.060034232279555,5.135697831874583
275,6875,Wormhole Attack,1.0,0.28334092586288695,0.18818911244602282,0.6230977201591241,0.28334092586288695,0.18818911244602282,0.6230977201591241,0.47153003830890977,0.9064386460220111,0.811286832605147,1.094627758468034,-0.555308494570512,1.502321538070445,3.250417441374027,-0.555308494570512,1.502321538070445,3.250417441374027,0.9470130434999331,2.695108946803515,4.752738979444472,4.19743048487396
276,6900,Wormhole Attack,1.0,0.21414884446549382,0.18857689560438598,0.7413726778417397,0.21414884446549382,0.18857689560438598,0.7413726778417397,0.4027257400698798,0.9555215223072335,0.9299495734461256,1.1440984179116196,-0.972629652563209,1.5097807122502753,4.30832938730311,-0.972629652563209,1.5097807122502753,4.30832938730311,0.5371510596870663,3.335699734739901,5.818110099553385,4.845480446990177
277,6925,Wormhole Attack,1.0,0.17157440023396245,0.187920528699133,0.6577517144319059,0.17157440023396245,0.187920528699133,0.6577517144319059,0.3594949289330954,0.8293261146658684,0.845672243131039,1.0172466433650014,-1.2294107178061395,1.4971552153286862,3.560380558111819,-1.2294107178061395,1.4971552153286862,3.560380558111819,0.2677444975225467,2.3309698403056793,5.057535773440505,3.8281250556343656
278,6950,Wormhole Attack,1.0,0.13358225389875927,0.18830242661918592,0.7623522598849565,0.13358225389875927,0.18830242661918592,0.7623522598849565,0.32188468051794517,0.8959345137837158,0.9506546865041424,1.0842369404029015,-1.4585543738868818,1.504501184443523,4.495981540379133,-1.4585543738868818,1.504501184443523,4.495981540379133,0.04594681055664118,3.037427166492251,6.000482724822656,4.541928350935774
279,6975,Wormhole Attack,1.0,0.29173945604112295,0.1879713877469078,0.8015773388150943,0.29173945604112295,0.1879713877469078,0.8015773388150943,0.47971084378803075,1.0933167948562172,0.9895487265620021,1.281288182603125,-0.5046540805301489,1.4981335107698133,4.846830785166505,-0.5046540805301489,1.4981335107698133,4.846830785166505,0.9934794302396643,4.342176704636356,6.344964295936318,5.840310215406169
280,7000,Wormhole Attack,1.0,0.26455635586973075,0.15765321523479744,0.705242239106652,0.26455635586973075,0.15765321523479744,0.705242239106652,0.42220957110452817,0.9697985949763828,0.8628954543414494,1.1274518102111801,-0.6686046744746211,0.9149505521891625,3.9851601932622462,-0.6686046744746211,0.9149505521891625,3.9851601932622462,0.24634587771454142,3.316555518787625,4.900110745451409,4.2315060709767875
281,7025,Wormhole Attack,1.0,0.17862861668118027,0.18819522925325946,0.792319350626199,0.17862861668118027,0.18819522925325946,0.792319350626199,0.36682384593443973,0.9709479673073792,0.9805145798794584,1.1591431965606387,-1.186864320631347,1.5024391974623463,4.764022585593229,-1.186864320631347,1.5024391974623463,4.764022585593229,0.3155748768309994,3.5771582649618816,6.2664617830555756,5.079597462424228
282,7050,Wormhole Attack,1.0,0.19000651281749348,0.18818699846919876,0.7330526716805216,0.19000651281749348,0.18818699846919876,0.7330526716805216,0.3781935112866922,0.923059184498015,0.9212396701497203,1.1112461829672138,-1.1182403293417056,1.5022808748260448,4.23391098056163,-1.1182403293417056,1.5022808748260448,4.23391098056163,0.3840405454843392,3.1156706512199244,5.736191855387675,4.617951526045969
283,7075,Wormhole Attack,1.0,0.22108621172476017,0.1885352566957682,0.7762218147934772,0.22108621172476017,0.1885352566957682,0.7762218147934772,0.4096214684205284,0.9973080265182374,0.9647570714892454,1.1858432832140056,-0.9307880128901649,1.508979770112022,4.620037960351119,-0.9307880128901649,1.508979770112022,4.620037960351119,0.5781917572218571,3.6892499474609535,6.129017730463141,5.198229717572976
284,7100,Wormhole Attack,1.0,0.26426502745843,0.18790342380680045,0.7077543041047828,0.26426502745843,0.18790342380680045,0.7077543041047828,0.4521684512652304,0.9720193315632129,0.8956577279115833,1.159922755370013,-0.6703617759738799,1.4968261954409368,4.007629392343292,-0.6703617759738799,1.4968261954409368,4.007629392343292,0.8264644194670568,3.3372676163694117,5.5044555877842285,4.834093811810349
285,7125,Wormhole Attack,1.0,0.26232601653452015,0.1880517653773584,0.7979447671912667,0.26232601653452015,0.1880517653773584,0.7979447671912667,0.45037778191187855,1.060270783725787,0.9859965325686251,1.2483225491031453,-0.682056615437938,1.4996796087185325,4.814339199537681,-0.682056615437938,1.4996796087185325,4.814339199537681,0.8176229932805944,4.132282584099743,6.314018808256213,5.631962192818276
286,7150,Wormhole Attack,1.0,0.2992508056162178,0.18809738445603852,0.7289468806718036,0.2992508056162178,0.18809738445603852,0.7289468806718036,0.4873481900722563,1.0281976862880213,0.9170442651278421,1.2162950707440598,-0.45935055678205944,1.5005571111228004,4.197186677795302,-0.45935055678205944,1.5005571111228004,4.197186677795302,1.041206554340741,3.7378361210132427,5.697743788918102,5.238393232136043
287,7175,Wormhole Attack,1.0,0.16638489168314155,0.18735166656365654,0.7367690270717348,0.16638489168314155,0.18735166656365654,0.7367690270717348,0.35373655824679806,0.9031539187548763,0.9241206936353913,1.0905055853185328,-1.2607104225426293,1.4862129099156818,4.267151971221991,-1.2607104225426293,1.4862129099156818,4.267151971221991,0.22550248737305245,3.0064415486793616,5.7533648811376725,4.492654458595044
288,7200,Wormhole Attack,1.0,0.7547359637292087,0.18936900313466903,0.8278759080202893,0.7547359637292087,0.18936900313466903,0.8278759080202893,0.9441049668638777,1.582611871749498,1.0172449111549584,1.771980874884167,2.2878365460380845,1.5250172378964026,5.082058690279573,2.2878365460380845,1.5250172378964026,5.082058690279573,3.812853783934487,7.3698952363176575,6.607075928175975,8.89491247421406
289,7225,Wormhole Attack,1.0,0.956346862794264,0.18842431205702698,0.7294152776418059,0.956346862794264,0.18842431205702698,0.7294152776418059,1.144771174851291,1.6857621404360699,0.917839589698833,1.874186452493097,3.50382097897563,1.5068457027425615,4.201376260778136,3.50382097897563,1.5068457027425615,4.201376260778136,5.010666681718192,7.705197239753765,5.708221963520697,9.212042942496328
290,7250,Wormhole Attack,1.0,0.7396237137716241,0.18810964309484737,0.6877181992049028,0.7396237137716241,0.18810964309484737,0.6877181992049028,0.9277333568664714,1.427341912976527,0.8758278422997502,1.6154515560713743,2.1966893869296156,1.5007929112603537,3.8284161832348116,2.1966893869296156,1.5007929112603537,3.8284161832348116,3.6974822981899695,6.025105570164428,5.329209094495165,7.525898481424781
291,7275,Wormhole Attack,1.0,0.7637300309312207,0.1884170236167073,0.7775036384605942,0.7637300309312207,0.1884170236167073,0.7775036384605942,0.952147054547928,1.541233669391815,0.9659206620773015,1.7296506930085223,2.3420828479848446,1.5067055064893948,4.631503249340328,2.3420828479848446,1.5067055064893948,4.631503249340328,3.848788354474239,6.973586097325173,6.138208755829723,8.480291603814567
292,7300,Wormhole Attack,1.0,0.8385806089352592,0.1881238364853735,0.6886396027222473,0.8385806089352592,0.1881238364853735,0.6886396027222473,1.0267044454206327,1.5272202116575064,0.8767634392076209,1.7153440481428799,2.79353233842097,1.5010659271710594,3.8366576893584963,2.79353233842097,1.5010659271710594,3.8366576893584963,4.294598265592029,6.6301900277794665,5.337723616529556,8.131255954950525
293,7325,Wormhole Attack,1.0,0.7807586188059641,0.18929493849693368,0.7516944564844537,0.7807586188059641,0.18929493849693368,0.7516944564844537,0.9700535573028978,1.5324530752904177,0.9409893949813873,1.7217480137873515,2.4447880978826464,1.5235925730508073,4.400652674863819,2.4447880978826464,1.5235925730508073,4.400652674863819,3.9683806709334535,6.845440772746466,5.924245247914627,8.369033345797273
294,7350,Wormhole Attack,1.0,0.7668926526887865,0.1889054818344796,0.7914199274538153,0.7668926526887865,0.1889054818344796,0.7914199274538153,0.9557981345232661,1.5583125801426019,0.9803254092882949,1.7472180619770814,2.361157703770437,1.516101208307164,4.755977682959965,2.361157703770437,1.516101208307164,4.755977682959965,3.8772589120776013,7.117135386730402,6.272078891267129,8.633236595037566
295,7375,Wormhole Attack,1.0,0.7007278498610979,0.18838124892361224,0.7604699551076386,0.7007278498610979,0.18838124892361224,0.7604699551076386,0.8891090987847101,1.4611978049687364,0.9488512040312509,1.6495790538923487,1.9620951004094438,1.5060173650338646,4.479145240042865,1.9620951004094438,1.5060173650338646,4.479145240042865,3.4681124654433084,6.441240340452309,5.985162605076729,7.947257705486173
296,7400,Wormhole Attack,1.0,0.6512415125807874,0.18820624449828965,0.7716322810444151,0.6512415125807874,0.18820624449828965,0.7716322810444151,0.839447757079077,1.4228737936252025,0.9598385255427047,1.6110800381234922,1.6636260391880189,1.5026510803910957,4.578986814153236,1.6636260391880189,1.5026510803910957,4.578986814153236,3.1662771195791146,6.242612853341255,6.081637894544332,7.745263933732351
297,7425,Wormhole Attack,1.0,0.8703260443384108,0.18817235563094448,0.7685290904103331,0.8703260443384108,0.18817235563094448,0.7685290904103331,1.0584983999693551,1.638855134748744,0.9567014460412776,1.8270274903796881,2.9849999398555567,1.5019992135969011,4.551230283890084,2.9849999398555567,1.5019992135969011,4.551230283890084,4.486999153452458,7.5362302237456404,6.053229497486985,9.038229437342542
298,7450,Wormhole Attack,1.0,0.6979336290446587,0.10315475167855258,0.5892410496217468,0.6979336290446587,0.10315475167855258,0.5892410496217468,0.8010883807232113,1.2871746786664056,0.6923958013002994,1.3903294303449583,1.9452421969665412,-0.1333506012571856,2.947585997485536,1.9452421969665412,-0.1333506012571856,2.947585997485536,1.8118915957093555,4.892828194452077,2.8142353962283506,4.759477593194892
299,7475,Flooding Attack,1.0,1.032950022051796,0.09899240987217944,0.27366710414132184,1.032950022051796,0.09899240987217944,0.27366710414132184,1.1319424319239755,1.3066171261931179,0.3726595140135013,1.4056095360652974,3.9658408876361126,-0.21341501834218654,0.1249306079686648,3.9658408876361126,-0.21341501834218654,0.1249306079686648,3.7524258692939263,4.090771495604778,-0.08848441037352174,3.877356477262591
300,7500,Flooding Attack,1.0,0.9452941745000613,0.10052894212543856,0.21785666526984418,0.9452941745000613,0.10052894212543856,0.21785666526984418,1.0458231166254999,1.1631508397699055,0.31838560739528277,1.263679781895344,3.437158427644391,-0.18385916615313022,-0.3742666113456594,3.437158427644391,-0.18385916615313022,-0.3742666113456594,3.253299261491261,3.0628918162987318,-0.5581257774987897,2.8790326501456014
301,7525,Flooding Attack,1.0,1.0110438719045374,0.12505441882038773,0.21481234176000014,1.0110438719045374,0.12505441882038773,0.21481234176000014,1.136098290724925,1.2258562136645375,0.3398667605803879,1.3509106324849252,3.833717387923611,0.28789882169551406,-0.40149660382622443,3.833717387923611,0.28789882169551406,-0.40149660382622443,4.121616209619125,3.4322207840973866,-0.11359778213071037,3.7201196057929007
302,7550,Flooding Attack,1.0,0.9145190894992427,0.11366970912646691,0.13833320810661576,0.9145190894992427,0.11366970912646691,0.13833320810661576,1.0281887986257097,1.0528522976058583,0.25200291723308266,1.1665220067323254,3.2515433420668503,0.06890908281100468,-1.0855652409364993,3.2515433420668503,0.06890908281100468,-1.0855652409364993,3.320452424877855,2.165978101130351,-1.0166561581254947,2.234887183941356
303,7575,Sybil Attack,1.0,0.8718889805220075,0.23710522963324046,0.15391498427625525,0.8718889805220075,0.23710522963324046,0.15391498427625525,1.108994210155248,1.0258039647982626,0.3910202139094957,1.2629091944315032,2.9944265436638915,2.443243881992213,-0.9461938349209585,2.9944265436638915,2.443243881992213,-0.9461938349209585,5.437670425656105,2.048232708742933,1.4970500470712542,4.491476590735147
304,7600,Sybil Attack,1.0,1.0952120305503512,0.10121621145451663,0.23293032449826248,1.0952120305503512,0.10121621145451663,0.23293032449826248,1.1964282420048677,1.3281423550486138,0.3341465359527791,1.4293585665031303,4.341364400743599,-0.17063924795016489,-0.23944006412845617,4.341364400743599,-0.17063924795016489,-0.23944006412845617,4.170725152793434,4.101924336615142,-0.410079312078621,3.931285088664978
305,7625,Sybil Attack,1.0,1.0080850725282324,0.15668232177035363,0.26493904451077593,1.0080850725282324,0.15668232177035363,0.26493904451077593,1.1647673942985861,1.2730241170390084,0.42162136628112956,1.429706438809362,3.815871854778049,0.8962750029674937,0.04686236149578476,3.815871854778049,0.8962750029674937,0.04686236149578476,4.712146857745543,3.8627342162738336,0.9431373644632784,4.759009219241327
306,7650,Sybil Attack,1.0,0.9682578522374918,0.10262435746679463,0.1357626937478021,0.9682578522374918,0.10262435746679463,0.1357626937478021,1.0708822097042865,1.1040205459852939,0.23838705121459672,1.2066449034520885,3.5756602387131458,-0.1435529597767665,-1.1085572411084084,3.5756602387131458,-0.1435529597767665,-1.1085572411084084,3.432107278936379,2.467102997604737,-1.2521102008851748,2.323550037827971
307,7675,Sybil Attack,1.0,0.8659530137578346,0.07612201505141597,0.13344422571894063,0.8659530137578346,0.07612201505141597,0.13344422571894063,0.9420750288092505,0.9993972394767753,0.2095662407703566,1.075519254528191,2.958624693599527,-0.6533368015615684,-1.129294809500265,2.958624693599527,-0.6533368015615684,-1.129294809500265,2.305287892037959,1.829329884099262,-1.7826316110618334,1.1759930825376939
308,7700,Sybil Attack,1.0,0.7604035074719384,0.08878344367567866,0.1678032518105891,0.7604035074719384,0.08878344367567866,0.1678032518105891,0.8491869511476171,0.9282067592825275,0.2565866954862678,1.0169902029582063,2.322019444860078,-0.4097888303899617,-0.8219700396163131,2.322019444860078,-0.4097888303899617,-0.8219700396163131,1.9122306144701164,1.500049405243765,-1.2317588700062747,1.0902605748538035
309,7725,Sybil Attack,1.0,0.8503007862592908,0.05259706570180472,0.43763970734430635,0.8503007862592908,0.05259706570180472,0.43763970734430635,0.9028978519610955,1.2879404936035972,0.4902367730461111,1.3405375593054019,2.8642207448681405,-1.1058492198706258,1.5915857573961558,2.8642207448681405,-1.1058492198706258,1.5915857573961558,1.7583715249975147,4.455806502264297,0.48573653752553003,3.3499572823936705
310,7750,Sybil Attack,1.0,1.0716306332577414,0.12897888494584187,0.421914994661291,1.0716306332577414,0.12897888494584187,0.421914994661291,1.2006095182035832,1.4935456279190324,0.5508938796071329,1.6225245128648742,4.199136911318653,0.3633875987640425,1.450935853818895,4.199136911318653,0.3633875987640425,1.450935853818895,4.562524510082695,5.650072765137548,1.8143234525829375,6.01346036390159
311,7775,Sybil Attack,1.0,1.017487983287955,0.08436227473834067,0.3168615927521031,1.017487983287955,0.08436227473834067,0.3168615927521031,1.1018502580262957,1.3343495760400583,0.4012238674904438,1.418711850778399,3.8725840323495313,-0.4948318975547698,0.5112842909035249,3.8725840323495313,-0.4948318975547698,0.5112842909035249,3.3777521347947617,4.383868323253056,0.01645239334875509,3.8890364256982863
312,7800,Sybil Attack,1.0,0.9724735521443869,0.10491419606755593,0.39527488462132343,0.9724735521443869,0.10491419606755593,0.39527488462132343,1.077387748211943,1.3677484367657105,0.5001890806888794,1.4726626328332664,3.6010865697522556,-0.09950693921498156,1.212653032126629,3.6010865697522556,-0.09950693921498156,1.212653032126629,3.501579630537274,4.8137396018788845,1.1131460929116472,4.714232662663903
313,7825,Sybil Attack,1.0,0.9711511264586524,0.041958427208821196,0.36893355580271986,0.9711511264586524,0.041958427208821196,0.36893355580271986,1.0131095536674737,1.3400846822613723,0.41089198301154106,1.3820431094701935,3.5931105671897603,-1.3104879615075065,0.9770426630777065,3.5931105671897603,-1.3104879615075065,0.9770426630777065,2.2826226056822536,4.570153230267467,-0.3334452984298,3.25966526875996
314,7850,Sybil Attack,1.0,1.0134653620951157,0.07725511198680247,0.6568394277547457,1.0134653620951157,0.07725511198680247,0.6568394277547457,1.0907204740819183,1.6703047898498613,0.7340945397415481,1.7475599018366639,3.848322225211223,-0.6315411995056259,3.552220597687486,3.848322225211223,-0.6315411995056259,3.552220597687486,3.216781025705597,7.400542822898709,2.9206793981818597,6.769001623393082
315,7875,Sybil Attack,1.0,1.026293674560463,0.10320417751911778,0.5312347874976547,1.026293674560463,0.10320417751911778,0.5312347874976547,1.1294978520795806,1.5575284620581176,0.6344389650167725,1.6607326395772355,3.9256941745009657,-0.132399874167034,2.4287482076260654,3.9256941745009657,-0.132399874167034,2.4287482076260654,3.793294300333932,6.354442382127031,2.2963483334590316,6.222042507959998
316,7900,Sybil Attack,1.0,1.046086564738954,0.06342766440211418,0.509784711803529,1.046086564738954,0.06342766440211418,0.509784711803529,1.109514229141068,1.555871276542483,0.5732123762056432,1.619298940944597,4.045071879037273,-0.8975180419039043,2.2368877177767077,4.045071879037273,-0.8975180419039043,2.2368877177767077,3.147553837133369,6.281959596813981,1.3393696758728035,5.384441554910077
317,7925,Sybil Attack,1.0,1.0667444784237978,0.07972267877117999,0.4292538177408525,1.0667444784237978,0.07972267877117999,0.4292538177408525,1.1464671571949778,1.4959982961646503,0.5089764965120325,1.5757209749358303,4.16966683682094,-0.5840765016504433,1.5165780553216166,4.16966683682094,-0.5840765016504433,1.5165780553216166,3.5855903351704965,5.686244892142557,0.9325015536711733,5.102168390492113
318,7950,Sybil Attack,1.0,1.0995011528132652,0.09913209312254358,0.6021810286080914,1.0995011528132652,0.09913209312254358,0.6021810286080914,1.1986332459358089,1.7016821814213565,0.701313121730635,1.8008142745439004,4.36723356717684,-0.2107281515404696,3.063327813149169,4.36723356717684,-0.2107281515404696,3.063327813149169,4.156505415636371,7.43056138032601,2.8525996616086995,7.219833228785539
319,7975,Sybil Attack,1.0,1.0569265835619854,0.234655947210574,0.5470427190937179,1.0569265835619854,0.234655947210574,0.5470427190937179,1.2915825307725595,1.6039693026557034,0.781698666304292,1.8386252498662774,4.110451747896957,2.396130891620526,2.57014246388766,4.110451747896957,2.396130891620526,2.57014246388766,6.506582639517483,6.6805942117846175,4.966273355508186,9.076725103405144
320,8000,Sybil Attack,1.0,0.8827777434238515,0.21122806156259355,0.3515871412915325,0.8827777434238515,0.21122806156259355,0.3515871412915325,1.0940058049864452,1.234364884715384,0.562815202854126,1.4455929462779777,3.0601004047695737,1.945485534944726,0.8218874257394143,3.0601004047695737,1.945485534944726,0.8218874257394143,5.005585939714299,3.881987830508988,2.76737296068414,5.827473365453714
321,8025,Sybil Attack,1.0,1.011837009226381,0.21571212244646748,0.34094106380470013,1.011837009226381,0.21571212244646748,0.34094106380470013,1.2275491316728486,1.3527780730310812,0.5566531862511677,1.5684901954775488,3.8385010709537264,2.0317383554822706,0.726663442816256,3.8385010709537264,2.0317383554822706,0.726663442816256,5.870239426435997,4.565164513769982,2.7584017982985265,6.596902869252253
322,8050,Sybil Attack,1.0,1.0359136526353614,0.24564861174222336,0.34504394175737146,1.0359136526353614,0.24564861174222336,0.34504394175737146,1.2815622643775848,1.3809575943927328,0.5906925534995948,1.6266062061349562,3.9837155594485245,2.6075794748651506,0.763361689713689,3.9837155594485245,2.6075794748651506,0.763361689713689,6.591295034313675,4.7470772491622135,3.3709411645788396,7.354656724027365
323,8075,Sybil Attack,1.0,0.6922019820349615,0.1475499046499037,0.2506353520252197,0.6922019820349615,0.1475499046499037,0.2506353520252197,0.8397518866848652,0.9428373340601812,0.3981852566751234,1.0903872387100848,1.9106726693705363,0.7206090708217089,-0.08107720785897274,1.9106726693705363,0.7206090708217089,-0.08107720785897274,2.6312817401922453,1.8295954615115635,0.6395318629627361,2.5502045323332725
324,8100,Flooding Attack,1.0,1.1335186716321521,0.10557911123013734,0.30645619898169374,1.1335186716321521,0.10557911123013734,0.30645619898169374,1.2390977828622896,1.4399748706138458,0.4120353102118311,1.5455539818439834,4.57240488243187,-0.08671701292359742,0.4182131067112506,4.57240488243187,-0.08671701292359742,0.4182131067112506,4.485687869508273,4.990617989143121,0.3314960937876532,4.903900976219523
325,8125,Flooding Attack,1.0,1.1319816860987757,0.10260040601322586,0.4936683069639555,1.1319816860987757,0.10260040601322586,0.4936683069639555,1.2345820921120017,1.6256499930627313,0.5962687129771814,1.7282503990759572,4.563134795889411,-0.14401367618534833,2.09273431844964,4.563134795889411,-0.14401367618534833,2.09273431844964,4.419121119704062,6.655869114339051,1.9487206422642918,6.511855438153702
326,8150,Flooding Attack,1.0,1.1273105540305721,0.10694921032005394,0.4312376995751293,1.1273105540305721,0.10694921032005394,0.4312376995751293,1.2342597643506261,1.5585482536057014,0.5381869098951833,1.6654974639257554,4.5349615973893735,-0.060362573503244525,1.53432291300675,4.5349615973893735,-0.060362573503244525,1.53432291300675,4.474599023886129,6.069284510396123,1.4739603395035055,6.008921936892879
327,8175,Flooding Attack,1.0,1.0613234663176019,0.11605888207647136,0.3009142397646638,1.0613234663176019,0.11605888207647136,0.3009142397646638,1.1773823483940733,1.3622377060822657,0.41697312184113516,1.478296588158737,4.136970854795815,0.11486584187977443,0.3686429781361,4.136970854795815,0.11486584187977443,0.3686429781361,4.25183669667559,4.505613832931915,0.4835088200158744,4.62047967481169
328,8200,Flooding Attack,1.0,1.004563818316866,0.1346267402440189,0.326001311778954,1.004563818316866,0.1346267402440189,0.326001311778954,1.1391905585608848,1.33056513009582,0.46062805202297286,1.4651918703398388,3.7946339637449067,0.47202650043631966,0.5930346303700341,3.7946339637449067,0.47202650043631966,0.5930346303700341,4.266660464181227,4.387668594114941,1.0650611308063538,4.8596950945512605
329,8225,Flooding Attack,1.0,1.024515310455941,0.12934751280331128,0.1491130099177977,1.024515310455941,0.12934751280331128,0.1491130099177977,1.1538628232592523,1.1736283203737388,0.278460522721109,1.30297583317705,3.914968251065171,0.3704783125743286,-0.9891451589999701,3.914968251065171,0.3704783125743286,-0.9891451589999701,4.2854465636395,2.9258230920652006,-0.6186668464256415,3.2963014046395296
330,8250,Flooding Attack,1.0,0.8404735497836021,0.17742126798811175,0.412707506609984,0.8404735497836021,0.17742126798811175,0.412707506609984,1.017894817771714,1.2531810563935861,0.5901287745980958,1.4306023243816979,2.804949313469099,1.295197464678736,1.3685793534038566,2.804949313469099,1.295197464678736,1.3685793534038566,4.100146778147835,4.173528666872955,2.6637768180825927,5.4687261315516915
331,8275,Flooding Attack,1.0,0.9060224440695909,0.0780936309543247,0.7352102313981588,0.9060224440695909,0.0780936309543247,0.7352102313981588,0.9841160750239155,1.6412326754677498,0.8133038623524835,1.7193263064220743,3.2002971613169064,-0.615411930100939,4.253209302404778,3.2002971613169064,-0.615411930100939,4.253209302404778,2.5848852312159676,7.453506463721684,3.637797372303839,6.838094533620746
332,8300,Flooding Attack,1.0,0.791750577101152,0.10536946413100663,0.5682851301329289,0.791750577101152,0.10536946413100663,0.5682851301329289,0.8971200412321587,1.360035707234081,0.6736545942639356,1.4654051713650875,2.51108436577506,-0.09074966414886709,2.760145494444823,2.51108436577506,-0.09074966414886709,2.760145494444823,2.4203347016261927,5.271229860219883,2.6693958302959557,5.180480196071016
333,8325,Flooding Attack,1.0,1.184603655588963,0.12915185428732656,0.644362453983957,1.184603655588963,0.12915185428732656,0.644362453983957,1.3137555098762896,1.82896610957292,0.7735143082712835,1.9581179638602466,4.8805159296838445,0.36671473770259494,3.4406201383866972,4.8805159296838445,0.36671473770259494,3.4406201383866972,5.2472306673864395,8.321136068070542,3.807334876089292,8.687850805773136
334,8350,Flooding Attack,1.0,1.1860905930068895,0.17038444934217584,0.5941898971788682,1.1860905930068895,0.17038444934217584,0.5941898971788682,1.3564750423490652,1.7802804901857576,0.764574346521044,1.9506649395279334,4.889484158888395,1.1598412615535911,2.9918510308606456,4.889484158888395,1.1598412615535911,2.9918510308606456,6.049325420441987,7.881335189749041,4.1516922924142365,9.041176451302633
335,8375,Flooding Attack,1.0,1.185225774154888,0.1697584503782111,0.5919201540611951,1.185225774154888,0.1697584503782111,0.5919201540611951,1.354984224533099,1.777145928216083,0.7616786044394063,1.946904378594294,4.884268139981573,1.1477999049141845,2.971549283090673,4.884268139981573,1.1477999049141845,2.971549283090673,6.032068044895757,7.855817423072246,4.119349188004858,9.00361732798643
336,8400,Flooding Attack,1.0,1.1368979494534384,0.1734217607638013,0.5628501433989626,1.1368979494534384,0.1734217607638013,0.5628501433989626,1.3103197102172397,1.699748092852401,0.7362719041627639,1.8731698536162023,4.592786465195058,1.2182652401191463,2.711532182679722,4.592786465195058,1.2182652401191463,2.711532182679722,5.811051705314204,7.30431864787478,3.9297974227988686,8.522583887993926
337,8425,Flooding Attack,1.0,1.0980077638553327,0.17155935696839886,0.4726031144164294,1.0980077638553327,0.17155935696839886,0.4726031144164294,1.2695671208237316,1.570610878271762,0.6441624713848282,1.742170235240161,4.358226426523294,1.1824411100519139,1.9043164210691557,4.358226426523294,1.1824411100519139,1.9043164210691557,5.540667536575208,6.262542847592449,3.0867575311210693,7.444983957644364
338,8450,Flooding Attack,1.0,1.0151017643772335,0.1533817660042156,0.12473333257104513,1.0151017643772335,0.1533817660042156,0.12473333257104513,1.1684835303814491,1.1398350969482787,0.27811509857526073,1.2932168629524943,3.858191928239712,0.8327874073385705,-1.2072095101387497,3.858191928239712,0.8327874073385705,-1.2072095101387497,4.690979335578282,2.6509824181009622,-0.3744221028001792,3.4837698254395324
339,8475,Flooding Attack,1.0,1.0034785747646071,0.08422894681853846,0.24325192691554942,1.0034785747646071,0.08422894681853846,0.24325192691554942,1.0877075215831455,1.2467305016801564,0.32748087373408785,1.330959448498695,3.788088487921862,-0.49739651686685393,-0.14711835281844388,3.788088487921862,-0.49739651686685393,-0.14711835281844388,3.290691971055008,3.6409701351034185,-0.6445148696852978,3.143573618236564
340,8500,Flooding Attack,1.0,1.0076243965147382,0.09880587946889725,0.3804346195951112,1.0076243965147382,0.09880587946889725,0.3804346195951112,1.1064302759836355,1.3880590161098494,0.47924049906400845,1.4868648955787467,3.8130933598472962,-0.21700301007908618,1.0799140824825906,3.8130933598472962,-0.21700301007908618,1.0799140824825906,3.59609034976821,4.893007442329887,0.8629110724035044,4.676004432250801
341,8525,Flooding Attack,1.0,1.0613162281669055,0.08676228021866322,0.4704124251737593,1.0613162281669055,0.08676228021866322,0.4704124251737593,1.1480785083855687,1.5317286533406649,0.5571747053924225,1.618490933559328,4.1369271990281415,-0.44866677015254236,1.884721771744841,4.1369271990281415,-0.44866677015254236,1.884721771744841,3.688260428875599,6.021648970772983,1.4360550015922986,5.57298220062044
342,8550,Flooding Attack,1.0,0.8580226447700376,0.15727378629254826,0.273255954813998,0.8580226447700376,0.15727378629254826,0.273255954813998,1.0152964310625858,1.1312785995840358,0.4305297411065463,1.2885523858765837,2.9107939201575603,0.9076520749137391,0.12125307729388086,2.9107939201575603,0.9076520749137391,0.12125307729388086,3.8184459950712997,3.0320469974514412,1.02890515220762,3.9396990723651806
343,8575,Flooding Attack,1.0,1.00736367159298,0.09001097519064949,0.27111874299869854,1.00736367159298,0.09001097519064949,0.27111874299869854,1.0973746467836294,1.2784824145916784,0.361129718189348,1.368493389782328,3.8115208384825925,-0.38617673898287813,0.10213675753620817,3.8115208384825925,-0.38617673898287813,0.10213675753620817,3.425344099499714,3.9136575960188007,-0.28403998144667,3.5274808570359224
344,8600,Normal Traffic,0.04,0.23919904901093253,0.15750807662905555,0.1712782295382323,0.23919904901093253,0.15750807662905555,0.1712782295382323,0.3967071256399881,0.4104772785491648,0.3287863061672879,0.5679853551782204,-0.821543283173398,0.9121587493037144,-0.7908880547064038,-0.821543283173398,0.9121587493037144,-0.7908880547064038,0.09061546613031646,-1.6124313378798019,0.12127069459731066,-0.7002725885760873
345,8625,Normal Traffic,0.04,0.11864328271624197,0.05149687504114868,0.14400996968040078,0.11864328271624197,0.05149687504114868,0.14400996968040078,0.17014015775739066,0.2626532523966427,0.19550684472154944,0.31415012743779147,-1.5486564293128737,-1.1270118557197324,-1.034789370872662,-1.5486564293128737,-1.1270118557197324,-1.034789370872662,-2.6756682850326063,-2.583445800185536,-2.1618012265923943,-3.7104576559052687
346,8650,Normal Traffic,0.0,0.5275965366860322,0.12431098729228321,0.18047794353363786,0.5275965366860322,0.12431098729228321,0.18047794353363786,0.6519075239783154,0.7080744802196701,0.30478893082592107,0.8323854675119533,0.9178808111463257,0.2735985996788688,-0.708601089438683,0.9178808111463257,0.2735985996788688,-0.708601089438683,1.1914794108251945,0.20927972170764264,-0.43500248975981426,0.48287832138651143
347,8675,Normal Traffic,0.04,0.21917159433951153,0.08749624911239803,0.19902867727895762,0.21917159433951153,0.08749624911239803,0.19902867727895762,0.30666784345190956,0.4182002716184692,0.2865249263913556,0.5056965207308672,-0.9423357265618484,-0.43454856593744806,-0.5426738025519164,-0.9423357265618484,-0.43454856593744806,-0.5426738025519164,-1.3768842924992963,-1.4850095291137648,-0.9772223684893645,-1.9195580950512128
348,8700,Normal Traffic,0.0,0.3110899575576231,0.11311837764247851,0.17602578547833422,0.3110899575576231,0.11311837764247851,0.17602578547833422,0.4242083352001016,0.4871157430359573,0.2891441631208127,0.6002341206784358,-0.38794457363981966,0.058303986944405584,-0.7484234769005254,-0.38794457363981966,0.058303986944405584,-0.7484234769005254,-0.3296405866954141,-1.136368050540345,-0.6901194899561198,-1.0780640635959395
349,8725,Normal Traffic,0.0,0.3851995912711661,0.11375544561485981,0.1748063588958166,0.3851995912711661,0.11375544561485981,0.1748063588958166,0.49895503688602594,0.5600059501669827,0.2885618045106764,0.6737613957818426,0.05903602782703551,0.07055826067419264,-0.7593306543293318,0.05903602782703551,0.07055826067419264,-0.7593306543293318,0.12959428850122814,-0.7002946265022962,-0.6887723936551391,-0.6297363658281037
350,8750,Normal Traffic,0.04,0.17090438018587897,0.03417080593781629,0.12333888980382804,0.17090438018587897,0.03417080593781629,0.12333888980382804,0.20507518612369527,0.294243269989707,0.15750969574164433,0.3284140759275233,-1.233451838360652,-1.4602861728382237,-1.2196821221798546,-1.233451838360652,-1.4602861728382237,-1.2196821221798546,-2.693738011198876,-2.453133960540507,-2.679968295018078,-3.9134201333787306
351,8775,Normal Traffic,0.04,0.23788314689234596,0.08028817880549807,0.2850588841851963,0.23788314689234596,0.08028817880549807,0.2850588841851963,0.318171325697844,0.5229420310775423,0.3653470629906944,0.6032302098830403,-0.8294799398665189,-0.5731988676848951,0.22682453741864092,-0.8294799398665189,-0.5731988676848951,0.22682453741864092,-1.402678807551414,-0.602655402447878,-0.3463743302662542,-1.1758542701327732
352,8800,Normal Traffic,0.12,0.23405110935794002,0.03296664121120876,0.14309724849160277,0.23405110935794002,0.03296664121120876,0.14309724849160277,0.2670177505691488,0.3771483578495428,0.17606388970281153,0.41011499906075155,-0.8525922716396461,-1.4834487941209191,-1.0429532177921688,-0.8525922716396461,-1.4834487941209191,-1.0429532177921688,-2.3360410657605652,-1.895545489431815,-2.526402011913088,-3.378994283552734
353,8825,Normal Traffic,0.12,0.2255716570072578,0.08227165493292611,0.27339668039378356,0.2255716570072578,0.08227165493292611,0.27339668039378356,0.3078433119401839,0.49896833740104135,0.35566833532670966,0.5812399923339675,-0.9037347550375212,-0.5350458597552277,0.12251179913043768,-0.9037347550375212,-0.5350458597552277,0.12251179913043768,-1.4387806147927489,-0.7812229559070836,-0.41253406062479,-1.3162688156623112
354,8850,Normal Traffic,0.0,0.2428916321001495,0.05804761478136218,0.294621554025457,0.2428916321001495,0.05804761478136218,0.294621554025457,0.3009392468815117,0.5375131861256065,0.35266916880681914,0.5955608009069686,-0.7992720489562072,-1.001005587331901,0.3123579661105749,-0.7992720489562072,-1.001005587331901,0.3123579661105749,-1.8002776362881083,-0.48691408284563226,-0.6886476212213262,-1.4879196701775335
355,8875,Normal Traffic,0.12,0.19699729543713337,0.0775187420334246,0.18526361196422764,0.19699729543713337,0.0775187420334246,0.18526361196422764,0.27451603747055797,0.382260907401361,0.26278235399765226,0.4597796494347856,-1.0760765233225205,-0.6264701632979379,-0.6657956139502673,-1.0760765233225205,-0.6264701632979379,-0.6657956139502673,-1.7025466866204584,-1.7418721372727877,-1.2922657772482053,-2.368342300570726
356,8900,Normal Traffic,0.12,0.2153294152344052,0.0573740464226229,0.13229639756759132,0.2153294152344052,0.0573740464226229,0.13229639756759132,0.27270346165702813,0.34762581280199656,0.1896704439902142,0.40499985922461945,-0.9655092256238194,-1.0139619615361504,-1.1395615738008251,-0.9655092256238194,-1.0139619615361504,-1.1395615738008251,-1.9794711871599697,-2.1050707994246443,-2.1535235353369755,-3.1190327609607946
357,8925,Normal Traffic,0.04,0.3209221271855922,0.13880583388341017,0.2909096769543145,0.3209221271855922,0.13880583388341017,0.2909096769543145,0.4597279610690024,0.6118318041399067,0.4297155108377247,0.7506376380233168,-0.32864338870857274,0.5524131461628146,0.27915703184417406,-0.32864338870857274,0.5524131461628146,0.27915703184417406,0.22376975745424182,-0.04948635686439867,0.8315701780069886,0.5029267892984159
358,8950,Normal Traffic,0.08,0.15749162933948213,0.10893953848086751,0.27235973310486544,0.15749162933948213,0.10893953848086751,0.27235973310486544,0.26643116782034965,0.4298513624443476,0.38129927158573296,0.5387909009252151,-1.3143487358385295,-0.022077763793622338,0.11323681019162112,-1.3143487358385295,-0.022077763793622338,0.11323681019162112,-1.3364264996321518,-1.2011119256469085,0.09115904639799878,-1.2231896894405307
359,8975,Normal Traffic,0.04,0.3254864685541403,0.08605995126321712,0.358792778353181,0.3254864685541403,0.08605995126321712,0.358792778353181,0.41154641981735746,0.6842792469073213,0.44485272961639816,0.7703391981705385,-0.3011142815198962,-0.46217636668149903,0.8863383431179097,-0.3011142815198962,-0.46217636668149903,0.8863383431179097,-0.7632906482013952,0.5852240615980135,0.4241619764364107,0.12304769491651446
360,9000,Normal Traffic,0.04,0.26544095010636637,0.11746784427612622,0.20272664882458954,0.26544095010636637,0.11746784427612622,0.20272664882458954,0.3829087943824926,0.46816759893095594,0.3201944931007158,0.5856354432070822,-0.6632693834452006,0.14196782976492184,-0.5095972464450199,-0.6632693834452006,0.14196782976492184,-0.5095972464450199,-0.5213015536802788,-1.1728666298902204,-0.3676294166800981,-1.0308988001252986
361,9025,Normal Traffic,0.04,0.21667931014398567,0.09135146330538593,0.28397650801617635,0.21667931014398567,0.09135146330538593,0.28397650801617635,0.3080307734493716,0.500655818160162,0.37532797132156226,0.5920072814655479,-0.9573675467574313,-0.36039187927928173,0.2171432092522181,-0.9573675467574313,-0.36039187927928173,0.2171432092522181,-1.3177594260367131,-0.7402243375052132,-0.14324867002706362,-1.100616216784495
362,9050,Normal Traffic,0.0,0.3832249083987325,0.07972061923201877,0.16561472494627782,0.3832249083987325,0.07972061923201877,0.16561472494627782,0.4629455276307513,0.5488396333450103,0.2453353441782966,0.6285602525770291,0.047126038615128776,-0.5841161177632177,-0.8415453475183842,0.047126038615128776,-0.5841161177632177,-0.8415453475183842,-0.5369900791480889,-0.7944193089032554,-1.425661465281602,-1.378535426666473
363,9075,Normal Traffic,0.08,0.24786002212153496,0.10639495218186154,0.1492070757400654,0.24786002212153496,0.10639495218186154,0.1492070757400654,0.3542549743033965,0.3970670978616003,0.25560202792192693,0.5034620500434619,-0.7693059858575176,-0.07102396480970721,-0.9883037859905822,-0.7693059858575176,-0.07102396480970721,-0.9883037859905822,-0.8403299506672248,-1.7576097718480999,-1.0593277508002894,-1.8286337366578072
364,9100,Normal Traffic,0.12,0.38891228605004263,0.11818632292221112,0.26430122425487745,0.38891228605004263,0.11818632292221112,0.26430122425487745,0.5070986089722538,0.6532135103049201,0.38248754717708855,0.7713998332271312,0.08142856253769923,0.1557880724702975,0.041157369659040904,0.08142856253769923,0.1557880724702975,0.041157369659040904,0.23721663500799672,0.12258593219674013,0.1969454421293384,0.27837400466703766
365,9125,Normal Traffic,0.0,0.49072358916461734,0.10456634073093547,0.15557412790492287,0.49072358916461734,0.10456634073093547,0.15557412790492287,0.5952899298955528,0.6462977170695402,0.2601404686358583,0.7508640578004757,0.6954874267088319,-0.10619808474122847,-0.9313536024730243,0.6954874267088319,-0.10619808474122847,-0.9313536024730243,0.5892893419676034,-0.23586617576419244,-1.0375516872142527,-0.34206426050542094
366,9150,Normal Traffic,0.08,0.5826985223752836,0.10881158943073807,0.14265665152816065,0.5826985223752836,0.10881158943073807,0.14265665152816065,0.6915101118060217,0.7253551739034443,0.25146824095889875,0.8341667633341824,1.2502197726449138,-0.02453891825708045,-1.046894143243322,1.2502197726449138,-0.02453891825708045,-1.046894143243322,1.2256808543878333,0.2033256294015917,-1.0714330615004026,0.17878671114451117
367,9175,Normal Traffic,0.04,0.20851645411854366,0.06963837723419258,0.12948000473053023,0.20851645411854366,0.06963837723419258,0.12948000473053023,0.2781548313527362,0.3379964588490739,0.1991183819647228,0.40763483608326645,-1.006600529206684,-0.7780523358868441,-1.1647528373204565,-1.006600529206684,-0.7780523358868441,-1.1647528373204565,-1.784652865093528,-2.1713533665271405,-1.9428051732073006,-2.9494057024139844
368,9200,Normal Traffic,0.0,0.40660665959587566,0.11967108342982828,0.2684986266019167,0.40660665959587566,0.11967108342982828,0.2684986266019167,0.526277743025704,0.6751052861977924,0.388169710031745,0.7947763696276207,0.18814939401106187,0.18434807308610016,0.0787010912701649,0.18814939401106187,0.18434807308610016,0.0787010912701649,0.372497467097162,0.2668504852812268,0.2630491643562651,0.4511985583673269
369,9225,Normal Traffic,0.0,0.37386185749620243,0.15756193257256415,0.20741127185345057,0.37386185749620243,0.15756193257256415,0.20741127185345057,0.5314237900687666,0.581273129349653,0.3649732044260147,0.7388350619222172,-0.009345730495948114,0.9131946913104415,-0.4676955729081289,-0.009345730495948114,0.9131946913104415,-0.4676955729081289,0.9038489608144934,-0.477041303404077,0.4454991184023126,0.4361533879063645
370,9250,Normal Traffic,0.04,0.32759695058108484,0.07692239811148963,0.4242055324986967,0.32759695058108484,0.07692239811148963,0.4242055324986967,0.40451934869257444,0.7518024830797816,0.5011279306101863,0.8287248811912711,-0.28838524106295677,-0.637941092575971,1.4714236002385261,-0.28838524106295677,-0.637941092575971,1.4714236002385261,-0.9263263336389278,1.1830383591755693,0.8334825076625552,0.5450972665995983
371,9275,Normal Traffic,0.04,0.1625346609930165,0.07689980000974317,0.24297275203956978,0.1625346609930165,0.07689980000974317,0.24297275203956978,0.23943446100275967,0.4055074130325863,0.319872552049313,0.4824072130423295,-1.2839324834734709,-0.6383757766859562,-0.14961543624243182,-1.2839324834734709,-0.6383757766859562,-0.14961543624243182,-1.922308260159427,-1.4335479197159027,-0.787991212928388,-2.071923696401859
372,9300,Normal Traffic,0.0,0.5545642830131041,0.059756974347227806,0.2211340512035256,0.5545642830131041,0.059756974347227806,0.2211340512035256,0.6143212573603319,0.7756983342166297,0.2808910255507534,0.8354553085638575,1.0805325322447308,-0.9681253281902439,-0.34495198888799994,1.0805325322447308,-0.9681253281902439,-0.34495198888799994,0.1124072040544869,0.7355805433567308,-1.313077317078244,-0.23254478483351304
373,9325,Normal Traffic,0.04,0.17103309356314156,0.10864313809623752,0.20935280165260467,0.17103309356314156,0.10864313809623752,0.20935280165260467,0.27967623165937905,0.38038589521574623,0.3179959397488422,0.4890290333119837,-1.2326755238668032,-0.02777915140740145,-0.45032953356940325,-1.2326755238668032,-0.02777915140740145,-0.45032953356940325,-1.2604546752742047,-1.6830050574362065,-0.4781086849768047,-1.710784208843608
374,9350,Normal Traffic,0.12,0.371297619467811,0.08918756021311693,0.17611977822542949,0.371297619467811,0.08918756021311693,0.17611977822542949,0.4604851796809279,0.5474173976932405,0.2653073384385464,0.6366049579063574,-0.02481152891919873,-0.40201547670842036,-0.7475827575129979,-0.02481152891919873,-0.40201547670842036,-0.7475827575129979,-0.4268270056276191,-0.7723942864321965,-1.1495982342214182,-1.174409763140617
375,9375,Normal Traffic,0.04,0.2836022491909233,0.06094383494314194,0.16684538590964684,0.2836022491909233,0.06094383494314194,0.16684538590964684,0.34454608413406523,0.4504476351005702,0.2277892208527888,0.5113914700437121,-0.5537323640124457,-0.9452955592300099,-0.8305376840193167,-0.5537323640124457,-0.9452955592300099,-0.8305376840193167,-1.4990279232424557,-1.3842700480317625,-1.7758332432493265,-2.3295656072617725
376,9400,Normal Traffic,0.0,0.25159453486801264,0.11211540171906532,0.11411157181004605,0.25159453486801264,0.11211540171906532,0.11411157181004605,0.36370993658707795,0.3657061066780587,0.22622697352911136,0.477821508397124,-0.7467818595063009,0.03901131796286922,-1.3022159917814258,-0.7467818595063009,0.03901131796286922,-1.3022159917814258,-0.7077705415434317,-2.0489978512877265,-1.2632046738185565,-2.0099865333248577
377,9425,Normal Traffic,0.0,0.7113299439211869,0.12023575065149254,0.08163076067822306,0.7113299439211869,0.12023575065149254,0.08163076067822306,0.8315656945726794,0.7929607045994099,0.20186651132971561,0.9131964552509024,2.0260399634768307,0.19520968754561752,-1.5927410427565445,2.0260399634768307,0.19520968754561752,-1.5927410427565445,2.221249651022448,0.4332989207202862,-1.397531355210927,0.6285086082659037
378,9450,Normal Traffic,0.04,0.6892070816687067,0.1575245385021777,0.13908511009511904,0.6892070816687067,0.1575245385021777,0.13908511009511904,0.8467316201708844,0.8282921917638257,0.29660964859729677,0.9858167302660035,1.892609398781233,0.9124754004431365,-1.078839843511797,1.892609398781233,0.9124754004431365,-1.078839843511797,2.8050847992243693,0.813769555269436,-0.1663644430686605,1.7262449557125723
379,9475,Normal Traffic,0.08,0.12872762309555327,0.06469621092776749,0.30844823220234674,0.12872762309555327,0.06469621092776749,0.30844823220234674,0.19342383402332075,0.43717585529790004,0.37314444313011425,0.5018720662256675,-1.4878343161505825,-0.8731170093010258,0.43603087458119544,-1.4878343161505825,-0.8731170093010258,0.43603087458119544,-2.3609513254516084,-1.051803441569387,-0.4370861347198303,-1.924920450870413
380,9500,Normal Traffic,0.0,0.19523882279122232,0.0807656200733111,0.15893702440804272,0.19523882279122232,0.0807656200733111,0.15893702440804272,0.2760044428645334,0.35417584719926504,0.2397026444813538,0.4349414672725761,-1.08668247455378,-0.5640150815909121,-0.9012741295796973,-1.08668247455378,-0.5640150815909121,-0.9012741295796973,-1.6506975561446922,-1.9879566041334773,-1.4652892111706093,-2.5519716857243893
381,9525,Normal Traffic,0.12,0.1902509091523834,0.13003864847392146,0.2127568639960769,0.1902509091523834,0.13003864847392146,0.2127568639960769,0.32028955762630484,0.4030077731484603,0.3427955124699984,0.5330464216223818,-1.1167662912809098,0.3837726015030585,-0.4198818522647077,-1.1167662912809098,0.3837726015030585,-0.4198818522647077,-0.7329936897778513,-1.5366481435456174,-0.036109250761649225,-1.152875542042559
382,9550,Normal Traffic,0.12,0.4922550197662867,0.07601688509089043,0.3953118604144392,0.4922550197662867,0.07601688509089043,0.3953118604144392,0.5682719048571772,0.8875668801807259,0.47132874550532966,0.9635837652716164,0.7047240095542527,-0.6553590211195006,1.2129837626042703,0.7047240095542527,-0.6553590211195006,1.2129837626042703,0.04936498843475212,1.917707772158523,0.5576247414847697,1.2623487510390223
383,9575,Normal Traffic,0.16,0.4593862083458406,0.11730895257769941,0.28327526623553345,0.4593862083458406,0.11730895257769941,0.28327526623553345,0.57669516092354,0.742661474581374,0.40058421881323286,0.8599704271590735,0.5064809423303644,0.13891148028523473,0.21087094273644874,0.5064809423303644,0.13891148028523473,0.21087094273644874,0.6453924226155991,0.7173518850668132,0.3497824230216835,0.856263365352048
384,9600,Normal Traffic,0.2,0.3944791779202522,0.0887391016220026,0.2634591880984511,0.3944791779202522,0.0887391016220026,0.2634591880984511,0.4832182795422548,0.6579383660187033,0.3521982897204537,0.746677467640706,0.11500439541882317,-0.4106417686744844,0.033625765959988466,0.11500439541882317,-0.4106417686744844,0.033625765959988466,-0.2956373732556612,0.14863016137881163,-0.3770160027144959,-0.26201160729567274
385,9625,Normal Traffic,0.0,0.2467227526900595,0.07644015160236872,0.15034122858255014,0.2467227526900595,0.07644015160236872,0.15034122858255014,0.3231629042924282,0.39706398127260967,0.22678138018491886,0.4735041328749784,-0.7761652475896111,-0.6472173095327147,-0.9781593406736477,-0.7761652475896111,-0.6472173095327147,-0.9781593406736477,-1.4233825571223258,-1.754324588263259,-1.6253766502063625,-2.4015418977959735
386,9650,Normal Traffic,0.04,0.11229690245423989,0.041226452496498193,0.34744799420524164,0.11229690245423989,0.041226452496498193,0.34744799420524164,0.15352335495073807,0.45974489665948154,0.38867444670173984,0.5009713491559797,-1.5869336238489016,-1.3245678067939675,0.7848647690896856,-1.5869336238489016,-1.3245678067939675,0.7848647690896856,-2.9115014306428693,-0.802068854759216,-0.5397030377042819,-2.1266366615531838
387,9675,Normal Traffic,0.04,0.6357916173382566,0.11909018763614912,0.17064604676525644,0.6357916173382566,0.11909018763614912,0.17064604676525644,0.7548818049744057,0.806437664103513,0.28973623440140556,0.9255278517396621,1.5704424256405627,0.17317429513330465,-0.796542622001506,1.5704424256405627,0.17317429513330465,-0.796542622001506,1.7436167207738673,0.7738998036390566,-0.6233683268682014,0.9470740987723613
388,9700,Normal Traffic,0.0,0.5322436522580914,0.15756554487028232,0.22772722839374968,0.5322436522580914,0.15756554487028232,0.22772722839374968,0.6898091971283737,0.7599708806518412,0.385292773264032,0.9175364255221234,0.9459091579266368,0.913264175395266,-0.28597922704705114,0.9459091579266368,0.913264175395266,-0.28597922704705114,1.8591733333219027,0.6599299308795856,0.6272849483482149,1.5731941062748516
389,9725,Normal Traffic,0.0,0.2422684745279674,0.07897462814592626,0.11358975599864098,0.2422684745279674,0.07897462814592626,0.11358975599864098,0.32124310267389367,0.35585823052660837,0.19256438414456722,0.43483285867253463,-0.8030305258567842,-0.598465573967692,-1.3068833803079258,-0.8030305258567842,-0.598465573967692,-1.3068833803079258,-1.401496099824476,-2.10991390616471,-1.9053489542756177,-2.708379480132402
390,9750,Normal Traffic,0.0,0.5124885253729455,0.03180957869094228,0.3395620979274663,0.5124885253729455,0.03180957869094228,0.3395620979274663,0.5442981040638878,0.8520506233004118,0.37137167661840853,0.8838602019913541,0.8267592167555888,-1.5057053844072317,0.7143292640252651,0.8267592167555888,-1.5057053844072317,0.7143292640252651,-0.6789461676516428,1.541088480780854,-0.7913761203819666,0.03538309637362225
391,9775,Normal Traffic,0.0,0.509814562485122,0.06333536529362838,0.33740005183316535,0.509814562485122,0.06333536529362838,0.33740005183316535,0.5731499277787504,0.8472146143182874,0.4007354171267937,0.9105499796119157,0.8106316300977021,-0.8992934545591231,0.6949908137258536,0.8106316300977021,-0.8992934545591231,0.6949908137258536,-0.08866182446142101,1.5056224438235557,-0.20430264083326954,0.6063289892644326
392,9800,Normal Traffic,0.08,0.24674670880687125,0.03303277580716763,0.18736263490742905,0.24674670880687125,0.03303277580716763,0.18736263490742905,0.2797794846140389,0.4341093437143003,0.22039541071459667,0.46714211952146795,-0.7760207600383339,-1.4821766670057233,-0.6470208750714693,-0.7760207600383339,-1.4821766670057233,-0.6470208750714693,-2.258197427044057,-1.4230416351098032,-2.1291975420771925,-2.9052183021155265
393,9825,Normal Traffic,0.0,0.31930486432014693,0.08641649290382057,0.14258001118937338,0.31930486432014693,0.08641649290382057,0.14258001118937338,0.4057213572239675,0.4618848755095203,0.22899650409319394,0.5483013684133409,-0.33839765535521305,-0.45531813639927265,-1.0475796537819153,-0.33839765535521305,-0.45531813639927265,-1.0475796537819153,-0.7937157917544857,-1.3859773091371284,-1.502897790181188,-1.841295445536401
394,9850,Normal Traffic,0.0,0.18921588106494244,0.08571245759313592,0.1639766125498218,0.18921588106494244,0.08571245759313592,0.1639766125498218,0.27492833865807836,0.35319249361476424,0.24968907014295771,0.4389049512079002,-1.1230089004246506,-0.4688605553978557,-0.8561974658276184,-1.1230089004246506,-0.4688605553978557,-0.8561974658276184,-1.5918694558225064,-1.979206366252269,-1.3250580212254741,-2.448066921650125
395,9875,Normal Traffic,0.08,0.3804503269780446,0.1094545980643265,0.26103501866916,0.3804503269780446,0.1094545980643265,0.26103501866916,0.4899049250423711,0.6414853456472046,0.3704896167334865,0.7509399437115312,0.03039158709926308,-0.012170373379277673,0.011942749973756016,0.03039158709926308,-0.012170373379277673,0.011942749973756016,0.018221213719985408,0.0423343370730191,-0.00022762340552165763,0.030163963693741424
396,9900,Normal Traffic,0.0,0.2309968665104184,0.09124875120922339,0.1519605620031183,0.2309968665104184,0.09124875120922339,0.1519605620031183,0.3222456177196418,0.3829574285135367,0.24320931321234168,0.4742061797227601,-0.8710134570726754,-0.3623675901865986,-0.9636751911662067,-0.8710134570726754,-0.3623675901865986,-0.9636751911662067,-1.2333810472592739,-1.834688648238882,-1.3260427813528053,-2.1970562384254806
397,9925,Normal Traffic,0.16,0.18971181676181348,0.11802114735770197,0.2560786771818271,0.18971181676181348,0.11802114735770197,0.2560786771818271,0.30773296411951545,0.44579049394364056,0.37409982453952906,0.5638116413013425,-1.1200177422584514,0.15261085015067388,-0.032389312960679595,-1.1200177422584514,0.15261085015067388,-0.032389312960679595,-0.9674068921077775,-1.152407055219131,0.12022153718999429,-0.9997962050684571
398,9950,Normal Traffic,0.0,0.2555977445265346,0.0610250724336373,0.18120959789397564,0.2555977445265346,0.0610250724336373,0.18120959789397564,0.3166228169601719,0.4368073424205102,0.24223467032761295,0.49783241485414753,-0.7226371299846237,-0.9437329215071779,-0.7020567971957765,-0.7226371299846237,-0.9437329215071779,-0.7020567971957765,-1.6663700514918016,-1.4246939271804002,-1.6457897187029544,-2.3684268486875784
399,9975,Normal Traffic,0.0,0.2578837571553652,0.09370079620293165,0.14917206044404413,0.2578837571553652,0.09370079620293165,0.14917206044404413,0.35158455335829686,0.40705581759940934,0.24287285664697578,0.5007566138023409,-0.7088494043058662,-0.3152014605845438,-0.9886169807756571,-0.7088494043058662,-0.3152014605845438,-0.9886169807756571,-1.0240508648904099,-1.6974663850815233,-1.303818441360201,-2.012667845666067
400,10000,Normal Traffic,0.16,0.20887676161472263,0.1947785343902193,0.2605744212895155,0.20887676161472263,0.1947785343902193,0.2605744212895155,0.40365529600494193,0.46945118290423815,0.4553529556797348,0.6642297172944575,-1.0044273912044426,1.6290718751238336,0.007822930531527975,-1.0044273912044426,1.6290718751238336,0.007822930531527975,0.624644483919391,-0.9966044606729146,1.6368948056553616,0.6324674144509189
401,10025,Normal Traffic,0.12,0.6915554637101261,0.12619902505803007,0.4000125758685968,0.6915554637101261,0.12619902505803007,0.4000125758685968,0.8177544887681562,1.0915680395787228,0.5262116009266269,1.2177670646367529,1.906773295763978,0.3099158100813244,1.2550293750551442,1.906773295763978,0.3099158100813244,1.2550293750551442,2.2166891058453024,3.1618026708191223,1.5649451851364686,3.4717184809004467
402,10050,Normal Traffic,0.2,0.25596783235168497,0.20706520403110812,0.295971041234934,0.25596783235168497,0.20706520403110812,0.295971041234934,0.4630330363827931,0.551938873586619,0.5030362452660422,0.7590040776177271,-0.7204050034662189,1.8654111976675802,0.3244284725622893,-0.7204050034662189,1.8654111976675802,0.3244284725622893,1.1450061942013612,-0.39597653090392965,2.1898396702298695,1.4694346667636504
403,10075,Normal Traffic,0.2,0.24970045438328356,0.18890219032516067,0.1604388682770004,0.24970045438328356,0.18890219032516067,0.1604388682770004,0.43860264470844423,0.41013932266028397,0.3493410586021611,0.5990415129854446,-0.758205708092077,1.5160378947237994,-0.8878408669430351,-0.758205708092077,1.5160378947237994,-0.8878408669430351,0.7578321866317224,-1.646046575035112,0.6281970277807642,-0.13000868031131274
404,10100,Normal Traffic,0.44,0.2860069498484844,0.25225979572498236,0.22532340138159782,0.2860069498484844,0.25225979572498236,0.22532340138159782,0.5382667455734668,0.5113303512300822,0.47758319710658015,0.7635901469550646,-0.539228790152952,2.734748413997163,-0.30748029001024046,-0.539228790152952,2.734748413997163,-0.30748029001024046,2.195519623844211,-0.8467090801631925,2.4272681239869227,1.8880393338339705
405,10125,Normal Traffic,0.4,0.31323303262635693,0.20854238665949926,0.2669784562070058,0.31323303262635693,0.20854238665949926,0.2669784562070058,0.5217754192858561,0.5802114888333627,0.47552084286650503,0.7887538754928619,-0.3750189533768197,1.8938254345496013,0.06510390677622042,-0.3750189533768197,1.8938254345496013,0.06510390677622042,1.5188064811727817,-0.30991504660059926,1.9589293413258217,1.5839103879490022
406,10150,Normal Traffic,0.44,0.23707844328774655,0.16203735170982658,0.19253642443062638,0.23707844328774655,0.16203735170982658,0.19253642443062638,0.3991157949975731,0.42961486771837293,0.35457377614045293,0.5916522194281995,-0.8343333831121933,0.9992812841720208,-0.6007438452626673,-0.8343333831121933,0.9992812841720208,-0.6007438452626673,0.16494790105982748,-1.4350772283748605,0.39853743890935345,-0.43579594420283985
407,10175,Normal Traffic,0.16,0.16441184780091128,0.24161280676486344,0.2922791800196187,0.16441184780091128,0.24161280676486344,0.2922791800196187,0.40602465456577475,0.45669102782053,0.5338919867844821,0.6983038345853935,-1.272610526442868,2.5299490475690742,0.2914065703868944,-1.272610526442868,2.5299490475690742,0.2914065703868944,1.2573385211262063,-0.9812039560559735,2.8213556179559687,1.5487450915131007
408,10200,Normal Traffic,0.16,0.4546939174672761,0.2610000008867806,0.3597846921785229,0.4546939174672761,0.2610000008867806,0.3597846921785229,0.7156939183540567,0.814478609645799,0.6207846930653035,1.0754786105325795,0.4781801277930108,2.9028699821036628,0.8952105296375384,0.4781801277930108,2.9028699821036628,0.8952105296375384,3.3810501098966736,1.3733906574305492,3.798080511741201,4.276260639534212
409,10225,Normal Traffic,0.24,0.48732874873010495,0.26052340328110296,0.3267489362525611,0.48732874873010495,0.26052340328110296,0.3267489362525611,0.7478521520112079,0.8140776849826661,0.5872723395336641,1.074601088263769,0.675011980491304,2.8937024242101086,0.5997217675053548,0.675011980491304,2.8937024242101086,0.5997217675053548,3.5687144047014128,1.2747337479966587,3.493424191715463,4.168436172206768
410,10250,Normal Traffic,0.2,0.4512096835851209,0.25696202486160874,0.2695253416425399,0.4512096835851209,0.25696202486160874,0.2695253416425399,0.7081717084467296,0.7207350252276608,0.5264873665041486,0.9776970500892694,0.457165519053792,2.8251977937784325,0.08788455772681769,0.457165519053792,2.8251977937784325,0.08788455772681769,3.2823633128322243,0.5450500767806097,2.91308235150525,3.3702478705590417
411,10275,Normal Traffic,0.0,1.0096699249473813,0.28878382856014634,0.67083476030255,1.0096699249473813,0.28878382856014634,0.67083476030255,1.2984537535075276,1.6805046852499312,0.9596185888626962,1.9692885138100775,3.8254306429146294,3.4373037385174507,3.6774020374416465,3.8254306429146294,3.4373037385174507,3.6774020374416465,7.262734381432081,7.502832680356276,7.114705775959097,10.940136418873728
412,10300,Normal Traffic,0.04,0.7331820018530322,0.27493733349619737,0.47345287482019055,0.7331820018530322,0.27493733349619737,0.47345287482019055,1.0081193353492295,1.2066348766732227,0.7483902083163879,1.48157221016942,2.157837214498459,3.1709605097446536,1.9119171144021332,2.157837214498459,3.1709605097446536,1.9119171144021332,5.328797724243113,4.069754328900593,5.082877624146787,7.240714838645246
413,10325,Normal Traffic,0.2,0.37024455663872213,0.2586748317762379,0.41225626073305977,0.37024455663872213,0.2586748317762379,0.41225626073305977,0.62891938841496,0.7825008173717819,0.6709310925092977,1.0411756491480197,-0.031162911771095134,2.858144364141532,1.3645431786031823,-0.031162911771095134,2.858144364141532,1.3645431786031823,2.8269814523704366,1.333380266832087,4.222687542744714,4.191524630973619
414,10350,Normal Traffic,0.08,0.9372131632714209,0.08364666862461206,0.23751147054420596,0.9372131632714209,0.08364666862461206,0.23751147054420596,1.020859831896033,1.174724633815627,0.321158139168818,1.258371302440239,3.388419079216361,-0.5085968858770689,-0.19846394185365837,3.388419079216361,-0.5085968858770689,-0.19846394185365837,2.879822193339292,3.1899551373627024,-0.7070608277307272,2.6813582514856336
415,10375,Normal Traffic,0.28,0.7752048257585622,0.10941924732545324,0.23090941346604738,0.7752048257585622,0.10941924732545324,0.23090941346604738,0.8846240730840155,1.0061142392246096,0.3403286607915006,1.1155334865500628,2.4112912684914023,-0.012850359894819913,-0.25751612997138207,2.4112912684914023,-0.012850359894819913,-0.25751612997138207,2.3984409085965823,2.1537751385200203,-0.270366489866202,2.1409247786252004
416,10400,Normal Traffic,0.48,0.8276886413781839,0.07002872359369906,0.19529348391674725,0.8276886413781839,0.07002872359369906,0.19529348391674725,0.8977173649718829,1.0229821252949312,0.26532220751044633,1.09301084888863,2.7278391489412153,-0.7705438574415405,-0.5760832896966172,2.7278391489412153,-0.7705438574415405,-0.5760832896966172,1.9572952914996748,2.1517558592445982,-1.3466271471381577,1.3812120018030578
417,10425,Normal Traffic,0.4,0.6671301628675617,0.04847127842024235,0.11645829292642843,0.6671301628675617,0.04847127842024235,0.11645829292642843,0.715601441287804,0.7835884557939901,0.16492957134667077,0.8320597342142324,1.7594559347874223,-1.1852104951049713,-1.2812257132691567,1.7594559347874223,-1.1852104951049713,-1.2812257132691567,0.574245439682451,0.47823022151826566,-2.466436208374128,-0.7069802735867057
418,10450,Normal Traffic,0.36,0.8978285327223118,0.11451907580325338,0.2340044720081625,0.8978285327223118,0.11451907580325338,0.2340044720081625,1.0123476085255652,1.1318330047304743,0.34852354781141587,1.2463520805337276,3.1508768735776673,0.08524701252264173,-0.2298323373139386,3.1508768735776673,0.08524701252264173,-0.2298323373139386,3.236123886100309,2.9210445362637287,-0.14458532479129688,3.0062915487863706
419,10475,Normal Traffic,0.32,0.8476568560064939,0.10902320296563878,0.25558159774395695,0.8476568560064939,0.10902320296563878,0.25558159774395695,0.9566800589721327,1.1032384537504507,0.3646048007095957,1.2122616567160898,2.848274295325567,-0.02046844180241258,-0.03683544666219964,2.848274295325567,-0.02046844180241258,-0.03683544666219964,2.8278058535231545,2.8114388486633675,-0.05730388846461222,2.790970406860955
420,10500,Normal Traffic,0.2,0.7549015148224474,0.09765481502913455,0.11017758119761462,0.7549015148224474,0.09765481502913455,0.11017758119761462,0.8525563298515819,0.865079096020062,0.20783239622674915,0.9627339110491966,2.2888350414228458,-0.23914422473276148,-1.337403623598062,2.2888350414228458,-0.23914422473276148,-1.337403623598062,2.0496908166900845,0.9514314178247838,-1.5765478483308235,0.7122871930920225
421,10525,Normal Traffic,0.12,0.6736616464083177,0.15891906453198917,0.22809572860108404,0.6736616464083177,0.15891906453198917,0.22809572860108404,0.832580710940307,0.9017573750094018,0.3870147931330732,1.060676439541391,1.7988495506404245,0.9392997024540287,-0.2826831719982513,1.7988495506404245,0.9392997024540287,-0.2826831719982513,2.7381492530944533,1.5161663786421733,0.6566165304557774,2.455466081096202
422,10550,Normal Traffic,0.16,0.7146813151916855,0.1066927547191024,0.2531175078433987,0.7146813151916855,0.1066927547191024,0.2531175078433987,0.821374069910788,0.9677988230350842,0.3598102625625011,1.0744915777541868,2.0462532322674507,-0.06529560619338301,-0.058875531839308305,2.0462532322674507,-0.06529560619338301,-0.058875531839308305,1.9809576260740678,1.9873777004281423,-0.12417113803269131,1.9220820942347594
423,10575,Normal Traffic,0.12,0.0904021876664678,0.11400030082946279,0.2583554337648502,0.0904021876664678,0.11400030082946279,0.2583554337648502,0.2044024884959306,0.348757621431318,0.372355734594313,0.46275792226078083,-1.7189881529889532,0.07526815499315351,-0.01202483315578118,-1.7189881529889532,0.07526815499315351,-0.01202483315578118,-1.6437199979957997,-1.7310129861447345,0.06324332183737233,-1.655744831151581
424,10600,Normal Traffic,0.08,0.4239561587251158,0.12743046774798125,0.473006904963168,0.4239561587251158,0.12743046774798125,0.473006904963168,0.551386626473097,0.8969630636882837,0.6004373727111493,1.024393531436265,0.29279016967474286,0.33360313460464064,1.9079281310322598,0.29279016967474286,0.33360313460464064,1.9079281310322598,0.6263933042793834,2.2007183007070026,2.2415312656369,2.534321435311643
425,10625,Normal Traffic,0.08,0.8705261352230328,0.1878723015366335,0.4934234106996137,0.8705261352230328,0.1878723015366335,0.4934234106996137,1.0583984367596664,1.3639495459226465,0.6812957122362472,1.55182184745928,2.9862067565604145,1.4962275453215585,2.090543840527375,2.9862067565604145,1.4962275453215585,2.090543840527375,4.482434301881973,5.0767505970877895,3.586771385848934,6.572978142409348
426,10650,Normal Traffic,0.16,0.6208704720343359,0.07692314553445322,0.39820304791203526,0.6208704720343359,0.07692314553445322,0.39820304791203526,0.6977936175687891,1.0190735199463712,0.4751261934464885,1.0959966654808244,1.4804478841980775,-0.6379267155769931,1.238844027968603,1.4804478841980775,-0.6379267155769931,1.238844027968603,0.8425211686210844,2.7192919121666805,0.60091731239161,2.0813651965896875
427,10675,Normal Traffic,0.04,0.17356859492459065,0.09588512537481768,0.3319883879716717,0.17356859492459065,0.09588512537481768,0.3319883879716717,0.26945372029940834,0.5055569828962623,0.4278735133464894,0.60144210827108,-1.2173830461311665,-0.2731849588159862,0.646586113706516,-1.2173830461311665,-0.2731849588159862,0.646586113706516,-1.4905680049471528,-0.5707969324246506,0.3734011548905298,-0.8439818912406368
428,10700,Normal Traffic,0.24,0.5564350672600464,0.11584828429447357,0.366595581320416,0.5564350672600464,0.11584828429447357,0.366595581320416,0.67228335155452,0.9230306485804625,0.48244386561488956,1.038878932874936,1.091815873235798,0.11081490386472959,0.9561306189513091,1.091815873235798,0.11081490386472959,0.9561306189513091,1.2026307771005276,2.047946492187107,1.0669455228160387,2.158761396051837
429,10725,Normal Traffic,0.2,0.7868797788899142,0.11445852681987169,0.10945792568600453,0.7868797788899142,0.11445852681987169,0.10945792568600453,0.9013383057097859,0.8963377045759188,0.22391645250587622,1.0107962313957903,2.4817069123322573,0.08408232704387551,-1.3438405919775307,2.4817069123322573,0.08408232704387551,-1.3438405919775307,2.565789239376133,1.1378663203547266,-1.2597582649336552,1.221948647398602
430,10750,Normal Traffic,0.12,0.6101323785671166,0.11074746907170911,0.21524117752713734,0.6101323785671166,0.11074746907170911,0.21524117752713734,0.7208798476388256,0.8253735560942539,0.32598864659884647,0.936121025165963,1.4156827620934747,0.012698550987696127,-0.3976608765532246,1.4156827620934747,0.012698550987696127,-0.3976608765532246,1.428381313081171,1.01802188554025,-0.38496232556552845,1.0307204365279463
431,10775,Normal Traffic,0.24,0.5568350605774854,0.10574704056152087,0.3631310906764388,0.5568350605774854,0.10574704056152087,0.3631310906764388,0.6625821011390063,0.9199661512539242,0.46887813123795963,1.025713191815445,1.0942283700280866,-0.08348682072551562,0.9251424359019592,1.0942283700280866,-0.08348682072551562,0.9251424359019592,1.0107415493025709,2.0193708059300457,0.8416556151764436,1.93588398520453
432,10800,Normal Traffic,0.32,0.6041839892131068,0.11803350547139499,0.38016976730866275,0.6041839892131068,0.11803350547139499,0.38016976730866275,0.7222174946845018,0.9843537565217695,0.4982032727800577,1.1023872619931645,1.379805987132051,0.15284856372998315,1.0775451076528355,1.379805987132051,0.15284856372998315,1.0775451076528355,1.5326545508620342,2.4573510947848867,1.2303936713828187,2.61019965851487
433,10825,Normal Traffic,0.32,0.32941556213903694,0.14594524092223468,0.36632708523120533,0.32941556213903694,0.14594524092223468,0.36632708523120533,0.4753608030612716,0.6957426473702423,0.51227232615344,0.841687888292477,-0.27741657144100107,0.6897426807101259,0.9537290520788575,-0.27741657144100107,0.6897426807101259,0.9537290520788575,0.41232610926912483,0.6763124806378564,1.6434717327889834,1.3660551613479823
434,10850,Normal Traffic,0.24,0.4487630060942539,0.09067732991106141,0.4278362605618739,0.4487630060942539,0.09067732991106141,0.4278362605618739,0.5394403360053153,0.8765992666561278,0.5185135904729353,0.9672765965671892,0.4424087685253745,-0.3733591221836209,1.503898696114377,0.4424087685253745,-0.3733591221836209,1.503898696114377,0.06904964634175359,1.9463074646397516,1.130539573930756,1.5729483424561306
435,10875,Normal Traffic,0.44,0.39192179827819584,0.10273745377900527,0.40761025351896507,0.39192179827819584,0.10273745377900527,0.40761025351896507,0.4946592520572011,0.7995320517971609,0.5103477072979703,0.9022695055761663,0.09957996227422165,-0.14137750405188015,1.3229869047395908,0.09957996227422165,-0.14137750405188015,1.3229869047395908,-0.0417975417776585,1.4225668670138125,1.1816094006877107,1.2811893629619322
436,10900,Normal Traffic,0.08,0.3164233323507507,0.12613759222858273,0.365747928589753,0.3164233323507507,0.12613759222858273,0.365747928589753,0.44256092457933344,0.6821712609405037,0.49188552081833575,0.8083088531690865,-0.3557771622868648,0.3087341234471194,0.948548777728638,-0.3557771622868648,0.3087341234471194,0.948548777728638,-0.047043038839745366,0.5927716154417733,1.2572829011757574,0.9015057388888926
437,10925,Normal Traffic,0.08,0.3151291535990144,0.11759717266744675,0.2457107251735369,0.3151291535990144,0.11759717266744675,0.2457107251735369,0.4327263262664611,0.5608398787725513,0.36330789784098366,0.678437051439998,-0.3635827979089852,0.1444555164435518,-0.12512559880930926,-0.3635827979089852,0.1444555164435518,-0.12512559880930926,-0.21912728146543337,-0.48870839671829447,0.01932991763424255,-0.34425288027474266
438,10950,Normal Traffic,0.16,0.5839778850819483,0.10713634732474854,0.3083444417827162,0.5839778850819483,0.10713634732474854,0.3083444417827162,0.6911142324066968,0.8923223268646645,0.4154807891074647,0.9994586741894129,1.2579360476211146,-0.05676291352986974,0.4351025197802173,1.2579360476211146,-0.05676291352986974,0.4351025197802173,1.2011731340912448,1.6930385674013317,0.37833960625034757,1.6362756538714622
439,10975,Normal Traffic,0.2,0.37465712135674845,0.16375157039676919,0.3038955158420093,0.37465712135674845,0.16375157039676919,0.3038955158420093,0.5384086917535176,0.6785526371987578,0.4676470862387785,0.8423042075955269,-0.004549221582063801,1.0322550105767407,0.39530904201075207,-0.004549221582063801,1.0322550105767407,0.39530904201075207,1.027705788994677,0.3907598204286883,1.4275640525874929,1.4230148310054291
440,11000,Normal Traffic,0.2,0.2946277948072045,0.14101518458999013,0.49843051264330884,0.2946277948072045,0.14101518458999013,0.49843051264330884,0.43564297939719465,0.7930583074505133,0.6394456972332989,0.9340734920405035,-0.48723351947470744,0.5949109478060662,2.1353299310448133,-0.48723351947470744,0.5949109478060662,2.1353299310448133,0.1076774283313588,1.6480964115701058,2.7302408788508794,2.243007359376172
441,11025,Normal Traffic,0.16,0.27016635931654054,0.09198635232668674,0.2282215468832429,0.27016635931654054,0.09198635232668674,0.2282215468832429,0.36215271164322727,0.49838790619978346,0.32020789920992965,0.5903742585264702,-0.6347688208988406,-0.34817951860138524,-0.2815577886853331,-0.6347688208988406,-0.34817951860138524,-0.2815577886853331,-0.9829483395002259,-0.9163266095841737,-0.6297373072867183,-1.264506128185559
442,11050,Normal Traffic,0.08,0.21137928770272985,0.057446221172901685,0.3652479166707461,0.21137928770272985,0.057446221172901685,0.3652479166707461,0.2688255088756315,0.5766272043734759,0.42269413784364773,0.6340734255463776,-0.9893337986449701,-1.0125736494805477,0.9440764144102436,-0.9893337986449701,-1.0125736494805477,0.9440764144102436,-2.0019074481255177,-0.04525738423472647,-0.06849723507030414,-1.057831033715274
443,11075,Normal Traffic,0.24,0.26311326213530367,0.061360236843353656,0.5916840547299843,0.26311326213530367,0.061360236843353656,0.5916840547299843,0.32447349897865735,0.854797316865288,0.653044291573338,0.9161575537086417,-0.6773084673968818,-0.9372858913640765,2.9694374894548297,-0.6773084673968818,-0.9372858913640765,2.9694374894548297,-1.6145943587609581,2.292129022057948,2.032151598090753,1.3548431306938715
444,11100,Normal Traffic,0.24,0.25041451329429243,0.05994897575204251,0.407430908377979,0.25041451329429243,0.05994897575204251,0.407430908377979,0.31036348904633493,0.6578454216722714,0.4673798841300215,0.717794397424314,-0.7538989740612598,-0.9644320994091636,1.3213827497197037,-0.7538989740612598,-0.9644320994091636,1.3213827497197037,-1.7183310734704236,0.5674837756584439,0.3569506503105401,-0.39694832375071987
445,11125,Normal Traffic,0.4,0.40647290654328855,0.05932737785860179,0.6729292560694857,0.40647290654328855,0.05932737785860179,0.6729292560694857,0.46580028440189036,1.0794021626127743,0.7322566339280875,1.1387295404713762,0.18734268350801844,-0.9763887995829443,3.696136282931594,0.18734268350801844,-0.9763887995829443,3.696136282931594,-0.7890461160749259,3.883478966439612,2.7197474833486495,2.9070901668566678
446,11150,Normal Traffic,0.12,0.2851172804052169,0.11833334847152782,0.5276035916012758,0.2851172804052169,0.11833334847152782,0.5276035916012758,0.4034506288767447,0.8127208720064927,0.6459369400728037,0.9310542204780206,-0.5445946914930597,0.1586161715189195,2.3962689272098645,-0.5445946914930597,0.1586161715189195,2.3962689272098645,-0.38597851997414023,1.8516742357168048,2.554885098728784,2.010290407235724
447,11175,Normal Traffic,0.2,0.16553489431664054,0.12182419088653626,0.6848729962282142,0.16553489431664054,0.12182419088653626,0.6848729962282142,0.28735908520317677,0.8504078905448547,0.8066971871147505,0.972232081431391,-1.2658370479904413,0.2257640118681444,3.8029672270347255,-1.2658370479904413,0.2257640118681444,3.8029672270347255,-1.040073036122297,2.537130179044284,4.0287312389028695,2.7628941909124283
448,11200,Normal Traffic,0.12,0.1679389416304468,0.06726665300877487,0.600469464724532,0.1679389416304468,0.06726665300877487,0.600469464724532,0.23520559463922164,0.7684084063549788,0.6677361177333069,0.8356750593637536,-1.2513374146710619,-0.8236734613080421,3.048018707028014,-1.2513374146710619,-0.8236734613080421,3.048018707028014,-2.075010875979104,1.796681292356952,2.224345245719972,0.9730078310489096
449,11225,Blackhole Attack,0.52,0.09610940396853138,0.09691277009712954,0.6077903675378099,0.09610940396853138,0.09691277009712954,0.6077903675378099,0.1930221740656609,0.7038997715063413,0.7047031376349394,0.8008125416034708,-1.6845659753641347,-0.25341777498298196,3.11350062046852,-1.6845659753641347,-0.25341777498298196,3.11350062046852,-1.9379837503471167,1.4289346451043852,2.860082845485538,1.1755168701214032
450,11250,Normal Traffic,0.0,0.40665909299977127,0.06751729799117061,0.4257039772024023,0.40665909299977127,0.06751729799117061,0.4257039772024023,0.4741763909909419,0.8323630702021736,0.4932212751935729,0.8998803681933442,0.18846563784112588,-0.8188521983401453,1.4848264589959832,0.18846563784112588,-0.8188521983401453,1.4848264589959832,-0.6303865604990194,1.673292096837109,0.6659742606558379,0.8544398984969638
451,11275,Normal Traffic,0.12,0.19354808019585845,0.06285954659931027,0.3330574331857,0.19354808019585845,0.06285954659931027,0.3330574331857,0.2564076267951687,0.5266055133815585,0.3959169797850103,0.5894650599808687,-1.0968799226362047,-0.9084460297609951,0.65614820296715,-1.0968799226362047,-0.9084460297609951,0.65614820296715,-2.0053259523972,-0.44073171966905467,-0.25229782679384505,-1.3491777494300496
452,11300,Blackhole Attack,0.52,0.2292208148294435,0.058431917692419406,0.5869105785294305,0.2292208148294435,0.058431917692419406,0.5869105785294305,0.2876527325218629,0.8161313933588741,0.6453424962218499,0.8745633110512934,-0.8817254334894917,-0.9936133571909851,2.9267410675315584,-0.8817254334894917,-0.9936133571909851,2.9267410675315584,-1.8753387906804768,2.0450156340420667,1.9331277103405733,1.0514022768510816
453,11325,Normal Traffic,0.16,0.32364273498527374,0.11984661162274533,0.5826468057906959,0.32364273498527374,0.11984661162274533,0.5826468057906959,0.4434893466080191,0.9062895407759697,0.7024934174134413,1.0261361523987151,-0.31223447060006454,0.18772443262158311,2.8886036950614002,-0.31223447060006454,0.18772443262158311,2.8886036950614002,-0.12451003797848142,2.576369224461336,3.0763281276829835,2.7640936570829187
454,11350,Normal Traffic,0.28,0.2634456318037043,0.10556750967611739,0.38955309984988873,0.2634456318037043,0.10556750967611739,0.38955309984988873,0.36901314147982167,0.652998731653593,0.4951206095260061,0.7585662413297104,-0.6753038320094599,-0.08694017375543146,1.1614744514673219,-0.6753038320094599,-0.08694017375543146,1.1614744514673219,-0.7622440057648914,0.486170619457862,1.0745342777118905,0.3992304457024305
455,11375,Normal Traffic,0.36,0.32333329114395565,0.1394583307572842,0.35472417309405585,0.32333329114395565,0.1394583307572842,0.35472417309405585,0.46279162190123985,0.6780574642380115,0.49418250385134005,0.8175157949952957,-0.31410083246669046,0.5649642013828641,0.8499466487877492,-0.31410083246669046,0.5649642013828641,0.8499466487877492,0.2508633689161736,0.5358458163210587,1.4149108501706134,1.1008100177039228
456,11400,Normal Traffic,0.28,0.4117286885566584,0.13020832789981576,0.37158628185043835,0.4117286885566584,0.13020832789981576,0.37158628185043835,0.5419370164564742,0.7833149704070967,0.5017946097502541,0.9135232983069126,0.21904210621189057,0.3870364575142932,1.000770006804088,0.21904210621189057,0.3870364575142932,1.000770006804088,0.6060785637261838,1.2198121130159785,1.3878064643183812,1.6068485705302717
457,11425,Blackhole Attack,0.52,0.28500651150250766,0.11298633088010582,0.4846665713496277,0.28500651150250766,0.11298633088010582,0.4846665713496277,0.39799284238261345,0.7696730828521354,0.5976529022297336,0.8826594137322412,-0.5452627767105386,0.05576401124103028,2.0122181734678155,-0.5452627767105386,0.05576401124103028,2.0122181734678155,-0.4894987654695083,1.4669553967572768,2.0679821847088458,1.522719407998307
458,11450,Normal Traffic,0.2,0.27774751067186987,0.14737068080834578,0.24069001270508578,0.27774751067186987,0.14737068080834578,0.24069001270508578,0.4251181914802157,0.5184375233769556,0.38806069351343153,0.6658082041853015,-0.5890442986901021,0.7171616239109103,-0.1700334288480448,-0.5890442986901021,0.7171616239109103,-0.1700334288480448,0.1281173252208082,-0.7590777275381468,0.5471281950628655,-0.04191610362723658
459,11475,Normal Traffic,0.4,0.4095768537182796,0.12340012394584217,0.507876646569187,0.4095768537182796,0.12340012394584217,0.507876646569187,0.5329769776641218,0.9174535002874666,0.6312767705150292,1.0408536242333088,0.20606365277581443,0.2560777553394557,2.219821002686949,0.20606365277581443,0.2560777553394557,2.219821002686949,0.46214140811527016,2.4258846554627636,2.4758987580264047,2.6819624108022193
460,11500,Normal Traffic,0.44,0.2450823557276919,0.10788677708453791,0.5666141847565276,0.2450823557276919,0.10788677708453791,0.5666141847565276,0.3529691328122298,0.8116965404842195,0.6745009618410654,0.9195833175687573,-0.7860590439038342,-0.04232807754672731,2.745199701105936,-0.7860590439038342,-0.04232807754672731,2.745199701105936,-0.8283871214505615,1.9591406572021017,2.7028716235592087,1.9168125796553745
461,11525,Normal Traffic,0.44,0.28229593151071947,0.06511754489352933,0.40652112087938824,0.28229593151071947,0.06511754489352933,0.40652112087938824,0.3474134764042488,0.6888170523901077,0.4716386657729176,0.7539345972836371,-0.5616112136726836,-0.8650124710540268,1.3132451432316181,-0.5616112136726836,-0.8650124710540268,1.3132451432316181,-1.4266236847267104,0.7516339295589345,0.44823267217759133,-0.1133785414950923
462,11550,Blackhole Attack,0.56,0.2672010897100721,0.09184154520783862,0.6283759423286488,0.2672010897100721,0.09184154520783862,0.6283759423286488,0.3590426349179107,0.8955770320387209,0.7202174875364874,0.9874185772465596,-0.6526533782201437,-0.3509649451952756,3.2976285703891137,-0.6526533782201437,-0.3509649451952756,3.2976285703891137,-1.0036183234154192,2.64497519216897,2.946663625193838,2.2940102469736945
463,11575,Normal Traffic,0.44,0.27130093224466145,0.06152951821674393,0.5115540391750374,0.27130093224466145,0.06152951821674393,0.5115540391750374,0.33283045046140536,0.7828549714196988,0.5730835573917813,0.8443844896364427,-0.6279258227026854,-0.9340296920622585,2.252713490190855,-0.6279258227026854,-0.9340296920622585,2.252713490190855,-1.5619555147649438,1.6247876674881696,1.3186837981285966,0.6907579754259112
464,11600,Blackhole Attack,0.52,0.34078684683772553,0.09595278918108081,0.5723864410710998,0.34078684683772553,0.09595278918108081,0.5723864410710998,0.43673963601880633,0.9131732879088253,0.6683392302521807,1.0091260770899062,-0.20883245599769618,-0.2718834166894084,2.7968297251600314,-0.20883245599769618,-0.2718834166894084,2.7968297251600314,-0.4807158726871046,2.587997269162335,2.524946308470623,2.3161138524729266
465,11625,Normal Traffic,0.28,0.10445255350155877,0.10191405268553955,0.5743330080121565,0.10445255350155877,0.10191405268553955,0.5743330080121565,0.20636660618709832,0.6787855615137153,0.676247060697696,0.7806996141992548,-1.6342455809763399,-0.15721597471148452,2.8142408192820896,-1.6342455809763399,-0.15721597471148452,2.8142408192820896,-1.7914615556878244,1.1799952383057497,2.6570248445706053,1.0227792635942652
466,11650,Normal Traffic,0.44,0.13690423346640143,0.12188672278301844,0.6251313622064201,0.13690423346640143,0.12188672278301844,0.6251313622064201,0.2587909562494199,0.7620355956728215,0.7470180849894386,0.88392231845584,-1.438518376529983,0.22696683952477748,3.26860737995216,-1.438518376529983,0.22696683952477748,3.26860737995216,-1.2115515370052055,1.8300890034221773,3.4955742194769375,2.057055842946955
467,11675,Normal Traffic,0.4,0.33215420986764244,0.05916808361270378,0.49789982525073295,0.33215420986764244,0.05916808361270378,0.49789982525073295,0.3913222934803462,0.8300540351183754,0.5570679088634367,0.8892221187310791,-0.26089884833809734,-0.9794528922346557,2.130583190541498,-0.26089884833809734,-0.9794528922346557,2.130583190541498,-1.240351740572753,1.8696843422034004,1.151130298306842,0.8902314499687447
468,11700,Normal Traffic,0.2,0.3523940905221058,0.07665923109055059,0.19922484147285113,0.3523940905221058,0.07665923109055059,0.19922484147285113,0.4290533216126564,0.5516189319949569,0.27588407256340175,0.6282781630855075,-0.1388251910384506,-0.6430032222874759,-0.5409192092876316,-0.1388251910384506,-0.6430032222874759,-0.5409192092876316,-0.7818284133259265,-0.6797444003260822,-1.1839224315751076,-1.3227476226135582
469,11725,Normal Traffic,0.16,0.1346982653198945,0.11361317157353606,0.47968538527829024,0.1346982653198945,0.11361317157353606,0.47968538527829024,0.24831143689343058,0.6143836505981848,0.5932985568518263,0.7279968221717208,-1.4518233265011795,0.06782155890513758,1.9676638878184025,-1.4518233265011795,0.06782155890513758,1.9676638878184025,-1.3840017675960419,0.515840561317223,2.03548544672354,0.5836621202223606
470,11750,Normal Traffic,0.24,0.16813968077652877,0.11512737284190146,0.42946565339409243,0.16813968077652877,0.11512737284190146,0.42946565339409243,0.28326705361843024,0.5976053341706212,0.5445930262359939,0.7127327070125227,-1.2501266880791522,0.09694786509061672,1.5184728221642954,-1.2501266880791522,0.09694786509061672,1.5184728221642954,-1.1531788229885354,0.2683461340851432,1.6154206872549122,0.36529399917576
471,11775,Normal Traffic,0.12,0.1592781299674168,0.1366479928857822,0.3968638968570704,0.1592781299674168,0.1366479928857822,0.3968638968570704,0.29592612285319897,0.5561420268244872,0.5335118897428526,0.6927900197102694,-1.3035737382412977,0.5109061557055026,1.2268659733896068,-1.3035737382412977,0.5109061557055026,1.2268659733896068,-0.7926675825357952,-0.07670776485169095,1.7377721290951094,0.4341983908538116
472,11800,Normal Traffic,0.32,0.25820628835351883,0.11577109353857631,0.46279085425534333,0.25820628835351883,0.11577109353857631,0.46279085425534333,0.3739773818920952,0.7209971426088622,0.5785619477939197,0.8367682361474384,-0.7069041081045684,0.10933010680510288,1.8165505284037575,-0.7069041081045684,0.10933010680510288,1.8165505284037575,-0.5975740012994655,1.1096464202991891,1.9258806352088604,1.218976527104292
473,11825,Normal Traffic,0.08,0.08714796174230856,0.1272565421893562,0.3519762564342688,0.08714796174230856,0.1272565421893562,0.3519762564342688,0.21440450393166477,0.4391242181765773,0.479232798623625,0.5663807603659335,-1.7386155048999359,0.3302576024222099,0.8253678713545143,-1.7386155048999359,0.3302576024222099,0.8253678713545143,-1.408357902477726,-0.9132476335454216,1.1556254737767242,-0.5829900311232117
474,11850,Normal Traffic,0.16,0.2220651597338572,0.16339183939900104,0.31051863536066215,0.2220651597338572,0.16339183939900104,0.31051863536066215,0.38545699913285825,0.5325837950945194,0.4739104747596632,0.6959756344935204,-0.9248836419199571,1.0253354316513354,0.45454962341007893,-0.9248836419199571,1.0253354316513354,0.45454962341007893,0.10045178973137836,-0.47033401850987816,1.4798850550614144,0.5550014131414573
475,11875,Blackhole Attack,0.52,0.4501367972497169,0.1277079590882274,0.31509281663504274,0.4501367972497169,0.1277079590882274,0.31509281663504274,0.5778447563379443,0.7652296138847596,0.44280077572327015,0.892937572972987,0.4506945738409454,0.3389407986977063,0.4954634491921836,0.4506945738409454,0.3389407986977063,0.4954634491921836,0.7896353725386518,0.946158023033129,0.8344042478898899,1.2850988217308354
476,11900,Blackhole Attack,0.72,0.2819237938703611,0.13596992523989035,0.19745388102186895,0.2819237938703611,0.13596992523989035,0.19745388102186895,0.4178937191102514,0.47937767489223004,0.33342380626175927,0.6153476001321203,-0.5638557033291672,0.4978632357969537,-0.5567595888030443,-0.5638557033291672,0.4978632357969537,-0.5567595888030443,-0.06599246753221355,-1.1206152921322117,-0.05889635300609064,-0.6227520563352579
477,11925,Normal Traffic,0.32,0.24735914040446946,0.10194521973749796,0.4695644183433398,0.24735914040446946,0.10194521973749796,0.4695644183433398,0.3493043601419674,0.7169235587478092,0.5715096380808378,0.8188687784853073,-0.7723269751667223,-0.15661646319527814,1.877136763272146,-0.7723269751667223,-0.15661646319527814,1.877136763272146,-0.9289434383620004,1.1048097881054237,1.7205203000768678,0.9481933249101456
478,11950,Normal Traffic,0.32,0.2585790010717166,0.10875943071295789,0.6364023449119894,0.2585790010717166,0.10875943071295789,0.6364023449119894,0.3673384317846745,0.894981345983706,0.7451617756249473,1.003740776696664,-0.7046561499565315,-0.025542213404196185,3.369420835988886,-0.7046561499565315,-0.025542213404196185,3.369420835988886,-0.7301983633607276,2.6647646860323544,3.3438786225846897,2.639222472628158
479,11975,Blackhole Attack,0.8,0.22530009774715204,0.058899173348911135,0.29124160244774766,0.22530009774715204,0.058899173348911135,0.29124160244774766,0.2841992710960632,0.5165417001948998,0.3501407757966588,0.5754408735438108,-0.9053726220101896,-0.9846254956680802,0.2821259438737485,-0.9053726220101896,-0.9846254956680802,0.2821259438737485,-1.8899981176782699,-0.6232466781364412,-0.7024995517943318,-1.6078721738045214
480,12000,Normal Traffic,0.24,0.2828251240182383,0.11406800139159035,0.6278853660820468,0.2828251240182383,0.11406800139159035,0.6278853660820468,0.39689312540982863,0.9107104901002852,0.7419533674736372,1.0247784914918754,-0.5584194722829365,0.07657040413443505,3.2932406045691476,-0.5584194722829365,0.07657040413443505,3.2932406045691476,-0.4818490681485015,2.734821132286211,3.3698110087035826,2.811391536420646
481,12025,Blackhole Attack,0.72,0.4189272932189548,0.12083558788296281,0.17895578515919608,0.4189272932189548,0.12083558788296281,0.17895578515919608,0.5397628811019176,0.5978830783781508,0.29979137304215886,0.7187186662611137,0.2624593581998375,0.20674781212010912,-0.7222160554422147,0.2624593581998375,0.20674781212010912,-0.7222160554422147,0.46920717031994663,-0.45975669724237717,-0.5154682433221056,-0.25300888512226805
482,12050,Blackhole Attack,0.56,0.256533929301093,0.12358457499161714,0.37813974193764416,0.256533929301093,0.12358457499161714,0.37813974193764416,0.3801185042927101,0.6346736712387371,0.5017243169292613,0.7582582462303542,-0.7169906787387077,0.25962574974925645,1.0593875184841914,-0.7169906787387077,0.25962574974925645,1.0593875184841914,-0.45736492898945125,0.34239683974548374,1.3190132682334479,0.6020225894947402
483,12075,Blackhole Attack,0.72,0.5176757597724931,0.09972591734258882,0.4111025610966347,0.5176757597724931,0.09972591734258882,0.4111025610966347,0.617401677115082,0.9287783208691278,0.5108284784392235,1.0285042382117167,0.8580452053063006,-0.19930568980124372,1.3542238967255822,0.8580452053063006,-0.19930568980124372,1.3542238967255822,0.6587395155050568,2.2122691020318825,1.1549182069243384,2.012963412230639
484,12100,Blackhole Attack,0.88,0.1518924500924008,0.10647285408049649,0.09666149142317183,0.1518924500924008,0.10647285408049649,0.09666149142317183,0.25836530417289727,0.24855394151557264,0.20313434550366832,0.3550267955960691,-1.3481193049558315,-0.06952548861669682,-1.458298469935721,-1.3481193049558315,-0.06952548861669682,-1.458298469935721,-1.4176447935725283,-2.8064177748915524,-1.5278239585524178,-2.8759432635082494
485,12125,Blackhole Attack,0.72,0.25350939387010113,0.09488821389382429,0.26015363615192055,0.25350939387010113,0.09488821389382429,0.26015363615192055,0.3483976077639254,0.5136630300220217,0.35504185004574484,0.608551243915846,-0.7352326885606439,-0.2923609756651717,0.004059212222486789,-0.7352326885606439,-0.2923609756651717,0.004059212222486789,-1.0275936642258157,-0.7311734763381571,-0.28830176344268493,-1.023534452003329
486,12150,Blackhole Attack,0.8,0.2908541452268802,0.11412765111518874,0.15341783004634313,0.2908541452268802,0.11412765111518874,0.15341783004634313,0.40498179634206893,0.4442719752732233,0.2675454811615319,0.5583996263884121,-0.5099936934847198,0.07771779196834018,-0.9506406376009017,-0.5099936934847198,0.07771779196834018,-0.9506406376009017,-0.4322759015163796,-1.4606343310856214,-0.8729228456325615,-1.3829165391172813
487,12175,Blackhole Attack,0.72,0.24597434799016818,0.13074836160927217,0.1320761502715535,0.24597434799016818,0.13074836160927217,0.1320761502715535,0.3767227095994403,0.37805049826172166,0.2628245118808257,0.5087988598709938,-0.7806791328449489,0.3974242358768667,-1.141531578695371,-0.7806791328449489,0.3974242358768667,-1.141531578695371,-0.38325489696808224,-1.92221071154032,-0.7441073428185043,-1.5247864756634533
488,12200,Blackhole Attack,0.68,0.2974119742118002,0.12804253325449114,0.24095253736958216,0.2974119742118002,0.12804253325449114,0.24095253736958216,0.4254545074662913,0.5383645115813824,0.36899507062407333,0.6664070448358734,-0.47044117922825457,0.34537647525665455,-0.16768527346407058,-0.47044117922825457,0.34537647525665455,-0.16768527346407058,-0.12506470397160002,-0.6381264526923252,0.17769120179258396,-0.2927499774356706
489,12225,Normal Traffic,0.48,0.45462028014164735,0.10409613791307779,0.5845132455500234,0.45462028014164735,0.10409613791307779,0.5845132455500234,0.5587164180547252,1.0391335256916707,0.6886093834631012,1.1432296636047485,0.4777359958434834,-0.11524263616798984,2.905298090531387,0.4777359958434834,-0.11524263616798984,2.905298090531387,0.36249335967549356,3.3830340863748702,2.7900554543633973,3.2677914502068806
490,12250,Blackhole Attack,0.52,0.3205137926289621,0.1040623907545194,0.40284825895512305,0.3205137926289621,0.1040623907545194,0.40284825895512305,0.4245761833834815,0.7233620515840852,0.5069106497096425,0.8274244423386046,-0.33110619437332217,-0.11589177713332706,1.2803931804699409,-0.33110619437332217,-0.11589177713332706,1.2803931804699409,-0.4469979715066492,0.9492869860966187,1.164501403336614,0.8333952089632917
491,12275,Blackhole Attack,0.56,0.23778545298255208,0.1051356390383869,0.4214136729537677,0.23778545298255208,0.1051356390383869,0.4214136729537677,0.34292109202093896,0.6591991259363198,0.5265493119921546,0.7643347649747066,-0.8300691653203662,-0.0952473893745516,1.446451775079542,-0.8300691653203662,-0.0952473893745516,1.446451775079542,-0.9253165546949178,0.6163826097591758,1.3512043857049905,0.5211352203846242
492,12300,Normal Traffic,0.48,0.29955816800257473,0.13845424444785143,0.590687484131197,0.29955816800257473,0.13845424444785143,0.590687484131197,0.43801241245042616,0.8902456521337717,0.7291417285790485,1.0286998965816232,-0.4574967488837079,0.5456501736534081,2.9605236503626364,-0.4574967488837079,0.5456501736534081,2.9605236503626364,0.08815342476970017,2.5030269014789286,3.5061738240160443,3.0486770751323364
493,12325,Blackhole Attack,0.64,0.37545871084630167,0.07458539416244715,0.45979218915748665,0.37545871084630167,0.07458539416244715,0.45979218915748665,0.4500441050087488,0.8352509000037883,0.5343775833199338,0.9098362941662355,0.0002854393684265405,-0.6828943586962444,1.7897289282018285,0.0002854393684265405,-0.6828943586962444,1.7897289282018285,-0.6826089193278179,1.7900143675702551,1.1068345695055841,1.1071200088740105
494,12350,Blackhole Attack,0.56,0.18031644889574408,0.09679459906802552,0.4726777622771506,0.18031644889574408,0.09679459906802552,0.4726777622771506,0.2771110479637696,0.6529942111728947,0.5694723613451761,0.7497888102409203,-1.1766844260530391,-0.25569084504826606,1.9049841098609532,-1.1766844260530391,-0.25569084504826606,1.9049841098609532,-1.4323752711013051,0.7282996838079141,1.6492932648126872,0.4726088387596481
495,12375,Blackhole Attack,0.56,0.6715722305893145,0.0866480236320967,0.587339730433138,0.6715722305893145,0.0866480236320967,0.587339730433138,0.7582202542214111,1.2589119610224526,0.6739877540652347,1.3455599846545492,1.7862475677038692,-0.45086454424874084,2.930579622492353,1.7862475677038692,-0.45086454424874084,2.930579622492353,1.3353830234551283,4.716827190196222,2.479715078243612,4.265962645947481
496,12400,Blackhole Attack,0.68,0.3358183816546629,0.10428812318414075,0.2059383689210723,0.3358183816546629,0.10428812318414075,0.2059383689210723,0.44010650483880365,0.5417567505757352,0.3102264921052131,0.646044873759876,-0.23879897242222192,-0.11154971772649445,-0.48086997294924566,-0.23879897242222192,-0.11154971772649445,-0.48086997294924566,-0.3503486901487164,-0.7196689453714675,-0.5924196906757401,-0.8312186630979621
497,12425,Blackhole Attack,0.56,0.618777946658672,0.05487473782579769,0.4496809825339326,0.618777946658672,0.05487473782579769,0.4496809825339326,0.6736526844844697,1.0684589291926048,0.5045557203597303,1.1233336670184024,1.467827146459524,-1.0620372266702995,1.699289104891815,1.467827146459524,-1.0620372266702995,1.699289104891815,0.4057899197892245,3.167116251351339,0.6372518782215155,2.1050790246810394
498,12450,Normal Traffic,0.4,0.36086908001117723,0.07923510288934048,0.5125863436113341,0.36086908001117723,0.07923510288934048,0.5125863436113341,0.4401041829005177,0.8734554236225114,0.5918214465006746,0.9526905265118519,-0.08770962468856364,-0.5934552313608227,2.261946951072105,-0.08770962468856364,-0.5934552313608227,2.261946951072105,-0.6811648560493864,2.1742373263835413,1.6684917197112825,1.5807820950227187
499,12475,Normal Traffic,0.32,0.25107929120087435,0.10653403614232158,0.6073888805055899,0.25107929120087435,0.10653403614232158,0.6073888805055899,0.35761332734319595,0.8584681717064643,0.7139229166479115,0.9650022078487859,-0.749889470658849,-0.06834862560448952,3.1099095143219344,-0.749889470658849,-0.06834862560448952,3.1099095143219344,-0.8182380962633385,2.360020043663085,3.041560888717445,2.2916714180585958
500,12500,Blackhole Attack,0.56,0.5344976416887286,0.04467335574520504,0.4137890134826239,0.5344976416887286,0.04467335574520504,0.4137890134826239,0.5791709974339336,0.9482866551713525,0.45846236922782896,0.9929600109165575,0.9595037407213701,-1.2582651550190567,1.3782529061371445,0.9595037407213701,-1.2582651550190567,1.3782529061371445,-0.29876141429768655,2.3377566468585145,0.1199877511180878,1.079491491839458
501,12525,Normal Traffic,0.32,0.3279099636484663,0.1105532643809519,0.5593351967871415,0.3279099636484663,0.1105532643809519,0.5593351967871415,0.4384632280294182,0.8872451604356077,0.6698884611680934,0.9977984248165597,-0.2864973519706162,0.008962941063292023,2.680092695549007,-0.2864973519706162,0.008962941063292023,2.680092695549007,-0.27753441090732417,2.393595343578391,2.689055636612299,2.4025582846416826
502,12550,Blackhole Attack,0.68,0.4145623958439801,0.1535193998130781,0.48798962723594047,0.4145623958439801,0.1535193998130781,0.48798962723594047,0.5680817956570582,0.9025520230799206,0.6415090270490186,1.0560714228929986,0.23613316609438725,0.8354348522602951,2.0419412914295556,0.23613316609438725,0.8354348522602951,2.0419412914295556,1.0715680183546823,2.278074457523943,2.8773761436898506,3.113509309784238
503,12575,Blackhole Attack,0.56,0.5391048743133102,0.06722866721027193,0.5677749400496195,0.5391048743133102,0.06722866721027193,0.5677749400496195,0.6063335415235822,1.1068798143629297,0.6350036072598915,1.1741084815732017,0.9872915397758524,-0.8244041343176419,2.7555820923992607,0.9872915397758524,-0.8244041343176419,2.7555820923992607,0.16288740545821045,3.742873632175113,1.9311779580816189,2.9184694978574712
504,12600,Blackhole Attack,0.52,0.2559914511825169,0.07327814622728654,0.5295280177228862,0.2559914511825169,0.07327814622728654,0.5295280177228862,0.32926959740980344,0.785519468905403,0.6028061639501727,0.8587976151326896,-0.720262550202288,-0.7080398293911186,2.413481982475314,-0.720262550202288,-0.7080398293911186,2.413481982475314,-1.4283023795934067,1.6932194322730258,1.7054421530841952,0.9851796028819073
505,12625,Normal Traffic,0.32,0.41025555616511516,0.09978826708851103,0.33907049585912785,0.41025555616511516,0.09978826708851103,0.33907049585912785,0.5100438232536262,0.7493260520242431,0.43885876294763887,0.849114319112754,0.21015713985303014,-0.19810636588819633,0.7099321227290133,0.21015713985303014,-0.19810636588819633,0.7099321227290133,0.01205077396483381,0.9200892625820434,0.511825756840817,0.7219828966938471
506,12650,Blackhole Attack,0.68,0.2636894627535063,0.1083003958220292,0.12884070308147094,0.2636894627535063,0.1083003958220292,0.12884070308147094,0.3719898585755355,0.39253016583497724,0.23714109890350016,0.5008305616570065,-0.673833203979911,-0.034371945000868376,-1.1704710794982036,-0.673833203979911,-0.034371945000868376,-1.1704710794982036,-0.7082051489807794,-1.8443042834781145,-1.204843024499072,-1.8786762284789829
507,12675,Blackhole Attack,0.68,0.23122363449665145,0.13220067737918287,0.1290821633566468,0.23122363449665145,0.13220067737918287,0.1290821633566468,0.36342431187583435,0.36030579785329825,0.26128284073582964,0.49250647523248114,-0.869645741624618,0.4253601481470256,-1.1683113348271352,-0.869645741624618,0.4253601481470256,-1.1683113348271352,-0.44428559347759244,-2.0379570764517534,-0.7429511866801096,-1.6125969283047277
508,12700,Blackhole Attack,0.56,0.27688883080889337,0.15769809503910925,0.16121505254554894,0.27688883080889337,0.15769809503910925,0.16121505254554894,0.4345869258480026,0.4381038833544423,0.31891314758465816,0.5958019783935515,-0.5942232912500205,0.915813834336153,-0.880898276338664,-0.5942232912500205,0.915813834336153,-0.880898276338664,0.32159054308613255,-1.4751215675886846,0.03491555799748902,-0.5593077332525315
509,12725,Blackhole Attack,0.56,0.16295346869658428,0.14809715911135266,0.12431905046510461,0.16295346869658428,0.14809715911135266,0.12431905046510461,0.3110506278079369,0.2872725191616889,0.2724162095764573,0.4353696782730415,-1.2814065106699448,0.7311357434236536,-1.2109150619939042,-1.2814065106699448,0.7311357434236536,-1.2109150619939042,-0.5502707672462912,-2.4923215726638492,-0.4797793185702506,-1.7611858292401954
510,12750,Normal Traffic,0.32,0.3059957271633292,0.10835335206297575,0.10924731070154045,0.3059957271633292,0.10835335206297575,0.10924731070154045,0.41434907922630493,0.4152430378648696,0.2176006627645162,0.5235963899278454,-0.41866962315839684,-0.03335330915604029,-1.3457244405319655,-0.41866962315839684,-0.03335330915604029,-1.3457244405319655,-0.45202293231443713,-1.7643940636903623,-1.3790777496880058,-1.7977473728464026
511,12775,Blackhole Attack,0.6,0.46781259337566566,0.159279433598252,0.14787724403339822,0.46781259337566566,0.159279433598252,0.14787724403339822,0.6270920269739176,0.6156898374090639,0.3071566776316502,0.7749692710073158,0.55730335852771,0.9462315548986362,-1.000198483533689,0.55730335852771,0.9462315548986362,-1.000198483533689,1.5035349134263463,-0.44289512500597905,-0.05396692863505281,0.5033364298926573
512,12800,Blackhole Attack,0.68,0.38282010468982136,0.12674189697153365,0.25207382847923177,0.38282010468982136,0.12674189697153365,0.25207382847923177,0.509562001661355,0.6348939331690531,0.3788157254507654,0.7616358301405868,0.044684528703144696,0.3203581825073305,-0.06821073591551455,0.044684528703144696,0.3203581825073305,-0.06821073591551455,0.3650427112104752,-0.02352620721236985,0.252147446591816,0.29683197529496064
513,12825,Normal Traffic,0.32,0.234869132738155,0.1264720214171305,0.08517414297522186,0.234869132738155,0.1264720214171305,0.08517414297522186,0.36134115415528545,0.3200432757133769,0.21164616439235234,0.4465152971305073,-0.8476584922619776,0.31516701129796537,-1.5610472122582255,-0.8476584922619776,0.31516701129796537,-1.5610472122582255,-0.5324914809640122,-2.4087057045202034,-1.24588020096026,-2.0935386932222375
514,12850,Normal Traffic,0.36,0.20455611916498054,0.1053949219597583,0.12275222693797408,0.20455611916498054,0.1053949219597583,0.12275222693797408,0.3099510411247388,0.3273083461029546,0.22814714889773238,0.43270326806271286,-1.0304866666877597,-0.0902599719721863,-1.2249295360549486,-1.0304866666877597,-0.0902599719721863,-1.2249295360549486,-1.120746638659946,-2.2554162027427083,-1.315189508027135,-2.3456761747148946
515,12875,Normal Traffic,0.48,0.1888633301581194,0.18021417878440965,0.14128957759664756,0.1888633301581194,0.18021417878440965,0.14128957759664756,0.36907750894252905,0.33015290775476697,0.3215037563810572,0.5103670865391766,-1.1251352557779715,1.3489202931436195,-1.0591219543662551,-1.1251352557779715,1.3489202931436195,-1.0591219543662551,0.22378503736564803,-2.1842572101442266,0.2897983387773644,-0.8353369170006071
516,12900,Normal Traffic,0.48,0.3510336556833771,0.13875243811942053,0.14298312328633647,0.3510336556833771,0.13875243811942053,0.14298312328633647,0.4897860938027976,0.4940167789697135,0.281735561405757,0.632769217089134,-0.14703043983001632,0.5513860559050917,-1.0439740122219314,-0.14703043983001632,0.5513860559050917,-1.0439740122219314,0.4043556160750754,-1.1910044520519478,-0.4925879563168397,-0.639618396146856
517,12925,Blackhole Attack,0.72,0.37466434052848974,0.1303388164997441,0.21952948466619213,0.37466434052848974,0.1303388164997441,0.21952948466619213,0.5050031570282338,0.5941938251946819,0.34986830116593626,0.724532641694426,-0.004505680282973223,0.3895464612995431,-0.35930405581021585,-0.004505680282973223,0.3895464612995431,-0.35930405581021585,0.3850407810165699,-0.36380973609318906,0.030242405489327273,0.02573672520635406
518,12950,Blackhole Attack,0.76,0.12713956276568483,0.14066179481951568,0.22826206157599144,0.12713956276568483,0.14066179481951568,0.22826206157599144,0.2678013575852005,0.35540162434167627,0.3689238563955071,0.49606341916119195,-1.4974124522962011,0.5881133450879241,-0.2811954044724438,-1.4974124522962011,0.5881133450879241,-0.2811954044724438,-0.909299107208277,-1.778607856768645,0.30691794061548033,-1.1904945116807208
519,12975,Blackhole Attack,0.6,0.4471885054957411,0.14844120398451124,0.1803302872104088,0.4471885054957411,0.14844120398451124,0.1803302872104088,0.5956297094802523,0.6275187927061499,0.32877149119492005,0.7759599966906611,0.43291241576706124,0.7377535930626115,-0.7099218034029624,0.43291241576706124,0.7377535930626115,-0.7099218034029624,1.1706660088296728,-0.27700938763590116,0.027831789659649053,0.46074420542671035
520,13000,Blackhole Attack,0.76,0.2095979494271207,0.15410377432675504,0.123523818794979,0.2095979494271207,0.15410377432675504,0.123523818794979,0.36370172375387577,0.3331217682220997,0.277627593121734,0.48722554254885475,-1.0000776603259678,0.8466755448735822,-1.2180280223372473,-1.0000776603259678,0.8466755448735822,-1.2180280223372473,-0.15340211545238558,-2.2181056826632153,-0.37135247746366506,-1.3714301377896327
521,13025,Blackhole Attack,0.88,0.21156968100333684,0.13221731306849288,0.15187146331936507,0.21156968100333684,0.13221731306849288,0.15187146331936507,0.3437869940718297,0.3634411443227019,0.28408877638785796,0.4956584573911948,-0.9881854713930838,0.4256801427148369,-0.964472135538506,-0.9881854713930838,0.4256801427148369,-0.964472135538506,-0.5625053286782469,-1.9526576069315897,-0.5387919928236691,-1.5269774642167528
522,13050,Blackhole Attack,0.88,0.18385837131951194,0.1371368350697698,0.17219118041916598,0.18385837131951194,0.1371368350697698,0.17219118041916598,0.32099520638928175,0.3560495517386779,0.3093280154889358,0.49318638680844773,-1.1553218779470242,0.520309243276927,-0.7827221533025076,-1.1553218779470242,0.520309243276927,-0.7827221533025076,-0.6350126346700973,-1.938044031249532,-0.26241291002558065,-1.4177347879726048
523,13075,Blackhole Attack,0.8,0.4313990951559356,0.06750090309116888,0.13675543482904845,0.4313990951559356,0.06750090309116888,0.13675543482904845,0.4988999982471045,0.5681545299849841,0.20425633792021733,0.635655433076153,0.3376810703015997,-0.8191675612230771,-1.0996776551872423,0.3376810703015997,-0.8191675612230771,-1.0996776551872423,-0.4814864909214774,-0.7619965848856425,-1.9188452164103194,-1.5811641461087196
524,13100,Blackhole Attack,0.68,0.5413674512507953,0.1373833524224041,0.2549799098173132,0.5413674512507953,0.1373833524224041,0.2549799098173132,0.6787508036731994,0.7963473610681086,0.3923632622397173,0.9337307134905126,1.0009379167676915,0.525051109528704,-0.04221725239512409,1.0009379167676915,0.525051109528704,-0.04221725239512409,1.5259890262963955,0.9587206643725674,0.48283385713357996,1.4837717739012715
525,13125,Blackhole Attack,0.6,0.6140658083762113,0.09371034525877818,0.41486592949850415,0.6140658083762113,0.09371034525877818,0.41486592949850415,0.7077761536349895,1.0289317378747154,0.5085762747572823,1.1226420831334936,1.439406625426718,-0.31501778042908557,1.3878853958905482,1.439406625426718,-0.31501778042908557,1.3878853958905482,1.1243888449976325,2.827292021317266,1.0728676154614627,2.5122742408881806
526,13150,Blackhole Attack,0.88,0.5232556474352528,0.09415201615343237,0.1387720153425539,0.5232556474352528,0.09415201615343237,0.1387720153425539,0.6174076635886852,0.6620276627778067,0.23292403149598628,0.756179678931239,0.8916994202665076,-0.3065220526948197,-1.081640323727019,0.8916994202665076,-0.3065220526948197,-1.081640323727019,0.5851773675716879,-0.1899409034605113,-1.3881623764218385,-0.496462956155331
527,13175,Blackhole Attack,0.84,0.28853730120235493,0.14594608904880196,0.1779939758398701,0.28853730120235493,0.14594608904880196,0.1779939758398701,0.4344833902511569,0.466531277042225,0.32394006488867205,0.612477366091027,-0.5239673738781494,0.6897589947858032,-0.7308189718038618,-0.5239673738781494,0.6897589947858032,-0.7308189718038618,0.16579162090765376,-1.2547863456820112,-0.041059977018058635,-0.565027350896208
528,13200,Blackhole Attack,0.76,0.46619381686427264,0.11740066322710303,0.11491163918366343,0.46619381686427264,0.11740066322710303,0.11491163918366343,0.5835944800913757,0.5811054560479361,0.23231230241076645,0.6985061192750391,0.5475399625635676,0.14067557367942576,-1.2950597784233184,0.5475399625635676,0.14067557367942576,-1.2950597784233184,0.6882155362429934,-0.7475198158597508,-1.1543842047438926,-0.6068442421803251
529,13225,Blackhole Attack,0.84,0.2543657429941475,0.08599987742641588,0.16218731120171545,0.2543657429941475,0.08599987742641588,0.16218731120171545,0.3403656204205634,0.41655305419586297,0.24818718862813133,0.5025529316222789,-0.7300677534860572,-0.46333191251345995,-0.8722018957434444,-0.7300677534860572,-0.46333191251345995,-0.8722018957434444,-1.1933996659995172,-1.6022696492295017,-1.3355338082569044,-2.0656015617429615
530,13250,Blackhole Attack,0.64,0.21407651427970611,0.11747127729388515,0.1315096316657805,0.21407651427970611,0.11747127729388515,0.1315096316657805,0.33154779157359127,0.34558614594548664,0.24898090895966565,0.46305742323937177,-0.9730659007043422,0.14203386532338808,-1.1465988119658883,-0.9730659007043422,0.14203386532338808,-1.1465988119658883,-0.8310320353809542,-2.1196647126702306,-1.0045649466425002,-1.9776308473468425
531,13275,Blackhole Attack,0.84,0.17628887917573993,0.08806314519234154,0.16695052492894502,0.17628887917573993,0.08806314519234154,0.16695052492894502,0.2643520243680815,0.34323940410468495,0.25501367012128656,0.4313025492970265,-1.2009760794547502,-0.4236440784398203,-0.8295972666505167,-1.2009760794547502,-0.4236440784398203,-0.8295972666505167,-1.6246201578945705,-2.0305733461052666,-1.253241345090337,-2.454217424545087
532,13300,Blackhole Attack,0.8,0.3039168495575606,0.10268363138541269,0.3025716876665527,0.3039168495575606,0.10268363138541269,0.3025716876665527,0.4066004809429733,0.6064885372241133,0.4052553190519654,0.709172168609526,-0.43120804651903755,-0.14241280071168633,0.38346804313310956,-0.43120804651903755,-0.14241280071168633,0.38346804313310956,-0.5736208472307238,-0.04774000338592799,0.24105524242142323,-0.19015280409761426
533,13325,Normal Traffic,0.28,0.5463505853167855,0.05538449830548483,0.3212790897279674,0.5463505853167855,0.05538449830548483,0.3212790897279674,0.6017350836222704,0.867629675044753,0.37666358803345223,0.9230141733502377,1.0309929062528065,-1.0522317667735102,0.5507966518752619,1.0309929062528065,-1.0522317667735102,0.5507966518752619,-0.021238860520703673,1.5817895581280683,-0.5014351148982482,0.5295577913545583
534,13350,Normal Traffic,0.32,0.5210413342170559,0.08108911494194693,0.4637666381870673,0.5210413342170559,0.08108911494194693,0.4637666381870673,0.6021304491590028,0.9848079724041232,0.5448557531290142,1.06589708734607,0.878344138307736,-0.5577925200397057,1.8252784408735006,0.878344138307736,-0.5577925200397057,1.8252784408735006,0.32055161826803036,2.7036225791812365,1.2674859208337947,2.145830059141531
535,13375,Normal Traffic,0.24,0.5727692242912149,0.12253454846937006,0.5060344110531445,0.5727692242912149,0.12253454846937006,0.5060344110531445,0.695303772760585,1.0788036353443595,0.6285689595225146,1.2013381838137294,1.190332772704855,0.23942804246371346,2.203343102395782,1.190332772704855,0.23942804246371346,2.203343102395782,1.4297608151685683,3.393675875100637,2.4427711448594955,3.63310391756435
536,13400,Normal Traffic,0.16,0.5203478213819416,0.08138610577480375,0.3574676712099184,0.5203478213819416,0.08138610577480375,0.3574676712099184,0.6017339271567453,0.87781549259186,0.43885377698472217,0.9592015983666637,0.8741613247026577,-0.5520797749028545,0.8744859044955661,0.8741613247026577,-0.5520797749028545,0.8744859044955661,0.3220815497998032,1.7486472291982238,0.32240612959271153,1.1965674542953693
537,13425,Normal Traffic,0.16,0.4712958019675734,0.046677214608513574,0.1864472178014698,0.4712958019675734,0.046677214608513574,0.1864472178014698,0.517973016576087,0.6577430197690433,0.23312443240998337,0.7044202343775567,0.5783117833900356,-1.2197200764851994,-0.6552088356581968,0.5783117833900356,-1.2197200764851994,-0.6552088356581968,-0.6414082930951638,-0.07689705226816113,-1.874928912143396,-1.2966171287533605
538,13450,Normal Traffic,0.36,0.4789542976294787,0.09704977125371343,0.08215076849083779,0.4789542976294787,0.09704977125371343,0.08215076849083779,0.5760040688831921,0.5611050661203165,0.17920053974455122,0.6581548373740299,0.6245027956209349,-0.25078249939723707,-1.588089825899483,0.6245027956209349,-0.25078249939723707,-1.588089825899483,0.37372029622369785,-0.9635870302785482,-1.83887232529672,-1.2143695296757853
539,13475,Normal Traffic,0.2,0.21118631448757624,0.13609433163116416,0.20241404897136941,0.21118631448757624,0.13609433163116416,0.20241404897136941,0.34728064611874043,0.4136003634589457,0.3385083806025336,0.5496946950901098,-0.9904976862457341,0.5002562457087623,-0.5123933000264101,-0.9904976862457341,0.5002562457087623,-0.5123933000264101,-0.49024144053697183,-1.5028909862721442,-0.012137054317647888,-1.002634740563382
540,13500,Normal Traffic,0.2,0.12208011709642266,0.05922987362833032,0.25170016961411257,0.12208011709642266,0.05922987362833032,0.25170016961411257,0.18130999072475298,0.3737802867105352,0.3109300432424429,0.4330101603388655,-1.5279277032158993,-0.9782643349721941,-0.07155293264808633,-1.5279277032158993,-0.9782643349721941,-0.07155293264808633,-2.5061920381880936,-1.5994806358639857,-1.0498172676202804,-2.57774497083618
541,13525,Normal Traffic,0.32,0.15341829821936806,0.0803248575398252,0.2344997691084507,0.15341829821936806,0.0803248575398252,0.2344997691084507,0.23374315575919324,0.38791806732781875,0.3148246266482759,0.46824292486764396,-1.3389163919286922,-0.5724933366113009,-0.22540214575483444,-1.3389163919286922,-0.5724933366113009,-0.22540214575483444,-1.9114097285399931,-1.5643185376835267,-0.7978954823661353,-2.1368118742948274
542,13550,Normal Traffic,0.44,0.4918945600877262,0.07256119028944279,0.38623318468107765,0.4918945600877262,0.07256119028944279,0.38623318468107765,0.564455750377169,0.8781277447688038,0.45879437497052045,0.9506889350582466,0.7025499536879087,-0.7218307821550648,1.1317794256954155,0.7025499536879087,-0.7218307821550648,1.1317794256954155,-0.019280828467156064,1.8343293793833242,0.40994864354035065,1.1124985972282593
543,13575,Normal Traffic,0.2,0.23226797103743363,0.1591841897443453,0.42332515341278254,0.23226797103743363,0.1591841897443453,0.42332515341278254,0.3914521607817789,0.6555931244502162,0.5825093431571279,0.8147773141945615,-0.8633469900083713,0.9443994988112931,1.4635490376922096,-0.8633469900083713,0.9443994988112931,1.4635490376922096,0.08105250880292181,0.6002020476838382,2.4079485365035027,1.5446015464951315
544,13600,Normal Traffic,0.32,0.4221925499522056,0.06727270712084955,0.4235695897073859,0.4221925499522056,0.06727270712084955,0.4235695897073859,0.48946525707305516,0.8457621396595916,0.49084229682823544,0.913034846780441,0.28215324070118153,-0.8235570078842783,1.4657354014089774,0.28215324070118153,-0.8235570078842783,1.4657354014089774,-0.5414037671830968,1.747888642110159,0.6421783935246991,0.9243316342258806
545,13625,Normal Traffic,0.28,0.6588035371350529,0.09288547156077888,0.5402252422258526,0.6588035371350529,0.09288547156077888,0.5402252422258526,0.7516890086958318,1.1990287793609054,0.6331107137866314,1.2919142509216843,1.7092352011039686,-0.33088457726396875,2.5091634505705405,1.7092352011039686,-0.33088457726396875,2.5091634505705405,1.3783506238399998,4.218398651674509,2.1782788733065717,3.8875140744105403
546,13650,Normal Traffic,0.28,0.7874244029315072,0.10208027525463595,0.48893221135924286,0.7874244029315072,0.10208027525463595,0.48893221135924286,0.8895046781861431,1.27635661429075,0.5910124866138788,1.378436889545386,2.4849917265930523,-0.1540186128127818,2.0503722477674184,2.4849917265930523,-0.1540186128127818,2.0503722477674184,2.3309731137802707,4.535363974360471,1.8963536349546366,4.381345361547689
547,13675,Normal Traffic,0.24,0.4330163244773724,0.09550725255970037,0.2960498260801332,0.4330163244773724,0.09550725255970037,0.2960498260801332,0.5285235770370728,0.7290661505575056,0.3915570786398336,0.824573403117206,0.347435134632828,-0.28045350332338637,0.3251331646672575,0.347435134632828,-0.28045350332338637,0.3251331646672575,0.06698163130944162,0.6725682993000854,0.044679661343871135,0.3921147959766991
548,13700,Normal Traffic,0.12,0.5506737248569487,0.08498509350862747,0.2328343933154842,0.5506737248569487,0.08498509350862747,0.2328343933154842,0.6356588183655761,0.7835081181724328,0.31781948682411165,0.8684932116810603,1.0570672425443128,-0.48285171329497195,-0.24029812187995914,1.0570672425443128,-0.48285171329497195,-0.24029812187995914,0.5742155292493409,0.8167691206643537,-0.723149835174931,0.3339174073693818
549,13725,Normal Traffic,0.28,0.5667923672064049,0.08514908404686662,0.5219593816732475,0.5667923672064049,0.08514908404686662,0.5219593816732475,0.6519414512532715,1.0887517488796523,0.6071084657201141,1.173900832926519,1.1542842991018663,-0.4796972854602685,2.345784215778255,1.1542842991018663,-0.4796972854602685,2.345784215778255,0.6745870136415977,3.5000685148801214,1.8660869303179863,3.020371229419853
550,13750,Normal Traffic,0.08,0.8011482078585445,0.0555697089031371,0.18795588428054805,0.8011482078585445,0.0555697089031371,0.18795588428054805,0.8567179167616815,0.9891040921390926,0.24352559318368516,1.0446738010422296,2.5677646978428066,-1.0486691620599116,-0.6417145480937698,2.5677646978428066,-1.0486691620599116,-0.6417145480937698,1.519095535782895,1.9260501497490368,-1.6903837101536814,0.8773809876891252
551,13775,Normal Traffic,0.16,0.6316517709498959,0.06157839980241465,0.13744922782467914,0.6316517709498959,0.06157839980241465,0.13744922782467914,0.6932301707523105,0.769100998774575,0.19902762762709378,0.8306793985769897,1.5454735931699777,-0.9330894339467609,-1.0934720144289576,1.5454735931699777,-0.9330894339467609,-1.0934720144289576,0.6123841592232168,0.4520015787410201,-2.0265614483757184,-0.4810878552057408
552,13800,Normal Traffic,0.24,0.705216269121374,0.04612359914686979,0.2602476291583011,0.705216269121374,0.04612359914686979,0.2602476291583011,0.7513398682682438,0.965463898279675,0.3063712283051709,1.0115874974265449,1.9891662953413787,-1.23036910563458,0.004899933929194767,1.9891662953413787,-1.23036910563458,0.004899933929194767,0.7587971897067987,1.9940662292705735,-1.2254691717053852,0.7636971236359934
553,13825,Normal Traffic,0.12,0.4330610136322363,0.07419922229077787,0.11895996251983511,0.4330610136322363,0.07419922229077787,0.11895996251983511,0.5072602359230142,0.5520209761520715,0.19315918481061298,0.6262201984428493,0.3477046702426964,-0.6903225390903879,-1.2588494960251453,0.3477046702426964,-0.6903225390903879,-1.2588494960251453,-0.34261786884769146,-0.9111448257824488,-1.949172035115533,-1.6014673648728368
554,13850,Normal Traffic,0.24,0.7030489923672706,0.10581621825129575,0.47335571757458095,0.7030489923672706,0.10581621825129575,0.47335571757458095,0.8088652106185663,1.1764047099418515,0.5791719358258767,1.2822209281931474,1.9760947064189622,-0.08215615840493631,1.9110480901151852,1.9760947064189622,-0.08215615840493631,1.9110480901151852,1.8939385480140258,3.8871427965341474,1.8288919317102488,3.8049866381292112
555,13875,Normal Traffic,0.12,0.48674090491326993,0.0796257207606136,0.15258185979989547,0.48674090491326993,0.0796257207606136,0.15258185979989547,0.5663666256738835,0.6393227647131654,0.23220758056050905,0.718948485473779,0.6714664929527592,-0.5859415302710707,-0.9581179846867611,0.6714664929527592,-0.5859415302710707,-0.9581179846867611,0.08552496268168852,-0.28665149173400195,-1.5440595149578318,-0.8725930220050726
556,13900,Normal Traffic,0.08,0.5757688448205144,0.02894034557498192,0.14917681659896959,0.5757688448205144,0.02894034557498192,0.14917681659896959,0.6047091903954963,0.724945661419484,0.17811716217395152,0.753886006994466,1.2084245122152824,-1.560896305190962,-0.9885744392841113,1.2084245122152824,-1.560896305190962,-0.9885744392841113,-0.35247179297567954,0.2198500729311711,-2.549470744475073,-1.341046232259791
557,13925,Normal Traffic,0.24,0.7344188150309862,0.07915340214061327,0.24926608712462228,0.7344188150309862,0.07915340214061327,0.24926608712462228,0.8135722171715994,0.9836849021556084,0.32841948926523556,1.0628383042962217,2.1652968586834636,-0.5950267800530123,-0.09332461613427762,2.1652968586834636,-0.5950267800530123,-0.09332461613427762,1.5702700786304513,2.0719722425491858,-0.68835139618729,1.4769454624961738
558,13950,Normal Traffic,0.16,0.6121539748175314,0.09020923232868437,0.2142152058904725,0.6121539748175314,0.09020923232868437,0.2142152058904725,0.7023632071462158,0.8263691807080039,0.3044244382191569,0.9165784130366883,1.4278757019672073,-0.38236317850944485,-0.40683769362319755,1.4278757019672073,-0.38236317850944485,-0.40683769362319755,1.0455125234577625,1.0210380083440098,-0.7892008721326425,0.6386748298345649
559,13975,Normal Traffic,0.28,0.6777312299824828,0.09294955335728274,0.21350721576064996,0.6777312299824828,0.09294955335728274,0.21350721576064996,0.7706807833397655,0.8912384457431328,0.3064567691179327,0.9841879991004154,1.8233946039965245,-0.3296519366204288,-0.4131703208387491,1.8233946039965245,-0.3296519366204288,-0.4131703208387491,1.4937426673760958,1.4102242831577754,-0.7428222574591778,1.0805723465373467
560,14000,Normal Traffic,0.24,0.6995916939355076,0.034238283350268434,0.219559694763549,0.6995916939355076,0.034238283350268434,0.219559694763549,0.733829977285776,0.9191513886990565,0.25379797811381744,0.953389672049325,1.9552425546129895,-1.4589882160759717,-0.3590338411890677,1.9552425546129895,-1.4589882160759717,-0.3590338411890677,0.4962543385370177,1.5962087134239218,-1.8180220572650394,0.13722049734795
561,14025,Normal Traffic,0.16,0.5365258599261796,0.10291759516245412,0.23846857838988358,0.5365258599261796,0.10291759516245412,0.23846857838988358,0.6394434550886338,0.7749944383160632,0.3413861735523377,0.8779120334785173,0.971736620068556,-0.13791240783209485,-0.18990307788614047,0.971736620068556,-0.13791240783209485,-0.18990307788614047,0.8338242122364612,0.7818335421824155,-0.3278154857182353,0.6439211343503207
562,14050,Normal Traffic,0.36,0.6660455314805297,0.05037322964050457,0.31832632137983385,0.6660455314805297,0.05037322964050457,0.31832632137983385,0.7164187611210343,0.9843718528603635,0.3686995510203384,1.0347450825008682,1.7529141511426762,-1.148625653480182,0.5243855757670443,1.7529141511426762,-1.148625653480182,0.5243855757670443,0.6042884976624943,2.2772997269097206,-0.6242400777131377,1.1286740734295386
563,14075,Normal Traffic,0.16,0.5557942187247056,0.03930115616580573,0.37619806955958124,0.5557942187247056,0.03930115616580573,0.37619806955958124,0.5950953748905113,0.9319922882842868,0.41549922572538694,0.9712934444500926,1.087950696072961,-1.3616017015588715,1.042020203846503,1.087950696072961,-1.3616017015588715,1.042020203846503,-0.2736510054859105,2.129970899919464,-0.31958149771236855,0.7683691983605925
564,14100,Normal Traffic,0.44,0.4560809846922284,0.27841957217253976,0.21182661688118457,0.4560809846922284,0.27841957217253976,0.21182661688118457,0.7345005568647682,0.667907601573413,0.4902461890537243,0.9463271737459528,0.48654600563394845,3.237942853516929,-0.4282024600653167,0.48654600563394845,3.237942853516929,-0.4282024600653167,3.7244888591508776,0.05834354556863175,2.8097403934516123,3.296286399085561
565,14125,Sybil Attack,1.0,1.093191575420134,0.2296598914387052,0.7044017678196025,1.093191575420134,0.2296598914387052,0.7044017678196025,1.3228514668588391,1.7975933432397366,0.9340616592583078,2.0272532346784415,4.329178343356889,2.3000296313909203,3.977642586558332,4.329178343356889,2.3000296313909203,3.977642586558332,6.62920797474781,8.306820929915222,6.277672217949252,10.606850561306143
566,14150,Sybil Attack,1.0,1.0471214571709357,0.27300248285430284,0.7080763243506651,1.0471214571709357,0.27300248285430284,0.7080763243506651,1.3201239400252387,1.7551977815216009,0.981078807204968,2.028200264375904,4.051313669996445,3.13374283373529,4.010509706753246,4.051313669996445,3.13374283373529,4.010509706753246,7.185056503731735,8.061823376749691,7.1442525404885355,11.19556621048498
567,14175,Sybil Attack,1.0,1.049461818397223,0.22915288832297914,0.7113790474312067,1.049461818397223,0.22915288832297914,0.7113790474312067,1.2786147067202023,1.7608408658284298,0.9405319357541859,1.989993754151409,4.0654291906940525,2.290277210564084,4.040050957660953,4.0654291906940525,2.290277210564084,4.040050957660953,6.355706401258137,8.105480148355007,6.330328168225037,10.39575735891909
568,14200,Sybil Attack,1.0,0.5242022537082716,0.3168357687967135,0.4183552980499466,0.5242022537082716,0.3168357687967135,0.4183552980499466,0.841038022504985,0.9425575517582181,0.7351910668466601,1.2593933205549317,0.8974087271415315,3.976894754254108,1.4190960997170168,0.8974087271415315,3.976894754254108,1.4190960997170168,4.87430348139564,2.3165048268585484,5.395990853971125,6.293399581112657
569,14225,Flooding Attack,1.0,0.38468841123481606,0.08722038678182376,0.554230935534043,0.38468841123481606,0.08722038678182376,0.554230935534043,0.4719087980166398,0.938919346768859,0.6414513223158668,1.0261397335506828,0.055952925824551414,-0.43985489533579814,2.6344375622849894,0.055952925824551414,-0.43985489533579814,2.6344375622849894,-0.3839019695112467,2.6903904881095406,2.1945826669491915,2.2505355927737427
570,14250,Flooding Attack,1.0,0.7278276818471975,0.15744066681360547,0.37567943981404345,0.7278276818471975,0.15744066681360547,0.37567943981404345,0.885268348660803,1.1035071216612409,0.533120106627649,1.2609477884748463,2.1255434753888482,0.9108620927985819,1.0373813131289014,2.1255434753888482,0.9108620927985819,1.0373813131289014,3.0364055681874302,3.1629247885177496,1.9482434059274834,4.073786881316332
571,14275,Flooding Attack,1.0,0.7003656088140496,0.15009976560011398,0.5046890571150059,0.7003656088140496,0.15009976560011398,0.5046890571150059,0.8504653744141636,1.2050546659290555,0.6547888227151198,1.3551544315291695,1.959910300499199,0.7696567319998,2.1913095660450117,1.959910300499199,0.7696567319998,2.1913095660450117,2.729567032498999,4.151219866544211,2.960966298044812,4.920876598544011
572,14300,Flooding Attack,1.0,0.7248974739940786,0.18844489857995259,0.50256672772347,0.7248974739940786,0.18844489857995259,0.50256672772347,0.9133423725740312,1.2274642017175486,0.6910116263034226,1.415909100297501,2.1078703875191582,1.5072416932773423,2.172326362326375,2.1078703875191582,1.5072416932773423,2.172326362326375,3.6151120807965005,4.280196749845533,3.6795680556037174,5.787438443122875
573,14325,Flooding Attack,1.0,0.7269041636211536,0.1323552417344095,0.44397986192263156,0.7269041636211536,0.1323552417344095,0.44397986192263156,0.8592594053555631,1.1708840255437851,0.576335103657041,1.3032392672781947,2.119973420438391,0.4283332593375555,1.6482953550900814,2.119973420438391,0.4283332593375555,1.6482953550900814,2.548306679775947,3.7682687755284725,2.076628614427637,4.196602034866029
574,14350,Flooding Attack,1.0,0.6087911017702925,0.1458398793651693,0.3683097148858052,0.6087911017702925,0.1458398793651693,0.3683097148858052,0.7546309811354618,0.9771008166560977,0.5141495942509745,1.1229406960212671,1.407593062018916,0.6877160062941294,0.9714627096260694,1.407593062018916,0.6877160062941294,0.9714627096260694,2.0953090683130453,2.3790557716449854,1.659178715920199,3.0667717779391146
575,14375,Flooding Attack,1.0,0.5125958404152148,0.15419760663479734,0.4279778984311568,0.5125958404152148,0.15419760663479734,0.4279778984311568,0.6667934470500121,0.9405737388463715,0.5821755050659542,1.094771345481169,0.8274064705569685,0.8484804492751488,1.5051655779365831,0.8274064705569685,0.8484804492751488,1.5051655779365831,1.6758869198321173,2.3325720484935517,2.353646027211732,3.1810524977687002
576,14400,Flooding Attack,1.0,0.6386670395493571,0.17894990110066963,0.6251316082240062,0.6386670395493571,0.17894990110066963,0.6251316082240062,0.8176169406500268,1.2637986477733634,0.8040815093246758,1.4427485488740328,1.5877850825258573,1.324601373532733,3.26860958045976,1.5877850825258573,1.324601373532733,3.26860958045976,2.9123864560585906,4.856394662985617,4.593210953992493,6.1809960365183505
577,14425,Flooding Attack,1.0,0.7984518403043794,0.15113033060239542,0.513050456442153,0.7984518403043794,0.15113033060239542,0.513050456442153,0.9495821709067749,1.3115022967465324,0.6641807870445484,1.4626326273489278,2.551501980963177,0.7894800886615544,2.26609821451453,2.551501980963177,0.7894800886615544,2.26609821451453,3.340982069624731,4.8176001954777075,3.0555783031760844,5.607080284139261
578,14450,Flooding Attack,1.0,1.124850988795557,0.13978559468989638,0.4984881305654918,1.124850988795557,0.13978559468989638,0.4984881305654918,1.2646365834854532,1.6233391193610487,0.6382737252553882,1.763124714050945,4.520127116458817,0.5712592624846264,2.135845295322859,4.520127116458817,0.5712592624846264,2.135845295322859,5.091386378943444,6.655972411781676,2.7071045578074853,7.227231674266303
579,14475,Flooding Attack,1.0,1.004258503798967,0.12290091520268102,0.34979646527838437,1.004258503798967,0.12290091520268102,0.34979646527838437,1.127159419001648,1.3540549690773513,0.4726973804810654,1.4769558842800325,3.7927925072431177,0.24647526258796304,0.8058707001136776,3.7927925072431177,0.24647526258796304,0.8058707001136776,4.03926776983108,4.598663207356795,1.0523459627016405,4.845138469944758
580,14500,Flooding Attack,1.0,1.0310874255795617,0.08064508541842655,0.240406620529985,1.0310874255795617,0.08064508541842655,0.240406620529985,1.1117325109979883,1.2714940461095467,0.32105170594841154,1.3521391315279734,3.95460692992061,-0.5663336170045817,-0.1725682339606068,3.95460692992061,-0.5663336170045817,-0.1725682339606068,3.388273312916028,3.782038695960003,-0.7389018509651886,3.215705078955421
581,14525,Flooding Attack,1.0,0.9597183787001838,0.07136496206543519,0.32300246339526345,0.9597183787001838,0.07136496206543519,0.32300246339526345,1.031083340765619,1.2827208420954472,0.39436742546069864,1.3540858041608825,3.5241557469669034,-0.7448407414306698,0.5662113907655051,3.5241557469669034,-0.7448407414306698,0.5662113907655051,2.7793150055362337,4.090367137732408,-0.17862935066516472,3.3455263963017385
582,14550,Flooding Attack,1.0,0.5621089031803205,0.10546606667853278,0.35411973725703216,0.5621089031803205,0.10546606667853278,0.35411973725703216,0.6675749698588532,0.9162286404373526,0.4595858039355649,1.0216947071158855,1.1260367223371597,-0.08889147301118473,0.8445402643335616,1.1260367223371597,-0.08889147301118473,0.8445402643335616,1.037145249325975,1.9705769866707212,0.7556487913223768,1.8816855136595365
583,14575,Wormhole Attack,1.0,0.9842812610519202,0.09529511294158234,0.5927992829462337,0.9842812610519202,0.09529511294158234,0.5927992829462337,1.0795763739935025,1.577080543998154,0.6880943958878161,1.672375656939736,3.672302909180341,-0.2845340992127601,2.979412663198484,3.672302909180341,-0.2845340992127601,2.979412663198484,3.387768809967581,6.651715572378825,2.694878563985724,6.367181473166065
584,14600,Wormhole Attack,1.0,1.0925286076231653,0.1737070932479943,0.6873198366759248,1.0925286076231653,0.1737070932479943,0.6873198366759248,1.2662357008711596,1.77984844429909,0.861026929923919,1.9535555375470843,4.325179757345958,1.2237537319550038,3.8248530242493963,4.325179757345958,1.2237537319550038,3.8248530242493963,5.548933489300961,8.150032781595353,5.0486067562044,9.373786513550357
585,14625,Wormhole Attack,1.0,0.8339451880500588,0.14521843213408978,0.6020235801295969,0.8339451880500588,0.14521843213408978,0.6020235801295969,0.9791636201841486,1.4359687681796558,0.7472420122636867,1.5811872003137455,2.7655745263053735,0.6757622041750229,3.0619195131207326,2.7655745263053735,0.6757622041750229,3.0619195131207326,3.4413367304803963,5.8274940394261066,3.7376817172957555,6.503256243601129
586,14650,Wormhole Attack,1.0,1.0322309278433988,0.18737269245471272,0.6860831225958257,1.0322309278433988,0.18737269245471272,0.6860831225958257,1.2196036202981115,1.7183140504392245,0.8734558150505385,1.9056867428939372,3.961503784000935,1.486617351883549,3.81379121856652,3.961503784000935,1.486617351883549,3.81379121856652,5.448121135884484,7.775295002567455,5.300408570450069,9.261912354451004
587,14675,Wormhole Attack,1.0,0.534730744479947,0.14920795298005307,0.32398456442382,0.534730744479947,0.14920795298005307,0.32398456442382,0.68393869746,0.8587153089037669,0.4731925174038731,1.00792326188382,0.9609096635495022,0.752502336494631,0.5749958065926261,0.9609096635495022,0.752502336494631,0.5749958065926261,1.7134120000441333,1.5359054701421284,1.327498143087257,2.2884078066367595
588,14700,Wormhole Attack,1.0,0.1931280330036116,0.1569665951091832,0.7368381912565709,0.1931280330036116,0.1569665951091832,0.7368381912565709,0.3500946281127948,0.9299662242601825,0.8938047863657541,1.0869328193693657,-1.09941337122078,0.9017431216912728,4.267770611201258,-1.09941337122078,0.9017431216912728,4.267770611201258,-0.1976702495295073,3.168357239980478,5.169513732892531,4.07010036167175
589,14725,Wormhole Attack,1.0,0.24640042538175344,0.18608906461341448,0.5814351132197999,0.24640042538175344,0.18608906461341448,0.5814351132197999,0.4324894899951679,0.8278355386015533,0.7675241778332144,1.0139246032149678,-0.7781093140613566,1.461926223752202,2.877765694603313,-0.7781093140613566,1.461926223752202,2.877765694603313,0.6838169096908453,2.0996563805419566,4.339691918355515,3.5615826042941583
590,14750,Wormhole Attack,1.0,0.125035732771862,0.18679262064068444,0.6459255837903061,0.125035732771862,0.18679262064068444,0.6459255837903061,0.31182835341254644,0.770961316562168,0.8327182044309905,0.9577539372028525,-1.5101013720614476,1.4754594235302114,3.4546015739126523,-1.5101013720614476,1.4754594235302114,3.4546015739126523,-0.034641948531236144,1.9445002018512048,4.9300609974428635,3.4199596253814164
591,14775,Wormhole Attack,1.0,0.28640339791655955,0.18588957949556428,0.7134227786810386,0.28640339791655955,0.18588957949556428,0.7134227786810386,0.47229297741212384,0.9998261765975982,0.8993123581766029,1.1857157560931624,-0.5368376759746853,1.4580890425641135,4.0583311392465395,-0.5368376759746853,1.4580890425641135,4.0583311392465395,0.9212513665894282,3.521493463271854,5.516420181810653,4.9795825058359675
592,14800,Wormhole Attack,1.0,0.2733616856967899,0.18746785186828707,0.522733864958998,0.2733616856967899,0.18746785186828707,0.522733864958998,0.460829537565077,0.7960955506557879,0.7102017168272851,0.9835634025240749,-0.6154967123245706,1.4884477837251424,2.3527115919191663,-0.6154967123245706,1.4884477837251424,2.3527115919191663,0.8729510714005718,1.7372148795945956,3.8411593756443088,3.225662663319738
593,14825,Wormhole Attack,1.0,0.17375145101923423,0.18060752426291737,0.6290207566798988,0.17375145101923423,0.18060752426291737,0.6290207566798988,0.3543589752821516,0.802772207699133,0.8096282809428161,0.9833797319620503,-1.2162801783517683,1.3564864609200191,3.3033961210055716,-1.2162801783517683,1.3564864609200191,3.3033961210055716,0.14020628256825085,2.0871159426538033,4.659882581925591,3.4436024035738226
594,14850,Wormhole Attack,1.0,0.5087373966943859,0.1867241405449261,0.33765172394661297,0.5087373966943859,0.1867241405449261,0.33765172394661297,0.695461537239312,0.8463891206409988,0.5243758644915391,1.033113261185925,0.8041348740229953,1.4741421797275946,0.6972418983213595,0.8041348740229953,1.4741421797275946,0.6972418983213595,2.27827705375059,1.5013767723443547,2.171384078048954,2.9755189520719494
595,14875,Wormhole Attack,1.0,0.26425502163389275,0.1884772563538115,0.5827265246156104,0.26425502163389275,0.1884772563538115,0.5827265246156104,0.4527322779877042,0.8469815462495032,0.7712037809694219,1.0354588026033147,-0.6704221245310881,1.5078641088363467,2.889316741160463,-0.6704221245310881,1.5078641088363467,2.889316741160463,0.8374419843052586,2.2188946166293753,4.3971808499968095,3.726758725465722
596,14900,Wormhole Attack,1.0,0.3072016050969523,0.18733784329157413,0.6562061012271969,0.3072016050969523,0.18733784329157413,0.6562061012271969,0.4945394483885265,0.9634077063241493,0.843543944518771,1.1507455496157233,-0.4113965600347832,1.485947013390848,3.54655580006426,-0.4113965600347832,1.485947013390848,3.54655580006426,1.0745504533560646,3.1351592400294765,5.032502813455108,4.621106253420324
597,14925,Wormhole Attack,1.0,0.34348157074340097,0.18593952813842296,0.6305913480314081,0.34348157074340097,0.18593952813842296,0.6305913480314081,0.529421098881824,0.9740729187748092,0.8165308761698311,1.1600124469132322,-0.19257965252545603,1.4590498259790037,3.3174442964223267,-0.19257965252545603,1.4590498259790037,3.3174442964223267,1.2664701734535477,3.1248646438968706,4.77649412240133,4.583914469875874
598,14950,Wormhole Attack,1.0,0.16149426133796163,0.18712539632507125,0.6961321654618908,0.16149426133796163,0.18712539632507125,0.6961321654618908,0.3486196576630329,0.8576264267998525,0.883257561786962,1.0447518231249238,-1.290207490382557,1.481860505524414,3.903675017313601,-1.290207490382557,1.481860505524414,3.903675017313601,0.19165301514185695,2.6134675269310437,5.3855355228380155,4.095328032455458
599,14975,Wormhole Attack,1.0,0.3062976783322823,0.18697795611075008,0.6515930520137657,0.3062976783322823,0.18697795611075008,0.6515930520137657,0.49327563444303235,0.957890730346048,0.8385710081245158,1.144868686456798,-0.41684845216686334,1.4790244302178552,3.505294319479812,-0.41684845216686334,1.4790244302178552,3.505294319479812,1.0621759780509918,3.0884458673129487,4.9843187496976675,4.567470297530804
600,15000,Wormhole Attack,1.0,0.29533922068082197,0.12926171238334533,0.6062863754642362,0.29533922068082197,0.12926171238334533,0.6062863754642362,0.4246009330641673,0.9016255961450582,0.7355480878475815,1.0308873085284036,-0.4829426661948525,0.3688279049601092,3.1000481431868465,-0.4829426661948525,0.3688279049601092,3.1000481431868465,-0.11411476123474329,2.617105476991994,3.4688760481469556,2.985933381952103
601,15025,Wormhole Attack,1.0,0.21377480665633294,0.1004260860639491,0.6940096001833262,0.21377480665633294,0.1004260860639491,0.6940096001833262,0.31420089272028207,0.9077844068396592,0.7944356862472753,1.0082104929036082,-0.9748856027890096,-0.18583764629481486,3.8846897037002712,-0.9748856027890096,-0.18583764629481486,3.8846897037002712,-1.1607232490838244,2.909804100911262,3.6988520574054564,2.7239664546164466
602,15050,Wormhole Attack,1.0,0.2291180793824304,0.18743249630421768,0.5061551803707696,0.2291180793824304,0.18743249630421768,0.5061551803707696,0.4165505756866481,0.7352732597531999,0.6935876766749872,0.9227057560574177,-0.8823450661822586,1.487767704394898,2.204423325177684,-0.8823450661822586,1.487767704394898,2.204423325177684,0.6054226382126394,1.3220782589954254,3.692191029572582,2.8098459633903237
603,15075,Wormhole Attack,1.0,0.158332155885398,0.18717133579266348,0.4520682644656385,0.158332155885398,0.18717133579266348,0.4520682644656385,0.3455034916780615,0.6104004203510365,0.6392396002583021,0.7975717561437,-1.3092792321557218,1.4827441707458373,1.7206421801609642,-1.3092792321557218,1.4827441707458373,1.7206421801609642,0.17346493859011547,0.4113629480052423,3.2033863509068015,1.8941071187510796
604,15100,Wormhole Attack,1.0,0.20282549055616383,0.1885594721283583,0.45837085527809973,0.20282549055616383,0.1885594721283583,0.45837085527809973,0.39138496268452216,0.6611963458342636,0.6469303274064581,0.8497558179626219,-1.0409246809879609,1.5094455642694886,1.777015788247113,-1.0409246809879609,1.5094455642694886,1.777015788247113,0.46852088328152774,0.736091107259152,3.2864613525166018,2.2455366715286407
605,15125,Wormhole Attack,1.0,0.294881652089667,0.18148067335437887,0.5790689088347402,0.294881652089667,0.18148067335437887,0.5790689088347402,0.4763623254440459,0.8739505609244071,0.7605495821891191,1.0554312342787862,-0.4857024191964304,1.3732818555051354,2.8566011477329454,-0.4857024191964304,1.3732818555051354,2.8566011477329454,0.887579436308705,2.370898728536515,4.229883003238081,3.74418058404165
606,15150,Wormhole Attack,1.0,0.3872940805710049,0.11518153443824353,0.36761414438709705,0.3872940805710049,0.11518153443824353,0.36761414438709705,0.5024756150092484,0.754908224958102,0.4827956788253406,0.8700897593963455,0.07166861066540885,0.0979896864597511,0.9652411699676589,0.07166861066540885,0.0979896864597511,0.9652411699676589,0.16965829712515995,1.0369097806330676,1.06323085642741,1.1348994670928187
607,15175,Wormhole Attack,1.0,0.4194967824085095,0.18419108210302412,0.1585382406110644,0.4194967824085095,0.18419108210302412,0.1585382406110644,0.6036878645115337,0.5780350230195739,0.3427293227140885,0.762226105122598,0.26589414269033934,1.4254177219517834,-0.9048410566023932,0.26589414269033934,1.4254177219517834,-0.9048410566023932,1.6913118646421228,-0.6389469139120538,0.5205766653493902,0.7864708080397296
608,15200,Wormhole Attack,1.0,0.8048525280715172,0.18611005149416165,0.16479530440614779,0.8048525280715172,0.18611005149416165,0.16479530440614779,0.9909625795656789,0.969647832477665,0.35090535590030947,1.1557578839718268,2.5901067226761825,1.4623299153401639,-0.8488746655340325,2.5901067226761825,1.4623299153401639,-0.8488746655340325,4.052436638016347,1.74123205714215,0.6134552498061314,3.203561972482314
609,15225,Wormhole Attack,1.0,0.528437141174461,0.1843061551042005,0.21015983356338835,0.528437141174461,0.1843061551042005,0.21015983356338835,0.7127432962786615,0.7385969747378494,0.39446598866758886,0.9229031298420498,0.9229507849271424,1.4276312001306544,-0.44311102581516604,0.9229507849271424,1.4276312001306544,-0.44311102581516604,2.3505819850577967,0.4798397591119764,0.9845201743154883,1.9074709592426307
610,15250,Wormhole Attack,1.0,0.6376932526857985,0.18072637535289549,0.16011040737484192,0.6376932526857985,0.18072637535289549,0.16011040737484192,0.818419628038694,0.7978036600606404,0.34083678272773743,0.9785300354135359,1.581911840193337,1.358772612245805,-0.8907787898894678,1.581911840193337,1.358772612245805,-0.8907787898894678,2.9406844524391422,0.6911330503038692,0.46799382235633724,2.0499056625496745
611,15275,Wormhole Attack,1.0,0.47482996879162925,0.18415586338470216,0.21400894019589292,0.47482996879162925,0.18415586338470216,0.21400894019589292,0.6589858321763314,0.6888389089875222,0.3981648035805951,0.8729947723722243,0.5996275548160115,1.4247402749077633,-0.40868263989590425,0.5996275548160115,1.4247402749077633,-0.40868263989590425,2.024367829723775,0.19094491492010723,1.016057635011859,1.6156851898278706
612,15300,Wormhole Attack,1.0,0.3263720307906635,0.11189882368734028,0.15374519728606262,0.3263720307906635,0.11189882368734028,0.15374519728606262,0.4382708544780038,0.48011722807672613,0.2656440209734029,0.5920160517640665,-0.2957731521513788,0.034845347297766095,-0.9477124969328287,-0.2957731521513788,0.034845347297766095,-0.9477124969328287,-0.26092780485361267,-1.2434856490842074,-0.9128671496350625,-1.2086403017864413
613,15325,Wormhole Attack,1.0,0.5431469223834037,0.18315363137595916,0.22797151950542893,0.5431469223834037,0.18315363137595916,0.22797151950542893,0.7263005537593629,0.7711184418888326,0.4111251508813881,0.9542720732647918,1.0116705170693017,1.4054619154416872,-0.2837941619208958,1.0116705170693017,1.4054619154416872,-0.2837941619208958,2.417132432510989,0.7278763551484059,1.1216677535207915,2.133338270590093
614,15350,Wormhole Attack,1.0,0.6990341073945333,0.1854535824034564,0.36068645683954653,0.6990341073945333,0.1854535824034564,0.36068645683954653,0.8844876897979898,1.05972056423408,0.5461400392430029,1.2451741466375363,1.951879559075623,1.449702452837887,0.9032763757473599,1.951879559075623,1.449702452837887,0.9032763757473599,3.40158201191351,2.855155934822983,2.352978828585247,4.30485838766087
615,15375,Wormhole Attack,1.0,0.23005613942215367,0.1133504223164771,0.4769662654300758,0.23005613942215367,0.1133504223164771,0.4769662654300758,0.34340656173863077,0.7070224048522294,0.5903166877465529,0.8203728271687065,-0.8766873045693996,0.06276746505976126,1.9433426838526562,-0.8766873045693996,0.06276746505976126,1.9433426838526562,-0.8139198395096383,1.0666553792832567,2.0061101489124176,1.1294228443430179
616,15400,Wormhole Attack,1.0,0.5236873514166591,0.1563658287576966,0.5326819869501763,0.5236873514166591,0.1563658287576966,0.5326819869501763,0.6800531801743557,1.0563693383668356,0.689047815707873,1.2127351671245319,0.8943031749417838,0.8901871250976223,2.441692702546731,0.8943031749417838,0.8901871250976223,2.441692702546731,1.7844903000394061,3.3359958774885152,3.3318798276443538,4.226183002586137
617,15425,Wormhole Attack,1.0,0.4324112516744743,0.1870041233595317,0.16483300906214268,0.4324112516744743,0.1870041233595317,0.16483300906214268,0.619415375034006,0.597244260736617,0.35183713242167436,0.7842483840961487,0.34378573317422634,1.4795277683909027,-0.8485374157325893,0.34378573317422634,1.4795277683909027,-0.8485374157325893,1.8233135015651292,-0.504751682558363,0.6309903526583134,0.9747760858325398
618,15450,Wormhole Attack,1.0,0.5516188689113181,0.18809573531934107,0.516289546425211,0.5516188689113181,0.18809573531934107,0.516289546425211,0.7397146042306592,1.067908415336529,0.7043852817445521,1.2560041506558701,1.0627677302774976,1.5005253892761774,2.295070298328008,1.0627677302774976,1.5005253892761774,2.295070298328008,2.5632931195536752,3.3578380286055056,3.7955956876041856,4.858363417881684
619,15475,Wormhole Attack,1.0,0.49239748065542366,0.1538235200104153,0.6165121360036716,0.49239748065542366,0.1538235200104153,0.6165121360036716,0.646221000665839,1.1089096166590953,0.7703356560140869,1.2627331366695107,0.705583240004076,0.8412847337588054,3.191512595534471,0.705583240004076,0.8412847337588054,3.191512595534471,1.5468679737628814,3.897095835538547,4.032797329293277,4.738380569297353
620,15500,Wormhole Attack,1.0,1.1076322686893878,0.15774591706441643,0.7085220266604482,1.1076322686893878,0.15774591706441643,0.7085220266604482,1.2653781857538042,1.816154295349836,0.8662679437248646,1.9739002124142524,4.416275113906841,0.9167337113568679,4.014496297043245,4.416275113906841,0.9167337113568679,4.014496297043245,5.333008825263709,8.430771410950086,4.931230008400114,9.347505122306956
621,15525,Wormhole Attack,1.0,1.0726458749543506,0.16069312183481108,0.7103482613478699,1.0726458749543506,0.16069312183481108,0.7103482613478699,1.2333389967891617,1.7829941363022206,0.871041383182681,1.9436872581370315,4.2052601819576445,0.9734244501161123,4.030831077708125,4.2052601819576445,0.9734244501161123,4.030831077708125,5.1786846320737565,8.23609125966577,5.004255527824237,9.209515709781883
622,15550,Wormhole Attack,1.0,1.089754271916324,0.18576978242272774,0.7069653659397096,1.089754271916324,0.18576978242272774,0.7069653659397096,1.2755240543390518,1.7967196378560337,0.8927351483624373,1.9824894202787613,4.308446787814518,1.45578469485522,4.000572724340333,4.308446787814518,1.45578469485522,4.000572724340333,5.764231482669738,8.309019512154851,5.456357419195553,9.76480420701007
623,15575,Wormhole Attack,1.0,0.9645288395546385,0.18430271912330412,0.7072992797762934,0.9645288395546385,0.18430271912330412,0.7072992797762934,1.1488315586779427,1.671828119330932,0.8916019988995975,1.856130838454236,3.5531692851307546,1.4275651075749773,4.003559421131896,3.5531692851307546,1.4275651075749773,4.003559421131896,4.980734392705732,7.55672870626265,5.431124528706873,8.984293813837628
624,15600,Wormhole Attack,1.0,1.0441955535759202,0.18421250051229374,0.7050523194424506,1.0441955535759202,0.18421250051229374,0.7050523194424506,1.2284080540882139,1.749247873018371,0.8892648199547444,1.9334603735306644,4.03366654258263,1.4258297141746312,3.983461454277578,4.03366654258263,1.4258297141746312,3.983461454277578,5.4594962567572605,8.017127996860207,5.409291168452209,9.442957711034838
625,15625,Wormhole Attack,1.0,0.5074017093318867,0.15557858097665603,0.5920371563080691,0.5074017093318867,0.15557858097665603,0.5920371563080691,0.6629802903085427,1.0994388656399559,0.7476157372847251,1.2550174466166117,0.796078885742588,0.8750440787975885,2.9725958112576976,0.796078885742588,0.8750440787975885,2.9725958112576976,1.6711229645401766,3.768674697000286,3.847639890055286,4.643718775797874
626,15650,Wormhole Attack,1.0,0.4147735006984376,0.15410311906618898,0.6569410214717214,0.4147735006984376,0.15410311906618898,0.6569410214717214,0.5688766197646266,1.071714522170159,0.8110441405379104,1.225817641236348,0.23740641182628125,0.8466629406575662,3.553129304052094,0.23740641182628125,0.8466629406575662,3.553129304052094,1.0840693524838474,3.790535715878375,4.39979224470966,4.637198656535942
627,15675,Wormhole Attack,1.0,0.41636500940361926,0.11796769375027429,0.537359438889502,0.41636500940361926,0.11796769375027429,0.537359438889502,0.5343327031538936,0.9537244482931213,0.6553271326397763,1.0716921420433956,0.24700534630531962,0.15158264724978876,2.4835302341770564,0.24700534630531962,0.15158264724978876,2.4835302341770564,0.3985879935551084,2.730535580482376,2.635112881426845,2.882118227732165
628,15700,Wormhole Attack,1.0,0.17218324571087593,0.17342440472928064,0.6257002206204155,0.17218324571087593,0.17342440472928064,0.6257002206204155,0.34560765044015657,0.7978834663312915,0.7991246253496962,0.971307871060572,-1.2257385620574945,1.2183160979210144,3.273695541668717,-1.2257385620574945,1.2183160979210144,3.273695541668717,-0.007422464136480178,2.0479569796112225,4.492011639589731,3.2662730775322366
629,15725,Wormhole Attack,1.0,0.6629927878369647,0.17023231790459775,0.4708253333551931,0.6629927878369647,0.17023231790459775,0.4708253333551931,0.8332251057415625,1.1338181211921579,0.6410576512597909,1.3040504390967556,1.7345020079225506,1.1569149485700339,1.8884150345138107,1.7345020079225506,1.1569149485700339,1.8884150345138107,2.8914169564925842,3.6229170424363613,3.0453299830838443,4.779831991006395
630,15750,Wormhole Attack,1.0,0.3949104895850613,0.1189759855666826,0.657524158662176,0.3949104895850613,0.1189759855666826,0.657524158662176,0.5138864751517439,1.0524346482472373,0.7765001442288586,1.1714106338139199,0.11760578389823763,0.1709775696967396,3.5583451824762724,0.11760578389823763,0.1709775696967396,3.5583451824762724,0.2885833535949772,3.67595096637451,3.729322752173012,3.8469285360712497
631,15775,Wormhole Attack,1.0,0.3382868867234638,0.11929680970971619,0.6500669247528603,0.3382868867234638,0.11929680970971619,0.6500669247528603,0.45758369643318,0.9883538114763242,0.7693637344625766,1.1076506211860404,-0.22391057229004072,0.1771487587037188,3.4916438537180547,-0.22391057229004072,0.1771487587037188,3.4916438537180547,-0.04676181358632192,3.267733281428014,3.6687926124217736,3.444882040131733
632,15800,Wormhole Attack,1.0,0.5264218225128574,0.15976191540783996,0.7211957256299334,0.5264218225128574,0.15976191540783996,0.7211957256299334,0.6861837379206974,1.2476175481427907,0.8809576410377733,1.407379463550631,0.9107957073431291,0.9555122979600611,4.127856367523306,0.9107957073431291,0.9555122979600611,4.127856367523306,1.8663080053031902,5.038652074866436,5.083368665483367,5.994164372826496
633,15825,Wormhole Attack,1.0,0.3595708332148127,0.18879315818763825,0.6040690952660297,0.3595708332148127,0.18879315818763825,0.6040690952660297,0.548363991402451,0.9636399284808423,0.792862253453668,1.1524330866684807,-0.0955397960821296,1.5139406151296781,3.0802156507039555,-0.0955397960821296,1.5139406151296781,3.0802156507039555,1.4184008190475486,2.984675854621826,4.594156265833634,4.498616469751504
634,15850,Wormhole Attack,1.0,0.2768497723114806,0.1855186364067329,0.6272921890279367,0.2768497723114806,0.1855186364067329,0.6272921890279367,0.4623684087182135,0.9041419613394173,0.8128108254346696,1.0896605977461502,-0.5944588664349341,1.4509537942926911,3.2879349244497935,-0.5944588664349341,1.4509537942926911,3.2879349244497935,0.856494927857757,2.6934760580148596,4.738888718742484,4.1444298523075505
635,15875,Wormhole Attack,1.0,0.4828353626890412,0.1865298787581878,0.1874483626469067,0.4828353626890412,0.1865298787581878,0.1874483626469067,0.669365241447229,0.6702837253359479,0.3739782414050945,0.8568136040941357,0.6479108292021105,1.4704054715376818,-0.646254082155472,0.6479108292021105,1.4704054715376818,-0.646254082155472,2.1183163007397923,0.0016567470466385403,0.8241513893822098,1.4720622185843202
636,15900,Wormhole Attack,1.0,0.35880974927444775,0.18798970762610046,0.6078590055607499,0.35880974927444775,0.18798970762610046,0.6078590055607499,0.5467994569005482,0.9666687548351977,0.7958487131868504,1.154658462461298,-0.1001301541824817,1.4984859014471916,3.114114554185647,-0.1001301541824817,1.4984859014471916,3.114114554185647,1.39835574726471,3.0139844000031655,4.612600455632839,4.512470301450357
637,15925,Wormhole Attack,1.0,0.3717869059145399,0.10038101374722667,0.4968859206118133,0.3717869059145399,0.10038101374722667,0.4968859206118133,0.4721679196617666,0.8686728265263532,0.59726693435904,0.9690538402735799,-0.021860474659588996,-0.18670463150000047,2.121514306894764,-0.021860474659588996,-0.18670463150000047,2.121514306894764,-0.20856510615958945,2.099653832235175,1.9348096753947637,1.9129492007351747
638,15950,Wormhole Attack,1.0,0.3996686199326231,0.15492225741988208,0.5980985658753034,0.3996686199326231,0.15492225741988208,0.5980985658753034,0.5545908773525052,0.9977671858079264,0.7530208232951855,1.1526894432278088,0.14630369883911537,0.8624194157024525,3.0268121704599005,0.14630369883911537,0.8624194157024525,3.0268121704599005,1.0087231145415678,3.173115869299016,3.889231586162353,4.035535285001468
639,15975,Wormhole Attack,1.0,0.5574449416316024,0.11195501653215251,0.6216386614957367,0.5574449416316024,0.11195501653215251,0.6216386614957367,0.6693999581637549,1.179083603127339,0.7335936780278891,1.2910386196594916,1.0979067716977824,0.035926240596185384,3.237366871582652,1.0979067716977824,0.035926240596185384,3.237366871582652,1.1338330122939677,4.335273643280434,3.2732931121788376,4.37119988387662
640,16000,Wormhole Attack,1.0,0.6360637467441541,0.115907118698336,0.8054845637328907,0.6360637467441541,0.115907118698336,0.8054845637328907,0.7519708654424901,1.4415483104770448,0.9213916824312267,1.5574554291753808,1.5720837313579143,0.11194660867632795,4.881779010868352,1.5720837313579143,0.11194660867632795,4.881779010868352,1.6840303400342422,6.453862742226267,4.99372561954468,6.565809350902595
641,16025,Wormhole Attack,1.0,0.3973212442016159,0.08717074940514728,0.47404003001771783,0.3973212442016159,0.08717074940514728,0.47404003001771783,0.4844919936067632,0.8713612742193337,0.5612107794228651,0.958532023624481,0.13214587125937183,-0.4408096914131278,1.917168931944485,0.13214587125937183,-0.4408096914131278,1.917168931944485,-0.308663820153756,2.0493148032038566,1.476359240531357,1.608505111790729
642,16050,Wormhole Attack,1.0,0.22883000179490368,0.18684651004086883,0.18163237851268912,0.22883000179490368,0.18684651004086883,0.18163237851268912,0.4156765118357725,0.4104623803075928,0.3684788885535579,0.5973088903484616,-0.88408256084914,1.4764960090903443,-0.6982752302790968,-0.88408256084914,1.4764960090903443,-0.6982752302790968,0.5924134482412042,-1.5823577911282367,0.7782207788112475,-0.10586178203789254
643,16075,Wormhole Attack,1.0,0.5693052731789681,0.18286335341098744,0.2614924545385844,0.5693052731789681,0.18286335341098744,0.2614924545385844,0.7521686265899555,0.8307977277175524,0.44435580794957186,1.0136610811285398,1.1694404963027258,1.3998782951771296,0.016034291245401115,1.1694404963027258,1.3998782951771296,0.016034291245401115,2.5693187914798554,1.1854747875481269,1.4159125864225306,2.5853530827252564
644,16100,Wormhole Attack,1.0,0.3458292822063104,0.18648602884497978,0.24264684599959044,0.3458292822063104,0.18648602884497978,0.24264684599959044,0.5323153110512902,0.5884761282059008,0.4291328748445702,0.7749621570508806,-0.1784198000315405,1.4695619997846285,-0.1525305071898236,-0.1784198000315405,1.4695619997846285,-0.1525305071898236,1.291142199753088,-0.3309503072213641,1.317031492594805,1.1386116925632646
645,16125,Wormhole Attack,1.0,0.5138426058823753,0.15779504912723333,0.31531427968372366,0.5138426058823753,0.15779504912723333,0.31531427968372366,0.6716376550096086,0.8291568855660989,0.473109328810957,0.9869519346933322,0.8349261404092521,0.9176787875069321,0.4974443284025582,0.8349261404092521,0.9176787875069321,0.4974443284025582,1.7526049279161842,1.3323704688118103,1.4151231159094904,2.2500492563187424
646,16150,Wormhole Attack,1.0,0.705492450691228,0.18440300825594236,0.4801260723666583,0.705492450691228,0.18440300825594236,0.4801260723666583,0.8898954589471704,1.1856185230578862,0.6645290806226006,1.3700215313138286,1.990832041048402,1.4294942117471399,1.9716056193931648,1.990832041048402,1.4294942117471399,1.9716056193931648,3.420326252795542,3.9624376604415668,3.4010998311403045,5.391931872188707
647,16175,Wormhole Attack,1.0,0.3767848800951317,0.18915967189226762,0.5170530905033534,0.3767848800951317,0.18915967189226762,0.5170530905033534,0.5659445519873993,0.8938379705984851,0.7062127623956209,1.0829976424907528,0.008284020643030533,1.5209906623098217,2.3018998285796934,0.008284020643030533,1.5209906623098217,2.3018998285796934,1.5292746829528523,2.310183849222724,3.822890490889515,3.831174511532546
648,16200,Sybil Attack,1.0,1.1938116474256408,0.1345138995544303,0.1610432945295259,1.1938116474256408,0.1345138995544303,0.1610432945295259,1.3283255469800712,1.3548549419551668,0.2955571940839562,1.4893688415095971,4.936052484423394,0.46985596172141914,-0.8824345682175201,4.936052484423394,0.46985596172141914,-0.8824345682175201,5.405908446144813,4.053617916205874,-0.41257860649610095,4.523473877927293
649,16225,Sybil Attack,1.0,1.179588351017636,0.1404301081048481,0.11048621614560131,1.179588351017636,0.1404301081048481,0.11048621614560131,1.320018459122484,1.2900745671632372,0.2509163242504494,1.4305046752680852,4.8502669088548345,0.5836567524727294,-1.3346430341647306,4.8502669088548345,0.5836567524727294,-1.3346430341647306,5.433923661327563,3.515623874690104,-0.7509862816920012,4.099280627162833
650,16250,Sybil Attack,1.0,1.0810081195243029,0.12738619695677753,0.5601688202188917,1.0810081195243029,0.12738619695677753,0.5601688202188917,1.2083943164810804,1.6411769397431946,0.6875550171756692,1.7685631366999721,4.255695745057819,0.3327515670841187,2.687549051519317,4.255695745057819,0.3327515670841187,2.687549051519317,4.588447312141938,6.943244796577137,3.020300618603436,7.275996363661255
651,16275,Sybil Attack,1.0,0.8515239723805162,0.10057914907792964,0.3370830210575955,0.8515239723805162,0.10057914907792964,0.3370830210575955,0.9521031214584459,1.1886069934381118,0.43766217013552516,1.2891861425160414,2.871598199603439,-0.18289341404246548,0.6921551277000553,2.871598199603439,-0.18289341404246548,0.6921551277000553,2.6887047855609736,3.5637533273034947,0.5092617136575898,3.3808599132610286
652,16300,Sybil Attack,1.0,0.9099768917303065,0.138086887717605,0.6158745112807938,0.9099768917303065,0.138086887717605,0.6158745112807938,1.0480637794479115,1.5258514030111003,0.7539613989983989,1.6639382907287055,3.2241477905169917,0.5385839105165368,3.1858093526454545,3.2241477905169917,0.5385839105165368,3.1858093526454545,3.7627317010335286,6.409957143162446,3.7243932631619914,6.948541053678984
653,16325,Sybil Attack,1.0,0.751943206642402,0.054194517227031586,0.6007235409840744,0.751943206642402,0.054194517227031586,0.6007235409840744,0.8061377238694336,1.3526667476264764,0.654918058211106,1.4068612648535082,2.2709924708502784,-1.0751215595441712,3.050291295540522,2.2709924708502784,-1.0751215595441712,3.050291295540522,1.1958709113061072,5.321283766390801,1.9751697359963507,4.246162206846629
654,16350,Flooding Attack,1.0,0.8060148980107895,0.08497505029186089,0.25999253040195286,0.8060148980107895,0.08497505029186089,0.25999253040195286,0.8909899483026504,1.0660074284127423,0.3449675806938137,1.1509824787046032,2.5971173741738163,-0.4830448988461545,0.002618199680287939,2.5971173741738163,-0.4830448988461545,0.002618199680287939,2.114072475327662,2.599735573854104,-0.48042669916586656,2.1166906750079497
655,16375,Flooding Attack,1.0,0.46957649735477563,0.11538554913974089,0.6060856898730644,0.46957649735477563,0.11538554913974089,0.6060856898730644,0.5849620464945166,1.07566218722784,0.7214712390128053,1.1910477363675809,0.5679420679910422,0.10191399611811376,3.0982531082239406,0.5679420679910422,0.10191399611811376,3.0982531082239406,0.669856064109156,3.6661951762149827,3.2001671043420545,3.7681091723330966
656,16400,Flooding Attack,1.0,0.6480693198889061,0.12310231996167224,0.31005951801752796,0.6480693198889061,0.12310231996167224,0.31005951801752796,0.7711716398505783,0.9581288379064341,0.4331618379792002,1.0812311578681064,1.644493457817201,0.25034936889083487,0.4504430421742754,1.644493457817201,0.25034936889083487,0.4504430421742754,1.894842826708036,2.0949364999914764,0.7007924110651103,2.3452858688823115
657,16425,Flooding Attack,1.0,0.33424385390787864,0.1393905216262456,0.3264383185228829,0.33424385390787864,0.1393905216262456,0.3264383185228829,0.47363437553412424,0.6606821724307615,0.4658288401491285,0.8000726940570071,-0.2482954889210649,0.563659863872347,0.5969434430545805,-0.2482954889210649,0.563659863872347,0.5969434430545805,0.3153643749512821,0.34864795413351557,1.1606033069269275,0.9123078180058626
658,16450,Flooding Attack,1.0,0.4737028611751352,0.16152563940305625,0.6800465989392948,0.4737028611751352,0.16152563940305625,0.6800465989392948,0.6352285005781915,1.15374946011443,0.841572238342351,1.3152750995174862,0.5928295824729596,0.9894382800501448,3.7597974517265067,0.5928295824729596,0.9894382800501448,3.7597974517265067,1.5822678625231044,4.352627034199466,4.749235731776651,5.342065314249611
659,16475,Flooding Attack,1.0,0.33917658842261683,0.17312510545920112,0.32939052293184795,0.33917658842261683,0.17312510545920112,0.32939052293184795,0.5123016938818179,0.6685671113544648,0.502515628391049,0.8416922168136658,-0.21854447640363192,1.2125589490111888,0.6233494750013387,-0.21854447640363192,1.2125589490111888,0.6233494750013387,0.9940144726075568,0.4048049985977068,1.8359084240125276,1.6173639476088955
660,16500,Flooding Attack,1.0,0.4942715076903977,0.14058354849635987,0.19849325938152115,0.4942715076903977,0.14058354849635987,0.19849325938152115,0.6348550561867575,0.6927647670719188,0.339076807877881,0.8333483155682787,0.7168861393612046,0.5866082437425896,-0.5474628551194282,0.7168861393612046,0.5866082437425896,-0.5474628551194282,1.3034943831037942,0.16942328424177644,0.039145388623161415,0.756031527984366
661,16525,Flooding Attack,1.0,0.48586440894487043,0.1729127051477464,0.379511580968821,0.48586440894487043,0.1729127051477464,0.379511580968821,0.6587771140926169,0.8653759899136915,0.5524242861165674,1.0382886950614378,0.6661800453546936,1.2084733385744733,1.071657951105002,0.6661800453546936,1.2084733385744733,1.071657951105002,1.8746533839291668,1.7378379964596955,2.280131289679475,2.946311335034169
662,16550,Flooding Attack,1.0,0.38097129804620833,0.17778483467603465,0.39996179785384073,0.38097129804620833,0.17778483467603465,0.39996179785384073,0.558756132722243,0.7809330959000491,0.5777466325298753,0.9587179305760838,0.03353374217042087,1.30219082473761,1.254575190420852,0.03353374217042087,1.30219082473761,1.254575190420852,1.3357245669080309,1.288108932591273,2.5567660151584617,2.590299757328883
663,16575,Flooding Attack,1.0,0.30250400053889526,0.1680217412316791,0.3798722836878645,0.30250400053889526,0.1680217412316791,0.3798722836878645,0.4705257417705744,0.6823762842267598,0.5478940249195436,0.8503980254584389,-0.4397294231943818,1.1143935649422072,1.0748842614151628,-0.4397294231943818,1.1143935649422072,1.0748842614151628,0.6746641417478254,0.635154838220781,2.18927782635737,1.7495484031629882
664,16600,Flooding Attack,1.0,0.24353400940903397,0.10342774066299455,0.25404009778676173,0.24353400940903397,0.10342774066299455,0.25404009778676173,0.3469617500720285,0.4975741071957957,0.35746783844975627,0.6010018478587902,-0.7953976512361525,-0.12809954189524003,-0.050623413712182215,-0.7953976512361525,-0.12809954189524003,-0.050623413712182215,-0.9234971931313924,-0.8460210649483347,-0.17872295560742224,-0.9741206068435747
665,16625,Flooding Attack,1.0,0.8750441779952929,0.11268113331850561,0.22861938601398177,0.8750441779952929,0.11268113331850561,0.22861938601398177,0.9877253113137985,1.1036635640092747,0.3413005193324874,1.2163446973277803,3.013456621046369,0.04989340618214976,-0.27799931124249094,3.013456621046369,0.04989340618214976,-0.27799931124249094,3.063350027228519,2.7354573098038784,-0.22810590506034117,2.785350715986028
666,16650,Flooding Attack,1.0,0.8988138287357569,0.11968804561017081,0.1914821455519762,0.8988138287357569,0.11968804561017081,0.1914821455519762,1.0185018743459278,1.0902959742877332,0.311170191162147,1.209984019897904,3.156819531537831,0.18467434784795073,-0.6101738568383863,3.156819531537831,0.18467434784795073,-0.6101738568383863,3.341493879385782,2.5466456746994446,-0.4254995089904356,2.7313200225473953
667,16675,Flooding Attack,1.0,0.5397871915969255,0.04277495763016856,0.3137334047995844,0.5397871915969255,0.04277495763016856,0.3137334047995844,0.582562149227094,0.8535205963965098,0.3565083624297529,0.8962955540266784,0.9914068291726454,-1.2947816511518195,0.4833041717902172,0.9914068291726454,-1.2947816511518195,0.4833041717902172,-0.3033748219791741,1.4747110009628626,-0.8114774793616024,0.17992934981104308
668,16700,Flooding Attack,1.0,0.2319721601729579,0.16722724114832246,0.28338963415235785,0.2319721601729579,0.16722724114832246,0.28338963415235785,0.3991994013212804,0.5153617943253157,0.4506168753006803,0.6825890354736383,-0.8651311267190569,1.0991110175188947,0.21189390810299935,-0.8651311267190569,1.0991110175188947,0.21189390810299935,0.23397989079983783,-0.6532372186160575,1.311004925621894,0.4458737989028372
669,16725,Flooding Attack,1.0,0.18097361510383722,0.15645825998571639,0.43280171029584574,0.18097361510383722,0.15645825998571639,0.43280171029584574,0.33743187508955363,0.6137753253996829,0.5892599702815622,0.7702335853853994,-1.1727208314130688,0.8919650791283371,1.548312227883083,-1.1727208314130688,0.8919650791283371,1.548312227883083,-0.2807557522847317,0.37559139647001416,2.44027730701142,1.2675564755983513
670,16750,Flooding Attack,1.0,0.850212471805467,0.08299632404067314,0.40305943768415253,0.850212471805467,0.08299632404067314,0.40305943768415253,0.9332087958461401,1.2532719094896194,0.4860557617248257,1.3362682335302927,2.863688090127989,-0.5211065408837124,1.2822820714452048,2.863688090127989,-0.5211065408837124,1.2822820714452048,2.3425815492442763,4.145970161573194,0.7611755305614923,3.624863620689481
671,16775,Flooding Attack,1.0,1.0686927083373494,0.09505930159749822,0.40403049686241405,1.0686927083373494,0.09505930159749822,0.40403049686241405,1.1637520099348477,1.4727232051997634,0.49908979845991225,1.5677825067972617,4.181417279171269,-0.2890700308311625,1.2909677232942092,4.181417279171269,-0.2890700308311625,1.2909677232942092,3.8923472483401063,5.472385002465478,1.0018976924630467,5.183314971634315
672,16800,Flooding Attack,1.0,1.0148520059578825,0.08860618721992497,0.4149120447499238,1.0148520059578825,0.08860618721992497,0.4149120447499238,1.1034581931778074,1.4297640507078064,0.5035182319698488,1.5183702379277313,3.8566855496097157,-0.41319843379704907,1.388297874375616,3.8566855496097157,-0.41319843379704907,1.388297874375616,3.4434871158126668,5.244983423985332,0.9750994405785669,4.831784990188282
673,16825,Flooding Attack,1.0,1.083790652618349,0.11026570754199247,0.524158787561044,1.083790652618349,0.11026570754199247,0.524158787561044,1.1940563601603413,1.607949440179393,0.6344244951030364,1.7182151477213852,4.272478155841086,0.0034316628163109123,2.3654568312518567,4.272478155841086,0.0034316628163109123,2.3654568312518567,4.275909818657397,6.637934987092943,2.368888494068168,6.641366649909254
674,16850,Flooding Attack,1.0,1.0707194543704295,0.07869730601406014,0.477355440426565,1.0707194543704295,0.07869730601406014,0.477355440426565,1.1494167603844896,1.5480748947969944,0.5560527464406252,1.6267722008110546,4.193641279149307,-0.6037999832655142,1.9468236648304524,4.193641279149307,-0.6037999832655142,1.9468236648304524,3.5898412958837924,6.140464943979759,1.3430236815649383,5.536664960714245
675,16875,Flooding Attack,1.0,1.0632926790723283,0.07710915956226537,0.6777965891212437,1.0632926790723283,0.07710915956226537,0.6777965891212437,1.1404018386345935,1.741089268193572,0.7549057486835091,1.8181984277558372,4.148847851852987,-0.6343486565421464,3.7396722087197722,4.148847851852987,-0.6343486565421464,3.7396722087197722,3.5144991953108407,7.888520060572759,3.1053235521776257,7.254171404030613
676,16900,Flooding Attack,1.0,0.9915144545147458,0.08292937686377304,0.44298835511188306,0.9915144545147458,0.08292937686377304,0.44298835511188306,1.074443831378519,1.434502809626629,0.525917731975656,1.5174321864904021,3.7159287780793413,-0.5223942983393318,1.639426809117944,3.7159287780793413,-0.5223942983393318,1.639426809117944,3.1935344797400096,5.355355587197286,1.1170325107786123,4.832961288857954
677,16925,Flooding Attack,1.0,0.48792005753912004,0.09327240665250477,0.1701157119912171,0.48792005753912004,0.09327240665250477,0.1701157119912171,0.5811924641916248,0.6580357695303372,0.2633881186437219,0.751308176182842,0.6785783665852878,-0.3234417160070362,-0.80128620850359,0.6785783665852878,-0.3234417160070362,-0.80128620850359,0.3551366505782516,-0.1227078419183022,-1.1247279245106263,-0.4461495579253384
678,16950,Flooding Attack,1.0,0.4931916728203614,0.12311688316894273,0.1944000724779256,0.4931916728203614,0.12311688316894273,0.1944000724779256,0.6163085559893041,0.687591745298287,0.3175169556468683,0.8107086284672297,0.7103732851544311,0.25062949838409615,-0.5840744202983746,0.7103732851544311,0.25062949838409615,-0.5840744202983746,0.9610027835385273,0.12629886485605646,-0.3334449219142785,0.37692836324015266
679,16975,Flooding Attack,1.0,0.5570362059368216,0.047848612896850135,0.262267053604626,0.5570362059368216,0.047848612896850135,0.262267053604626,0.6048848188336717,0.8193032595414476,0.31011566650147615,0.8671518724382977,1.0954415466313587,-1.197187731595495,0.022962702984679798,1.0954415466313587,-1.197187731595495,0.022962702984679798,-0.10174618496413634,1.1184042496160385,-1.1742250286108153,-0.07878348197945655
680,17000,Flooding Attack,1.0,0.21887817426184183,0.09437218521531396,0.5162011378696535,0.21887817426184183,0.09437218521531396,0.5162011378696535,0.3132503594771558,0.7350793121314954,0.6105733230849675,0.8294514973468092,-0.9441054436178818,-0.30228700703549627,2.294279526816615,-0.9441054436178818,-0.30228700703549627,2.294279526816615,-1.2463924506533781,1.3501740831987332,1.9919925197811188,1.047887076163237
681,17025,Flooding Attack,1.0,0.2852026373734484,0.04435947184084723,0.4712373856820312,0.2852026373734484,0.04435947184084723,0.4712373856820312,0.32956210921429563,0.7564400230554796,0.5155968575228784,0.8007994948963268,-0.5440798743621724,-1.2643028455797634,1.892100642079866,-0.5440798743621724,-1.2643028455797634,1.892100642079866,-1.8083827199419358,1.3480207677176936,0.6277977965001027,0.08371792213793028
682,17050,Flooding Attack,1.0,0.4359262438884573,0.09426174844196106,0.19584126786275521,0.4359262438884573,0.09426174844196106,0.19584126786275521,0.5301879923304184,0.6317675117512125,0.29010301630471624,0.7260292601931736,0.36498585595489413,-0.30441130539794936,-0.5711836288417381,0.36498585595489413,-0.30441130539794936,-0.5711836288417381,0.06057455055694477,-0.206197772886844,-0.8755949342396875,-0.5106090782847934
683,17075,Flooding Attack,1.0,0.5627023386096867,0.0911356294213322,0.241107986755993,0.5627023386096867,0.0911356294213322,0.241107986755993,0.6538379680310189,0.8038103253656796,0.3322436161773252,0.8949459547870119,1.1296159348073647,-0.3645435359470486,-0.1662948543415996,1.1296159348073647,-0.3645435359470486,-0.1662948543415996,0.7650723988603161,0.963321080465765,-0.5308383902886482,0.5987775445187165
684,17100,Flooding Attack,1.0,0.5519348416862668,0.11257754269297836,0.10274591416508069,0.5519348416862668,0.11257754269297836,0.10274591416508069,0.6645123843792452,0.6546807558513476,0.21532345685805904,0.7672582985443259,1.064673470380595,0.04790079638840068,-1.403876269083866,1.064673470380595,0.04790079638840068,-1.403876269083866,1.1125742667689955,-0.3392027987032711,-1.3559754726954654,-0.29130200231487047
685,17125,Flooding Attack,1.0,0.3809654509546811,0.11523301707978356,0.46544290273011296,0.3809654509546811,0.11523301707978356,0.46544290273011296,0.49619846803446466,0.8464083536847941,0.5806759198098965,0.9616413707645777,0.03349847635737183,0.09897997699249583,1.8402718115698065,0.03349847635737183,0.09897997699249583,1.8402718115698065,0.13247845334986766,1.8737702879271783,1.9392517885623022,1.9727502649196742
686,17150,Flooding Attack,1.0,0.40464632751669394,0.08193975401672625,0.19738220564350678,0.40464632751669394,0.08193975401672625,0.19738220564350678,0.4865860815334202,0.6020285331602007,0.27932195966023304,0.683968287176927,0.17632595935188755,-0.541430115210854,-0.5574006901864986,0.17632595935188755,-0.541430115210854,-0.5574006901864986,-0.3651041558589665,-0.3810747308346111,-1.0988308053973528,-0.9225048460454651
687,17175,Flooding Attack,1.0,0.42466719579911044,0.08978330180568529,0.15991769843789275,0.42466719579911044,0.08978330180568529,0.15991769843789275,0.5144504976047958,0.5845848942370032,0.24970100024357805,0.6743681960426885,0.29707867797081466,-0.3905561334922423,-0.8925024775616536,0.29707867797081466,-0.3905561334922423,-0.8925024775616536,-0.09347745552142761,-0.5954237995908389,-1.283058611053896,-0.9859799330830812
688,17200,Flooding Attack,1.0,0.601243750524342,0.09190059883455559,0.13719928328708478,0.601243750524342,0.09190059883455559,0.13719928328708478,0.6931443493588976,0.7384430338114267,0.22909988212164037,0.8303436326459823,1.3620723998545843,-0.3498290235387191,-1.0957076466990645,1.3620723998545843,-0.3498290235387191,-1.0957076466990645,1.0122433763158651,0.2663647531555198,-1.4455366702377836,-0.08346427038319937
689,17225,Flooding Attack,1.0,0.6203381436790384,0.04211387260158765,0.11691586786042205,0.6203381436790384,0.04211387260158765,0.11691586786042205,0.662452016280626,0.7372540115394605,0.15902974046200968,0.7793678841410481,1.477237229435588,-1.3074979031847278,-1.277132928132606,1.477237229435588,-1.3074979031847278,-1.277132928132606,0.1697393262508602,0.20010430130298196,-2.584630831317334,-1.1073936018817458
690,17250,Flooding Attack,1.0,0.31647902255441274,0.08504487813925851,0.635511339885619,0.31647902255441274,0.08504487813925851,0.635511339885619,0.4015239006936713,0.9519903624400318,0.7205562180248776,1.0370352405792902,-0.35544127558116495,-0.48170173046684683,3.3614512295755863,-0.35544127558116495,-0.48170173046684683,3.3614512295755863,-0.8371430060480118,3.0060099539944214,2.8797494991087396,2.5243082235275747
691,17275,Flooding Attack,1.0,0.15500142817434343,0.10822384464314166,0.41370477546412754,0.15500142817434343,0.10822384464314166,0.41370477546412754,0.2632252728174851,0.5687062036384709,0.5219286201072693,0.6769300482816126,-1.329367992563904,-0.035844439524363766,1.3774994380504524,-1.329367992563904,-0.035844439524363766,1.3774994380504524,-1.3652124320882677,0.04813144548654846,1.3416549985260886,0.012287005962184683
692,17300,Flooding Attack,1.0,0.5264170191257883,0.08134394920752588,0.1575733013201352,0.5264170191257883,0.08134394920752588,0.1575733013201352,0.6077609683333142,0.6839903204459234,0.23891725052766108,0.7653342696534493,0.9107667364693893,-0.552890674425868,-0.9134719690370411,0.9107667364693893,-0.552890674425868,-0.9134719690370411,0.3578760620435213,-0.002705232567651761,-1.4663626434629091,-0.5555959069935198
693,17325,Flooding Attack,1.0,0.3711128923820427,0.13815154987279313,0.47654440649902213,0.3711128923820427,0.13815154987279313,0.47654440649902213,0.5092644422548358,0.8476572988810649,0.6146959563718153,0.9858088487538579,-0.02592568128733862,0.5398277146065015,1.939569360983616,-0.02592568128733862,0.5398277146065015,1.939569360983616,0.5139020333191628,1.9136436796962775,2.4793970755901173,2.453471394302779
694,17350,Flooding Attack,1.0,0.5589172351387687,0.0676169280301001,0.38557907615762665,0.5589172351387687,0.0676169280301001,0.38557907615762665,0.6265341631688688,0.9444963112963953,0.45319600418772676,1.0121132393264953,1.1067866784574438,-0.8169357721161308,1.1259287432310026,1.1067866784574438,-0.8169357721161308,1.1259287432310026,0.28985090634131305,2.2327154216884466,0.3089929711148718,1.4157796495723156
695,17375,Flooding Attack,1.0,0.3009417544849925,0.0671111533029938,0.4876484378647088,0.3009417544849925,0.0671111533029938,0.4876484378647088,0.36805290778798627,0.7885901923497013,0.5547595911677026,0.8557013456526951,-0.44915186459399525,-0.8266645643647846,2.0388895185207154,-0.44915186459399525,-0.8266645643647846,2.0388895185207154,-1.27581642895878,1.5897376539267203,1.2122249541559307,0.7630730895619355
696,17400,Flooding Attack,1.0,0.6759775694428619,0.17075252555421064,0.29477885965762196,0.6759775694428619,0.17075252555421064,0.29477885965762196,0.8467300949970725,0.9707564291004839,0.46553138521183257,1.1415089546546944,1.8128176762276158,1.1669213642290366,0.3137649884480999,1.8128176762276158,1.1669213642290366,0.3137649884480999,2.9797390404566526,2.1265826646757158,1.4806863526771366,3.2935040289047524
697,17425,Flooding Attack,1.0,1.0221719090994148,0.2119125347697565,0.36529471249494433,1.0221719090994148,0.2119125347697565,0.36529471249494433,1.2340844438691714,1.3874666215943592,0.5772072472647009,1.5993791563641158,3.90083439430011,1.9586516685519884,0.944494980287661,3.90083439430011,1.9586516685519884,0.944494980287661,5.859486062852098,4.845329374587771,2.903146648839649,6.803981043139759
698,17450,Flooding Attack,1.0,0.9071438049259539,0.23312654702879818,0.3417410031272606,0.9071438049259539,0.23312654702879818,0.3417410031272606,1.1402703519547521,1.2488848080532144,0.5748675501560587,1.4820113550820126,3.207060472979948,2.3667122278634825,0.7338185108199667,3.207060472979948,2.3667122278634825,0.7338185108199667,5.57377270084343,3.9408789837999145,3.100530738683449,6.307591211663397
699,17475,Flooding Attack,1.0,0.7512356115987774,0.196993676768838,0.26269723059021904,0.7512356115987774,0.196993676768838,0.26269723059021904,0.9482292883676153,1.0139328421889964,0.45969090735905704,1.2109265189578344,2.2667247226190996,1.6716810820450034,0.026810426804153607,2.2667247226190996,1.6716810820450034,0.026810426804153607,3.938405804664103,2.293535149423253,1.698491508849157,3.9652162314682564
700,17500,Flooding Attack,1.0,0.7922431254716465,0.25207887478662405,0.3370108340627873,0.7922431254716465,0.25207887478662405,0.3370108340627873,1.0443220002582705,1.129253959534434,0.5890897088494114,1.3813328343210578,2.5140550938149007,2.7312683227067382,0.6915094501564347,2.5140550938149007,2.7312683227067382,0.6915094501564347,5.245323416521639,3.2055645439713354,3.422777772863173,5.936832866678074
701,17525,Flooding Attack,1.0,0.6712716499639069,0.33874719858651686,0.36871494571546126,0.6712716499639069,0.33874719858651686,0.36871494571546126,1.0100188485504238,1.0399865956793681,0.7074621443019782,1.378733794265885,1.7844346629302024,4.398370436749335,0.9750873022190532,1.7844346629302024,4.398370436749335,0.9750873022190532,6.182805099679538,2.7595219651492555,5.373457738968389,7.157892401898591
702,17550,Flooding Attack,1.0,0.7811154945917925,0.27431852462123935,0.4419699141053118,0.7811154945917925,0.27431852462123935,0.4419699141053118,1.0554340192130318,1.2230854086971044,0.7162884387265511,1.4974039333183435,2.44694053806357,3.1590574575290287,1.6303173498698842,2.44694053806357,3.1590574575290287,1.6303173498698842,5.605997995592599,4.077257887933454,4.789374807398913,7.236315345462483
703,17575,Flooding Attack,1.0,0.6244601263269586,0.28124180737343013,0.46758053094140956,0.6244601263269586,0.28124180737343013,0.46758053094140956,0.9057019337003887,1.092040657268368,0.7488223383148397,1.3732824646417983,1.5020983195649085,3.2922297493912853,1.8593918557870623,1.5020983195649085,3.2922297493912853,1.8593918557870623,4.794328068956194,3.361490175351971,5.151621605178348,6.653719924743256
704,17600,Flooding Attack,1.0,0.589072323694428,0.29343993877658514,0.3563682545923993,0.589072323694428,0.29343993877658514,0.3563682545923993,0.8825122624710131,0.9454405782868273,0.6498081933689844,1.2388805170634125,1.2886623529749355,3.5268660012302098,0.8646521578089049,1.2886623529749355,3.5268660012302098,0.8646521578089049,4.815528354205146,2.1533145107838405,4.391518159039115,5.680180512014051
705,17625,Flooding Attack,1.0,0.5243480126952486,0.26660982605777084,0.35507975461685704,0.5243480126952486,0.26660982605777084,0.35507975461685704,0.7909578387530194,0.8794277673121056,0.6216895806746279,1.1460375933698765,0.8982878495498274,3.0107773580852295,0.8531271524894074,0.8982878495498274,3.0107773580852295,0.8531271524894074,3.9090652076350567,1.7514150020392347,3.863904510574637,4.762192360124464
706,17650,Flooding Attack,1.0,0.7761320858841724,0.2840854137669806,0.40996946723408073,0.7761320858841724,0.2840854137669806,0.40996946723408073,1.060217499651153,1.186101553118253,0.6940548810010614,1.4701869668852339,2.416883892120653,3.346927729256899,1.3440889234688473,2.416883892120653,3.346927729256899,1.3440889234688473,5.763811621377552,3.7609728155895,4.691016652725747,7.107900544846399
707,17675,Flooding Attack,1.0,0.5187687261701411,0.3115649442998176,0.3947982139916818,0.5187687261701411,0.3115649442998176,0.3947982139916818,0.8303336704699588,0.9135669401618229,0.7063631582914994,1.2251318844616406,0.8646372602568364,3.8755082005945405,1.208389445284141,0.8646372602568364,3.8755082005945405,1.208389445284141,4.740145460851377,2.0730267055409772,5.0838976458786815,5.948534906135517
708,17700,Flooding Attack,1.0,0.45771914611373665,0.3124111505428045,0.35486501938496884,0.45771914611373665,0.3124111505428045,0.35486501938496884,0.7701302966565411,0.8125841654987055,0.6672761699277734,1.12499531604151,0.4964263186350333,3.891785338016243,0.8512064503266049,0.4964263186350333,3.891785338016243,0.8512064503266049,4.3882116566512765,1.3476327689616383,4.742991788342848,5.239418106977881
709,17725,Flooding Attack,1.0,0.48674651715346334,0.26308180032147954,0.44754717510913083,0.48674651715346334,0.26308180032147954,0.44754717510913083,0.7498283174749429,0.9342936922625942,0.7106289754306103,1.1973754925840738,0.6715003422969203,2.9429142807174498,1.6802032357506267,0.6715003422969203,2.9429142807174498,1.6802032357506267,3.61441462301437,2.3517035780475473,4.623117516468076,5.294617858764997
710,17750,Flooding Attack,1.0,0.33968141010609054,0.24593272891018464,0.4449823356080782,0.33968141010609054,0.24593272891018464,0.4449823356080782,0.5856141390162752,0.7846637457141687,0.6909150645182629,1.0305964746243534,-0.21549972380662435,2.613044589575776,1.657261994420103,-0.21549972380662435,2.613044589575776,1.657261994420103,2.397544865769152,1.4417622706134787,4.270306583995879,4.054806860189255
711,17775,Flooding Attack,1.0,0.47314617033671813,0.3555194659613264,0.45160867276251204,0.47314617033671813,0.3555194659613264,0.45160867276251204,0.8286656362980445,0.9247548430992302,0.8071281387238385,1.2802743090605566,0.5894719892247111,4.720992141795708,1.716531356005845,0.5894719892247111,4.720992141795708,1.716531356005845,5.310464131020419,2.306003345230556,6.437523497801553,7.026995487026264
712,17800,Flooding Attack,1.0,0.7552321286031535,0.34207362411689746,0.5736314928413194,0.7552321286031535,0.34207362411689746,0.5736314928413194,1.097305752720051,1.328863621444473,0.9157051169582169,1.6709372455613702,2.2908290864497642,4.4623556483095195,2.8079661074240607,2.2908290864497642,4.4623556483095195,2.8079661074240607,6.753184734759284,5.0987951938738245,7.27032175573358,9.561150842183345
713,17825,Flooding Attack,1.0,0.6818024071444161,0.3294779066510642,0.4029270703714003,0.6818024071444161,0.3294779066510642,0.4029270703714003,1.0112803137954802,1.0847294775158165,0.7324049770224645,1.4142073841668805,1.8479492688266452,4.220071659251919,1.2810981102402734,1.8479492688266452,4.220071659251919,1.2810981102402734,6.068020928078564,3.1290473790669187,5.501169769492192,7.349119038318838
714,17850,Flooding Attack,1.0,0.4619249190496404,0.3351416552662793,0.4420958459569682,0.4619249190496404,0.3351416552662793,0.4420958459569682,0.7970665743159198,0.9040207650066086,0.7772375012232475,1.239162420272888,0.521792776709697,4.329016275645234,1.6314437490066973,0.521792776709697,4.329016275645234,1.6314437490066973,4.850809052354931,2.1532365257163946,5.9604600246519315,6.4822528013616285
715,17875,Flooding Attack,1.0,0.44341954901686664,0.3681265046543092,0.5051431704069248,0.44341954901686664,0.3681265046543092,0.5051431704069248,0.8115460536711758,0.9485627194237914,0.873269675061234,1.3166892240781007,0.4101805474604198,4.96349389947842,2.195371388477579,0.4101805474604198,4.96349389947842,2.195371388477579,5.37367444693884,2.605551935937999,7.158865287955999,7.56904583541642
716,17900,Flooding Attack,1.0,0.3519250041299049,0.3313566941686808,0.5826215876454311,0.3519250041299049,0.3313566941686808,0.5826215876454311,0.6832816982985856,0.934546591775336,0.913978281814112,1.2659032859440167,-0.14165441184577937,4.256210937192579,2.888378131022719,-0.14165441184577937,4.256210937192579,2.888378131022719,4.114556525346799,2.7467237191769396,7.144589068215298,7.0029346563695185
717,17925,Flooding Attack,1.0,0.3409462783658322,0.34729650931256145,0.6443373383499975,0.3409462783658322,0.34729650931256145,0.6443373383499975,0.6882427876783936,0.9852836167158296,0.991633847662559,1.3325801260283912,-0.2078708698076828,4.562820069096022,3.4403954912617616,-0.2078708698076828,4.562820069096022,3.4403954912617616,4.354949199288339,3.2325246214540786,8.003215560357784,7.795344690550101
718,17950,Flooding Attack,1.0,0.7242607308698834,0.3683109637849558,0.6749301420965271,0.7242607308698834,0.3683109637849558,0.6749301420965271,1.0925716946548392,1.3991908729664106,1.043241105881483,1.7675018367513662,2.104029971498041,4.967042049404171,3.714033234847061,2.104029971498041,4.967042049404171,3.714033234847061,7.0710720209022115,5.818063206345101,8.681075284251232,10.785105255749272
719,17975,Flooding Attack,1.0,0.2942642955966596,0.3283999089714799,0.6030788013074003,0.2942642955966596,0.3283999089714799,0.6030788013074003,0.6226642045681395,0.8973430969040599,0.9314787102788802,1.2257430058755399,-0.4894259078002268,4.199335914844108,3.0713579531038713,-0.4894259078002268,4.199335914844108,3.0713579531038713,3.709910007043881,2.5819320453036445,7.270693867947979,6.781267960147752
720,18000,Flooding Attack,1.0,0.28118599525561067,0.2995558865225398,0.6654842764210571,0.28118599525561067,0.2995558865225398,0.6654842764210571,0.5807418817781504,0.9466702716766677,0.965040162943597,1.2462261581992076,-0.5683056196498614,3.6445088604621043,3.6295445625742997,-0.5683056196498614,3.6445088604621043,3.6295445625742997,3.076203240812243,3.0612389429244384,7.2740534230364045,6.705747803386543
721,18025,Flooding Attack,1.0,0.47064829783842843,0.36588748827485906,0.6335226864967572,0.47064829783842843,0.36588748827485906,0.6335226864967572,0.8365357861132875,1.1041709843351857,0.9994101747716163,1.4700584726100447,0.5744064640598092,4.920425465985054,3.3436636926564463,0.5744064640598092,4.920425465985054,3.3436636926564463,5.494831930044863,3.9180701567162552,8.2640891586415,8.83849562270131
722,18050,Flooding Attack,1.0,0.4868249079876216,0.35539810748051787,0.6742542306159515,0.4868249079876216,0.35539810748051787,0.6742542306159515,0.8422230154681395,1.161079138603573,1.0296523380964693,1.516477246084091,0.6719731442856198,4.718657759739584,3.707987535540109,0.6719731442856198,4.718657759739584,3.707987535540109,5.390630904025203,4.379960679825729,8.426645295279693,9.098618439565312
723,18075,Flooding Attack,1.0,0.18470461558009674,0.33427485079749486,0.6863303998418104,0.18470461558009674,0.33427485079749486,0.6863303998418104,0.5189794663775916,0.8710350154219072,1.0206052506393053,1.2053098662194022,-1.150217888767343,4.312342922579025,3.8160029932110366,-1.150217888767343,4.312342922579025,3.8160029932110366,3.162125033811682,2.6657851044436933,8.128345915790062,6.978128027022718
724,18100,Flooding Attack,1.0,0.17901167116888003,0.3721924576198636,0.6907853000464664,0.17901167116888003,0.3721924576198636,0.6907853000464664,0.5512041287887436,0.8697969712153465,1.06297775766633,1.24198942883521,-1.184553987726877,5.041704236165258,3.8558499078645534,-1.184553987726877,5.041704236165258,3.8558499078645534,3.8571502484383813,2.6712959201376765,8.897554144029812,7.713000156302934
725,18125,Flooding Attack,1.0,0.2250929778763469,0.3272914352615419,0.6577264664963017,0.2250929778763469,0.3272914352615419,0.6577264664963017,0.5523844131378888,0.8828194443726487,0.9850179017578437,1.2101108796341906,-0.9066218329398517,4.178013951014913,3.5601547276130465,-0.9066218329398517,4.178013951014913,3.5601547276130465,3.2713921180750614,2.653532894673195,7.738168678627959,6.831546845688107
726,18150,Flooding Attack,1.0,0.24445590402627773,0.3966256143702653,0.6730992152492488,0.24445590402627773,0.3966256143702653,0.6730992152492488,0.641081518396543,0.9175551192755265,1.069724829619514,1.3141807336457918,-0.7898373888268488,5.511686410568165,3.697656485095387,-0.7898373888268488,5.511686410568165,3.697656485095387,4.721849021741317,2.907819096268538,9.209342895663552,8.419505506836703
727,18175,Flooding Attack,1.0,0.31850519418723666,0.3416712972407058,0.6135039499388362,0.31850519418723666,0.3416712972407058,0.6135039499388362,0.6601764914279424,0.9320091441260728,0.9551752471795419,1.2736804413667786,-0.3432207400079441,4.454616719524144,3.1646058349156543,-0.3432207400079441,4.454616719524144,3.1646058349156543,4.1113959795162,2.8213850949077104,7.619222554439798,7.276001814431854
728,18200,Flooding Attack,1.0,0.167632455543684,0.34271182183399235,0.6610134645704632,0.167632455543684,0.34271182183399235,0.6610134645704632,0.5103442773776763,0.8286459201141472,1.0037252864044555,1.1713577419481394,-1.2531859373062157,4.474631653159949,3.5895553259901987,-1.2531859373062157,4.474631653159949,3.5895553259901987,3.221445715853733,2.336369388683983,8.064186979150147,6.811001041843932
729,18225,Flooding Attack,1.0,0.2636588231259271,0.3782426730040846,0.6341164845168877,0.2636588231259271,0.3782426730040846,0.6341164845168877,0.6419014961300117,0.8977753076428148,1.0123591575209723,1.2760179806468994,-0.6740180020753517,5.158082705428562,3.3489749270147016,-0.6740180020753517,5.158082705428562,3.3489749270147016,4.48406470335321,2.67495692493935,8.507057632443264,7.833039630367912
730,18250,Flooding Attack,1.0,0.38659182904185974,0.3172833764513328,0.6832498347479055,0.38659182904185974,0.3172833764513328,0.6832498347479055,0.7038752054931925,1.0698416637897652,1.0005332111992382,1.387125040241098,0.06743309100150637,3.9855046780943386,3.7884488373955727,0.06743309100150637,3.9855046780943386,3.7884488373955727,4.052937769095845,3.855881928397079,7.773953515489911,7.841386606491417
731,18275,Flooding Attack,1.0,0.3207200215322868,0.39495209158726674,0.6814309345894202,0.3207200215322868,0.39495209158726674,0.6814309345894202,0.7156721131195536,1.002150956121707,1.076383026176687,1.3971030477089736,-0.32986235717390733,5.479495487205242,3.7721796605231743,-0.32986235717390733,5.479495487205242,3.7721796605231743,5.149633130031335,3.442317303349267,9.251675147728417,8.921812790554508
732,18300,Flooding Attack,1.0,0.16535609034974225,0.3469805640103958,0.6810927301113684,0.16535609034974225,0.3469805640103958,0.6810927301113684,0.512336654360138,0.8464488204611107,1.0280732941217643,1.1934293844715063,-1.2669154759985701,4.556742726670682,3.7691545860314313,-1.2669154759985701,4.556742726670682,3.7691545860314313,3.2898272506721113,2.5022391100328614,8.325897312702113,7.058981836703543
