window_idx,start_pos,majority_label,attack_frac,W2_c2,W2_network,W2_physical,W2_c2_only,W2_network_only,W2_physical_only,W2_c2_network,W2_c2_physical,W2_network_physical,W2_all_three,Z2_c2,Z2_network,Z2_physical,Z2_c2_only,Z2_network_only,Z2_physical_only,Z2_c2_network,Z2_c2_physical,Z2_network_physical,Z2_all_three
0,0,Normal Traffic,0.72,0.7998337315728876,0.2661100002695961,0.4420129897397729,0.7998337315728876,0.2661100002695961,0.4420129897397729,1.0659437318424838,1.2418467213126605,0.708122990009369,1.5079567215822567,2.5598366408367785,3.0065424439931383,1.6307026404602825,2.5598366408367785,3.0065424439931383,1.6307026404602825,5.566379084829917,4.190539281297061,4.63724508445342,7.197081725290199
1,25,Blackhole Attack,0.84,0.6472617537508836,0.2679638050696538,0.4438473062444782,0.6472617537508836,0.2679638050696538,0.4438473062444782,0.9152255588205374,1.091109059995362,0.711811111314132,1.3590728650650155,1.6396227496513391,3.0422551126509134,1.6471097090482925,1.6396227496513391,3.0422551126509134,1.6471097090482925,4.681877862302253,3.286732458699632,4.689364821699206,6.328987571350545
2,50,Normal Traffic,0.76,0.7339629454799068,0.24459866687189608,0.46775767011762737,0.7339629454799068,0.24459866687189608,0.46775767011762737,0.9785616123518028,1.2017206155975342,0.7123563369895234,1.4463192824694302,2.162547353174915,2.5921368269642677,1.8609762795254816,2.162547353174915,2.5921368269642677,1.8609762795254816,4.754684180139183,4.023523632700397,4.45311310648975,6.615660459664665
3,75,Sybil Attack,0.8,0.7950681336819908,0.2736923103570474,0.3797670394925671,0.7950681336819908,0.2736923103570474,0.3797670394925671,1.0687604440390381,1.1748351731745579,0.6534593498496145,1.4485274835316053,2.531093686582601,3.152612045175111,1.0739429032982266,2.531093686582601,3.152612045175111,1.0739429032982266,5.683705731757712,3.6050365898808274,4.226554948473337,6.757648635055938
4,100,Normal Traffic,0.68,0.7958345919681113,0.3274100970071493,0.30262692576800293,0.7958345919681113,0.3274100970071493,0.30262692576800293,1.1232446889752605,1.0984615177361143,0.6300370227751522,1.4258716147432635,2.535716459204223,4.187459681562953,0.38396212107268046,2.535716459204223,4.187459681562953,0.38396212107268046,6.723176140767176,2.919678580276903,4.5714218026356335,7.107138261839856
5,125,Blackhole Attack,0.8,0.8295935544250482,0.2674531260615451,0.39425878404281794,0.8295935544250482,0.2674531260615451,0.39425878404281794,1.0970466804865933,1.2238523384678661,0.661711910104363,1.4913054645294113,2.7393283324220112,3.0324171242033167,1.203564506868806,2.7393283324220112,3.0324171242033167,1.203564506868806,5.771745456625328,3.942892839290817,4.235981631072122,6.975309963494134
6,150,Blackhole Attack,0.88,0.9443974708872538,0.32159158689805434,0.41909045014435303,0.9443974708872538,0.32159158689805434,0.41909045014435303,1.2659890577853081,1.3634879210316069,0.7406820370424074,1.6850795079296612,3.431750100816877,4.075368848913499,1.4256716774892308,3.431750100816877,4.075368848913499,1.4256716774892308,7.507118949730376,4.857421778306108,5.501040526402729,8.932790627219607
7,175,Sybil Attack,0.72,0.9797915664824505,0.29755106563030853,0.35911323596608086,0.9797915664824505,0.29755106563030853,0.35911323596608086,1.277342632112759,1.3389048024485313,0.6566643015963893,1.63645586807884,3.6452240224215564,3.612239629284506,0.8892046805361854,3.6452240224215564,3.612239629284506,0.8892046805361854,7.257463651706063,4.534428702957742,4.501444309820691,8.146668332242248
8,200,Normal Traffic,0.64,0.7262291404237379,0.3180515244580649,0.35761717752773453,0.7262291404237379,0.3180515244580649,0.35761717752773453,1.0442806648818028,1.0838463179514723,0.6756687019857994,1.4018978424095374,2.115902124175462,4.00717122802955,0.8758231657612516,2.115902124175462,4.00717122802955,0.8758231657612516,6.1230733522050125,2.9917252899367135,4.882994393790802,6.998896517966264
9,225,Wormhole Attack,0.76,0.777126229725758,0.3215526457179322,0.47444552440691473,0.777126229725758,0.3215526457179322,0.47444552440691473,1.09867887544369,1.2515717541326727,0.7959981701248469,1.5731243998506048,2.4228799143648607,4.0746186655809264,1.9207958819493183,2.4228799143648607,4.0746186655809264,1.9207958819493183,6.497498579945788,4.343675796314179,5.9954145475302445,8.418294461895107
10,250,Normal Traffic,0.68,0.9071840952166433,0.25055242154582485,0.3484016304100012,0.9071840952166433,0.25055242154582485,0.3484016304100012,1.1577365167624682,1.2555857256266445,0.5989540519558261,1.5061381471724695,3.2073034775323013,2.7068330818952515,0.7933945809184317,3.2073034775323013,2.7068330818952515,0.7933945809184317,5.914136559427552,4.000698058450733,3.5002276628136832,6.707531140345984
11,275,Sybil Attack,0.76,0.9405283976367127,0.3008575846320279,0.3719046795315003,0.9405283976367127,0.3008575846320279,0.3719046795315003,1.2413859822687405,1.3124330771682131,0.6727622641635282,1.613290661800241,3.4084143939460154,3.6759381467958243,1.0036179191344008,3.4084143939460154,3.6759381467958243,1.0036179191344008,7.08435254074184,4.412032313080417,4.679556065930225,8.08797045987624
12,300,Sybil Attack,0.8,0.6298551778813956,0.24286353282601475,0.2830936299370072,0.6298551778813956,0.24286353282601475,0.2830936299370072,0.8727187107074104,0.9129488078184027,0.525957162763022,1.1558123406444176,1.5346377246045835,2.558710294000573,0.2092462944272023,1.5346377246045835,2.558710294000573,0.2092462944272023,4.093348018605156,1.7438840190317857,2.7679565884277753,4.302594313032358
13,325,Sybil Attack,0.76,0.59023142124308,0.23645973772828774,0.43772410267140516,0.59023142124308,0.23645973772828774,0.43772410267140516,0.8266911589713678,1.027955523914485,0.6741838403996929,1.2644152616427728,1.2956532675631502,2.4353442241369656,1.592340632531753,1.2956532675631502,2.4353442241369656,1.592340632531753,3.7309974917001156,2.8879939000949033,4.027684856668719,5.323338124231869
14,350,Flooding Attack,0.84,0.46502164145557323,0.23494897950515425,0.48750566226016034,0.46502164145557323,0.23494897950515425,0.48750566226016034,0.6999706209607275,0.9525273037157336,0.7224546417653146,1.1874762832208878,0.5404701709190655,2.406240184788758,2.0376124602101613,0.5404701709190655,2.406240184788758,2.0376124602101613,2.9467103557078236,2.578082631129227,4.44385264499892,4.984322815917984
15,375,Wormhole Attack,0.96,0.6518129230751212,0.2478517974955616,0.41961844511783525,0.6518129230751212,0.2478517974955616,0.41961844511783525,0.8996647205706828,1.0714313681929564,0.6674702426133968,1.319283165688518,1.6670724117261562,2.654806842739291,1.4303943356138378,1.6670724117261562,2.654806842739291,1.4303943356138378,4.321879254465447,3.097466747339994,4.085201178353129,5.752273590079285
16,400,Sybil Attack,0.8,0.8063789532341086,0.2964870873330352,0.4446942305790856,0.8063789532341086,0.2964870873330352,0.4446942305790856,1.1028660405671438,1.251073183813194,0.7411813179121207,1.5475602711462293,2.599313116002946,3.5917425929253364,1.6546850351226714,2.599313116002946,3.5917425929253364,1.6546850351226714,6.191055708928282,4.253998151125617,5.246427628048008,7.8457407440509535
17,425,Blackhole Attack,0.88,0.9248538444815952,0.32263734904516295,0.3446650325761097,0.9248538444815952,0.32263734904516295,0.3446650325761097,1.2474911935267583,1.2695188770577048,0.6673023816212726,1.592156226102868,3.313875791527876,4.0955149597949525,0.7599725314579348,3.313875791527876,4.0955149597949525,0.7599725314579348,7.409390751322828,4.0738483229858105,4.855487491252887,8.169363282780763
18,450,Flooding Attack,0.72,0.7088022064071781,0.30328598943704493,0.4737841958670851,0.7088022064071781,0.30328598943704493,0.4737841958670851,1.012088195844223,1.1825864022742631,0.77707018530413,1.485872391711308,2.010794312166109,3.7227202115341522,1.9148806199515331,2.010794312166109,3.7227202115341522,1.9148806199515331,5.733514523700261,3.9256749321176425,5.637600831485686,7.648395143651794
19,475,Blackhole Attack,0.76,0.674977868398654,0.2739630942027156,0.4142851662481343,0.674977868398654,0.2739630942027156,0.4142851662481343,0.9489409626013696,1.0892630346467884,0.6882482604508499,1.363226128849504,1.8067881365897018,3.157828567301888,1.382690751205309,1.8067881365897018,3.157828567301888,1.382690751205309,4.96461670389159,3.189478887795011,4.540519318507197,6.347307455096899
20,500,Blackhole Attack,0.8,0.805681559072918,0.24684285160237773,0.6206400605960439,0.805681559072918,0.24684285160237773,0.6206400605960439,1.0525244106752958,1.426321619668962,0.8674829121984217,1.6731644712713396,2.5951068927900054,2.6353699794968515,3.228434872436769,2.5951068927900054,2.6353699794968515,3.228434872436769,5.230476872286857,5.823541765226775,5.8638048519336206,8.458911744723626
21,525,Wormhole Attack,0.84,1.2480582688338546,0.2723766035770661,0.5709928947003504,1.2480582688338546,0.2723766035770661,0.5709928947003504,1.5204348724109207,1.819051163534205,0.8433694982774165,2.091427767111271,5.2632324507731285,3.1272655792026436,2.784365130949159,5.2632324507731285,3.1272655792026436,2.784365130949159,8.390498029975772,8.047597581722288,5.911630710151803,11.17486316092493
22,550,Blackhole Attack,0.8,0.880693684598745,0.2642164467734552,0.6032201609233919,0.880693684598745,0.2642164467734552,0.6032201609233919,1.1449101313722,1.483913845522137,0.8674366076968472,1.748130292295592,3.0475307316992803,2.9700640355914842,3.07262234608578,3.0475307316992803,2.9700640355914842,3.07262234608578,6.017594767290765,6.12015307778506,6.042686381677264,9.090217113376545
23,575,Wormhole Attack,0.72,0.7803872242614386,0.2076117140656358,0.3832981814953021,0.7803872242614386,0.2076117140656358,0.3832981814953021,0.9879989383270744,1.1636854057567407,0.5909098955609379,1.3712971198223765,2.4425480900918215,1.879600755102966,1.1055272503202704,2.4425480900918215,1.879600755102966,1.1055272503202704,4.322148845194787,3.548075340412092,2.9851280054232365,5.427676095515058
24,600,Normal Traffic,0.68,0.8333780111548869,0.2738437577217216,0.32793381355739465,0.8333780111548869,0.2738437577217216,0.32793381355739465,1.1072217688766084,1.1613118247122816,0.6017775712791162,1.435155582434003,2.7621536880548163,3.1555296066969794,0.6103199184563565,2.7621536880548163,3.1555296066969794,0.6103199184563565,5.917683294751796,3.3724736065111727,3.7658495251533357,6.5280032132081525
25,625,Blackhole Attack,0.92,0.7003019469977352,0.30942669818163065,0.5618580256599846,0.7003019469977352,0.30942669818163065,0.5618580256599846,1.009728645179366,1.2621599726577197,0.8712847238416153,1.5715866708393504,1.9595263342653797,3.8410180478071334,2.7026581722518386,1.9595263342653797,3.8410180478071334,2.7026581722518386,5.800544382072513,4.662184506517218,6.5436762200589715,8.503202554324352
26,650,Wormhole Attack,0.8,0.7972749430905562,0.2349709182198101,0.3567400482494094,0.7972749430905562,0.2349709182198101,0.3567400482494094,1.0322458613103662,1.1540149913399658,0.5917109664692195,1.3889859095597756,2.544403710493609,2.4066628237026593,0.8679776711625189,2.544403710493609,2.4066628237026593,0.8679776711625189,4.9510665341962685,3.412381381656128,3.274640494865178,5.819044205358788
27,675,Sybil Attack,0.72,0.7830609454704208,0.24815065328446645,0.3633593135272356,0.7830609454704208,0.24815065328446645,0.3633593135272356,1.0312115987548873,1.1464202589976564,0.6115099668117021,1.394570912282123,2.4586742191017827,2.6605641575144405,0.927183778253058,2.4586742191017827,2.6605641575144405,0.927183778253058,5.119238376616224,3.3858579973548406,3.5877479357674984,6.046422154869282
28,700,Sybil Attack,0.88,0.8124591666737846,0.26432064800657373,0.45123451863707237,0.8124591666737846,0.26432064800657373,0.45123451863707237,1.0767798146803584,1.263693685310857,0.7155551666436462,1.5280143333174308,2.635984967206774,2.972071422837422,1.7131847294106917,2.635984967206774,2.972071422837422,1.7131847294106917,5.6080563900441955,4.349169696617466,4.6852561522481135,7.321241119454887
29,725,Wormhole Attack,0.76,0.6078652898353705,0.2183379439511754,0.5693592225714793,0.6078652898353705,0.2183379439511754,0.5693592225714793,0.8262032337865459,1.1772245124068497,0.7876971665226546,1.3955624563580251,1.4020091729240627,2.0862364773955604,2.769752728672915,1.4020091729240627,2.0862364773955604,2.769752728672915,3.488245650319623,4.171761901596978,4.855989206068475,6.2579983789925375
30,750,Wormhole Attack,0.84,0.8645758728293265,0.2892674851658231,0.3898698350720301,0.8645758728293265,0.2892674851658231,0.3898698350720301,1.1538433579951497,1.2544457079013567,0.6791373202378532,1.54371319306718,2.95031868465461,3.45266038749002,1.164307493911514,2.95031868465461,3.45266038749002,1.164307493911514,6.40297907214463,4.114626178566124,4.616967881401534,7.5672865660561435
31,775,Normal Traffic,0.72,0.7286775936464912,0.2743667089742526,0.4669585909934182,0.7286775936464912,0.2743667089742526,0.4669585909934182,1.0030443026207438,1.1956361846399095,0.7413252999676707,1.470002893614162,2.1306695847515056,3.165604014102347,1.8538289055774655,2.1306695847515056,3.165604014102347,1.8538289055774655,5.296273598853853,3.984498490328971,5.019432919679812,7.1501025044313185
32,800,Flooding Attack,0.88,0.7033067477482402,0.31759161380795464,0.3785411234808955,0.7033067477482402,0.31759161380795464,0.3785411234808955,1.0208983615561948,1.0818478712291357,0.6961327372888502,1.3994394850370904,1.977649317465381,3.9983112678767565,1.0629776810832814,1.977649317465381,3.9983112678767565,1.0629776810832814,5.975960585342138,3.0406269985486625,5.061288948960038,7.038938266425419
33,825,Wormhole Attack,0.92,0.6379340696666876,0.23661607159899045,0.43577310176573963,0.6379340696666876,0.23661607159899045,0.43577310176573963,0.8745501412656781,1.0737071714324273,0.67238917336473,1.3103232430314178,1.5833642899433564,2.438355921875702,1.5748898787537589,1.5833642899433564,2.438355921875702,1.5748898787537589,4.0217202118190585,3.1582541686971153,4.013245800629461,5.596610090572817
34,850,Blackhole Attack,0.8,0.8381992974466684,0.2703966059599749,0.38989984527104565,0.8381992974466684,0.2703966059599749,0.38989984527104565,1.1085959034066433,1.2280991427177141,0.6602964512310205,1.4984957486776889,2.7912325181415265,3.089121865883872,1.1645759205392658,2.7912325181415265,3.089121865883872,1.1645759205392658,5.880354384025399,3.9558084386807923,4.253697786423138,7.044930304564664
35,875,Wormhole Attack,0.76,0.7011259720854649,0.216396283302697,0.40119344120886435,0.7011259720854649,0.216396283302697,0.40119344120886435,0.9175222553881619,1.1023194132943293,0.6175897245115614,1.3187156965970264,1.9644963119981114,2.048831307561718,1.2655916409352552,1.9644963119981114,2.048831307561718,1.2655916409352552,4.0133276195598295,3.2300879529333666,3.3144229484969734,5.278919260495085
36,900,Sybil Attack,0.76,0.7903174852488494,0.20680944463580048,0.42687776006805306,0.7903174852488494,0.20680944463580048,0.42687776006805306,0.9971269298846499,1.2171952453169024,0.6336872047038535,1.424004689952703,2.5024408976319643,1.8641454157268464,1.4953253755868563,2.5024408976319643,1.8641454157268464,1.4953253755868563,4.366586313358811,3.9977662732188204,3.3594707913137025,5.861911688945667
37,925,Wormhole Attack,0.8,0.97450559814153,0.22356582934501606,0.45257282399505316,0.97450559814153,0.22356582934501606,0.45257282399505316,1.198071427486546,1.4270784221365833,0.6761386533400693,1.6506442514815993,3.6133425356300815,2.186949205534598,1.725155219641667,3.6133425356300815,2.186949205534598,1.725155219641667,5.8002917411646795,5.3384977552717485,3.912104425176265,7.525446960806347
38,950,Sybil Attack,0.8,0.8200088941642094,0.2844718160001491,0.2302824274631195,0.8200088941642094,0.2844718160001491,0.2302824274631195,1.1044807101643586,1.0502913216273289,0.5147542434632686,1.334763137627478,2.681519961315971,3.360274099623738,-0.2631242146870634,2.681519961315971,3.360274099623738,-0.2631242146870634,6.04179406093971,2.4183957466289074,3.097149884936675,5.7786698462526465
39,975,Sybil Attack,0.8,0.936130714059499,0.30536397677103916,0.338525817930087,0.936130714059499,0.30536397677103916,0.338525817930087,1.2414946908305382,1.274656531989586,0.6438897947011262,1.5800205087606252,3.381890457017628,3.762751650190304,0.7050602436845712,3.381890457017628,3.762751650190304,0.7050602436845712,7.1446421072079325,4.086950700702199,4.467811893874876,7.849702350892503
40,1000,Blackhole Attack,0.84,0.9354939382152516,0.2767359695252896,0.3084481785118924,0.9354939382152516,0.2767359695252896,0.3084481785118924,1.2122299077405412,1.243942116727144,0.585184148037182,1.5206780862524336,3.378049843650661,3.211246692889504,0.43603039434620605,3.378049843650661,3.211246692889504,0.43603039434620605,6.589296536540165,3.8140802379968672,3.64727708723571,7.025326930886371
41,1025,Wormhole Attack,0.84,0.7562789157582017,0.1238427145470918,0.5691714367129714,0.7562789157582017,0.1238427145470918,0.5691714367129714,0.8801216303052936,1.3254503524711732,0.6930141512600633,1.449293067018265,2.29714261856058,0.2658307813139379,2.768073075541902,2.29714261856058,0.2658307813139379,2.768073075541902,2.562973399874518,5.065215694102482,3.0339038568558396,5.33104647541642
42,1050,Sybil Attack,0.76,0.8715565331906611,0.28242704207056335,0.4704167361193483,0.8715565331906611,0.28242704207056335,0.4704167361193483,1.1539835752612244,1.3419732693100093,0.7528437781899117,1.6244003113805727,2.992421439864625,3.3208825014225254,1.8847603310555034,2.992421439864625,3.3208825014225254,1.8847603310555034,6.313303941287151,4.877181770920128,5.205642832478029,8.198064272342654
43,1075,Normal Traffic,0.68,0.844392436148803,0.25336888823618864,0.39438825962791757,0.844392436148803,0.25336888823618864,0.39438825962791757,1.0977613243849915,1.2387806957767205,0.6477571478641062,1.492149584012909,2.828585460307558,2.761090974471369,1.204722602976949,2.828585460307558,2.761090974471369,1.204722602976949,5.589676434778927,4.033308063284507,3.9658135774483183,6.794399037755877
44,1100,Wormhole Attack,0.72,0.8174461570583971,0.1659508105165942,0.62577046097184,0.8174461570583971,0.1659508105165942,0.62577046097184,0.9833969675749913,1.443216618030237,0.7917212714884342,1.6091674285468311,2.666063215471225,1.077023242959215,3.274323807434473,2.666063215471225,1.077023242959215,3.274323807434473,3.74308645843044,5.940387022905698,4.351347050393688,7.017410265864913
45,1125,Normal Traffic,0.68,0.7239877034711801,0.22751359524943085,0.30920080766894487,0.7239877034711801,0.22751359524943085,0.30920080766894487,0.951501298720611,1.0331885111401249,0.5367144029183757,1.2607021063895558,2.102383249678297,2.263001039944801,0.4427622959397535,2.102383249678297,2.263001039944801,0.4427622959397535,4.365384289623098,2.5451455456180505,2.7057633358845545,4.808146585562851
46,1150,Blackhole Attack,0.8,0.808753730686455,0.2910750506126819,0.41204405705362773,0.808753730686455,0.2910750506126819,0.41204405705362773,1.099828781299137,1.2207977877400826,0.7031191076663097,1.5118728383527646,2.6136362127558277,3.4874822769785476,1.3626451199452907,2.6136362127558277,3.4874822769785476,1.3626451199452907,6.101118489734375,3.9762813327011184,4.850127396923838,7.463763609679666
47,1175,Normal Traffic,0.68,0.9142064812803408,0.2567668466639485,0.5103790515610204,0.9142064812803408,0.2567668466639485,0.5103790515610204,1.1709733279442893,1.4245855328413612,0.7671458982249688,1.6813523795053098,3.2496578947544488,2.8265510290789018,2.2422037977120555,3.2496578947544488,2.8265510290789018,2.2422037977120555,6.0762089238333505,5.491861692466504,5.068754826790958,8.318412721545407
48,1200,Sybil Attack,0.84,0.9917381245367688,0.31314130933574796,0.3396499329070911,0.9917381245367688,0.31314130933574796,0.3396499329070911,1.3048794338725167,1.33138805744386,0.652791242242839,1.644529366779608,3.7172778086434426,3.912578266733818,0.7151149051790324,3.7172778086434426,3.912578266733818,0.7151149051790324,7.62985607537726,4.432392713822475,4.627693171912851,8.344970980556292
49,1225,Sybil Attack,0.8,0.7983882713858038,0.2997115952666821,0.41293891267503285,0.7983882713858038,0.2997115952666821,0.41293891267503285,1.098099866652486,1.2113271840608366,0.7126505079417149,1.5110387793275188,2.551118575027461,3.6538612061769125,1.370649168057543,2.551118575027461,3.6538612061769125,1.370649168057543,6.204979781204374,3.921767743085004,5.024510374234455,7.575628949261917
50,1250,Wormhole Attack,0.68,0.6788324193283874,0.20609389102613856,0.5509856085949661,0.6788324193283874,0.20609389102613856,0.5509856085949661,0.884926310354526,1.2298180279233537,0.7570794996211048,1.435911918949492,1.8300362543663522,1.850360615424282,2.6054096919347174,1.8300362543663522,1.850360615424282,2.6054096919347174,3.680396869790634,4.435445946301069,4.455770307359,6.285806561725352
51,1275,Sybil Attack,0.84,0.9684590616009583,0.32688973958188733,0.3420950593424164,0.9684590616009583,0.32688973958188733,0.3420950593424164,1.2953488011828456,1.3105541209433746,0.6689847989243037,1.637443860525262,3.576873801347265,4.177435243007494,0.7369853713869255,3.576873801347265,4.177435243007494,0.7369853713869255,7.754309044354759,4.31385917273419,4.91442061439442,8.491294415741685
52,1300,Wormhole Attack,0.84,0.6980817321793122,0.2075385672375274,0.5492991814285935,0.6980817321793122,0.2075385672375274,0.5492991814285935,0.9056202994168396,1.2473809136079057,0.7568377486661209,1.454919480845433,1.946135457732914,1.8781916162143832,2.5903254215177074,1.946135457732914,1.8781916162143832,2.5903254215177074,3.8243270739472974,4.536460879250622,4.468517037732091,6.414652495465004
53,1325,Wormhole Attack,0.84,0.8356855292109986,0.17310410341281351,0.6554635829253896,0.8356855292109986,0.17310410341281351,0.6554635829253896,1.0087896326238122,1.4911491121363882,0.8285676863382032,1.6642532155492018,2.776071120336336,1.2148280317949902,3.5399143351511144,2.776071120336336,1.2148280317949902,3.5399143351511144,3.990899152131326,6.31598545548745,4.754742366946105,7.53081348728244
54,1350,Blackhole Attack,0.8,0.8953321046919989,0.242163000366951,0.4966828305980902,0.8953321046919989,0.242163000366951,0.4966828305980902,1.13749510505895,1.392014935290089,0.7388458309650412,1.63417793565704,3.1358200604942144,2.545214869027144,2.1196977655420874,3.1358200604942144,2.545214869027144,2.1196977655420874,5.681034929521358,5.255517826036302,4.664912634569232,7.800732695063445
55,1375,Wormhole Attack,0.84,0.7242892635910844,0.25600886381579346,0.5740090904096218,0.7242892635910844,0.25600886381579346,0.5740090904096218,0.9802981274068778,1.298298354000706,0.8300179542254152,1.5543072178164996,2.104202062118987,2.8119488496565617,2.811343533940101,2.104202062118987,2.8119488496565617,2.811343533940101,4.916150911775549,4.915545596059088,5.623292383596663,7.72749444571565
56,1400,Normal Traffic,0.76,0.8172733817457637,0.23244178749190744,0.4235338696716522,0.8172733817457637,0.23244178749190744,0.4235338696716522,1.0497151692376712,1.240807251417416,0.6559756571635597,1.4732490389093233,2.6650211483432455,2.357940321918775,1.465415903070089,2.6650211483432455,2.357940321918775,1.465415903070089,5.02296147026202,4.130437051413335,3.823356224988864,6.488377373332109
57,1425,Wormhole Attack,0.76,0.8184456327857577,0.2582351841233352,0.4010641850275074,0.8184456327857577,0.2582351841233352,0.4010641850275074,1.076680816909093,1.219509817813265,0.6592993691508426,1.4777450019366003,2.6720913961460075,2.854837852569295,1.264435507286832,2.6720913961460075,2.854837852569295,1.264435507286832,5.526929248715303,3.9365269034328394,4.119273359856127,6.791364756002134
58,1450,Flooding Attack,0.76,0.753140771010014,0.3429639172133994,0.20573390993414756,0.753140771010014,0.3429639172133994,0.20573390993414756,1.0961046882234133,0.9588746809441615,0.548697827147547,1.3018385981575609,2.2782153920078643,4.487096637606615,-0.48269875910109267,2.2782153920078643,4.487096637606615,-0.48269875910109267,6.7653120296144795,1.7955166329067715,4.0043978785055225,6.282613270513387
59,1475,Wormhole Attack,0.76,0.8227406876284021,0.21536595571854503,0.454652942300743,0.8227406876284021,0.21536595571854503,0.454652942300743,1.0381066433469472,1.277393629929145,0.670018898019288,1.4927595856476903,2.6979963440009516,2.0289825362020584,1.7437608657365926,2.6979963440009516,2.0289825362020584,1.7437608657365926,4.72697888020301,4.441757209737544,3.772743401938651,6.4707397459396025
60,1500,Wormhole Attack,0.8,0.6888417977847338,0.21853553296067385,0.4427319672370401,0.6888417977847338,0.21853553296067385,0.4427319672370401,0.9073773307454076,1.1315737650217739,0.661267500197714,1.3501092979824478,1.8904062464785851,2.0900429357812635,1.6371335443313646,1.8904062464785851,2.0900429357812635,1.6371335443313646,3.9804491822598487,3.52753979080995,3.727176480112628,5.6175827265912135
61,1525,Normal Traffic,0.68,0.9413140755964208,0.33173292338143273,0.43563271929174696,0.9413140755964208,0.33173292338143273,0.43563271929174696,1.2730469989778535,1.3769467948881677,0.7673656426731796,1.7086797182696003,3.413153087006448,4.2707368777192425,1.57363422583157,3.413153087006448,4.2707368777192425,1.57363422583157,7.68388996472569,4.986787312838018,5.844371103550813,9.25752419055726
62,1550,Flooding Attack,0.76,0.5558641077671784,0.21887750403157077,0.17409729365870824,0.5558641077671784,0.21887750403157077,0.17409729365870824,0.7747416117987492,0.7299614014258866,0.392974797690279,0.9488389054574575,1.088372220842078,2.0966308459782304,-0.7656728978564266,1.088372220842078,2.0966308459782304,-0.7656728978564266,3.1850030668203084,0.3226993229856515,1.330957948121804,2.419330168963882
63,1575,Normal Traffic,0.72,0.5471900694126481,0.2490683264518075,0.5294752785270722,0.5471900694126481,0.2490683264518075,0.5294752785270722,0.7962583958644556,1.0766653479397204,0.7785436049788796,1.3257336743915278,1.036056122562051,2.678242695060768,2.4130102560307356,1.036056122562051,2.678242695060768,2.4130102560307356,3.714298817622819,3.4490663785927866,5.091252951091503,6.127309073653555
64,1600,Normal Traffic,0.68,0.9273990698379407,0.188457990403613,0.4886996379061945,0.9273990698379407,0.188457990403613,0.4886996379061945,1.1158570602415536,1.4160987077441352,0.6771576283098075,1.6045566981477482,3.3292269180095615,1.5106133694391044,2.048291991396107,3.3292269180095615,1.5106133694391044,2.048291991396107,4.839840287448666,5.377518909405668,3.5589053608352113,6.888132278844774
65,1625,Blackhole Attack,1.0,0.9051196722692072,0.25240866131178863,0.5521023254967047,0.9051196722692072,0.25240866131178863,0.5521023254967047,1.1575283335809958,1.4572219977659118,0.8045109868084933,1.7096306590777006,3.194852235170293,2.7425926590142593,2.6153981812457032,3.194852235170293,2.7425926590142593,2.6153981812457032,5.937444894184552,5.810250416415997,5.357990840259962,8.552843075430255
66,1650,Blackhole Attack,0.8,0.7570237675510243,0.279749228127367,0.44906517481221375,0.7570237675510243,0.279749228127367,0.44906517481221375,1.0367729956783913,1.206088942363238,0.7288144029395808,1.485838170490605,2.301635075015653,3.269295688141233,1.6937810044623907,2.301635075015653,3.269295688141233,1.6937810044623907,5.570930763156886,3.9954160794780433,4.963076692603623,7.264711767619277
67,1675,Sybil Attack,0.84,0.81176952935503,0.3256701357300814,0.23456931475606302,0.81176952935503,0.3256701357300814,0.23456931475606302,1.1374396650851115,1.046338844111093,0.5602394504861444,1.3720089798411745,2.6318255281691663,4.153940154284056,-0.22478009377664743,2.6318255281691663,4.153940154284056,-0.22478009377664743,6.785765682453222,2.407045434392519,3.929160060507409,6.560985588676575
68,1700,Blackhole Attack,0.84,0.9053580100970319,0.24199233834954484,0.40300686171774724,0.9053580100970319,0.24199233834954484,0.40300686171774724,1.1473503484465768,1.3083648718147791,0.6449992000672921,1.5503572101643242,3.1962897322984687,2.5419271463500306,1.2818118050082623,3.1962897322984687,2.5419271463500306,1.2818118050082623,5.738216878648499,4.478101537306731,3.823738951358293,7.020028683656761
69,1725,Blackhole Attack,0.84,0.8104254393419235,0.17914264830632032,0.5885486390761843,0.8104254393419235,0.17914264830632032,0.5885486390761843,0.9895680876482438,1.3989740784181077,0.7676912873825046,1.578116726724428,2.6237188606229984,1.331157730018987,2.9413927220704346,2.6237188606229984,1.331157730018987,2.9413927220704346,3.9548765906419856,5.565111582693433,4.272550452089422,6.89626931271242
70,1750,Blackhole Attack,0.8,0.7214145315027726,0.2836177857808435,0.40119097012815175,0.7214145315027726,0.2836177857808435,0.40119097012815175,1.0050323172836162,1.1226055016309244,0.6848087559089953,1.406223287411768,2.0868635676007656,3.3438216132320546,1.265569538320666,2.0868635676007656,3.3438216132320546,1.265569538320666,5.43068518083282,3.3524331059214316,4.609391151552721,6.696254719153487
71,1775,Blackhole Attack,0.92,0.7844529732954237,0.2475052093984682,0.47177063865539726,0.7844529732954237,0.2475052093984682,0.47177063865539726,1.031958182693892,1.256223611950821,0.7192758480538655,1.5037288213492892,2.4670700160218355,2.6481299877263784,1.8968703304549823,2.4670700160218355,2.6481299877263784,1.8968703304549823,5.115200003748214,4.363940346476818,4.54500031818136,7.012070334203196
72,1800,Flooding Attack,0.72,0.7167670483079374,0.2619238917190564,0.3785273204331257,0.7167670483079374,0.2619238917190564,0.3785273204331257,0.9786909400269937,1.095294368741063,0.6404512121521821,1.3572182604601195,2.0588330035614923,2.925899051751274,1.0628542195373039,2.0588330035614923,2.925899051751274,1.0628542195373039,4.984732055312767,3.121687223098796,3.9887532712885783,6.047586274850071
73,1825,Blackhole Attack,0.84,0.5777150101271654,0.2802423826923732,0.49598886063492037,0.5777150101271654,0.2802423826923732,0.49598886063492037,0.8579573928195386,1.0737038707620858,0.7762312433272935,1.353946253454459,1.2201625022137652,3.27879607651901,2.1134905418952745,1.2201625022137652,3.27879607651901,2.1134905418952745,4.4989585787327755,3.33365304410904,5.392286618414285,6.61244912062805
74,1850,Normal Traffic,0.72,0.8086730148453716,0.2639868975821574,0.28071982788815825,0.8086730148453716,0.2639868975821574,0.28071982788815825,1.072659912427529,1.0893928427335298,0.5447067254703156,1.353379740315687,2.6131493878534835,2.965641879488952,0.18801379015113134,2.6131493878534835,2.965641879488952,0.18801379015113134,5.578791267342435,2.801163178004615,3.1536556696400835,5.766805057493566
75,1875,Wormhole Attack,0.72,0.40642875590204697,0.20545323745223293,0.6532068258416436,0.40642875590204697,0.20545323745223293,0.6532068258416436,0.6118819933542798,1.0596355817436907,0.8586600632938766,1.2650888191959235,0.1870763958583778,1.8380187287226188,3.51972874113584,0.1870763958583778,1.8380187287226188,3.51972874113584,2.0250951245809965,3.706805136994218,5.357747469858459,5.544823865716836
76,1900,Flooding Attack,0.76,0.859239342720573,0.23381122392294854,0.388584166684847,0.859239342720573,0.23381122392294854,0.388584166684847,1.0930505666435215,1.24782350940542,0.6223953906077956,1.4816347333283686,2.9181322425116543,2.3843218640898463,1.1528078157720874,2.9181322425116543,2.3843218640898463,1.1528078157720874,5.3024541066015,4.070940058283742,3.5371296798619336,6.455261922373587
77,1925,Wormhole Attack,0.76,0.7423226679560118,0.22256070990466664,0.31236554371502884,0.7423226679560118,0.22256070990466664,0.31236554371502884,0.9648833778606785,1.0546882116710405,0.5349262536196955,1.2772489215757072,2.2129677046626672,2.1675860570879166,0.47106931996633417,2.2129677046626672,2.1675860570879166,0.47106931996633417,4.380553761750583,2.6840370246290015,2.638655377054251,4.851623081716918
78,1950,Wormhole Attack,0.88,0.7819122218292784,0.24232604110413525,0.5350080737685212,0.7819122218292784,0.24232604110413525,0.5350080737685212,1.0242382629334137,1.3169202955977997,0.7773341148726565,1.559246336701935,2.4517458731053403,2.548355771361953,2.4624984173033466,2.4517458731053403,2.548355771361953,2.4624984173033466,5.000101644467293,4.914244290408687,5.0108541886652995,7.462600061770639
79,1975,Normal Traffic,0.72,0.695899030593544,0.24794331754426915,0.442195331721035,0.695899030593544,0.24794331754426915,0.442195331721035,0.9438423481378131,1.138094362314579,0.6901386492653041,1.386037679858848,1.9329708363639775,2.6565699329928787,1.632333600758228,1.9329708363639775,2.6565699329928787,1.632333600758228,4.589540769356856,3.5653044371222053,4.288903533751107,6.221874370115084
80,2000,Wormhole Attack,0.84,0.6414619297426347,0.1381652607713136,0.5331796244571982,0.6414619297426347,0.1381652607713136,0.5331796244571982,0.7796271905139484,1.174641554199833,0.6713448852285119,1.3128068149711467,1.6046420232098961,0.5417478291203638,2.446143827905267,1.6046420232098961,0.5417478291203638,2.446143827905267,2.14638985233026,4.0507858511151635,2.987891657025631,4.592533680235527
81,2025,Normal Traffic,0.72,0.8033400143603014,0.22369110267197764,0.49138425778331746,0.8033400143603014,0.22369110267197764,0.49138425778331746,1.027031117032279,1.294724272143619,0.7150753604552951,1.5184153748155964,2.5809842340807148,2.189362536656244,2.0723046099075275,2.5809842340807148,2.189362536656244,2.0723046099075275,4.770346770736959,4.653288843988243,4.261667146563772,6.842651380644487
82,2050,Sybil Attack,0.8,0.6926105544668636,0.25848436482893705,0.39021312244498974,0.6926105544668636,0.25848436482893705,0.39021312244498974,0.9510949192958007,1.0828236769118533,0.6486974872739268,1.3413080417407905,1.913136909742581,2.859638200467193,1.1673780324249592,1.913136909742581,2.859638200467193,1.1673780324249592,4.772775110209774,3.0805149421675404,4.027016232892152,5.940153142634733
83,2075,Wormhole Attack,0.8,0.7215066930875206,0.2598749701563082,0.4809003162686343,0.7215066930875206,0.2598749701563082,0.4809003162686343,0.9813816632438288,1.202407009356155,0.7407752864249425,1.462281979512463,2.087419425706097,2.8864275513678908,1.9785308543626934,2.087419425706097,2.8864275513678908,1.9785308543626934,4.973846977073988,4.06595028006879,4.864958405730584,6.9523778314366815
84,2100,Sybil Attack,0.76,0.9371751684722509,0.25201696499811416,0.3049166419180964,0.9371751684722509,0.25201696499811416,0.3049166419180964,1.189192133470365,1.2420918103903473,0.5569336069162105,1.4941087753884614,3.388189919560124,2.7350468156415952,0.4044425178991229,3.388189919560124,2.7350468156415952,0.4044425178991229,6.123236735201719,3.792632437459247,3.139489333540718,6.5276792531008425
85,2125,Blackhole Attack,0.8,0.7937071036536609,0.21152630364290817,0.48721707904001843,0.7937071036536609,0.21152630364290817,0.48721707904001843,1.0052334072965692,1.2809241826936795,0.6987433826829266,1.4924504863365877,2.5228848479985535,1.9550134633341438,2.0350312237255785,2.5228848479985535,1.9550134633341438,2.0350312237255785,4.477898311332697,4.557916071724132,3.990044687059722,6.512929535058276
86,2150,Wormhole Attack,0.88,0.8068695299900327,0.2994563266006056,0.5128392779322626,0.8068695299900327,0.2994563266006056,0.5128392779322626,1.1063258565906384,1.3197088079222952,0.8122956045328682,1.619165134522901,2.602271952559556,3.6489435766130995,2.2642093254993587,2.602271952559556,3.6489435766130995,2.2642093254993587,6.251215529172656,4.866481278058915,5.913152902112458,8.515424854672014
87,2175,Wormhole Attack,0.88,0.8950576896630915,0.2242091682560949,0.5277138818183096,0.8950576896630915,0.2242091682560949,0.5277138818183096,1.1192668579191865,1.422771571481401,0.7519230500744045,1.646980739737496,3.13416496940111,2.199342823980994,2.397255419535926,3.13416496940111,2.199342823980994,2.397255419535926,5.333507793382104,5.531420388937036,4.59659824351692,7.7307632129180295
88,2200,Blackhole Attack,0.76,0.8750185860864278,0.25607907187032586,0.47126674211598835,0.8750185860864278,0.25607907187032586,0.47126674211598835,1.1310976579567535,1.346285328202416,0.7273458139863143,1.602364400072742,3.0133022674725622,2.813301374468529,1.8923632210972812,3.0133022674725622,2.813301374468529,1.8923632210972812,5.826603641941091,4.905665488569843,4.7056645955658105,7.718966863038372
89,2225,Sybil Attack,0.68,0.7909990231503897,0.3146618337902151,0.22615194291842589,0.7909990231503897,0.3146618337902151,0.22615194291842589,1.1056608569406048,1.0171509660688156,0.540813776708641,1.3318127998590308,2.5065514863083362,3.9418704478883493,-0.300069389117247,2.5065514863083362,3.9418704478883493,-0.300069389117247,6.448421934196686,2.2064820971910892,3.6418010587711023,6.1483525450794385
90,2250,Blackhole Attack,0.88,0.932865522516353,0.22595716279686973,0.5700735121772641,0.932865522516353,0.22595716279686973,0.5700735121772641,1.1588226853132229,1.5029390346936171,0.7960306749741338,1.7288961974904868,3.36219696770015,2.2330171082682866,2.776141701635733,3.36219696770015,2.2330171082682866,2.776141701635733,5.595214075968437,6.138338669335884,5.00915880990402,8.37135577760417
91,2275,Blackhole Attack,0.88,0.9363093189622982,0.2723425253623378,0.46886288410762217,0.9363093189622982,0.2723425253623378,0.46886288410762217,1.208651844324636,1.4051722030699203,0.7412054094699599,1.677514728432258,3.382967684401948,3.126609078587798,1.870861880888037,3.382967684401948,3.126609078587798,1.870861880888037,6.509576762989745,5.253829565289985,4.997470959475835,8.380438643877783
92,2300,Wormhole Attack,0.88,0.8091860827692058,0.2891633722435207,0.4604823031045487,0.8091860827692058,0.2891633722435207,0.4604823031045487,1.0983494550127264,1.2696683858737545,0.7496456753480694,1.558831758117275,2.6162438763524447,3.4506547015099946,1.7959016616608277,2.6162438763524447,3.4506547015099946,1.7959016616608277,6.066898577862439,4.412145538013272,5.246556363170822,7.862800239523267
93,2325,Sybil Attack,0.84,0.7214298005230885,0.2757995626251043,0.48425697900114395,0.7214298005230885,0.2757995626251043,0.48425697900114395,0.9972293631481928,1.2056867795242323,0.7600565416262482,1.4814863421493367,2.086955660295637,3.193207258881063,2.008554569211157,2.086955660295637,3.193207258881063,2.008554569211157,5.2801629191767,4.095510229506794,5.20176182809222,7.2887174883878565
94,2350,Normal Traffic,0.72,0.8655902774446316,0.2318105267277848,0.4030070416730468,0.8655902774446316,0.2318105267277848,0.4030070416730468,1.0974008041724164,1.2685973191176783,0.6348175684008316,1.500407845845463,2.956436906569354,2.3457793832346887,1.2818134146208537,2.956436906569354,2.3457793832346887,1.2818134146208537,5.302216289804043,4.238250321190208,3.6275927978555425,6.584029704424896
95,2375,Normal Traffic,0.68,0.8964387069218606,0.2932612040294954,0.36891716697557214,0.8964387069218606,0.2932612040294954,0.36891716697557214,1.189699910951356,1.2653558738974326,0.6621783710050675,1.5586170779269282,3.142494357822414,3.529597483826266,0.9768960729933891,3.142494357822414,3.529597483826266,0.9768960729933891,6.67209184164868,4.119390430815804,4.506493556819655,7.648987914642069
96,2400,Flooding Attack,0.8,0.9109693883516321,0.3123771645613108,0.45626806724595154,0.9109693883516321,0.3123771645613108,0.45626806724595154,1.2233465529129428,1.3672374555975837,0.7686452318072623,1.6796146201588944,3.2301338778112387,3.897857380729426,1.758207372479713,3.2301338778112387,3.897857380729426,1.758207372479713,7.127991258540664,4.988341250290952,5.656064753209138,8.886198631020378
97,2425,Wormhole Attack,0.76,0.7044336986195437,0.2429651799204497,0.6399575153821974,0.7044336986195437,0.2429651799204497,0.6399575153821974,0.9473988785399934,1.344391214001741,0.882922695302647,1.5873563939221906,1.9844463444244658,2.5606684769783428,3.4012201059606397,1.9844463444244658,2.5606684769783428,3.4012201059606397,4.545114821402809,5.385666450385106,5.9618885829389825,7.9463349273634485
98,2450,Flooding Attack,0.84,0.834988471944982,0.29255503985279296,0.3256562110059969,0.834988471944982,0.29255503985279296,0.3256562110059969,1.127543511797775,1.160644682950979,0.6182112508587898,1.4531997228037719,2.771866929053658,3.5159935664883784,0.5899478718759805,2.771866929053658,3.5159935664883784,0.5899478718759805,6.287860495542036,3.361814800929639,4.105941438364359,6.877808367418017
99,2475,Normal Traffic,0.76,0.7362798670887137,0.2201041790615485,0.3253190052997148,0.7362798670887137,0.2201041790615485,0.3253190052997148,0.9563840461502622,1.0615988723884286,0.5454231843612634,1.281703051449977,2.1765215015057393,2.1202621575893543,0.5869317309117321,2.1765215015057393,2.1202621575893543,0.5869317309117321,4.296783659095094,2.763453232417471,2.707193888501086,4.8837153900068255
100,2500,Wormhole Attack,0.76,0.7362107434856979,0.23170105688275688,0.4667429008377753,0.7362107434856979,0.23170105688275688,0.4667429008377753,0.9679118003684548,1.2029536443234732,0.6984439577205321,1.43465470120623,2.1761045933643364,2.343670498683641,1.8518996620863266,2.1761045933643364,2.343670498683641,1.8518996620863266,4.519775092047977,4.0280042554506625,4.195570160769968,6.371674754134304
101,2525,Wormhole Attack,0.88,0.5990185853323052,0.20890337557095884,0.577410556462329,0.5990185853323052,0.20890337557095884,0.577410556462329,0.8079219609032641,1.1764291417946342,0.7863139320332878,1.385332517365593,1.3486516659221488,1.9044840002839953,2.8417679926872133,1.3486516659221488,1.9044840002839953,2.8417679926872133,3.253135666206144,4.190419658609362,4.746251992971208,6.094903658893357
102,2550,Blackhole Attack,0.76,0.8103204030695257,0.3043617403090582,0.5038728238699538,0.8103204030695257,0.3043617403090582,0.5038728238699538,1.1146821433785838,1.3141932269394796,0.8082345641790121,1.6185549672485378,2.6230853508637457,3.7434440409520757,2.184008756832953,2.6230853508637457,3.7434440409520757,2.184008756832953,6.3665293918158214,4.807094107696699,5.927452797785029,8.550538148648775
103,2575,Normal Traffic,0.64,0.5868736345585767,0.22540256297026048,0.3951776022269507,0.5868736345585767,0.22540256297026048,0.3951776022269507,0.8122761975288372,0.9820512367855274,0.6205801651972112,1.207453799755788,1.2754013052118311,2.2223330061207798,1.2117828884448898,1.2754013052118311,2.2223330061207798,1.2117828884448898,3.4977343113326107,2.487184193656721,3.43411589456567,4.7095171997775
104,2600,Normal Traffic,0.64,0.854522804146756,0.3011521037751465,0.39833604143135426,0.854522804146756,0.3011521037751465,0.39833604143135426,1.1556749079219024,1.2528588455781102,0.6994881452065007,1.5540109493532568,2.8896851818135105,3.681611918150413,1.240033590286573,2.8896851818135105,3.681611918150413,1.240033590286573,6.571297099963924,4.129718772100084,4.921645508436987,7.811330690250497
105,2625,Sybil Attack,0.8,0.7452815697574542,0.2880650790484728,0.4191328505655438,0.7452815697574542,0.2880650790484728,0.4191328505655438,1.033346648805927,1.164414420322998,0.7071979296140165,1.452479499371471,2.2308138555693393,3.4294966049495508,1.4260509286254728,2.2308138555693393,3.4294966049495508,1.4260509286254728,5.66031046051889,3.656864784194812,4.855547533575024,7.086361389144362
106,2650,Wormhole Attack,0.84,0.6720758224387008,0.18049886862751358,0.561736165779665,0.6720758224387008,0.18049886862751358,0.561736165779665,0.8525746910662144,1.2338119882183658,0.7422350344071786,1.4143108568458795,1.7892849027499789,1.3572846701133316,2.701568194917283,1.7892849027499789,1.3572846701133316,2.701568194917283,3.1465695728633105,4.490853097667262,4.058852865030615,5.848137767780594
107,2675,Wormhole Attack,0.84,0.811951830922935,0.24074197316664303,0.5444025591955364,0.811951830922935,0.24074197316664303,0.5444025591955364,1.0526938040895781,1.3563543901184714,0.7851445323621794,1.5970963632851145,2.632925051407744,2.517839455198944,2.5465275182544165,2.632925051407744,2.517839455198944,2.5465275182544165,5.150764506606688,5.1794525696621605,5.06436697345336,7.697292024861104
108,2700,Blackhole Attack,0.68,0.9423007131622472,0.2777151274105832,0.47099559063062924,0.9423007131622472,0.2777151274105832,0.47099559063062924,1.2200158405728303,1.4132963037928765,0.7487107180412125,1.6910114312034596,3.4191038363288304,3.230109704313387,1.8899379029983512,3.4191038363288304,3.230109704313387,1.8899379029983512,6.649213540642217,5.309041739327181,5.120047607311738,8.539151443640568
109,2725,Blackhole Attack,0.84,0.7804262136145881,0.2570754525361266,0.514827227306594,0.7804262136145881,0.2570754525361266,0.514827227306594,1.0375016661507148,1.295253440921182,0.7719026798427207,1.5523288934573087,2.4427832482439844,2.832496174575665,2.281990565351086,2.4427832482439844,2.832496174575665,2.281990565351086,5.275279422819649,4.72477381359507,5.11448673992675,7.557269988170734
110,2750,Sybil Attack,0.84,0.8811853990287781,0.27485111300847526,0.3868350438732119,0.8811853990287781,0.27485111300847526,0.3868350438732119,1.1560365120372533,1.2680204429019901,0.6616861568816872,1.542871555910465,3.050496429958372,3.1749358276623,1.1371627633148176,3.050496429958372,3.1749358276623,1.1371627633148176,6.225432257620672,4.1876591932731895,4.312098590977118,7.36259502093549
111,2775,Flooding Attack,0.84,0.6165197083259887,0.1976749383743665,0.38683605546619737,0.6165197083259887,0.1976749383743665,0.38683605546619737,0.8141946467003551,1.003355763792186,0.5845109938405639,1.2010307021665525,1.4542069370802697,1.6881734927623517,1.1371718115218492,1.4542069370802697,1.6881734927623517,1.1371718115218492,3.1423804298426212,2.5913787486021187,2.825345304284201,4.27955224136447
112,2800,Wormhole Attack,0.72,0.7703965328831542,0.1593968861595387,0.5759569732814295,0.7703965328831542,0.1593968861595387,0.5759569732814295,0.929793419042693,1.3463535061645837,0.7353538594409682,1.5057503923241224,2.382290806152241,0.950765004246941,2.828766398422418,2.382290806152241,0.950765004246941,2.828766398422418,3.3330558103991823,5.21105720457466,3.779531402669359,6.161822208821601
113,2825,Blackhole Attack,0.92,0.7407977284334326,0.28096698579633256,0.4142088653304686,0.7407977284334326,0.28096698579633256,0.4142088653304686,1.0217647142297652,1.1550065937639011,0.6951758511268011,1.4359735795602337,2.20377027174001,3.2927552110294447,1.3820082766234918,2.20377027174001,3.2927552110294447,1.3820082766234918,5.496525482769455,3.5857785483635016,4.674763487652936,6.878533759392947
114,2850,Sybil Attack,0.8,0.8047820220216616,0.2895207545681059,0.3751264853991968,0.8047820220216616,0.2895207545681059,0.3751264853991968,1.0943027765897675,1.1799085074208584,0.6646472399673027,1.4694292619889642,2.589681476524065,3.4575395021867754,1.0324354049461206,2.589681476524065,3.4575395021867754,1.0324354049461206,6.047220978710841,3.622116881470186,4.489974907132896,7.079656383656961
115,2875,Blackhole Attack,0.8,0.9922160308844454,0.25538532807554565,0.49962390457730244,0.9922160308844454,0.25538532807554565,0.49962390457730244,1.247601358959991,1.4918399354617478,0.7550092326528481,1.7472252635372936,3.7201602256252215,2.7999367298869626,2.1460042412105804,3.7201602256252215,2.7999367298869626,2.1460042412105804,6.520096955512184,5.8661644668358015,4.945940971097543,8.666101196722764
116,2900,Sybil Attack,0.8,0.8864256372085683,0.28951066571672124,0.577009735082161,0.8864256372085683,0.28951066571672124,0.577009735082161,1.1759363029252894,1.4634353722907294,0.8665204007988823,1.7529460380074504,3.0821021024743884,3.457345145258459,2.8381828404743388,3.0821021024743884,3.457345145258459,2.8381828404743388,6.539447247732848,5.920284942948728,6.295527985732798,9.377630088207187
117,2925,Blackhole Attack,0.92,0.9182476427347396,0.2685624047695368,0.5183094821402291,0.9182476427347396,0.2685624047695368,0.5183094821402291,1.1868100475042764,1.4365571248749687,0.786871886909766,1.7051195296445054,3.2740315245647627,3.053786851450975,2.313137640433179,3.2740315245647627,3.053786851450975,2.313137640433179,6.327818376015738,5.587169164997942,5.366924491884154,8.640956016448918
118,2950,Sybil Attack,0.68,0.6971655313315848,0.22959179061562635,0.3772810922780604,0.6971655313315848,0.22959179061562635,0.3772810922780604,0.9267573219472112,1.0744466236096453,0.6068728828936867,1.3040384142252717,1.9406095363990614,2.3030364862424655,1.0517073150832383,1.9406095363990614,2.3030364862424655,1.0517073150832383,4.243646022641527,2.9923168514822995,3.3547438013257036,5.295353337724765
119,2975,Sybil Attack,0.84,0.9770021631129625,0.28261340423786646,0.4325142464351108,0.9770021631129625,0.28261340423786646,0.4325142464351108,1.259615567350829,1.4095164095480732,0.7151276506729773,1.6921298137859397,3.628400174652362,3.324472680027648,1.5457410035237351,3.628400174652362,3.324472680027648,1.5457410035237351,6.95287285468001,5.174141178176097,4.870213683551383,8.498613858203745
120,3000,Blackhole Attack,0.8,0.5161978071019134,0.21361153657376666,0.654409133791451,0.5161978071019134,0.21361153657376666,0.654409133791451,0.7298093436756801,1.1706069408933644,0.8680206703652177,1.3842184774671311,0.8491311661924553,1.9951844849712184,3.5304828007246836,0.8491311661924553,1.9951844849712184,3.5304828007246836,2.8443156511636736,4.379613966917139,5.525667285695902,6.374798451888357
121,3025,Normal Traffic,0.64,0.6976067564625767,0.2559651202754687,0.3545776949062816,0.6976067564625767,0.2559651202754687,0.3545776949062816,0.9535718767380454,1.0521844513688583,0.6105428151817502,1.308149571644327,1.9432707163907936,2.811106151136476,0.8486364726718528,1.9432707163907936,2.811106151136476,0.8486364726718528,4.754376867527269,2.7919071890626466,3.6597426238083286,5.603013340199122
122,3050,Sybil Attack,0.76,0.788760850769411,0.2970531020668581,0.3784807998033364,0.788760850769411,0.2970531020668581,0.3784807998033364,1.0858139528362691,1.1672416505727474,0.6755339018701945,1.4642947526396055,2.4930523015612724,3.602646597836644,1.0624381151399696,2.4930523015612724,3.602646597836644,1.0624381151399696,6.095698899397917,3.555490416701242,4.665084712976614,7.158137014537886
123,3075,Blackhole Attack,0.92,0.7799179762301421,0.23514854424420892,0.42869294572849265,0.7799179762301421,0.23514854424420892,0.42869294572849265,1.015066520474351,1.2086109219586347,0.6638414899727015,1.4437594662028437,2.4397178943837066,2.410084704665615,1.5115613280816462,2.4397178943837066,2.410084704665615,1.5115613280816462,4.849802599049322,3.951279222465353,3.9216460327472613,6.361363927130968
124,3100,Flooding Attack,0.76,0.729191329985719,0.278757242550228,0.43720042043813556,0.729191329985719,0.278757242550228,0.43720042043813556,1.007948572535947,1.1663917504238546,0.7159576629883635,1.4451489929740826,2.1337681046927996,3.2501855573288867,1.5876565497698436,2.1337681046927996,3.2501855573288867,1.5876565497698436,5.383953662021686,3.721424654462643,4.83784210709873,6.97161021179153
125,3125,Sybil Attack,0.88,0.8478205064102657,0.25542074587231295,0.34708481253179874,0.8478205064102657,0.25542074587231295,0.34708481253179874,1.1032412522825787,1.1949053189420644,0.6025055584041117,1.4503260648143774,2.8492613270007063,2.800619036913301,0.7816162857386386,2.8492613270007063,2.800619036913301,0.7816162857386386,5.649880363914008,3.630877612739345,3.5822353226519397,6.4314966496526464
126,3150,Wormhole Attack,0.8,0.8340984101093495,0.23687383093325332,0.4239049047916303,0.8340984101093495,0.23687383093325332,0.4239049047916303,1.0709722410426028,1.2580033149009797,0.6607787357248835,1.4948771458342331,2.7664986610607074,2.4433215329787115,1.4687346316790426,2.7664986610607074,2.4433215329787115,1.4687346316790426,5.209820194039419,4.23523329273975,3.912056164657754,6.678554825718462
127,3175,Normal Traffic,0.72,0.8952051857611879,0.2531156460295532,0.6630528588459689,0.8952051857611879,0.2531156460295532,0.6630528588459689,1.1483208317907412,1.5582580446071568,0.9161685048755221,1.8113736906367102,3.135054568921949,2.7562123836858383,3.6077967154507338,3.135054568921949,2.7562123836858383,3.6077967154507338,5.891266952607787,6.742851284372683,6.364009099136572,9.499063668058522
128,3200,Normal Traffic,0.68,0.8295741567132545,0.2504061619965611,0.4747955468381793,0.8295741567132545,0.2504061619965611,0.4747955468381793,1.0799803187098156,1.304369703551434,0.7252017088347404,1.5547758655479949,2.739211338173758,2.7040154611723315,1.923926662282139,2.739211338173758,2.7040154611723315,1.923926662282139,5.443226799346089,4.663138000455897,4.627942123454471,7.367153461628228
129,3225,Normal Traffic,0.72,0.6996908580011602,0.2125216355825732,0.41402176481060815,0.6996908580011602,0.2125216355825732,0.41402176481060815,0.9122124935837334,1.1137126228117684,0.6265434003931813,1.3262342583943414,1.9558406470807057,1.9741880602305655,1.3803347535132062,1.9558406470807057,1.9741880602305655,1.3803347535132062,3.930028707311271,3.3361754005939117,3.3545228137437717,5.310363460824477
130,3250,Blackhole Attack,0.8,0.7004665812648251,0.2100464097664733,0.4586718303712416,0.7004665812648251,0.2100464097664733,0.4586718303712416,0.9105129910312983,1.1591384116360666,0.6687182401377149,1.36918482140254,1.9605192999574022,1.9265040109602238,1.7797078640060096,1.9605192999574022,1.9265040109602238,1.7797078640060096,3.887023310917626,3.7402271639634117,3.7062118749662334,5.666731174923635
131,3275,Normal Traffic,0.64,0.9518979030130167,0.2647598380604328,0.5439780165649705,0.9518979030130167,0.2647598380604328,0.5439780165649705,1.2166577410734494,1.4958759195779872,0.8087378546254033,1.7606357576384197,3.476987777686169,2.9805322105486045,2.542730190999081,3.476987777686169,2.9805322105486045,2.542730190999081,6.457519988234774,6.01971796868525,5.523262401547686,9.000250179233856
132,3300,Blackhole Attack,0.88,0.8191886633210148,0.2987822518555007,0.4241304477429578,0.8191886633210148,0.2987822518555007,0.4241304477429578,1.1179709151765156,1.2433191110639725,0.7229126995984585,1.5421013629194733,2.6765728679724803,3.635957846927991,1.4707520036333808,2.6765728679724803,3.635957846927991,1.4707520036333808,6.312530714900472,4.147324871605861,5.106709850561372,7.783282718533853
133,3325,Wormhole Attack,0.8,0.9126956270473642,0.27040542810376883,0.553181970179377,0.9126956270473642,0.27040542810376883,0.553181970179377,1.183101055151133,1.4658775972267413,0.8235873982831459,1.73628302533051,3.240545415041016,3.089291820292316,2.62505507759584,3.240545415041016,3.089291820292316,2.62505507759584,6.329837235333332,5.865600492636856,5.714346897888156,8.954892312929172
134,3350,Sybil Attack,0.84,0.7907174170636884,0.2614666050724,0.3444488447026997,0.7907174170636884,0.2614666050724,0.3444488447026997,1.0521840221360883,1.135166261766388,0.6059154497750997,1.396632866838788,2.504853023480993,2.917089641778252,0.7580388361235499,2.504853023480993,2.917089641778252,0.7580388361235499,5.421942665259245,3.262891859604543,3.675128477901802,6.179981501382795
135,3375,Sybil Attack,0.76,0.7741084933058245,0.2785452514635333,0.3954064551032235,0.7741084933058245,0.2785452514635333,0.3954064551032235,1.0526537447693578,1.1695149484090481,0.6739517065667568,1.4480601998725813,2.40467891170893,3.2461016497689896,1.2138298660673115,2.40467891170893,3.2461016497689896,1.2138298660673115,5.650780561477919,3.618508777776241,4.459931515836301,6.864610427545231
136,3400,Normal Traffic,0.72,0.8253921635732433,0.19454008328845016,0.6000942248651486,0.8253921635732433,0.19454008328845016,0.6000942248651486,1.0199322468616934,1.425486388438392,0.7946343081535988,1.620026471726842,2.713988304198475,1.6277819990247224,3.0446623690710335,2.713988304198475,1.6277819990247224,3.0446623690710335,4.341770303223197,5.758650673269509,4.672444368095756,7.38643267229423
137,3425,Sybil Attack,0.84,0.7888629224137289,0.3151543394620298,0.28161901828850144,0.7888629224137289,0.3151543394620298,0.28161901828850144,1.1040172618757587,1.0704819407022304,0.5967733577505312,1.38563628016426,2.4936679306324705,3.9513583356471065,0.19605661075175662,2.4936679306324705,3.9513583356471065,0.19605661075175662,6.4450262662795765,2.6897245413842272,4.147414946398863,6.641082877031333
138,3450,Blackhole Attack,0.76,0.8726918740945975,0.14489903943201174,0.6880579583762227,0.8726918740945975,0.14489903943201174,0.6880579583762227,1.0175909135266092,1.5607498324708202,0.8329569978082345,1.705648871902832,2.9992690699861417,0.6714708755364829,3.831455163701351,2.9992690699861417,0.6714708755364829,3.831455163701351,3.670739945522625,6.8307242336874925,4.502926039237834,7.502195109223976
139,3475,Wormhole Attack,0.84,0.7290388878578831,0.2502050512264647,0.41002648861170093,0.7290388878578831,0.2502050512264647,0.41002648861170093,0.9792439390843477,1.139065376469584,0.6602315398381656,1.3892704276960486,2.1328486739713854,2.700141157742035,1.3445989519460473,2.1328486739713854,2.700141157742035,1.3445989519460473,4.83298983171342,3.4774476259174327,4.044740109688082,6.177588783659468
140,3500,Wormhole Attack,0.88,0.9505987529944101,0.25902796553425106,0.42285071365110694,0.9505987529944101,0.25902796553425106,0.42285071365110694,1.209626718528661,1.373449466645517,0.6818786791853579,1.6324774321797682,3.4691521586496883,2.870110409769061,1.4593054048781762,3.4691521586496883,2.870110409769061,1.4593054048781762,6.339262568418749,4.928457563527864,4.329415814647237,7.798567973296925
141,3525,Normal Traffic,0.68,0.8882243633848937,0.20200534663597933,0.4101879580109761,0.8882243633848937,0.20200534663597933,0.4101879580109761,1.090229710020873,1.2984123213958698,0.6121933046469554,1.500417668031849,3.0929508365441833,1.7715967503755898,1.3460432171543557,3.0929508365441833,1.7715967503755898,1.3460432171543557,4.864547586919773,4.438994053698539,3.1176399675299455,6.210590804074129
142,3550,Wormhole Attack,0.84,0.5298027214731714,0.257830924136296,0.4495713768534323,0.5298027214731714,0.257830924136296,0.4495713768534323,0.7876336456094675,0.9793740983266037,0.7074023009897283,1.2372050224628999,0.9311870677514273,2.847049975998753,1.6983087354119615,0.9311870677514273,2.847049975998753,1.6983087354119615,3.77823704375018,2.6294958031633886,4.545358711410715,5.476545779162142
143,3575,Sybil Attack,0.8,0.6081835810583088,0.2506386400982556,0.4704932740090264,0.6081835810583088,0.2506386400982556,0.4704932740090264,0.8588222211565644,1.0786768550673353,0.7211319141072821,1.3293154951655908,1.4039288963816166,2.708494041342015,1.885444925236665,1.4039288963816166,2.708494041342015,1.885444925236665,4.112422937723632,3.2893738216182813,4.59393896657868,5.997867862960296
144,3600,Blackhole Attack,0.88,0.8271262199438173,0.17821330740334504,0.5963752836107875,0.8271262199438173,0.17821330740334504,0.5963752836107875,1.0053395273471624,1.4235015035546048,0.7745885910141326,1.60171481095795,2.724446992504675,1.3132544190894646,3.0113982491230504,2.724446992504675,1.3132544190894646,3.0113982491230504,4.037701411594139,5.735845241627725,4.324652668212515,7.049099660717189
145,3625,Blackhole Attack,0.84,0.7742920707471816,0.24276511823380453,0.6297820398571969,0.7742920707471816,0.24276511823380453,0.6297820398571969,1.0170571889809863,1.4040741106043786,0.8725471580910015,1.6468392288381832,2.4057861301775936,2.556814383642274,3.3102054285993203,2.4057861301775936,2.556814383642274,3.3102054285993203,4.962600513819868,5.7159915587769135,5.867019812241594,8.272805942419188
146,3650,Flooding Attack,0.76,1.0023733186190162,0.2263545936095203,0.3496003311834526,1.0023733186190162,0.2263545936095203,0.3496003311834526,1.2287279122285366,1.3519736498024688,0.5759549247929728,1.5783282434119892,3.7814223092892605,2.24067342403904,0.8041163760699596,3.7814223092892605,2.24067342403904,0.8041163760699596,6.0220957333283005,4.58553868535922,3.0447898001089997,6.82621210939826
147,3675,Normal Traffic,0.68,0.6824709793296265,0.2390888193381587,0.2609639715249412,0.6824709793296265,0.2390888193381587,0.2609639715249412,0.9215597986677853,0.9434349508545677,0.5000527908631,1.1825237701927265,1.851981656823926,2.4859922321713874,0.011307267839026355,1.851981656823926,2.4859922321713874,0.011307267839026355,4.337973888995314,1.8632889246629523,2.497299500010414,4.34928115683434
148,3700,Blackhole Attack,0.76,0.8637020999698524,0.244157473108267,0.3982753754924209,0.8637020999698524,0.244157473108267,0.3982753754924209,1.1078595730781193,1.2619774754622732,0.642432848600688,1.5061349485705402,2.9450486610597992,2.5836374387364076,1.2394909629818074,2.9450486610597992,2.5836374387364076,1.2394909629818074,5.528686099796207,4.184539624041607,3.8231284017182148,6.7681770627780145
149,3725,Wormhole Attack,0.76,0.8422531777034762,0.28138439220419265,0.46200978467710513,0.8422531777034762,0.28138439220419265,0.46200978467710513,1.1236375699076688,1.3042629623805813,0.7433941768812977,1.585647354584774,2.815682859408446,3.300796347150721,1.809564241081319,2.815682859408446,3.300796347150721,1.809564241081319,6.116479206559167,4.625247100489765,5.11036058823204,7.926043447640486
150,3750,Blackhole Attack,0.76,0.9351599870284717,0.2306335277490702,0.43936019922117464,0.9351599870284717,0.2306335277490702,0.43936019922117464,1.1657935147775418,1.3745201862496463,0.6699937269702448,1.6051537139987164,3.37603566958384,2.3231050571481093,1.6069747200732523,3.37603566958384,2.3231050571481093,1.6069747200732523,5.699140726731949,4.9830103896570925,3.9300797772213616,7.306115446805201
151,3775,Flooding Attack,0.8,0.583800150034413,0.2882313416734958,0.17348217560586457,0.583800150034413,0.2882313416734958,0.17348217560586457,0.8720314917079088,0.7572823256402775,0.4617135172793604,1.0455136673137735,1.2568640666320283,3.4326995754227276,-0.7711748295333432,1.2568640666320283,3.4326995754227276,-0.7711748295333432,4.689563642054756,0.48568923709868517,2.6615247458893845,3.9183888125214126
152,3800,Normal Traffic,0.68,0.7217606719982729,0.18507147730752185,0.48295107143219895,0.7217606719982729,0.18507147730752185,0.48295107143219895,0.9068321493057947,1.204711743430472,0.6680225487397208,1.3897832207379937,2.088951259566277,1.4453738037080441,1.9968738614389048,2.088951259566277,1.4453738037080441,1.9968738614389048,3.5343250632743213,4.085825121005182,3.442247665146949,5.531198924713226
153,3825,Sybil Attack,0.8,0.9201286446198266,0.2872671119400689,0.4473496695711251,0.9201286446198266,0.2872671119400689,0.4473496695711251,1.2073957565598954,1.3674783141909517,0.7346167815111939,1.6547454261310204,3.285376491633502,3.414124147751606,1.6784366448159327,3.285376491633502,3.414124147751606,1.6784366448159327,6.699500639385109,4.963813136449435,5.092560792567539,8.377937284201042
154,3850,Normal Traffic,0.72,0.8556691517476649,0.26151496399517604,0.5095399991061139,0.8556691517476649,0.26151496399517604,0.5095399991061139,1.117184115742841,1.365209150853779,0.77105496310129,1.626724114848955,2.896599197096934,2.9180212534483125,2.234698881771281,2.896599197096934,2.9180212534483125,2.234698881771281,5.814620450545247,5.131298078868215,5.152720135219594,8.049319332316529
155,3875,Blackhole Attack,0.76,0.7519904161487047,0.2774824405231145,0.3617998698744591,0.7519904161487047,0.2774824405231145,0.3617998698744591,1.0294728566718192,1.1137902860231637,0.6392823103975735,1.3912727265462783,2.2712772075635064,3.2256271019849647,0.9132353135771918,2.2712772075635064,3.2256271019849647,0.9132353135771918,5.496904309548471,3.1845125211406984,4.138862415562157,6.410139623125663
156,3900,Blackhole Attack,0.92,0.8832213725289416,0.24683507548391365,0.3920362969417548,0.8832213725289416,0.24683507548391365,0.3920362969417548,1.1300564480128552,1.2752576694706965,0.6388713724256685,1.52209274495461,3.0627760839530365,2.6352201762693794,1.1836854411734512,3.0627760839530365,2.6352201762693794,1.1836854411734512,5.697996260222416,4.246461525126488,3.8189056174428306,6.881681701395867
157,3925,Normal Traffic,0.72,0.5783235445592981,0.2957524887979512,0.4176236264580419,0.5783235445592981,0.2957524887979512,0.4176236264580419,0.8740760333572493,0.99594717101734,0.7133761152559931,1.2916996598152912,1.223832781944729,3.577590901183506,1.4125516533461289,1.223832781944729,3.577590901183506,1.4125516533461289,4.801423683128235,2.636384435290858,4.990142554529635,6.2139753364743635
158,3950,Blackhole Attack,0.8,0.8944173117115254,0.20977206093485914,0.4402829514907408,0.8944173117115254,0.20977206093485914,0.4402829514907408,1.1041893726463845,1.3347002632022662,0.6500550124255999,1.5444723241371254,3.130302630490307,1.9212188110730626,1.6152282901292803,3.130302630490307,1.9212188110730626,1.6152282901292803,5.05152144156337,4.745530920619587,3.536447101202343,6.666749731692651
159,3975,Blackhole Attack,0.84,0.8137382436655225,0.20033795819926628,0.5190646898341896,0.8137382436655225,0.20033795819926628,0.5190646898341896,1.0140762018647889,1.3328029334997122,0.7194026480334559,1.5331408916989786,2.643699518938325,1.739475304383927,2.319892605784698,2.643699518938325,1.739475304383927,2.319892605784698,4.383174823322252,4.963592124723023,4.059367910168625,6.70306742910695
160,4000,Flooding Attack,0.76,0.8030459479092767,0.2931830011312541,0.3508583953416602,0.8030459479092767,0.2931830011312541,0.3508583953416602,1.0962289490405308,1.1539043432509368,0.6440413964729144,1.447087344382191,2.5792106185254378,3.5280909421489106,0.8153691478129392,2.5792106185254378,3.5280909421489106,0.8153691478129392,6.107301560674348,3.394579766338377,4.34346008996185,6.922670708487288
161,4025,Flooding Attack,0.8,0.6547562968787292,0.22017681505569978,0.3375172982225481,0.6547562968787292,0.22017681505569978,0.3375172982225481,0.8749331119344289,0.9922735951012773,0.5576941132782479,1.212450410156977,1.68482490795578,2.12166145550447,0.696039525628824,1.68482490795578,2.12166145550447,0.696039525628824,3.80648636346025,2.380864433584604,2.817700981133294,4.502525889089074
162,4050,Sybil Attack,0.76,0.887275201130237,0.2614970737180814,0.25076783846419126,0.887275201130237,0.2614970737180814,0.25076783846419126,1.1487722748483185,1.1380430395944283,0.5122649121822727,1.3995401133125096,3.0872261136678563,2.917676605760456,-0.07989218112797415,3.0872261136678563,2.917676605760456,-0.07989218112797415,6.004902719428312,3.0073339325398822,2.837784424632482,5.925010538300338
163,4075,Wormhole Attack,0.88,0.783786403907284,0.24459924363437685,0.47054351004351175,0.783786403907284,0.24459924363437685,0.47054351004351175,1.0283856475416608,1.2543299139507957,0.7151427536778886,1.4989291575851726,2.4630497075801325,2.5921479380194175,1.8858942621211539,2.4630497075801325,2.5921479380194175,1.8858942621211539,5.05519764559955,4.348943969701287,4.478042200140571,6.941091907720704
164,4100,Sybil Attack,0.76,0.8510342902102253,0.24922419031613496,0.560358941104535,0.8510342902102253,0.24922419031613496,0.560358941104535,1.1002584805263602,1.4113932313147601,0.80958313142067,1.6606174216308953,2.868644758599395,2.681245338350004,2.6892495903318725,2.868644758599395,2.681245338350004,2.6892495903318725,5.549890096949399,5.557894348931267,5.370494928681877,8.239139687281272
165,4125,Sybil Attack,0.72,0.8210116005236276,0.21746001749780358,0.23244133144968152,0.8210116005236276,0.21746001749780358,0.23244133144968152,1.0384716180214313,1.0534529319733092,0.4499013489474851,1.2709129494711129,2.6875676270399684,2.0693236414086282,-0.24381386901248125,2.6875676270399684,2.0693236414086282,-0.24381386901248125,4.756891268448596,2.443753758027487,1.8255097723961469,4.513077399436115
166,4150,Sybil Attack,0.76,0.6918807103543078,0.29223106137523797,0.37757272440928313,0.6918807103543078,0.29223106137523797,0.37757272440928313,0.9841117717295458,1.069453434763591,0.6698037857845212,1.361684496138829,1.9087349697509706,3.509752275053157,1.0543158225938916,1.9087349697509706,3.509752275053157,1.0543158225938916,5.418487244804128,2.963050792344862,4.5640680976470485,6.4728030673980195
167,4175,Blackhole Attack,0.84,0.7138701619335911,0.23217750178432736,0.35525014767006424,0.7138701619335911,0.23217750178432736,0.35525014767006424,0.9460476637179185,1.0691203096036554,0.5874276494543916,1.3012978113879827,2.041360888950976,2.352848983334745,0.8546512354400432,2.041360888950976,2.352848983334745,0.8546512354400432,4.394209872285721,2.896012124391019,3.207500218774788,5.248861107725764
168,4200,Sybil Attack,0.72,0.4986988091631992,0.22804463715352752,0.23595777541704346,0.4986988091631992,0.22804463715352752,0.23595777541704346,0.7267434463167267,0.7346565845802426,0.46400241257057095,0.9627012217337702,0.7435887119692012,2.2732313099083954,-0.2123609887650402,0.7435887119692012,2.2732313099083954,-0.2123609887650402,3.0168200218775967,0.531227723204161,2.060870321143355,2.8044590331125563
169,4225,Blackhole Attack,0.76,0.8380214704694615,0.2749945612477257,0.38704342565443983,0.8380214704694615,0.2749945612477257,0.38704342565443983,1.113016031717187,1.2250648961239015,0.6620379869021655,1.500059457371627,2.7901599826930825,3.1776992898335776,1.1390266369529432,2.7901599826930825,3.1776992898335776,1.1390266369529432,5.96785927252666,3.9291866196460257,4.316725926786521,7.106885909479603
170,4250,Blackhole Attack,0.84,0.9633224712560994,0.2659256174272421,0.5457881579173686,0.9633224712560994,0.2659256174272421,0.5457881579173686,1.2292480886833415,1.509110629173468,0.8117137753446106,1.7750362466007101,3.5458932644482637,3.0029903961427054,2.5589210246129124,3.5458932644482637,3.0029903961427054,2.5589210246129124,6.548883660590969,6.104814289061176,5.561911420755617,9.107804685203881
171,4275,Normal Traffic,0.68,0.7110950149069521,0.23369032901011946,0.47733163886681584,0.7110950149069521,0.23369032901011946,0.47733163886681584,0.9447853439170716,1.188426653773768,0.7110219678769353,1.4221169827838875,2.024623026071762,2.3819928810361066,1.946610771459922,2.024623026071762,2.3819928810361066,1.946610771459922,4.406615907107868,3.971233797531684,4.328603652496028,6.35322667856779
172,4300,Normal Traffic,0.68,0.8955430584324159,0.3032488348623131,0.4071967411151426,0.8955430584324159,0.3032488348623131,0.4071967411151426,1.198791893294729,1.3027397995475585,0.7104455759774557,1.6059886344098717,3.137092394805537,3.7220044463055384,1.3192882374953585,3.137092394805537,3.7220044463055384,1.3192882374953585,6.859096841111075,4.456380632300895,5.041292683800897,8.178385078606434
173,4325,Sybil Attack,0.76,0.9303524528728283,0.32655551536302924,0.48420965749572625,0.9303524528728283,0.32655551536302924,0.48420965749572625,1.2569079682358575,1.4145621103685546,0.8107651728587555,1.7411176257315837,3.3470397833436243,4.170996572234222,2.008131301371019,3.3470397833436243,4.170996572234222,2.008131301371019,7.518036355577847,5.355171084714643,6.179127873605241,9.526167656948866
174,4350,Blackhole Attack,0.84,0.658214099556713,0.19477036593229835,0.45226756284550285,0.658214099556713,0.19477036593229835,0.45226756284550285,0.8529844654890113,1.1104816624022158,0.6470379287778012,1.3052520283345141,1.7056801010435372,1.6322182847421458,1.7224248071937174,1.7056801010435372,1.6322182847421458,1.7224248071937174,3.337898385785683,3.4281049082372546,3.354643091935863,5.0603231929794
175,4375,Sybil Attack,0.72,0.7546957460949281,0.27095906976107836,0.48017156043514625,0.7546957460949281,0.27095906976107836,0.48017156043514625,1.0256548158560064,1.2348673065300744,0.7511306301962246,1.5058263762911526,2.287593979701435,3.099957463763528,1.972012488032085,2.287593979701435,3.099957463763528,1.972012488032085,5.387551443464963,4.25960646773352,5.071969951795613,7.359563931497048
176,4400,Blackhole Attack,0.84,0.6807969074039285,0.22410756118356195,0.2834705651006237,0.6807969074039285,0.22410756118356195,0.2834705651006237,0.9049044685874905,0.9642674725045521,0.5075781262841856,1.1883750336881143,1.8418847552640074,2.1973854120061502,0.21261779605564227,1.8418847552640074,2.1973854120061502,0.21261779605564227,4.039270167270158,2.0545025513196498,2.4100032080617924,4.2518879633258
177,4425,Wormhole Attack,0.84,0.7157712021779806,0.26241127393610125,0.3878556306894144,0.7157712021779806,0.26241127393610125,0.3878556306894144,0.9781824761140818,1.103626832867395,0.6502669046255156,1.3660381068034964,2.0528267142326713,2.935288238588245,1.1462914157859154,2.0528267142326713,2.935288238588245,1.1462914157859154,4.988114952820917,3.1991181300185865,4.081579654374161,6.134406368606832
178,4450,Sybil Attack,0.84,0.599944777402472,0.28477149447116507,0.2112237407330171,0.599944777402472,0.28477149447116507,0.2112237407330171,0.884716271873637,0.8111685181354891,0.4959952352041822,1.095940012606654,1.354237847742952,3.366047262978871,-0.43359489386160294,1.354237847742952,3.366047262978871,-0.43359489386160294,4.720285110721823,0.920642953881349,2.9324523691172684,4.286690216860221
179,4475,Blackhole Attack,0.84,0.9348037729304713,0.26204260039664395,0.47477121073958234,0.9348037729304713,0.26204260039664395,0.47477121073958234,1.1968463733271153,1.4095749836700537,0.7368138111362263,1.6716175840666976,3.3738872202689962,2.9281859180218524,1.9237089877217124,3.3738872202689962,2.9281859180218524,1.9237089877217124,6.302073138290849,5.297596207990709,4.851894905743565,8.225782126012561
180,4500,Flooding Attack,0.84,0.5917904651776653,0.26156258483026684,0.3840427519991767,0.5917904651776653,0.26156258483026684,0.3840427519991767,0.8533530500079322,0.975833217176842,0.6456053368294435,1.237395802007109,1.3050563958836567,2.9189386462098112,1.1121870711823425,1.3050563958836567,2.9189386462098112,1.1121870711823425,4.223995042093468,2.4172434670659992,4.031125717392154,5.33618211327581
181,4525,Blackhole Attack,0.92,0.7436231257913417,0.3134427398714065,0.42889194142061354,0.7436231257913417,0.3134427398714065,0.42889194142061354,1.0570658656627483,1.1725150672119553,0.74233468129202,1.485957807083362,2.220811211590051,3.9183851827818144,1.5133412477198172,2.220811211590051,3.9183851827818144,1.5133412477198172,6.139196394371865,3.7341524593098683,5.431726430501632,7.652537642091682
182,4550,Sybil Attack,0.84,0.85069903299989,0.34213701704073624,0.29691139492601704,0.85069903299989,0.34213701704073624,0.29691139492601704,1.1928360500406263,1.147610427925907,0.6390484119667532,1.4897474449666435,2.8666227074568815,4.471166798672948,0.3328394787692394,2.8666227074568815,4.471166798672948,0.3328394787692394,7.33778950612983,3.1994621862261208,4.804006277442188,7.67062898489907
183,4575,Wormhole Attack,0.8,0.9101419918623063,0.24549766890259692,0.43841708481569686,0.9101419918623063,0.24549766890259692,0.43841708481569686,1.155639660764903,1.3485590766780031,0.6839147537182938,1.5940567455806,3.2251435659999577,2.6094556739346113,1.5985390206193566,3.2251435659999577,2.6094556739346113,1.5985390206193566,5.834599239934569,4.823682586619315,4.2079946945539675,7.433138260553926
184,4600,Wormhole Attack,0.72,0.8822507191044902,0.28401834664998443,0.5247889894922432,0.8822507191044902,0.28401834664998443,0.5247889894922432,1.1662690657544745,1.4070397085967334,0.8088073361422277,1.6910580552467178,3.0569217404657354,3.351538228053882,2.3710936808811103,3.0569217404657354,3.351538228053882,2.3710936808811103,6.408459968519617,5.428015421346846,5.722631908934993,8.779553649400727
185,4625,Flooding Attack,0.84,0.6530541393361602,0.25104615029768695,0.25475565225023045,0.6530541393361602,0.25104615029768695,0.25475565225023045,0.9041002896338471,0.9078097915863906,0.5058018025479174,1.1588559418840776,1.6745586124143708,2.716344531709989,-0.044223127212839046,1.6745586124143708,2.716344531709989,-0.044223127212839046,4.390903144124359,1.6303354852015317,2.6721214044971497,4.34668001691152
186,4650,Normal Traffic,0.72,0.9230082103737146,0.29425242459785855,0.32930725755903945,0.9230082103737146,0.29425242459785855,0.32930725755903945,1.217260634971573,1.2523154679327542,0.623559682156898,1.5465678925306126,3.302744139645518,3.5486928771080306,0.6226047067570522,3.302744139645518,3.5486928771080306,0.6226047067570522,6.8514370167535485,3.92534884640257,4.1712975838650825,7.4740417235106005
187,4675,Blackhole Attack,0.8,0.7066507893995893,0.23325503685320656,0.5397647179650678,0.7066507893995893,0.23325503685320656,0.5397647179650678,0.9399058262527958,1.246415507364657,0.7730197548182743,1.4796705442178637,1.9978183788107358,2.373607184457548,2.5050442851409342,1.9978183788107358,2.373607184457548,2.5050442851409342,4.371425563268284,4.50286266395167,4.878651469598482,6.876469848409219
188,4700,Flooding Attack,0.84,0.840661901644213,0.259941992460654,0.3872174908171057,0.840661901644213,0.259941992460654,0.3872174908171057,1.100603894104867,1.2278793924613187,0.6471594832777597,1.4878213849219728,2.8060853280966795,2.887718704216188,1.140583565135902,2.8060853280966795,2.887718704216188,1.140583565135902,5.693804032312867,3.9466688932325815,4.02830226935209,6.834387597448769
189,4725,Blackhole Attack,0.76,0.9359198564238194,0.23220660825674325,0.47758051648402516,0.9359198564238194,0.23220660825674325,0.47758051648402516,1.1681264646805627,1.4135003729078446,0.7097871247407684,1.645706981164588,3.3806187023469163,2.353409705696211,1.9488368606463298,3.3806187023469163,2.353409705696211,1.9488368606463298,5.734028408043127,5.329455562993246,4.302246566342541,7.682865268689456
190,4750,Sybil Attack,0.84,0.7188200847642802,0.28877251714044216,0.424079943541338,0.7188200847642802,0.28877251714044216,0.424079943541338,1.0075926019047223,1.142900028305618,0.7128524606817801,1.4316725454460604,2.0712155700930794,3.4431250636597692,1.4703002681243598,2.0712155700930794,3.4431250636597692,1.4703002681243598,5.514340633752848,3.541515838217439,4.913425331784129,6.984640901877208
191,4775,Blackhole Attack,0.72,0.7691909269981627,0.15017144043152966,0.5660876384783988,0.7691909269981627,0.15017144043152966,0.5660876384783988,0.9193623674296924,1.3352785654765615,0.7162590789099285,1.485450005908091,2.3750193838471674,0.7730411756677834,2.7404900008563557,2.3750193838471674,0.7730411756677834,2.7404900008563557,3.148060559514951,5.115509384703524,3.5135311765241393,5.888550560371307
192,4800,Wormhole Attack,0.8,0.7362909735797013,0.2758136243026999,0.37554059525290834,0.7362909735797013,0.2758136243026999,0.37554059525290834,1.0121045978824013,1.1118315688326097,0.6513542195556082,1.3876451931353095,2.1765884885595543,3.193478150418688,1.036139416088902,2.1765884885595543,3.193478150418688,1.036139416088902,5.370066638978242,3.2127279046484563,4.22961756650759,6.406206055067145
193,4825,Normal Traffic,0.72,0.7822174233487195,0.2661271606850789,0.4309733209562137,0.7822174233487195,0.2661271606850789,0.4309733209562137,1.0483445840337984,1.2131907443049332,0.6971004816412927,1.479317904990012,2.4535866480747006,3.006873031243829,1.531958174902598,2.4535866480747006,3.006873031243829,1.531958174902598,5.46045967931853,3.9855448229772987,4.538831206146427,6.992417854221127
194,4850,Blackhole Attack,0.8,0.7842469846511957,0.26861105647369243,0.4240955764335785,0.7842469846511957,0.26861105647369243,0.4240955764335785,1.052858041124888,1.2083425610847742,0.6927066329072709,1.4769536175584665,2.4658276279073794,3.0547241034152015,1.470440096738757,2.4658276279073794,3.0547241034152015,1.470440096738757,5.5205517313225805,3.9362677246461364,4.5251642001539585,6.990991828061338
195,4875,Normal Traffic,0.6,0.6832596793736054,0.27567825951220304,0.41817490965642884,0.6832596793736054,0.27567825951220304,0.41817490965642884,0.9589379388858085,1.1014345890300343,0.6938531691686318,1.3771128485422373,1.8567385771103937,3.1908704120468845,1.4174826133108624,1.8567385771103937,3.1908704120468845,1.4174826133108624,5.047608989157278,3.2742211904212564,4.608353025357747,6.46509160246814
196,4900,Flooding Attack,0.92,0.6879805674279599,0.31537600818216177,0.3196537186385798,0.6879805674279599,0.31537600818216177,0.3196537186385798,1.0033565756101217,1.0076342860665397,0.6350297268207415,1.3230102942487014,1.8852118710164114,3.9556286782169496,0.5362584983580555,1.8852118710164114,3.9556286782169496,0.5362584983580555,5.840840549233361,2.421470369374467,4.4918871765750055,6.377099047591416
197,4925,Sybil Attack,0.8,0.6550263281432885,0.22662688397490924,0.4201210429019671,0.6550263281432885,0.22662688397490924,0.4201210429019671,0.8816532121181978,1.0751473710452557,0.6467479268768763,1.301774255020165,1.6864535590635987,2.245918968552431,1.4348898282375373,1.6864535590635987,2.245918968552431,1.4348898282375373,3.9323725276160295,3.121343387301136,3.680808796789968,5.367262355853567
198,4950,Normal Traffic,0.68,0.7730987834729734,0.2783743900826886,0.4636938290083681,0.7730987834729734,0.2783743900826886,0.4636938290083681,1.051473173555662,1.2367926124813415,0.7420682190910567,1.51516700256403,2.3985890056362686,3.242810086449957,1.824627198197719,2.3985890056362686,3.242810086449957,1.824627198197719,5.641399092086226,4.223216203833988,5.067437284647676,7.466026290283945
199,4975,Blackhole Attack,0.76,0.8058505370889604,0.1416292966706895,0.519105563199947,0.8058505370889604,0.1416292966706895,0.519105563199947,0.9474798337596498,1.3249561002889074,0.6607348598706365,1.466585396959597,2.5961260571207485,0.6084808348225815,2.3202581981531276,2.5961260571207485,0.6084808348225815,2.3202581981531276,3.20460689194333,4.916384255273876,2.928739032975709,5.5248650900964575
200,5000,Sybil Attack,0.88,0.7286177922263616,0.2532644353865593,0.4542489982337079,0.7286177922263616,0.2532644353865593,0.4542489982337079,0.9818822276129209,1.1828667904600696,0.7075134336202672,1.4361312258466288,2.1303089018901997,2.7590787399529035,1.7401477826091367,2.1303089018901997,2.7590787399529035,1.7401477826091367,4.889387641843103,3.870456684499336,4.49922652256204,6.62953542445224
201,5025,Sybil Attack,0.8,0.6250275237372496,0.2533285949026305,0.2782697206728864,0.6250275237372496,0.2533285949026305,0.2782697206728864,0.8783561186398801,0.9032972444101359,0.5315983155755168,1.1566258393127664,1.5055204878177284,2.760314742545314,0.16609877329017758,1.5055204878177284,2.760314742545314,0.16609877329017758,4.2658352303630425,1.671619261107906,2.9264135158354914,4.43193400365322
202,5050,Wormhole Attack,0.8,0.6754323016438848,0.1671508006437712,0.5209554685448899,0.6754323016438848,0.1671508006437712,0.5209554685448899,0.842583102287656,1.1963877701887746,0.6881062691886611,1.3635385708325458,1.8095289792453937,1.1001404825969268,2.336804701331803,1.8095289792453937,1.1001404825969268,2.336804701331803,2.9096694618423204,4.146333680577197,3.4369451839287297,5.246474163174124
203,5075,Normal Traffic,0.64,0.7484468727902971,0.2907965208255572,0.3288946622990785,0.7484468727902971,0.2907965208255572,0.3288946622990785,1.0392433936158543,1.0773415350893756,0.6196911831246357,1.3681380559149328,2.249904883045116,3.4821165329700112,0.6189142429183948,2.249904883045116,3.4821165329700112,0.6189142429183948,5.732021416015128,2.868819125963511,4.101030775888406,6.350935658933523
204,5100,Blackhole Attack,0.88,0.5676991883462625,0.24919377406712176,0.4079087990573558,0.5676991883462625,0.24919377406712176,0.4079087990573558,0.8168929624133843,0.9756079874036183,0.6571025731244775,1.22480176147074,1.1597536482027289,2.6806593837647177,1.3256572493134176,1.1597536482027289,2.6806593837647177,1.3256572493134176,3.8404130319674463,2.4854108975161466,4.006316633078136,5.166070281280864
205,5125,Blackhole Attack,0.8,0.6698370500380199,0.2882061256765931,0.3992200088266292,0.6698370500380199,0.2882061256765931,0.3992200088266292,0.958043175714613,1.069057058864649,0.6874261345032223,1.3572631845412422,1.7757820990784383,3.432213801223506,1.2479402485141131,1.7757820990784383,3.432213801223506,1.2479402485141131,5.2079959003019445,3.0237223475925514,4.680154049737619,6.455936148816058
206,5150,Normal Traffic,0.68,0.67906873957662,0.2260124556953643,0.4974734718064375,0.67906873957662,0.2260124556953643,0.4974734718064375,0.9050811952719843,1.1765422113830575,0.7234859275018017,1.4025546670784217,1.8314615827804968,2.234082299685961,2.126769666438462,1.8314615827804968,2.234082299685961,2.126769666438462,4.065543882466457,3.958231249218959,4.360851966124423,6.192313548904919
207,5175,Normal Traffic,0.76,0.832745558890897,0.3115597731091617,0.34469585276887493,0.832745558890897,0.3115597731091617,0.34469585276887493,1.1443053320000587,1.177441411659772,0.6562556258780367,1.4890011847689335,2.758339151682258,3.882110722778497,0.7602482030856488,2.758339151682258,3.882110722778497,0.7602482030856488,6.640449874460755,3.5185873547679067,4.642358925864146,7.400698077546403
208,5200,Blackhole Attack,0.8,0.8617347016352346,0.27042905733122485,0.457003669898586,0.8617347016352346,0.27042905733122485,0.457003669898586,1.1321637589664595,1.3187383715338206,0.7274327272298109,1.5891674288650455,2.9331826073921823,3.089747026132084,1.7647869802760425,2.9331826073921823,3.089747026132084,1.7647869802760425,6.022929633524266,4.697969587668225,4.854534006408127,7.787716613800309
209,5225,Sybil Attack,0.8,0.8147520502047992,0.32568961881581665,0.2863720662473062,0.8147520502047992,0.32568961881581665,0.2863720662473062,1.1404416690206158,1.1011241164521055,0.6120616850631229,1.426813735267922,2.6498141336515553,4.154315486673568,0.23857031199261095,2.6498141336515553,4.154315486673568,0.23857031199261095,6.8041296203251225,2.8883844456441663,4.392885798666178,7.042699932317733
210,5250,Blackhole Attack,0.96,0.74755694090923,0.2858002486642702,0.4759095484315425,0.74755694090923,0.2858002486642702,0.4759095484315425,1.0333571895735,1.2234664893407725,0.7617097970958127,1.5092667380050426,2.24453739885269,3.385865723707593,1.9338908644809292,2.24453739885269,3.385865723707593,1.9338908644809292,5.630403122560283,4.178428263333619,5.319756588188522,7.5642939870412125
211,5275,Blackhole Attack,0.84,0.7648499824907797,0.20525923078834385,0.6101097366604993,0.7648499824907797,0.20525923078834385,0.6101097366604993,0.9701092132791236,1.374959719151279,0.8153689674488431,1.5802189499396229,2.348837659695835,1.8342812825229675,3.1342462487062104,2.348837659695835,1.8342812825229675,3.1342462487062104,4.183118942218803,5.483083908402046,4.968527531229178,7.317365190925013
212,5300,Sybil Attack,0.88,0.8189709972229239,0.32041988055773346,0.2842764226932697,0.8189709972229239,0.32041988055773346,0.2842764226932697,1.1393908777806574,1.1032474199161935,0.6046963032510031,1.423667300473927,2.6752600491314147,4.052796482990835,0.21982580010554076,2.6752600491314147,4.052796482990835,0.21982580010554076,6.728056532122249,2.8950858492369553,4.272622283096376,6.94788233222779
213,5325,Sybil Attack,0.88,0.799909716020268,0.31276465744446624,0.32629053862476615,0.799909716020268,0.31276465744446624,0.32629053862476615,1.1126743734647342,1.126200254645034,0.6390551960692323,1.4389649120895003,2.560294929082049,3.9053222470103552,0.5956216237730599,2.560294929082049,3.9053222470103552,0.5956216237730599,6.465617176092405,3.1559165528551087,4.5009438707834155,7.061238799865465
214,5350,Blackhole Attack,0.84,0.8538907595957328,0.18115734901347144,0.49858725335321363,0.8538907595957328,0.18115734901347144,0.49858725335321363,1.0350481086092043,1.3524780129489464,0.6797446023666851,1.533635361962418,2.885873104497595,1.3699699818789637,2.1367319004276024,2.885873104497595,1.3699699818789637,2.1367319004276024,4.255843086376559,5.022605004925198,3.506701882306566,6.392574986804162
215,5375,Normal Traffic,0.6,0.7715514884341943,0.2535648820476989,0.40657708399531406,0.7715514884341943,0.2535648820476989,0.40657708399531406,1.0251163704818933,1.1781285724295083,0.660141966043013,1.4316934544772073,2.389256738933218,2.764866702125771,1.3137457060728934,2.389256738933218,2.764866702125771,1.3137457060728934,5.154123441058989,3.7030024450061116,4.078612408198664,6.467869147131882
216,5400,Flooding Attack,0.76,0.6622728412548956,0.27917829496572966,0.23251944176334705,0.6622728412548956,0.27917829496572966,0.23251944176334705,0.9414511362206253,0.8947922830182427,0.5116977367290767,1.1739705779839724,1.7301597633296126,3.258296932055017,-0.2431152102638662,1.7301597633296126,3.258296932055017,-0.2431152102638662,4.988456695384629,1.4870445530657463,3.0151817217911505,4.745341485120763
217,5425,Sybil Attack,0.84,0.7735995832935965,0.31941878976000443,0.5015088613459403,0.7735995832935965,0.31941878976000443,0.5015088613459403,1.093018373053601,1.2751084446395367,0.8209276511059447,1.5945272343995414,2.4016095009999594,4.033510944430069,2.1628642623187933,2.4016095009999594,4.033510944430069,2.1628642623187933,6.435120445430028,4.564473763318753,6.196375206748862,8.597984707748822
218,5450,Wormhole Attack,0.8,0.8134459033644466,0.26772854775548677,0.555692220868597,0.8134459033644466,0.26772854775548677,0.555692220868597,1.0811744511199333,1.3691381242330436,0.8234207686240838,1.6368666719885303,2.641936314385014,3.037722992273459,2.64750804856649,2.641936314385014,3.037722992273459,2.64750804856649,5.679659306658473,5.289444362951504,5.685231040839949,8.327167355224963
219,5475,Wormhole Attack,0.84,0.8549277534789144,0.21225662713687848,0.5020998478468229,0.8549277534789144,0.21225662713687848,0.5020998478468229,1.0671843806157928,1.3570276013257372,0.7143564749837015,1.5692842284626156,2.89212757002921,1.9690827984401587,2.168150349005413,2.89212757002921,1.9690827984401587,2.168150349005413,4.861210368469369,5.060277919034623,4.1372331474455715,7.029360717474781
220,5500,Flooding Attack,0.8,0.7000992466770196,0.29339370885722643,0.3949700883630467,0.7000992466770196,0.29339370885722643,0.3949700883630467,0.993492955534246,1.0950693350400664,0.6883637972202732,1.3884630438972927,1.9583037791570765,3.532150126374266,1.2099267779049137,1.9583037791570765,3.532150126374266,1.2099267779049137,5.490453905531343,3.16823055706199,4.7420769042791795,6.700380683436256
221,5525,Sybil Attack,0.92,1.020738194508767,0.29411079290344505,0.3474527955462993,1.020738194508767,0.29411079290344505,0.3474527955462993,1.314848987412212,1.3681909900550664,0.6415635884497444,1.6623017829585114,3.892187170208616,3.545964409809925,0.7849077147491973,3.892187170208616,3.545964409809925,0.7849077147491973,7.438151580018541,4.677094884957813,4.330872124559122,8.223059294767738
222,5550,Sybil Attack,0.84,0.7500718752050082,0.28222397639861824,0.45001093831678834,0.7500718752050082,0.28222397639861824,0.45001093831678834,1.0322958516036265,1.2000828135217965,0.7322349147154066,1.4823067899204148,2.2597058295660526,3.3169705377369647,1.7022403988187014,2.2597058295660526,3.3169705377369647,1.7022403988187014,5.576676367303017,3.961946228384754,5.019210936555666,7.278916766121719
223,5575,Wormhole Attack,0.8,0.5610296943935343,0.21594996805256744,0.42027946174539366,0.5610296943935343,0.21594996805256744,0.42027946174539366,0.7769796624461018,0.981309156138928,0.6362294297979612,1.1972591241914956,1.119527644253053,2.0402332563298446,1.4363068077081278,1.119527644253053,2.0402332563298446,1.4363068077081278,3.1597609005828975,2.555834451961181,3.476540064037972,4.5960677082910255
224,5600,Normal Traffic,0.68,0.7120157461684251,0.2560571721562915,0.3855354270935559,0.7120157461684251,0.2560571721562915,0.3855354270935559,0.9680729183247165,1.097551173261981,0.6415925992498475,1.3536083454182726,2.0301762718836804,2.8128794868830695,1.125538323591767,2.0301762718836804,2.8128794868830695,1.125538323591767,4.84305575876675,3.1557145954754473,3.938417810474837,5.968594082358518
225,5625,Normal Traffic,0.68,0.9271988368093889,0.2392253088915845,0.4741463886552984,0.9271988368093889,0.2392253088915845,0.4741463886552984,1.1664241457009734,1.4013452254646872,0.7133716975468829,1.6405705343562718,3.328019243985944,2.488621638566597,1.9181202582053758,3.328019243985944,2.488621638566597,1.9181202582053758,5.816640882552541,5.24613950219132,4.4067418967719725,7.734761140757916
226,5650,Wormhole Attack,0.84,0.8782827802451029,0.2739324620306059,0.5700819615851185,0.8782827802451029,0.2739324620306059,0.5700819615851185,1.1522152422757088,1.4483647418302215,0.8440144236157243,1.7222972038608273,3.0329897412224502,3.157238453060741,2.7762172774776555,3.0329897412224502,3.157238453060741,2.7762172774776555,6.190228194283192,5.809207018700105,5.933455730538396,8.966445471760847
227,5675,Blackhole Attack,0.68,0.8789111148368384,0.2999160440271858,0.4962396846289331,0.8789111148368384,0.2999160440271858,0.4962396846289331,1.1788271588640242,1.3751507994657715,0.7961557286561189,1.6750668434929574,3.0367794425023398,3.6577998144063946,2.115734040475115,3.0367794425023398,3.6577998144063946,2.115734040475115,6.694579256908734,5.152513482977454,5.77353385488151,8.81031329738385
228,5700,Blackhole Attack,0.68,0.8811940490801895,0.21228703701296395,0.6311064383945593,0.8811940490801895,0.21228703701296395,0.6311064383945593,1.0934810860931534,1.5123004874747488,0.8433934754075232,1.7245875244877127,3.050548601383176,1.9696686302540207,3.322051529086681,3.050548601383176,1.9696686302540207,3.322051529086681,5.020217231637197,6.372600130469857,5.291720159340702,8.34226876072388
229,5725,Sybil Attack,0.8,0.7331650742778446,0.27789813037850997,0.3280458956145794,0.7331650742778446,0.27789813037850997,0.3280458956145794,1.0110632046563546,1.0612109698924241,0.6059440259930894,1.3391091002709339,2.157735118490699,3.233635169538612,0.6113224379206902,2.157735118490699,3.233635169538612,0.6113224379206902,5.391370288029311,2.7690575564113895,3.8449576074593024,6.002692725950001
230,5750,Flooding Attack,0.84,0.7179213449258101,0.28509738509326926,0.2396162855671196,0.7179213449258101,0.28509738509326926,0.2396162855671196,1.0030187300190794,0.9575376304929297,0.5247136706603889,1.242635015586199,2.065794962090693,3.3723253909702975,-0.1796373956401598,2.065794962090693,3.3723253909702975,-0.1796373956401598,5.43812035306099,1.886157566450533,3.1926879953301377,5.25848295742083
231,5775,Sybil Attack,0.72,0.7573189179995761,0.308500766441866,0.24388282208785358,0.7573189179995761,0.308500766441866,0.24388282208785358,1.065819684441442,1.0012017400874296,0.5523835885297196,1.3097025065292955,2.303415228531548,3.8231804127870377,-0.1414753024848257,2.303415228531548,3.8231804127870377,-0.1414753024848257,6.126595641318586,2.1619399260467222,3.681705110302212,5.98512033883376
232,5800,Blackhole Attack,0.92,0.8489493689350904,0.19505213527103238,0.6420445169525806,0.8489493689350904,0.19505213527103238,0.6420445169525806,1.0440015042061228,1.490993885887671,0.837096652223613,1.6860460211587034,2.8560698837973826,1.6376464371731978,3.4198873195089705,2.8560698837973826,1.6376464371731978,3.4198873195089705,4.493716320970581,6.275957203306353,5.057533756682169,7.913603640479551
233,5825,Normal Traffic,0.72,0.821194090115956,0.20578111663718696,0.5405777390391295,0.821194090115956,0.20578111663718696,0.5405777390391295,1.026975206753143,1.3617718291550855,0.7463588556763165,1.5675529457922726,2.6886682843182874,1.8443351654325033,2.512316363046471,2.6886682843182874,1.8443351654325033,2.512316363046471,4.53300344975079,5.200984647364758,4.356651528478974,7.045319812797262
234,5850,Normal Traffic,0.56,0.7433854625436462,0.2864958453325142,0.3609975296082719,0.7433854625436462,0.2864958453325142,0.3609975296082719,1.0298813078761604,1.1043829921519182,0.6474933749407861,1.3908788374844323,2.219377783085842,3.399266063016067,0.9060587703009974,2.219377783085842,3.399266063016067,0.9060587703009974,5.618643846101909,3.1254365533868396,4.305324833317064,6.524702616402906
235,5875,Flooding Attack,0.8,0.6677065898697728,0.2770448630366615,0.3699249007000345,0.6677065898697728,0.2770448630366615,0.3699249007000345,0.9447514529064343,1.0376314905698072,0.646969763736696,1.3146763536064687,1.7629325636039401,3.217197379618666,0.9859097608129621,1.7629325636039401,3.217197379618666,0.9859097608129621,4.980129943222606,2.748842324416902,4.203107140431628,5.966039704035568
236,5900,Blackhole Attack,0.72,0.8062021622052141,0.2305791562864694,0.4837845235153781,0.8062021622052141,0.2305791562864694,0.4837845235153781,1.0367813184916836,1.2899866857205922,0.7143636798018476,1.5205658420070618,2.598246828713838,2.3220576167551186,2.004328684779622,2.598246828713838,2.3220576167551186,2.004328684779622,4.920304445468957,4.60257551349346,4.326386301534741,6.924633130248578
237,5925,Blackhole Attack,0.76,0.6405017979044689,0.26917877514644606,0.4902919452614165,0.6405017979044689,0.26917877514644606,0.4902919452614165,0.909680573050915,1.1307937431658854,0.7594707204078626,1.3999725183123315,1.5988511390156812,3.065660933900402,2.062534405899441,1.5988511390156812,3.065660933900402,2.062534405899441,4.664512072916083,3.661385544915122,5.128195339799843,6.727046478815524
238,5950,Blackhole Attack,0.84,0.8079294585476796,0.3147349738922682,0.3393154644909601,0.8079294585476796,0.3147349738922682,0.3393154644909601,1.1226644324399477,1.1472449230386397,0.6540504383832283,1.461979896930908,2.608664744973565,3.9432794572026717,0.7121232479432678,2.608664744973565,3.9432794572026717,0.7121232479432678,6.551944202176237,3.320787992916833,4.6554027051459395,7.264067450119505
239,5975,Sybil Attack,0.96,0.6960065210485412,0.272982968607031,0.3965460054459175,0.6960065210485412,0.272982968607031,0.3965460054459175,0.9689894896555722,1.0925525264944587,0.6695289740529484,1.3655354951014897,1.9336191481396412,3.138946913397119,1.2240225893972883,1.9336191481396412,3.138946913397119,1.2240225893972883,5.07256606153676,3.1576417375369292,4.3629695027944075,6.296588650934048
240,6000,Wormhole Attack,0.72,0.7534204149591335,0.22698879447841236,0.32974227326760214,0.7534204149591335,0.22698879447841236,0.32974227326760214,0.9804092094375458,1.0831626882267356,0.5567310677460144,1.310151482705148,2.279902020510943,2.25289100244455,0.6264957105990507,2.279902020510943,2.25289100244455,0.6264957105990507,4.532793022955493,2.906397731109994,2.8793867130436004,5.159288733554544
241,6025,Wormhole Attack,0.76,0.8077267018998165,0.30080707446981503,0.25709251465009153,0.8077267018998165,0.30080707446981503,0.25709251465009153,1.1085337763696317,1.0648192165499082,0.5578995891199066,1.3656262910197232,2.6074418501369294,3.674965092520152,-0.023321030122772476,2.6074418501369294,3.674965092520152,-0.023321030122772476,6.282406942657081,2.584120820014157,3.6516440623973794,6.259085912534308
242,6050,Wormhole Attack,0.84,0.7588272399669057,0.256983123285322,0.37409328701908723,0.7588272399669057,0.256983123285322,0.37409328701908723,1.0158103632522277,1.132920526985993,0.6310764103044093,1.389903650271315,2.312512435282949,2.8307174954281606,1.0231939481724426,2.312512435282949,2.8307174954281606,1.0231939481724426,5.14322993071111,3.335706383455392,3.8539114436006034,6.166423878883553
243,6075,Wormhole Attack,0.8,0.8931399898581701,0.2000296288907704,0.48588385038819165,0.8931399898581701,0.2000296288907704,0.48588385038819165,1.0931696187489406,1.3790238402463617,0.6859134792789621,1.5790534691371323,3.1225986645999027,1.7335354867550958,2.0231061421609136,3.1225986645999027,1.7335354867550958,2.0231061421609136,4.856134151354999,5.145704806760817,3.756641628916009,6.879240293515912
244,6100,Blackhole Attack,0.8,0.7779682899294675,0.32121985987478974,0.3820765738038476,0.7779682899294675,0.32121985987478974,0.3820765738038476,1.0991881498042573,1.1600448637333152,0.7032964336786374,1.481264723608105,2.4279586680634724,4.068207704432388,1.0946005639333132,2.4279586680634724,4.068207704432388,1.0946005639333132,6.4961663724958605,3.5225592319967856,5.162808268365701,7.590766936429174
245,6125,Wormhole Attack,0.84,0.6411175385695209,0.2863445977431274,0.32334918962304987,0.6411175385695209,0.2863445977431274,0.32334918962304987,0.9274621363126483,0.9644667281925707,0.6096937873661773,1.250811325935698,1.6025648820072653,3.39635235007019,0.5693126881620891,1.6025648820072653,3.39635235007019,0.5693126881620891,4.9989172320774555,2.1718775701693547,3.965665038232279,5.568229920239545
246,6150,Wormhole Attack,0.88,0.849569502746218,0.1753523974676113,0.6379998319205813,0.849569502746218,0.1753523974676113,0.6379998319205813,1.0249219002138292,1.4875693346667993,0.8133522293881926,1.6629217321344105,2.8598101233586677,1.258140348508023,3.3837095799712835,2.8598101233586677,1.258140348508023,3.3837095799712835,4.11795047186669,6.243519703329952,4.641849928479306,7.501660051837973
247,6175,Normal Traffic,0.64,0.6804531184650007,0.21368049707738293,0.523843602203227,0.6804531184650007,0.21368049707738293,0.523843602203227,0.8941336155423836,1.2042967206682276,0.7375240992806099,1.4179772177456105,1.8398112463421634,1.996512976307547,2.36263765158991,1.8398112463421634,1.996512976307547,2.36263765158991,3.8363242226497105,4.202448897932073,4.359150627897457,6.19896187423962
248,6200,Blackhole Attack,0.8,0.8809716510514741,0.2155290174080245,0.44395079511634156,0.8809716510514741,0.2155290174080245,0.44395079511634156,1.0965006684594987,1.3249224461678157,0.659479812524366,1.5404514635758402,3.0492072426466796,2.032123842172879,1.6480353666512209,3.0492072426466796,2.032123842172879,1.6480353666512209,5.081331084819558,4.6972426092979,3.6801592088241,6.729366451470779
249,6225,Sybil Attack,0.76,0.7803724278474404,0.32279102803475385,0.13162485715595348,0.7803724278474404,0.32279102803475385,0.13162485715595348,1.1031634558821943,0.9119972850033939,0.4544158851907073,1.2347883130381478,2.4424588478476346,4.098475512510508,-1.1455681760230148,2.4424588478476346,4.098475512510508,-1.1455681760230148,6.540934360358143,1.2968906718246198,2.9529073364874936,5.395366184335129
250,6250,Blackhole Attack,0.72,0.7572972176673879,0.13911262337001068,0.6286007158245756,0.7572972176673879,0.13911262337001068,0.6286007158245756,0.8964098410373986,1.3858979334919634,0.7677133391945863,1.5250105568619743,2.3032843463904897,0.5599983194551522,3.299639059939296,2.3032843463904897,0.5599983194551522,3.299639059939296,2.863282665845642,5.602923406329786,3.8596373793944485,6.162921725784939
251,6275,Sybil Attack,0.72,0.746289982077101,0.2802036834887106,0.3418202788680709,0.746289982077101,0.2802036834887106,0.3418202788680709,1.0264936655658117,1.0881102609451718,0.6220239623567816,1.3683139444338825,2.2368959358951517,3.2780505547479586,0.7345275937473156,2.2368959358951517,3.2780505547479586,0.7345275937473156,5.51494649064311,2.9714235296424674,4.012578148495274,6.2494740843904255
252,6300,Normal Traffic,0.68,0.7821530072645354,0.2553485611537881,0.5322259584900539,0.7821530072645354,0.2553485611537881,0.5322259584900539,1.0375015684183235,1.3143789657545892,0.7875745196438421,1.5697275269083775,2.4531981325928403,2.7992284326087096,2.4376137498664714,2.4531981325928403,2.7992284326087096,2.4376137498664714,5.252426565201549,4.890811882459312,5.236842182475181,7.690040315068021
253,6325,Blackhole Attack,0.92,0.6159669136939397,0.27588574080975486,0.5021505221705507,0.6159669136939397,0.27588574080975486,0.5021505221705507,0.8918526545036947,1.1181174358644905,0.7780362629803055,1.3940031766742453,1.450872843188024,3.194867440661722,2.168603606173911,1.450872843188024,3.194867440661722,2.168603606173911,4.645740283849746,3.619476449361935,5.363471046835633,6.8143438900236575
254,6350,Normal Traffic,0.72,0.6139703986372366,0.29857689445602625,0.3071562341770788,0.6139703986372366,0.29857689445602625,0.3071562341770788,0.9125472930932628,0.9211266328143154,0.6057331286331051,1.2197035272703416,1.4388311765899642,3.632001734200467,0.42447458090899226,1.4388311765899642,3.632001734200467,0.42447458090899226,5.070832910790431,1.8633057574989564,4.056476315109459,5.495307491699423
255,6375,Blackhole Attack,0.76,0.8796794256771697,0.2084651866352414,0.4868528892902068,0.8796794256771697,0.2084651866352414,0.4868528892902068,1.0881446123124112,1.3665323149673765,0.6953180759254483,1.574997501602618,3.041413388513357,1.896042498638141,2.031773723621926,3.041413388513357,1.896042498638141,2.031773723621926,4.937455887151498,5.073187112135283,3.927816222260067,6.969229610773424
256,6400,Blackhole Attack,0.84,0.5792838533129654,0.22088146547668097,0.5289100862789075,0.5792838533129654,0.22088146547668097,0.5289100862789075,0.8001653187896464,1.1081939395918727,0.7497915517555884,1.3290754050685538,1.22962473317697,2.135236211057633,2.4079548863836417,1.22962473317697,2.135236211057633,2.4079548863836417,3.364860944234603,3.637579619560612,4.543191097441275,5.772815830618245
257,6425,Blackhole Attack,0.84,0.9572572056446115,0.29088646161770604,0.36065337562833194,0.9572572056446115,0.29088646161770604,0.36065337562833194,1.2481436672623176,1.3179105812729435,0.6515398372460379,1.6087970428906495,3.509311568719498,3.4838491995963623,0.9029804804097886,3.509311568719498,3.4838491995963623,0.9029804804097886,6.99316076831586,4.412292049129286,4.386829680006151,7.896141248725649
258,6450,Wormhole Attack,0.84,0.5688902827363463,0.20056261884896928,0.6627674180535517,0.5688902827363463,0.20056261884896928,0.6627674180535517,0.7694529015853157,1.231657700789898,0.863330036902521,1.4322203196388674,1.1669375467083043,1.7438032850553733,3.605243586453098,1.1669375467083043,1.7438032850553733,3.605243586453098,2.9107408317636776,4.772181133161402,5.349046871508471,6.515984418216775
259,6475,Blackhole Attack,0.88,0.8213766265610251,0.24055917830061035,0.5147379724790883,0.8213766265610251,0.24055917830061035,0.5147379724790883,1.0619358048616354,1.3361145990401133,0.7552971507796986,1.5766737773407238,2.689769224181544,2.5143179989578313,2.281192224348897,2.689769224181544,2.5143179989578313,2.281192224348897,5.204087223139375,4.970961448530441,4.795510223306728,7.4852794474882725
260,6500,Wormhole Attack,0.76,0.8639626998220364,0.24175412893254283,0.4236007195231774,0.8639626998220364,0.24175412893254283,0.4236007195231774,1.1057168287545793,1.287563419345214,0.6653548484557202,1.5293175482777568,2.9466204280870345,2.537338155114119,1.4660138424640043,2.9466204280870345,2.537338155114119,1.4660138424640043,5.4839585832011535,4.412634270551039,4.0033519975781235,6.949972425665158
261,6525,Blackhole Attack,0.76,0.8993516525392368,0.2350414844411569,0.6307136759637976,0.8993516525392368,0.2350414844411569,0.6307136759637976,1.1343931369803937,1.5300653285030343,0.8657551604049545,1.7651068129441914,3.1600633312318336,2.4080222484281277,3.318538460254901,3.1600633312318336,2.4080222484281277,3.318538460254901,5.568085579659961,6.478601791486735,5.726560708683029,8.886624039914862
262,6550,Wormhole Attack,0.8,0.7618977955638133,0.20462319870214013,0.4796399742296424,0.7618977955638133,0.20462319870214013,0.4796399742296424,0.9665209942659534,1.2415377697934558,0.6842631729317825,1.4461609684955958,2.331032008498602,1.8220284265860318,1.9672577080844758,2.331032008498602,1.8220284265860318,1.9672577080844758,4.153060435084633,4.298289716583078,3.7892861346705073,6.120318143169109
263,6575,Normal Traffic,0.68,0.9133401269993485,0.18406932116803162,0.582047349000449,0.9133401269993485,0.18406932116803162,0.582047349000449,1.0974094481673802,1.4953874759997974,0.7661166701684806,1.6794567971678291,3.2444326151491265,1.426067741844435,2.8832418457579125,3.2444326151491265,1.426067741844435,2.8832418457579125,4.6705003569935615,6.1276744609070395,4.309309587602348,7.553742202751474
264,6600,Blackhole Attack,0.84,0.9005256418264748,0.2517099825338805,0.5054021078616233,0.9005256418264748,0.2517099825338805,0.5054021078616233,1.1522356243603553,1.405927749688098,0.7571120903955038,1.6576377322219786,3.1671440629994954,2.729132944327537,2.1976874580153853,3.1671440629994954,2.729132944327537,2.1976874580153853,5.896277007327033,5.364831521014881,4.926820402342923,8.093964465342419
265,6625,Normal Traffic,0.72,0.9391539330842519,0.2766939432944183,0.25415373214562986,0.9391539330842519,0.2766939432944183,0.25415373214562986,1.2158478763786702,1.1933076652298817,0.5308476754400482,1.4700016085243002,3.4001245271423484,3.2104370775200786,-0.049607009664613844,3.4001245271423484,3.2104370775200786,-0.049607009664613844,6.610561604662427,3.3505175174777344,3.1608300678554646,6.560954594997813
266,6650,Normal Traffic,0.72,0.8721866743043034,0.19679421191714752,0.40957221184934456,0.8721866743043034,0.19679421191714752,0.40957221184934456,1.068980886221451,1.281758886153648,0.6063664237664921,1.4785530980707955,2.996222036897307,1.6712067160316957,1.3405356673499587,2.996222036897307,1.6712067160316957,1.3405356673499587,4.667428752929003,4.336757704247265,3.0117423833816543,6.007964420278961
267,6675,Normal Traffic,0.72,0.9195075353437698,0.26011631753231235,0.2791845315607186,0.9195075353437698,0.26011631753231235,0.2791845315607186,1.179623852876082,1.1986920669044885,0.5393008490930309,1.4588083844368007,3.2816303687088957,2.89107699389301,0.1742813115507337,3.2816303687088957,2.89107699389301,0.1742813115507337,6.172707362601906,3.4559116802596295,3.065358305443744,6.346988674152639
268,6700,Normal Traffic,0.72,0.9001321463106247,0.25684001309366444,0.6218632834858685,0.9001321463106247,0.25684001309366444,0.6218632834858685,1.156972159404289,1.521995429796493,0.8787032965795329,1.7788354428901574,3.164770756675664,2.82796054558314,3.239376005987219,3.164770756675664,2.82796054558314,3.239376005987219,5.992731302258804,6.404146762662883,6.067336551570359,9.232107308246023
269,6725,Blackhole Attack,0.8,0.8240913666745798,0.2744147377476457,0.5106240383842999,0.8240913666745798,0.2744147377476457,0.5106240383842999,1.0985061044222255,1.3347154050588799,0.7850387761319456,1.6091301428065254,2.706142752263915,3.166529265601412,2.2443950856399546,2.706142752263915,3.166529265601412,2.2443950856399546,5.872672017865327,4.95053783790387,5.410924351241366,8.117067103505281
270,6750,Wormhole Attack,0.76,0.7847915656755677,0.2472671938210751,0.5225633158054939,0.7847915656755677,0.2472671938210751,0.5225633158054939,1.0320587594966428,1.3073548814810616,0.769830509626569,1.5546220753021367,2.469112182716571,2.6435447307184323,2.3511861127273304,2.469112182716571,2.6435447307184323,2.3511861127273304,5.1126569134350035,4.8202982954439015,4.994730843445763,7.463843026162333
271,6775,Blackhole Attack,0.8,0.8116691246066227,0.2704288223933319,0.4870295849944447,0.8116691246066227,0.2704288223933319,0.4870295849944447,1.0820979469999545,1.2986987096010674,0.7574584073877766,1.5691275319943991,2.6312199527185207,3.089742500165204,2.0333541807192708,2.6312199527185207,3.089742500165204,2.0333541807192708,5.720962452883725,4.6645741334377915,5.1230966808844745,7.754316633602996
272,6800,Sybil Attack,0.84,0.8118312961606857,0.28070262893671805,0.39954068604307386,0.8118312961606857,0.28070262893671805,0.39954068604307386,1.0925339250974038,1.2113719822037596,0.680243314979792,1.4920746111404777,2.6321980649442014,3.2876625017352787,1.2508085501792416,2.6321980649442014,3.2876625017352787,1.2508085501792416,5.91986056667948,3.883006615123443,4.53847105191452,7.170669116858722
273,6825,Blackhole Attack,0.76,0.9618411481943064,0.24948851384208257,0.47395375043277804,0.9618411481943064,0.24948851384208257,0.47395375043277804,1.211329662036389,1.4357948986270845,0.7234422642748606,1.685283412469167,3.5369588973498343,2.6863374054869156,1.9163972030393472,3.5369588973498343,2.6863374054869156,1.9163972030393472,6.22329630283675,5.453356100389182,4.602734608526263,8.139693505876098
274,6850,Sybil Attack,0.8,0.6874477059709648,0.276526779550858,0.4262128573260991,0.6874477059709648,0.276526779550858,0.4262128573260991,0.9639744855218229,1.113660563297064,0.7027396368769572,1.390187342847922,1.8819980009348674,3.2072167474264375,1.4893781440902139,1.8819980009348674,3.2072167474264375,1.4893781440902139,5.089214748361305,3.3713761450250814,4.696594891516652,6.5785928924515185
275,6875,Blackhole Attack,0.88,0.9505227719061828,0.2757005847508068,0.46097618622188324,0.9505227719061828,0.2757005847508068,0.46097618622188324,1.2262233566569896,1.4114989581280661,0.73667677097269,1.6871995428788729,3.4686938906646216,3.1913004971609893,1.800319205830431,3.4686938906646216,3.1913004971609893,1.800319205830431,6.659994387825611,5.269013096495053,4.99161970299142,8.460313593656043
276,6900,Wormhole Attack,0.84,0.6712705547970568,0.2751590235359152,0.46277080740000726,0.6712705547970568,0.2751590235359152,0.46277080740000726,0.9464295783329719,1.134041362197064,0.7379298309359225,1.4092003857329791,1.784428057603569,3.1808675776730677,1.816371219037228,1.784428057603569,3.1808675776730677,1.816371219037228,4.965295635276637,3.600799276640797,4.997238796710295,6.781666854313865
277,6925,Wormhole Attack,0.88,0.7995721280394185,0.19016492581130254,0.5803530516758385,0.7995721280394185,0.19016492581130254,0.5803530516758385,0.989737053850721,1.379925179715257,0.770517977487141,1.5700901055265595,2.558258820263709,1.5434966690363132,2.868087180604948,2.558258820263709,1.5434966690363132,2.868087180604948,4.101755489300022,5.426346000868657,4.411583849641261,6.96984266990497
278,6950,Normal Traffic,0.72,0.8577677764988171,0.23380189592665615,0.42048196200046184,0.8577677764988171,0.23380189592665615,0.42048196200046184,1.0915696724254733,1.2782497384992788,0.654283857927118,1.5120516344259352,2.9092567222595744,2.38414216467337,1.4381180739566026,2.9092567222595744,2.38414216467337,1.4381180739566026,5.293398886932945,4.347374796216177,3.8222602386299727,6.7315169608895475
279,6975,Sybil Attack,0.76,0.7952432032358151,0.2701949261978748,0.3823149923896112,0.7952432032358151,0.2701949261978748,0.3823149923896112,1.0654381294336899,1.1775581956254264,0.652509918587486,1.447753121823301,2.5321495910655374,3.085236601092975,1.0967331021726223,2.5321495910655374,3.085236601092975,1.0967331021726223,5.617386192158513,3.6288826932381597,4.181969703265597,6.714119294331136
280,7000,Wormhole Attack,0.68,0.7482304081047327,0.17950027464737767,0.5863821016486147,0.7482304081047327,0.17950027464737767,0.5863821016486147,0.9277306827521103,1.3346125097533474,0.7658823762959923,1.5141127844007252,2.248599310334773,1.3380472315571619,2.9220140989803403,2.248599310334773,1.3380472315571619,2.9220140989803403,3.586646541891935,5.170613409315113,4.260061330537502,6.508660640872275
281,7025,Sybil Attack,0.88,0.7964578586950349,0.2604064648469385,0.4479656131243999,0.7964578586950349,0.2604064648469385,0.4479656131243999,1.0568643235419735,1.244423471819435,0.7083720779713385,1.5048299366663733,2.539475594454458,2.8966665440489194,1.6839459601925317,2.539475594454458,2.8966665440489194,1.6839459601925317,5.436142138503378,4.22342155464699,4.580612504241451,7.120088098695909
282,7050,Blackhole Attack,0.92,0.5379069425327424,0.22806400575621083,0.5276527267730157,0.5379069425327424,0.22806400575621083,0.5276527267730157,0.7659709482889532,1.065559669305758,0.7557167325292264,1.2936236750619687,0.9800664026248018,2.2736044368363073,2.3967084174127558,0.9800664026248018,2.2736044368363073,2.3967084174127558,3.253670839461109,3.3767748200375576,4.6703128542490635,5.650379256873865
283,7075,Blackhole Attack,0.8,0.9049910442362786,0.29520852390360275,0.25777133226801274,0.9049910442362786,0.29520852390360275,0.25777133226801274,1.2001995681398814,1.1627623765042914,0.5529798561716155,1.457970900407894,3.1940764354173736,3.5671116759529298,-0.017249336831340188,3.1940764354173736,3.5671116759529298,-0.017249336831340188,6.761188111370304,3.1768270985860334,3.5498623391215895,6.743938774538964
284,7100,Blackhole Attack,0.8,0.6430051789088077,0.24064594841073778,0.4161504859783553,0.6430051789088077,0.24064594841073778,0.4161504859783553,0.8836511273195455,1.059155664887163,0.6567964343890931,1.299801613297901,1.6139498878685656,2.5159895839015554,1.3993751285599252,1.6139498878685656,2.5159895839015554,1.3993751285599252,4.129939471770121,3.0133250164284906,3.9153647124614803,5.529314600330046
285,7125,Blackhole Attack,0.88,0.8772877669987589,0.25690911169801744,0.4546617530836064,0.8772877669987589,0.25690911169801744,0.4546617530836064,1.1341968786967764,1.3319495200823652,0.7115708647816239,1.5888586317803828,3.026988475300162,2.8292916973645448,1.7438396739021316,3.026988475300162,2.8292916973645448,1.7438396739021316,5.856280172664707,4.770828149202294,4.573131371266676,7.600119846566839
286,7150,Flooding Attack,0.92,0.6435978111429664,0.2655556559647791,0.48178591817311567,0.6435978111429664,0.2655556559647791,0.48178591817311567,0.9091534671077455,1.125383729316082,0.7473415741378948,1.3909393852808611,1.6175242559931853,2.995863264351551,1.986452132479761,1.6175242559931853,2.995863264351551,1.986452132479761,4.613387520344736,3.6039763884729465,4.982315396831312,6.599839652824497
287,7175,Wormhole Attack,0.88,0.6267732326153416,0.26485135437595314,0.4070904795040879,0.6267732326153416,0.26485135437595314,0.4070904795040879,0.8916245869912947,1.0338637121194294,0.671941833880041,1.2987150664953826,1.516049456390582,2.982295228884115,1.31833777908953,1.516049456390582,2.982295228884115,1.31833777908953,4.498344685274697,2.8343872354801123,4.300633007973645,5.816682464364227
288,7200,Sybil Attack,0.92,0.6273195627934013,0.26200860708082774,0.33059655097504204,0.6273195627934013,0.26200860708082774,0.33059655097504204,0.889328169874229,0.9579161137684433,0.5926051580558698,1.2199247208492712,1.519344560945174,2.92753105294421,0.6341368090153929,1.519344560945174,2.92753105294421,0.6341368090153929,4.446875613889384,2.153481369960567,3.561667861959603,5.081012422904777
289,7225,Wormhole Attack,0.68,0.9076090380479414,0.14976245724939694,0.5690916819332085,0.9076090380479414,0.14976245724939694,0.5690916819332085,1.0573714952973383,1.47670071998115,0.7188541391826054,1.626463177230547,3.2098664533939387,0.7651623089879399,2.767359707844214,3.2098664533939387,0.7651623089879399,2.767359707844214,3.9750287623818785,5.9772261612381525,3.5325220168321536,6.742388470226093
290,7250,Sybil Attack,0.76,0.7305932073834721,0.33257661247942055,0.3397264962899817,0.7305932073834721,0.33257661247942055,0.3397264962899817,1.0631698198628927,1.0703197036734537,0.6723031087694022,1.4028963161528745,2.1422233077619786,4.286990147322212,0.7157997273845752,2.1422233077619786,4.286990147322212,0.7157997273845752,6.42921345508419,2.858023035146554,5.002789874706787,7.145013182468765
291,7275,Wormhole Attack,0.84,0.9765934685664311,0.305074632749091,0.5902499103617457,0.9765934685664311,0.305074632749091,0.5902499103617457,1.2816681013155222,1.5668433789281768,0.8953245431108368,1.871918011677268,3.625935197765134,3.7571775750861613,2.956609765910697,3.625935197765134,3.7571775750861613,2.956609765910697,7.3831127728512955,6.582544963675831,6.713787340996858,10.339722538761993
292,7300,Normal Traffic,0.76,0.9472062625465727,0.20566406781035604,0.3699990542831777,0.9472062625465727,0.20566406781035604,0.3699990542831777,1.1528703303569288,1.3172053168297504,0.5756631220935338,1.5228693846401065,3.448690886007238,1.842080275398092,0.9865730285323315,3.448690886007238,1.842080275398092,0.9865730285323315,5.290771161405329,4.435263914539569,2.8286533039304236,6.277344189937661
293,7325,Sybil Attack,0.84,0.7634129794125419,0.3283445929430067,0.5021174120006003,0.7634129794125419,0.3283445929430067,0.5021174120006003,1.0917575723555486,1.2655303914131424,0.8304620049436071,1.593874984356149,2.34017060160858,4.2054623017515915,2.1683074518145395,2.34017060160858,4.2054623017515915,2.1683074518145395,6.545632903360172,4.5084780534231195,6.3737697535661315,8.713940355174712
294,7350,Sybil Attack,0.88,0.8135888701246978,0.29095106601922155,0.38104929792544145,0.8135888701246978,0.29095106601922155,0.38104929792544145,1.1045399361439194,1.1946381680501392,0.672000363944663,1.4855892340693608,2.6427985959169114,3.4850937726954747,1.0854120810555858,2.6427985959169114,3.4850937726954747,1.0854120810555858,6.127892368612386,3.7282106769724974,4.570505853751061,7.213304449667972
295,7375,Normal Traffic,0.6,0.7623567979249647,0.28671557385901025,0.45497469909055666,0.7623567979249647,0.28671557385901025,0.45497469909055666,1.049072371783975,1.2173314970155213,0.7416902729495669,1.5040470708745315,2.3338004090584423,3.403499028677376,1.7466388236602055,2.3338004090584423,3.403499028677376,1.7466388236602055,5.737299437735818,4.080439232718648,5.150137852337582,7.483938261396024
296,7400,Blackhole Attack,0.8,0.8116659144740017,0.292256808034163,0.4320027745610409,0.8116659144740017,0.292256808034163,0.4320027745610409,1.1039227225081647,1.2436686890350426,0.7242595825952038,1.5359254970692056,2.6312005913084344,3.5102482722041004,1.5411661364835179,2.6312005913084344,3.5102482722041004,1.5411661364835179,6.141448863512535,4.172366727791952,5.051414408687618,7.682614999996053
297,7425,Flooding Attack,0.92,0.7856790363082518,0.3044875104146405,0.3534370228274428,0.7856790363082518,0.3044875104146405,0.3534370228274428,1.0901665467228923,1.1391160591356946,0.6579245332420833,1.443603569550335,2.474464822276423,3.745866942277811,0.8384337159578787,2.474464822276423,3.745866942277811,0.8384337159578787,6.220331764554234,3.312898538234302,4.58430065823569,7.058765480512113
298,7450,Wormhole Attack,0.84,0.7750916864461902,0.24930642054633265,0.5964953937062629,0.7750916864461902,0.24930642054633265,0.5964953937062629,1.0243981069925228,1.371587080152453,0.8458018142525956,1.6208935006987857,2.4106088865208064,2.682829464663957,3.01247257548359,2.4106088865208064,2.682829464663957,3.01247257548359,5.093438351184764,5.423081462004396,5.695302040147547,8.105910926668354
299,7475,Blackhole Attack,0.8,0.834838441684071,0.2662094509799272,0.5044084666826272,0.834838441684071,0.2662094509799272,0.5044084666826272,1.1010478926639982,1.339246908366698,0.7706179176625544,1.6054563593466253,2.7709620451283175,3.008458314674736,2.1887998211578195,2.7709620451283175,3.008458314674736,2.1887998211578195,5.779420359803053,4.9597618662861365,5.197258135832556,7.968220180960873
300,7500,Sybil Attack,0.76,0.8551533015692172,0.294663740608519,0.2897467813610832,0.8551533015692172,0.294663740608519,0.2897467813610832,1.1498170421777363,1.1449000829303004,0.5844105219696023,1.4395638235388195,2.8934879278668015,3.556616684621043,0.2687554966075354,2.8934879278668015,3.556616684621043,0.2687554966075354,6.450104612487845,3.1622434244743367,3.8253721812285786,6.71886010909538
301,7525,Sybil Attack,0.88,0.6398382937351016,0.3009654782928847,0.34587677142796447,0.6398382937351016,0.3009654782928847,0.34587677142796447,0.9408037720279863,0.9857150651630661,0.6468422497208492,1.2866805434559507,1.5948493179589758,3.678016666907723,0.7708109458766783,1.5948493179589758,3.678016666907723,0.7708109458766783,5.272865984866699,2.365660263835654,4.4488276127844015,6.043676930743377
302,7550,Normal Traffic,0.72,0.792589016908264,0.2536651088375342,0.47923228228896086,0.792589016908264,0.2536651088375342,0.47923228228896086,1.0462541257457982,1.2718212991972249,0.7328973911264951,1.5254864080347592,2.5161412836209265,2.7667975236102706,1.9636111020509028,2.5161412836209265,2.7667975236102706,1.9636111020509028,5.282938807231197,4.479752385671829,4.730408625661173,7.2465499092821
303,7575,Normal Traffic,0.64,0.8110286425385318,0.2676335799685486,0.4219329023947429,0.8110286425385318,0.2676335799685486,0.4219329023947429,1.0786622225070803,1.2329615449332747,0.6895664823632914,1.5005951249018232,2.6273569858452723,3.0358934829810136,1.4510960297810298,2.6273569858452723,3.0358934829810136,1.4510960297810298,5.663250468826286,4.078453015626302,4.486989512762044,7.114346498607316
304,7600,Sybil Attack,0.8,0.7788026051983754,0.2879322196532692,0.47785161429906053,0.7788026051983754,0.2879322196532692,0.47785161429906053,1.0667348248516446,1.256654219497436,0.7657838339523297,1.5445864391507051,2.4329907094057743,3.4269371318276614,1.9512616986903288,2.4329907094057743,3.4269371318276614,1.9512616986903288,5.859927841233436,4.384252408096103,5.37819883051799,7.811189539923765
305,7625,Sybil Attack,0.76,0.9111666244935196,0.23504701897668376,0.4491268425456007,0.9111666244935196,0.23504701897668376,0.4491268425456007,1.1462136434702033,1.3602934670391202,0.6841738615222844,1.595340486015804,3.231323476584222,2.408128868625378,1.694332592331088,3.231323476584222,2.408128868625378,1.694332592331088,5.6394523452096,4.92565606891531,4.102461460956466,7.333784937540688
306,7650,Wormhole Attack,0.8,0.6768635793237532,0.2862611818586745,0.3511813078966283,0.6768635793237532,0.2862611818586745,0.3511813078966283,0.9631247611824276,1.0280448872203816,0.6374424897553028,1.314306069079056,1.8181615054927438,3.394745382690361,0.8182574434934836,1.8181615054927438,3.394745382690361,0.8182574434934836,5.212906888183105,2.6364189489862273,4.213002826183844,6.031164331676589
307,7675,Blackhole Attack,0.8,0.7563658782369401,0.27605427626837137,0.3605306420645221,0.7563658782369401,0.27605427626837137,0.3605306420645221,1.0324201545053115,1.1168965203014622,0.6365849183328935,1.3929507965698336,2.2976671190756113,3.1981141961941653,0.9018826884015321,2.2976671190756113,3.1981141961941653,0.9018826884015321,5.4957813152697765,3.199549807477143,4.099996884595697,6.397664003671308
308,7700,Flooding Attack,0.84,0.4369472404968254,0.28772725859369674,0.19898449870712334,0.4369472404968254,0.28772725859369674,0.19898449870712334,0.7246744990905221,0.6359317392039487,0.48671175730082006,0.9236589977976454,0.37114383643915855,3.4229886544000325,-0.5430689583804477,0.37114383643915855,3.4229886544000325,-0.5430689583804477,3.794132490839191,-0.17192512194128912,2.8799196960195848,3.251063532458743
309,7725,Wormhole Attack,1.0,0.6295913144286998,0.23428289648616793,0.6049719929960827,0.6295913144286998,0.23428289648616793,0.6049719929960827,0.8638742109148677,1.2345633074247826,0.8392548894822507,1.4688462039109504,1.5330462736840866,2.3934084119101415,3.088291631564913,1.5330462736840866,2.3934084119101415,3.088291631564913,3.926454685594228,4.621337905249,5.481700043475055,7.014746317159141
310,7750,Normal Traffic,0.64,0.8084126321389107,0.2531104641750978,0.3826713677036401,0.8084126321389107,0.2531104641750978,0.3826713677036401,1.0615230963140085,1.1910839998425509,0.6357818318787378,1.4441944640176487,2.6115789305065302,2.756112557721857,1.0999207059505671,2.6115789305065302,2.756112557721857,1.0999207059505671,5.367691488228387,3.7114996364570976,3.8560332636724244,6.467612194178955
311,7775,Blackhole Attack,0.8,0.7227978006188411,0.3084435933484206,0.4264025482559159,0.7227978006188411,0.3084435933484206,0.4264025482559159,1.0312413939672618,1.149200348874757,0.7348461416043365,1.4576439422231777,2.095206537745251,3.822079000306989,1.4910748371571105,2.095206537745251,3.822079000306989,1.4910748371571105,5.917285538052241,3.5862813749023617,5.3131538374641,7.408360375209352
312,7800,Wormhole Attack,0.88,0.8556100560419246,0.2631048741610558,0.5222542706403507,0.8556100560419246,0.2631048741610558,0.5222542706403507,1.1187149302029804,1.3778643266822752,0.7853591448014066,1.640969200843331,2.8962427706409892,2.9486501173653363,2.348421854101139,2.8962427706409892,2.9486501173653363,2.348421854101139,5.844892888006326,5.2446646247421285,5.297071971466475,8.193314742107464
313,7825,Normal Traffic,0.72,0.8552517766153397,0.27686751754867933,0.3884841475376913,0.8552517766153397,0.27686751754867933,0.3884841475376913,1.132119294164019,1.243735924153031,0.6653516650863707,1.5206034417017102,2.894081864621575,3.213780903056484,1.1519131931683606,2.894081864621575,3.213780903056484,1.1519131931683606,6.107862767678059,4.045995057789936,4.3656940962248445,7.25977596084642
314,7850,Flooding Attack,0.76,0.6555644384501553,0.17745416013353693,0.525939766373334,0.6555644384501553,0.17745416013353693,0.525939766373334,0.8330185985836922,1.1815042048234892,0.7033939265068709,1.3589583649570263,1.6896990867577248,1.2986298076372407,2.381386820134407,1.6896990867577248,1.2986298076372407,2.381386820134407,2.9883288943949653,4.071085906892132,3.6800166277716477,5.369715714529372
315,7875,Sybil Attack,0.76,0.7642253722407379,0.3410259155183474,0.3165753507748284,0.7642253722407379,0.3410259155183474,0.3165753507748284,1.1052512877590854,1.0808007230155663,0.6576012662931758,1.4218266385339138,2.345070421197191,4.449761955772019,0.5087239956971812,2.345070421197191,4.449761955772019,0.5087239956971812,6.794832376969211,2.853794416894372,4.958485951469201,7.303556372666392
316,7900,Blackhole Attack,0.76,0.7737552085195085,0.31304312416214997,0.40965360070855517,0.7737552085195085,0.31304312416214997,0.40965360070855517,1.0867983326816586,1.1834088092280637,0.7226967248707051,1.4964519333902138,2.4025481300768545,3.9106867760160777,1.341263651093191,2.4025481300768545,3.9106867760160777,1.341263651093191,6.313234906092932,3.7438117811700455,5.251950427109269,7.654498557186123
317,7925,Normal Traffic,0.72,0.9008795258731283,0.23751516142810566,0.4331240685280689,0.9008795258731283,0.23751516142810566,0.4331240685280689,1.1383946873012338,1.3340035944011972,0.6706392299561745,1.5715187558293027,3.169278458976058,2.455676460240782,1.5511955654163974,3.169278458976058,2.455676460240782,1.5511955654163974,5.62495491921684,4.7204740243924554,4.006872025657179,7.176150484633237
318,7950,Flooding Attack,0.84,0.8953023334028473,0.2460539916545111,0.43156035392440895,0.8953023334028473,0.2460539916545111,0.43156035392440895,1.1413563250573584,1.3268626873272562,0.6776143455789201,1.5729166789817675,3.135640499645447,2.6201729674194887,1.537208899163049,3.135640499645447,2.6201729674194887,1.537208899163049,5.755813467064936,4.672849398808497,4.157381866582538,7.293022366227985
319,7975,Flooding Attack,0.8,0.5744793828611072,0.23812880656047564,0.4296720793493229,0.5744793828611072,0.23812880656047564,0.4296720793493229,0.8126081894215829,1.0041514622104302,0.6678008859097986,1.2422802687709058,1.2006473251843455,2.467498042149029,1.5203192018905443,1.2006473251843455,2.467498042149029,1.5203192018905443,3.6681453673333744,2.7209665270748897,3.987817244039573,5.188464569223918
320,8000,Sybil Attack,0.88,0.6936457292306462,0.1977746566764355,0.4422220885659191,0.6936457292306462,0.1977746566764355,0.4422220885659191,0.8914203859070817,1.1358678177965653,0.6399967452423546,1.3336424744730009,1.9193804035416102,1.6900945184716367,1.6325729277163004,1.9193804035416102,1.6900945184716367,1.6325729277163004,3.6094749220132467,3.5519533312579106,3.3226674461879373,5.242047849729547
321,8025,Wormhole Attack,0.84,0.8492745911106033,0.3158206419480349,0.33797634247985675,0.8492745911106033,0.3158206419480349,0.33797634247985675,1.1650952330586382,1.1872509335904602,0.6537969844278917,1.503071575538495,2.8580314102054474,3.964194336453562,0.7001454531474802,2.8580314102054474,3.964194336453562,0.7001454531474802,6.82222574665901,3.5581768633529274,4.664339789601042,7.52237119980649
322,8050,Normal Traffic,0.68,0.859942008304937,0.3105725623237731,0.18683112610677932,0.859942008304937,0.3105725623237731,0.18683112610677932,1.1705145706287101,1.0467731344117164,0.49740368843055244,1.3573456967354893,2.9223702594844956,3.863092576060532,-0.6517749626703223,2.9223702594844956,3.863092576060532,-0.6517749626703223,6.785462835545028,2.2705952968141734,3.21131761339021,6.133687872874705
323,8075,Normal Traffic,0.6,0.9127032057626299,0.24522931020842004,0.30616839226031983,0.9127032057626299,0.24522931020842004,0.30616839226031983,1.1579325159710498,1.2188715980229496,0.5513977024687399,1.4641009082313696,3.240591124870333,2.6042858711990293,0.4156388156303172,3.240591124870333,2.6042858711990293,0.4156388156303172,5.844876996069362,3.65622994050065,3.0199246868293463,6.26051581169968
324,8100,Blackhole Attack,0.84,0.7491186052090802,0.2972603446386643,0.37958201288814486,0.7491186052090802,0.2972603446386643,0.37958201288814486,1.0463789498477445,1.1287006180972252,0.6768423575268092,1.4259609627358893,2.253956331494221,3.6066390275134204,1.0722879303524044,2.253956331494221,3.6066390275134204,1.0722879303524044,5.860595359007641,3.3262442618466252,4.678926957865825,6.932883289360046
325,8125,Blackhole Attack,0.76,0.5927354255103306,0.2422117373542963,0.31596876701194104,0.5927354255103306,0.2422117373542963,0.31596876701194104,0.834947162864627,0.9087041925222716,0.5581805043662373,1.150915929876568,1.3107557755282748,2.5461537639314984,0.5032983990912865,1.3107557755282748,2.5461537639314984,0.5032983990912865,3.856909539459773,1.8140541746195613,3.049452163022785,4.36020793855106
326,8150,Wormhole Attack,0.8,0.8215717881986898,0.21291227850261762,0.6161052042931329,0.8215717881986898,0.21291227850261762,0.6161052042931329,1.0344840667013075,1.4376769924918227,0.8290174827957505,1.6505892709944403,2.6909463109085388,1.9817136104754554,3.1878727893896106,2.6909463109085388,1.9817136104754554,3.1878727893896106,4.672659921383994,5.878819100298149,5.169586399865066,7.8605327107736045
327,8175,Normal Traffic,0.64,0.7240336631685936,0.26458624215286713,0.4342488607155485,0.7240336631685936,0.26458624215286713,0.4342488607155485,0.9886199053214608,1.158282523884142,0.6988351028684157,1.4228687660370094,2.102660448365751,2.9771879678715734,1.5612562842290434,2.102660448365751,2.9771879678715734,1.5612562842290434,5.079848416237324,3.663916732594794,4.538444252100617,6.641104700466367
328,8200,Normal Traffic,0.68,0.8525440902122968,0.19182212992519862,0.445234249422823,0.8525440902122968,0.19182212992519862,0.445234249422823,1.0443662201374955,1.29777833963512,0.6370563793480216,1.4896004695603184,2.87775087988491,1.5754219188878782,1.6595152409161047,2.87775087988491,1.5754219188878782,1.6595152409161047,4.453172798772789,4.537266120801014,3.234937159803983,6.112688039688893
329,8225,Blackhole Attack,0.84,0.8811523784603424,0.283635386895426,0.37915920115364066,0.8811523784603424,0.283635386895426,0.37915920115364066,1.1647877653557686,1.2603115796139832,0.6627945880490667,1.5439469665094092,3.0502972715925756,3.3441606903415066,1.068506085120117,3.0502972715925756,3.3441606903415066,1.068506085120117,6.394457961934082,4.118803356712693,4.412666775461624,7.462964047054198
330,8250,Wormhole Attack,0.84,0.6520190729660719,0.18091613577684731,0.5168566291749772,0.6520190729660719,0.18091613577684731,0.5168566291749772,0.8329352087429192,1.1688757021410492,0.6977727649518245,1.3497918379178964,1.6683157723748625,1.365323123485265,2.300142577592042,1.6683157723748625,1.365323123485265,2.300142577592042,3.0336388958601272,3.9684583499669044,3.6654657010773066,5.333781473452169
331,8275,Normal Traffic,0.72,0.729334493982226,0.22298084441110905,0.5097918208578865,0.729334493982226,0.22298084441110905,0.5097918208578865,0.9523153383933352,1.2391263148401126,0.7327726652689956,1.4621071592512216,2.134631575824157,2.1756797487321546,2.2369513048087932,2.134631575824157,2.1756797487321546,2.2369513048087932,4.310311324556311,4.37158288063295,4.412631053540948,6.547262629365104
332,8300,Wormhole Attack,0.84,0.8912424135032521,0.32406816165569957,0.4851090773353278,0.8912424135032521,0.32406816165569957,0.4851090773353278,1.2153105751589517,1.3763514908385799,0.8091772389910274,1.7004196524942796,3.111153731222833,4.123078884901775,2.016176174194169,3.111153731222833,4.123078884901775,2.016176174194169,7.234232616124608,5.127329905417001,6.1392550590959445,9.250408790318776
333,8325,Flooding Attack,0.76,0.666362228458984,0.21268329716251527,0.4004513801763779,0.666362228458984,0.21268329716251527,0.4004513801763779,0.8790455256214993,1.066813608635362,0.6131346773388932,1.2794969057978771,1.754824259165331,1.9773023937563952,1.2589542660736848,1.754824259165331,1.9773023937563952,1.2589542660736848,3.732126652921726,3.0137785252390157,3.23625665983008,4.991080918995411
334,8350,Wormhole Attack,0.76,0.8218029299961802,0.2698815374796023,0.41245169336609105,0.8218029299961802,0.2698815374796023,0.41245169336609105,1.0916844674757824,1.2342546233622713,0.6823332308456933,1.5041361608418735,2.692340406311381,3.079199316338722,1.3662912284115194,2.692340406311381,3.079199316338722,1.3662912284115194,5.771539722650103,4.0586316347229,4.445490544750241,7.1378309510616225
335,8375,Wormhole Attack,0.68,0.6471167930386944,0.265644303141836,0.3403932032001455,0.6471167930386944,0.265644303141836,0.3403932032001455,0.9127610961805304,0.9875099962388398,0.6060375063419815,1.253154299380676,1.6387484419118914,2.9975710100978032,0.7217630962879776,1.6387484419118914,2.9975710100978032,0.7217630962879776,4.636319452009695,2.360511538199869,3.719334106385781,5.358082548297673
336,8400,Blackhole Attack,0.84,0.7632266726562449,0.2366618198209146,0.48360101736309596,0.7632266726562449,0.2366618198209146,0.48360101736309596,0.9998884924771595,1.246827690019341,0.7202628371840105,1.4834895098402554,2.3390469217060605,2.439237239634297,2.0026873115383674,2.3390469217060605,2.439237239634297,2.0026873115383674,4.778284161340357,4.341734233244428,4.441924551172665,6.780971472878725
337,8425,Flooding Attack,0.76,0.8489438833487811,0.3412360732506191,0.28334113836247604,0.8489438833487811,0.3412360732506191,0.28334113836247604,1.1901799565994002,1.1322850217112572,0.6245772116130952,1.4735210949618762,2.856036798346206,4.453810544630057,0.21146013685971637,2.856036798346206,4.453810544630057,0.21146013685971637,7.309847342976264,3.0674969352059223,4.6652706814897735,7.52130747983598
338,8450,Sybil Attack,0.8,0.8892077999609335,0.3062856745291203,0.29448646784791793,0.8892077999609335,0.3062856745291203,0.29448646784791793,1.1954934744900538,1.1836942678088513,0.6007721423770382,1.4899799423379718,3.0988822796000464,3.7805077195649988,0.3111496859830779,3.0988822796000464,3.7805077195649988,0.3111496859830779,6.879389999165046,3.410031965583124,4.0916574055480766,7.190539685148123
339,8475,Normal Traffic,0.68,0.8595940955551367,0.2621780063102849,0.3362775810260178,0.8595940955551367,0.2621780063102849,0.3362775810260178,1.1217721018654214,1.1958716765811546,0.5984555873363027,1.4580496828914393,2.9202718784458734,2.9307944486114867,0.6849508585307345,2.9202718784458734,2.9307944486114867,0.6849508585307345,5.85106632705736,3.605222736976608,3.6157453071422214,6.536017185588094
340,8500,Sybil Attack,0.84,0.7897946295551245,0.2559913352937822,0.39546751075196285,0.7897946295551245,0.2559913352937822,0.39546751075196285,1.0457859648489067,1.1852621403070873,0.6514588460457451,1.4412534756008695,2.4992873757381053,2.8116111710085026,1.2143759791366662,2.4992873757381053,2.8116111710085026,1.2143759791366662,5.310898546746608,3.7136633548747717,4.025987150145169,6.525274525883274
341,8525,Wormhole Attack,0.88,0.8852621273969655,0.26190282206044696,0.5040329813632922,0.8852621273969655,0.26190282206044696,0.5040329813632922,1.1471649494574125,1.3892951087602579,0.7659358034237391,1.6511979308207048,3.075084576016047,2.9254931547891845,2.1854412876810083,3.075084576016047,2.9254931547891845,2.1854412876810083,6.000577730805231,5.260525863697055,5.110934442470192,8.18601901848624
342,8550,Blackhole Attack,0.8,0.7843741913228749,0.2560272791374244,0.4451600615663899,0.7843741913228749,0.2560272791374244,0.4451600615663899,1.0404014704602993,1.2295342528892648,0.7011873407038143,1.485561532026689,2.4665948549434424,2.8123036120779403,1.6588516666388338,2.4665948549434424,2.8123036120779403,1.6588516666388338,5.278898467021383,4.125446521582276,4.471155278716774,6.9377501336602165
343,8575,Blackhole Attack,0.72,0.8218853783602743,0.3045589264132635,0.45890681582662807,0.8218853783602743,0.3045589264132635,0.45890681582662807,1.1264443047735377,1.2807921941869025,0.7634657422398916,1.5853511206001658,2.692837680653813,3.7472427375587416,1.7818096945645967,2.692837680653813,3.7472427375587416,1.7818096945645967,6.440080418212554,4.474647375218409,5.529052432123338,8.221890112777151
344,8600,Sybil Attack,0.8,0.774649924160902,0.26558866419018373,0.28807468780156575,0.774649924160902,0.26558866419018373,0.28807468780156575,1.0402385883510856,1.0627246119624676,0.5536633519917495,1.3283132761526515,2.4079444667674075,2.996499152130469,0.25379943332936084,2.4079444667674075,2.996499152130469,0.25379943332936084,5.404443618897877,2.661743900096768,3.25029858545983,5.658243052227237
345,8625,Normal Traffic,0.72,0.8737038891174485,0.24616952804893324,0.5062691555168977,0.8737038891174485,0.24616952804893324,0.5062691555168977,1.1198734171663818,1.3799730446343461,0.7524386835658309,1.6261425726832794,3.005372879449779,2.6223987211621607,2.2054427774014718,3.005372879449779,2.6223987211621607,2.2054427774014718,5.62777160061194,5.210815656851251,4.827841498563632,7.833214378013412
346,8650,Flooding Attack,0.88,0.7083927794860111,0.2565871727818264,0.2628272876276931,0.7083927794860111,0.2565871727818264,0.2628272876276931,0.9649799522678375,0.9712200671137041,0.5194144604095194,1.2278072398955306,2.0083249180764375,2.823089697109925,0.02797372372086142,2.0083249180764375,2.823089697109925,0.02797372372086142,4.831414615186363,2.036298641797299,2.851063420830786,4.859388338907224
347,8675,Blackhole Attack,0.88,0.8660617981538146,0.19977923669165715,0.5396756394144254,0.8660617981538146,0.19977923669165715,0.5396756394144254,1.0658410348454717,1.40573743756824,0.7394548761060826,1.605516674259897,2.959280809576746,1.7287118000103294,2.5042475208495154,2.959280809576746,1.7287118000103294,2.5042475208495154,4.687992609587075,5.463528330426262,4.232959320859845,7.192240130436591
348,8700,Flooding Attack,0.84,0.74021002069354,0.2619861308143705,0.4610686422056818,0.74021002069354,0.2619861308143705,0.4610686422056818,1.0021961515079105,1.2012786628992218,0.7230547730200523,1.4632647937135923,2.200225604928144,2.9270980583502664,1.8011461796180317,2.200225604928144,2.9270980583502664,1.8011461796180317,5.1273236632784105,4.001371784546176,4.728244237968298,6.928469842896442
349,8725,Blackhole Attack,0.76,0.8487487205676021,0.2502901275618036,0.4203478642951769,0.8487487205676021,0.2502901275618036,0.4203478642951769,1.0990388481294056,1.2690965848627789,0.6706379918569805,1.5193867124245823,2.854859704722285,2.701780112919236,1.436918635232445,2.854859704722285,2.701780112919236,1.436918635232445,5.556639817641521,4.29177833995473,4.138698748151681,6.993558452873966
350,8750,Wormhole Attack,0.76,0.8138181349111039,0.2935172441903725,0.4155943925254876,0.8138181349111039,0.2935172441903725,0.4155943925254876,1.1073353791014764,1.2294125274365915,0.7091116367158601,1.522929771626964,2.6441813704225723,3.5345299758708455,1.3944011432094474,2.6441813704225723,3.5345299758708455,1.3944011432094474,6.178711346293418,4.0385825136320195,4.928931119080293,7.573112489502865
351,8775,Blackhole Attack,0.8,0.7775853679195491,0.2947807292937035,0.4163484999055692,0.7775853679195491,0.2947807292937035,0.4163484999055692,1.0723660972132527,1.1939338678251183,0.7111292291992728,1.4887145971188218,2.4256491341779074,3.5588704160552114,1.4011462667887131,2.4256491341779074,3.5588704160552114,1.4011462667887131,5.984519550233118,3.8267954009666205,4.960016682843925,7.385665817021831
352,8800,Wormhole Attack,0.76,0.47678263253819525,0.18711084423131935,0.5714485384101055,0.47678263253819525,0.18711084423131935,0.5714485384101055,0.6638934767695146,1.0482311709483008,0.7585593826414248,1.23534201517962,0.6114047391329149,1.484661238511827,2.7884406422245958,0.6114047391329149,1.484661238511827,2.7884406422245958,2.096065977644742,3.399845381357511,4.273101880736423,4.884506619869338
353,8825,Blackhole Attack,0.76,0.8331036391993789,0.2558530443986366,0.3173350720596523,0.8331036391993789,0.2558530443986366,0.3173350720596523,1.0889566835980156,1.150438711259031,0.5731881164582888,1.406291755657668,2.7604988567521467,2.8089470626209483,0.5155193329227375,2.7604988567521467,2.8089470626209483,0.5155193329227375,5.569445919373095,3.2760181896748843,3.324466395543686,6.084965252295833
354,8850,Wormhole Attack,0.96,0.7779840643152937,0.23441745011614118,0.5157569397081045,0.7779840643152937,0.23441745011614118,0.5157569397081045,1.012401514431435,1.2937410040233983,0.7501743898242457,1.5281584541395394,2.428053808790946,2.396000523659872,2.290306390400677,2.428053808790946,2.396000523659872,2.290306390400677,4.824054332450817,4.718360199191623,4.686306914060548,7.114360722851494
355,8875,Wormhole Attack,0.84,0.617551667366486,0.2824138159938146,0.54219910619168,0.617551667366486,0.2824138159938146,0.54219910619168,0.8999654833603006,1.159750773558166,0.8246129221854945,1.4421645895519806,1.4604310357499999,3.3206277073381885,2.526818703296915,1.4604310357499999,3.3206277073381885,2.526818703296915,4.781058743088188,3.9872497390469146,5.847446410635103,7.307877446385103
356,8900,Blackhole Attack,0.84,0.8278591996345644,0.24338900061454447,0.45240863627493716,0.8278591996345644,0.24338900061454447,0.45240863627493716,1.0712482002491088,1.2802678359095017,0.6957976368894816,1.523656836524046,2.728867844243054,2.568833181276252,1.7236866403761248,2.728867844243054,2.568833181276252,1.7236866403761248,5.297701025519306,4.452554484619179,4.292519821652377,7.02138766589543
357,8925,Blackhole Attack,0.76,0.8393321315259873,0.2671523105784914,0.41758442842777216,0.8393321315259873,0.2671523105784914,0.41758442842777216,1.1064844421044788,1.2569165599537595,0.6847367390062635,1.524068870532251,2.7980650287445785,3.026622056851517,1.4122010460384473,2.7980650287445785,3.026622056851517,1.4122010460384473,5.8246870855960955,4.210266074783026,4.438823102889964,7.236888131634543
358,8950,Wormhole Attack,0.84,0.7776574592011521,0.3448400276666144,0.4168589661055661,0.7776574592011521,0.3448400276666144,0.4168589661055661,1.1224974868677666,1.1945164253067182,0.7616989937721805,1.5393564529733328,2.42608394140602,4.523239014074176,1.4057121385636908,2.42608394140602,4.523239014074176,1.4057121385636908,6.949322955480196,3.8317960799697106,5.928951152637866,8.355035094043886
359,8975,Wormhole Attack,0.72,0.9472599063363399,0.2871576591852503,0.42611988432921544,0.9472599063363399,0.2871576591852503,0.42611988432921544,1.2344175655215903,1.3733797906655554,0.7132775435144658,1.6605374498508056,3.449014430089345,3.4120155924353215,1.4885465458721365,3.449014430089345,3.4120155924353215,1.4885465458721365,6.861030022524666,4.937560975961482,4.900562138307458,8.349576568396802
360,9000,Flooding Attack,0.72,0.6820647837804198,0.3223933370625956,0.26425666369357975,0.6820647837804198,0.3223933370625956,0.26425666369357975,1.0044581208430154,0.9463214474739996,0.5866500007561753,1.2687147845365951,1.8495317522460764,4.090814184890451,0.040758797120628805,1.8495317522460764,4.090814184890451,0.040758797120628805,5.940345937136527,1.8902905493667053,4.13157298201108,5.981104734257156
361,9025,Blackhole Attack,0.76,0.8205960205632757,0.28285267499663025,0.5266457193922635,0.8205960205632757,0.28285267499663025,0.5266457193922635,1.1034486955599059,1.3472417399555392,0.8094983943888937,1.6300944149521692,2.6850611218620632,3.3290821175083147,2.387701226384243,2.6850611218620632,3.3290821175083147,2.387701226384243,6.014143239370378,5.0727623482463065,5.716783343892558,8.401844465754621
362,9050,Sybil Attack,0.76,0.7365857554186174,0.3194988822391902,0.3973816033993427,0.7365857554186174,0.3194988822391902,0.3973816033993427,1.0560846376578077,1.13396735881796,0.7168804856385329,1.4534662410571504,2.1783664188643987,4.035053887986506,1.2314966065032131,2.1783664188643987,4.035053887986506,1.2314966065032131,6.213420306850905,3.4098630253676117,5.266550494489719,7.444916913354118
363,9075,Normal Traffic,0.72,0.9251340730410582,0.26889284931943164,0.4118155381584555,0.9251340730410582,0.26889284931943164,0.4118155381584555,1.1940269223604898,1.3369496111995138,0.6807083874778872,1.6058424605189452,3.3155659460163074,3.060152708697539,1.3606011296213039,3.3155659460163074,3.060152708697539,1.3606011296213039,6.375718654713847,4.676167075637611,4.420753838318843,7.7363197843351506
364,9100,Wormhole Attack,0.8,0.7163814589783298,0.16785002283211337,0.5650271182837563,0.7163814589783298,0.16785002283211337,0.5650271182837563,0.8842314818104432,1.281408577262086,0.7328771411158697,1.4492586000941996,2.056507382156678,1.113610665827465,2.731004163746001,2.056507382156678,1.113610665827465,2.731004163746001,3.1701180479841433,4.78751154590268,3.844614829573466,5.9011222117301445
365,9125,Blackhole Attack,0.72,0.8908414654508829,0.24945385421787888,0.33336255628127054,0.8908414654508829,0.24945385421787888,0.33336255628127054,1.1402953196687617,1.2242040217321535,0.5828164104991495,1.4736578759500323,3.108735476096952,2.685669704294778,0.658877380589425,3.108735476096952,2.685669704294778,0.658877380589425,5.794405180391729,3.7676128566863767,3.344547084884203,6.453282560981155
366,9150,Wormhole Attack,0.84,0.7994375306896855,0.2348494701007602,0.6031324817891426,0.7994375306896855,0.2348494701007602,0.6031324817891426,1.0342870007904457,1.402570012478828,0.8379819518899028,1.6374194825795882,2.557447017515202,2.404323183393926,3.071838098893065,2.557447017515202,2.404323183393926,3.071838098893065,4.961770200909128,5.629285116408267,5.476161282286991,8.033608299802193
367,9175,Normal Traffic,0.64,0.8559995850477368,0.25410432558233487,0.5089634480821585,0.8559995850477368,0.25410432558233487,0.5089634480821585,1.1101039106300716,1.3649630331298952,0.7630677736644934,1.6190673587122302,2.898592153583289,2.7752588255097614,2.229541913401724,2.898592153583289,2.7752588255097614,2.229541913401724,5.67385097909305,5.128134066985012,5.004800738911485,7.903392892494773
368,9200,Blackhole Attack,0.76,0.6910450686841216,0.21996308504398482,0.34424572754560395,0.6910450686841216,0.21996308504398482,0.34424572754560395,0.9110081537281065,1.0352907962297255,0.5642088125895888,1.2552538812737104,1.9036949284279447,2.117544048380289,0.7562220519866122,1.9036949284279447,2.117544048380289,0.7562220519866122,4.021238976808234,2.659916980414557,2.8737661003669013,4.777461028794846
369,9225,Blackhole Attack,0.84,0.8734469157522592,0.32124511432071706,0.4910863287856569,0.8734469157522592,0.32124511432071706,0.4910863287856569,1.1946920300729762,1.3645332445379161,0.812331443106374,1.685778358858633,3.003822985008562,4.068694219333801,2.069639779990534,3.003822985008562,4.068694219333801,2.069639779990534,7.072517204342363,5.073462764999096,6.138333999324335,9.142156984332896
370,9250,Sybil Attack,0.76,0.8217727556005701,0.3190525497444332,0.31952538067792313,0.8217727556005701,0.3190525497444332,0.31952538067792313,1.1408253053450033,1.1412981362784933,0.6385779304223563,1.4603506860229265,2.6921584141894006,4.026455504545079,0.5351105777470063,2.6921584141894006,4.026455504545079,0.5351105777470063,6.71861391873448,3.227268991936407,4.561566082292085,7.253724496481486
371,9275,Blackhole Attack,0.68,0.8350848084168099,0.20450682341565515,0.4739982276351418,0.8350848084168099,0.20450682341565515,0.4739982276351418,1.039591631832465,1.3090830360519516,0.678505051050797,1.5135898594676067,2.77244796733388,1.8197865119863597,1.9167950299726564,2.77244796733388,1.8197865119863597,1.9167950299726564,4.59223447932024,4.689242997306536,3.736581541959016,6.509029509292896
372,9300,Wormhole Attack,0.92,0.7890979335302108,0.254866080800204,0.4698930543995918,0.7890979335302108,0.254866080800204,0.4698930543995918,1.043964014330415,1.2589909879298027,0.7247591351997957,1.5138570687300068,2.495085363224332,2.7899336778422428,1.8800762528867183,2.495085363224332,2.7899336778422428,1.8800762528867183,5.285019041066574,4.3751616161110505,4.670009930728961,7.165095293953293
373,9325,Blackhole Attack,0.72,0.6851314115515724,0.2285622339816878,0.43724620763608946,0.6851314115515724,0.2285622339816878,0.43724620763608946,0.9136936455332603,1.1223776191876618,0.6658084416177772,1.3509398531693497,1.8680276353983671,2.2832025668723586,1.5880660939762852,1.8680276353983671,2.2832025668723586,1.5880660939762852,4.1512302022707255,3.4560937293746523,3.871268660848644,5.73929629624701
374,9350,Blackhole Attack,0.8,0.6004444833488666,0.19046270488252456,0.47693438438357616,0.6004444833488666,0.19046270488252456,0.47693438438357616,0.7909071882313912,1.0773788677324427,0.6673970892661008,1.2678415726149672,1.3572517455762536,1.5492332413568948,1.9430575234044807,1.3572517455762536,1.5492332413568948,1.9430575234044807,2.9064849869331484,3.300309268980734,3.4922907647613757,4.8495425103376295
375,9375,Wormhole Attack,0.92,0.8638627137311499,0.3167229628519067,0.3444286180381191,0.8638627137311499,0.3167229628519067,0.3444286180381191,1.1805856765830565,1.208291331769269,0.6611515808900258,1.5250142946211755,2.9460173777033885,3.9815771199386165,0.7578579184508202,2.9460173777033885,3.9815771199386165,0.7578579184508202,6.927594497642005,3.7038752961542087,4.739435038389437,7.685452416092825
376,9400,Normal Traffic,0.56,0.9650382112929351,0.14347336890384557,0.5688893531777229,0.9650382112929351,0.14347336890384557,0.5688893531777229,1.1085115801967806,1.533927564470658,0.7123627220815685,1.6774009333745035,3.5562414806678975,0.6440060102033212,2.7655499755760573,3.5562414806678975,0.6440060102033212,2.7655499755760573,4.200247490871218,6.321791456243955,3.4095559857793782,6.965797466447276
377,9425,Blackhole Attack,0.76,0.9378766116497869,0.25191888745607544,0.3512976065309178,0.9378766116497869,0.25191888745607544,0.3512976065309178,1.1897954991058624,1.2891742181807047,0.6032164939869933,1.5410931056367803,3.392420563778415,2.733157398394704,0.8192976781883057,3.392420563778415,2.733157398394704,0.8192976781883057,6.12557796217312,4.211718241966721,3.55245507658301,6.944875640361426
378,9450,Blackhole Attack,0.88,0.8365807510138776,0.2836192958188147,0.36480239583697915,0.8365807510138776,0.2836192958188147,0.36480239583697915,1.1202000468326923,1.2013831468508567,0.6484216916557939,1.4850024426696713,2.781470509860292,3.343850703396091,0.9400914473349048,2.781470509860292,3.343850703396091,0.9400914473349048,6.125321213256383,3.721561957195197,4.283942150730995,7.065412660591288
379,9475,Normal Traffic,0.72,0.6865905848069976,0.27410899304320546,0.38381934226639164,0.6865905848069976,0.27410899304320546,0.38381934226639164,0.9606995778502031,1.0704099270733893,0.657928335309597,1.3445189201165948,1.8768284094229069,3.1606392391416667,1.1101887798298793,1.8768284094229069,3.1606392391416667,1.1101887798298793,5.037467648564574,2.987017189252786,4.270828018971546,6.147656428394454
380,9500,Wormhole Attack,0.76,0.8341817978078943,0.23250120319664683,0.5711888951538505,0.8341817978078943,0.23250120319664683,0.5711888951538505,1.0666830010045412,1.4053706929617449,0.8036900983504973,1.6378718961583916,2.767001600851161,2.359084937239848,2.7861182596352982,2.767001600851161,2.359084937239848,2.7861182596352982,5.126086538091009,5.55311986048646,5.145203196875146,7.912204797726307
381,9525,Wormhole Attack,0.88,0.9761719657306487,0.20754902141392095,0.3502204734523962,0.9761719657306487,0.20754902141392095,0.3502204734523962,1.1837209871445697,1.3263924391830448,0.5577694948663172,1.533941460596966,3.6233929696954843,1.878393010955416,0.809663246915194,3.6233929696954843,1.878393010955416,0.809663246915194,5.501785980650901,4.433056216610678,2.68805625787061,6.3114492275660945
382,9550,Blackhole Attack,0.88,0.7165067666022314,0.29466036071012147,0.44467540895822927,0.7165067666022314,0.29466036071012147,0.44467540895822927,1.011167127312353,1.1611821755604608,0.7393357696683507,1.4558425362705822,2.05726315538471,3.556551572484336,1.6545166848823858,2.05726315538471,3.556551572484336,1.6545166848823858,5.6138147278690465,3.711779840267096,5.211068257366722,7.268331412751432
383,9575,Normal Traffic,0.64,0.9542320522247205,0.31307625856817684,0.5656542266979626,0.9542320522247205,0.31307625856817684,0.5656542266979626,1.2673083107928973,1.5198862789226832,0.8787304852661395,1.83296253749086,3.4910658315947,3.91132509460473,2.736613343371005,3.4910658315947,3.91132509460473,2.736613343371005,7.4023909261994305,6.227679174965705,6.647938437975736,10.139004269570435
384,9600,Wormhole Attack,0.88,0.8888520336246258,0.2658910289724779,0.43552632385249546,0.8888520336246258,0.2658910289724779,0.43552632385249546,1.1547430625971038,1.3243783574771213,0.7014173528249734,1.5902693864495991,3.0967365308894386,3.0023240659960044,1.5726825703976397,3.0967365308894386,3.0023240659960044,1.5726825703976397,6.099060596885443,4.669419101287078,4.575006636393644,7.671743167283083
385,9625,Flooding Attack,0.76,0.7259898821492807,0.2001397281483559,0.43970649338791923,0.7259898821492807,0.2001397281483559,0.43970649338791923,0.9261296102976366,1.1656963755372,0.6398462215362751,1.365836103685556,2.1144590755181696,1.7356564966400072,1.6100721528940505,2.1144590755181696,1.7356564966400072,1.6100721528940505,3.8501155721581766,3.72453122841222,3.345728649534058,5.4601877250522275
386,9650,Sybil Attack,0.88,0.7331163724155901,0.2470431812584985,0.5312878887698611,0.7331163724155901,0.2470431812584985,0.5312878887698611,0.9801595536740886,1.2644042611854514,0.7783310700283597,1.5114474424439497,2.157441380867232,2.639229235137545,2.4292231726677938,2.157441380867232,2.639229235137545,2.4292231726677938,4.796670616004777,4.586664553535026,5.068452407805339,7.22589378867257
387,9675,Normal Traffic,0.68,0.9658600742929847,0.14069084876979354,0.5471560094711497,0.9658600742929847,0.14069084876979354,0.5471560094711497,1.1065509230627781,1.5130160837641344,0.6878468582409433,1.653706932533928,3.5611984181087903,0.5904020819052094,2.571155791188656,3.5611984181087903,0.5904020819052094,2.571155791188656,4.151600500014,6.132354209297446,3.1615578730938654,6.722756291202656
388,9700,Blackhole Attack,0.88,0.747811871163219,0.28135174090887716,0.35737380233279514,0.747811871163219,0.28135174090887716,0.35737380233279514,1.0291636120720962,1.1051856734960142,0.6387255432416723,1.3865374144048914,2.246074970589997,3.3001673354603787,0.8736462930646652,2.246074970589997,3.3001673354603787,0.8736462930646652,5.546242306050376,3.1197212636546623,4.173813628525044,6.4198885991150405
389,9725,Wormhole Attack,0.76,0.6729889925808519,0.2150493922931702,0.4617300530205334,0.6729889925808519,0.2150493922931702,0.4617300530205334,0.8880383848740221,1.1347190456013854,0.6767794453137036,1.3497684378945554,1.794792544859748,2.0228840922239057,1.8070621775258546,1.794792544859748,2.0228840922239057,1.8070621775258546,3.817676637083654,3.6018547223856023,3.8299462697497604,5.6247388146095085
390,9750,Sybil Attack,0.8,0.7987822113063724,0.24494368105100298,0.5361142840378555,0.7987822113063724,0.24494368105100298,0.5361142840378555,1.0437258923573753,1.334896495344228,0.7810579650888585,1.5798401763952308,2.553494561708466,2.5987833611950006,2.4723929298998217,2.553494561708466,2.5987833611950006,2.4723929298998217,5.152277922903467,5.025887491608287,5.071176291094822,7.624670852803289
391,9775,Sybil Attack,0.76,0.9529212230216711,0.3174369907433923,0.267681719850385,0.9529212230216711,0.3174369907433923,0.267681719850385,1.2703582137650635,1.2206029428720562,0.5851187105937774,1.5380399336154484,3.483159771393889,3.9953325280054433,0.07139425787036309,3.483159771393889,3.9953325280054433,0.07139425787036309,7.478492299399332,3.554554029264252,4.066726785875806,7.549886557269695
392,9800,Blackhole Attack,0.8,0.9137868986840478,0.26977943300349905,0.43685275268938567,0.9137868986840478,0.26977943300349905,0.43685275268938567,1.1835663316875469,1.3506396513734336,0.7066321856928848,1.6204190843769326,3.247127248307309,3.077232322120432,1.584546830926369,3.247127248307309,3.077232322120432,1.584546830926369,6.324359570427741,4.831674079233678,4.661779153046801,7.90890640135411
393,9825,Blackhole Attack,0.88,0.7700486571838574,0.21887769412295277,0.4442906507500016,0.7700486571838574,0.21887769412295277,0.4442906507500016,0.9889263513068102,1.2143393079338591,0.6631683448729544,1.4332170020568118,2.380192648577904,2.0966345079983846,1.6510752099264567,2.380192648577904,2.0966345079983846,1.6510752099264567,4.476827156576288,4.031267858504361,3.7477097179248413,6.127902366502745
394,9850,Sybil Attack,0.8,0.8517390445589486,0.2258960940891499,0.3475923650841718,0.8517390445589486,0.2258960940891499,0.3475923650841718,1.0776351386480985,1.1993314096431202,0.5734884591733217,1.4252275037322701,2.8728953736259966,2.2318406486302016,0.7861560963533515,2.8728953736259966,2.2318406486302016,0.7861560963533515,5.104736022256198,3.659051469979348,3.017996744983553,5.890892118609549
395,9875,Flooding Attack,0.8,0.7528930216743241,0.2823410236590751,0.4382370370060375,0.7528930216743241,0.2823410236590751,0.4382370370060375,1.0352340453333992,1.1911300586803617,0.7205780606651127,1.4734710823394368,2.2767211308500275,3.319225397595924,1.5969285805700935,2.2767211308500275,3.319225397595924,1.5969285805700935,5.5959465284459515,3.873649711420121,4.916153978166017,7.192875109016045
396,9900,Blackhole Attack,0.84,0.7841091916235483,0.2551499571821616,0.4921485345876353,0.7841091916235483,0.2551499571821616,0.4921485345876353,1.03925914880571,1.2762577262111836,0.7472984917697969,1.5314076833933452,2.464996550930075,2.795402421459858,2.0791406940383204,2.464996550930075,2.795402421459858,2.0791406940383204,5.2603989723899325,4.544137244968395,4.874543115498178,7.339539666428253
397,9925,Normal Traffic,0.56,0.8386949660425743,0.2186485848456269,0.42374258842860335,0.8386949660425743,0.2186485848456269,0.42374258842860335,1.0573435508882012,1.2624375544711777,0.6423911732742302,1.4810861393168047,2.794222065330258,2.0922208266295015,1.467282790792092,2.794222065330258,2.0922208266295015,1.467282790792092,4.88644289195976,4.26150485612235,3.5595036174215933,6.353725682751852
398,9950,Wormhole Attack,0.88,0.772642514792298,0.27086595675762004,0.5321116779425406,0.772642514792298,0.27086595675762004,0.5321116779425406,1.0435084715499179,1.3047541927348385,0.8029776347001606,1.5756201494924584,2.3958370928403276,3.0981636859935415,2.4365915659758954,2.3958370928403276,3.0981636859935415,2.4365915659758954,5.494000778833869,4.832428658816223,5.534755251969437,7.930592344809765
399,9975,Normal Traffic,0.72,0.7982508216238473,0.2545818048896663,0.5098588227441865,0.7982508216238473,0.2545818048896663,0.5098588227441865,1.0528326265135135,1.3081096443680338,0.7644406276338528,1.5626914492577,2.55028956840319,2.7844572374963636,2.237550604079791,2.55028956840319,2.7844572374963636,2.237550604079791,5.334746805899554,4.787840172482981,5.022007841576155,7.572297409979345
400,10000,Wormhole Attack,0.92,0.8524572471638124,0.2864244057463505,0.528276938147724,0.8524572471638124,0.2864244057463505,0.528276938147724,1.1388816529101629,1.3807341853115365,0.8147013438940744,1.6671585910578868,2.8772270996946747,3.397889813332371,2.402291684429099,2.8772270996946747,3.397889813332371,2.402291684429099,6.275116913027046,5.279518784123773,5.80018149776147,8.677408597456145
401,10025,Sybil Attack,0.72,0.6948284175066626,0.30825485555942816,0.3967499809491473,0.6948284175066626,0.30825485555942816,0.3967499809491473,1.0030832730660908,1.0915783984558098,0.7050048365085755,1.399833254015238,1.9265136018921105,3.818443056478773,1.2258470510227386,1.9265136018921105,3.818443056478773,1.2258470510227386,5.744956658370883,3.152360652914849,5.044290107501512,6.970803709393622
402,10050,Blackhole Attack,0.92,0.7399897438411511,0.26339518489031766,0.4825295792992583,0.7399897438411511,0.26339518489031766,0.4825295792992583,1.0033849287314687,1.2225193231404095,0.745924764189576,1.485914508030727,2.1988970397330903,2.9542428156265568,1.9931038194005084,2.1988970397330903,2.9542428156265568,1.9931038194005084,5.1531398553596475,4.192000859133598,4.947346635027065,7.146243674760155
403,10075,Wormhole Attack,0.92,0.6429078076507225,0.24098796221939142,0.3936021243913924,0.6429078076507225,0.24098796221939142,0.3936021243913924,0.883895769870114,1.036509932042115,0.6345900866107839,1.2774978942615065,1.6133626084377601,2.5225783174210994,1.1976910058059955,1.6133626084377601,2.5225783174210994,1.1976910058059955,4.1359409258588595,2.8110536142437557,3.720269323227095,5.333631931664855
404,10100,Flooding Attack,0.76,0.8499015066046348,0.27804609855784895,0.3889599182034069,0.8499015066046348,0.27804609855784895,0.3889599182034069,1.1279476051624837,1.2388614248080416,0.6670060167612559,1.5169075233658906,2.8618125524206985,3.2364857062080947,1.1561687302714374,2.8618125524206985,3.2364857062080947,1.1561687302714374,6.098298258628793,4.017981282692136,4.392654436479532,7.25446698890023
405,10125,Normal Traffic,0.68,0.9026317298195233,0.25789331984969294,0.4411683450007986,0.9026317298195233,0.25789331984969294,0.4411683450007986,1.1605250496692163,1.3438000748203218,0.6990616648504915,1.601693394670015,3.179846601531985,2.848251999770696,1.6231477042596298,3.179846601531985,2.848251999770696,1.6231477042596298,6.0280986013026805,4.802994305791615,4.4713997040303255,7.65124630556231
406,10150,Blackhole Attack,0.84,0.8425390229117565,0.23647831609733017,0.498131363739754,0.8425390229117565,0.23647831609733017,0.498131363739754,1.0790173390090867,1.3406703866515106,0.7346096798370841,1.5771487027488407,2.8174068898309605,2.435702127589256,2.1326541896631803,2.8174068898309605,2.435702127589256,2.1326541896631803,5.253109017420217,4.950061079494141,4.568356317252436,7.3857632070833965
407,10175,Sybil Attack,0.72,0.9731250949418849,0.2923998879879548,0.29945518939678106,0.9731250949418849,0.2923998879879548,0.29945518939678106,1.2655249829298398,1.272580284338666,0.5918550773847359,1.5649801723266208,3.6050162476755436,3.5130046395310046,0.35559248254397813,3.6050162476755436,3.5130046395310046,0.35559248254397813,7.118020887206548,3.960608730219522,3.868597122074983,7.473613369750526
408,10200,Blackhole Attack,0.72,0.6264202675243233,0.28009595288662303,0.5111159149731928,0.6264202675243233,0.28009595288662303,0.5111159149731928,0.9065162204109464,1.137536182497516,0.7912118678598158,1.4176321353841392,1.5139206029504213,3.275975175885774,2.2487946823889886,1.5139206029504213,3.275975175885774,2.2487946823889886,4.789895778836195,3.76271528533941,5.524769858274762,7.038690461225183
409,10225,Normal Traffic,0.72,0.91902679804703,0.18705900182723106,0.6621541155193601,0.91902679804703,0.18705900182723106,0.6621541155193601,1.106085799874261,1.5811809135663901,0.8492131173465911,1.7682399153936212,3.2787308773030293,1.4836625192294246,3.5997578937071246,3.2787308773030293,1.4836625192294246,3.5997578937071246,4.762393396532454,6.878488771010154,5.083420412936549,8.362151290239579
410,10250,Blackhole Attack,0.8,0.7840670299993093,0.27436385709530386,0.3859356009902841,0.7840670299993093,0.27436385709530386,0.3859356009902841,1.0584308870946133,1.1700026309895935,0.660299458085588,1.4443664880848974,2.4647422597236983,3.1655490740094394,1.129117684380327,2.4647422597236983,3.1655490740094394,1.129117684380327,5.630291333733138,3.5938599441040253,4.294666758389766,6.759409018113464
411,10275,Wormhole Attack,0.76,0.6409300836966747,0.27248584021412525,0.318749403531675,0.6409300836966747,0.27248584021412525,0.318749403531675,0.9134159239108,0.9596794872283497,0.5912352437458003,1.232165327442475,1.6014342774203292,3.129369971112979,0.5281698397508304,1.6014342774203292,3.129369971112979,0.5281698397508304,4.730804248533309,2.1296041171711595,3.6575398108638093,5.258974088284139
412,10300,Flooding Attack,0.76,0.6999329698388755,0.241058215841432,0.4919860461410485,0.6999329698388755,0.241058215841432,0.4919860461410485,0.9409911856803075,1.191919015979924,0.7330442619824805,1.432977231821356,1.957300906556047,2.5239317200694606,2.07768731394766,1.957300906556047,2.5239317200694606,2.07768731394766,4.481232626625507,4.034988220503707,4.601619034017121,6.558919940573167
413,10325,Blackhole Attack,0.84,0.7042257520653311,0.2383329280383075,0.29692440843396256,0.7042257520653311,0.2383329280383075,0.29692440843396256,0.9425586801036386,1.0011501604992936,0.53525733647227,1.2394830885376011,1.9831921474838332,2.471430345433344,0.332955878265665,1.9831921474838332,2.471430345433344,0.332955878265665,4.454622492917177,2.316148025749498,2.8043862236990087,4.787578371182842
414,10350,Normal Traffic,0.68,0.621439653778319,0.26288423513090975,0.4685691578024801,0.621439653778319,0.26288423513090975,0.4685691578024801,0.8843238889092288,1.090008811580799,0.7314533929333898,1.3528930467117088,1.4838808143789621,2.9443996112838255,1.8682346420106641,1.4838808143789621,2.9443996112838255,1.8682346420106641,4.428280425662788,3.352115456389626,4.8126342532944895,6.296515067673452
415,10375,Normal Traffic,0.72,0.8652795338638205,0.3016965292786623,0.34469654328119437,0.8652795338638205,0.3016965292786623,0.34469654328119437,1.1669760631424828,1.209976077145015,0.6463930725598567,1.5116726064236772,2.954562705528369,3.692100016797745,0.7602543793823549,2.954562705528369,3.692100016797745,0.7602543793823549,6.6466627223261145,3.714817084910724,4.4523543961801,7.406917101708469
416,10400,Sybil Attack,0.8,1.0065754136851808,0.26726812033108044,0.3992492648459381,1.0065754136851808,0.26726812033108044,0.3992492648459381,1.2738435340162613,1.4058246785311188,0.6665173851770185,1.6730927988621993,3.806766584870964,3.0288530767093906,1.2482019293713595,3.806766584870964,3.0288530767093906,1.2482019293713595,6.835619661580354,5.054968514242324,4.27705500608075,8.083821590951715
417,10425,Blackhole Attack,0.76,0.6255148303687147,0.2164222469578878,0.5612522973316119,0.6255148303687147,0.2164222469578878,0.5612522973316119,0.8419370773266025,1.1867671277003264,0.7776745442894997,1.4031893746582145,1.5084596011329148,2.0493314850426185,2.697240227091438,1.5084596011329148,2.0493314850426185,2.697240227091438,3.5577910861755333,4.205699828224352,4.746571712134056,6.255031313266971
418,10450,Wormhole Attack,0.84,0.650778209753705,0.24773516952155614,0.44912188756051935,0.650778209753705,0.24773516952155614,0.44912188756051935,0.8985133792752612,1.0999000973142243,0.6968570570820755,1.3476352668357805,1.6608317010441949,2.6525600602345984,1.694288272400545,1.6608317010441949,2.6525600602345984,1.694288272400545,4.313391761278793,3.35511997344474,4.346848332635144,6.007680033679338
419,10475,Wormhole Attack,0.88,0.6884774182684581,0.2611662553108232,0.5118052410015472,0.6884774182684581,0.2611662553108232,0.5118052410015472,0.9496436735792813,1.2002826592700053,0.7729714963123704,1.4614489145808285,1.8882085487274851,2.911303546329422,2.254960368298536,1.8882085487274851,2.911303546329422,2.254960368298536,4.799512095056907,4.1431689170260215,5.166263914627958,7.054472463355443
420,10500,Blackhole Attack,0.84,0.7625288332724508,0.23525157230807936,0.49154365968826924,0.7625288332724508,0.23525157230807936,0.49154365968826924,0.9977804055805302,1.25407249296072,0.7267952319963487,1.4893240652687993,2.3348380132030013,2.412069491363406,2.0737303823851203,2.3348380132030013,2.412069491363406,2.0737303823851203,4.7469075045664075,4.408568395588121,4.485799873748526,6.820637886951528
421,10525,Wormhole Attack,0.72,0.7615759713303567,0.2426346010253177,0.48669125243150163,0.7615759713303567,0.2426346010253177,0.48669125243150163,1.0042105723556745,1.2482672237618584,0.7293258534568193,1.4909018247871761,2.3290909762436987,2.5543000316346176,2.0303279605704985,2.3290909762436987,2.5543000316346176,2.0303279605704985,4.883391007878316,4.359418936814198,4.584627992205116,6.913718968448815
422,10550,Sybil Attack,0.84,0.727284485074979,0.26567153479477806,0.3663156970115159,0.727284485074979,0.26567153479477806,0.3663156970115159,0.9929560198697571,1.093600182086495,0.631987231806294,1.3592717168812731,2.122267269478837,2.9980956149529057,0.9536271899950456,2.122267269478837,2.9980956149529057,0.9536271899950456,5.120362884431742,3.0758944594738824,3.951722804947951,6.073990074426788
423,10575,Blackhole Attack,0.76,0.7254193036276005,0.2647442677332924,0.5316503596832024,0.7254193036276005,0.2647442677332924,0.5316503596832024,0.990163571360893,1.257069663310803,0.7963946274164948,1.5218139310440955,2.1110177208922587,2.9802322555943177,2.432465298615575,2.1110177208922587,2.9802322555943177,2.432465298615575,5.091249976486576,4.543483019507834,5.412697554209893,7.523715275102152
424,10600,Blackhole Attack,0.8,0.9520471345748385,0.306655618050264,0.4070669979196026,0.9520471345748385,0.306655618050264,0.4070669979196026,1.2587027526251025,1.3591141324944411,0.7137226159698666,1.665769750544705,3.4778878443835537,3.7876345057251615,1.3181277477420408,3.4778878443835537,3.7876345057251615,1.3181277477420408,7.265522350108715,4.7960155921255945,5.105762253467202,8.583650097850756
425,10625,Blackhole Attack,0.76,0.5956866492036753,0.22797376189604676,0.5728783975759912,0.5956866492036753,0.22797376189604676,0.5728783975759912,0.8236604110997221,1.1685650467796664,0.800852159472038,1.3965388086757133,1.3285556171333937,2.2718659317486423,2.801230036718787,1.3285556171333937,2.2718659317486423,2.801230036718787,3.6004215488820357,4.12978565385218,5.073095968467429,6.401651585600822
426,10650,Sybil Attack,0.8,0.6647240734563561,0.26920905775655074,0.4741667837798769,0.6647240734563561,0.26920905775655074,0.4741667837798769,0.9339331312129069,1.138890857236233,0.7433758415364277,1.4080999149927838,1.7449439848787136,3.0662443139956133,1.918302682670817,1.7449439848787136,3.0662443139956133,1.918302682670817,4.811188298874327,3.6632466675495303,4.98454699666643,6.729490981545144
427,10675,Blackhole Attack,0.72,0.8394736507607489,0.29772179194953446,0.4655347928596022,0.8394736507607489,0.29772179194953446,0.4655347928596022,1.1371954427102833,1.305008443620351,0.7632565848091366,1.6027302355698856,2.798918579754119,3.6155285907056265,1.8410937240659453,2.798918579754119,3.6155285907056265,1.8410937240659453,6.414447170459745,4.640012303820065,5.456622314771572,8.25554089452569
428,10700,Sybil Attack,0.88,0.6963472550960147,0.2766764723318029,0.4872372651440967,0.6963472550960147,0.2766764723318029,0.4872372651440967,0.9730237274278176,1.1835845202401114,0.7639137374758996,1.4602609925719143,1.935674231964082,3.210100507726432,2.035211778604351,1.935674231964082,3.210100507726432,2.035211778604351,5.1457747396905145,3.9708860105684334,5.245312286330783,7.180986518294866
429,10725,Wormhole Attack,0.84,0.8618472888196305,0.2721031806768131,0.6565513627672686,0.8618472888196305,0.2721031806768131,0.6565513627672686,1.1339504694964435,1.518398651586899,0.9286545434440816,1.790501832263712,2.9338616592897164,3.1219982169432083,3.549643996541927,2.9338616592897164,3.1219982169432083,3.549643996541927,6.055859876232924,6.483505655831643,6.671642213485136,9.60550387277485
430,10750,Sybil Attack,0.92,0.6424679227341491,0.2631225357131442,0.43088582282901033,0.6424679227341491,0.2631225357131442,0.43088582282901033,0.9055904584472934,1.0733537455631594,0.6940083585421546,1.3364762812763038,1.6107095117385348,2.948990358774623,1.531175546729834,1.6107095117385348,2.948990358774623,1.531175546729834,4.559699870513158,3.141885058468369,4.480165905504457,6.090875417242992
431,10775,Blackhole Attack,0.92,0.9042321342273267,0.1984783685939383,0.6516572126108237,0.9042321342273267,0.1984783685939383,0.6516572126108237,1.1027105028212651,1.5558893468381503,0.850135581204762,1.754367715432089,3.189499189042473,1.7036511942012078,3.5058682048010623,3.189499189042473,1.7036511942012078,3.5058682048010623,4.893150383243681,6.695367393843535,5.20951939900227,8.399018588044743
432,10800,Wormhole Attack,0.92,0.7292700782941467,0.22001922296261706,0.5969792684090994,0.7292700782941467,0.22001922296261706,0.5969792684090994,0.9492893012567638,1.3262493467032461,0.8169984913717165,1.5462685696658633,2.13424306273134,2.1186255187094134,3.016800599255429,2.13424306273134,2.1186255187094134,3.016800599255429,4.252868581440753,5.151043661986769,5.135426117964842,7.269669180696182
433,10825,Sybil Attack,0.8,0.9281842041724839,0.3184017968897322,0.3483223754086003,0.9281842041724839,0.3184017968897322,0.3483223754086003,1.246586001062216,1.2765065795810842,0.6667241722983325,1.5949083764708163,3.333962332280301,4.013919059997457,0.7926856834950088,3.333962332280301,4.013919059997457,0.7926856834950088,7.347881392277758,4.12664801577531,4.806604743492466,8.140567075772767
434,10850,Sybil Attack,0.84,0.8157392993228546,0.24637331403349602,0.36690590691183145,0.8157392993228546,0.24637331403349602,0.36690590691183145,1.0621126133563505,1.1826452062346862,0.6132792209453275,1.429018520268182,2.655768571455036,2.6263245613280524,0.958906330367473,2.655768571455036,2.6263245613280524,0.958906330367473,5.282093132783088,3.614674901822509,3.5852308916955256,6.240999463150561
435,10875,Wormhole Attack,0.8,0.8059648899162174,0.2735506235797899,0.3691761882959081,0.8059648899162174,0.2735506235797899,0.3691761882959081,1.0795155134960073,1.1751410782121254,0.6427268118756979,1.4486917017919154,2.5968157582155396,3.1498825167321876,0.9792128926685146,2.5968157582155396,3.1498825167321876,0.9792128926685146,5.746698274947727,3.576028650884054,4.129095409400702,6.725911167616242
436,10900,Blackhole Attack,0.84,0.5637734498136355,0.2937651020563465,0.4298771292107011,0.5637734498136355,0.2937651020563465,0.4298771292107011,0.8575385518699821,0.9936505790243366,0.7236422312670476,1.2874156810806832,1.1360761735939917,3.539304839891845,1.522153273126868,1.1360761735939917,3.539304839891845,1.522153273126868,4.675381013485836,2.65822944672086,5.061458113018713,6.197534286612704
437,10925,Flooding Attack,0.8,0.7310661345629234,0.35672988482522006,0.375100706075468,0.7310661345629234,0.35672988482522006,0.375100706075468,1.0877960193881435,1.1061668406383913,0.7318305909006881,1.4628967254636116,2.145075693673616,4.7522914628974515,1.0322048214391384,2.145075693673616,4.7522914628974515,1.0322048214391384,6.897367156571068,3.1772805151127548,5.78449628433659,7.929571978010206
438,10950,Normal Traffic,0.64,0.649664182120241,0.2416069402584336,0.40805009858534486,0.649664182120241,0.2416069402584336,0.40805009858534486,0.8912711223786747,1.057714280705586,0.6496570388437785,1.2993212209640195,1.6541126185618662,2.534502635242514,1.3269211048373815,1.6541126185618662,2.534502635242514,1.3269211048373815,4.188615253804381,2.9810337233992477,3.8614237400798954,5.5155363586417625
439,10975,Sybil Attack,0.72,0.8698482827246421,0.3093626837399766,0.35070218470727943,0.8698482827246421,0.3093626837399766,0.35070218470727943,1.1792109664646186,1.2205504674319214,0.6600648684472561,1.5299131511718982,2.9821183958135835,3.839784840004439,0.8139719196977873,2.9821183958135835,3.839784840004439,0.8139719196977873,6.821903235818023,3.7960903155113708,4.653756759702226,7.63587515551581
440,11000,Wormhole Attack,0.76,0.5325253967825223,0.24295456274974553,0.4068653912171782,0.5325253967825223,0.24295456274974553,0.4068653912171782,0.7754799595322679,0.9393907879997005,0.6498199539669237,1.1823453507494461,0.9476084557193755,2.560463942229361,1.316324473887177,0.9476084557193755,2.560463942229361,1.316324473887177,3.5080723979487365,2.2639329296065527,3.876788416116538,4.824396871835914
441,11025,Sybil Attack,1.0,0.8501058950763857,0.27118490755373753,0.3747020595712037,0.8501058950763857,0.27118490755373753,0.3747020595712037,1.1212908026301232,1.2248079546475894,0.6458869671249412,1.495992862201327,2.863045289346497,3.104308121534718,1.0286391224329652,2.863045289346497,3.104308121534718,1.0286391224329652,5.9673534108812145,3.8916844117794622,4.132947243967683,6.99599253331418
442,11050,Blackhole Attack,0.92,0.6609706385962612,0.23889964046382475,0.49682695782678754,0.6609706385962612,0.23889964046382475,0.49682695782678754,0.8998702790600859,1.1577975964230487,0.7357265982906123,1.3966972368868733,1.7223057327748537,2.4823477910436433,2.1209869134729766,1.7223057327748537,2.4823477910436433,2.1209869134729766,4.2046535238184966,3.8432926462478303,4.6033347045166195,6.325640437291473
443,11075,Blackhole Attack,0.88,0.7741403722915962,0.2655348692453346,0.371830487067868,0.7741403722915962,0.2655348692453346,0.371830487067868,1.0396752415369308,1.1459708593594642,0.6373653563132026,1.4115057286047987,2.40487118479841,2.9954628180780376,1.0029543036479749,2.40487118479841,2.9954628180780376,1.0029543036479749,5.4003340028764475,3.4078254884463846,3.9984171217260123,6.403288306524423
444,11100,Wormhole Attack,0.84,0.7430989402621019,0.1833886609188983,0.5918299444386061,0.7430989402621019,0.1833886609188983,0.5918299444386061,0.9264876011810002,1.334928884700708,0.7752186053575044,1.5183175456196063,2.21764966900241,1.4129551455532503,2.9707424019110515,2.21764966900241,1.4129551455532503,2.9707424019110515,3.63060481455566,5.188392070913462,4.383697547464302,6.601347216466712
445,11125,Normal Traffic,0.72,0.6046312361722747,0.2722332052718077,0.47652068227391897,0.6046312361722747,0.2722332052718077,0.47652068227391897,0.8768644414440824,1.0811519184461935,0.7487538875457267,1.3533851237180015,1.38250348683345,3.124503078985997,1.9393571593338645,1.38250348683345,3.124503078985997,1.9393571593338645,4.507006565819447,3.3218606461673144,5.063860238319862,6.4463637251533115
446,11150,Flooding Attack,0.84,0.6783617518124209,0.1882529580720325,0.47743190893434995,0.6783617518124209,0.1882529580720325,0.47743190893434995,0.8666147098844533,1.1557936607467707,0.6656848670063824,1.3440466188188034,1.8271974972596738,1.5066635189901048,1.9475076384243397,1.8271974972596738,1.5066635189901048,1.9475076384243397,3.3338610162497786,3.7747051356840133,3.4541711574144447,5.281368654674118
447,11175,Blackhole Attack,1.0,0.9239051297976484,0.2540575894099985,0.37244172868915504,0.9239051297976484,0.2540575894099985,0.37244172868915504,1.177962719207647,1.2963468584868034,0.6264993180991536,1.550404447896802,3.308153768103902,2.774358475355889,1.0084215625308222,3.308153768103902,2.774358475355889,1.0084215625308222,6.082512243459791,4.316575330634724,3.7827800378867114,7.0909338059906135
448,11200,Wormhole Attack,0.76,0.64377895437375,0.2414053196698919,0.3938845712179703,0.64377895437375,0.2414053196698919,0.3938845712179703,0.8851842740436419,1.0376635255917204,0.6352898908878623,1.2790688452616121,1.6186167929035717,2.5306185104021046,1.2002173552360105,1.6186167929035717,2.5306185104021046,1.2002173552360105,4.149235303305677,2.818834148139582,3.730835865638115,5.349452658541687
449,11225,Wormhole Attack,0.88,0.9072846114717501,0.2800853722994107,0.49756239280274156,0.9072846114717501,0.2800853722994107,0.49756239280274156,1.1873699837711609,1.4048470042744916,0.7776477651021523,1.6849323765739024,3.207909725518069,3.2757713459003805,2.1275650214829884,3.207909725518069,3.2757713459003805,2.1275650214829884,6.48368107141845,5.335474747001058,5.403336367383369,8.611246092901439
450,11250,Wormhole Attack,0.84,0.9288286060043865,0.2279610391075056,0.35153592202685763,0.9288286060043865,0.2279610391075056,0.35153592202685763,1.1567896451118922,1.2803645280312441,0.5794969611343632,1.5083255671387499,3.337848940592569,2.2716208332724923,0.8214292943393028,3.337848940592569,2.2716208332724923,0.8214292943393028,5.609469773865062,4.159278234931872,3.093050127611795,6.430899068204364
451,11275,Flooding Attack,0.76,0.6402142114902281,0.2674984521367109,0.41579894677622686,0.6402142114902281,0.2674984521367109,0.41579894677622686,0.907712663626939,1.056013158266455,0.6832973989129378,1.323511610403166,1.5971166067832328,3.0332903095051913,1.3962307814497616,1.5971166067832328,3.0332903095051913,1.3962307814497616,4.630406916288424,2.993347388232994,4.429521090954953,6.0266376977381855
452,11300,Wormhole Attack,0.88,1.0285456526498966,0.22007771547881338,0.46170796026801064,1.0285456526498966,0.22007771547881338,0.46170796026801064,1.24862336812871,1.4902536129179071,0.681785675746824,1.7103313283967205,3.9392766262075285,2.119752349241848,1.8068645686044886,3.9392766262075285,2.119752349241848,1.8068645686044886,6.059028975449376,5.746141194812017,3.926616917846337,7.865893544053865
453,11325,Normal Traffic,0.76,0.7901161157519104,0.32655745746824333,0.22448231418139658,0.7901161157519104,0.32655745746824333,0.22448231418139658,1.1166735732201538,1.014598429933307,0.5510397716496399,1.3411558874015503,2.501226369177988,4.171033985968402,-0.31500340575760477,2.501226369177988,4.171033985968402,-0.31500340575760477,6.67226035514639,2.1862229634203834,3.856030580210797,6.357256949388786
454,11350,Blackhole Attack,0.84,0.8330807320996577,0.26118631272091114,0.5322918833297158,0.8330807320996577,0.26118631272091114,0.5322918833297158,1.094267044820569,1.3653726154293735,0.793478196050627,1.6265589281502848,2.7603606961824854,2.911689942804704,2.4382034154793635,2.7603606961824854,2.911689942804704,2.4382034154793635,5.672050638987189,5.198564111661849,5.349893358284067,8.110254054466552
455,11375,Wormhole Attack,0.76,0.8042378914777656,0.1184749820863137,0.6767517860821467,0.8042378914777656,0.1184749820863137,0.6767517860821467,0.9227128735640793,1.4809896775599123,0.7952267681684604,1.5994646596462259,2.5863996387170234,0.1624239658771747,3.730326953918077,2.5863996387170234,0.1624239658771747,3.730326953918077,2.748823604594198,6.3167265926351,3.8927509197952515,6.479150558512275
456,11400,Blackhole Attack,0.76,0.7907163706894953,0.2729131624985954,0.4327555162020672,0.7907163706894953,0.2729131624985954,0.4327555162020672,1.0636295331880907,1.2234718868915624,0.7056686787006625,1.4963850493901578,2.5048467124395972,3.137602131885726,1.5478990441914782,2.5048467124395972,3.137602131885726,1.5478990441914782,5.642448844325323,4.052745756631076,4.685501176077205,7.1903478885168015
457,11425,Normal Traffic,0.72,0.7571201590776632,0.3160898896273083,0.3174140317195289,0.7571201590776632,0.3160898896273083,0.3174140317195289,1.0732100487049714,1.0745341907971921,0.6335039213468372,1.3906240804245003,2.30221644535031,3.9693812650646354,0.5162255886599338,2.30221644535031,3.9693812650646354,0.5162255886599338,6.271597710414945,2.8184420340102436,4.485606853724569,6.787823299074879
458,11450,Blackhole Attack,0.76,0.8594159954307493,0.2716982826663671,0.5110032947836487,0.8594159954307493,0.2716982826663671,0.5110032947836487,1.1311142780971164,1.370419290214398,0.7827015774500158,1.642117572880765,2.919197695553165,3.114198049154884,2.2477873495925467,2.919197695553165,3.114198049154884,2.2477873495925467,6.033395744708049,5.1669850451457116,5.36198539874743,8.281183094300594
459,11475,Sybil Attack,0.84,0.7059959180462086,0.2789864296232731,0.3573462491498854,0.7059959180462086,0.2789864296232731,0.3573462491498854,0.9849823476694817,1.063342167196094,0.6363326787731585,1.342328596819367,1.9938686252260815,3.2546007373953367,0.8733998432504381,1.9938686252260815,3.2546007373953367,0.8733998432504381,5.248469362621418,2.8672684684765195,4.128000580645775,6.121869205871857
460,11500,Blackhole Attack,0.84,0.9755779933451858,0.2133952317776182,0.27735014755053866,0.9755779933451858,0.2133952317776182,0.27735014755053866,1.188973225122804,1.2529281408957245,0.49074537932815687,1.4663233726733427,3.6198105186590226,1.991017475848307,0.15787363915910038,3.6198105186590226,1.991017475848307,0.15787363915910038,5.610827994507329,3.777684157818123,2.1488911150074075,5.76870163366643
461,11525,Blackhole Attack,0.76,0.7831963762890218,0.28079367784065556,0.5362890438879633,0.7831963762890218,0.28079367784065556,0.5362890438879633,1.0639900541296774,1.319485420176985,0.8170827217286188,1.6002790980176407,2.459491048786698,3.2894165156087314,2.473956071723925,2.459491048786698,3.2894165156087314,2.473956071723925,5.748907564395429,4.933447120510623,5.763372587332656,8.222863636119353
462,11550,Normal Traffic,0.72,0.800346072502896,0.2674371445258277,0.33380440288383095,0.800346072502896,0.2674371445258277,0.33380440288383095,1.0677832170287238,1.1341504753867269,0.6012415474096586,1.4015876199125548,2.5629267445868043,3.032109247511175,0.6628294834544387,2.5629267445868043,3.032109247511175,0.6628294834544387,5.595035992097979,3.225756228041243,3.6949387309656134,6.257865475552418
463,11575,Blackhole Attack,0.92,0.8576828263355706,0.34106158727730385,0.3648744255139054,0.8576828263355706,0.34106158727730385,0.3648744255139054,1.1987444136128744,1.222557251849476,0.7059360127912093,1.5636188391267798,2.908744358708981,4.450449155259265,0.9407357177466195,2.908744358708981,4.450449155259265,0.9407357177466195,7.359193513968246,3.8494800764556008,5.3911848730058844,8.299929231714865
464,11600,Sybil Attack,0.8,0.8404027456910534,0.34005859506688285,0.33514347903300995,0.8404027456910534,0.34005859506688285,0.33514347903300995,1.1804613407579363,1.1755462247240633,0.6752020740998927,1.5156048197909462,2.8045222697193477,4.431126986886425,0.6748068680376285,2.8045222697193477,4.431126986886425,0.6748068680376285,7.235649256605773,3.4793291377569764,5.105933854924054,7.910456124643401
465,11625,Blackhole Attack,0.8,0.8742246932668484,0.2869190772806086,0.342179902626647,0.8742246932668484,0.2869190772806086,0.342179902626647,1.161143770547457,1.2164045958934953,0.6290989799072556,1.503323673174104,3.0085140277766618,3.407419425402015,0.7377442532810983,3.0085140277766618,3.407419425402015,0.7377442532810983,6.415933453178677,3.7462582810577603,4.145163678683113,7.153677706459775
466,11650,Normal Traffic,0.68,0.8050234242128574,0.26492583640746104,0.34351879353291653,0.8050234242128574,0.26492583640746104,0.34351879353291653,1.0699492606203185,1.148542217745774,0.6084446299403776,1.413468054153235,2.591137455878021,2.983730089831781,0.749719980956599,2.591137455878021,2.983730089831781,0.749719980956599,5.574867545709802,3.3408574368346198,3.73345007078838,6.324587526666401
467,11675,Wormhole Attack,0.84,0.7289009865942754,0.26779982820616005,0.4830400043157026,0.7289009865942754,0.26779982820616005,0.4830400043157026,0.9967008148004355,1.2119409909099779,0.7508398325218626,1.479740819116138,2.1320169441859074,3.039096176287543,1.997669322808647,2.1320169441859074,3.039096176287543,1.997669322808647,5.17111312047345,4.129686266994554,5.03676549909619,7.1687824432820975
468,11700,Wormhole Attack,0.72,0.7329948827437944,0.2797708902543294,0.5330922370908312,0.7329948827437944,0.2797708902543294,0.5330922370908312,1.0127657729981239,1.2660871198346255,0.8128631273451605,1.545858010088955,2.1567086350169267,3.269712998724637,2.44536219043429,2.1567086350169267,3.269712998724637,2.44536219043429,5.426421633741564,4.602070825451216,5.715075189158927,7.8717838241758535
469,11725,Blackhole Attack,0.8,0.867690845705011,0.25748267275836556,0.47801756635633025,0.867690845705011,0.25748267275836556,0.47801756635633025,1.1251735184633764,1.3457084120613412,0.7355002391146959,1.6031910848197066,2.9691061537022674,2.840341078670806,1.952746059093215,2.9691061537022674,2.840341078670806,1.952746059093215,5.809447232373073,4.921852212795482,4.7930871377640205,7.762193291466288
470,11750,Blackhole Attack,0.8,0.757935571273664,0.2603307048502937,0.47357905513770254,0.757935571273664,0.2603307048502937,0.47357905513770254,1.0182662761239576,1.2315146264113666,0.7339097599879962,1.4918453312616602,2.307134475781018,2.8952070637101013,1.9130457359451252,2.307134475781018,2.8952070637101013,1.9130457359451252,5.202341539491119,4.220180211726143,4.808252799655227,7.115387275436245
471,11775,Blackhole Attack,0.8,0.8332186632276796,0.27010478420510725,0.5952917674382235,0.8332186632276796,0.27010478420510725,0.5952917674382235,1.1033234474327869,1.428510430665903,0.8653965516433308,1.6986152148710105,2.761192606090481,3.0835000584323033,3.0017067241796327,2.761192606090481,3.0835000584323033,3.0017067241796327,5.844692664522784,5.7628993302701135,6.085206782611936,8.846399388702416
472,11800,Blackhole Attack,0.68,0.7074561176059687,0.2596530360484547,0.5184011498986082,0.7074561176059687,0.2596530360484547,0.5184011498986082,0.9671091536544234,1.225857267504577,0.7780541859470629,1.4855103035530317,2.002675589243823,2.8821520962296874,2.3139575639279397,2.002675589243823,2.8821520962296874,2.3139575639279397,4.88482768547351,4.316633153171763,5.196109660157627,7.19878524940145
473,11825,Normal Traffic,0.6,0.8917215943559269,0.24906104382530941,0.3992821196959497,0.8917215943559269,0.24906104382530941,0.3992821196959497,1.1407826381812363,1.2910037140518766,0.6483431635212591,1.540064757877186,3.114043835181083,2.6781023987215438,1.2484958000181132,3.114043835181083,2.6781023987215438,1.2484958000181132,5.792146233902627,4.362539635199196,3.926598198739657,7.04064203392074
474,11850,Wormhole Attack,0.76,0.9019873477424227,0.26169139687255416,0.5118730383260718,0.9019873477424227,0.26169139687255416,0.5118730383260718,1.1636787446149768,1.4138603860684946,0.7735644351986259,1.6755517829410485,3.175960112367699,2.921420149000825,2.255566782377407,3.175960112367699,2.921420149000825,2.255566782377407,6.097380261368524,5.431526894745106,5.176986931378232,8.352947043745932
475,11875,Normal Traffic,0.72,0.7491926764199985,0.22708553243056914,0.528378882537659,0.7491926764199985,0.22708553243056914,0.528378882537659,0.9762782088505677,1.2775715589576575,0.7554644149682281,1.5046570913882267,2.2544030803546407,2.2547546131288567,2.403203527392696,2.2544030803546407,2.2547546131288567,2.403203527392696,4.509157693483497,4.657606607747336,4.657958140521552,6.9123612208761935
476,11900,Wormhole Attack,0.88,0.7439702645355215,0.2922582007667322,0.33218206807499445,0.7439702645355215,0.2922582007667322,0.33218206807499445,1.0362284653022538,1.076152332610516,0.6244402688417267,1.3684105333772483,2.222904924335491,3.5102751025353047,0.6483184879893609,2.222904924335491,3.5102751025353047,0.6483184879893609,5.733180026870796,2.871223412324852,4.158593590524665,6.381498514860157
477,11925,Sybil Attack,0.76,0.6979980252844361,0.29035726853530247,0.3472716444975348,0.6979980252844361,0.29035726853530247,0.3472716444975348,0.9883552938197386,1.045269669781971,0.6376289130328372,1.3356269383172734,1.9456305927599837,3.473654546304237,0.7832874067629552,1.9456305927599837,3.473654546304237,0.7832874067629552,5.419285139064221,2.728917999522939,4.256941953067193,6.202572545827176
478,11950,Blackhole Attack,0.88,0.9142345725595865,0.17862616744133344,0.6364904449760277,0.9142345725595865,0.17862616744133344,0.6364904449760277,1.09286074000092,1.5507250175356142,0.8151166124173611,1.7293511849769478,3.2498273228876626,1.3212079715553215,3.3702088481937458,3.2498273228876626,1.3212079715553215,3.3702088481937458,4.571035294442984,6.620036171081408,4.691416819749067,7.94124414263673
479,11975,Blackhole Attack,0.76,0.9482790945775998,0.26392721482703413,0.4470809900328283,0.9482790945775998,0.26392721482703413,0.4470809900328283,1.212206309404634,1.3953600846104282,0.7110082048598625,1.6592872994374623,3.4551615036917753,2.9644921195691194,1.6760334370806687,3.4551615036917753,2.9644921195691194,1.6760334370806687,6.419653623260895,5.131194940772444,4.640525556649788,8.095687060341563
480,12000,Blackhole Attack,0.76,0.9740944593093392,0.2915603291843928,0.3222851354753079,0.9740944593093392,0.2915603291843928,0.3222851354753079,1.2656547884937321,1.2963795947846473,0.6138454646597007,1.58793992396904,3.6108628164182806,3.4968309380876836,0.5597952415608204,3.6108628164182806,3.4968309380876836,0.5597952415608204,7.107693754505965,4.170658057979101,4.056626179648504,7.667488996066785
481,12025,Flooding Attack,0.8,0.9270583020303121,0.29255062366230133,0.4208801993713125,0.9270583020303121,0.29255062366230133,0.4208801993713125,1.2196089256926135,1.3479385014016247,0.7134308230336138,1.640489125063926,3.3271716305660544,3.5159084906768623,1.4416801134634678,3.3271716305660544,3.5159084906768623,1.4416801134634678,6.843080121242917,4.768851744029522,4.95758860414033,8.284760234706384
482,12050,Blackhole Attack,0.92,0.8734389711392823,0.2667289597077971,0.5152459957116149,0.8734389711392823,0.2667289597077971,0.5152459957116149,1.1401679308470793,1.3886849668508972,0.781974955419412,1.6554139265586942,3.0037750683247393,3.018466403478186,2.2857362449685588,3.0037750683247393,3.018466403478186,2.2857362449685588,6.022241471802925,5.289511313293298,5.304202648446745,8.307977716771484
483,12075,Normal Traffic,0.64,0.8963018548754708,0.26240280483803946,0.4749990885851249,0.8963018548754708,0.26240280483803946,0.4749990885851249,1.1587046597135102,1.3713009434605956,0.7374018934231643,1.6337037482986352,3.141668956225589,2.9351250854380853,1.9257472441686854,3.141668956225589,2.9351250854380853,1.9257472441686854,6.076794041663675,5.067416200394274,4.860872329606771,8.00254128583236
484,12100,Wormhole Attack,0.84,0.6427185869287301,0.1891260362402444,0.5929853295394941,0.6427185869287301,0.1891260362402444,0.5929853295394941,0.8318446231689745,1.2357039164682242,0.7821113657797385,1.4248299527084685,1.612221353409391,1.5234829550670417,2.9810767594481544,1.612221353409391,1.5234829550670417,2.9810767594481544,3.1357043084764324,4.593298112857545,4.504559714515196,6.116781067924586
485,12125,Blackhole Attack,0.84,0.652054664354062,0.2623872577286206,0.5264323282577353,0.652054664354062,0.2623872577286206,0.5264323282577353,0.9144419220826826,1.1784869926117973,0.7888195859863559,1.440874250340418,1.6685304362345217,2.934825577762172,2.3857925465183123,1.6685304362345217,2.934825577762172,2.3857925465183123,4.603356013996693,4.054322982752834,5.320618124280484,6.989148560515005
486,12150,Wormhole Attack,0.92,0.9191105078119839,0.24361595099431205,0.5096013384361457,0.9191105078119839,0.24361595099431205,0.5096013384361457,1.162726458806296,1.4287118462481296,0.7532172894304578,1.6723277972424417,3.279235759586382,2.573205272509451,2.2352475322317624,3.279235759586382,2.573205272509451,2.2352475322317624,5.852441032095833,5.514483291818145,4.808452804741213,8.087688564327596
487,12175,Flooding Attack,0.76,0.8735999923423223,0.20553977054356046,0.45981106607287436,0.8735999923423223,0.20553977054356046,0.45981106607287436,1.0791397628858828,1.3334110584151966,0.6653508366164348,1.538950828958757,3.0047462423891256,1.8396857476117796,1.789897773024792,3.0047462423891256,1.8396857476117796,1.789897773024792,4.844431990000905,4.794644015413917,3.6295835206365714,6.634329763025697
488,12200,Sybil Attack,0.84,0.8254552090002538,0.29287687760659437,0.28540998611801105,0.8254552090002538,0.29287687760659437,0.28540998611801105,1.1183320866068482,1.1108651951182649,0.5782868637246055,1.4037420727248593,2.714368552777139,3.5221936178976283,0.2299649733675611,2.714368552777139,3.5221936178976283,0.2299649733675611,6.236562170674768,2.9443335261447,3.7521585912651894,6.466527144042329
489,12225,Wormhole Attack,0.76,0.9446901813260418,0.3086671893525104,0.5273241069116172,0.9446901813260418,0.3086671893525104,0.5273241069116172,1.2533573706785521,1.472014288237659,0.8359912962641276,1.7806814775901694,3.4335155377975917,3.8263864710865523,2.3937690726532685,3.4335155377975917,3.8263864710865523,2.3937690726532685,7.2599020088841435,5.82728461045086,6.220155543739821,9.653671081537412
490,12250,Wormhole Attack,0.76,0.7463929051820521,0.2684286498028807,0.6861452401601074,0.7463929051820521,0.2684286498028807,0.6861452401601074,1.0148215549849329,1.4325381453421595,0.9545738899629881,1.7009667951450402,2.2375167004172614,3.051210125570574,3.8143468299536907,2.2375167004172614,3.051210125570574,3.8143468299536907,5.288726825987835,6.051863530370952,6.865556955524265,9.103073655941525
491,12275,Wormhole Attack,0.88,0.7343538164949426,0.24129279520899213,0.5114711684855924,0.7343538164949426,0.24129279520899213,0.5114711684855924,0.9756466117039347,1.245824984980535,0.7527639636945845,1.4871177801895272,2.164904830234807,2.5284507801276535,2.2519722521972088,2.164904830234807,2.5284507801276535,2.2519722521972088,4.6933556103624605,4.416877082432016,4.780423032324862,6.945327862559669
492,12300,Blackhole Attack,0.88,0.6749658376240796,0.2447605541373051,0.5739989301052609,0.6749658376240796,0.2447605541373051,0.5739989301052609,0.9197263917613847,1.2489647677293405,0.8187594842425661,1.4937253218666457,1.8067155748647825,2.595255508213387,2.811252654961421,1.8067155748647825,2.595255508213387,2.811252654961421,4.40197108307817,4.617968229826204,5.4065081631748075,7.213223738039591
493,12325,Wormhole Attack,0.76,0.6524100356639566,0.23526569086053564,0.6042950154497224,0.6524100356639566,0.23526569086053564,0.6042950154497224,0.8876757265244922,1.256705051113679,0.839560706310258,1.4919707419742148,1.67067380240544,2.4123414785681994,3.0822363968182462,1.67067380240544,2.4123414785681994,3.0822363968182462,4.0830152809736395,4.752910199223686,5.494577875386446,7.165251677791886
494,12350,Normal Traffic,0.6,0.8341580249196909,0.26019635276987957,0.37500158019010643,0.8341580249196909,0.26019635276987957,0.37500158019010643,1.0943543776895706,1.2091596051097975,0.635197932959986,1.469355957879677,2.7668582184144213,2.8926188347168633,1.0313181886275145,2.7668582184144213,2.8926188347168633,1.0313181886275145,5.659477053131285,3.798176407041936,3.9239370233443776,6.690795241758799
495,12375,Sybil Attack,0.8,0.7269388498729917,0.33015586672812336,0.38849267029906936,0.7269388498729917,0.33015586672812336,0.38849267029906936,1.057094716601115,1.115431520172061,0.7186485370271927,1.4455873869001845,2.1201826251116884,4.24035563061468,1.1519894251218599,2.1201826251116884,4.24035563061468,1.1519894251218599,6.360538255726368,3.2721720502335483,5.3923450557365395,7.512527680848228
496,12400,Blackhole Attack,0.84,0.8391885748892379,0.24620463752024654,0.626979162263207,0.8391885748892379,0.24620463752024654,0.626979162263207,1.0853932124094845,1.4661677371524449,0.8731837997834536,1.7123723746726915,2.797199189465345,2.6230750884451255,3.285135052352678,2.797199189465345,2.6230750884451255,3.285135052352678,5.420274277910471,6.082334241818023,5.908210140797804,8.705409330263148
497,12425,Flooding Attack,0.84,0.7666503428401138,0.3070479244094459,0.3543910787965255,0.7666503428401138,0.3070479244094459,0.3543910787965255,1.0736982672495596,1.1210414216366393,0.6614390032059714,1.428089346046085,2.3596962500231453,3.79519210133467,0.8469672823742449,2.3596962500231453,3.79519210133467,0.8469672823742449,6.154888351357815,3.20666353239739,4.642159383708915,7.0018556337320605
498,12450,Blackhole Attack,0.84,0.9818342840163695,0.19772014677625155,0.5987200068162325,0.9818342840163695,0.19772014677625155,0.5987200068162325,1.1795544307926211,1.580554290832602,0.7964401535924841,1.7782744376088537,3.65754435199527,1.6890444111443832,3.0323706572941336,3.65754435199527,1.6890444111443832,3.0323706572941336,5.346588763139653,6.689915009289404,4.7214150684385165,8.378959420433787
499,12475,Wormhole Attack,0.84,0.8226838584610431,0.25173234075307954,0.4454923448274919,0.8226838584610431,0.25173234075307954,0.4454923448274919,1.0744161992141226,1.2681762032885349,0.6972246855805715,1.5199085440416145,2.697653587814824,2.72956366479714,1.6618237787261227,2.697653587814824,2.72956366479714,1.6618237787261227,5.427217252611964,4.359477366540947,4.3913874435232625,7.089041031338087
500,12500,Blackhole Attack,0.76,0.7023903132582139,0.1530078240016497,0.5927877031801532,0.7023903132582139,0.1530078240016497,0.5927877031801532,0.8553981372598636,1.295178016438367,0.7457955271818029,1.4481858404400167,1.9721219869547448,0.8276827574691151,2.9793090878254067,1.9721219869547448,0.8276827574691151,2.9793090878254067,2.79980474442386,4.951431074780151,3.806991845294522,5.779113832249267
501,12525,Wormhole Attack,0.8,0.7058943198181552,0.16564446423707962,0.45291936957093554,0.7058943198181552,0.16564446423707962,0.45291936957093554,0.8715387840552349,1.1588136893890908,0.6185638338080152,1.3244581536261704,1.993255851490634,1.0711216274414943,1.7282549011948714,1.993255851490634,1.0711216274414943,1.7282549011948714,3.064377478932128,3.7215107526855054,2.7993765286363654,4.792632380126999
502,12550,Blackhole Attack,0.76,0.7974033085968001,0.30869045533266826,0.3942037378165229,0.7974033085968001,0.30869045533266826,0.3942037378165229,1.1060937639294683,1.191607046413323,0.7028941931491912,1.5002975017459912,2.5451779268581136,3.826834679139714,1.2030721451591353,2.5451779268581136,3.826834679139714,1.2030721451591353,6.372012605997828,3.7482500720172487,5.029906824298849,7.575084751156963
503,12575,Wormhole Attack,0.84,0.6884782679843592,0.22394977456694815,0.5191384367125812,0.6884782679843592,0.22394977456694815,0.5191384367125812,0.9124280425513074,1.2076167046969404,0.7430882112795294,1.4315664792638887,1.8882136736553186,2.1943457278076925,2.320552235727959,1.8882136736553186,2.1943457278076925,2.320552235727959,4.082559401463011,4.208765909383278,4.514897963535652,6.40311163719097
504,12600,Blackhole Attack,0.88,0.778768374451886,0.2936396008544407,0.40000299650397214,0.778768374451886,0.2936396008544407,0.40000299650397214,1.0724079753063267,1.178771370955858,0.6936425973584128,1.472410971810299,2.432784252041356,3.536887118867671,1.2549436922997292,2.432784252041356,3.536887118867671,1.2549436922997292,5.969671370909027,3.687727944341085,4.7918308111674,7.2246150632087565
505,12625,Blackhole Attack,0.8,0.7107940102372964,0.33547482698577447,0.35678210909459535,0.7107940102372964,0.33547482698577447,0.35678210909459535,1.0462688372230708,1.0675761193318918,0.6922569360803699,1.4030509463176661,2.022807563741897,4.342822872731787,0.8683538849566297,2.022807563741897,4.342822872731787,0.8683538849566297,6.365630436473684,2.8911614486985266,5.211176757688417,7.233984321430314
506,12650,Flooding Attack,0.92,0.9477947047772471,0.3013130688185341,0.4429710267204828,0.9477947047772471,0.3013130688185341,0.4429710267204828,1.2491077735957812,1.39076573149773,0.7442840955390169,1.692078800316264,3.4522399827847505,3.684712833230473,1.639271815088563,3.4522399827847505,3.684712833230473,1.639271815088563,7.136952816015223,5.091511797873314,5.323984648319036,8.776224631103787
507,12675,Blackhole Attack,0.84,0.769114360583605,0.22750335378804282,0.6439826923605659,0.769114360583605,0.22750335378804282,0.6439826923605659,0.9966177143716479,1.4130970529441709,0.8714860461486087,1.6406004067322137,2.3745575855583856,2.26280374305728,3.43722335545088,2.3745575855583856,2.26280374305728,3.43722335545088,4.637361328615666,5.811780941009266,5.70002709850816,8.074584684066545
508,12700,Blackhole Attack,0.76,0.6787001162945301,0.247336451213076,0.5604342444080191,0.6787001162945301,0.247336451213076,0.5604342444080191,0.9260365675076061,1.2391343607025491,0.8077706956210952,1.4864708119156251,1.8292382894232515,2.644878941468428,2.6899231417402576,1.8292382894232515,2.644878941468428,2.6899231417402576,4.47411723089168,4.519161431163509,5.334802083208686,7.164040372631938
509,12725,Normal Traffic,0.72,0.8569736118530333,0.26680354696201103,0.47687862624642974,0.8569736118530333,0.26680354696201103,0.47687862624642974,1.1237771588150443,1.333852238099463,0.7436821732084408,1.600655785061474,2.904466843086669,3.019903291491289,1.942558793998648,2.904466843086669,3.019903291491289,1.942558793998648,5.924370134577958,4.847025637085317,4.962462085489937,7.866928928576606
510,12750,Sybil Attack,0.8,0.9081754500833269,0.3061684403996158,0.26756066354237135,0.9081754500833269,0.3061684403996158,0.26756066354237135,1.2143438904829427,1.1757361136256983,0.5737291039419872,1.481904554025314,3.2132826785129738,3.778249259762626,0.07031146809907945,3.2132826785129738,3.778249259762626,0.07031146809907945,6.9915319382756,3.283594146612053,3.848560727861705,7.061843406374679
511,12775,Wormhole Attack,0.84,0.8386380786113004,0.21445485388597665,0.5121470814293333,0.8386380786113004,0.21445485388597665,0.5121470814293333,1.053092932497277,1.3507851600406338,0.7266019353153099,1.5652400139266103,2.7938789577344894,2.011430592297828,2.2580179645914624,2.7938789577344894,2.011430592297828,2.2580179645914624,4.805309550032318,5.051896922325952,4.269448556889291,7.06332751462378
512,12800,Blackhole Attack,0.92,0.8671357571456116,0.2179617494600698,0.3813113189872853,0.8671357571456116,0.2179617494600698,0.3813113189872853,1.0850975066056814,1.248447076132897,0.5992730684473551,1.4664088255929668,2.9657582243479443,2.0789892692691616,1.0877557319588775,2.9657582243479443,2.0789892692691616,1.0877557319588775,5.0447474936171055,4.053513956306822,3.166745001228039,6.132503225575983
513,12825,Blackhole Attack,0.76,0.7873929420961082,0.27991133978105914,0.3428110419935882,0.7873929420961082,0.27991133978105914,0.3428110419935882,1.0673042818771674,1.1302039840896965,0.6227223817746473,1.4101153238707556,2.4848019755117874,3.2724186921240093,0.7433894878169239,2.4848019755117874,3.2724186921240093,0.7433894878169239,5.757220667635797,3.228191463328711,4.015808179940933,6.500610155452721
514,12850,Normal Traffic,0.72,0.7476467366275197,0.2747007760881332,0.3793891711068121,0.7476467366275197,0.2747007760881332,0.3793891711068121,1.022347512715653,1.1270359077343317,0.6540899471949453,1.401736683822465,2.2450789876065276,3.1720396583228747,1.070563054451847,2.2450789876065276,3.1720396583228747,1.070563054451847,5.417118645929403,3.3156420420583745,4.242602712774722,6.48768170038125
515,12875,Sybil Attack,0.72,0.5335880100247832,0.2607896492702791,0.33461554913638053,0.5335880100247832,0.2607896492702791,0.33461554913638053,0.7943776592950622,0.8682035591611637,0.5954051984066596,1.1289932084314427,0.9540174403864473,2.9040484098986337,0.6700847919938044,0.9540174403864473,2.9040484098986337,0.6700847919938044,3.858065850285081,1.6241022323802516,3.574133201892438,4.528150642278885
516,12900,Flooding Attack,0.88,0.7282494467141007,0.3088042969538069,0.3204960272458176,0.7282494467141007,0.3088042969538069,0.3204960272458176,1.0370537436679077,1.0487454739599182,0.6293003241996245,1.3575497709137254,2.128087283857997,3.8290277838803326,0.5437925389970467,2.128087283857997,3.8290277838803326,0.5437925389970467,5.9571150677383296,2.6718798228550438,4.372820322877379,6.500907606735376
517,12925,Normal Traffic,0.64,0.7898102098569513,0.2236476231349681,0.26487919444802943,0.7898102098569513,0.2236476231349681,0.26487919444802943,1.0134578329919193,1.0546894043049808,0.48852681758299754,1.2783370274399486,2.4993813458784584,2.1885249240345876,0.04632703180651922,2.4993813458784584,2.1885249240345876,0.04632703180651922,4.6879062699130465,2.545708377684978,2.234851955841107,4.7342333017195655
518,12950,Blackhole Attack,0.8,0.6676882333244034,0.2528940809704191,0.4921843779454889,0.6676882333244034,0.2528940809704191,0.4921843779454889,0.9205823142948225,1.1598726112698923,0.7450784589159081,1.4127666922403115,1.7628218489872443,2.751944038095865,2.0794612954335654,1.7628218489872443,2.751944038095865,2.0794612954335654,4.51476588708311,3.8422831444208096,4.83140533352943,6.594227182516676
519,12975,Blackhole Attack,0.76,0.6654843012030496,0.1963300915996761,0.7100214031895893,0.6654843012030496,0.1963300915996761,0.7100214031895893,0.8618143928027256,1.3755057043926389,0.9063514947892654,1.5718357959923148,1.7495291789815788,1.6622656586373667,4.027907490525814,1.7495291789815788,1.6622656586373667,4.027907490525814,3.4117948376189453,5.777436669507392,5.69017314916318,7.439702328144759
520,13000,Normal Traffic,0.64,0.7073050635473673,0.21660806262475407,0.5200868806974945,0.7073050635473673,0.21660806262475407,0.5200868806974945,0.9239131261721214,1.2273919442448618,0.7366949433222486,1.444000006869616,2.001764530443713,2.052911135576489,2.329035605676625,2.001764530443713,2.052911135576489,2.329035605676625,4.054675666020202,4.330800136120338,4.381946741253114,6.383711271696827
521,13025,Flooding Attack,0.84,0.5153091725722989,0.20491085354894065,0.4414314041735475,0.5153091725722989,0.20491085354894065,0.4414314041735475,0.7202200261212396,0.9567405767458463,0.6463422577224881,1.1616514302947871,0.843771506771298,1.827569960533549,1.6255006405598402,0.843771506771298,1.827569960533549,1.6255006405598402,2.671341467304847,2.469272147331138,3.453070601093389,4.296842107864687
522,13050,Normal Traffic,0.56,0.6475841347330589,0.27550840930522047,0.3772844776295399,0.6475841347330589,0.27550840930522047,0.3772844776295399,0.9230925440382793,1.0248686123625987,0.6527928869347603,1.3003770216678192,1.6415671398485863,3.1875983285118576,1.0517375954049695,1.6415671398485863,3.1875983285118576,1.0517375954049695,4.8291654683604435,2.6933047352535557,4.239335923916827,5.8809030637654125
523,13075,Normal Traffic,0.68,0.9425412604537088,0.23931367806065743,0.4655061782967375,0.9425412604537088,0.23931367806065743,0.4655061782967375,1.1818549385143662,1.4080474387504462,0.704819856357395,1.6473611168111038,3.4205546594894782,2.490324028621131,1.8408377807244705,3.4205546594894782,2.490324028621131,1.8408377807244705,5.910878688110609,5.261392440213949,4.331161809345602,7.751716468835079
524,13100,Normal Traffic,0.72,0.8014086471538243,0.23515803671301644,0.3174852289052479,0.8014086471538243,0.23515803671301644,0.3174852289052479,1.0365666838668408,1.1188938760590723,0.5526432656182643,1.3540519127720887,2.5693354964963224,2.4102675725669473,0.5168624128428749,2.5693354964963224,2.4102675725669473,0.5168624128428749,4.97960306906327,3.086197909339197,2.927129985409822,5.496465481906145
525,13125,Normal Traffic,0.68,0.850882142158292,0.20414923836611606,0.32406120756682055,0.850882142158292,0.20414923836611606,0.32406120756682055,1.055031380524408,1.1749433497251127,0.5282104459329366,1.3790925880912286,2.8677271015505426,1.8128978059096648,0.5756813422135425,2.8677271015505426,1.8128978059096648,0.5756813422135425,4.680624907460207,3.443408443764085,2.388579148123207,5.25630624967375
526,13150,Wormhole Attack,0.76,0.7657280867000359,0.2309569220168963,0.4637790720887928,0.7657280867000359,0.2309569220168963,0.4637790720887928,0.9966850087169322,1.2295071587888287,0.6947359941056891,1.460464080805725,2.3541338071457196,2.3293350940604842,1.8253896560743146,2.3541338071457196,2.3293350940604842,1.8253896560743146,4.683468901206204,4.179523463220034,4.154724750134799,6.508858557280519
527,13175,Wormhole Attack,0.72,0.7857970394061028,0.23725279678462938,0.43954173306835087,0.7857970394061028,0.23725279678462938,0.43954173306835087,1.023049836190732,1.2253387724744536,0.6767945298529803,1.462591569259083,2.4751765394042704,2.450622130043939,1.6085984520050238,2.4751765394042704,2.450622130043939,1.6085984520050238,4.925798669448209,4.083774991409294,4.059220582048963,6.5343971214532335
528,13200,Blackhole Attack,0.8,0.9433907046412482,0.29146989932556056,0.3010215940898742,0.9433907046412482,0.29146989932556056,0.3010215940898742,1.2348606039668089,1.2444122987311224,0.5924914934154348,1.535882198056683,3.4256779485253745,3.495088849824052,0.3696032103383555,3.4256779485253745,3.495088849824052,0.3696032103383555,6.920766798349426,3.7952811588637303,3.8646920601624073,7.290370008687781
529,13225,Blackhole Attack,0.72,0.8448423044723561,0.28881194822045037,0.43182795341171254,0.8448423044723561,0.28881194822045037,0.43182795341171254,1.1336542526928064,1.2766702578840685,0.720639901632163,1.565482206104519,2.8312987703560184,3.4438846846808753,1.5396024463677132,2.8312987703560184,3.4438846846808753,1.5396024463677132,6.275183455036894,4.370901216723731,4.983487131048588,7.814785901404607
530,13250,Flooding Attack,0.76,0.6851154396626479,0.22430945900752006,0.3664412617483485,0.6851154396626479,0.22430945900752006,0.3664412617483485,0.909424898670168,1.0515567014109963,0.5907507207558685,1.2758661604185164,1.8679313034620137,2.201274877655132,0.9547503054683915,1.8679313034620137,2.201274877655132,0.9547503054683915,4.069206181117146,2.822681608930405,3.156025183123523,5.023956486585537
531,13275,Sybil Attack,0.84,0.6465586451182965,0.2542822526257564,0.3479129936727433,0.6465586451182965,0.2542822526257564,0.3479129936727433,0.900840897744053,0.9944716387910398,0.6021952462984996,1.2487538914167962,1.6353820605028127,2.778686505461163,0.7890239630658166,1.6353820605028127,2.778686505461163,0.7890239630658166,4.414068565963976,2.424406023568629,3.56771046852698,5.203092529029792
532,13300,Sybil Attack,0.84,0.6947111733480259,0.33968502611308515,0.3228303296024695,0.6947111733480259,0.33968502611308515,0.3228303296024695,1.034396199461111,1.0175415029504955,0.6625153557155546,1.3572265290635805,1.925806462186786,4.423930358488767,0.5646717377462795,1.925806462186786,4.423930358488767,0.5646717377462795,6.349736820675553,2.4904781999330656,4.988602096235047,6.914408558421833
533,13325,Blackhole Attack,0.72,0.6838399679517888,0.25514963175774064,0.4416068128381158,0.6838399679517888,0.25514963175774064,0.4416068128381158,0.9389895997095294,1.1254467807899047,0.6967564445958565,1.3805964125476453,1.860238496415127,2.7953961523130095,1.6270695857135917,1.860238496415127,2.7953961523130095,1.6270695857135917,4.655634648728137,3.4873080821287186,4.4224657380266015,6.282704234441729
534,13350,Blackhole Attack,0.8,0.9860211110557926,0.2925681205206955,0.48828223670255044,0.9860211110557926,0.2925681205206955,0.48828223670255044,1.278589231576488,1.474303347758343,0.7808503572232459,1.7668714682790383,3.6827965408746897,3.516245559340382,2.0445585407296933,3.6827965408746897,3.516245559340382,2.0445585407296933,7.199042100215072,5.727355081604383,5.560804100070076,9.243600640944766
535,13375,Wormhole Attack,0.92,0.5485255207203233,0.2810421503656937,0.47489280703755243,0.5485255207203233,0.2810421503656937,0.47489280703755243,0.829567671086017,1.023418327757876,0.7559349574032461,1.3044604781235694,1.0441106871149086,3.2942032207445533,1.9247966074404064,1.0441106871149086,3.2942032207445533,1.9247966074404064,4.338313907859462,2.968907294555315,5.21899982818496,6.263110515299868
536,13400,Wormhole Attack,0.76,0.7812089303585091,0.26654083749522406,0.5005831220037704,0.7812089303585091,0.26654083749522406,0.5005831220037704,1.047749767853733,1.2817920523622797,0.7671239594989945,1.5483328898575035,2.4475040811970703,3.0148423184372053,2.154583974351783,2.4475040811970703,3.0148423184372053,2.154583974351783,5.462346399634276,4.602088055548853,5.169426292788988,7.616930373986059
537,13425,Wormhole Attack,0.76,0.6195764987732214,0.2055281394765037,0.5063960300848729,0.6195764987732214,0.2055281394765037,0.5063960300848729,0.8251046382497251,1.1259725288580942,0.7119241695613766,1.331500668334598,1.4726434879603278,1.839461680631307,2.2065776086770468,1.4726434879603278,1.839461680631307,2.2065776086770468,3.3121051685916347,3.6792210966373746,4.046039289308354,5.5186827772686815
538,13450,Blackhole Attack,0.8,0.7473034838336632,0.25720186571912956,0.5472773859144662,0.7473034838336632,0.25720186571912956,0.5472773859144662,1.0045053495527927,1.2945808697481294,0.8044792516335957,1.5517827354672589,2.243008712359369,2.834931464482357,2.5722414444144506,2.243008712359369,2.834931464482357,2.5722414444144506,5.077940176841726,4.8152501567738195,5.407172908896808,7.650181621256177
539,13475,Blackhole Attack,0.92,0.6801285816063715,0.22506285386637456,0.5279676082440692,0.6801285816063715,0.22506285386637456,0.5279676082440692,0.905191435472746,1.2080961898504405,0.7530304621104438,1.4331590437168154,1.8378538533151116,2.2157886716435304,2.3995248789554697,1.8378538533151116,2.2157886716435304,2.3995248789554697,4.053642524958642,4.237378732270582,4.615313550599,6.453167403914112
540,13500,Sybil Attack,0.96,0.8986298319908461,0.3449976906150075,0.31595486561020036,0.8986298319908461,0.3449976906150075,0.31595486561020036,1.2436275226058537,1.2145846976010466,0.6609525562252079,1.5595823882160542,3.1557097841057216,4.526276315863121,0.503174057816897,3.1557097841057216,4.526276315863121,0.503174057816897,7.681986099968842,3.6588838419226186,5.029450373680017,8.18516015778574
541,13525,Sybil Attack,0.96,0.7782491580481207,0.30370849880273365,0.4030766594073098,0.7782491580481207,0.30370849880273365,0.4030766594073098,1.0819576568508542,1.1813258174554304,0.7067851582100435,1.485034316258164,2.429652679952584,3.7308596537133822,1.282436111379055,2.429652679952584,3.7308596537133822,1.282436111379055,6.160512333665967,3.712088791331639,5.013295765092437,7.442948445045022
542,13550,Sybil Attack,0.84,1.0189158119808166,0.34333789109106155,0.4298754789228605,1.0189158119808166,0.34333789109106155,0.4298754789228605,1.3622537030718782,1.448791290903677,0.7732133700139221,1.7921291819947387,3.8811957565741277,4.4943010666701255,1.5221385121051352,3.8811957565741277,4.4943010666701255,1.5221385121051352,8.375496823244253,5.403334268679263,6.016439578775261,9.897635335349388
543,13575,Sybil Attack,0.8,0.855466397659955,0.29844457805025937,0.1519009640521398,0.855466397659955,0.29844457805025937,0.1519009640521398,1.1539109757102144,1.0073673617120948,0.4503455421023992,1.3058119397623542,2.89537631770146,3.6294527215120795,-0.9642082658383807,2.89537631770146,3.6294527215120795,-0.9642082658383807,6.5248290392135395,1.9311680518630792,2.6652444556736987,5.560620773375159
544,13600,Blackhole Attack,0.84,0.8732992330862502,0.23580471971778796,0.4700370610938737,0.8732992330862502,0.23580471971778796,0.4700370610938737,1.1091039528040383,1.343336294180124,0.7058417808116617,1.579141013897912,3.002932260232697,2.4227256133894235,1.8813643226959118,3.002932260232697,2.4227256133894235,1.8813643226959118,5.425657873622121,4.884296582928609,4.304089936085335,7.307022196318032
545,13625,Flooding Attack,0.8,0.5724417115985372,0.2717957442520353,0.3689714486155772,0.5724417115985372,0.2717957442520353,0.3689714486155772,0.8442374558505725,0.9414131602141144,0.6407671928676124,1.2132089044661498,1.188357431402711,3.1160756002949617,0.9773815958507301,1.188357431402711,3.1160756002949617,0.9773815958507301,4.304433031697672,2.165739027253441,4.093457196145692,5.281814627548402
546,13650,Sybil Attack,0.72,0.7377438411280284,0.25288919592279996,0.3247866895180083,0.7377438411280284,0.25288919592279996,0.3247866895180083,0.9906330370508283,1.0625305306460366,0.5776758854408083,1.3154197265688365,2.18535123070335,2.75184992997456,0.5821704252599894,2.18535123070335,2.75184992997456,0.5821704252599894,4.93720116067791,2.7675216559633395,3.3340203552345495,5.5193715859379
547,13675,Wormhole Attack,0.76,0.7973191428786693,0.2612575333624424,0.2984658888269516,0.7973191428786693,0.2612575333624424,0.2984658888269516,1.0585766762411117,1.095785031705621,0.559723422189394,1.3570425650680633,2.5446702945648765,2.9130619746240844,0.3467436703233427,2.5446702945648765,2.9130619746240844,0.3467436703233427,5.457732269188961,2.891413964888219,3.259805644947427,5.804475939512304
548,13700,Normal Traffic,0.76,0.8819885526294491,0.27313079853288835,0.47509458793204873,0.8819885526294491,0.27313079853288835,0.47509458793204873,1.1551193511623374,1.3570831405614978,0.7482253864649371,1.6302139390943862,3.055340524599101,3.141794786678968,1.926601439358594,3.055340524599101,3.141794786678968,1.926601439358594,6.197135311278069,4.981941963957695,5.068396226037562,8.123736750636663
549,13725,Blackhole Attack,0.8,0.8028335727523443,0.26128432031640986,0.41512509156914534,0.8028335727523443,0.26128432031640986,0.41512509156914534,1.0641178930687543,1.2179586643214897,0.6764094118855553,1.4792429846378996,2.5779297111639305,2.9135780125647357,1.3902034745086675,2.5779297111639305,2.9135780125647357,1.3902034745086675,5.491507723728667,3.968133185672598,4.303781487073403,6.881711198237334
550,13750,Normal Traffic,0.6,0.778338151756503,0.2885299889838002,0.43635318328513173,0.778338151756503,0.2885299889838002,0.43635318328513173,1.0668681407403033,1.2146913350416346,0.724883172268932,1.503221324025435,2.430189431509787,3.4384528739566975,1.5800784256871203,2.430189431509787,3.4384528739566975,1.5800784256871203,5.8686423054664845,4.010267857196907,5.018531299643818,7.448720731153605
551,13775,Normal Traffic,0.64,0.8052477889010882,0.2197883456894507,0.37675360835824995,0.8052477889010882,0.2197883456894507,0.37675360835824995,1.0250361345905388,1.1820013972593382,0.5965419540477006,1.4017897429487887,2.592490676212113,2.1141777777407067,1.0469892280850557,2.592490676212113,2.1141777777407067,1.0469892280850557,4.70666845395282,3.639479904297169,3.1611670058257624,5.7536576820378755
552,13800,Blackhole Attack,0.8,0.8306798108508289,0.314166215176285,0.3461847128781624,0.8306798108508289,0.314166215176285,0.3461847128781624,1.1448460260271138,1.1768645237289912,0.6603509280544474,1.4910307389052762,2.7458799172324206,3.9323225907788193,0.7735653323097329,2.7458799172324206,3.9323225907788193,0.7735653323097329,6.67820250801124,3.5194452495421533,4.705887923088552,7.451767840320973
553,13825,Normal Traffic,0.72,0.895398673542054,0.20633183823236495,0.5814269496982876,0.895398673542054,0.20633183823236495,0.5814269496982876,1.101730511774419,1.4768256232403416,0.7877587879306525,1.6831574614727065,3.1362215600448886,1.8549445552941872,2.877692675875613,3.1362215600448886,1.8549445552941872,2.877692675875613,4.991166115339076,6.013914235920502,4.7326372311698,7.868858791214689
554,13850,Blackhole Attack,0.8,0.7400354005992784,0.22969527081723107,0.3423106773593395,0.7400354005992784,0.22969527081723107,0.3423106773593395,0.9697306714165095,1.082346077958618,0.5720059481765706,1.3120413487758489,2.1991724112898794,2.30502998315888,0.7389139696323174,2.1991724112898794,2.30502998315888,0.7389139696323174,4.504202394448759,2.9380863809221966,3.043943952791197,5.243116364081077
555,13875,Normal Traffic,0.68,0.835804966329511,0.2715001530517446,0.4075126541193756,0.835804966329511,0.2715001530517446,0.4075126541193756,1.1073051193812555,1.2433176204488865,0.6790128071711201,1.5148177735006312,2.7767914865342918,3.1103811762683287,1.322113925600437,2.7767914865342918,3.1103811762683287,1.322113925600437,5.88717266280262,4.098905412134728,4.432495101868765,7.2092865884030575
556,13900,Blackhole Attack,0.88,0.8012122656562823,0.26629191241606126,0.5782320721032025,0.8012122656562823,0.26629191241606126,0.5782320721032025,1.0675041780723435,1.3794443377594847,0.8445239845192638,1.645736250175546,2.5681510523763103,3.0100468950611976,2.8491160503595725,2.5681510523763103,3.0100468950611976,2.8491160503595725,5.578197947437507,5.417267102735883,5.8591629454207705,8.42731399779708
557,13925,Blackhole Attack,0.8,0.7924817729113318,0.2868412189345891,0.4367249319523385,0.7924817729113318,0.2868412189345891,0.4367249319523385,1.0793229918459208,1.2292067048636703,0.7235661508869276,1.5160479237982594,2.515494458318325,3.4059195213595013,1.5834035366288348,2.515494458318325,3.4059195213595013,1.5834035366288348,5.921413979677826,4.09889799494716,4.9893230579883365,7.504817516306661
558,13950,Blackhole Attack,0.76,0.8628226663313706,0.25078968049001354,0.3312951365004821,0.8628226663313706,0.25078968049001354,0.3312951365004821,1.113612346821384,1.1941178028318526,0.5820848169904956,1.4449074833218662,2.9397444953666025,2.7114037627240206,0.6403853166208605,2.9397444953666025,2.7114037627240206,0.6403853166208605,5.651148258090624,3.580129811987463,3.351789079344881,6.291533574711484
559,13975,Flooding Attack,0.84,0.40028947103868373,0.28283559188578083,0.1680834244861218,0.40028947103868373,0.28283559188578083,0.1680834244861218,0.6831250629244645,0.5683728955248055,0.4509190163719026,0.8512084874105863,0.15004826465198934,3.3287530194946564,-0.8194640313608352,0.15004826465198934,3.3287530194946564,-0.8194640313608352,3.4788012841466456,-0.6694157667088458,2.509288988133821,2.6593372527858103
560,14000,Blackhole Attack,0.92,0.8368030540072635,0.27762002187030277,0.5070636353926754,0.8368030540072635,0.27762002187030277,0.5070636353926754,1.1144230758775664,1.343866689399939,0.7846836572629782,1.6214867112702418,2.782811295406144,3.2282775412682554,2.212549013310183,2.782811295406144,3.2282775412682554,2.212549013310183,6.0110888366744,4.995360308716327,5.440826554578438,8.223637849984582
561,14025,Blackhole Attack,0.88,0.8430047152509581,0.2484639219034115,0.4957644718700475,0.8430047152509581,0.2484639219034115,0.4957644718700475,1.0914686371543696,1.3387691871210057,0.7442283937734591,1.5872331090244172,2.8202156399413636,2.666599128612215,2.1114834935771656,2.8202156399413636,2.666599128612215,2.1114834935771656,5.486814768553579,4.93169913351853,4.77808262218938,7.598298262130744
562,14050,Sybil Attack,0.8,0.8138492306543436,0.25300944997044617,0.46531169421987634,0.8138492306543436,0.25300944997044617,0.46531169421987634,1.0668586806247897,1.27916092487422,0.7183211441903226,1.532170374844666,2.6443689195078917,2.754166567065052,1.839098215289524,2.6443689195078917,2.754166567065052,1.839098215289524,5.398535486572944,4.483467134797416,4.593264782354576,7.2376337018624675
563,14075,Wormhole Attack,0.72,0.7863975174930852,0.1876629970450873,0.48499557696082446,0.7863975174930852,0.1876629970450873,0.48499557696082446,0.9740605145381724,1.2713930944539096,0.6726585740059118,1.459056091498997,2.4787982285563785,1.495298200119618,2.0151609685715495,2.4787982285563785,1.495298200119618,2.0151609685715495,3.9740964286759963,4.4939591971279285,3.5104591686911677,5.989257397247545
564,14100,Sybil Attack,0.8,0.624285800500345,0.27249696493041353,0.37997425779398764,0.624285800500345,0.27249696493041353,0.37997425779398764,0.8967827654307585,1.0042600582943326,0.6524712227244012,1.276757023224746,1.5010469007556868,3.129584283486484,1.0757963701756037,1.5010469007556868,3.129584283486484,1.0757963701756037,4.630631184242171,2.5768432709312905,4.205380653662088,5.7064275544177745
565,14125,Wormhole Attack,0.88,0.755241583697236,0.22490257505730668,0.486907015297446,0.755241583697236,0.22490257505730668,0.486907015297446,0.9801441587545427,1.242148598994682,0.7118095903547527,1.4670511740519887,2.2908861133628413,2.2127009765415835,2.0322578544199046,2.2908861133628413,2.2127009765415835,2.0322578544199046,4.503587089904425,4.323143967782746,4.2449588309614885,6.53584494432433
566,14150,Flooding Attack,0.88,0.8495487695707502,0.26034098575765874,0.3857200902835244,0.8495487695707502,0.26034098575765874,0.3857200902835244,1.109889755328409,1.2352688598542745,0.6460610760411831,1.4956098456119333,2.8596850744712756,2.8954051205056266,1.1271900459721313,2.8596850744712756,2.8954051205056266,1.1271900459721313,5.755090194976902,3.9868751204434068,4.022595166477758,6.882280240949034
567,14175,Wormhole Attack,0.76,0.9130107023631424,0.12599993811601878,0.5943314758968713,0.9130107023631424,0.12599993811601878,0.5943314758968713,1.0390106404791613,1.5073421782600138,0.72033141401289,1.6333421163760327,3.242445742260258,0.3073886683878277,2.9931173836034364,3.242445742260258,0.3073886683878277,2.9931173836034364,3.549834410648086,6.2355631258636945,3.300506051991264,6.542951794251522
568,14200,Normal Traffic,0.68,0.9045922447369036,0.23760584799919626,0.3561155482533646,0.9045922447369036,0.23760584799919626,0.3561155482533646,1.1421980927360997,1.2607077929902681,0.5937213962525609,1.4983136409894644,3.1916711389510013,2.4574234939440966,0.8623918225687589,3.1916711389510013,2.4574234939440966,0.8623918225687589,5.649094632895098,4.05406296151976,3.3198153165128557,6.5114864554638565
569,14225,Wormhole Attack,0.76,0.7153089223320297,0.161286769152368,0.5801465245970919,0.7153089223320297,0.161286769152368,0.5801465245970919,0.8765956914843978,1.2954554469291217,0.7414332937494599,1.4567422160814898,2.0500385460386705,0.9871727021462973,2.8662398963780524,2.0500385460386705,0.9871727021462973,2.8662398963780524,3.037211248184968,4.916278442416723,3.8534125985243497,5.90345114456302
570,14250,Blackhole Attack,0.72,0.7927902505924771,0.24049765194171588,0.3560436413574383,0.7927902505924771,0.24049765194171588,0.3560436413574383,1.033287902534193,1.1488338919499155,0.5965412932991542,1.3893315438916314,2.5173549929418044,2.513132722887315,0.861748650373346,2.5173549929418044,2.513132722887315,0.861748650373346,5.0304877158291195,3.3791036433151502,3.374881373260661,5.892236366202465
571,14275,Sybil Attack,0.8,0.8725421451938024,0.2748775771414955,0.3329833858276062,0.8725421451938024,0.2748775771414955,0.3329833858276062,1.147419722335298,1.2055255310214086,0.6078609629691017,1.4804031081629043,2.9983660036669493,3.1754456466107883,0.6554858853791605,2.9983660036669493,3.1754456466107883,0.6554858853791605,6.173811650277738,3.65385188904611,3.8309315319899486,6.829297535656899
572,14300,Wormhole Attack,0.76,0.7838895320549526,0.18343581198458425,0.48168609891930336,0.7838895320549526,0.18343581198458425,0.48168609891930336,0.9673253440395368,1.265575630974256,0.6651219109038876,1.4490114429588403,2.4636717087851476,1.4138634884303702,1.9855592978247267,2.4636717087851476,1.4138634884303702,1.9855592978247267,3.8775351972155176,4.449231006609875,3.399422786255097,5.863094495040245
573,14325,Normal Traffic,0.68,0.569916875985217,0.25220471071697914,0.5310151733217379,0.569916875985217,0.25220471071697914,0.5310151733217379,0.8221215867021961,1.1009320493069548,0.783219884038717,1.3531367600239341,1.1731292824496478,2.738663647710178,2.4267838656829355,1.1731292824496478,2.738663647710178,2.4267838656829355,3.9117929301598258,3.5999131481325835,5.165447513393113,6.338576795842761
574,14350,Normal Traffic,0.72,0.8686717834664334,0.2633150659835941,0.45615820737262724,0.8686717834664334,0.2633150659835941,0.45615820737262724,1.1319868494500276,1.3248299908390606,0.7194732733562214,1.588145056822655,2.9750225255507226,2.9526993629561615,1.7572247293687349,2.9750225255507226,2.9526993629561615,1.7572247293687349,5.927721888506884,4.732247254919457,4.709924092324896,7.684946617875619
575,14375,Wormhole Attack,0.8,0.6432817718206665,0.26584951093199327,0.37701715844557593,0.6432817718206665,0.26584951093199327,0.37701715844557593,0.9091312827526598,1.0202989302662424,0.6428666693775692,1.2861484411982356,1.6156181145202042,3.0015242406729166,1.0493465553772876,1.6156181145202042,3.0015242406729166,1.0493465553772876,4.6171423551931206,2.6649646698974916,4.050870796050204,5.666488910570408
576,14400,Wormhole Attack,0.76,0.7341641222257244,0.2690534941620365,0.4180846858993965,0.7341641222257244,0.2690534941620365,0.4180846858993965,1.0032176163877609,1.1522488081251208,0.687138180061433,1.4213023022871574,2.1637607190808144,3.063247455261659,1.4166756057055228,2.1637607190808144,3.063247455261659,1.4166756057055228,5.2270081743424734,3.580436324786337,4.479923060967182,6.643683780047996
577,14425,Wormhole Attack,0.76,0.6496797853052705,0.23061425104699676,0.4780602222434305,0.6496797853052705,0.23061425104699676,0.4780602222434305,0.8802940363522672,1.127740007548701,0.7086744732904272,1.3583542585956976,1.6542067267186578,2.3227337006417814,1.9531275952477123,1.6542067267186578,2.3227337006417814,1.9531275952477123,3.9769404273604394,3.60733432196637,4.275861295889493,5.930068022608152
578,14450,Blackhole Attack,0.76,0.7176493793495381,0.20006233222311182,0.3567669291430127,0.7176493793495381,0.20006233222311182,0.3567669291430127,0.9177117115726499,1.0744163084925509,0.5568292613661245,1.2744786407156625,2.064154644485964,1.7341655009140182,0.8682181076760241,2.064154644485964,1.7341655009140182,0.8682181076760241,3.798320145399982,2.9323727521619882,2.6023836085900425,4.6665382530760064
579,14475,Normal Traffic,0.68,0.875395732666966,0.2730239957635853,0.483511086341729,0.875395732666966,0.2730239957635853,0.483511086341729,1.1484197284305513,1.358906819008695,0.7565350821053143,1.6319308147722804,3.0155769677640487,3.139737282074528,2.0018829223111143,3.0155769677640487,3.139737282074528,2.0018829223111143,6.155314249838577,5.017459890075163,5.141620204385642,8.157197172149692
580,14500,Flooding Attack,0.84,0.6382209309659737,0.18863703831963133,0.36696506696011294,0.6382209309659737,0.18863703831963133,0.36696506696011294,0.826857969285605,1.0051859979260866,0.5556021052797443,1.1938230362457178,1.5850944487589842,1.5140626424685133,0.9594354882130981,1.5850944487589842,1.5140626424685133,0.9594354882130981,3.0991570912274975,2.5445299369720824,2.4734981306816115,4.058592579440596
581,14525,Blackhole Attack,0.76,0.5496928322598384,0.16019451782545713,0.6231728121975538,0.5496928322598384,0.16019451782545713,0.6231728121975538,0.7098873500852956,1.1728656444573922,0.783367330023011,1.3330601622828495,1.0511511430973042,0.966130999304785,3.2510891031192983,1.0511511430973042,0.966130999304785,3.2510891031192983,2.017282142402089,4.302240246216602,4.217220102424084,5.268371245521387
582,14550,Wormhole Attack,0.8,0.7631960411044449,0.15707680615560296,0.46036827820204673,0.7631960411044449,0.15707680615560296,0.46036827820204673,0.9202728472600479,1.2235643193064916,0.6174450843576497,1.3806411254620947,2.338862172318412,0.9060697653320844,1.7948817643904864,2.338862172318412,0.9060697653320844,1.7948817643904864,3.2449319376504966,4.133743936708899,2.7009515297225706,5.039813702040983
583,14575,Blackhole Attack,0.8,0.8986265167623466,0.27979411918417835,0.4181149073647763,0.8986265167623466,0.27979411918417835,0.4181149073647763,1.178420635946525,1.316741424127123,0.6979090265489547,1.5965355433113013,3.1556897888263706,3.270160493021202,1.4169459220081042,3.1556897888263706,3.270160493021202,1.4169459220081042,6.4258502818475725,4.572635710834475,4.687106415029306,7.842796203855677
584,14600,Wormhole Attack,0.76,0.8181363193929779,0.2404601475937277,0.5196601929738001,0.8181363193929779,0.2404601475937277,0.5196601929738001,1.0585964669867056,1.3377965123667779,0.7601203405675278,1.5782566599605057,2.6702258210592267,2.512410219443108,2.3252190916070195,2.6702258210592267,2.512410219443108,2.3252190916070195,5.182636040502334,4.995444912666246,4.837629311050128,7.507855132109354
585,14625,Normal Traffic,0.68,0.8073599227197559,0.24799933617355144,0.4335747245615491,0.8073599227197559,0.24799933617355144,0.4335747245615491,1.0553592588933074,1.240934647281305,0.6815740607351005,1.4889339834548565,2.605229679191075,2.657649105269355,1.5552264643544724,2.605229679191075,2.657649105269355,1.5552264643544724,5.26287878446043,4.160456143545547,4.212875569623828,6.818105248814902
586,14650,Sybil Attack,0.72,0.9961256984112519,0.2910407250210012,0.35248764055064374,0.9961256984112519,0.2910407250210012,0.35248764055064374,1.287166423432253,1.3486133389618957,0.643528365571645,1.639654063982897,3.7437407704896337,3.486821010764253,0.8299419534448517,3.7437407704896337,3.486821010764253,0.8299419534448517,7.230561781253886,4.5736827239344855,4.316762964209104,8.060503734698738
587,14675,Blackhole Attack,0.68,0.7762968091383373,0.2276036074491457,0.46512871411268025,0.7762968091383373,0.2276036074491457,0.46512871411268025,1.003900416587483,1.2414255232510176,0.692732321561826,1.4690291307001633,2.4178773945242247,2.2647350822039827,1.8374615472656,2.4178773945242247,2.2647350822039827,1.8374615472656,4.682612476728208,4.255338941789825,4.102196629469582,6.520074023993808
588,14700,Normal Traffic,0.68,0.8608789952471128,0.24974224287802815,0.5181702175121381,0.8608789952471128,0.24974224287802815,0.5181702175121381,1.110621238125141,1.3790492127592509,0.7679124603901663,1.6287914556372791,2.9280215488782493,2.691225374807795,2.3118919860986566,2.9280215488782493,2.691225374807795,2.3118919860986566,5.619246923686044,5.239913534976906,5.003117360906451,7.9311389097847
589,14725,Blackhole Attack,0.84,0.8827933545528235,0.23573508284392405,0.5019845299149301,0.8827933545528235,0.23573508284392405,0.5019845299149301,1.1185284373967475,1.3847778844677536,0.7377196127588542,1.6205129673116776,3.060194560839005,2.421384092101644,2.1671188862163366,3.060194560839005,2.421384092101644,2.1671188862163366,5.481578652940649,5.227313447055342,4.5885029783179805,7.648697539156986
590,14750,Flooding Attack,0.76,0.7583719254320284,0.22834786717127573,0.5686881656029027,0.7583719254320284,0.22834786717127573,0.5686881656029027,0.9867197926033041,1.327060091034931,0.7970360327741784,1.5554079582062068,2.3097662772673426,2.2790728921238457,2.7637504506136725,2.3097662772673426,2.2790728921238457,2.7637504506136725,4.588839169391188,5.073516727881016,5.042823342737519,7.352589620004861
591,14775,Wormhole Attack,0.76,0.8425004925604856,0.2662525982144147,0.49427545263320777,0.8425004925604856,0.2662525982144147,0.49427545263320777,1.1087530907749004,1.3367759451936934,0.7605280508476224,1.6030285434081082,2.817174500076447,3.0092895256461953,2.098164941034555,2.817174500076447,3.0092895256461953,2.098164941034555,5.826464025722642,4.915339441111001,5.10745446668075,7.924628966757197
592,14800,Blackhole Attack,0.88,0.7900306384333742,0.2765769813774925,0.522755347523215,0.7900306384333742,0.2765769813774925,0.522755347523215,1.0666076198108667,1.3127859859565891,0.7993323289007075,1.5893629673340817,2.500710826173164,3.208183861763694,2.352903743003044,2.500710826173164,3.208183861763694,2.352903743003044,5.7088946879368585,4.853614569176208,5.561087604766739,8.061798430939902
593,14825,Normal Traffic,0.68,0.7162281610276526,0.21797668751634744,0.49546418839433487,0.7162281610276526,0.21797668751634744,0.49546418839433487,0.9342048485440001,1.2116923494219876,0.7134408759106823,1.429669036938335,2.0555827896743812,2.0792770438256944,2.108797603999644,2.0555827896743812,2.0792770438256944,2.108797603999644,4.134859833500076,4.164380393674025,4.188074647825339,6.24365743749972
594,14850,Flooding Attack,0.76,0.7080920964825452,0.24668792086187497,0.582339169945992,0.7080920964825452,0.24668792086187497,0.582339169945992,0.9547800173444202,1.2904312664285373,0.829027090807867,1.5371191872904122,2.0065113958256124,2.6323853123947343,2.885852042120787,2.0065113958256124,2.6323853123947343,2.885852042120787,4.638896708220347,4.8923634379464,5.518237354515522,7.524748750341134
595,14875,Blackhole Attack,0.8,0.9306676786131336,0.3015545595952042,0.43406539875832506,0.9306676786131336,0.3015545595952042,0.43406539875832506,1.2322222382083379,1.3647330773714588,0.7356199583535292,1.666287636966663,3.348941017824746,3.6893650383012875,1.559615306291084,3.348941017824746,3.6893650383012875,1.559615306291084,7.038306056126034,4.90855632411583,5.248980344592372,8.597921362417118
596,14900,Normal Traffic,0.64,0.699883713954604,0.23305699565143226,0.44121011386610065,0.699883713954604,0.23305699565143226,0.44121011386610065,0.9329407096060363,1.1410938278207046,0.6742671095175329,1.374150823472137,1.9570038274359076,2.3697920148025053,1.6235213064357517,1.9570038274359076,2.3697920148025053,1.6235213064357517,4.326795842238413,3.5805251338716593,3.993313321238257,5.950317148674165
597,14925,Blackhole Attack,0.8,0.8281886432855856,0.22817705114511289,0.6095825470449747,0.8281886432855856,0.22817705114511289,0.6095825470449747,1.0563656944306985,1.4377711903305603,0.8377595981900876,1.6659482414756732,2.730854831816789,2.275782202541209,3.1295307941166617,2.730854831816789,2.275782202541209,3.1295307941166617,5.006637034357999,5.860385625933451,5.405312996657871,8.13616782847466
598,14950,Wormhole Attack,0.72,0.5900412008947573,0.25701024544524187,0.458905672742883,0.5900412008947573,0.25701024544524187,0.458905672742883,0.8470514463399992,1.0489468736376404,0.715915918188125,1.3059571190828823,1.2945059834457686,2.831239990952215,1.7817994702367022,1.2945059834457686,2.831239990952215,1.7817994702367022,4.125745974397984,3.0763054536824708,4.613039461188917,5.907545444634686
599,14975,Normal Traffic,0.64,0.66756908336084,0.28569273720294647,0.2335585342907377,0.66756908336084,0.28569273720294647,0.2335585342907377,0.9532618205637864,0.9011276176515777,0.5192512714936841,1.186820354854524,1.7621032147192057,3.3837945664881017,-0.23382103321074868,1.7621032147192057,3.3837945664881017,-0.23382103321074868,5.1458977812073075,1.528282181508457,3.149973533277353,4.912076747996559
600,15000,Wormhole Attack,0.76,0.7922504393881357,0.21456956733305993,0.39698477967506235,0.7922504393881357,0.21456956733305993,0.39698477967506235,1.0068200067211956,1.189235219063198,0.6115543470081223,1.403804786396258,2.5140992065520384,2.013640492351031,1.2279472113770633,2.5140992065520384,2.013640492351031,1.2279472113770633,4.527739698903069,3.7420464179291018,3.2415877037280945,5.755686910280133
601,15025,Normal Traffic,0.68,0.7624427434445161,0.2389101475785521,0.4898069281373517,0.7624427434445161,0.2389101475785521,0.4898069281373517,1.0013528910230682,1.2522496715818678,0.7287170757159038,1.49115981916042,2.3343187759440616,2.4825502056165236,2.058196163725597,2.3343187759440616,2.4825502056165236,2.058196163725597,4.816868981560585,4.392514939669659,4.540746369342121,6.875065145286182
602,15050,Sybil Attack,0.8,0.8276684406163728,0.29252402975791414,0.2863514666128681,0.8276684406163728,0.29252402975791414,0.2863514666128681,1.120192470374287,1.114019907229241,0.5788754963707823,1.406543936987155,2.7277173112230675,3.5153961717446496,0.23838605828598658,2.7277173112230675,3.5153961717446496,0.23838605828598658,6.243113482967717,2.966103369509054,3.753782230030636,6.4814995412537035
603,15075,Normal Traffic,0.68,0.799276850748014,0.2372629104072281,0.6920481742615063,0.799276850748014,0.2372629104072281,0.6920481742615063,1.036539761155242,1.4913250250095205,0.9293110846687345,1.7285879354167484,2.5564779017150947,2.4508169641779247,3.867145703225408,2.5564779017150947,2.4508169641779247,3.867145703225408,5.007294865893019,6.423623604940502,6.317962667403332,8.874440569118427
604,15100,Normal Traffic,0.64,0.8935347387121988,0.2547330470170633,0.38520731087979315,0.8935347387121988,0.2547330470170633,0.38520731087979315,1.148267785729262,1.278742049591992,0.6399403578968564,1.5334750966090551,3.1249795302358616,2.7873708452196024,1.1226034837153147,3.1249795302358616,2.7873708452196024,1.1226034837153147,5.912350375455464,4.247583013951177,3.909974328934917,7.034953859170779
605,15125,Sybil Attack,0.76,0.5598720821270861,0.26962041558415756,0.313035036794239,0.5598720821270861,0.26962041558415756,0.313035036794239,0.8294924977112437,0.8729071189213251,0.5826554523783966,1.1425275345054826,1.1125456879108793,3.074168927092228,0.4770576097961548,1.1125456879108793,3.074168927092228,0.4770576097961548,4.186714615003107,1.589603297707034,3.551226536888383,4.663772224799263
606,15150,Wormhole Attack,0.8,0.9163612173820541,0.2507069038338008,0.341965346351202,0.9163612173820541,0.2507069038338008,0.341965346351202,1.167068121215855,1.2583265637332561,0.5926722501850028,1.509033467567057,3.262653846704083,2.7098091097725163,0.7358251517966033,3.262653846704083,2.7098091097725163,0.7358251517966033,5.972462956476599,3.9984789985006866,3.44563426156912,6.708288108273202
607,15175,Blackhole Attack,0.72,0.7594466750060528,0.2286527512877928,0.4456479490391412,0.7594466750060528,0.2286527512877928,0.4456479490391412,0.9880994262938456,1.205094624045194,0.674300700326934,1.4337473753329868,2.3162484603109204,2.284946339766151,1.6632155826850163,2.3162484603109204,2.284946339766151,1.6632155826850163,4.601194800077071,3.9794640429959367,3.9481619224511673,6.264410382762087
608,15200,Blackhole Attack,0.84,0.84670028256739,0.28602336029483166,0.5493891695968018,0.84670028256739,0.28602336029483166,0.5493891695968018,1.1327236428622216,1.3960894521641918,0.8354125298916335,1.6821128124590234,2.8425048730557103,3.3901638632612774,2.5911303218956503,2.8425048730557103,3.3901638632612774,2.5911303218956503,6.232668736316988,5.433635194951361,5.981294185156928,8.82379905821264
609,15225,Wormhole Attack,0.72,0.8346424914562585,0.20916579511381783,0.4191284461712762,0.8346424914562585,0.20916579511381783,0.4191284461712762,1.0438082865700764,1.2537709376275346,0.628294241285094,1.4629367327413525,2.7697802021438584,1.9095393880913611,1.4260115334618513,2.7697802021438584,1.9095393880913611,1.4260115334618513,4.679319590235219,4.1957917356057095,3.3355509215532124,6.105331123697071
610,15250,Wormhole Attack,0.76,0.9127265820846007,0.2882491955331003,0.32950613626992875,0.9127265820846007,0.2882491955331003,0.32950613626992875,1.200975777617701,1.2422327183545294,0.6177553318030291,1.5304819138876298,3.240732115480204,3.43304352154494,0.6243835800550275,3.240732115480204,3.43304352154494,0.6243835800550275,6.673775637025145,3.8651156955352315,4.057427101599968,7.298159217080173
611,15275,Normal Traffic,0.68,0.8707560469665434,0.18534998976012557,0.49164860524901766,0.8707560469665434,0.18534998976012557,0.49164860524901766,1.056106036726669,1.362404652215561,0.6769985950091433,1.5477546419756867,2.9875934330861127,1.4507392137752697,2.074669069361326,2.9875934330861127,1.4507392137752697,2.074669069361326,4.438332646861382,5.062262502447439,3.5254082831365956,6.513001716222709
612,15300,Blackhole Attack,0.76,0.853402162055192,0.2784679387611976,0.4444278705251281,0.853402162055192,0.2784679387611976,0.4444278705251281,1.1318701008163896,1.29783003258032,0.7228958092863257,1.5762979713415177,2.882926205267324,3.2446122572927876,1.6523025740462016,2.882926205267324,3.2446122572927876,1.6523025740462016,6.1275384625601115,4.535228779313526,4.896914831338989,7.779841036606313
613,15325,Normal Traffic,0.68,0.8451376887361973,0.25800271698521504,0.46978743809108925,0.8451376887361973,0.25800271698521504,0.46978743809108925,1.1031404057214123,1.3149251268272866,0.7277901550763043,1.5729278438125016,2.8330803340920627,2.850359483607661,1.879131566398226,2.8330803340920627,2.850359483607661,1.879131566398226,5.683439817699724,4.7122119004902885,4.729491050005887,7.56257138409795
614,15350,Sybil Attack,0.84,0.6031962883341885,0.2726269338815617,0.4208286756128391,0.6031962883341885,0.2726269338815617,0.4208286756128391,0.8758232222157502,1.0240249639470276,0.6934556094944008,1.2966518978285893,1.3738488246039684,3.132088073577009,1.44121925851449,1.3738488246039684,3.132088073577009,1.44121925851449,4.505936898180977,2.8150680831184585,4.573307332091499,5.947156156695467
615,15375,Wormhole Attack,0.8,0.9107416912547475,0.22904224494845538,0.6043224513638744,0.9107416912547475,0.22904224494845538,0.6043224513638744,1.139783936203203,1.515064142618622,0.8333646963123298,1.7441063875670775,3.228760558578396,2.2924497500751073,3.082481797720496,3.228760558578396,2.2924497500751073,3.082481797720496,5.521210308653503,6.311242356298892,5.374931547795603,8.603692106373998
616,15400,Normal Traffic,0.68,0.943493607607312,0.18681200193321845,0.6648312404406606,0.943493607607312,0.18681200193321845,0.6648312404406606,1.1303056095405304,1.6083248480479726,0.851643242373879,1.795136849981191,3.4262985915829525,1.4789041836306045,3.623703473485628,3.4262985915829525,1.4789041836306045,3.623703473485628,4.9052027752135565,7.050002065068581,5.102607657116232,8.528906248699185
617,15425,Blackhole Attack,0.92,0.8584829687637384,0.3202744768843468,0.5102903476943923,0.8584829687637384,0.3202744768843468,0.5102903476943923,1.1787574456480852,1.3687733164581308,0.8305648245787391,1.6890477933424775,2.9135702919362862,4.049995350310025,2.2414103847868296,2.9135702919362862,4.049995350310025,2.2414103847868296,6.963565642246312,5.154980676723116,6.2914057350968555,9.204976027033142
618,15450,Normal Traffic,0.72,0.9329130491305574,0.2896559354331473,0.34746115071051054,0.9329130491305574,0.2896559354331473,0.34746115071051054,1.2225689845637047,1.2803741998410678,0.6371170861436579,1.5700301352742152,3.36248361699982,3.4601436973220703,0.7849824476275887,3.36248361699982,3.4601436973220703,0.7849824476275887,6.82262731432189,4.147466064627409,4.245126144949659,7.607609761949479
619,15475,Normal Traffic,0.56,0.8303229837557887,0.23028929849740395,0.3620858102825465,0.8303229837557887,0.23028929849740395,0.3620858102825465,1.0606122822531927,1.1924087940383352,0.5923751087799505,1.422698092535739,2.7437277707223298,2.316473644171572,0.915792911393893,2.7437277707223298,2.316473644171572,0.915792911393893,5.060201414893902,3.6595206821162227,3.232266555565465,5.975994326287795
620,15500,Wormhole Attack,0.76,0.8681442540646138,0.2745338119536735,0.40107871655734867,0.8681442540646138,0.2745338119536735,0.40107871655734867,1.1426780660182874,1.2692229706219624,0.6756125285110222,1.543756782575636,2.971840814921465,3.1688231736037142,1.264565484750472,2.971840814921465,3.1688231736037142,1.264565484750472,6.140663988525179,4.236406299671937,4.433388658354186,7.405229473275651
621,15525,Blackhole Attack,0.76,0.9525435082289656,0.22452432017686816,0.42262846528253334,0.9525435082289656,0.22452432017686816,0.42262846528253334,1.1770678284058338,1.375171973511499,0.6471527854594015,1.5996962936883672,3.480881644020071,2.205414075993658,1.4573175013634847,3.480881644020071,2.205414075993658,1.4573175013634847,5.686295720013729,4.938199145383556,3.6627315773571425,7.143613221377214
622,15550,Sybil Attack,0.84,0.8742646680242531,0.33224430921231773,0.3608709357637815,0.8742646680242531,0.33224430921231773,0.3608709357637815,1.2065089772365707,1.2351356037880346,0.6931152449760992,1.567379913000352,3.0087551292396286,4.280588482771786,0.9049264499603983,3.0087551292396286,4.280588482771786,0.9049264499603983,7.289343612011415,3.913681579200027,5.185514932732184,8.194270061971812
623,15575,Sybil Attack,0.84,0.6979439901449996,0.2903812740593659,0.35870086934971074,0.6979439901449996,0.2903812740593659,0.35870086934971074,0.9883252642043656,1.0566448594947104,0.6490821434090767,1.3470261335540763,1.9453046883138896,3.474117001319354,0.8855162618031941,1.9453046883138896,3.474117001319354,0.8855162618031941,5.419421689633244,2.830820950117084,4.359633263122548,6.304937951436438
624,15600,Wormhole Attack,0.8,0.7857459504463099,0.17276411506379552,0.652375466802909,0.7857459504463099,0.17276411506379552,0.652375466802909,0.9585100655101054,1.438121417249219,0.8251395818667046,1.6108855323130145,2.4748684043773883,1.208278317792952,3.5122926390592406,2.4748684043773883,1.208278317792952,3.5122926390592406,3.6831467221703402,5.987161043436629,4.7205709568521925,7.195439361229581
625,15625,Wormhole Attack,0.88,0.7888200096123005,0.3201634786752576,0.3657660749861818,0.7888200096123005,0.3201634786752576,0.3657660749861818,1.108983488287558,1.1545860845984823,0.6859295536614394,1.4747495632737397,2.493409108819004,4.047857022551523,0.9487110884149718,2.493409108819004,4.047857022551523,0.9487110884149718,6.541266131370527,3.4421201972339754,4.996568110966495,7.489977219785499
626,15650,Normal Traffic,0.72,0.6977022545936447,0.310819706627864,0.27597673212256535,0.6977022545936447,0.310819706627864,0.27597673212256535,1.0085219612215086,0.97367898671621,0.5867964387504294,1.2844986933440738,1.9438466983505573,3.8678536936508956,0.14558910643599268,1.9438466983505573,3.8678536936508956,0.14558910643599268,5.811700392001453,2.08943580478655,4.013442800086889,5.957289498437445
627,15675,Flooding Attack,0.76,0.8724278174402625,0.18989828074486406,0.5262627094398002,0.8724278174402625,0.18989828074486406,0.5262627094398002,1.0623260981851266,1.398690526880063,0.7161609901846643,1.5885888076249268,2.9976764538003406,1.5383598785249004,2.3842753887254564,2.9976764538003406,1.5383598785249004,2.3842753887254564,4.536036332325241,5.3819518425257975,3.9226352672503566,6.920311721050698
628,15700,Wormhole Attack,0.88,0.6682373532181553,0.17122379400855026,0.5914293453394882,0.6682373532181553,0.17122379400855026,0.5914293453394882,0.8394611472267055,1.2596666985576435,0.7626531393480385,1.4308904925661938,1.76613377927333,1.1786047645305715,2.9671592378940113,1.76613377927333,1.1786047645305715,2.9671592378940113,2.9447385438039015,4.733293017167341,4.145764002424583,5.911897781697913
629,15725,Flooding Attack,0.8,0.7251185839716997,0.2601759157491348,0.33564530919999186,0.7251185839716997,0.2601759157491348,0.33564530919999186,0.9852944997208345,1.0607638931716916,0.5958212249491266,1.3209398089208264,2.1092039775780353,2.892225125222645,0.679295494699431,2.1092039775780353,2.892225125222645,0.679295494699431,5.00142910280068,2.7884994722774663,3.571520619922076,5.680724597500111
630,15750,Wormhole Attack,0.84,0.7712352020984695,0.1860301465115095,0.5031373260426923,0.7712352020984695,0.1860301465115095,0.5031373260426923,0.957265348609979,1.274372528141162,0.6891674725542019,1.4604026746526713,2.38734910763761,1.4638421104215442,2.1774300866485787,2.38734910763761,1.4638421104215442,2.1774300866485787,3.851191218059154,4.564779194286189,3.6412721970701227,6.028621304707732
631,15775,Normal Traffic,0.64,0.887498753199323,0.19539575373495968,0.4146493059320126,0.887498753199323,0.19539575373495968,0.4146493059320126,1.0828945069342828,1.3021480591313357,0.6100450596669723,1.4975438128662955,3.0885744328173677,1.6442660836141538,1.3859478034935495,3.0885744328173677,1.6442660836141538,1.3859478034935495,4.732840516431521,4.474522236310917,3.0302138871077036,6.118788319925071
632,15800,Wormhole Attack,0.88,0.7996084285040252,0.29616175910074527,0.3912240193412583,0.7996084285040252,0.29616175910074527,0.3912240193412583,1.0957701876047705,1.1908324478452834,0.6873857784420035,1.486994206946029,2.558477760807474,3.5854752991064682,1.1764200132771945,2.558477760807474,3.5854752991064682,1.1764200132771945,6.143953059913942,3.7348977740846685,4.761895312383663,7.320373073191137
633,15825,Wormhole Attack,0.88,0.5797433980469576,0.20430092798937666,0.6338403401049278,0.5797433980469576,0.20430092798937666,0.6338403401049278,0.7840443260363343,1.2135837381518855,0.8381412680943046,1.417884666141262,1.232396404973308,1.8158200344280933,3.346504949616799,1.232396404973308,1.8158200344280933,3.346504949616799,3.0482164394014015,4.578901354590107,5.162324984044892,6.3947213890182
634,15850,Blackhole Attack,0.92,0.8393372878127884,0.2894567230186464,0.4004682640052762,0.8393372878127884,0.2894567230186464,0.4004682640052762,1.1287940108314347,1.2398055518180646,0.6899249870239226,1.5292622748367108,2.798096128077556,3.456305964810338,1.2591052837078018,2.798096128077556,3.456305964810338,1.2591052837078018,6.254402092887894,4.057201411785358,4.71541124851814,7.513507376595696
635,15875,Flooding Attack,0.84,0.6692232097229177,0.2815079672614789,0.5360619083715403,0.6692232097229177,0.2815079672614789,0.5360619083715403,0.9507311769843967,1.2052851180944582,0.8175698756330192,1.486793085355937,1.772079817748733,3.303176961913987,2.4719244550497224,1.772079817748733,3.303176961913987,2.4719244550497224,5.07525677966272,4.244004272798455,5.775101416963709,7.547181234712442
636,15900,Blackhole Attack,0.72,0.9357245772630117,0.26786424438162815,0.4623091098584245,0.9357245772630117,0.26786424438162815,0.4623091098584245,1.2035888216446398,1.3980336871214363,0.7301733542400526,1.6658979315030642,3.3794409067975666,3.0403371233012857,1.812241559181782,3.3794409067975666,3.0403371233012857,1.812241559181782,6.419778030098852,5.191682465979349,4.852578682483068,8.232019589280634
637,15925,Wormhole Attack,0.84,0.8005129316489703,0.23644459773328047,0.4612516962694429,0.8005129316489703,0.23644459773328047,0.4612516962694429,1.0369575293822508,1.2617646279184132,0.6976962940027234,1.4982092256516937,2.563933129286543,2.4350525593267554,1.802783509147444,2.563933129286543,2.4350525593267554,1.802783509147444,4.998985688613298,4.366716638433987,4.237836068474199,6.801769197760742
638,15950,Blackhole Attack,0.76,0.8569767691632114,0.27038606494692485,0.5855954729943195,0.8569767691632114,0.27038606494692485,0.5855954729943195,1.1273628341101363,1.4425722421575309,0.8559815379412443,1.7129583071044556,2.904485885906498,3.0889187982759116,2.9149780884275214,2.904485885906498,3.0889187982759116,2.9149780884275214,5.99340468418241,5.8194639743340195,6.0038968867034335,8.908382772609931
639,15975,Flooding Attack,0.68,0.6426769786394276,0.21647548330961697,0.5107767776745411,0.6426769786394276,0.21647548330961697,0.5107767776745411,0.8591524619490446,1.1534537563139686,0.7272522609841581,1.3699292396235858,1.611970399555668,2.0503570580640034,2.2457612642708735,1.611970399555668,2.0503570580640034,2.2457612642708735,3.6623274576196714,3.8577316638265415,4.296118322334877,5.908088721890545
640,16000,Blackhole Attack,0.92,0.8661224509881713,0.26695954358167767,0.48798719052770634,0.8661224509881713,0.26695954358167767,0.48798719052770634,1.133081994569849,1.3541096415158775,0.7549467341093841,1.6210691850975554,2.9596466276090716,3.0229084922490577,2.041919496260061,2.9596466276090716,3.0229084922490577,2.041919496260061,5.982555119858129,5.001566123869132,5.064827988509119,8.02447461611819
641,16025,Flooding Attack,0.76,0.9106808690132007,0.2698729372862252,0.37797687623199844,0.9106808690132007,0.2698729372862252,0.37797687623199844,1.1805538062994259,1.288657745245199,0.6478498135182236,1.5585306825314242,3.228393718793244,3.0790336376996006,1.0579307639948166,3.228393718793244,3.0790336376996006,1.0579307639948166,6.307427356492845,4.286324482788061,4.136964401694417,7.365358120487661
642,16050,Normal Traffic,0.72,0.8479219687387455,0.19529814053038322,0.5141025113959118,0.8479219687387455,0.19529814053038322,0.5141025113959118,1.0432201092691287,1.3620244801346573,0.709400651926295,1.5573226206650403,2.849873281079246,1.6423856116078486,2.2755083341642193,2.849873281079246,1.6423856116078486,2.2755083341642193,4.4922588926870946,5.125381615243466,3.917893945772068,6.767767226851314
643,16075,Sybil Attack,0.76,0.8407171676888784,0.2637193413326068,0.5318465155920056,0.8407171676888784,0.2637193413326068,0.5318465155920056,1.1044365090214852,1.3725636832808839,0.7955658569246125,1.6362830246134907,2.8064186565540936,2.960487535467824,2.434219817773758,2.8064186565540936,2.960487535467824,2.434219817773758,5.766906192021917,5.240638474327852,5.394707353241582,8.201126009795676
644,16100,Flooding Attack,0.88,0.9215217802680828,0.3123088481412342,0.31770138098425665,0.9215217802680828,0.3123088481412342,0.31770138098425665,1.233830628409317,1.2392231612523394,0.6300102291254909,1.5515320093935736,3.293778970215294,3.8965412973564595,0.5187957880137577,3.293778970215294,3.8965412973564595,0.5187957880137577,7.190320267571753,3.8125747582290517,4.415337085370217,7.709116055585511
645,16125,Normal Traffic,0.64,0.8168724688895116,0.27342663159503056,0.5474809106591723,0.8168724688895116,0.27342663159503056,0.5474809106591723,1.0902991004845421,1.364353379548684,0.8209075422542028,1.6377800111437144,2.66260310549721,3.147493870059252,2.5740618742242374,2.66260310549721,3.147493870059252,2.5740618742242374,5.810096975556462,5.236664979721447,5.7215557442834895,8.3841588497807
646,16150,Normal Traffic,0.68,0.6348625918680846,0.2891364390113986,0.33562927888788957,0.6348625918680846,0.2891364390113986,0.33562927888788957,0.9239990308794832,0.9704918707559742,0.6247657178992883,1.2596283097673728,1.5648391546132003,3.450135845590198,0.6791521113577477,1.5648391546132003,3.450135845590198,0.6791521113577477,5.014975000203398,2.243991265970948,4.1292879569479455,5.694127111561146
647,16175,Sybil Attack,0.76,0.9049531520057977,0.2873893561487662,0.38099352806465286,0.9049531520057977,0.2873893561487662,0.38099352806465286,1.192342508154564,1.2859466800704507,0.6683828842134191,1.5733360362192168,3.1938478943880555,3.416479124349144,1.0849132467874785,3.1938478943880555,3.416479124349144,1.0849132467874785,6.6103270187372,4.278761141175534,4.501392371136623,7.695240265524679
648,16200,Blackhole Attack,0.76,0.7902065129318372,0.3393028418780214,0.32302096197816704,0.7902065129318372,0.3393028418780214,0.32302096197816704,1.1295093548098585,1.1132274749100042,0.6623238038561885,1.4525303167880255,2.5017715855531057,4.4165677607909775,0.5663768515884883,2.5017715855531057,4.4165677607909775,0.5663768515884883,6.918339346344084,3.068148437141594,4.982944612379466,7.484716197932572
649,16225,Wormhole Attack,0.76,0.6754751117727382,0.19683611099237552,0.42110613440882105,0.6754751117727382,0.19683611099237552,0.42110613440882105,0.8723112227651137,1.0965812461815592,0.6179422454011966,1.2934173571739347,1.8097871818053706,1.6720138818080699,1.4437009924379134,1.8097871818053706,1.6720138818080699,1.4437009924379134,3.4818010636134407,3.2534881742432837,3.1157148742459833,4.925502056051354
650,16250,Wormhole Attack,0.84,0.842771500623022,0.2621720867580536,0.34031522052360713,0.842771500623022,0.2621720867580536,0.34031522052360713,1.1049435873810756,1.1830867211466292,0.6024873072816608,1.4452588079046826,2.818809042587655,2.9306804112503624,0.7210655791913592,2.818809042587655,2.9306804112503624,0.7210655791913592,5.7494894538380175,3.5398746217790142,3.6517459904417215,6.470555033029377
651,16275,Normal Traffic,0.68,0.7690601927445463,0.2004464868346595,0.39366223604390455,0.7690601927445463,0.2004464868346595,0.39366223604390455,0.9695066795792058,1.1627224287884508,0.594108722878564,1.3631689156231104,2.3742308807553876,1.7415660569785678,1.1982286752884295,2.3742308807553876,1.7415660569785678,1.1982286752884295,4.115796937733956,3.572459556043817,2.9397947322669973,5.314025613022386
652,16300,Normal Traffic,0.68,0.7266782393981701,0.258228744354608,0.3740594184606172,0.7266782393981701,0.258228744354608,0.3740594184606172,0.9849069837527782,1.1007376578587873,0.6322881628152253,1.3589664022133954,2.1186107940156855,2.8547137934845526,1.022891010396781,2.1186107940156855,2.8547137934845526,1.022891010396781,4.9733245875002385,3.1415018044124663,3.8776048038813338,5.996215597897019
653,16325,Normal Traffic,0.68,0.8155637498731411,0.24872827526631652,0.4028224425595125,0.8155637498731411,0.24872827526631652,0.4028224425595125,1.0642920251394576,1.2183861924326536,0.6515507178258291,1.4671144676989702,2.65470977255551,2.671691770543934,1.2801622653730147,2.65470977255551,2.671691770543934,1.2801622653730147,5.326401543099444,3.9348720379285247,3.9518540359169485,6.606563808472459
654,16350,Wormhole Attack,0.88,0.7480009504324735,0.2691815922586271,0.4794222027338937,0.7480009504324735,0.2691815922586271,0.4794222027338937,1.0171825426911005,1.227423153166367,0.7486037949925208,1.4966047454249942,2.2472153724684216,3.065715204228049,1.9653098480188342,2.2472153724684216,3.065715204228049,1.9653098480188342,5.312930576696471,4.212525220487256,5.031025052246884,7.278240424715305
655,16375,Sybil Attack,0.8,0.5567223192277655,0.27234606323252925,0.551698252669513,0.5567223192277655,0.27234606323252925,0.551698252669513,0.8290683824602947,1.1084205718972786,0.8240443159020423,1.3807666351298078,1.0935483883066441,3.126677233976056,2.611783946421299,1.0935483883066441,3.126677233976056,2.611783946421299,4.2202256222827,3.7053323347279434,5.738461180397355,6.832009568703999
656,16400,Normal Traffic,0.68,0.8794280280476725,0.34059310719444236,0.4362179458447521,0.8794280280476725,0.34059310719444236,0.4362179458447521,1.2200211352421149,1.3156459738924247,0.7768110530391945,1.656239081086867,3.0398971232451415,4.441424109056192,1.578868792587116,3.0398971232451415,4.441424109056192,1.578868792587116,7.481321232301333,4.618765915832258,6.020292901643308,9.060190024888449
657,16425,Normal Traffic,0.68,0.7149383908013898,0.25669642561651296,0.5528544252606654,0.7149383908013898,0.25669642561651296,0.5528544252606654,0.9716348164179027,1.2677928160620553,0.8095508508771784,1.5244892416785683,2.0478037433803813,2.825194401059856,2.6221253476756385,2.0478037433803813,2.825194401059856,2.6221253476756385,4.8729981444402375,4.669929091056019,5.447319748735495,7.4951234921158765
658,16450,Wormhole Attack,1.0,0.706354765993237,0.24828604455500605,0.5743086138780661,0.706354765993237,0.24828604455500605,0.5743086138780661,0.954640810548243,1.280663379871303,0.8225946584330721,1.528949424426309,1.9960329601871456,2.6631724060116864,2.8140226256224135,1.9960329601871456,2.6631724060116864,2.8140226256224135,4.659205366198832,4.810055585809559,5.4771950316341,7.473227991821245
659,16475,Sybil Attack,0.76,0.8414530644802743,0.27333304170813133,0.35293189159429117,0.8414530644802743,0.27333304170813133,0.35293189159429117,1.1147861061884057,1.1943849560745656,0.6262649333024225,1.4677179977826968,2.8108571023263007,3.145690905356363,0.8339155628654294,2.8108571023263007,3.145690905356363,0.8339155628654294,5.956548007682663,3.6447726651917303,3.9796064682217924,6.790463570548092
660,16500,Normal Traffic,0.68,0.8295040383064437,0.23056173563921353,0.4369824088121903,0.8295040383064437,0.23056173563921353,0.4369824088121903,1.0600657739456572,1.2664864471186341,0.6675441444514039,1.4970481827578475,2.7387884300297056,2.321722016262967,1.5857065418564371,2.7387884300297056,2.321722016262967,1.5857065418564371,5.060510446292673,4.324494971886143,3.907428558119404,6.64621698814911
661,16525,Wormhole Attack,0.8,0.7490988253947348,0.2208872206982327,0.43907873448068585,0.7490988253947348,0.2208872206982327,0.43907873448068585,0.9699860460929675,1.1881775598754207,0.6599659551789185,1.4090647805736534,2.2538370326545154,2.1353470826662955,1.6044571549254383,2.2538370326545154,2.1353470826662955,1.6044571549254383,4.389184115320811,3.8582941875799537,3.7398042375917337,5.993641270246249
662,16550,Normal Traffic,0.64,0.7820954919344697,0.27976619698618005,0.41666845222544124,0.7820954919344697,0.27976619698618005,0.41666845222544124,1.0618616889206498,1.198763944159911,0.6964346492116213,1.478530141146091,2.452851237924251,3.2696225851436957,1.4040080846067218,2.452851237924251,3.2696225851436957,1.4040080846067218,5.722473823067947,3.8568593225309726,4.673630669750418,7.126481907674669
663,16575,Wormhole Attack,0.76,0.7271931557109695,0.2188713690159625,0.4587577926175216,0.7271931557109695,0.2188713690159625,0.4587577926175216,0.946064524726932,1.1859509483284911,0.6776291616334841,1.4048223173444536,2.1217164307820178,2.0965126578175233,1.7804767544712468,2.1217164307820178,2.0965126578175233,1.7804767544712468,4.218229088599541,3.9021931852532648,3.8769894122887703,5.998705843070788
664,16600,Blackhole Attack,0.8,0.8381399114640143,0.1888174354697583,0.49631643397006836,0.8381399114640143,0.1888174354697583,0.49631643397006836,1.0269573469337727,1.3344563454340828,0.6851338694398267,1.523273780903841,2.790874340926024,1.517537907851951,2.1164205259866726,2.790874340926024,1.517537907851951,2.1164205259866726,4.308412248777975,4.907294866912697,3.6339584338386235,6.424832774764647
665,16625,Sybil Attack,0.8,0.800235231553301,0.2736447790601495,0.4485422692178389,0.800235231553301,0.2736447790601495,0.4485422692178389,1.0738800106134505,1.24877750077114,0.7221870482779884,1.5224222798312894,2.5622582248298635,3.1516963773243556,1.6891038683574955,2.5622582248298635,3.1516963773243556,1.6891038683574955,5.713954602154219,4.251362093187359,4.8408002456818515,7.403058470511715
666,16650,Wormhole Attack,0.8,0.8736678064090139,0.26117169287715636,0.4894243137283544,0.8736678064090139,0.26117169287715636,0.4894243137283544,1.1348394992861701,1.3630921201373682,0.7505960066055107,1.6242638130145246,3.005155252268123,2.911408298461229,2.054773864010648,3.005155252268123,2.911408298461229,2.054773864010648,5.916563550729352,5.059929116278771,4.966182162471877,7.97133741474
667,16675,Blackhole Attack,0.8,0.6889052148032168,0.27850500517353177,0.4280413482312351,0.6889052148032168,0.27850500517353177,0.4280413482312351,0.9674102199767485,1.116946563034452,0.7065463534047669,1.3954515682079836,1.89078873625278,3.2453263241147003,1.5057331055247118,1.89078873625278,3.2453263241147003,1.5057331055247118,5.13611506036748,3.396521841777492,4.751059429639412,6.641848165892192
668,16700,Blackhole Attack,0.84,0.8850895782863981,0.2985806612395736,0.45909269907653455,0.8850895782863981,0.2985806612395736,0.45909269907653455,1.1836702395259717,1.3441822773629326,0.7576733603161081,1.6427629386025062,3.074043873190256,3.63207429949576,1.7834723297874466,3.074043873190256,3.63207429949576,1.7834723297874466,6.706118172686017,4.857516202977703,5.415546629283207,8.489590502473463
669,16725,Blackhole Attack,0.84,0.8763290935703203,0.2789292996801332,0.45479190685815485,0.8763290935703203,0.2789292996801332,0.45479190685815485,1.1552583932504534,1.331121000428475,0.7337212065382881,1.6100503001086084,3.0212063872748716,3.2535001561854227,1.7450038360848994,3.0212063872748716,3.2535001561854227,1.7450038360848994,6.274706543460294,4.766210223359771,4.998503992270322,8.019710379545193
670,16750,Blackhole Attack,0.8,0.8441737901825177,0.25544054395202287,0.5471636105501324,0.8441737901825177,0.25544054395202287,0.5471636105501324,1.0996143341345406,1.3913374007326502,0.8026041545021553,1.6467779446846729,2.8272667315455693,2.8010004375120685,2.5712237791416026,2.8272667315455693,2.8010004375120685,2.5712237791416026,5.628267169057638,5.3984905106871715,5.372224216653671,8.19949094819924
671,16775,Flooding Attack,0.84,0.6062196465162717,0.2695300061614847,0.3913713914097156,0.6062196465162717,0.2695300061614847,0.3913713914097156,0.8757496526777564,0.9975910379259874,0.6609013975712004,1.267121044087472,1.3920837340342431,3.0724272325214965,1.1777381847208541,1.3920837340342431,3.0724272325214965,1.1777381847208541,4.464510966555739,2.569821918755097,4.250165417242351,5.6422491512765935
672,16800,Sybil Attack,0.76,0.8309177542676321,0.32787848423285204,0.17438891120318728,0.8309177542676321,0.32787848423285204,0.17438891120318728,1.1587962385004842,1.0053066654708194,0.5022673954360393,1.3331851497036715,2.747315035532545,4.196482938916983,-0.7630645208170981,2.747315035532545,4.196482938916983,-0.7630645208170981,6.943797974449527,1.9842505147154468,3.433418418099885,6.180733453632429
673,16825,Normal Traffic,0.68,0.9127895189046723,0.13565088150243135,0.5686641325705901,0.9127895189046723,0.13565088150243135,0.5686641325705901,1.0484404004071037,1.4814536514752623,0.7043150140730214,1.6171045329776939,3.2411117090131953,0.4933095071855106,2.763535486833693,3.2411117090131953,0.4933095071855106,2.763535486833693,3.734421216198706,6.004647195846888,3.2568449940192035,6.497956703032399
674,16850,Wormhole Attack,0.84,0.7383622704394136,0.23591889883384923,0.41275770235734316,0.7383622704394136,0.23591889883384923,0.41275770235734316,0.9742811692732628,1.1511199727967567,0.6486766011911924,1.387038871630606,2.189081189842484,2.4249252198093694,1.3690283299396047,2.189081189842484,2.4249252198093694,1.3690283299396047,4.614006409651854,3.5581095197820884,3.793953549748974,5.983034739591458
675,16875,Blackhole Attack,0.84,0.7184049372953771,0.24506829401426733,0.6147924576557162,0.7184049372953771,0.24506829401426733,0.6147924576557162,0.9634732313096445,1.3331973949510934,0.8598607516699835,1.5782656889653608,2.068711673419336,2.601183970723784,3.1761309094776515,2.068711673419336,2.601183970723784,3.1761309094776515,4.66989564414312,5.244842582896988,5.777314880201436,7.846026553620771
676,16900,Sybil Attack,0.72,0.8161938943223584,0.2660119083008924,0.40493591914829585,0.8161938943223584,0.2660119083008924,0.40493591914829585,1.0822058026232508,1.2211298134706543,0.6709478274491882,1.4871417217715468,2.658510389706189,3.0046527488234016,1.29906628507865,2.658510389706189,3.0046527488234016,1.29906628507865,5.66316313852959,3.957576674784839,4.303719033902052,6.962229423608241
677,16925,Wormhole Attack,0.84,0.886300252887534,0.23692752725058358,0.32697129955439086,0.886300252887534,0.23692752725058358,0.32697129955439086,1.1232277801381176,1.2132715524419249,0.5638988268049745,1.4501990796925086,3.0813458666596625,2.4443559670188537,0.6017106990420983,3.0813458666596625,2.4443559670188537,0.6017106990420983,5.525701833678516,3.6830565657017607,3.046066666060952,6.127412532720615
678,16950,Flooding Attack,0.8,0.8345141314731112,0.2363989936328594,0.5338080898328762,0.8345141314731112,0.2363989936328594,0.5338080898328762,1.0709131251059705,1.3683222213059874,0.7702070834657356,1.6047212149388468,2.7690060190910417,2.43417401800044,2.451765144890361,2.7690060190910417,2.43417401800044,2.451765144890361,5.203180037091482,5.220771163981403,4.885939162890801,7.654945181981843
679,16975,Flooding Attack,0.8,0.7100005006769705,0.25415145830237273,0.20670799185054584,0.7100005006769705,0.25415145830237273,0.20670799185054584,0.9641519589793432,0.9167084925275164,0.46085945015291857,1.1708599508298891,2.018021635613914,2.776166814966688,-0.47398607033026674,2.018021635613914,2.776166814966688,-0.47398607033026674,4.794188450580602,1.5440355652836473,2.302180744636421,4.320202380250335
680,17000,Normal Traffic,0.68,0.8199754429588093,0.2327076074520374,0.3983897176199461,0.8199754429588093,0.2327076074520374,0.3983897176199461,1.0526830504108466,1.2183651605787555,0.6310973250719836,1.4510727680307927,2.6813182056310443,2.363061217149194,1.2405136976756252,2.6813182056310443,2.363061217149194,1.2405136976756252,5.0443794227802385,3.9218319033066695,3.603574914824819,6.284893120455864
681,17025,Wormhole Attack,0.72,0.6985457759641376,0.21970041030546275,0.43748443184108654,0.6985457759641376,0.21970041030546275,0.43748443184108654,0.9182461862696003,1.136030207805224,0.6571848421465493,1.355730618110687,1.9489342648468437,2.1124837443497277,1.59019689357422,1.9489342648468437,2.1124837443497277,1.59019689357422,4.061418009196571,3.5391311584210636,3.7026806379239474,5.651614902770791
682,17050,Wormhole Attack,0.84,0.6570256769202156,0.276534338123616,0.40901069613044017,0.6570256769202156,0.276534338123616,0.40901069613044017,0.9335600150438317,1.0660363730506557,0.6855450342540561,1.3425707111742717,1.6985123167995662,3.2073623597392453,1.3355131824681634,1.6985123167995662,3.2073623597392453,1.3355131824681634,4.9058746765388115,3.0340254992677296,4.542875542207408,6.241387859006975
683,17075,Wormhole Attack,0.8,0.6315792460449061,0.2249236341747403,0.3142627770602007,0.6315792460449061,0.2249236341747403,0.3142627770602007,0.8565028802196464,0.9458420231051068,0.539186411234941,1.170765657279847,1.5450361706105982,2.2131066704329294,0.4880391490780748,1.5450361706105982,2.2131066704329294,0.4880391490780748,3.7581428410435276,2.033075319688673,2.7011458195110043,4.2461819901216025
684,17100,Blackhole Attack,0.76,0.6546303413134066,0.23338514081263853,0.577847095185099,0.6546303413134066,0.23338514081263853,0.577847095185099,0.8880154821260451,1.2324774364985056,0.8112322359977375,1.4658625773111442,1.6840652267709613,2.3761135754185134,2.8456726191502244,1.6840652267709613,2.3761135754185134,2.8456726191502244,4.0601788021894745,4.5297378459211854,5.221786194568738,6.905851421339699
685,17125,Flooding Attack,0.8,0.8075280721760887,0.23805046455896406,0.3782134761556755,0.8075280721760887,0.23805046455896406,0.3782134761556755,1.0455785367350527,1.1857415483317642,0.6162639407146395,1.4237920128907282,2.6062438461942268,2.4659888207132648,1.060047035186691,2.6062438461942268,2.4659888207132648,1.060047035186691,5.0722326669074915,3.6662908813809176,3.5260358558999556,6.132279702094182
686,17150,Sybil Attack,0.8,0.737346764210144,0.2604379384022691,0.37688268453489887,0.737346764210144,0.2604379384022691,0.37688268453489887,0.9977847026124131,1.1142294487450428,0.637320622937168,1.374667387147312,2.18295632371635,2.8972728671380428,1.0481437516789527,2.18295632371635,2.8972728671380428,1.0481437516789527,5.080229190854393,3.231100075395303,3.9454166188169957,6.128372942533345
687,17175,Blackhole Attack,0.84,0.7976338469236621,0.20779496457823524,0.41879848326681773,0.7976338469236621,0.20779496457823524,0.41879848326681773,1.0054288115018974,1.2164323301904798,0.626593447845053,1.4242272947687151,2.546568382522761,1.8831309891586914,1.4230601758356936,2.546568382522761,1.8831309891586914,1.4230601758356936,4.429699371681453,3.9696285583584547,3.306191164994385,5.852759547517147
688,17200,Blackhole Attack,0.8,0.9074764942047242,0.23600036746222774,0.40574477582855717,0.9074764942047242,0.23600036746222774,0.40574477582855717,1.143476861666952,1.3132212700332815,0.6417451432907849,1.549221637495509,3.2090670360470535,2.426494674226142,1.3063011145079635,3.2090670360470535,2.426494674226142,1.3063011145079635,5.635561710273196,4.515368150555017,3.7327957887341054,6.941862824781159
689,17225,Flooding Attack,0.76,0.6253534131881768,0.27459262885764973,0.4531363012694095,0.6253534131881768,0.27459262885764973,0.4531363012694095,0.8999460420458265,1.0784897144575862,0.7277289301270593,1.353082343315236,1.5074860387925209,3.1699562533126,1.7301952496825213,1.5074860387925209,3.1699562533126,1.7301952496825213,4.677442292105121,3.2376812884750423,4.900151502995121,6.407637541787642
690,17250,Blackhole Attack,0.8,0.8378860291780403,0.24832650944716791,0.5183890363540369,0.8378860291780403,0.24832650944716791,0.5183890363540369,1.0862125386252082,1.3562750655320772,0.7667155458012048,1.604601574979245,2.789343089842999,2.663951942932728,2.31384921416599,2.789343089842999,2.663951942932728,2.31384921416599,5.453295032775727,5.103192304008989,4.9778011570987175,7.767144246941717
691,17275,Normal Traffic,0.68,0.9100289607543924,0.27650981249778245,0.45919254545320165,0.9100289607543924,0.27650981249778245,0.45919254545320165,1.1865387732521748,1.369221506207594,0.735702357950984,1.6457313187053764,3.224461836647535,3.2068898852106487,1.7843654070432196,3.224461836647535,3.2068898852106487,1.7843654070432196,6.431351721858183,5.008827243690755,4.991255292253868,8.215717128901403
692,17300,Flooding Attack,0.76,0.8791704992372789,0.23557932932722211,0.4991774754485001,0.8791704992372789,0.23557932932722211,0.4991774754485001,1.114749828564501,1.378347974685779,0.7347568047757222,1.613927304013001,3.038343878723522,2.4183835746069833,2.1420111498781105,3.038343878723522,2.4183835746069833,2.1420111498781105,5.4567274533305055,5.180355028601633,4.560394724485094,7.598738603208616
693,17325,Blackhole Attack,0.8,0.7871960169835577,0.23114366242323148,0.7080778819684149,0.7871960169835577,0.23114366242323148,0.7080778819684149,1.0183396794067892,1.4952738989519725,0.9392215443916464,1.7264175613752042,2.4836142526633385,2.3329325592608434,4.010523638886108,2.4836142526633385,2.3329325592608434,4.010523638886108,4.816546811924182,6.494137891549446,6.343456198146951,8.82707045081029
694,17350,Blackhole Attack,0.88,0.8308186963824332,0.21974138417160446,0.5826442709195995,0.8308186963824332,0.21974138417160446,0.5826442709195995,1.0505600805540376,1.4134629673020327,0.802385655091204,1.633204351473637,2.746717583475537,2.1132730864126574,2.888581021872867,2.746717583475537,2.1132730864126574,2.888581021872867,4.8599906698881945,5.635298605348404,5.001854108285524,7.748571691761061
695,17375,Wormhole Attack,0.92,0.635423886322705,0.27736042660560933,0.37382250946925344,0.635423886322705,0.27736042660560933,0.37382250946925344,0.9127843129283143,1.0092463957919584,0.6511829360748628,1.2866068223975677,1.568224513848627,3.2232765618378236,1.020771974744836,1.568224513848627,3.2232765618378236,1.020771974744836,4.791501075686451,2.5889964885934633,4.2440485365826595,5.812273050431287
696,17400,Normal Traffic,0.68,0.9202095356944531,0.29122570768795103,0.4370530958090574,0.9202095356944531,0.29122570768795103,0.4370530958090574,1.211435243382404,1.3572626315035103,0.7282788034970085,1.6484883391914615,3.285864373429405,3.4903846139505244,1.5863388026483471,3.285864373429405,3.4903846139505244,1.5863388026483471,6.77624898737993,4.872203176077752,5.076723416598871,8.362587790028277
697,17425,Normal Traffic,0.52,0.750977800360063,0.24573531653832095,0.4684429289928669,0.750977800360063,0.24573531653832095,0.4684429289928669,0.9967131168983839,1.21942072935293,0.7141782455311878,1.4651560458912507,2.2651697746754773,2.6140338427211263,1.8671055867294222,2.2651697746754773,2.6140338427211263,1.8671055867294222,4.879203617396604,4.1322753614049,4.481139429450549,6.7463092041260255
698,17450,Sybil Attack,0.88,0.8910463342972665,0.3015667265570884,0.3284863790323056,0.8910463342972665,0.3015667265570884,0.3284863790323056,1.192613060854355,1.2195327133295721,0.630053105589394,1.5210994398866606,3.1099711103268057,3.6895994290409853,0.6152623477606638,3.1099711103268057,3.6895994290409853,0.6152623477606638,6.7995705393677905,3.7252334580874695,4.3048617768016495,7.414832887128455
699,17475,Normal Traffic,0.76,0.604243505190875,0.2625476808692976,0.4998744645066351,0.604243505190875,0.2625476808692976,0.4998744645066351,0.8667911860601726,1.10411796969751,0.7624221453759327,1.3666656505668078,1.3801649483926417,2.937916053343991,2.1482453778603476,1.3801649483926417,2.937916053343991,2.1482453778603476,4.3180810017366325,3.528410326252989,5.086161431204339,6.46632637959698
700,17500,Wormhole Attack,0.76,0.9280763792215924,0.2661111175911552,0.3842616312302173,0.9280763792215924,0.2661111175911552,0.3842616312302173,1.1941874968127475,1.3123380104518096,0.6503727488213724,1.5784491280429647,3.3333120030452528,3.0065639686620913,1.114144839401165,3.3333120030452528,3.0065639686620913,1.114144839401165,6.339875971707344,4.447456842446417,4.120708808063256,7.454020811108509
701,17525,Blackhole Attack,0.8,0.8253803135836516,0.2157330416436452,0.5841145688715217,0.8253803135836516,0.2157330416436452,0.5841145688715217,1.0411133552272969,1.4094948824551734,0.7998476105151668,1.6252279240988186,2.7139168328497494,2.036054272132199,2.9017321216313423,2.7139168328497494,2.036054272132199,2.9017321216313423,4.749971104981949,5.615648954481092,4.937786393763542,7.651703226613291
702,17550,Normal Traffic,0.68,0.6410075537062644,0.2536608445013771,0.5480477766709853,0.6410075537062644,0.2536608445013771,0.5480477766709853,0.8946683982076415,1.1890553303772498,0.8017086211723623,1.4427161748786268,1.6019015256004494,2.7667153732003578,2.5791322148727405,1.6019015256004494,2.7667153732003578,2.5791322148727405,4.368616898800807,4.18103374047319,5.345847588073099,6.947749113673548
703,17575,Wormhole Attack,0.84,0.7453949456760636,0.2162676640971933,0.6886893674205324,0.7453949456760636,0.2162676640971933,0.6886893674205324,0.9616626097732569,1.4340843130965961,0.9049570315177258,1.6503519771937893,2.231497664593248,2.0463535196797165,3.837102810370018,2.231497664593248,2.0463535196797165,3.837102810370018,4.277851184272965,6.068600474963266,5.883456330049734,8.114953994642983
704,17600,Blackhole Attack,0.76,0.5830616989196897,0.2746052019720134,0.36268876718841836,0.5830616989196897,0.2746052019720134,0.36268876718841836,0.857666900891703,0.9457504661081081,0.6372939691604318,1.2203556680801215,1.2524102148603584,3.170198468386836,0.9211860675285498,1.2524102148603584,3.170198468386836,0.9211860675285498,4.422608683247194,2.173596282388908,4.0913845359153855,5.343794750775744
705,17625,Sybil Attack,0.72,0.8145255744522523,0.2830035682315908,0.29671149209128905,0.8145255744522523,0.2830035682315908,0.29671149209128905,1.0975291426838432,1.1112370665435414,0.5797150603228798,1.3942406347751322,2.64844818076502,3.331989003984538,0.3310514451818479,2.64844818076502,3.331989003984538,0.3310514451818479,5.980437184749558,2.979499625946868,3.663040449166386,6.311488629931406
706,17650,Normal Traffic,0.68,0.794437744957437,0.21433703269169257,0.5924314173015163,0.794437744957437,0.21433703269169257,0.5924314173015163,1.0087747776491296,1.3868691622589533,0.8067684499932088,1.6012061949506458,2.527291596123645,2.0091608229714133,2.9761222840035253,2.527291596123645,2.0091608229714133,2.9761222840035253,4.536452419095058,5.50341388012717,4.985283106974938,7.512574703098583
707,17675,Normal Traffic,0.64,0.8250537376327345,0.20602511631524958,0.6882153772453058,0.8250537376327345,0.20602511631524958,0.6882153772453058,1.031078853947984,1.5132691148780402,0.8942404935605553,1.71929423119329,2.711947141358225,1.8490357032965672,3.8328631988880093,2.711947141358225,1.8490357032965672,3.8328631988880093,4.560982844654792,6.544810340246235,5.681898902184576,8.393846043542801
708,17700,Sybil Attack,0.76,0.806268368626338,0.2631260189634934,0.3850693110762269,0.806268368626338,0.2631260189634934,0.3850693110762269,1.0693943875898313,1.1913376797025648,0.6481953300397203,1.4544636986660582,2.5986461423314076,2.949057461937572,1.121369142620724,2.5986461423314076,2.949057461937572,1.121369142620724,5.54770360426898,3.7200152849521313,4.070426604558296,6.669072746889704
709,17725,Blackhole Attack,0.84,0.682315900519131,0.2794707129379449,0.49648622720904106,0.682315900519131,0.2794707129379449,0.49648622720904106,0.961786613457076,1.1788021277281722,0.7759569401469859,1.458272840666117,1.8510463233656882,3.2639302253505007,2.11793924389084,1.8510463233656882,3.2639302253505007,2.11793924389084,5.114976548716189,3.9689855672565284,5.381869469241341,7.232915792607029
710,17750,Blackhole Attack,0.76,0.853146277859523,0.23153245174128598,0.4578052308318919,0.853146277859523,0.23153245174128598,0.4578052308318919,1.084678729600809,1.310951508691415,0.6893376825731778,1.5424839604327008,2.881382879980788,2.340422400744117,1.7719565527988237,2.881382879980788,2.340422400744117,1.7719565527988237,5.2218052807249045,4.653339432779612,4.11237895354294,6.993761833523728
711,17775,Normal Traffic,0.6,0.6900747756442771,0.24299435423867483,0.4029036100217037,0.6900747756442771,0.24299435423867483,0.4029036100217037,0.9330691298829519,1.092978385665981,0.6458979642603786,1.3359727399046557,1.897842758543727,2.5612305063570875,1.2808882688276366,1.897842758543727,2.5612305063570875,1.2808882688276366,4.459073264900814,3.178731027371364,3.842118775184724,5.739961533728451
712,17800,Sybil Attack,0.92,0.9459620347868964,0.27414814999763637,0.41819909993279203,0.9459620347868964,0.27414814999763637,0.41819909993279203,1.2201101847845328,1.3641611347196885,0.6923472499304284,1.6383092847173248,3.441186521938573,3.1613935792637737,1.4176989835623623,3.441186521938573,3.1613935792637737,1.4176989835623623,6.602580101202347,4.858885505500935,4.579092562826136,8.02027908476471
713,17825,Wormhole Attack,0.76,0.675392840057315,0.17193713462035287,0.6503447138002567,0.675392840057315,0.17193713462035287,0.6503447138002567,0.8473299746776679,1.3257375538575717,0.8222818484206096,1.4976746884779246,1.8092909728916184,1.1923469324808587,3.494128541579686,1.8092909728916184,1.1923469324808587,3.494128541579686,3.001637905372477,5.3034195144713046,4.686475474060544,6.495766446952163
714,17850,Flooding Attack,0.92,0.7681771347061901,0.29371901899834624,0.3134804787686746,0.7681771347061901,0.29371901899834624,0.3134804787686746,1.0618961537045364,1.0816576134748646,0.6071994977670208,1.3753766324732108,2.368904855064311,3.5384170716753376,0.4810418715131463,2.368904855064311,3.5384170716753376,0.4810418715131463,5.907321926739648,2.8499467265774574,4.019458943188484,6.3883637982527945
715,17875,Blackhole Attack,0.88,0.7500447197425818,0.304571905582641,0.44548659392637857,0.7500447197425818,0.304571905582641,0.44548659392637857,1.054616625325223,1.1955313136689605,0.7500584995090196,1.5001032192516015,2.259542045664821,3.7474927750898877,1.6617723397139528,2.259542045664821,3.7474927750898877,1.6617723397139528,6.007034820754709,3.921314385378774,5.409265114803841,7.668807160468662
716,17900,Blackhole Attack,0.76,0.6688957364457553,0.2881996746937108,0.45525299464658586,0.6688957364457553,0.2881996746937108,0.45525299464658586,0.9570954111394661,1.1241487310923413,0.7434526693402966,1.412348405786052,1.7701047141750712,3.4320895261033932,1.7491280419950985,1.7701047141750712,3.4320895261033932,1.7491280419950985,5.202194240278464,3.5192327561701697,5.181217568098492,6.951322282273563
717,17925,Blackhole Attack,0.88,0.8828391480659308,0.21721771121378652,0.4491987672546123,0.8828391480659308,0.21721771121378652,0.4491987672546123,1.1000568592797173,1.332037915320543,0.6664164784683988,1.5492556265343296,3.0604707572119505,2.0646557259762544,1.6949759238558813,3.0604707572119505,2.0646557259762544,1.6949759238558813,5.125126483188205,4.7554466810678315,3.7596316498321354,6.820102407044086
718,17950,Wormhole Attack,0.8,0.8686794443902222,0.2317391656943144,0.4057821299757251,0.8686794443902222,0.2317391656943144,0.4057821299757251,1.1004186100845366,1.2744615743659473,0.6375212956700396,1.5062007400602617,2.9750687312078186,2.3444046468313062,1.3066352291785008,2.9750687312078186,2.3444046468313062,1.3066352291785008,5.319473378039125,4.281703960386319,3.651039876009807,6.626108607217626
719,17975,Wormhole Attack,0.88,0.9168818557608924,0.23477058161627515,0.4499782067552194,0.9168818557608924,0.23477058161627515,0.4499782067552194,1.1516524373771675,1.3668600625161118,0.6847487883714946,1.6016306441323869,3.2657939952118924,2.402803434223333,1.701947630927077,3.2657939952118924,2.402803434223333,1.701947630927077,5.668597429435225,4.967741626138969,4.10475106515041,7.370545060362302
720,18000,Blackhole Attack,0.76,0.8830845156362004,0.21609717981076998,0.5115916009024073,0.8830845156362004,0.21609717981076998,0.5115916009024073,1.0991816954469704,1.3946761165386077,0.7276887807131773,1.6107732963493777,3.061950653126205,2.043069220905539,2.2530494615652943,3.061950653126205,2.043069220905539,2.2530494615652943,5.105019874031744,5.315000114691499,4.2961186824708335,7.358069335597039
721,18025,Sybil Attack,0.8,1.2480582688338546,0.28918099276316384,0.5330316084938085,1.2480582688338546,0.28918099276316384,0.5330316084938085,1.5372392615970185,1.781089877327663,0.8222126012569724,2.0702708700908268,5.2632324507731285,3.4509941524487204,2.444819897134745,5.2632324507731285,3.4509941524487204,2.444819897134745,8.71422660322185,7.7080523479078735,5.895814049583466,11.159046500356595
722,18050,Wormhole Attack,0.88,0.9624925748517251,0.23794960620412028,0.5541910118864143,0.9624925748517251,0.23794960620412028,0.5541910118864143,1.2004421810558454,1.5166835867381394,0.7921406180905346,1.7546331929422596,3.5408878747924977,2.4640458324289587,2.6340804646831044,3.5408878747924977,2.4640458324289587,2.6340804646831044,6.004933707221456,6.174968339475602,5.0981262971120636,8.63901417190456
723,18075,Blackhole Attack,0.88,0.8140385606124537,0.18598342128754358,0.4821249898520161,0.8140385606124537,0.18598342128754358,0.4821249898520161,1.0000219818999974,1.2961635504644697,0.6681084111395597,1.4821469717520135,2.6455108333767265,1.4629419711828264,1.9894849636611305,2.6455108333767265,1.4629419711828264,1.9894849636611305,4.108452804559553,4.634995797037857,3.452426934843957,6.0979377682206835
724,18100,Blackhole Attack,0.76,0.8546515391853687,0.295477127577965,0.3910396540721426,0.8546515391853687,0.295477127577965,0.3910396540721426,1.1501286667633337,1.2456911932575112,0.6865167816501077,1.5411683208354763,2.8904616269543864,3.572286198115383,1.174770955653895,2.8904616269543864,3.572286198115383,1.174770955653895,6.462747825069769,4.065232582608282,4.747057153769278,7.637518780723664
725,18125,Blackhole Attack,0.84,0.8024032325700923,0.31877510434185286,0.44824057085283525,0.8024032325700923,0.31877510434185286,0.44824057085283525,1.121178336911945,1.2506438034229275,0.7670156751946882,1.5694189077647802,2.575334182028786,4.021110650689556,1.6864053232837266,2.575334182028786,4.021110650689556,1.6864053232837266,6.596444832718342,4.261739505312512,5.707515973973282,8.28285015600207
726,18150,Wormhole Attack,0.76,0.7097270635212056,0.22958978255656334,0.4654715875381858,0.7097270635212056,0.22958978255656334,0.4654715875381858,0.939316846077769,1.1751986510593915,0.6950613700947491,1.4047884336159548,2.01637244240889,2.3029978019387243,1.8405283832204882,2.01637244240889,2.3029978019387243,1.8405283832204882,4.319370244347614,3.856900825629378,4.143526185159212,6.1598986275681025
727,18175,Sybil Attack,0.8,0.6916719584893143,0.34621390632175597,0.3008626601195003,0.6916719584893143,0.34621390632175597,0.3008626601195003,1.0378858648110703,0.9925346186088146,0.6470765664412563,1.3387485249305706,1.9074759157050043,4.549706133581868,0.3681816233078727,1.9074759157050043,4.549706133581868,0.3681816233078727,6.457182049286872,2.275657539012877,4.917887756889741,6.825363672594745
728,18200,Blackhole Attack,0.84,0.7149065090530655,0.2863510050228722,0.5136748951091585,0.7149065090530655,0.2863510050228722,0.5136748951091585,1.0012575140759377,1.228581404162224,0.8000259001320307,1.5149324091850962,2.047611453628999,3.396475783270123,2.2716835145498755,2.047611453628999,3.396475783270123,2.2716835145498755,5.444087236899122,4.319294968178875,5.668159297819999,7.715770751448998
729,18225,Flooding Attack,0.8,0.682524755681769,0.2591506509809689,0.5138907574323709,0.682524755681769,0.2591506509809689,0.5138907574323709,0.9416754066627379,1.1964155131141399,0.7730414084133398,1.4555661640951087,1.8523060004351526,2.872473886607415,2.27361429799615,1.8523060004351526,2.872473886607415,2.27361429799615,4.724779887042567,4.125920298431303,5.146088184603565,6.998394185038717
730,18250,Wormhole Attack,0.88,0.761579146209288,0.28154769098719507,0.23658329587373428,0.761579146209288,0.28154769098719507,0.23658329587373428,1.043126837196483,0.9981624420830223,0.5181309868609294,1.2797101330702172,2.3291101250267,3.303942220615609,-0.20676601264734007,2.3291101250267,3.303942220615609,-0.20676601264734007,5.633052345642309,2.12234411237936,3.097176207968269,5.426286332994969
731,18275,Wormhole Attack,0.84,0.8778275182415564,0.28745927062741283,0.4989824256356628,0.8778275182415564,0.28745927062741283,0.4989824256356628,1.1652867888689693,1.3768099438772192,0.7864416962630756,1.664269214504632,3.030243900041305,3.417825993561162,2.1402665242101353,3.030243900041305,3.417825993561162,2.1402665242101353,6.448069893602467,5.17051042425144,5.558092517771297,8.588336417812602
732,18300,Wormhole Attack,0.8,0.7689395108041437,0.22236195753140287,0.5554932656987902,0.7689395108041437,0.22236195753140287,0.5554932656987902,0.9913014683355466,1.3244327765029338,0.7778552232301931,1.5467947340343366,2.3735030066099583,2.1637571870520342,2.645728491380701,2.3735030066099583,2.1637571870520342,2.645728491380701,4.537260193661993,5.01923149799066,4.809485678432735,7.1829886850426945
