window_idx,start_pos,majority_label,attack_frac,W2_c2,W2_network,W2_physical,W2_c2_only,W2_network_only,W2_physical_only,W2_c2_network,W2_c2_physical,W2_network_physical,W2_all_three,Z2_c2,Z2_network,Z2_physical,Z2_c2_only,Z2_network_only,Z2_physical_only,Z2_c2_network,Z2_c2_physical,Z2_network_physical,Z2_all_three
0,0,Normal Traffic,0.72,0.7739061549614432,0.23938798411003198,0.6318696700312006,0.7739061549614432,0.23938798411003198,0.6318696700312006,1.0132941390714751,1.4057758249926438,0.8712576541412327,1.6451638091026757,2.403458539803963,2.491329115533221,3.328878264701169,2.403458539803963,2.491329115533221,3.328878264701169,4.8947876553371845,5.732336804505132,5.82020738023439,8.223665920038354
1,25,Normal Traffic,0.64,0.7416095321909173,0.17426694182190314,0.3968112954500752,0.7416095321909173,0.17426694182190314,0.3968112954500752,0.9158764740128205,1.1384208276409926,0.5710782372719784,1.3126877694628956,2.2086665384412614,1.2371631452157834,1.2263954793989666,2.2086665384412614,1.2371631452157834,1.2263954793989666,3.4458296836570446,3.4350620178402282,2.46355862461475,4.672225163056011
2,50,Wormhole Attack,0.72,0.764550585471963,0.24218816605159849,0.4583734915247598,0.764550585471963,0.24218816605159849,0.4583734915247598,1.0067387515235615,1.2229240769967227,0.7005616575763582,1.4651122430483214,2.34703189365919,2.5452578116722004,1.7770393681907355,2.34703189365919,2.5452578116722004,1.7770393681907355,4.8922897053313905,4.124071261849926,4.322297179862936,6.6693290735221264
3,75,Normal Traffic,0.64,0.9255744964055544,0.22648226282344175,0.57621424591538,0.9255744964055544,0.22648226282344175,0.57621424591538,1.152056759228996,1.5017887423209344,0.8026965087388217,1.728271005144376,3.318222290279504,2.2427778655635406,2.831067576948706,3.318222290279504,2.2427778655635406,2.831067576948706,5.561000155843045,6.149289867228211,5.073845442512247,8.392067732791752
4,100,Normal Traffic,0.72,0.6618966691684955,0.2804778448323931,0.34956745422974783,0.6618966691684955,0.2804778448323931,0.34956745422974783,0.9423745140008886,1.0114641233982433,0.6300452990621409,1.2919419682306363,1.7278909405462743,3.282678627647259,0.8038223077164258,1.7278909405462743,3.282678627647259,0.8038223077164258,5.010569568193533,2.5317132482627,4.086500935363684,5.814391875909959
5,125,Normal Traffic,0.52,0.805914957921563,0.26587673092011055,0.40035659809600127,0.805914957921563,0.26587673092011055,0.40035659809600127,1.0717916888416736,1.2062715560175643,0.6662333290161118,1.472148286937675,2.596514601241949,3.001475815866535,1.2581064864840314,2.596514601241949,3.001475815866535,1.2581064864840314,5.597990417108484,3.8546210877259806,4.259582302350566,6.8560969035925154
6,150,Wormhole Attack,0.8,0.7710667259025791,0.23331514456851626,0.35562030778901643,0.7710667259025791,0.23331514456851626,0.35562030778901643,1.0043818704710954,1.1266870336915955,0.5889354523575328,1.3600021782601117,2.386332969956198,2.3743723158789938,0.8579621375905802,2.386332969956198,2.3743723158789938,0.8579621375905802,4.760705285835192,3.244295107546778,3.2323344534695737,5.618667423425772
7,175,Wormhole Attack,0.84,0.7670541030046869,0.28673675048351416,0.2838914461931672,0.7670541030046869,0.28673675048351416,0.2838914461931672,1.053790853488201,1.050945549197854,0.5706281966766813,1.3376822996813682,2.3621314659615593,3.403218873983189,0.21638237263500815,2.3621314659615593,3.403218873983189,0.21638237263500815,5.765350339944748,2.5785138385965674,3.619601246618197,5.981732712579756
8,200,Flooding Attack,0.8,0.7786454263838424,0.1634743425490952,0.5213968994967816,0.7786454263838424,0.1634743425490952,0.5213968994967816,0.9421197689329376,1.300042325880624,0.6848712420458768,1.4635166684297192,2.432042710103425,1.0293085061677856,2.3407530864038333,2.432042710103425,1.0293085061677856,2.3407530864038333,3.4613512162712103,4.772795796507259,3.370061592571619,5.802104302675044
9,225,Blackhole Attack,0.8,0.6353225964131688,0.26034959068355557,0.3990055907203031,0.6353225964131688,0.26034959068355557,0.3990055907203031,0.8956721870967244,1.034328187133472,0.6593551814038587,1.2946777778170275,1.567613599687831,2.8950286375921297,1.2460223828851555,1.567613599687831,2.8950286375921297,1.2460223828851555,4.462642237279961,2.8136359825729866,4.141051020477285,5.708664620165116
10,250,Normal Traffic,0.72,0.740805329709978,0.29163641972892346,0.4351927191164597,0.740805329709978,0.29163641972892346,0.4351927191164597,1.0324417494389015,1.1759980488264377,0.7268291388453831,1.4676344685553613,2.2038161176441378,3.497581590203464,1.569698638360075,2.2038161176441378,3.497581590203464,1.569698638360075,5.701397707847602,3.7735147560042126,5.067280228563539,7.271096346207677
11,275,Sybil Attack,0.88,0.7549618378677315,0.24958853947063714,0.35463220318519373,0.7549618378677315,0.24958853947063714,0.35463220318519373,1.0045503773383686,1.1095940410529253,0.6042207426558308,1.3591825805235622,2.2891988703842414,2.6877815825408358,0.8491240227039392,2.2891988703842414,2.6877815825408358,0.8491240227039392,4.976980452925077,3.138322893088181,3.536905605244775,5.826104475629016
12,300,Normal Traffic,0.64,0.7899363697634081,0.307985574908853,0.2554773877360785,0.7899363697634081,0.307985574908853,0.2554773877360785,1.097921944672261,1.0454137574994866,0.5634629626449315,1.3533993324083395,2.500142259514694,3.8124499238425975,-0.037767554475891134,2.500142259514694,3.8124499238425975,-0.037767554475891134,6.3125921833572916,2.462374705038803,3.7746823693667064,6.2748246288814
13,325,Flooding Attack,0.84,0.7838137295178151,0.2926561746974036,0.4164457774511117,0.7838137295178151,0.2926561746974036,0.4164457774511117,1.0764699042152188,1.2002595069689268,0.7091019521485153,1.4929156816663305,2.463214517702901,3.517221048274041,1.4020163671000252,2.463214517702901,3.517221048274041,1.4020163671000252,5.980435565976942,3.865230884802926,4.919237415374067,7.3824519330769665
14,350,Wormhole Attack,0.76,0.6973716142525441,0.18375216297603364,0.5109810237934591,0.6973716142525441,0.18375216297603364,0.5109810237934591,0.8811237772285778,1.2083526380460032,0.6947331867694928,1.392104801022037,1.9418524931287966,1.4198389927523045,2.247588146421978,1.9418524931287966,1.4198389927523045,2.247588146421978,3.361691485881101,4.189440639550774,3.6674271391742828,5.609279632303079
15,375,Normal Traffic,0.68,0.7909621831280552,0.22788093248158703,0.3527717819631832,0.7909621831280552,0.22788093248158703,0.3527717819631832,1.0188431156096422,1.1437339650912384,0.5806527144447702,1.3716148975728255,2.506329291506986,2.269714840576932,0.8324834601217367,2.506329291506986,2.269714840576932,0.8324834601217367,4.776044132083918,3.3388127516287227,3.1021983006986686,5.608527592205655
16,400,Normal Traffic,0.64,0.6331878143229314,0.22220183122339585,0.3406975989345402,0.6331878143229314,0.22220183122339585,0.3406975989345402,0.8553896455463272,0.9738854132574716,0.5628994301579361,1.1960872444808675,1.5547379972205013,2.1603410454141247,0.7244857680184564,1.5547379972205013,2.1603410454141247,0.7244857680184564,3.715079042634626,2.2792237652389575,2.884826813432581,4.439564810653082
17,425,Blackhole Attack,0.76,0.8296499742452419,0.28423223999868225,0.5433183909120256,0.8296499742452419,0.28423223999868225,0.5433183909120256,1.1138822142439242,1.3729683651572675,0.8275506309107079,1.6572006051559498,2.739668619695084,3.3549845135980814,2.536830160495885,2.739668619695084,3.3549845135980814,2.536830160495885,6.094653133293166,5.27649878019097,5.8918146740939665,8.631483293789051
18,450,Wormhole Attack,0.88,0.6646429717998802,0.20278194838918562,0.7063126091287618,0.6646429717998802,0.20278194838918562,0.7063126091287618,0.8674249201890658,1.370955580928642,0.9090945575179474,1.5737375293178277,1.7444548329915017,1.786333576515579,3.9947341322865406,1.7444548329915017,1.786333576515579,3.9947341322865406,3.530788409507081,5.739188965278043,5.781067708802119,7.525522541793622
19,475,Sybil Attack,0.8,0.848674201386062,0.3024073776536257,0.24570410271171939,0.848674201386062,0.3024073776536257,0.24570410271171939,1.1510815790396878,1.0943783040977815,0.5481114803653451,1.3967856817514073,2.8544102539975067,3.7050194385891464,-0.12518483350789192,2.8544102539975067,3.7050194385891464,-0.12518483350789192,6.559429692586653,2.7292254204896147,3.5798346050812544,6.434244859078761
20,500,Blackhole Attack,0.84,0.825134338536255,0.2544806607491119,0.5818298232659578,0.825134338536255,0.2544806607491119,0.5818298232659578,1.0796149992853667,1.4069641618022128,0.8363104840150697,1.6614448225513245,2.712433273032733,2.781998932487143,2.8812961839071365,2.712433273032733,2.781998932487143,2.8812961839071365,5.494432205519876,5.59372945693987,5.663295116394279,8.375728389427014
21,525,Blackhole Attack,0.92,0.7158356600218779,0.16298834651532246,0.7067825265305888,0.7158356600218779,0.16298834651532246,0.7067825265305888,0.8788240065372004,1.4226181865524667,0.8697708730459113,1.5856065330677893,2.053215481581675,1.019948709919897,3.9989373147922302,2.053215481581675,1.019948709919897,3.9989373147922302,3.073164191501572,6.052152796373905,5.018886024712128,7.072101506293802
22,550,Sybil Attack,0.72,0.8772350935877073,0.2754166558062299,0.43668190735510354,0.8772350935877073,0.2754166558062299,0.43668190735510354,1.1526517493939372,1.313917000942811,0.7120985631613335,1.5893336567490408,3.02667078390468,3.185205202423612,1.5830187025415903,3.02667078390468,3.185205202423612,1.5830187025415903,6.211875986328292,4.60968948644627,4.768223904965202,7.794894688869882
23,575,Sybil Attack,0.88,0.6722016490565866,0.18426044187816285,0.42120061308910794,0.6722016490565866,0.18426044187816285,0.42120061308910794,0.8564620909347495,1.0934022621456947,0.6054610549672708,1.2776627040238573,1.7900438062086108,1.4296279346992145,1.4445460582613934,1.7900438062086108,1.4296279346992145,1.4445460582613934,3.2196717409078253,3.234589864470004,2.874173992960608,4.664217799169219
24,600,Blackhole Attack,0.8,0.7476360969685926,0.22740931111075507,0.5290651822523071,0.7476360969685926,0.22740931111075507,0.5290651822523071,0.9750454080793476,1.2767012792208998,0.7564744933630623,1.5041105903316547,2.245014816176872,2.260631885922201,2.4093421443986927,2.245014816176872,2.260631885922201,2.4093421443986927,4.505646702099073,4.654356960575565,4.669974030320894,6.914988846497765
25,625,Blackhole Attack,0.76,0.7296958474864461,0.26873681361695617,0.5467578472787129,0.7296958474864461,0.26873681361695617,0.5467578472787129,0.9984326611034022,1.276453694765159,0.815494660895669,1.5451905083821151,2.136811022659406,3.056558140483004,2.567594424116122,2.136811022659406,3.056558140483004,2.567594424116122,5.19336916314241,4.704405446775528,5.624152564599125,7.760963587258532
26,650,Sybil Attack,0.8,0.8323255804855375,0.3060214005709933,0.31978834116635463,0.8323255804855375,0.3060214005709933,0.31978834116635463,1.1383469810565308,1.152113921651892,0.6258097417373479,1.4581353222228854,2.755806117974977,3.7746218957926927,0.5374626313640157,2.755806117974977,3.7746218957926927,0.5374626313640157,6.53042801376767,3.293268749338993,4.312084527156708,7.067890645131686
27,675,Wormhole Attack,0.72,0.7728761474045373,0.20323130059556893,0.5881389744698231,0.7728761474045373,0.20323130059556893,0.5881389744698231,0.9761074480001062,1.3610151218743605,0.791370275065392,1.5642464224699293,2.3972462112006294,1.794987649394811,2.9377284715022225,2.3972462112006294,1.794987649394811,2.9377284715022225,4.19223386059544,5.3349746827028515,4.732716120897034,7.129962332097662
28,700,Wormhole Attack,0.8,0.7791258883379594,0.22283510744080798,0.6355617934436422,0.7791258883379594,0.22283510744080798,0.6355617934436422,1.0019609957787674,1.4146876817816016,0.8583969008844501,1.6375227892224096,2.434940540823561,2.1725373103045964,3.361902512102277,2.434940540823561,2.1725373103045964,3.361902512102277,4.6074778511281576,5.796843052925839,5.534439822406874,7.969380363230435
29,725,Sybil Attack,0.8,0.6993909429737883,0.256967904106564,0.4109570052281648,0.6993909429737883,0.256967904106564,0.4109570052281648,0.9563588470803523,1.1103479482019531,0.6679249093347288,1.3673158523085172,1.9540317567569219,2.8299007453145943,1.352921970307079,1.9540317567569219,2.8299007453145943,1.352921970307079,4.783932502071516,3.306953727064001,4.182822715621674,6.1368544723785945
30,750,Sybil Attack,0.84,0.8608928339617202,0.2638652216373741,0.3284973097681328,0.8608928339617202,0.2638652216373741,0.3284973097681328,1.1247580555990944,1.189390143729853,0.5923625314055069,1.453255365367227,2.9281050149091663,2.962736164246346,0.6153601178739316,2.9281050149091663,2.962736164246346,0.6153601178739316,5.890841179155512,3.5434651327830977,3.5780962821202777,6.506201297029444
31,775,Blackhole Attack,0.84,0.8724571810974627,0.27371648523517544,0.4439565352561233,0.8724571810974627,0.27371648523517544,0.4439565352561233,1.146173666332638,1.316413716353586,0.7176730204912987,1.5901302015887613,2.997853556081096,3.152461622176273,1.648086709408516,2.997853556081096,3.152461622176273,1.648086709408516,6.150315178257369,4.645940265489612,4.800548331584789,7.798401887665885
32,800,Blackhole Attack,0.8,0.6857040469417648,0.26831671609812785,0.28794494305235624,0.6857040469417648,0.26831671609812785,0.28794494305235624,0.9540207630398927,0.973648989994121,0.5562616591504841,1.2419657060922489,1.871481395703252,3.048467483549134,0.2526389296792252,1.871481395703252,3.048467483549134,0.2526389296792252,4.919948879252386,2.124120325382477,3.3011064132283594,5.1725878089316115
33,825,Blackhole Attack,0.84,0.6968068729403081,0.25924213395648915,0.46993338676163404,0.6968068729403081,0.25924213395648915,0.46993338676163404,0.9560490068967973,1.166740259701942,0.7291755207181232,1.4259823936584313,1.9384463447137044,2.873700131599543,1.8804370062401587,1.9384463447137044,2.873700131599543,1.8804370062401587,4.812146476313248,3.818883350953863,4.754137137839702,6.692583482553406
34,850,Flooding Attack,0.8,0.716617227424812,0.2445563182468225,0.5314553329496999,0.716617227424812,0.2445563182468225,0.5314553329496999,0.9611735456716346,1.248072560374512,0.7760116511965225,1.4926288786213346,2.0579293824653404,2.5908660481411663,2.4307208793810196,2.0579293824653404,2.5908660481411663,2.4307208793810196,4.648795430606507,4.4886502618463595,5.021586927522186,7.079516309987526
35,875,Wormhole Attack,0.88,0.7560156101865477,0.24873448483796046,0.5805042071119264,0.7560156101865477,0.24873448483796046,0.5805042071119264,1.0047500950245083,1.3365198172984742,0.8292386919498869,1.5852543021364347,2.295554532411856,2.6713333467715765,2.869439192431142,2.295554532411856,2.6713333467715765,2.869439192431142,4.9668878791834326,5.164993724842998,5.5407725392027185,7.8363270716145745
36,900,Wormhole Attack,0.88,0.5306674907339808,0.22322136619767596,0.5881844557205301,0.5306674907339808,0.22322136619767596,0.5881844557205301,0.7538888569316567,1.118851946454511,0.8114058219182061,1.3420733126521869,0.9364027875567728,2.1799762666170213,2.9381352791594093,0.9364027875567728,2.1799762666170213,2.9381352791594093,3.116379054173794,3.874538066716182,5.118111545776431,6.054514333333204
37,925,Normal Traffic,0.64,0.9403504419534238,0.23784809423226816,0.38407360245169175,0.9403504419534238,0.23784809423226816,0.38407360245169175,1.178198536185692,1.3244240444051156,0.6219216966839599,1.5622721386373837,3.4073410822270778,2.461672380707284,1.112463013468795,3.4073410822270778,2.461672380707284,1.112463013468795,5.869013462934362,4.519804095695873,3.574135394176079,6.981476476403157
38,950,Normal Traffic,0.68,0.7095108011074993,0.2815251250607657,0.2790729223377786,0.7095108011074993,0.2815251250607657,0.2790729223377786,0.9910359261682651,0.9885837234452779,0.5605980473985444,1.2701088485060437,2.0150680896694504,3.302848194620708,0.17328302135864634,2.0150680896694504,3.302848194620708,0.17328302135864634,5.317916284290158,2.188351111028097,3.4761312159793545,5.491199305648804
39,975,Sybil Attack,0.8,0.7536686278899496,0.24235438917348567,0.5198328388510413,0.7536686278899496,0.24235438917348567,0.5198328388510413,0.9960230170634352,1.2735014667409907,0.762187228024527,1.5158558559144764,2.2813990777698803,2.548459102309234,2.3267633249724544,2.2813990777698803,2.548459102309234,2.3267633249724544,4.829858180079114,4.608162402742335,4.875222427281688,7.156621505051568
40,1000,Wormhole Attack,0.84,0.8828968001472239,0.2677323338364948,0.36502213415338164,0.8828968001472239,0.2677323338364948,0.36502213415338164,1.1506291339837187,1.2479189343006056,0.6327544679898764,1.5156512681371004,3.060818476674063,3.03721286721553,0.9420568996542735,3.060818476674063,3.03721286721553,0.9420568996542735,6.098031343889593,4.002875376328337,3.9792697668698036,7.040088243543867
41,1025,Blackhole Attack,0.76,0.7552200521411279,0.2506010566601751,0.4102792275248435,0.7552200521411279,0.2506010566601751,0.4102792275248435,1.005821108801303,1.1654992796659713,0.6608802841850187,1.4161003363261464,2.290756249168168,2.7072816482471165,1.3468595785457385,2.290756249168168,2.7072816482471165,1.3468595785457385,4.998037897415284,3.6376158277139066,4.054141226792855,6.344897475961023
42,1050,Normal Traffic,0.72,0.8718503335268445,0.2746431819005423,0.4360036338615828,0.8718503335268445,0.2746431819005423,0.4360036338615828,1.1464935154273868,1.3078539673884273,0.7106468157621251,1.5824971492889697,2.9941934503900858,3.1703088706488556,1.5769518761781587,2.9941934503900858,3.1703088706488556,1.5769518761781587,6.164502321038942,4.571145326568244,4.747260746827014,7.7414541972171005
43,1075,Normal Traffic,0.72,0.8176821436729482,0.2451632866413589,0.40503809733473334,0.8176821436729482,0.2451632866413589,0.40503809733473334,1.0628454303143071,1.2227202410076816,0.6502013839760923,1.4678835276490405,2.6674865316262872,2.6025556507448475,1.299980219238201,2.6674865316262872,2.6025556507448475,1.299980219238201,5.270042182371135,3.9674667508644883,3.9025358699830486,6.570022401609336
44,1100,Sybil Attack,0.88,0.8182953993548169,0.24190530971980148,0.4717477853781159,0.8182953993548169,0.24190530971980148,0.4717477853781159,1.0602007090746184,1.2900431847329328,0.7136530950979174,1.5319484944527342,2.6711852868325825,2.5398102823734674,1.8966659190097086,2.6711852868325825,2.5398102823734674,1.8966659190097086,5.21099556920605,4.567851205842291,4.436476201383176,7.107661488215759
45,1125,Flooding Attack,0.76,0.6332829152468084,0.24858811585884294,0.2779909225598399,0.6332829152468084,0.24858811585884294,0.2779909225598399,0.8818710311056512,0.9112738378066483,0.5265790384186828,1.1598619536654913,1.5553115834875566,2.6685144270143177,0.16360505982730042,1.5553115834875566,2.6685144270143177,0.16360505982730042,4.223826010501874,1.718916643314857,2.832119486841618,4.387431070329174
46,1150,Normal Traffic,0.68,0.6353828971332056,0.2798618042322487,0.4299913029198107,0.6353828971332056,0.2798618042322487,0.4299913029198107,0.9152447013654543,1.0653742000530162,0.7098531071520594,1.345236004285265,1.5679772939980083,3.270814303461283,1.5231745013999078,1.5679772939980083,3.270814303461283,1.5231745013999078,4.838791597459291,3.0911517953979164,4.793988804861191,6.361966098859199
47,1175,Blackhole Attack,0.84,0.5282105690541135,0.26750622471670704,0.5003016355368417,0.5282105690541135,0.26750622471670704,0.5003016355368417,0.7957167937708205,1.0285122045909552,0.7678078602535487,1.2960184293076622,0.9215842508133727,3.032858232313319,2.1520662148715353,0.9215842508133727,3.032858232313319,2.1520662148715353,3.9544424831266918,3.073650465684908,5.184924447184854,6.106508697998227
48,1200,Blackhole Attack,0.76,0.8954259414952597,0.2832867299299977,0.49755572883184007,0.8954259414952597,0.2832867299299977,0.49755572883184007,1.1787126714252574,1.3929816703270999,0.7808424587618378,1.6762684002570976,3.1363860224165654,3.3367749378439044,2.1275054155058473,3.1363860224165654,3.3367749378439044,2.1275054155058473,6.47316096026047,5.263891437922412,5.464280353349752,8.600666375766318
49,1225,Flooding Attack,0.8,0.718252496627406,0.2626498789026118,0.5384153243861398,0.718252496627406,0.2626498789026118,0.5384153243861398,0.9809023755300178,1.2566678210135458,0.8010652032887516,1.5193176999161575,2.067792251502866,2.9393298819349027,2.4929746161689224,2.067792251502866,2.9393298819349027,2.4929746161689224,5.007122133437768,4.560766867671788,5.432304498103825,7.500096749606691
50,1250,Flooding Attack,0.84,0.7120716903386656,0.26257674064032555,0.4150910178637446,0.7120716903386656,0.26257674064032555,0.4150910178637446,0.9746484309789911,1.1271627082024103,0.6776677585040701,1.3897394488427357,2.03051369034886,2.9379213123471843,1.3898987017935314,2.03051369034886,2.9379213123471843,1.3898987017935314,4.968435002696044,3.4204123921423912,4.327820014140716,6.358333704489575
51,1275,Blackhole Attack,0.8,0.7055781982317444,0.21115329538209285,0.3959127269545285,0.7055781982317444,0.21115329538209285,0.3959127269545285,0.9167314936138372,1.101490925186273,0.6070660223366213,1.3126442205683657,1.991349213854605,1.9475573247131317,1.2183582214341377,1.991349213854605,1.9475573247131317,1.2183582214341377,3.9389065385677364,3.2097074352887427,3.1659155461472697,5.157264760001874
52,1300,Blackhole Attack,0.88,0.7341330828799061,0.2635764063316895,0.40132080954181376,0.7341330828799061,0.2635764063316895,0.40132080954181376,0.9977094892115956,1.13545389242172,0.6648972158735033,1.3990302987534093,2.163573510147673,2.957173871086267,1.266730888698267,2.163573510147673,2.957173871086267,1.266730888698267,5.12074738123394,3.43030439884594,4.223904759784534,6.387478269932207
53,1325,Flooding Attack,0.88,0.7802050221841219,0.3086216057387536,0.3213481533678812,0.7802050221841219,0.3086216057387536,0.3213481533678812,1.0888266279228755,1.1015531755520032,0.6299697591066348,1.4101747812907568,2.4414491669150813,3.8246992398072392,0.5514143925291219,2.4414491669150813,3.8246992398072392,0.5514143925291219,6.266148406722321,2.9928635594442032,4.376113632336361,6.8175627992514425
54,1350,Normal Traffic,0.68,0.7298800289035198,0.249872318997417,0.3801107690014065,0.7298800289035198,0.249872318997417,0.3801107690014065,0.9797523479009368,1.1099907979049264,0.6299830879988235,1.3598631169023432,2.137921883912625,2.6932468916491477,1.077017396501981,2.137921883912625,2.6932468916491477,1.077017396501981,4.831168775561773,3.2149392804146055,3.770264288151129,5.908186172063754
55,1375,Flooding Attack,0.84,0.8972339183109939,0.25580389392412156,0.3753691919741992,0.8972339183109939,0.25580389392412156,0.3753691919741992,1.1530378122351155,1.2726031102851931,0.6311730858983208,1.5284070042093147,3.147290550263224,2.80748307648394,1.0346062971627097,3.147290550263224,2.80748307648394,1.0346062971627097,5.954773626747164,4.181896847425934,3.8420893736466497,6.9893799239098735
56,1400,Wormhole Attack,0.76,0.8429021617290489,0.23397510664590254,0.5003542067336766,0.8429021617290489,0.23397510664590254,0.5003542067336766,1.0768772683749515,1.3432563684627254,0.7343293133795792,1.577231475108628,2.8195971045012516,2.3870825236716713,2.1525364386469916,2.8195971045012516,2.3870825236716713,2.1525364386469916,5.206679628172923,4.972133543148243,4.539618962318663,7.359216066819915
57,1425,Normal Traffic,0.72,0.7602728676327318,0.26864119128261776,0.47334995075181335,0.7602728676327318,0.26864119128261776,0.47334995075181335,1.0289140589153496,1.2336228183845452,0.7419911420344312,1.502264009667163,2.3212315112139636,3.0547165502148546,1.9109965086915648,2.3212315112139636,3.0547165502148546,1.9109965086915648,5.375948061428819,4.232228019905529,4.965713058906419,7.286944570120383
58,1450,Flooding Attack,0.88,0.5685777888590232,0.2797307900438111,0.3609951832679322,0.5685777888590232,0.2797307900438111,0.3609951832679322,0.8483085789028343,0.9295729721269554,0.6407259733117432,1.2093037621707665,1.1650527890291542,3.268291101574553,0.9060377834283468,1.1650527890291542,3.268291101574553,0.9060377834283468,4.433343890603707,2.071090572457501,4.1743288850028994,5.339381674032054
59,1475,Wormhole Attack,0.88,0.4884152982898574,0.14183845484920682,0.563319757579018,0.4884152982898574,0.14183845484920682,0.563319757579018,0.6302537531390642,1.0517350558688754,0.7051582124282247,1.1935735107180823,0.6815653332931672,0.6126230057921846,2.715732653014207,0.6815653332931672,0.6126230057921846,2.715732653014207,1.294188339085352,3.3972979863073745,3.328355658806392,4.009920992099559
60,1500,Wormhole Attack,0.8,0.5569729343486681,0.12655418827996898,0.5086780215171381,0.5569729343486681,0.12655418827996898,0.5086780215171381,0.6835271226286371,1.0656509558658063,0.6352322097971072,1.1922051441457753,1.0950599339973264,0.3182633589120711,2.2269889116612296,1.0950599339973264,0.3182633589120711,2.2269889116612296,1.4133232929093975,3.322048845658556,2.5452522705733007,3.640312204570627
61,1525,Wormhole Attack,0.76,0.7766288906115696,0.2600192374419835,0.49778743412168697,0.7766288906115696,0.2600192374419835,0.49778743412168697,1.036648128053553,1.2744163247332565,0.7578066715636704,1.5344355621752401,2.4198802917078095,2.8886663654415923,2.1295779065797547,2.4198802917078095,2.8886663654415923,2.1295779065797547,5.308546657149401,4.549458198287564,5.018244272021347,7.438124563729156
62,1550,Blackhole Attack,0.8,0.9313955925776276,0.2345126023988031,0.6151811930050904,0.9313955925776276,0.2345126023988031,0.6151811930050904,1.1659081949764307,1.546576785582718,0.8496937954038936,1.7810893879815213,3.3533313164318512,2.3974341528654337,3.179607958025929,3.3533313164318512,2.3974341528654337,3.179607958025929,5.750765469297285,6.53293927445778,5.577042110891362,8.930373427323214
63,1575,Wormhole Attack,0.88,0.6993700806215772,0.28630005615774184,0.389526165721894,0.6993700806215772,0.28630005615774184,0.389526165721894,0.985670136779319,1.0888962463434713,0.6758262218796358,1.375196302501213,1.9539059287603164,3.3948085791910523,1.1612335387980885,1.9539059287603164,3.3948085791910523,1.1612335387980885,5.348714507951369,3.115139467558405,4.556042117989141,6.509948046749457
64,1600,Blackhole Attack,0.88,0.8359826868489932,0.2614135507761446,0.5037058484855963,0.8359826868489932,0.2614135507761446,0.5037058484855963,1.0973962376251378,1.3396885353345895,0.7651193992617409,1.6011020861107341,2.777863379899711,2.9155194420236215,2.1825152432671997,2.777863379899711,2.9155194420236215,2.1825152432671997,5.693382821923333,4.9603786231669105,5.098034685290822,7.875898065190532
65,1625,Normal Traffic,0.76,0.8658273233627783,0.2731640575515061,0.37101445009944767,0.8658273233627783,0.2731640575515061,0.37101445009944767,1.1389913809142844,1.236841773462226,0.6441785076509537,1.510005831013732,2.9578666117474692,3.14182241896982,0.995655250034883,2.9578666117474692,3.14182241896982,0.995655250034883,6.09968903071729,3.9535218617823524,4.137477669004703,7.0953442807521725
66,1650,Normal Traffic,0.72,0.7576832272395729,0.2635373692500058,0.5281529298436862,0.7576832272395729,0.2635373692500058,0.5281529298436862,1.0212205964895786,1.285836157083259,0.791690299093692,1.5493735263332649,2.305612502422324,2.9564220560398873,2.40118249048977,2.305612502422324,2.9564220560398873,2.40118249048977,5.2620345584622115,4.706794992912094,5.357604546529657,7.6632170489519815
67,1675,Normal Traffic,0.6,0.8595278849481793,0.28263848202709424,0.30261914903822557,0.8595278849481793,0.28263848202709424,0.30261914903822557,1.1421663669752735,1.1621470339864048,0.5852576310653198,1.444785516013499,2.9198725395821077,3.3242903333046527,0.3838925620088437,2.9198725395821077,3.3242903333046527,0.3838925620088437,6.24416287288676,3.3037651015909515,3.7081828953134965,6.628055434895604
68,1700,Wormhole Attack,0.92,0.8392321048620519,0.2593744586301059,0.4192080553026843,0.8392321048620519,0.2593744586301059,0.4192080553026843,1.0986065634921578,1.2584401601647361,0.6785825139327901,1.517814618794842,2.7974617336509695,2.876248572116653,1.4267235984058746,2.7974617336509695,2.876248572116653,1.4267235984058746,5.673710305767623,4.2241853320568445,4.302972170522528,7.100433904173498
69,1725,Wormhole Attack,0.88,0.5759091148641381,0.2369976042105599,0.4617802556663372,0.5759091148641381,0.2369976042105599,0.4617802556663372,0.812906719074698,1.0376893705304753,0.6987778598768971,1.2746869747410352,1.2092705289249188,2.4452927957706425,1.8075112157648332,1.2092705289249188,2.4452927957706425,1.8075112157648332,3.6545633246955616,3.016781744689752,4.252804011535476,5.462074540460395
70,1750,Sybil Attack,0.72,0.8824498612098417,0.31894732697292705,0.303857010779112,0.8824498612098417,0.31894732697292705,0.303857010779112,1.2013971881827687,1.1863068719889536,0.622804337752039,1.5052541989618806,3.0581228347576253,4.02356227602196,0.3949646329590309,3.0581228347576253,4.02356227602196,0.3949646329590309,7.081685110779585,3.453087467716656,4.418526908980991,7.476649743738616
71,1775,Wormhole Attack,0.72,0.7678577418340258,0.21830045820555297,0.39860165219537286,0.7678577418340258,0.21830045820555297,0.39860165219537286,0.9861582000395788,1.1664593940293986,0.6169021104009258,1.3847598522349516,2.3669784871826933,2.0852045134335064,1.2424093493291308,2.3669784871826933,2.0852045134335064,1.2424093493291308,4.4521830006162,3.609387836511824,3.3276138627626373,5.6945923499453315
72,1800,Sybil Attack,0.76,0.5736198407633458,0.22531912837933532,0.295082080647439,0.5736198407633458,0.22531912837933532,0.295082080647439,0.7989389691426811,0.8687019214107848,0.5204012090267743,1.0940210497901202,1.1954631321909146,2.220377062575037,0.3164771526599418,1.1954631321909146,2.220377062575037,0.3164771526599418,3.415840194765952,1.5119402848508563,2.536854215234979,3.732317347425894
73,1825,Blackhole Attack,0.92,0.8289981174978154,0.3060983545588254,0.42136527589515554,0.8289981174978154,0.3060983545588254,0.42136527589515554,1.1350964720566408,1.250363393392971,0.727463630453981,1.5564617479517964,2.7357370482321732,3.776103952427969,1.4460188869394253,2.7357370482321732,3.776103952427969,1.4460188869394253,6.511841000660143,4.181755935171599,5.222122839367394,7.957859887599568
74,1850,Blackhole Attack,0.84,0.7839724930990083,0.1972843210108495,0.6963876512055353,0.7839724930990083,0.1972843210108495,0.6963876512055353,0.9812568141098578,1.4803601443045435,0.8936719722163847,1.677644465315393,2.464172075276145,1.6804547862946255,3.905960212975571,2.464172075276145,1.6804547862946255,3.905960212975571,4.144626861570771,6.370132288251716,5.586414999270197,8.050587074546343
75,1875,Wormhole Attack,0.92,0.7011511110986606,0.2453364204949561,0.3817767981730472,0.7011511110986606,0.2453364204949561,0.3817767981730472,0.9464875315936166,1.082927909271708,0.6271132186680033,1.3282643297666639,1.9646479340029093,2.6058900351444523,1.0919192167814238,1.9646479340029093,2.6058900351444523,1.0919192167814238,4.570537969147361,3.056567150784333,3.697809251925876,5.662457185928785
76,1900,Flooding Attack,0.8,0.7354792891070648,0.16851019725957278,0.4377808234583136,0.7354792891070648,0.16851019725957278,0.4377808234583136,0.9039894863666376,1.1732601125653783,0.6062910207178864,1.3417703098249512,2.1716929413061066,1.1262940178768799,1.5928479723712985,2.1716929413061066,1.1262940178768799,1.5928479723712985,3.2979869591829862,3.764540913677405,2.719141990248178,4.890834931554284
77,1925,Blackhole Attack,0.8,0.8712220778633497,0.22198446344008618,0.6430995169960393,0.8712220778633497,0.22198446344008618,0.6430995169960393,1.093206541303436,1.514321594859389,0.8650839804361254,1.7363060582994754,2.9904042251534677,2.156154759886566,3.4293237815529958,2.9904042251534677,2.156154759886566,3.4293237815529958,5.146558985040034,6.419728006706464,5.585478541439562,8.575882766593029
78,1950,Normal Traffic,0.68,0.7379881921879499,0.17497019998405422,0.6370220931874869,0.7379881921879499,0.17497019998405422,0.6370220931874869,0.9129583921720041,1.3750102853754367,0.8119922931715411,1.549980485359491,2.1868249956952934,1.2507071921832051,3.374964182754455,2.1868249956952934,1.2507071921832051,3.374964182754455,3.4375321878784986,5.561789178449748,4.62567137493766,6.812496370632953
79,1975,Blackhole Attack,0.8,0.859286904217755,0.2786101431099887,0.2989236073258241,0.859286904217755,0.2786101431099887,0.2989236073258241,1.1378970473277437,1.158210511543579,0.5775337504358129,1.4368206546535678,2.9184191022025177,3.2467085654271424,0.35083773957787917,2.9184191022025177,3.2467085654271424,0.35083773957787917,6.16512766762966,3.269256841780397,3.5975463050050216,6.515965407207539
80,2000,Wormhole Attack,0.8,0.7782553110425299,0.3102078004672852,0.47529745394515505,0.7782553110425299,0.3102078004672852,0.47529745394515505,1.0884631115098151,1.253552764987685,0.7855052544124402,1.5637605654549702,2.42968979077076,3.8552477596239116,1.9284159771347487,2.42968979077076,3.8552477596239116,1.9284159771347487,6.284937550394671,4.358105767905509,5.78366373675866,8.21335352752942
81,2025,Sybil Attack,0.84,0.6649545655468296,0.29432805167896003,0.3214475324759126,0.6649545655468296,0.29432805167896003,0.3214475324759126,0.9592826172257897,0.9864020980227423,0.6157755841548727,1.2807301497017023,1.746334161675855,3.5494197223607933,0.5523032902943137,1.746334161675855,3.5494197223607933,0.5523032902943137,5.295753884036648,2.2986374519701687,4.101723012655107,5.848057174330961
82,2050,Sybil Attack,0.84,0.9232423414085675,0.2860012372752626,0.32660375761371485,0.9232423414085675,0.2860012372752626,0.32660375761371485,1.20924357868383,1.2498460990222824,0.6126049948889775,1.5358473362975449,3.304156264163433,3.389053627173614,0.5984232152222816,3.304156264163433,3.389053627173614,0.5984232152222816,6.693209891337047,3.902579479385715,3.9874768423958957,7.2916331065593285
83,2075,Blackhole Attack,0.84,0.9666345257346799,0.2771889924887805,0.38980219328965554,0.9666345257346799,0.2771889924887805,0.38980219328965554,1.2438235182234605,1.3564367190243354,0.6669911857784361,1.633625711513116,3.5658694001912794,3.2193386296093345,1.1637024710814907,3.5658694001912794,3.2193386296093345,1.1637024710814907,6.785208029800614,4.72957187127277,4.383041100690825,7.948910500882105
84,2100,Normal Traffic,0.6,0.8286657972912784,0.24056695910917558,0.4102932685033966,0.8286657972912784,0.24056695910917558,0.4102932685033966,1.069232756400454,1.238959065794675,0.6508602276125721,1.4795260249038507,2.733732711166204,2.5140349917266445,1.3469851682667993,2.733732711166204,2.5140349917266445,1.3469851682667993,5.247767702892848,4.080717879433003,3.8610201599934437,6.594752871159647
85,2125,Wormhole Attack,0.8,0.5737263914286072,0.19504157059213575,0.5081478930828942,0.5737263914286072,0.19504157059213575,0.5081478930828942,0.7687679620207429,1.0818742845115015,0.70318946367503,1.276915855103637,1.196105775772575,1.637261662286862,2.222247170768214,1.196105775772575,1.637261662286862,2.222247170768214,2.833367438059437,3.4183529465407894,3.8595088330550764,5.055614608827652
86,2150,Wormhole Attack,0.92,0.6979400061883212,0.2722754771645874,0.3357288741644827,0.6979400061883212,0.2722754771645874,0.3357288741644827,0.9702154833529086,1.033668880352804,0.60800435132907,1.3059443575173915,1.9452806597056895,3.124709251796695,0.68004294264554,1.9452806597056895,3.124709251796695,0.68004294264554,5.069989911502384,2.6253236023512296,3.804752194442235,5.750032854147924
87,2175,Normal Traffic,0.68,0.6661469395169862,0.2511068018886703,0.48249942517965105,0.6661469395169862,0.2511068018886703,0.48249942517965105,0.9172537414056565,1.1486463646966372,0.7336062270683213,1.3997531665853076,1.753525777767416,2.7170217941806327,1.9928341054730927,1.753525777767416,2.7170217941806327,1.9928341054730927,4.470547571948049,3.7463598832405087,4.709855899653725,6.4633816774211414
88,2200,Sybil Attack,0.68,0.9908367154844214,0.2443994761732396,0.3743577172129484,0.9908367154844214,0.2443994761732396,0.3743577172129484,1.235236191657661,1.3651944326973697,0.618757193386188,1.6095939088706095,3.711841101697308,2.587845427087047,1.0255591475893875,3.711841101697308,2.587845427087047,1.0255591475893875,6.299686528784354,4.737400249286695,3.6134045746764345,7.325245676373742
89,2225,Normal Traffic,0.56,0.9595019949578403,0.22051750269473971,0.2591191223986984,0.9595019949578403,0.22051750269473971,0.2591191223986984,1.18001949765258,1.2186211173565387,0.4796366250934381,1.4391386200512783,3.522850662452868,2.12790256701679,-0.005194009923645695,3.522850662452868,2.12790256701679,-0.005194009923645695,5.650753229469658,3.5176566525292223,2.1227085570931443,5.645559219546013
90,2250,Wormhole Attack,0.84,0.7685899710248304,0.22699173344675655,0.5567317259783567,0.7685899710248304,0.22699173344675655,0.5567317259783567,0.9955817044715869,1.3253216970031871,0.7837234594251132,1.5523134304499435,2.3713948123986905,2.252589758865413,2.6568059159681434,2.3713948123986905,2.252589758865413,2.6568059159681434,4.623984571264104,5.0282007283668335,4.909395674833556,7.280790487232247
91,2275,Normal Traffic,0.68,0.5589949636082137,0.23731065867975593,0.2789525256979318,0.5589949636082137,0.23731065867975593,0.2789525256979318,0.7963056222879696,0.8379474893061454,0.5162631843776877,1.0752581479859014,1.107255485497537,2.451321910912631,0.17220613199813228,1.107255485497537,2.451321910912631,0.17220613199813228,3.5585773964101683,1.2794616174956692,2.6235280429107632,3.730783528408301
92,2300,Flooding Attack,0.8,0.6690848284884187,0.26370951505902623,0.29856630607352674,0.6690848284884187,0.26370951505902623,0.29856630607352674,0.9327943435474448,0.9676511345619454,0.5622758211325529,1.2313606496209717,1.7712451930943027,2.9597374116917656,0.347641853732668,1.7712451930943027,2.9597374116917656,0.347641853732668,4.730982604786068,2.1188870468269707,3.3073792654244336,5.078624458518736
93,2325,Sybil Attack,0.8,0.7997983920657821,0.2828904225106717,0.41748824364223913,0.7997983920657821,0.2828904225106717,0.41748824364223913,1.0826888145764537,1.2172866357080212,0.7003786661529108,1.5001770582186928,2.559623496157065,3.329142454369456,1.4113407199337018,2.559623496157065,3.329142454369456,1.4113407199337018,5.888765950526521,3.970964216090767,4.740483174303158,7.300106670460223
94,2350,Sybil Attack,0.68,0.860328777447386,0.2736728868085569,0.35630667182939885,0.860328777447386,0.2736728868085569,0.35630667182939885,1.134001664255943,1.2166354492767848,0.6299795586379557,1.4903083360853417,2.9247029967449296,3.1516219602006177,0.8641013299589697,2.9247029967449296,3.1516219602006177,0.8641013299589697,6.076324956945547,3.7888043267038993,4.015723290159587,6.940426286904517
95,2375,Blackhole Attack,0.76,0.7895037043221962,0.2963506034176198,0.3974050274248378,0.7895037043221962,0.2963506034176198,0.3974050274248378,1.085854307739816,1.186908731747034,0.6937556308424576,1.4832593351646537,2.4975327059457975,3.58837204060856,1.2317061230135424,2.4975327059457975,3.58837204060856,1.2317061230135424,6.085904746554357,3.72923882895934,4.820078163622103,7.3176108695679
96,2400,Normal Traffic,0.6,0.7084929076902423,0.3105109331968595,0.3304736283556335,0.7084929076902423,0.3105109331968595,0.3304736283556335,1.0190038408871018,1.0389665360458757,0.640984561552493,1.3494774692427354,2.0089288255943734,3.8610857920104245,0.6330373259967969,2.0089288255943734,3.8610857920104245,0.6330373259967969,5.870014617604798,2.6419661515911703,4.494123118007221,6.503051943601594
97,2425,Flooding Attack,0.76,0.6827283240807538,0.2628763995119986,0.6345979363296195,0.6827283240807538,0.2628763995119986,0.6345979363296195,0.9456047235927524,1.3173262604103733,0.8974743358416181,1.5802026599223717,1.8535337912210252,2.943692441714144,3.3532812792134896,1.8535337912210252,2.943692441714144,3.3532812792134896,4.797226232935169,5.206815070434515,6.2969737209276335,8.150507512148659
98,2450,Normal Traffic,0.72,0.7817906374941823,0.26861434403918505,0.36974484251499845,0.7817906374941823,0.26861434403918505,0.36974484251499845,1.0504049815333674,1.1515354800091808,0.6383591865541836,1.4201498240483659,2.4510125563082252,3.0541994992290737,0.9842992279610031,2.4510125563082252,3.0541994992290737,0.9842992279610031,5.505212055537299,3.4353117842692282,4.038498727190077,6.489511283498302
99,2475,Normal Traffic,0.68,0.6286086794453315,0.218187126984512,0.5099805056763558,0.6286086794453315,0.218187126984512,0.5099805056763558,0.8467958064298435,1.1385891851216874,0.7281676326608678,1.3567763121061993,1.5271196653083654,2.0830218677661474,2.2386389986992423,1.5271196653083654,2.0830218677661474,2.2386389986992423,3.610141533074513,3.765758664007608,4.32166086646539,5.848780531773755
100,2500,Wormhole Attack,0.8,0.8187403187940662,0.307269304640715,0.46683327486005133,0.8187403187940662,0.307269304640715,0.46683327486005133,1.1260096234347812,1.2855735936541175,0.7741025795007663,1.5928428982948324,2.673868748463612,3.7986552767625623,1.8527080137411547,2.673868748463612,3.7986552767625623,1.8527080137411547,6.472524025226175,4.526576762204767,5.651363290503717,8.325232038967329
101,2525,Wormhole Attack,0.8,0.6507845559806115,0.14626373897165285,0.5239562466148152,0.6507845559806115,0.14626373897165285,0.5239562466148152,0.7970482949522644,1.1747408025954267,0.6702199855864681,1.3210045415670795,1.6608699773137907,0.6978495402632032,2.3636452010407503,1.6608699773137907,0.6978495402632032,2.3636452010407503,2.358719517576994,4.024515178354541,3.0614947413039535,4.722364718617744
102,2550,Normal Traffic,0.72,0.6462279721350296,0.2885167342155552,0.36044511693916453,0.6462279721350296,0.2885167342155552,0.36044511693916453,0.9347447063505847,1.0066730890741942,0.6489618511547197,1.2951898232897492,1.6333876584049583,3.437499575673546,0.9011177077702502,1.6333876584049583,3.437499575673546,0.9011177077702502,5.070887234078504,2.5345053661752086,4.338617283443797,5.972004941848755
103,2575,Normal Traffic,0.68,0.850188604860177,0.2548991436944246,0.4035790183058518,0.850188604860177,0.2548991436944246,0.4035790183058518,1.1050877485546016,1.2537676231660289,0.6584781620002764,1.5086667668604534,2.8635441404007222,2.7900584943542155,1.2869294672873908,2.8635441404007222,2.7900584943542155,1.2869294672873908,5.653602634754938,4.150473607688113,4.076987961641606,6.9405321020423285
104,2600,Wormhole Attack,0.8,0.6602965133850058,0.22613023663573098,0.569948491627326,0.6602965133850058,0.22613023663573098,0.569948491627326,0.8864267500207368,1.230245005012332,0.7960787282630569,1.4563752416480629,1.7182398525742366,2.2359981942042584,2.7750234536493665,1.7182398525742366,2.2359981942042584,2.7750234536493665,3.954238046778495,4.493263306223604,5.0110216478536245,6.729261500427862
105,2625,Normal Traffic,0.68,0.8619119581565884,0.25998110725468293,0.3482139653424731,0.8619119581565884,0.25998110725468293,0.3482139653424731,1.1218930654112713,1.2101259234990616,0.6081950725971561,1.4701070307537445,2.9342517022258567,2.887932016271586,0.7917160082039582,2.9342517022258567,2.887932016271586,0.7917160082039582,5.822183718497443,3.725967710429815,3.679648024475544,6.613899726701401
106,2650,Wormhole Attack,0.8,0.872069839202652,0.24667070514680883,0.53123367267473,0.872069839202652,0.24667070514680883,0.53123367267473,1.118740544349461,1.403303511877382,0.7779043778215389,1.649974217024191,2.9955173643548623,2.6315870195026956,2.4287382360774568,2.9955173643548623,2.6315870195026956,2.4287382360774568,5.627104383857558,5.4242556004323195,5.060325255580152,8.055842619935015
107,2675,Wormhole Attack,0.84,0.6603543741330568,0.22922990529817838,0.6442365023309141,0.6603543741330568,0.22922990529817838,0.6442365023309141,0.8895842794312352,1.3045908764639709,0.8734664076290926,1.5338207817621492,1.7185888305770842,2.2956947042585756,3.439493562136118,1.7185888305770842,2.2956947042585756,3.439493562136118,4.01428353483566,5.158082392713202,5.735188266394694,7.453777096971778
108,2700,Blackhole Attack,0.72,0.8996912029830917,0.2756099286185054,0.5372766155406994,0.8996912029830917,0.2756099286185054,0.5372766155406994,1.175301131601597,1.436967818523791,0.8128865441592048,1.7125777471422965,3.1621112763371793,3.1889274429717744,2.482789419622421,3.1621112763371793,3.1889274429717744,2.482789419622421,6.351038719308954,5.644900695959601,5.671716862594195,8.833828138931375
109,2725,Blackhole Attack,0.8,0.4641929340968675,0.1710031524988586,0.47820449634345674,0.4641929340968675,0.1710031524988586,0.47820449634345674,0.6351960865957261,0.9423974304403242,0.6492076488423153,1.1134005829391829,0.5354719528052632,1.1743058358205065,1.9544180568711738,0.5354719528052632,1.1743058358205065,1.9544180568711738,1.7097777886257697,2.489890009676437,3.1287238926916805,3.6641958454969434
110,2750,Blackhole Attack,0.8,0.7814864466010103,0.28680569154320906,0.3395522283158142,0.7814864466010103,0.28680569154320906,0.3395522283158142,1.0682921381442194,1.1210386749168246,0.6263579198590232,1.4078443664600337,2.449177876772278,3.404546609658002,0.7142409851514192,2.449177876772278,3.404546609658002,0.7142409851514192,5.853724486430281,3.1634188619236974,4.1187875948094215,6.5679654715817
111,2775,Sybil Attack,0.8,0.8028969534689459,0.2913770784720901,0.4772193918940373,0.8028969534689459,0.2913770784720901,0.4772193918940373,1.094274031941036,1.2801163453629831,0.7685964703661274,1.5714934238350733,2.578311981989036,3.4925869376673355,1.9456067769058467,2.578311981989036,3.4925869376673355,1.9456067769058467,6.070898919656372,4.523918758894883,5.438193714573182,8.016505696562218
112,2800,Wormhole Attack,0.84,0.91013169231061,0.12707522938876878,0.6125217775853495,0.91013169231061,0.12707522938876878,0.6125217775853495,1.0372069216993787,1.5226534698959595,0.7395970069741183,1.6497286992847282,3.2250814458735806,0.32829808816136474,3.1558207811217396,3.2250814458735806,0.32829808816136474,3.1558207811217396,3.553379534034945,6.38090222699532,3.484118869283104,6.709200315156685
113,2825,Normal Traffic,0.68,0.7030069932659488,0.21979379053339884,0.4125887757775636,0.7030069932659488,0.21979379053339884,0.4125887757775636,0.9228007837993477,1.1155957690435123,0.6323825663109625,1.3353895595769112,1.9758413954440028,2.1139645965364857,1.3675173638802187,1.9758413954440028,2.1139645965364857,1.3675173638802187,4.089805991980489,3.3433587593242216,3.4814819604167044,5.457323355860708
114,2850,Blackhole Attack,0.72,0.9139626500235806,0.2574745775573127,0.5483264625199088,0.9139626500235806,0.2574745775573127,0.5483264625199088,1.1714372275808933,1.4622891125434894,0.8058010400772215,1.7197636901008022,3.24818726487353,2.839658767877881,2.581624924187664,3.24818726487353,2.839658767877881,2.581624924187664,6.087846032751411,5.829812189061194,5.421283692065545,8.669470956939076
115,2875,Blackhole Attack,0.88,0.6399803387515518,0.23883453416532563,0.260526255853484,0.6399803387515518,0.23883453416532563,0.260526255853484,0.8788148729168774,0.9005065946050358,0.4993607900188096,1.1393411287703614,1.5957060401380883,2.4806702246043315,0.007392114142691241,1.5957060401380883,2.4806702246043315,0.007392114142691241,4.07637626474242,1.6030981542807794,2.4880623387470227,4.083768378885111
116,2900,Blackhole Attack,0.88,0.82924495696158,0.3309431053783653,0.4510335342174261,0.82924495696158,0.3309431053783653,0.4510335342174261,1.1601880623399452,1.280278491179006,0.7819766395957914,1.6112215965573713,2.737225821640577,4.2545889386021445,1.7113870215724865,2.737225821640577,4.2545889386021445,1.7113870215724865,6.991814760242722,4.448612843213064,5.965975960174631,8.703201781815208
117,2925,Flooding Attack,0.88,0.6268176208261351,0.2664311889762503,0.48365266525013473,0.6268176208261351,0.2664311889762503,0.48365266525013473,0.8932488098023854,1.1104702860762699,0.750083854226385,1.3769014750525201,1.516317176903616,3.0121541220106853,2.0031492767569636,1.516317176903616,3.0121541220106853,2.0031492767569636,4.528471298914301,3.5194664536605798,5.015303398767649,6.531620575671265
118,2950,Blackhole Attack,0.84,0.7977780914250542,0.2343347950883769,0.5239510366040991,0.7977780914250542,0.2343347950883769,0.5239510366040991,1.032112886513431,1.3217291280291534,0.7582858316924761,1.5560639231175302,2.5474383705494152,2.3940097623739005,2.363598600029996,2.5474383705494152,2.3940097623739005,2.363598600029996,4.941448132923316,4.911036970579412,4.7576083624038965,7.305046732953312
119,2975,Blackhole Attack,0.84,0.8974850075355909,0.2707310656854001,0.46483252295593425,0.8974850075355909,0.2707310656854001,0.46483252295593425,1.168216073220991,1.3623175304915252,0.7355635886413343,1.6330485961769252,3.148804955435783,3.0949654354616576,1.8348122614899838,3.148804955435783,3.0949654354616576,1.8348122614899838,6.24377039089744,4.983617216925767,4.929777696951641,8.078582652387425
120,3000,Wormhole Attack,0.8,0.6833426165660625,0.12932363227356644,0.6682468429360435,0.6833426165660625,0.12932363227356644,0.6682468429360435,0.812666248839629,1.351589459502106,0.79757047520961,1.4809130917756725,1.8572387997442248,0.37160007299754466,3.6542543758339274,1.8572387997442248,0.37160007299754466,3.6542543758339274,2.2288388727417696,5.511493175578153,4.025854448831472,5.8830932485756975
121,3025,Blackhole Attack,0.72,0.8010002617050848,0.29500018910889475,0.4544372942040383,0.8010002617050848,0.29500018910889475,0.4544372942040383,1.0960004508139796,1.255437555909123,0.749437483312933,1.5504377450180178,2.566872383883818,3.5623644152339664,1.7418319984421904,2.566872383883818,3.5623644152339664,1.7418319984421904,6.129236799117784,4.308704382326009,5.304196413676157,7.871068797559975
122,3050,Wormhole Attack,0.84,0.5470779241863578,0.19782721864563413,0.5872720240144103,0.5470779241863578,0.19782721864563413,0.5872720240144103,0.7449051428319919,1.134349948200768,0.7850992426600444,1.3321771668464022,1.0353797362653296,1.690910450316404,2.9299740215216015,1.0353797362653296,1.690910450316404,2.9299740215216015,2.7262901865817337,3.9653537577869313,4.620884471838005,5.656264208103336
123,3075,Flooding Attack,0.84,0.9682151484671403,0.3451956542791815,0.3782115636808695,0.9682151484671403,0.3451956542791815,0.3782115636808695,1.3134108027463218,1.3464267121480098,0.723407217960051,1.6916223664271914,3.5754026776377477,4.529078737807145,1.0600299290301283,3.5754026776377477,4.529078737807145,1.0600299290301283,8.104481415444893,4.635432606667876,5.589108666837274,9.16451134447502
124,3100,Wormhole Attack,0.84,0.8289421927814097,0.24526564213614221,0.5445430000872549,0.8289421927814097,0.24526564213614221,0.5445430000872549,1.074207834917552,1.3734851928686647,0.7898086422233971,1.6187508350048068,2.735399747099739,2.6045269149310726,2.5477836936947376,2.735399747099739,2.6045269149310726,2.5477836936947376,5.339926662030812,5.283183440794477,5.15231060862581,7.887710355725549
125,3125,Wormhole Attack,0.76,0.6894945886777407,0.2402077456392712,0.5517001141803767,0.6894945886777407,0.2402077456392712,0.5517001141803767,0.9297023343170119,1.2411947028581174,0.7919078598196478,1.4814024484973887,1.894343452093663,2.507116900519805,2.611800596730196,1.894343452093663,2.507116900519805,2.611800596730196,4.4014603526134675,4.5061440488238595,5.118917497250001,7.013260949343664
126,3150,Normal Traffic,0.64,0.6150673687687627,0.18804588975978215,0.450447289536789,0.6150673687687627,0.18804588975978215,0.450447289536789,0.8031132585285448,1.0655146583055517,0.6384931792965711,1.2535605480653338,1.4454473794317697,1.5025318648072652,1.7061433481606756,1.4454473794317697,1.5025318648072652,1.7061433481606756,2.947979244239035,3.1515907275924455,3.2086752129679406,4.654122592399711
127,3175,Normal Traffic,0.68,0.8124533717091035,0.2649595600190908,0.35390196494077086,0.8124533717091035,0.2649595600190908,0.35390196494077086,1.0774129317281944,1.1663553366498745,0.6188615249598617,1.4313148966689653,2.6359500157886,2.9838120240627295,0.8425923969288341,2.6359500157886,2.9838120240627295,0.8425923969288341,5.619762039851329,3.478542412717434,3.8264044209915635,6.4623544367801635
128,3200,Blackhole Attack,0.76,0.9912447433846957,0.2329565936265244,0.5537250677295692,0.9912447433846957,0.2329565936265244,0.5537250677295692,1.2242013370112201,1.544969811114265,0.7866816613560936,1.7779264047407892,3.7143020578124712,2.3674669842953584,2.6299128209204663,3.7143020578124712,2.3674669842953584,2.6299128209204663,6.08176904210783,6.344214878732938,4.997379805215825,8.711681863028296
129,3225,Sybil Attack,0.8,0.936992434050289,0.26590782247378886,0.4327816340905103,0.936992434050289,0.26590782247378886,0.4327816340905103,1.2029002565240778,1.3697740681407993,0.6986894565642991,1.6356818906145882,3.3870877856303716,3.002074608011401,1.5481326559950905,3.3870877856303716,3.002074608011401,1.5481326559950905,6.389162393641772,4.935220441625463,4.550207264006492,7.937295049636862
130,3250,Flooding Attack,0.76,0.7901429391963818,0.25333280320180385,0.33700052525590873,0.7901429391963818,0.25333280320180385,0.33700052525590873,1.0434757423981855,1.1271434644522906,0.5903333284577126,1.3804762676540943,2.5013881505651363,2.759892347211123,0.6914172428949924,2.5013881505651363,2.759892347211123,0.6914172428949924,5.2612804977762595,3.192805393460129,3.4513095901061157,5.952697740671252
131,3275,Sybil Attack,0.8,0.8048480647327033,0.2750334553000941,0.4195210939682869,0.8048480647327033,0.2750334553000941,0.4195210939682869,1.0798815200327974,1.2243691587009902,0.694554549268381,1.4994026140010843,2.590079802750019,3.1778251449534385,1.4295235769505077,2.590079802750019,3.1778251449534385,1.4295235769505077,5.767904947703458,4.019603379700527,4.607348721903946,7.197428524653965
132,3300,Normal Traffic,0.64,0.8427354917991845,0.21310670970361212,0.5278884823849808,0.8427354917991845,0.21310670970361212,0.5278884823849808,1.0558422015027966,1.3706239741841653,0.7409951920885929,1.5837306838877774,2.818591861029328,1.985178125638592,2.3988171366471938,2.818591861029328,1.985178125638592,2.3988171366471938,4.80376998666792,5.217408997676522,4.383995262285786,7.202587123315114
133,3325,Normal Traffic,0.72,0.771792198578259,0.249838290904026,0.33762062095002426,0.771792198578259,0.249838290904026,0.33762062095002426,1.021630489482285,1.1094128195282833,0.5874589118540503,1.3592511104323093,2.3907085443137315,2.692591544694212,0.696963697151052,2.3907085443137315,2.692591544694212,0.696963697151052,5.083300089007944,3.0876722414647837,3.3895552418452644,5.780263786158995
134,3350,Normal Traffic,0.68,0.7755427362022282,0.23555620855064327,0.3829671122680556,0.7755427362022282,0.23555620855064327,0.3829671122680556,1.0110989447528715,1.1585098484702838,0.6185233208186989,1.3940660570209271,2.4133293221935106,2.4175329608092753,1.102565997175091,2.4133293221935106,2.4175329608092753,1.102565997175091,4.830862283002785,3.5158953193686013,3.5200989579843665,5.933428280177877
135,3375,Sybil Attack,0.92,0.7626983303219816,0.2921212153225235,0.28497163362824635,0.7626983303219816,0.2921212153225235,0.28497163362824635,1.054819545644505,1.047669963950228,0.5770928489507698,1.3397911792727515,2.3358603080026086,3.506918267177442,0.22604412364133036,2.3358603080026086,3.506918267177442,0.22604412364133036,5.84277857518005,2.561904431643939,3.7329623908187726,6.06882269882138
136,3400,Blackhole Attack,0.8,0.5702103207368918,0.22042011303518716,0.45900069595258985,0.5702103207368918,0.22042011303518716,0.45900069595258985,0.790630433772079,1.0292110166894817,0.679420808987777,1.2496311297246687,1.1748991483230629,2.1260269398373115,1.782649406610885,1.1748991483230629,2.1260269398373115,1.782649406610885,3.3009260881603746,2.9575485549339477,3.908676346448196,5.083575494771259
137,3425,Blackhole Attack,0.84,0.611868661814151,0.2767747985951086,0.27920591220232527,0.611868661814151,0.2767747985951086,0.27920591220232527,0.8886434604092597,0.8910745740164763,0.5559807107974339,1.167849372611585,1.4261548814548535,3.211361670575753,0.1744725509864562,1.4261548814548535,3.211361670575753,0.1744725509864562,4.637516552030606,1.6006274324413097,3.385834221562209,4.811989103017062
138,3450,Sybil Attack,0.88,0.5685561148222588,0.2843801148825386,0.5166330806520191,0.5685561148222588,0.2843801148825386,0.5166330806520191,0.8529362297047973,1.0851891954742778,0.8010131955345576,1.3695693103568165,1.1649220654848085,3.3578324355704714,2.298143044829013,1.1649220654848085,3.3578324355704714,2.298143044829013,4.52275450105528,3.4630651103138215,5.655975480399484,6.820897545884293
139,3475,Blackhole Attack,0.92,0.7585673814007919,0.30392779085955196,0.4977555415710697,0.7585673814007919,0.30392779085955196,0.4977555415710697,1.062495172260344,1.2563229229718615,0.8016833324306216,1.5602507138314137,2.3109451392060745,3.734301072246929,2.1292926432328447,2.3109451392060745,3.734301072246929,2.1292926432328447,6.045246211453003,4.440237782438919,5.863593715479774,8.174538854685848
140,3500,Sybil Attack,0.76,0.7389590666201247,0.24766174300461005,0.29805592751871085,0.7389590666201247,0.24766174300461005,0.29805592751871085,0.9866208096247348,1.0370149941388356,0.5457176705233209,1.2846767371434455,2.192680672155923,2.650673414819454,0.3430767659011877,2.192680672155923,2.650673414819454,0.3430767659011877,4.843354086975378,2.535757438057111,2.993750180720642,5.1864308528765655
141,3525,Blackhole Attack,0.8,0.769285564459254,0.1962599689409975,0.45983974427193486,0.769285564459254,0.1962599689409975,0.45983974427193486,0.9655455334002515,1.2291253087311889,0.6560997132129324,1.4253852776721865,2.3755901748113137,1.6607267926616553,1.7901542855610741,2.3755901748113137,1.6607267926616553,1.7901542855610741,4.036316967472969,4.165744460372387,3.4508810782227295,5.826471253034043
142,3550,Blackhole Attack,0.84,0.8216426969864794,0.2575731756663066,0.42274294026939585,0.8216426969864794,0.2575731756663066,0.42274294026939585,1.079215872652786,1.2443856372558753,0.6803161159357025,1.501958812922182,2.6913739861111714,2.8415576685817534,1.4583414244194277,2.6913739861111714,2.8415576685817534,1.4583414244194277,5.532931654692925,4.149715410530599,4.299899093001181,6.991273079112353
143,3575,Blackhole Attack,0.8,0.840985536975786,0.25547867192020557,0.41324833463747385,0.840985536975786,0.25547867192020557,0.41324833463747385,1.0964642088959917,1.25423387161326,0.6687270065576794,1.5097125435334655,2.808037283705064,2.8012196268249925,1.3734167969522204,2.808037283705064,2.8012196268249925,1.3734167969522204,5.609256910530057,4.181454080657284,4.174636423777213,6.982673707482277
144,3600,Normal Traffic,0.64,0.741456415688855,0.26392295697527807,0.4544103015178553,0.741456415688855,0.26392295697527807,0.4544103015178553,1.0053793726641331,1.1958667172067103,0.7183332584931333,1.4597896741819885,2.2077430403377507,2.9638480889566963,1.7415905619984562,2.2077430403377507,2.9638480889566963,1.7415905619984562,5.1715911292944465,3.949333602336207,4.705438650955152,6.913181691292903
145,3625,Blackhole Attack,0.8,0.4564600350351463,0.20874254311832663,0.5902553738667199,0.4564600350351463,0.20874254311832663,0.5902553738667199,0.665202578153473,1.0467154089018662,0.7989979169850465,1.2554579520201927,0.4888321881688475,1.901128653643896,2.9566586343042447,0.4888321881688475,1.901128653643896,2.9566586343042447,2.3899608418127434,3.4454908224730922,4.857787287948141,5.346619476116988
146,3650,Blackhole Attack,0.88,0.7402343198803294,0.2716865308845699,0.4763732802494028,0.7402343198803294,0.2716865308845699,0.4763732802494028,1.0119208507648993,1.2166076001297321,0.7480598111339727,1.488294131014302,2.2003721616520413,3.1133667370458578,1.9380387199478344,2.2003721616520413,3.1133667370458578,1.9380387199478344,5.313738898697899,4.138410881599876,5.051405456993692,7.2517776186457334
147,3675,Blackhole Attack,0.64,0.8307990818116537,0.30480664221363546,0.37178857231979506,0.8307990818116537,0.30480664221363546,0.37178857231979506,1.1356057240252893,1.2025876541314489,0.6765952145334305,1.5073942963450844,2.746599281276414,3.751226868004038,1.0025793966214518,2.746599281276414,3.751226868004038,1.0025793966214518,6.497826149280452,3.7491786778978655,4.7538062646254895,7.500405545901904
148,3700,Normal Traffic,0.68,0.7677264599211604,0.2943998719014317,0.4992683024006672,0.7677264599211604,0.2943998719014317,0.4992683024006672,1.0621263318225922,1.2669947623218276,0.7936681743020989,1.5613946342232594,2.366186680970277,3.5508029078234284,2.1428235527704267,2.366186680970277,3.5508029078234284,2.1428235527704267,5.916989588793705,4.509010233740703,5.693626460593855,8.059813141564131
149,3725,Normal Traffic,0.76,0.8086948530670355,0.2940760097452816,0.43377929286064,0.8086948530670355,0.2940760097452816,0.43377929286064,1.1027708628123172,1.2424741459276754,0.7278553026059216,1.5365501556729573,2.613281101653231,3.5445656474687803,1.5570562282504559,2.613281101653231,3.5445656474687803,1.5570562282504559,6.157846749122012,4.1703373299036866,5.101621875719236,7.714902977372468
150,3750,Normal Traffic,0.68,0.7275924732307834,0.22467548217372227,0.4358622521829028,0.7275924732307834,0.22467548217372227,0.4358622521829028,0.9522679554045056,1.1634547254136862,0.6605377343566251,1.3881302075874085,2.124124851607204,2.2079810821109627,1.5756872858562376,2.124124851607204,2.2079810821109627,1.5756872858562376,4.332105933718166,3.6998121374634416,3.7836683679672003,5.907793219574404
151,3775,Blackhole Attack,0.8,0.6281704201632121,0.22218659612073727,0.509317204858455,0.6281704201632121,0.22218659612073727,0.509317204858455,0.8503570162839493,1.137487625021667,0.7315038009791923,1.3596742211424044,1.5244763733677071,2.1600476326148614,2.232706095633787,1.5244763733677071,2.1600476326148614,2.232706095633787,3.684524005982569,3.757182469001494,4.392753728248648,5.917230101616356
152,3800,Flooding Attack,0.96,0.6174562443011966,0.26197095417888566,0.36960385103776894,0.6174562443011966,0.26197095417888566,0.36960385103776894,0.8794271984800823,0.9870600953389655,0.6315748052166545,1.2490310495178512,1.4598555065376746,2.9262544725896853,0.9830381278011912,1.4598555065376746,2.9262544725896853,0.9830381278011912,4.38610997912736,2.4428936343388656,3.9092926003908763,5.369148106928551
153,3825,Normal Traffic,0.76,0.6846760488419978,0.26249014903969914,0.4718740024364544,0.6846760488419978,0.26249014903969914,0.4718740024364544,0.947166197881697,1.1565500512784523,0.7343641514761535,1.4190402003181513,1.8652811868246504,2.9362536449542014,1.897794869181516,1.8652811868246504,2.9362536449542014,1.897794869181516,4.801534831778852,3.7630760560061667,4.834048514135717,6.6993297009603685
154,3850,Blackhole Attack,0.84,0.8883357995530128,0.2238309297353236,0.5053968563530424,0.8883357995530128,0.2238309297353236,0.5053968563530424,1.1121667292883364,1.3937326559060552,0.729227786088366,1.6175635856413788,3.093622946268049,2.1917158490745847,2.197640485826422,3.093622946268049,2.1917158490745847,2.197640485826422,5.285338795342634,5.291263432094471,4.389356334901007,7.482979281169056
155,3875,Blackhole Attack,0.8,0.6217480077592508,0.3195790797547277,0.3108190689613391,0.6217480077592508,0.3195790797547277,0.3108190689613391,0.9413270875139785,0.9325670767205898,0.6303981487160668,1.2521461564753176,1.4857406029240565,4.035729201070275,0.4572368557823577,1.4857406029240565,4.035729201070275,0.4572368557823577,5.521469803994331,1.9429774587064141,4.492966056852633,5.978706659776689
156,3900,Blackhole Attack,0.8,0.7342767556224724,0.25508828026922226,0.32882920288481815,0.7342767556224724,0.25508828026922226,0.32882920288481815,0.9893650358916947,1.0631059585072906,0.5839174831540404,1.3181942387765129,2.164440049700883,2.793701075116422,0.6183287403092511,2.164440049700883,2.793701075116422,0.6183287403092511,4.958141124817304,2.782768790010134,3.412029815425673,5.576469865126556
157,3925,Sybil Attack,0.76,0.9147005445685592,0.3057229605569995,0.3806449632527222,0.9147005445685592,0.3057229605569995,0.3806449632527222,1.2204235051255587,1.2953455078212814,0.6863679238097217,1.601068468378281,3.25263775978231,3.76887424040235,1.081795504150347,3.25263775978231,3.76887424040235,1.081795504150347,7.02151200018466,4.334433263932657,4.850669744552697,8.103307504335007
158,3950,Wormhole Attack,0.84,0.7692492112911322,0.1938702791379294,0.4045023841668243,0.7692492112911322,0.1938702791379294,0.4045023841668243,0.9631194904290616,1.1737515954579565,0.5983726633047537,1.367621874595886,2.3753709163945858,1.6147037634637802,1.2951885256199858,2.3753709163945858,1.6147037634637802,1.2951885256199858,3.990074679858366,3.6705594420145715,2.909892289083766,5.285263205478351
159,3975,Sybil Attack,0.84,0.5986617701917462,0.26382580425339314,0.4976595948219165,0.5986617701917462,0.26382580425339314,0.4976595948219165,0.8624875744451392,1.0963213650136627,0.7614853990753097,1.3601471692670557,1.3464995915136306,2.9619770249590918,2.1284344462476925,1.3464995915136306,2.9619770249590918,2.1284344462476925,4.308476616472722,3.474934037761323,5.090411471206784,6.436911062720415
160,4000,Blackhole Attack,0.88,0.6958721155310503,0.21094129514883425,0.6427799832005756,0.6958721155310503,0.21094129514883425,0.6427799832005756,0.9068134106798846,1.338652098731626,0.8537212783494099,1.5495933938804602,1.9328085023971355,1.943474412816914,3.4264657072321727,1.9328085023971355,1.943474412816914,3.4264657072321727,3.876282915214049,5.359274209629309,5.369940120049087,7.302748622446222
161,4025,Blackhole Attack,0.8,0.6214531537787897,0.24858190829439855,0.6118958247149187,0.6214531537787897,0.24858190829439855,0.6118958247149187,0.8700350620731883,1.2333489784937084,0.8604777330093172,1.481930886788107,1.4839622375088286,2.6683948755481377,3.1502219372735394,1.4839622375088286,2.6683948755481377,3.1502219372735394,4.152357113056967,4.6341841747823675,5.818616812821677,7.302579050330506
162,4050,Flooding Attack,0.92,0.7521225937343795,0.1905963435096561,0.5292950592536115,0.7521225937343795,0.1905963435096561,0.5292950592536115,0.9427189372440357,1.281417652987991,0.7198914027632677,1.472013996497647,2.272074415885622,1.551651046404632,2.411398282321201,2.272074415885622,1.551651046404632,2.411398282321201,3.8237254622902537,4.683472698206822,3.963049328725833,6.235123744611455
163,4075,Blackhole Attack,0.72,0.7937211957701936,0.28188688115935295,0.3535747487721949,0.7937211957701936,0.28188688115935295,0.3535747487721949,1.0756080769295466,1.1472959445423885,0.6354616299315479,1.4291828257017416,2.522969842383333,3.309815254306201,0.8396656075186315,2.522969842383333,3.309815254306201,0.8396656075186315,5.832785096689534,3.3626354499019646,4.1494808618248324,6.672450704208165
164,4100,Sybil Attack,0.76,0.7987033298069947,0.24531969020317193,0.30259430344252636,0.7987033298069947,0.24531969020317193,0.30259430344252636,1.0440230200101666,1.101297633249521,0.5479139936456983,1.3466173234526928,2.553018800349656,2.605567826502024,0.38367033024475,2.553018800349656,2.605567826502024,0.38367033024475,5.15858662685168,2.9366891305944063,2.989238156746774,5.54225695709643
165,4125,Blackhole Attack,0.88,0.769835108911643,0.1577829954895533,0.6490492687991197,0.769835108911643,0.1577829954895533,0.6490492687991197,0.9276181044011963,1.4188843777107627,0.806832264288673,1.576667373200316,2.3789046657560546,0.9196988691511976,3.482541416385572,2.3789046657560546,0.9196988691511976,3.482541416385572,3.298603534907252,5.861446082141627,4.40224028553677,6.781144951292824
166,4150,Wormhole Attack,0.8,0.7419760265807046,0.22279832104012337,0.35219284409879376,0.7419760265807046,0.22279832104012337,0.35219284409879376,0.9647743476208279,1.0941688706794983,0.5749911651389171,1.3169671917196217,2.2108769917193674,2.171828841117249,0.8273051426258913,2.2108769917193674,2.171828841117249,0.8273051426258913,4.382705832836616,3.0381821343452584,2.99913398374314,5.210010975462508
167,4175,Blackhole Attack,0.72,0.827565495811777,0.25104139127719083,0.4112050295351031,0.827565495811777,0.25104139127719083,0.4112050295351031,1.0786068870889678,1.23877052534688,0.6622464208122939,1.4898119166240709,2.7270964158229636,2.7157620513980736,1.355140427048318,2.7270964158229636,2.7157620513980736,1.355140427048318,5.442858467221037,4.082236842871282,4.070902478446392,6.797998894269355
168,4200,Blackhole Attack,0.76,0.8189481869731647,0.277656623002459,0.48303983561140656,0.8189481869731647,0.277656623002459,0.48303983561140656,1.0966048099756238,1.3019880225845712,0.7606964586138656,1.5796446455870303,2.6751224726970695,3.2283447243573695,1.9976678138308077,2.6751224726970695,3.2283447243573695,1.9976678138308077,5.9034671970544395,4.672790286527877,5.2260125381881775,7.901135010885247
169,4225,Blackhole Attack,0.96,0.8430779407238276,0.2731118047731232,0.5325214477021629,0.8430779407238276,0.2731118047731232,0.5325214477021629,1.1161897454969507,1.3755993884259905,0.805633252475286,1.6487111931991136,2.8206572878657403,3.1408160828578704,2.4402567570888634,2.8206572878657403,3.1408160828578704,2.4402567570888634,5.961473370723611,5.260914044954603,5.581072839946733,8.401730127812474
170,4250,Wormhole Attack,0.84,0.8068098069970816,0.2679802663024623,0.5415834282228299,0.8068098069970816,0.2679802663024623,0.5415834282228299,1.074790073299544,1.3483932352199115,0.8095636945252922,1.6163735015223737,2.6019117427194445,3.0419877978804526,2.5213117634437663,2.6019117427194445,3.0419877978804526,2.5213117634437663,5.643899540599897,5.12322350616321,5.563299561324219,8.165211304043662
171,4275,Blackhole Attack,0.76,0.8002562377403304,0.21058420805095968,0.6248475640443585,0.8002562377403304,0.21058420805095968,0.6248475640443585,1.01084044579129,1.4251038017846889,0.8354317720953182,1.6356880098356485,2.5623849203435562,1.9365972734030177,3.26606894348378,2.5623849203435562,1.9365972734030177,3.26606894348378,4.498982193746574,5.828453863827336,5.202666216886798,7.765051137230355
172,4300,Sybil Attack,0.88,0.7861890842574393,0.24871213932994687,0.3291020482481592,0.7861890842574393,0.24871213932994687,0.3291020482481592,1.0349012235873862,1.1152911325055985,0.5778141875781061,1.3640032718355455,2.4775410962732156,2.6709029946955747,0.6207692093225178,2.4775410962732156,2.6709029946955747,0.6207692093225178,5.14844409096879,3.0983103055957333,3.2916722040180924,5.769213300291308
173,4325,Blackhole Attack,0.88,0.9255433274951922,0.24306863358319328,0.4092833458273085,0.9255433274951922,0.24306863358319328,0.4092833458273085,1.1686119610783854,1.3348266733225007,0.6523519794105018,1.577895306905694,3.3180342998981907,2.5622147333874548,1.3379519013400398,3.3180342998981907,2.5622147333874548,1.3379519013400398,5.880249033285645,4.65598620123823,3.9001666347274946,7.218200934625685
174,4350,Normal Traffic,0.68,0.8336199098186703,0.25083897471575634,0.5377732109700982,0.8336199098186703,0.25083897471575634,0.5377732109700982,1.0844588845344267,1.3713931207887686,0.7886121856858546,1.622232095504525,2.7636126618051104,2.7118637114105684,2.4872312241036756,2.7636126618051104,2.7118637114105684,2.4872312241036756,5.475476373215679,5.250843885908786,5.199094935514244,7.962707597319355
175,4375,Flooding Attack,0.92,0.665617952282596,0.21300309895471325,0.4316289529745545,0.665617952282596,0.21300309895471325,0.4316289529745545,0.8786210512373093,1.0972469052571505,0.6446320519292678,1.3102500042118637,1.7503352744502634,1.9831826865168853,1.5378224842874937,1.7503352744502634,1.9831826865168853,1.5378224842874937,3.7335179609671485,3.288157758737757,3.5210051708043792,5.271340445254642
176,4400,Wormhole Attack,0.88,0.6470181355637745,0.29132442168693545,0.4772909616150342,0.6470181355637745,0.29132442168693545,0.4772909616150342,0.93834255725071,1.1243090971788088,0.7686153833019697,1.4156335188657443,1.6381534048665143,3.4915728207901044,1.94624693323558,1.6381534048665143,3.4915728207901044,1.94624693323558,5.1297262256566185,3.5844003381020944,5.437819754025685,7.075973158892198
177,4425,Wormhole Attack,0.92,0.6918295263456018,0.21715294705475024,0.4682613983460224,0.6918295263456018,0.21715294705475024,0.4682613983460224,0.908982473400352,1.1600909246916242,0.6854143454007726,1.3772438717463744,1.9084262614515164,2.063104599406809,1.8654818834230604,1.9084262614515164,2.063104599406809,1.8654818834230604,3.9715308608583255,3.773908144874577,3.9285864828298696,5.837012744281386
178,4450,Blackhole Attack,0.8,0.955183950283916,0.2855284930933489,0.48084924448250693,0.955183950283916,0.2855284930933489,0.48084924448250693,1.240712443377265,1.4360331947664229,0.7663777375758558,1.721561687859772,3.496807055045877,3.3799490483034162,1.9780740420864291,3.496807055045877,3.3799490483034162,1.9780740420864291,6.876756103349294,5.4748810971323065,5.358023090389845,8.854830145435724
179,4475,Wormhole Attack,0.76,0.7902603852354324,0.2771754876474408,0.49169282825997457,0.7902603852354324,0.2771754876474408,0.49169282825997457,1.0674358728828732,1.281953213495407,0.7688683159074154,1.5591287011428479,2.5020965078804305,3.2190785399079473,2.075064622676186,2.5020965078804305,3.2190785399079473,2.075064622676186,5.721175047788378,4.577161130556616,5.294143162584133,7.796239670464564
180,4500,Flooding Attack,0.8,0.5820375602881993,0.30133836892864335,0.2910188344860017,0.5820375602881993,0.30133836892864335,0.2910188344860017,0.8833759292168426,0.8730563947742009,0.592357203414645,1.1743947637028442,1.2462332837577375,3.684431402560588,0.2801333928509551,1.2462332837577375,3.684431402560588,0.2801333928509551,4.930664686318325,1.5263666766086925,3.964564795411543,5.2107980791692805
181,4525,Wormhole Attack,0.8,0.7930838331952211,0.18123797435546984,0.635059016979582,0.7930838331952211,0.18123797435546984,0.635059016979582,0.974321807550691,1.4281428501748032,0.8162969913350518,1.609380824530273,2.5191256902422654,1.3714182411783504,3.357405421273562,2.5191256902422654,1.3714182411783504,3.357405421273562,3.890543931420616,5.876531111515828,4.728823662451912,7.247949352694178
182,4550,Blackhole Attack,0.76,0.8763267436642828,0.26287830558174446,0.5716273601717244,0.8763267436642828,0.26287830558174446,0.5716273601717244,1.1392050492460273,1.447954103836007,0.8345056657534689,1.7108324094177516,3.021192214186146,2.9437291507060204,2.7900401158707115,3.021192214186146,2.9437291507060204,2.7900401158707115,5.964921364892167,5.811232330056857,5.733769266576732,8.754961480762878
183,4575,Wormhole Attack,0.88,0.6617630601830915,0.23294040150186118,0.4626665808800807,0.6617630601830915,0.23294040150186118,0.4626665808800807,0.8947034616849527,1.1244296410631722,0.695606982381942,1.3573700425650335,1.72708509896179,2.3671551402119992,1.8154389635313013,1.72708509896179,2.3671551402119992,1.8154389635313013,4.094240239173789,3.5425240624930914,4.1825941037433,5.909679202705091
184,4600,Normal Traffic,0.72,0.9587804575251363,0.2480614028855952,0.3666197367228119,0.9587804575251363,0.2480614028855952,0.3666197367228119,1.2068418604107314,1.325400194247948,0.6146811396084071,1.5734615971335433,3.5184988228944984,2.6583704633435694,0.956346677272141,3.5184988228944984,2.6583704633435694,0.956346677272141,6.176869286238068,4.474845500166639,3.6147171406157104,7.133215963510208
185,4625,Sybil Attack,0.84,0.8636326187224531,0.2913267995426045,0.514653131688037,0.8636326187224531,0.2913267995426045,0.514653131688037,1.1549594182650575,1.3782857504104902,0.8059799312306415,1.6696125499530945,2.9446295958425397,3.491618615905748,2.280433364755,2.9446295958425397,3.491618615905748,2.280433364755,6.436248211748287,5.22506296059754,5.772051980660748,8.716681576503287
186,4650,Sybil Attack,0.92,0.6083240965000307,0.2539515306868508,0.490685301810946,0.6083240965000307,0.2539515306868508,0.490685301810946,0.8622756271868814,1.0990093983109768,0.7446368324977968,1.3529609289978275,1.4047763931712918,2.771808418105882,2.0660527888345115,1.4047763931712918,2.771808418105882,2.0660527888345115,4.1765848112771735,3.4708291820058035,4.837861206940394,6.242637600111685
187,4675,Normal Traffic,0.6,0.5747988484540958,0.2516158222052491,0.5329476723408966,0.5747988484540958,0.2516158222052491,0.5329476723408966,0.8264146706593449,1.1077465207949924,0.7845634945461457,1.3593623430002415,1.202574131670179,2.7268250150263422,2.4440691290888235,1.202574131670179,2.7268250150263422,2.4440691290888235,3.9293991466965212,3.6466432607590025,5.170894144115166,6.373468275785345
188,4700,Blackhole Attack,0.76,0.7818481945069111,0.24394653513092313,0.5402653138665946,0.7818481945069111,0.24394653513092313,0.5402653138665946,1.0257947296378342,1.3221135083735058,0.7842118489975177,1.5660600435044287,2.451359702379242,2.5791222368266697,2.509521871898813,2.451359702379242,2.5791222368266697,2.509521871898813,5.030481939205911,4.960881574278055,5.088644108725482,7.540003811104724
189,4725,Blackhole Attack,0.88,0.8660274637046192,0.27453840517596956,0.41245773605298935,0.8660274637046192,0.27453840517596956,0.41245773605298935,1.1405658688805889,1.2784851997576085,0.6869961412289589,1.5530236049335782,2.9590737267457654,3.1682909760049234,1.3663452773055582,2.9590737267457654,3.1682909760049234,1.3663452773055582,6.127364702750689,4.325419004051324,4.534636253310482,7.493709980056247
190,4750,Sybil Attack,0.8,0.8390224002293075,0.23546060861257387,0.30044938488736045,0.8390224002293075,0.23546060861257387,0.30044938488736045,1.0744830088418813,1.139471785116668,0.5359099934999343,1.3749323937292417,2.796196933136143,2.415691801870808,0.3644850774489379,2.796196933136143,2.415691801870808,0.3644850774489379,5.211888735006951,3.160682010585081,2.780176879319746,5.5763738124558895
191,4775,Flooding Attack,0.84,0.7287856179348382,0.3065618810397101,0.42011105887869454,0.7287856179348382,0.3065618810397101,0.42011105887869454,1.0353474989745484,1.1488966768135327,0.7266729399184046,1.4554585578532429,2.131321116259069,3.7850310076199674,1.4348005260074166,2.131321116259069,3.7850310076199674,1.4348005260074166,5.916352123879037,3.566121642266485,5.219831533627384,7.351152649886453
192,4800,Sybil Attack,0.96,0.4331718469958746,0.260194013853067,0.27161139590657096,0.4331718469958746,0.260194013853067,0.27161139590657096,0.6933658608489416,0.7047832429024455,0.531805409759638,0.9649772567555126,0.34837314424613186,2.8920323838512068,0.10654329808077134,0.34837314424613186,2.8920323838512068,0.10654329808077134,3.2404055280973387,0.4549164423269032,2.998575681931978,3.34694882617811
193,4825,Blackhole Attack,0.72,0.7808842047143394,0.2009541236493436,0.3821735366955215,0.7808842047143394,0.2009541236493436,0.3821735366955215,0.981838328363683,1.1630577414098608,0.5831276603448651,1.3640118650592046,2.4455455495397187,1.7511315049905032,1.0954678498188761,2.4455455495397187,1.7511315049905032,1.0954678498188761,4.196677054530221,3.5410133993585946,2.8465993548093795,5.292144904349097
194,4850,Wormhole Attack,0.92,0.6701497793432626,0.23208673913675276,0.41543249471534494,0.6701497793432626,0.23208673913675276,0.41543249471534494,0.9022365184800154,1.0855822740586074,0.6475192338520976,1.3176690131953603,1.7776682767040628,2.350714459122734,1.3929530460743864,1.7776682767040628,2.350714459122734,1.3929530460743864,4.128382735826797,3.170621322778449,3.7436675051971204,5.5213357819011835
195,4875,Sybil Attack,0.72,0.5678647380726022,0.32428405646009123,0.26546037897474084,0.5678647380726022,0.32428405646009123,0.26546037897474084,0.8921487945326934,0.833325117047343,0.589744435434832,1.157609173507434,1.1607521353432535,4.126342334209252,0.05152544460364771,1.1607521353432535,4.126342334209252,0.05152544460364771,5.287094469552505,1.2122775799469012,4.1778677788128995,5.338619914156153
196,4900,Sybil Attack,0.72,0.6891084765546892,0.27147367570351233,0.23286583421603926,0.6891084765546892,0.27147367570351233,0.23286583421603926,0.9605821522582015,0.9219743107707284,0.5043395099195516,1.1934479864742409,1.8920146775424043,3.109267359712384,-0.24001689832309064,1.8920146775424043,3.109267359712384,-0.24001689832309064,5.001282037254788,1.6519977792193137,2.869250461389293,4.761265138931698
197,4925,Blackhole Attack,0.72,0.8682900241723069,0.2296704586272055,0.38075359728626224,0.8682900241723069,0.2296704586272055,0.38075359728626224,1.0979604827995124,1.2490436214585692,0.6104240559134677,1.4787140800857745,2.9727200044026114,2.304179319583546,1.0827671827209273,2.9727200044026114,2.304179319583546,1.0827671827209273,5.276899323986157,4.055487187123539,3.386946502304473,6.359666506707084
198,4950,Sybil Attack,0.76,0.801210864955433,0.31950541930091747,0.2651088628552563,0.801210864955433,0.31950541930091747,0.2651088628552563,1.1207162842563505,1.0663197278106893,0.5846142821561737,1.3858251471116068,2.5681426042694078,4.034310574597464,0.04838130395650227,2.5681426042694078,4.034310574597464,0.04838130395650227,6.602453178866872,2.61652390822591,4.082691878553967,6.650834482823375
199,4975,Wormhole Attack,0.8,0.8053280504086496,0.19963051057020761,0.43111761232481766,0.8053280504086496,0.19963051057020761,0.43111761232481766,1.0049585609788572,1.2364456627334672,0.6307481228950252,1.4360761733036749,2.592974760873267,1.7256400444212052,1.5332487909850843,2.592974760873267,1.7256400444212052,1.5332487909850843,4.318614805294472,4.126223551858351,3.2588888354062897,5.851863596279556
200,5000,Wormhole Attack,0.84,0.8355137367395321,0.3095872269450625,0.38477771287844703,0.8355137367395321,0.3095872269450625,0.38477771287844703,1.1451009636845946,1.220291449617979,0.6943649398235096,1.5298786765630417,2.7750349810602954,3.843296135904376,1.118760938628206,2.7750349810602954,3.843296135904376,1.118760938628206,6.618331116964671,3.8937959196885013,4.962057074532582,7.7370920555928775
201,5025,Normal Traffic,0.68,0.7585556439284464,0.31517835159209673,0.3097392306968162,0.7585556439284464,0.31517835159209673,0.3097392306968162,1.0737339955205432,1.0682948746252627,0.6249175822889129,1.3834732262173595,2.310874346487425,3.9509755897602865,0.4475782279367608,2.310874346487425,3.9509755897602865,0.4475782279367608,6.261849936247712,2.7584525744241857,4.398553817697048,6.709428164184473
202,5050,Normal Traffic,0.68,0.9200859575718913,0.27553985037325796,0.42039321294847204,0.9200859575718913,0.27553985037325796,0.42039321294847204,1.1956258079451492,1.3404791705203634,0.69593306332173,1.6160190208936211,3.2851190314167273,3.1875778062436018,1.4373242568703024,3.2851190314167273,3.1875778062436018,1.4373242568703024,6.4726968376603295,4.72244328828703,4.624902063113904,7.910021094530632
203,5075,Normal Traffic,0.72,0.7963999936273695,0.29974901724636,0.4059144720576463,0.7963999936273695,0.29974901724636,0.4059144720576463,1.0961490108737295,1.2023144656850158,0.7056634893040064,1.502063482931376,2.5391265903985345,3.6538220829804877,1.3078189647059255,2.5391265903985345,3.6538220829804877,1.3078189647059255,6.192948673379022,3.84694555510446,4.961641047686413,7.500767638084948
204,5100,Blackhole Attack,0.76,0.7279472747667395,0.23414845108295015,0.37326331708687177,0.7279472747667395,0.23414845108295015,0.37326331708687177,0.9620957258496896,1.1012105918536113,0.6074117681698219,1.3353590429365614,2.1262647812762134,2.3904209636973555,1.0157702709777414,2.1262647812762134,2.3904209636973555,1.0157702709777414,4.516685744973569,3.142035052253955,3.406191234675097,5.53245601595131
205,5125,Flooding Attack,0.88,0.89851424777673,0.30707675613568536,0.3773201363614635,0.89851424777673,0.30707675613568536,0.3773201363614635,1.2055910039124154,1.2758343841381934,0.6843968924971489,1.582911140273879,3.1550126560947342,3.794946985645611,1.0520565454111057,3.1550126560947342,3.794946985645611,1.0520565454111057,6.949959641740345,4.20706920150584,4.847003531056717,8.002016187151451
206,5150,Sybil Attack,0.84,0.7633195322521776,0.23954820698465246,0.30012010775089787,0.7633195322521776,0.23954820698465246,0.30012010775089787,1.0028677392368301,1.0634396400030754,0.5396683147355503,1.302987846987728,2.339606989756085,2.4944148474250167,0.3615398536838205,2.339606989756085,2.4944148474250167,0.3615398536838205,4.834021837181101,2.7011468434399055,2.8559547011088373,5.195561690864921
207,5175,Wormhole Attack,0.84,0.7195928636973429,0.15269354320847425,0.4656173514782464,0.7195928636973429,0.15269354320847425,0.4656173514782464,0.8722864069058172,1.1852102151755892,0.6183108946867206,1.3379037583840636,2.075876464702766,0.8216811219805972,1.8418321707381267,2.075876464702766,0.8216811219805972,1.8418321707381267,2.897557586683363,3.917708635440893,2.663513292718724,4.73938975742149
208,5200,Flooding Attack,0.8,0.7809619049396778,0.2705330378018821,0.4442100267202814,0.7809619049396778,0.2705330378018821,0.4442100267202814,1.0514949427415599,1.2251719316599592,0.7147430645221635,1.4957049694618414,2.4460141862299243,3.091151617009806,1.6503540672108632,2.4460141862299243,3.091151617009806,1.6503540672108632,5.537165803239731,4.0963682534407875,4.7415056842206695,7.187519870450593
209,5225,Sybil Attack,0.8,0.7639737241173205,0.29489462196589106,0.29709029439778933,0.7639737241173205,0.29489462196589106,0.29709029439778933,1.0588683460832116,1.06106401851511,0.5919849163636803,1.355958640481001,2.3435526451142876,3.5603312979236956,0.33443964749486416,2.3435526451142876,3.5603312979236956,0.33443964749486416,5.903883943037983,2.6779922926091517,3.8947709454185597,6.238323590532848
210,5250,Flooding Attack,0.68,0.6811393166991265,0.23685180762982613,0.4207702370883981,0.6811393166991265,0.23685180762982613,0.4207702370883981,0.9179911243289527,1.1019095537875248,0.6576220447182243,1.3387613614173508,1.843949943081654,2.442484899832247,1.4406965543485373,1.843949943081654,2.442484899832247,1.4406965543485373,4.2864348429139,3.284646497430191,3.883181454180784,5.727131397262438
211,5275,Sybil Attack,0.76,0.6927528671446431,0.296506432982719,0.39861530351734337,0.6927528671446431,0.296506432982719,0.39861530351734337,0.9892593001273622,1.0913681706619864,0.6951217365000624,1.3878746036447056,1.9139952462789094,3.591373161764638,1.2425314537616607,1.9139952462789094,3.591373161764638,1.2425314537616607,5.505368408043547,3.15652670004057,4.833904615526299,6.747899861805208
212,5300,Normal Traffic,0.64,0.8780270551368036,0.3338646689695401,0.3622547535399456,0.8780270551368036,0.3338646689695401,0.3622547535399456,1.2118917241063436,1.240281808676749,0.6961194225094857,1.5741464776462892,3.0314473754463673,4.3108553235896245,0.9173040266264704,3.0314473754463673,4.3108553235896245,0.9173040266264704,7.342302699035992,3.948751402072838,5.228159350216095,8.259606725662461
213,5325,Blackhole Attack,0.92,0.7469661601040508,0.2696707114514513,0.40562407277707996,0.7469661601040508,0.2696707114514513,0.40562407277707996,1.016636871555502,1.1525902328811308,0.6752947842285313,1.422260944332582,2.2409741973308104,3.074544076251578,1.30522148444451,2.2409741973308104,3.074544076251578,1.30522148444451,5.315518273582388,3.5461956817753206,4.379765560696088,6.620739758026898
214,5350,Wormhole Attack,0.8,0.9250848628303584,0.2758713964788016,0.3161876370562341,0.9250848628303584,0.2758713964788016,0.3161876370562341,1.20095625930916,1.2412724998865925,0.5920590335350358,1.5171438963653943,3.315269142369133,3.193963051758014,0.5052560851391225,3.315269142369133,3.193963051758014,0.5052560851391225,6.509232194127147,3.8205252275082557,3.6992191368971366,7.01448827926627
215,5375,Flooding Attack,0.8,0.802562105009883,0.2906878151840824,0.3947970648286513,0.802562105009883,0.2906878151840824,0.3947970648286513,1.0932499201939654,1.1973591698385344,0.6854848800127337,1.4880469850226166,2.5762923961655426,3.4793124179416894,1.208379166579996,2.5762923961655426,3.4793124179416894,1.208379166579996,6.055604814107232,3.7846715627455385,4.687691584521685,7.263983980687228
216,5400,Blackhole Attack,0.96,0.8262720948098125,0.26581019689855984,0.5148433584525747,0.8262720948098125,0.26581019689855984,0.5148433584525747,1.0920822917083723,1.341115453262387,0.7806535553511345,1.606925650160947,2.719295471076285,3.0001944373325724,2.282134850602747,2.719295471076285,3.0001944373325724,2.282134850602747,5.719489908408857,5.001430321679032,5.282329287935319,8.001624759011603
217,5425,Normal Traffic,0.72,0.7793909340492972,0.2000349449877765,0.5318802397442207,0.7793909340492972,0.2000349449877765,0.5318802397442207,0.9794258790370737,1.3112711737935179,0.7319151847319972,1.5113061187812944,2.4365391223511383,1.7334290457319614,2.4345214639057358,2.4365391223511383,1.7334290457319614,2.4345214639057358,4.1699681680831,4.871060586256874,4.167950509637697,6.6044896319888355
218,5450,Blackhole Attack,0.92,0.636332425514055,0.25858970043560836,0.4817853597089275,0.636332425514055,0.25858970043560836,0.4817853597089275,0.8949221259496634,1.1181177852229824,0.7403750601445358,1.3767074856585908,1.57370422510689,2.861134916255436,1.9864471372893369,1.57370422510689,2.861134916255436,1.9864471372893369,4.434839141362326,3.560151362396227,4.847582053544773,6.421286278651662
219,5475,Wormhole Attack,0.84,0.785537064239137,0.23129732053751142,0.6636549079588014,0.785537064239137,0.23129732053751142,0.6636549079588014,1.0168343847766486,1.4491919721979385,0.8949522284963128,1.68048929273545,2.4736085400676937,2.33551104853966,3.61318175181837,2.4736085400676937,2.33551104853966,3.61318175181837,4.809119588607354,6.086790291886064,5.94869280035803,8.422301340425724
220,5500,Sybil Attack,0.84,0.7256903571995506,0.2655654681632088,0.4820067651249871,0.7256903571995506,0.2655654681632088,0.4820067651249871,0.9912558253627594,1.2076971223245376,0.7475722332881959,1.4732625904877463,2.1126525378863388,2.9954812073065837,1.9884275010039567,2.1126525378863388,2.9954812073065837,1.9884275010039567,5.108133745192923,4.101080038890295,4.9839087083105404,7.096561246196879
221,5525,Flooding Attack,0.92,0.750569576910407,0.28222922186152866,0.3532057805903068,0.750569576910407,0.28222922186152866,0.3532057805903068,1.0327987987719358,1.1037753575007139,0.6354350024518354,1.3860045793622426,2.26270763913497,3.3164083929267973,0.8363653666651565,2.26270763913497,3.3164083929267973,0.8363653666651565,5.579116032061767,3.0990730058001263,4.152773759591954,6.415481398726924
222,5550,Blackhole Attack,0.72,0.790583548784921,0.21088384375274435,0.4945689933650522,0.790583548784921,0.21088384375274435,0.4945689933650522,1.0014673925376654,1.2851525421499732,0.7054528371177966,1.4960363859027175,2.5040456180093633,1.9423679565411625,2.1007905200490775,2.5040456180093633,1.9423679565411625,2.1007905200490775,4.446413574550526,4.604836138058441,4.04315847659024,6.5472040945996035
223,5575,Blackhole Attack,0.76,0.7958274323100737,0.24230286610242405,0.5495058515793712,0.7958274323100737,0.24230286610242405,0.5495058515793712,1.0381302984124978,1.345333283889445,0.7918087176817952,1.587636149991869,2.535673276852677,2.547466819628532,2.5921739854543047,2.535673276852677,2.547466819628532,2.5921739854543047,5.083140096481209,5.1278472623069815,5.139640805082837,7.675314081935514
224,5600,Sybil Attack,0.84,0.6440857159381188,0.3150123344307114,0.3171915081122982,0.6440857159381188,0.3150123344307114,0.3171915081122982,0.9590980503688302,0.961277224050417,0.6322038425430097,1.2762895584811285,1.6204669770385858,3.94777826571598,0.5142352232693805,1.6204669770385858,3.94777826571598,0.5142352232693805,5.568245242754566,2.1347022003079665,4.46201348898536,6.082480466023947
225,5625,Blackhole Attack,0.76,0.9344606287830232,0.2738703676942552,0.3268466790055493,0.9344606287830232,0.2738703676942552,0.3268466790055493,1.2083309964772784,1.2613073077885724,0.6007170466998045,1.5351776754828277,3.3718176003055635,3.155425244022998,0.6005960288709071,3.3718176003055635,3.155425244022998,0.6005960288709071,6.527242844328562,3.9724136291764705,3.7560212728939053,7.127838873199469
226,5650,Wormhole Attack,0.88,0.9773490362974424,0.18226742827920783,0.44245481752626314,0.9773490362974424,0.18226742827920783,0.44245481752626314,1.1596164645766502,1.4198038538237054,0.624722245805471,1.6020712821029135,3.6304922857162336,1.3912444914009656,1.6346545750247043,3.6304922857162336,1.3912444914009656,1.6346545750247043,5.0217367771172,5.265146860740938,3.02589906642567,6.656391352141904
227,5675,Blackhole Attack,0.84,0.6608304880553673,0.28037060503533195,0.3954208823370059,0.6608304880553673,0.28037060503533195,0.3954208823370059,0.9412010930906992,1.0562513703923733,0.6757914873723379,1.3366219754277051,1.7214604368271393,3.280613296697199,1.2139589106534536,1.7214604368271393,3.280613296697199,1.2139589106534536,5.002073733524338,2.935419347480593,4.494572207350653,6.216032644177792
228,5700,Blackhole Attack,0.88,0.9458254965558222,0.23868790424262276,0.547409641535529,0.9458254965558222,0.23868790424262276,0.547409641535529,1.184513400798445,1.493235138091351,0.7860975457781517,1.731923042333974,3.4403630130694736,2.477846279335296,2.573424406591567,3.4403630130694736,2.477846279335296,2.573424406591567,5.91820929240477,6.013787419661041,5.051270685926863,8.491633698996337
229,5725,Sybil Attack,0.76,1.0245376684093703,0.3162942218451329,0.28679592896411404,1.0245376684093703,0.3162942218451329,0.28679592896411404,1.3408318902545031,1.3113335973734843,0.603090150809247,1.627627819218617,3.9151030995453295,3.972466131825867,0.24236155775021456,3.9151030995453295,3.972466131825867,0.24236155775021456,7.887569231371197,4.157464657295544,4.214827689576081,8.129930789121412
230,5750,Wormhole Attack,0.76,0.760665899517569,0.24840705093964183,0.6351885942283152,0.760665899517569,0.24840705093964183,0.6351885942283152,1.009072950457211,1.395854493745884,0.883595645167957,1.6442615446855262,2.32360202122025,2.665027298244548,3.3585644267134396,2.32360202122025,2.665027298244548,3.3585644267134396,4.988629319464798,5.68216644793369,6.023591724957988,8.347193746178238
231,5775,Blackhole Attack,0.72,0.8708584294214733,0.2699963440098301,0.491991469437485,0.8708584294214733,0.2699963440098301,0.491991469437485,1.1408547734313035,1.3628498988589584,0.761987813447315,1.6328462428687884,2.9882109367626404,3.0808154327777704,2.0777358226954026,2.9882109367626404,3.0808154327777704,2.0777358226954026,6.069026369540411,5.065946759458043,5.1585512554731725,8.146762192235814
232,5800,Sybil Attack,0.88,0.685336336966374,0.2930280779102585,0.33582804985382014,0.685336336966374,0.2930280779102585,0.33582804985382014,0.9783644148766324,1.021164386820194,0.6288561277640786,1.3141924647304526,1.8692636108117378,3.524383531204682,0.680930020929494,1.8692636108117378,3.524383531204682,0.680930020929494,5.39364714201642,2.550193631741232,4.205313552134176,6.074577162945913
233,5825,Normal Traffic,0.68,0.8655259793209974,0.2583293719591728,0.3599762164515245,0.8655259793209974,0.2583293719591728,0.3599762164515245,1.1238553512801701,1.2255021957725218,0.6183055884106974,1.4838315677316947,2.9560491025479996,2.8561212508597644,0.8969236210671504,2.9560491025479996,2.8561212508597644,0.8969236210671504,5.812170353407764,3.85297272361515,3.7530448719269147,6.709093974474914
234,5850,Blackhole Attack,0.84,0.8362055349798077,0.2803485033908853,0.3012637537631866,0.8362055349798077,0.2803485033908853,0.3012637537631866,1.116554038370693,1.1374692887429942,0.5816122571540718,1.4178177921338795,2.7792074533562365,3.280187641188947,0.37176921078543995,2.7792074533562365,3.280187641188947,0.37176921078543995,6.0593950945451835,3.1509766641416763,3.651956851974387,6.431164305330624
235,5875,Flooding Attack,0.84,0.6986189110286825,0.25925524958378054,0.5459688478646625,0.6986189110286825,0.25925524958378054,0.5459688478646625,0.957874160612463,1.244587758893345,0.805224097448443,1.5038430084771255,1.9493753674876277,2.873952725428669,2.5605372082708637,1.9493753674876277,2.873952725428669,2.5605372082708637,4.823328092916297,4.5099125757584915,5.434489933699533,7.383865301187161
236,5900,Wormhole Attack,0.84,0.7342787644816623,0.22529969172469985,0.5328289307173761,0.7342787644816623,0.22529969172469985,0.5328289307173761,0.9595784562063622,1.2671076951990385,0.758128622442076,1.4924073869237384,2.164452165819179,2.2200027320980653,2.4430070430440463,2.164452165819179,2.2200027320980653,2.4430070430440463,4.384454897917244,4.607459208863226,4.663009775142111,6.827461940961291
237,5925,Sybil Attack,0.76,0.7756038639944183,0.2272459297024101,0.43733027104337396,0.7756038639944183,0.2272459297024101,0.43733027104337396,1.0028497936968284,1.2129341350377922,0.664576200745784,1.4401800647402023,2.413698004859317,2.2574853238382864,1.5888180002506498,2.413698004859317,2.2574853238382864,1.5888180002506498,4.671183328697603,4.002516005109967,3.846303324088936,6.2600013289482535
238,5950,Wormhole Attack,0.8,0.8793604834169283,0.27699828840591706,0.3507183975127922,0.8793604834169283,0.27699828840591706,0.3507183975127922,1.1563587718228454,1.2300788809297205,0.6277166859187093,1.5070771693356377,3.03948973842669,3.2156658602136963,0.8141169353542292,3.03948973842669,3.2156658602136963,0.8141169353542292,6.255155598640386,3.853606673780919,4.029782795567925,7.069272533994615
239,5975,Blackhole Attack,0.92,0.7245828789618033,0.25340544318085106,0.4173233465323688,0.7245828789618033,0.25340544318085106,0.4173233465323688,0.9779883221426544,1.141906225494172,0.6707287897132199,1.3953116686750233,2.1059729570543357,2.7612913203633416,1.4098657955219838,2.1059729570543357,2.7612913203633416,1.4098657955219838,4.867264277417677,3.5158387525763195,4.171157115885325,6.277130072939661
240,6000,Sybil Attack,0.76,0.9267880423907976,0.3432894836694017,0.4245453440776289,0.9267880423907976,0.3432894836694017,0.4245453440776289,1.2700775260601993,1.3513333864684265,0.7678348277470306,1.6946228701378283,3.325541602050607,4.492367803393234,1.4744630494656574,3.325541602050607,4.492367803393234,1.4744630494656574,7.817909405443841,4.800004651516264,5.966830852858892,9.292372454909499
241,6025,Blackhole Attack,0.8,0.8430962329087905,0.27849337883503356,0.47467501893360425,0.8430962329087905,0.27849337883503356,0.47467501893360425,1.1215896117438242,1.3177712518423947,0.7531683977686379,1.5962646306774284,2.8207676143027656,3.244459802584103,1.922848598822502,2.8207676143027656,3.244459802584103,1.922848598822502,6.065227416886868,4.743616213125268,5.167308401406605,7.98807601570937
242,6050,Blackhole Attack,0.92,0.6966300062150107,0.2783865518602412,0.4059858661716002,0.6966300062150107,0.2783865518602412,0.4059858661716002,0.9750165580752519,1.1026158723866109,0.6843724180318413,1.3810024242468522,1.9373796008736461,3.2424024221769567,1.3084575503161062,1.9373796008736461,3.2424024221769567,1.3084575503161062,5.179782023050603,3.245837151189752,4.550859972493063,6.488239573366709
243,6075,Normal Traffic,0.72,0.6371496184697134,0.23313859632683245,0.5566738100240145,0.6371496184697134,0.23313859632683245,0.5566738100240145,0.8702882147965458,1.193823428493728,0.7898124063508469,1.4269620248205603,1.5786329959094356,2.3709721737888296,2.6562878859374504,1.5786329959094356,2.3709721737888296,2.6562878859374504,3.9496051696982653,4.234920881846886,5.02726005972628,6.605893055635716
244,6100,Normal Traffic,0.64,0.9290649304189141,0.2906210097817573,0.35507174529977154,0.9290649304189141,0.2906210097817573,0.35507174529977154,1.2196859402006714,1.2841366757186856,0.6456927550815288,1.574757685500443,3.339274294135067,3.4780258128861568,0.8530555130452724,3.339274294135067,3.4780258128861568,0.8530555130452724,6.817300107021223,4.192329807180339,4.331081325931429,7.670355620066496
245,6125,Sybil Attack,0.8,0.9030124272962887,0.2338470843172723,0.38613279102077286,0.9030124272962887,0.2338470843172723,0.38613279102077286,1.1368595116135611,1.2891452183170615,0.6199798753380452,1.522992302634334,3.1821427184956614,2.384616942004559,1.130881453253802,3.1821427184956614,2.384616942004559,1.130881453253802,5.566759660500221,4.313024171749463,3.515498395258361,6.697641113754023
246,6150,Sybil Attack,0.92,0.6494890387660317,0.27919828724563606,0.4160230331381157,0.6494890387660317,0.27919828724563606,0.4160230331381157,0.9286873260116677,1.0655120719041475,0.6952213203837518,1.3447103591497833,1.653056268963513,3.2580356316818104,1.3982351249203226,1.653056268963513,3.2580356316818104,1.3982351249203226,4.9110919006453235,3.0512913938838357,4.656270756602133,6.309327025565646
247,6175,Wormhole Attack,0.8,0.8480968892870295,0.2681814845121853,0.4774592075523283,0.8480968892870295,0.2681814845121853,0.4774592075523283,1.1162783737992148,1.3255560968393578,0.7456406920645136,1.593737581351543,2.850928286858699,3.0458630588157156,1.9477518112791221,2.850928286858699,3.0458630588157156,1.9477518112791221,5.896791345674415,4.7986800981378215,4.993614870094838,7.844543156953537
248,6200,Sybil Attack,0.8,0.8809643356016346,0.32259856972759887,0.31523796796141995,0.8809643356016346,0.32259856972759887,0.31523796796141995,1.2035629053292334,1.1962023035630545,0.6378365376890188,1.5188008732906533,3.0491631206613796,4.0938815499674925,0.4967617571785113,3.0491631206613796,4.0938815499674925,0.4967617571785113,7.143044670628872,3.545924877839891,4.590643307146004,7.639806427807383
249,6225,Blackhole Attack,0.76,0.8952281514639024,0.2240197751999251,0.5144801089542722,0.8952281514639024,0.2240197751999251,0.5144801089542722,1.1192479266638276,1.4097082604181748,0.7384998841541973,1.6337280356180996,3.1351930829463486,2.195352823346343,2.2788857605913337,3.1351930829463486,2.195352823346343,2.2788857605913337,5.330545906292691,5.414078843537682,4.474238583937677,7.609431666884025
250,6250,Wormhole Attack,0.84,0.6033868251741762,0.22341495616434043,0.5458584715292607,0.6033868251741762,0.22341495616434043,0.5458584715292607,0.8268017813385167,1.149245296703437,0.7692734276936011,1.3726602528677774,1.3749980175910568,2.183704615240669,2.559549945657904,1.3749980175910568,2.183704615240669,2.559549945657904,3.558702632831726,3.934547963248961,4.743254560898573,6.11825257848963
251,6275,Wormhole Attack,0.84,0.6582467227464844,0.25233730253853015,0.5551793442633618,0.6582467227464844,0.25233730253853015,0.5551793442633618,0.9105840252850146,1.2134260670098462,0.807516646801892,1.4657633695483763,1.7058768626824112,2.7407200027363188,2.6429206168895165,1.7058768626824112,2.7407200027363188,2.6429206168895165,4.44659686541873,4.348797479571928,5.383640619625835,7.0895174823082465
252,6300,Sybil Attack,0.76,0.8424570462365459,0.30086667568557823,0.32857230966560463,0.8424570462365459,0.30086667568557823,0.32857230966560463,1.1433237219221242,1.1710293559021505,0.6294389853511828,1.4718960315877287,2.8169124604058537,3.6753470637187204,0.6160309554631687,2.8169124604058537,3.6753470637187204,0.6160309554631687,6.492259524124574,3.4329434158690226,4.291378019181889,7.108290479587742
253,6325,Wormhole Attack,0.76,0.9242213233346505,0.28090297608582265,0.47269412755983625,0.9242213233346505,0.28090297608582265,0.47269412755983625,1.2051242994204732,1.3969154508944868,0.7535971036456589,1.6778184269803094,3.3100608396986075,3.29086622926166,1.905130489351514,3.3100608396986075,3.29086622926166,1.905130489351514,6.600927068960267,5.215191329050121,5.195996718613174,8.506057558311781
254,6350,Flooding Attack,0.76,0.9292472136184744,0.18574250698584688,0.46309242784168647,0.9292472136184744,0.18574250698584688,0.46309242784168647,1.1149897206043213,1.3923396414601608,0.6488349348275333,1.5780821484460077,3.340373706587862,1.4581710224407785,1.819247957393123,3.340373706587862,1.4581710224407785,1.819247957393123,4.798544729028641,5.159621663980985,3.2774189798339015,6.6177926864217635
255,6375,Flooding Attack,0.84,0.8262083126829806,0.2742852516114955,0.4644031668040618,0.8262083126829806,0.2742852516114955,0.4644031668040618,1.100493564294476,1.2906114794870422,0.7386884184155573,1.5648967310985378,2.7189107792084997,3.163415492218543,1.8309718796287373,2.7189107792084997,3.163415492218543,1.8309718796287373,5.882326271427043,4.549882658837237,4.99438737184728,7.713298151055779
256,6400,Normal Traffic,0.72,0.9858174977314066,0.2447408493496456,0.3854458661657461,0.9858174977314066,0.2447408493496456,0.3854458661657461,1.2305583470810522,1.3712633638971528,0.6301867155153917,1.6160042132467982,3.681568479128325,2.594419932131565,1.1247372446713015,3.681568479128325,2.594419932131565,1.1247372446713015,6.27598841125989,4.8063057237996265,3.7191571768028666,7.400725655931192
257,6425,Blackhole Attack,0.92,0.888304757099211,0.29402226653920466,0.5171317480232264,0.888304757099211,0.29402226653920466,0.5171317480232264,1.1823270236384156,1.4054365051224373,0.811154014562431,1.699458771661642,3.093435718589594,3.5435306072140618,2.3026033818215734,3.093435718589594,3.5435306072140618,2.3026033818215734,6.636966325803655,5.396039100411167,5.846133989035636,8.939569707625228
258,6450,Normal Traffic,0.68,0.8455959588260551,0.3139521783522648,0.2933013595194734,0.8455959588260551,0.3139521783522648,0.2933013595194734,1.1595481371783198,1.1388973183455284,0.6072535378717382,1.4528494966977932,2.835844318072751,3.9273607227821605,0.30054946863828824,2.835844318072751,3.9273607227821605,0.30054946863828824,6.763205040854912,3.1363937867110394,4.227910191420449,7.0637545094932
259,6475,Wormhole Attack,0.84,0.7809843369266121,0.1662743927405112,0.5676182338822494,0.7809843369266121,0.1662743927405112,0.5676182338822494,0.9472587296671233,1.3486025708088616,0.7338926266227606,1.5148769635493728,2.4461494812315263,1.0832346649309867,2.754180431982637,2.4461494812315263,1.0832346649309867,2.754180431982637,3.529384146162513,5.200329913214164,3.837415096913624,6.28356457814515
260,6500,Sybil Attack,0.76,0.7466958331934224,0.3356749449855606,0.3692932325991208,0.7466958331934224,0.3356749449855606,0.3692932325991208,1.082370778178983,1.115989065792543,0.7049681775846814,1.4516640107781038,2.2393437630802184,4.345719424291966,0.9802597970090253,2.2393437630802184,4.345719424291966,0.9802597970090253,6.585063187372184,3.2196035600892436,5.325979221300991,7.5653229843812095
261,6525,Sybil Attack,0.84,0.7075468266371652,0.13804373354574023,0.42537080140765243,0.7075468266371652,0.13804373354574023,0.42537080140765243,0.8455905601829055,1.1329176280448177,0.5634145349533927,1.270961361590558,2.0032226865008327,0.5395404788788525,1.4818463636295058,2.0032226865008327,0.5395404788788525,1.4818463636295058,2.542763165379685,3.4850690501303383,2.0213868425083583,4.024609529009191
262,6550,Blackhole Attack,0.76,0.9228027603535205,0.2178942400384983,0.7075895106838357,0.9228027603535205,0.2178942400384983,0.7075895106838357,1.1406970003920187,1.6303922710373562,0.925483750722334,1.8482865110758544,3.3015050001572197,2.077381158896419,4.0061553953785385,3.3015050001572197,2.077381158896419,4.0061553953785385,5.378886159053639,7.307660395535758,6.083536554274957,9.385041554432178
263,6575,Sybil Attack,0.8,0.8372466219963879,0.3061467943777214,0.4109235481540963,0.8372466219963879,0.3061467943777214,0.4109235481540963,1.1433934163741093,1.2481701701504841,0.7170703425318177,1.5543169645282056,2.7854866059782704,3.7770368547638826,1.352622713059168,2.7854866059782704,3.7770368547638826,1.352622713059168,6.5625234607421525,4.138109319037438,5.129659567823051,7.91514617380132
264,6600,Sybil Attack,0.76,0.8763160226667495,0.282438465084601,0.33939060866142945,0.8763160226667495,0.282438465084601,0.33939060866142945,1.1587544877513505,1.215706631328179,0.6218290737460305,1.49814509641278,3.021127552175478,3.320438207571591,0.7127953759842666,3.021127552175478,3.320438207571591,0.7127953759842666,6.341565759747069,3.733922928159745,4.033233583555857,7.054361135731336
265,6625,Wormhole Attack,0.8,0.9406898867290309,0.22845483349899426,0.507381753062686,0.9406898867290309,0.22845483349899426,0.507381753062686,1.1691447202280252,1.4480716397917168,0.7358365865616803,1.676526473290711,3.409388390011004,2.2807675986574627,2.2153944210778898,3.409388390011004,2.2807675986574627,2.2153944210778898,5.690155988668467,5.6247828110888936,4.496162019735353,7.905550409746357
266,6650,Blackhole Attack,0.92,0.6734453766648307,0.2179105957807428,0.49872808523785567,0.6734453766648307,0.2179105957807428,0.49872808523785567,0.8913559724455735,1.1721734619026865,0.7166386810185985,1.3900840576834292,1.7975451536925655,2.077696154090316,2.137991573109374,1.7975451536925655,2.077696154090316,2.137991573109374,3.875241307782882,3.9355367268019394,4.21568772719969,6.0132328808922555
267,6675,Blackhole Attack,0.8,0.9282759170298202,0.2045415762901227,0.4095122225354666,0.9282759170298202,0.2045415762901227,0.4095122225354666,1.1328174933199429,1.3377881395652866,0.6140537988255893,1.5423297158554095,3.334515483956814,1.8202222453119428,1.3399990921270795,3.334515483956814,1.8202222453119428,1.3399990921270795,5.154737729268756,4.674514576083894,3.1602213374390224,6.494736821395836
268,6700,Blackhole Attack,0.72,0.8739139516393067,0.26400873580029344,0.4955746131725476,0.8739139516393067,0.26400873580029344,0.4955746131725476,1.1379226874396002,1.3694885648118542,0.759583348972841,1.6334973006121478,3.006639838516515,2.9655001031064714,2.1097852999099764,3.006639838516515,2.9655001031064714,2.1097852999099764,5.972139941622986,5.116425138426491,5.075285403016448,8.081925241532963
269,6725,Blackhole Attack,0.84,0.6899770920594513,0.21825798100824123,0.3772405114318753,0.6899770920594513,0.21825798100824123,0.3772405114318753,0.9082350730676926,1.0672176034913265,0.5954984924401165,1.2854755844995678,1.8972535953633012,2.0843864452099186,1.0513443391600483,1.8972535953633012,2.0843864452099186,1.0513443391600483,3.98164004057322,2.9485979345233497,3.135730784369967,5.032984379733268
270,6750,Sybil Attack,0.84,0.9402592167892132,0.2880662009126088,0.3342579473770055,0.9402592167892132,0.2880662009126088,0.3342579473770055,1.228325417701822,1.2745171641662187,0.6223241482896142,1.5625833650788274,3.406790871994959,3.4288227560589273,0.6668862182590051,3.406790871994959,3.4288227560589273,0.6668862182590051,6.835613628053887,4.073677090253964,4.095708974317932,7.502499846312892
271,6775,Normal Traffic,0.6,0.6131496111922877,0.17441448237401572,0.43174057306685104,0.6131496111922877,0.17441448237401572,0.43174057306685104,0.7875640935663034,1.0448901842591387,0.6061550554408668,1.2193046666331544,1.4338807261905226,1.24000462829406,1.5388208717006864,1.4338807261905226,1.24000462829406,1.5388208717006864,2.6738853544845824,2.9727015978912092,2.7788254999947464,4.212706226185269
272,6800,Wormhole Attack,0.92,0.7485552873369039,0.21588437053493773,0.44325010133625503,0.7485552873369039,0.21588437053493773,0.44325010133625503,0.9644396578718416,1.191805388673159,0.6591344718711928,1.4076897592080966,2.2505587683340025,2.0386730877787675,1.6417680017337808,2.2505587683340025,2.0386730877787675,1.6417680017337808,4.28923185611277,3.8923267700677835,3.6804410895125486,5.930999857846551
273,6825,Blackhole Attack,0.84,0.8206826889727495,0.2809781490317569,0.5282413959853459,0.8206826889727495,0.2809781490317569,0.5282413959853459,1.1016608380045065,1.3489240849580955,0.8092195450171028,1.6299022339898523,2.6855838487445696,3.292313984816033,2.4019737770808267,2.6855838487445696,3.292313984816033,2.4019737770808267,5.977897833560602,5.087557625825396,5.6942877618968595,8.379871610641429
274,6850,Sybil Attack,0.92,0.9273794287617266,0.3361217951674466,0.34093786830906125,0.9273794287617266,0.3361217951674466,0.34093786830906125,1.2635012239291732,1.2683172970707879,0.6770596634765078,1.6044390922382346,3.3291084559470776,4.35432531068844,0.726634860662639,3.3291084559470776,4.35432531068844,0.726634860662639,7.683433766635517,4.055743316609717,5.080960171351078,8.410068627298156
275,6875,Normal Traffic,0.72,0.7275263823113837,0.30474160557412355,0.5419827895468644,0.7275263823113837,0.30474160557412355,0.5419827895468644,1.0322679878855072,1.269509171858248,0.846724395120988,1.5742507774323715,2.1237262346201202,3.7499743275465507,2.5248838561649647,2.1237262346201202,3.7499743275465507,2.5248838561649647,5.873700562166671,4.648610090785085,6.274858183711515,8.398584418331636
276,6900,Wormhole Attack,0.76,0.52179933288166,0.20935561348886045,0.4380272090119617,0.52179933288166,0.20935561348886045,0.4380272090119617,0.7311549463705205,0.9598265418936217,0.6473828225008221,1.1691821553824822,0.8829158880525187,1.912935774186154,1.5950517712617458,0.8829158880525187,1.912935774186154,1.5950517712617458,2.7958516622386727,2.4779676593142645,3.5079875454478997,4.3909034335004185
277,6925,Flooding Attack,0.8,0.8048281414963298,0.2566781547715549,0.3272192283826965,0.8048281414963298,0.2566781547715549,0.3272192283826965,1.0615062962678847,1.1320473698790263,0.5838973831542514,1.3887255246505812,2.589959638882905,2.824320463686382,0.603928301773427,2.589959638882905,2.824320463686382,0.603928301773427,5.414280102569287,3.193887940656332,3.428248765459809,6.018208404342714
278,6950,Blackhole Attack,0.84,0.6868490095487649,0.2154973265991058,0.5634019577232408,0.6868490095487649,0.2154973265991058,0.5634019577232408,0.9023463361478707,1.2502509672720057,0.7788992843223466,1.4657482938711115,1.878387057613715,2.0312190097068847,2.716467893307116,1.878387057613715,2.0312190097068847,2.716467893307116,3.9096060673206,4.594854950920831,4.747686903014001,6.626073960627716
279,6975,Normal Traffic,0.6,0.9239362757903021,0.32076757824388147,0.344174667711079,0.9239362757903021,0.32076757824388147,0.344174667711079,1.2447038540341837,1.268110943501381,0.6649422459549605,1.5888785217452628,3.3083416202606606,4.058618490131025,0.755586456343269,3.3083416202606606,4.058618490131025,0.755586456343269,7.366960110391686,4.063928076603929,4.814204946474294,8.122546566734954
280,7000,Sybil Attack,0.68,0.7073183847659091,0.2845093214995651,0.4603871707043361,0.7073183847659091,0.2845093214995651,0.4603871707043361,0.9918277062654742,1.1677055554702451,0.7448964922039012,1.4522148769698102,2.00184487527849,3.360320825444477,1.7950507486307012,2.00184487527849,3.360320825444477,1.7950507486307012,5.362165700722967,3.796895623909191,5.155371574075178,7.157216449353668
281,7025,Sybil Attack,0.84,0.7326419528590504,0.2710503549862788,0.4650669813627527,0.7326419528590504,0.2710503549862788,0.4650669813627527,1.0036923078453293,1.197708934221803,0.7361173363490314,1.4687592892080819,2.1545799939178725,3.101114627209491,1.8369093778555827,2.1545799939178725,3.101114627209491,1.8369093778555827,5.255694621127363,3.991489371773455,4.938024005065074,7.092603998982946
282,7050,Blackhole Attack,0.72,0.6591792204489851,0.23657926010764105,0.32940703101148683,0.6591792204489851,0.23657926010764105,0.32940703101148683,0.8957584805566262,0.988586251460472,0.5659862911191279,1.225165511568113,1.71150107593303,2.437235907868843,0.6234971317411634,1.71150107593303,2.437235907868843,0.6234971317411634,4.148736983801873,2.3349982076741935,3.0607330396100063,4.772234115543037
283,7075,Normal Traffic,0.72,0.6661842197393694,0.3120086600205561,0.2903454286754566,0.6661842197393694,0.3120086600205561,0.2903454286754566,0.9781928797599255,0.956529648414826,0.6023540886960127,1.268538308435382,1.7537506275661352,3.889930508696636,0.2741101055432107,1.7537506275661352,3.889930508696636,0.2741101055432107,5.643681136262771,2.027860733109346,4.1640406142398465,5.917791241805982
284,7100,Blackhole Attack,0.84,0.7768976350620453,0.26416379811963164,0.3153031395104091,0.7768976350620453,0.26416379811963164,0.3153031395104091,1.041061433181677,1.0922007745724545,0.5794669376300408,1.356364572692086,2.4215011815988436,2.9684864478785964,0.49734468497287454,2.4215011815988436,2.9684864478785964,0.49734468497287454,5.3899876294774405,2.918845866571718,3.465831132851471,5.887332314450315
285,7125,Sybil Attack,0.72,0.7155560618985195,0.2787878015717009,0.28635347702905,0.7155560618985195,0.2787878015717009,0.28635347702905,0.9943438634702204,1.0019095389275696,0.5651412786007509,1.2806973404992705,2.051529129469468,3.2501300892417113,0.2384040404805002,2.051529129469468,3.2501300892417113,0.2384040404805002,5.30165921871118,2.2899331699499683,3.4885341297222117,5.54006325919168
286,7150,Blackhole Attack,0.76,0.9854793146284867,0.20555614348201812,0.476334818998896,0.9854793146284867,0.20555614348201812,0.476334818998896,1.191035458110505,1.4618141336273827,0.6818909624809142,1.667370277109401,3.6795287809248047,1.8397617920078608,1.9376947027766285,3.6795287809248047,1.8397617920078608,1.9376947027766285,5.519290572932666,5.617223483701434,3.7774564947844893,7.456985275709294
287,7175,Blackhole Attack,0.92,0.7895304685250765,0.23313954828555467,0.4091404542519837,0.7895304685250765,0.23313954828555467,0.4091404542519837,1.022670016810631,1.1986709227770602,0.6422800025375384,1.4318104710626147,2.497694130026605,2.370990507559184,1.3366738057273202,2.497694130026605,2.370990507559184,1.3366738057273202,4.868684637585789,3.8343679357539253,3.707664313286504,6.205358443313109
288,7200,Wormhole Attack,0.92,0.5967446393956582,0.19797410715008687,0.4542031524498475,0.5967446393956582,0.19797410715008687,0.4542031524498475,0.7947187465457451,1.0509477918455057,0.6521772595999343,1.2489218989955926,1.3349367185997223,1.6937393756106331,1.7397377143802681,1.3349367185997223,1.6937393756106331,1.7397377143802681,3.0286760942103554,3.0746744329799904,3.4334770899909013,4.768413808590624
289,7225,Flooding Attack,0.72,0.7073394810789355,0.1984849996875465,0.3030915520386887,0.7073394810789355,0.1984849996875465,0.3030915520386887,0.905824480766482,1.0104310331176243,0.5015765517262352,1.2089160328051707,2.0019721143729607,1.7035786535530224,0.38811797698488437,2.0019721143729607,1.7035786535530224,0.38811797698488437,3.705550767925983,2.390090091357845,2.091696630537907,4.093668744910867
290,7250,Normal Traffic,0.68,0.722877482176696,0.25090249675261483,0.38527309786275415,0.722877482176696,0.25090249675261483,0.38527309786275415,0.9737799789293109,1.1081505800394502,0.636175594615369,1.359053076792065,2.095687124530951,2.713087082139813,1.1231919162670967,2.095687124530951,2.713087082139813,1.1231919162670967,4.808774206670764,3.218879040798048,3.8362789984069097,5.93196612293786
291,7275,Wormhole Attack,0.84,0.8395361848166732,0.24885315460450388,0.4423951240052745,0.8395361848166732,0.24885315460450388,0.4423951240052745,1.0883893394211772,1.2819313088219477,0.6912482786097783,1.5307844634264516,2.799295744078494,2.6736188074717564,1.6341206455252921,2.799295744078494,2.6736188074717564,1.6341206455252921,5.47291455155025,4.433416389603786,4.3077394529970485,7.107035197075542
292,7300,Sybil Attack,0.88,0.8313167242831161,0.2898093643806206,0.3877011368219294,0.8313167242831161,0.2898093643806206,0.3877011368219294,1.1211260886637366,1.2190178611050455,0.67751050120255,1.508827225485666,2.7497213604400135,3.462394336387878,1.144909543315297,2.7497213604400135,3.462394336387878,1.144909543315297,6.212115696827892,3.8946309037553104,4.607303879703175,7.357025240143189
293,7325,Wormhole Attack,0.76,0.6617394782058541,0.2090189378792118,0.46546538152088013,0.6617394782058541,0.2090189378792118,0.46546538152088013,0.8707584160850659,1.1272048597267341,0.6744843194000919,1.3362237976059461,1.7269428679745193,1.906451739566607,1.8404728734154294,1.7269428679745193,1.906451739566607,1.8404728734154294,3.6333946075411263,3.567415741389949,3.7469246129820366,5.473867480956556
294,7350,Flooding Attack,0.88,0.6387312160040287,0.33431617470792757,0.14720901073547582,0.6387312160040287,0.33431617470792757,0.14720901073547582,0.9730473907119563,0.7859402267395046,0.4815251854434034,1.120256401447432,1.588172152719997,4.319550871335669,-1.0061755052328782,1.588172152719997,4.319550871335669,-1.0061755052328782,5.907723024055666,0.5819966474871188,3.3133753661027905,4.901547518822787
295,7375,Blackhole Attack,0.84,0.9773414175493695,0.27839670408032735,0.5075621247737325,0.9773414175493695,0.27839670408032735,0.5075621247737325,1.255738121629697,1.484903542323102,0.7859588288540599,1.7633002464034295,3.630446334435335,3.2425979437550496,2.2170077582674566,3.630446334435335,3.2425979437550496,2.2170077582674566,6.873044278190385,5.847454092702792,5.459605702022506,9.090052036457841
296,7400,Normal Traffic,0.72,0.6981010127128865,0.25807136316443935,0.5007877006607427,0.6981010127128865,0.25807136316443935,0.5007877006607427,0.9561723758773258,1.1988887133736292,0.7588590638251821,1.4569600765380686,1.9462517452391637,2.8511522602074706,2.156413830893976,1.9462517452391637,2.8511522602074706,2.156413830893976,4.7974040054466345,4.102665576133139,5.007566091101447,6.95381783634061
297,7425,Sybil Attack,0.88,0.5832728886790657,0.2694286947954899,0.4257414421560854,0.5832728886790657,0.2694286947954899,0.4257414421560854,0.8527015834745556,1.0090143308351511,0.6951701369515753,1.278443025630641,1.253683972682916,3.069883078154929,1.4851615647768823,1.253683972682916,3.069883078154929,1.4851615647768823,4.323567050837845,2.7388455374597984,4.555044642931811,5.8087286156147275
298,7450,Normal Traffic,0.68,0.8931260338423995,0.27301047106698234,0.45061536928910567,0.8931260338423995,0.27301047106698234,0.45061536928910567,1.166136504909382,1.3437414031315051,0.723625840356088,1.6167518741984876,3.1225144910854667,3.1388644972962374,1.7076467397604578,3.1225144910854667,3.1388644972962374,1.7076467397604578,6.261378988381704,4.830161230845924,4.846511237056696,7.969025728142162
299,7475,Blackhole Attack,0.8,0.8342933274744806,0.3100029716217532,0.47619774111936625,0.8342933274744806,0.3100029716217532,0.47619774111936625,1.1442962990962338,1.310491068593847,0.7862007127411195,1.6204940402156,2.7676742744963287,3.8513029614637566,1.936468607843952,2.7676742744963287,3.8513029614637566,1.936468607843952,6.618977235960085,4.704142882340281,5.787771569307709,8.555445843804037
300,7500,Blackhole Attack,0.84,0.994916505738907,0.2366076948674084,0.6448277459012712,0.994916505738907,0.2366076948674084,0.6448277459012712,1.2315242006063154,1.6397442516401783,0.8814354407686796,1.8763519465075866,3.7364477150406867,2.4377835328272486,3.444781948184101,3.7364477150406867,2.4377835328272486,3.444781948184101,6.174231247867935,7.181229663224787,5.8825654810113495,9.619013196052036
301,7525,Blackhole Attack,0.72,0.9269164516835783,0.24481623223574253,0.4211294714265631,0.9269164516835783,0.24481623223574253,0.4211294714265631,1.1717326839193207,1.3480459231101414,0.6659457036623057,1.592862155345884,3.326316082506723,2.5958717309229415,1.443909730706228,3.326316082506723,2.5958717309229415,1.443909730706228,5.922187813429664,4.770225813212951,4.03978146162917,7.366097544135892
302,7550,Normal Traffic,0.68,0.8331722711539101,0.25286345099015933,0.47828976395981937,0.8331722711539101,0.25286345099015933,0.47828976395981937,1.0860357221440695,1.3114620351137294,0.7311532149499786,1.5643254861038889,2.76091279959303,2.750853094286802,1.955180734209795,2.76091279959303,2.750853094286802,1.955180734209795,5.511765893879832,4.716093533802825,4.706033828496597,7.466946628089627
303,7575,Sybil Attack,0.84,0.7210784455213572,0.27482747680399033,0.3717379763035192,0.7210784455213572,0.27482747680399033,0.3717379763035192,0.9959059223253476,1.0928164218248764,0.6465654531075096,1.3676438986288668,2.0848365178558126,3.173858205676154,1.0021268398750076,2.0848365178558126,3.173858205676154,1.0021268398750076,5.258694723531967,3.08696335773082,4.175985045551162,6.260821563406974
304,7600,Normal Traffic,0.64,0.8811206206415396,0.29946155750147546,0.29476337822932713,0.8811206206415396,0.29946155750147546,0.29476337822932713,1.180582178143015,1.1758839988708667,0.5942249357308026,1.475345556372342,3.0501057293026133,3.648285896562046,0.313626514604997,3.0501057293026133,3.648285896562046,0.313626514604997,6.698391625864659,3.3637322439076103,3.961912411167043,7.012018140469656
305,7625,Sybil Attack,0.84,0.7747251562749133,0.23126841915709073,0.3521665903051946,0.7747251562749133,0.23126841915709073,0.3521665903051946,1.005993575432004,1.126891746580108,0.5834350094622853,1.3581601657371984,2.4083982174322727,2.3349544369354036,0.8270703152167871,2.4083982174322727,2.3349544369354036,0.8270703152167871,4.743352654367676,3.23546853264906,3.162024752152191,5.570422969584463
306,7650,Blackhole Attack,0.72,0.8106346398655812,0.19858966802462286,0.41607112411864916,0.8106346398655812,0.19858966802462286,0.41607112411864916,1.0092243078902041,1.2267057639842303,0.6146607921432721,1.4252954320088533,2.624980620683143,1.705594460762466,1.3986652753409576,2.624980620683143,1.705594460762466,1.3986652753409576,4.330575081445609,4.0236458960241,3.1042597361034234,5.729240356786566
307,7675,Flooding Attack,0.88,0.7338823141970738,0.28065480796373715,0.3812102607562087,0.7338823141970738,0.28065480796373715,0.3812102607562087,1.014537122160811,1.1150925749532825,0.6618650687199459,1.3957473829170197,2.1620610382723613,3.286086760096223,1.0868518152550786,2.1620610382723613,3.286086760096223,1.0868518152550786,5.448147798368584,3.2489128535274396,4.372938575351301,6.534999613623663
308,7700,Blackhole Attack,0.84,0.6580618169705273,0.21497758972668782,0.5971229343018871,0.6580618169705273,0.21497758972668782,0.5971229343018871,0.8730394066972151,1.2551847512724144,0.8121005240285749,1.4701623409991023,1.7047616325724977,2.0212093987424007,3.018085620761085,1.7047616325724977,2.0212093987424007,3.018085620761085,3.7259710313148986,4.722847253333582,5.039295019503486,6.744056652075983
309,7725,Blackhole Attack,0.84,0.6777552446694616,0.24303200779270032,0.5243682971594336,0.6777552446694616,0.24303200779270032,0.5243682971594336,0.9207872524621619,1.2021235418288951,0.7674003049521338,1.4451555496215955,1.8235394448045537,2.5615093573913366,2.367330792665717,1.8235394448045537,2.5615093573913366,2.367330792665717,4.38504880219589,4.19087023747027,4.928840150057054,6.752379594861607
310,7750,Blackhole Attack,0.84,0.890386783388074,0.2547130363084247,0.5016163164348257,0.890386783388074,0.2547130363084247,0.5016163164348257,1.1450998196964988,1.3920030998228996,0.7563293527432504,1.6467161361313245,3.1059931327371655,2.7864742527305455,2.163825395803092,3.1059931327371655,2.7864742527305455,2.163825395803092,5.892467385467711,5.269818528540258,4.950299648533638,8.056292781270804
311,7775,Wormhole Attack,0.8,0.595163882580554,0.23056599272436723,0.4248385626820111,0.595163882580554,0.23056599272436723,0.4248385626820111,0.8257298753049211,1.0200024452625651,0.6554045554063783,1.2505684379869322,1.325402632454873,2.321426408242689,1.4770857472067715,1.325402632454873,2.321426408242689,1.4770857472067715,3.646829040697562,2.8024883796616447,3.798512155449461,5.123914787904334
312,7800,Blackhole Attack,0.76,0.8551113519385455,0.26304825856690833,0.4162545630074754,0.8551113519385455,0.26304825856690833,0.4162545630074754,1.1181596105054539,1.2713659149460208,0.6793028215743837,1.5344141735129293,2.893234915266288,2.9470022747694116,1.4003060469433282,2.893234915266288,2.9470022747694116,1.4003060469433282,5.840237190035699,4.293540962209616,4.34730832171274,7.240543236979027
313,7825,Sybil Attack,0.76,0.636975074751409,0.2849650111540729,0.2928539812469547,0.636975074751409,0.2849650111540729,0.2928539812469547,0.9219400859054819,0.9298290559983637,0.5778189924010276,1.2147940671524367,1.577580262920746,3.3690969512193187,0.29654788767711254,1.577580262920746,3.3690969512193187,0.29654788767711254,4.946677214140065,1.8741281505978586,3.6656448388964313,5.243225101817178
314,7850,Blackhole Attack,0.76,0.8340483699266255,0.2719904418957414,0.5448609763585062,0.8340483699266255,0.2719904418957414,0.5448609763585062,1.106038811822367,1.3789093462851316,0.8168514182542476,1.6508997881808731,2.766196851567788,3.119219758355462,2.550627836719345,2.766196851567788,3.119219758355462,2.550627836719345,5.885416609923251,5.316824688287133,5.669847595074807,8.436044446642596
315,7875,Sybil Attack,0.8,0.8700954270003185,0.26982282292296733,0.2763754461060549,0.8700954270003185,0.26982282292296733,0.2763754461060549,1.1399182499232858,1.1464708731063733,0.5461982690290222,1.4162936960293409,2.9836090076470994,3.0774735906537933,0.14915540901100158,2.9836090076470994,3.0774735906537933,0.14915540901100158,6.061082598300892,3.132764416658101,3.2266289996647948,6.210238007311894
316,7900,Normal Traffic,0.64,0.5760313959692048,0.17334944203522817,0.39265549830560137,0.5760313959692048,0.17334944203522817,0.39265549830560137,0.749380838004433,0.9686868942748061,0.5660049403408296,1.1420363363100343,1.21000804818054,1.2194930194040685,1.1892238960804207,1.21000804818054,1.2194930194040685,1.1892238960804207,2.4295010675846083,2.3992319442609604,2.408716915484489,3.618724963665029
317,7925,Normal Traffic,0.64,0.89959637089921,0.2869560410917916,0.32011987328890634,0.89959637089921,0.2869560410917916,0.32011987328890634,1.1865524119910016,1.2197162441881164,0.607075914380698,1.506672285279908,3.161539311536278,3.4074421911913952,0.5404280248824632,3.161539311536278,3.4074421911913952,0.5404280248824632,6.568981502727674,3.701967336418741,3.9478702160738584,7.109409527610137
318,7950,Normal Traffic,0.72,0.8968389825900573,0.258609097140784,0.32475118597156916,0.8968389825900573,0.258609097140784,0.32475118597156916,1.1554480797308413,1.2215901685616264,0.5833602831123532,1.4801992657024106,3.1449085575688964,2.861508477345873,0.5818528633125006,3.1449085575688964,2.861508477345873,0.5818528633125006,6.00641703491477,3.726761420881397,3.443361340658374,6.588269898227271
319,7975,Sybil Attack,0.76,0.869228817531851,0.3334077422073367,0.3540250213021692,0.869228817531851,0.3334077422073367,0.3540250213021692,1.2026365597391877,1.2232538388340202,0.6874327635095059,1.5566615810413569,2.9783821889186495,4.302055372361152,0.843693076204452,2.9783821889186495,4.302055372361152,0.843693076204452,7.280437561279801,3.8220752651231016,5.1457484485656035,8.124130637484253
320,8000,Blackhole Attack,0.88,0.7244990435716302,0.2806790841816944,0.36174755460746927,0.7244990435716302,0.2806790841816944,0.36174755460746927,1.0051781277533247,1.0862465981790994,0.6424266387891637,1.366925682360794,2.105467317082229,3.286554295709601,0.9127673789696686,2.105467317082229,3.286554295709601,0.9127673789696686,5.3920216127918295,3.0182346960518975,4.19932167467927,6.304788991761498
321,8025,Normal Traffic,0.72,0.9584917378606028,0.26086461203988975,0.4928916236476474,0.9584917378606028,0.26086461203988975,0.4928916236476474,1.2193563499004925,1.4513833615082503,0.7537562356875371,1.71224797354814,3.5167574556411223,2.904947432445615,2.085787264105887,3.5167574556411223,2.904947432445615,2.085787264105887,6.421704888086737,5.6025447197470095,4.9907346965515025,8.507492152192624
322,8050,Wormhole Attack,0.8,0.825384162448366,0.2609959376928516,0.42286671999241454,0.825384162448366,0.2609959376928516,0.42286671999241454,1.0863801001412177,1.2482508824407805,0.6838626576852662,1.5092468201336322,2.713940046672012,2.907476632826741,1.4594485738127647,2.713940046672012,2.907476632826741,1.4594485738127647,5.621416679498753,4.1733886204847765,4.366925206639506,7.080865253311518
323,8075,Wormhole Attack,0.84,0.5858173504264382,0.28579238838417753,0.4564626004312168,0.5858173504264382,0.28579238838417753,0.4564626004312168,0.8716097388106158,1.042279950857655,0.7422549888153943,1.3280723392418325,1.2690304935771646,3.385031406967455,1.7599473771654384,1.2690304935771646,3.385031406967455,1.7599473771654384,4.65406190054462,3.0289778707426027,5.144978784132894,6.414009277710058
324,8100,Normal Traffic,0.68,0.8618547704580104,0.2130764384326944,0.4267381138542147,0.8618547704580104,0.2130764384326944,0.4267381138542147,1.0749312088907048,1.2885928843122252,0.6398145522869091,1.5016693227449194,2.933906783615063,1.9845951313171055,1.4940763081534962,2.933906783615063,1.9845951313171055,1.4940763081534962,4.918501914932168,4.427983091768559,3.4786714394706015,6.4125782230856645
325,8125,Normal Traffic,0.64,0.7872651633497662,0.2416938558085345,0.5123216039716348,0.7872651633497662,0.2416938558085345,0.5123216039716348,1.0289590191583007,1.299586767321401,0.7540154597801694,1.5412806231299356,2.4840312980973582,2.53573789209095,2.2595789838127094,2.4840312980973582,2.53573789209095,2.2595789838127094,5.019769190188308,4.743610281910067,4.7953168759036595,7.279348174001017
326,8150,Wormhole Attack,0.72,0.7440731062787634,0.2527579167043121,0.4919318238007614,0.7440731062787634,0.2527579167043121,0.4919318238007614,0.9968310229830755,1.2360049300795248,0.7446897405050734,1.4887628467838367,2.223525198137246,2.748820609772415,2.0772023214974418,2.223525198137246,2.748820609772415,2.0772023214974418,4.972345807909662,4.3007275196346875,4.826022931269857,7.049548129407103
327,8175,Normal Traffic,0.76,0.673073956268652,0.27618738099083084,0.5315020241459054,0.673073956268652,0.27618738099083084,0.5315020241459054,0.9492613372594828,1.2045759804145573,0.8076894051367363,1.4807633614053883,1.7953049899815592,3.2000485965866887,2.431138509411952,1.7953049899815592,3.2000485965866887,2.431138509411952,4.995353586568248,4.226443499393511,5.631187105998641,7.426492095980199
328,8200,Normal Traffic,0.68,0.7160235753896432,0.2867536800732503,0.2882698453631948,0.7160235753896432,0.2867536800732503,0.2882698453631948,1.0027772554628935,1.004293420752838,0.5750235254364451,1.2910471008260882,2.0543488635713,3.403544920904314,0.2555450227578496,2.0543488635713,3.403544920904314,0.2555450227578496,5.457893784475614,2.3098938863291494,3.6590899436621633,5.713438807233463
329,8225,Blackhole Attack,0.72,0.8396641709604303,0.23735444533129962,0.6530324764173153,0.8396641709604303,0.23735444533129962,0.6530324764173153,1.07701861629173,1.4926966473777457,0.8903869217486149,1.7300510927090453,2.8000676723778173,2.4521651979115906,3.518169270370628,2.8000676723778173,2.4521651979115906,3.518169270370628,5.252232870289408,6.318236942748445,5.970334468282219,8.770402140660035
330,8250,Normal Traffic,0.72,0.733438836638286,0.2366834092776079,0.4586602183630657,0.733438836638286,0.2366834092776079,0.4586602183630657,0.9701222459158939,1.1920990550013517,0.6953436276406736,1.4287824642789597,2.159386273116589,2.4392417164403843,1.7796040002430777,2.159386273116589,2.4392417164403843,1.7796040002430777,4.598627989556974,3.938990273359667,4.218845716683462,6.378231989800051
331,8275,Sybil Attack,0.8,0.8477500579346726,0.28966355287266754,0.3254406958870973,0.8477500579346726,0.28966355287266754,0.3254406958870973,1.1374136108073403,1.1731907538217698,0.6151042487597649,1.4628543066944375,2.848836428098699,3.459586152966208,0.5880201940033404,2.848836428098699,3.459586152966208,0.5880201940033404,6.308422581064907,3.4368566221020393,4.047606346969548,6.896442775068247
332,8300,Sybil Attack,0.76,0.7918442617102383,0.28755305842920126,0.2874614782032813,0.7918442617102383,0.28755305842920126,0.2874614782032813,1.0793973201394396,1.0793057399135195,0.5750145366324826,1.366858798342721,2.5116494097621804,3.418940146413853,0.2483145718498553,2.5116494097621804,3.418940146413853,0.2483145718498553,5.930589556176034,2.7599639816120356,3.6672547182637083,6.178904128025889
333,8325,Wormhole Attack,0.76,0.80798999318824,0.266931518858924,0.4682827675969357,0.80798999318824,0.266931518858924,0.4682827675969357,1.074921512047164,1.2762727607851758,0.7352142864558597,1.5432042796440997,2.6090298501385947,3.0217899738142537,1.8656730209745738,2.6090298501385947,3.0217899738142537,1.8656730209745738,5.630819823952848,4.474702871113168,4.8874629947888275,7.496492844927422
334,8350,Normal Traffic,0.76,0.8050627005026675,0.30451591480761764,0.34766820926870967,0.8050627005026675,0.30451591480761764,0.34766820926870967,1.1095786153102851,1.1527309097713772,0.6521841240763273,1.457246824578995,2.5913743446435293,3.7456277497090182,0.7868344856795788,2.5913743446435293,3.7456277497090182,0.7868344856795788,6.337002094352547,3.378208830323108,4.532462235388597,7.123836580032126
335,8375,Wormhole Attack,0.96,0.5880450639928335,0.21569782987402517,0.5159985661546574,0.5880450639928335,0.21569782987402517,0.5159985661546574,0.8037428938668587,1.104043630147491,0.7316963960286826,1.319741460021516,1.282466597628793,2.0350805017147744,2.2924676213938566,1.282466597628793,2.0350805017147744,2.2924676213938566,3.3175470993435674,3.5749342190226496,4.327548123108631,5.610014720737424
336,8400,Sybil Attack,0.76,0.8381697596385028,0.29871590512542884,0.34034271415982986,0.8381697596385028,0.29871590512542884,0.34034271415982986,1.1368856647639316,1.1785124737983326,0.6390586192852588,1.4772283789237615,2.79105436549661,3.6339253795484154,0.7213114963894453,2.79105436549661,3.6339253795484154,0.7213114963894453,6.424979745045025,3.512365861886055,4.355236875937861,7.14629124143447
337,8425,Normal Traffic,0.72,0.9140137793544861,0.27886455612870936,0.4724573167953907,0.9140137793544861,0.27886455612870936,0.4724573167953907,1.1928783354831956,1.3864710961498767,0.7513218729241,1.6653356522785863,3.2484956433924297,3.251608305039316,1.903012332291557,3.2484956433924297,3.251608305039316,1.903012332291557,6.500103948431746,5.1515079756839866,5.154620637330873,8.403116280723303
338,8450,Blackhole Attack,0.8,0.8431596081344683,0.20679879244111155,0.6124261773351526,0.8431596081344683,0.20679879244111155,0.6124261773351526,1.04995840057558,1.455585785469621,0.8192249697762641,1.6623845779107325,2.8211498520102283,1.863693964816917,3.1549656834011506,2.8211498520102283,1.863693964816917,3.1549656834011506,4.684843816827145,5.976115535411379,5.018659648218067,7.839809500228296
339,8475,Sybil Attack,0.84,0.7824269050230793,0.31637825165963523,0.42761379880751016,0.7824269050230793,0.31637825165963523,0.42761379880751016,1.0988051566827146,1.2100407038305896,0.7439920504671453,1.5264189554902248,2.4548501038510926,3.9740844617870894,1.5019088839676225,2.4548501038510926,3.9740844617870894,1.5019088839676225,6.4289345656381816,3.956758987818715,5.475993345754712,7.9308434496058045
340,8500,Blackhole Attack,0.72,0.867892412158481,0.23787964359595,0.45216742187050457,0.867892412158481,0.23787964359595,0.45216742187050457,1.105772055754431,1.3200598340289855,0.6900470654664546,1.5579394776249356,2.9703218700685876,2.4622799898137213,1.7215290948992186,2.9703218700685876,2.4622799898137213,1.7215290948992186,5.432601859882309,4.691850964967806,4.18380908471294,7.154130954781528
341,8525,Flooding Attack,0.8,0.8570959275557242,0.2750430825830324,0.23570272832114195,0.8570959275557242,0.2750430825830324,0.23570272832114195,1.1321390101387565,1.092798655876866,0.5107458109041744,1.3678417384598984,2.905204571012419,3.178010556768477,-0.21464226093638838,2.905204571012419,3.178010556768477,-0.21464226093638838,6.083215127780896,2.6905623100760305,2.9633682958320886,5.868572866844508
342,8550,Normal Traffic,0.56,0.9390105188643052,0.25604692633934095,0.34679366823669605,0.9390105188643052,0.25604692633934095,0.34679366823669605,1.1950574452036462,1.2858041871010013,0.602840594576037,1.5418511134403423,3.3992595468276643,2.812163637085283,0.7790121416847067,3.3992595468276643,2.812163637085283,0.7790121416847067,6.211423183912947,4.178271688512371,3.5911757787699896,6.9904353255976535
343,8575,Flooding Attack,0.84,0.6667079352833142,0.2939986406440315,0.2568312858646897,0.6667079352833142,0.2939986406440315,0.2568312858646897,0.9607065759273457,0.9235392211480038,0.5508299265087211,1.2175378617920354,1.7569093355113778,3.5430755961653535,-0.025657594498798366,1.7569093355113778,3.5430755961653535,-0.025657594498798366,5.299984931676732,1.7312517410125794,3.517418001666555,5.274327337177933
344,8600,Sybil Attack,0.8,0.7880813725043564,0.2396655357953442,0.19504428613486988,0.7880813725043564,0.2396655357953442,0.19504428613486988,1.0277469082997006,0.9831256586392263,0.43470982193021407,1.2227911944345704,2.488954135258471,2.4966744826602194,-0.5783122426001941,2.488954135258471,2.4966744826602194,-0.5783122426001941,4.985628617918691,1.910641892658277,1.9183622400600253,4.407316375318496
345,8625,Blackhole Attack,0.84,0.7285166538931342,0.2579072516986709,0.4434302155509084,0.7285166538931342,0.2579072516986709,0.4434302155509084,0.9864239055918052,1.1719468694440427,0.7013374672495793,1.4298541211427136,2.1296989019380743,2.8479916379496903,1.643379035743404,2.1296989019380743,2.8479916379496903,1.643379035743404,4.977690539887765,3.773077937681478,4.491370673693094,6.621069575631169
346,8650,Wormhole Attack,0.76,0.8516409679382329,0.25306157817838004,0.5523155815918923,0.8516409679382329,0.25306157817838004,0.5523155815918923,1.104702546116613,1.4039565495301252,0.8053771597702724,1.6570181277085052,2.8723038399114085,2.754668825247644,2.6173056532504413,2.8723038399114085,2.754668825247644,2.6173056532504413,5.626972665159053,5.48960949316185,5.371974478498085,8.244278318409494
347,8675,Sybil Attack,0.84,0.9865512670641031,0.2870170775124114,0.44156362479723843,0.9865512670641031,0.2870170775124114,0.44156362479723843,1.2735683445765145,1.4281148918613416,0.7285807023096498,1.7151319693737528,3.6859940934679445,3.4086176914444875,1.6266832897024948,3.6859940934679445,3.4086176914444875,1.6266832897024948,7.094611784912432,5.312677383170439,5.035300981146982,8.721295074614927
348,8700,Wormhole Attack,0.72,0.7717397488184162,0.27131272864964523,0.5065508496557841,0.7717397488184162,0.27131272864964523,0.5065508496557841,1.0430524774680614,1.2782905984742003,0.7778635783054293,1.5496033271238456,2.3903922018353443,3.106167680854514,2.2079623944063314,2.3903922018353443,3.106167680854514,2.2079623944063314,5.4965598826898585,4.598354596241675,5.314130075260845,7.70452227709619
349,8725,Wormhole Attack,0.88,0.6926326811308342,0.14249219273312086,0.7424185045952433,0.6926326811308342,0.14249219273312086,0.7424185045952433,0.8351248738639551,1.4350511857260775,0.8849106973283641,1.5775433784591983,1.9132703632367416,0.625213341860282,4.31768379873205,1.9132703632367416,0.625213341860282,4.31768379873205,2.5384837050970237,6.230954161968792,4.942897140592332,6.856167503829074
350,8750,Blackhole Attack,0.8,0.9868219690713291,0.2588977202761324,0.6002660566542242,0.9868219690713291,0.2588977202761324,0.6002660566542242,1.2457196893474616,1.5870880257255533,0.8591637769303566,1.8459857460016857,3.687626790054678,2.867067069497987,3.0461993208139475,3.687626790054678,2.867067069497987,3.0461993208139475,6.554693859552665,6.733826110868625,5.913266390311934,9.600893180366612
351,8775,Sybil Attack,0.76,0.8926578195812945,0.299328944375399,0.33267527454710655,0.8926578195812945,0.299328944375399,0.33267527454710655,1.1919867639566935,1.225333094128401,0.6320042189225055,1.5246620385037999,3.1196905303996942,3.645731900739825,0.6527299798966931,3.1196905303996942,3.645731900739825,0.6527299798966931,6.76542243113952,3.7724205102963873,4.298461880636518,7.418152411036213
352,8800,Sybil Attack,0.8,0.758387750107581,0.2871887917858607,0.3658827301638832,0.758387750107581,0.2871887917858607,0.3658827301638832,1.0455765418934417,1.124270480271464,0.6530715219497438,1.411459272057325,2.3098617213093937,3.4119247361540155,0.9497545122171255,2.3098617213093937,3.4119247361540155,0.9497545122171255,5.721786457463409,3.2596162335265193,4.361679248371141,6.671540969680534
353,8825,Sybil Attack,0.84,0.9491087536395355,0.2691438971374471,0.4129467476918974,0.9491087536395355,0.2691438971374471,0.4129467476918974,1.2182526507769826,1.3620555013314328,0.6820906448293445,1.63119939846888,3.4601654618539466,3.0643981608594864,1.370719248471013,3.4601654618539466,3.0643981608594864,1.370719248471013,6.524563622713433,4.830884710324959,4.435117409330499,7.895282871184446
354,8850,Blackhole Attack,0.8,0.7486241892802783,0.2795514822080652,0.2654105686264082,0.7486241892802783,0.2795514822080652,0.2654105686264082,1.0281756714883434,1.0140347579066864,0.5449620508344735,1.2935862401147515,2.250974339570136,3.264837812470107,0.0510799152746635,2.250974339570136,3.264837812470107,0.0510799152746635,5.515812152040243,2.3020542548447995,3.315917727744771,5.566892067314907
355,8875,Flooding Attack,0.76,0.8549643528145067,0.2600704925121495,0.5315874811812563,0.8549643528145067,0.2600704925121495,0.5315874811812563,1.115034845326656,1.386551833995763,0.7916579736934057,1.6466223265079125,2.892348313166324,2.8896534866937977,2.4319028810112555,2.892348313166324,2.8896534866937977,2.4319028810112555,5.782001799860122,5.324251194177579,5.321556367705053,8.213904680871378
356,8900,Normal Traffic,0.72,0.9590312224282505,0.18539629630700707,0.5860798733571748,0.9590312224282505,0.18539629630700707,0.5860798733571748,1.1444275187352575,1.5451110957854253,0.7714761696641819,1.7305073920924323,3.5200112719730354,1.45150335195049,2.919310813972452,3.5200112719730354,1.45150335195049,2.919310813972452,4.971514623923525,6.439322085945488,4.370814165922942,7.890825437895977
357,8925,Wormhole Attack,0.76,0.6871902720211508,0.14078498275653303,0.5980873151203534,0.6871902720211508,0.14078498275653303,0.5980873151203534,0.8279752547776839,1.285277587141504,0.7388722978768865,1.4260625698980371,1.880445328549916,0.5923341897215701,3.0267115379312948,1.880445328549916,0.5923341897215701,3.0267115379312948,2.4727795182714862,4.907156866481211,3.619045727652865,5.499491056202781
358,8950,Flooding Attack,0.84,0.8665679402046448,0.27981511897039907,0.36474524281826776,0.8665679402046448,0.27981511897039907,0.36474524281826776,1.146383059175044,1.2313131830229125,0.6445603617886668,1.5111283019933117,2.962333525761827,3.269915192134592,0.9395802413921984,2.962333525761827,3.269915192134592,0.9395802413921984,6.232248717896419,3.9019137671540256,4.20949543352679,7.171828959288617
359,8975,Blackhole Attack,0.84,0.682276282634071,0.2691811710019312,0.33482830547900294,0.682276282634071,0.2691811710019312,0.33482830547900294,0.9514574536360022,1.017104588113074,0.6040094764809341,1.2862857591150052,1.8508073743221478,3.0651160181107775,0.6719877939550177,1.8508073743221478,3.0651160181107775,0.6719877939550177,4.9159233924329255,2.5227951682771654,3.7371038120657953,5.587911186387943
360,9000,Blackhole Attack,0.84,0.7594094481180848,0.22660995797426112,0.404285926736558,0.7594094481180848,0.22660995797426112,0.404285926736558,0.9860194060923458,1.1636953748546428,0.6308958847108191,1.390305332828904,2.316023932190339,2.245237146114113,1.293252419230683,2.316023932190339,2.245237146114113,1.293252419230683,4.561261078304453,3.609276351421022,3.538489565344796,5.854513497535136
361,9025,Blackhole Attack,0.76,0.8552514542550768,0.24478588664413725,0.2815501058576653,0.8552514542550768,0.24478588664413725,0.2815501058576653,1.1000373408992141,1.1368015601127421,0.5263359925018025,1.3815874467568794,2.8940799203563428,2.5952873052595424,0.19544022258952048,2.8940799203563428,2.5952873052595424,0.19544022258952048,5.489367225615885,3.0895201429458634,2.790727527849063,5.684807448205405
362,9050,Normal Traffic,0.68,0.7856507182454964,0.2458273697185792,0.4570024603184156,0.7856507182454964,0.2458273697185792,0.4570024603184156,1.0314780879640755,1.2426531785639119,0.7028298300369948,1.488480548282491,2.4742940263341344,2.615345224861741,1.7647761611699795,2.4742940263341344,2.615345224861741,1.7647761611699795,5.089639251195875,4.2390701875041135,4.38012138603172,6.854415412365855
363,9075,Flooding Attack,0.84,0.8774079280146769,0.25928712041376983,0.38504551590842107,0.8774079280146769,0.25928712041376983,0.38504551590842107,1.1366950484284468,1.262453443923098,0.6443326363221908,1.5217405643368678,3.0277132075714825,2.8745665256538175,1.1211563064230168,3.0277132075714825,2.8745665256538175,1.1211563064230168,5.9022797332253,4.1488695139945,3.9957228320768343,7.023436039648317
364,9100,Wormhole Attack,0.76,0.8607972536791563,0.3048139790794644,0.3224274844677728,0.8607972536791563,0.3048139790794644,0.3224274844677728,1.1656112327586206,1.183224738146929,0.6272414635472372,1.4880387172263934,2.927528537465573,3.7513681686824074,0.5610684840338694,2.927528537465573,3.7513681686824074,0.5610684840338694,6.678896706147981,3.4885970214994426,4.3124366527162765,7.2399651901818505
365,9125,Blackhole Attack,0.72,0.6476886812954885,0.25978892392439296,0.34019520981414664,0.6476886812954885,0.25978892392439296,0.34019520981414664,0.9074776052198814,0.9878838911096351,0.5999841337385396,1.247672815034028,1.6421976959991769,2.8842307580539193,0.7199921417903636,1.6421976959991769,2.8842307580539193,0.7199921417903636,4.526428454053097,2.3621898377895407,3.6042228998442827,5.24642059584346
366,9150,Normal Traffic,0.68,0.7828507443843351,0.13876101695455,0.5749395578782839,0.7828507443843351,0.13876101695455,0.5749395578782839,0.9216117613388851,1.357790302262619,0.7137005748328339,1.4965513192171689,2.457406424306699,0.5533546380322373,2.81966611269796,2.457406424306699,0.5533546380322373,2.81966611269796,3.0107610623389363,5.277072537004659,3.3730207507301975,5.830427175036896
367,9175,Blackhole Attack,0.76,0.8838545331272863,0.3046204397008757,0.4837572456181778,0.8838545331272863,0.3046204397008757,0.4837572456181778,1.188474972828162,1.3676117787454642,0.7883776853190535,1.6722322184463398,3.066594892532865,3.747640794334369,2.0040846972621167,3.066594892532865,3.747640794334369,2.0040846972621167,6.814235686867234,5.070679589794982,5.751725491596486,8.81832038412935
368,9200,Wormhole Attack,0.88,0.8353260431819491,0.2676814638635424,0.4272127525814675,0.8353260431819491,0.2676814638635424,0.4272127525814675,1.1030075070454917,1.2625387957634167,0.6948942164450099,1.5302202596269592,2.7739029368839048,3.0362331625494776,1.498321720617805,2.7739029368839048,3.0362331625494776,1.498321720617805,5.810136099433382,4.2722246575017095,4.534554883167282,7.308457820051188
369,9225,Wormhole Attack,0.8,0.8678384919330915,0.2716812826853392,0.41268898832464385,0.8678384919330915,0.2716812826853392,0.41268898832464385,1.1395197746184307,1.2805274802577353,0.684370271009983,1.5522087629430745,2.9699966587084967,3.1132656619916306,1.3684137163521652,2.9699966587084967,3.1132656619916306,1.3684137163521652,6.083262320700127,4.338410375060662,4.481679378343796,7.451676037052293
370,9250,Wormhole Attack,0.68,0.7179845465861977,0.2601008996713386,0.5551837573641187,0.7179845465861977,0.2601008996713386,0.5551837573641187,0.9780854462575364,1.2731683039503165,0.8152846570354573,1.533269203621655,2.0661761529664022,2.8902390980871213,2.642960089928449,2.0661761529664022,2.8902390980871213,2.642960089928449,4.9564152510535235,4.709136242894852,5.533199188015571,7.599375340981973
371,9275,Sybil Attack,0.88,0.8446483260640616,0.28613185934169993,0.4184616194125291,0.8446483260640616,0.28613185934169993,0.4184616194125291,1.1307801854057615,1.2631099454765906,0.704593478754229,1.5492418048182905,2.830128820090899,3.3915692771838426,1.420047092571187,2.830128820090899,3.3915692771838426,1.420047092571187,6.221698097274741,4.250175912662086,4.811616369755029,7.641745189845928
372,9300,Normal Traffic,0.72,0.8754069168214149,0.3182811323739323,0.34936025459434505,0.8754069168214149,0.3182811323739323,0.34936025459434505,1.1936880491953472,1.22476717141576,0.6676413869682774,1.5430483037896923,3.015644423232818,4.01073203611315,0.8019690077974949,3.015644423232818,4.01073203611315,0.8019690077974949,7.026376459345968,3.817613431030313,4.812701043910645,7.828345467143463
373,9325,Sybil Attack,0.76,0.9784838548129884,0.3034962397174683,0.43115013272736236,0.9784838548129884,0.3034962397174683,0.43115013272736236,1.2819800945304567,1.4096339875403507,0.7346463724448307,1.713130227257819,3.6373367651343225,3.7259898300149907,1.533539670161983,3.6373367651343225,3.7259898300149907,1.533539670161983,7.363326595149314,5.1708764352963055,5.259529500176974,8.896866265311296
374,9350,Blackhole Attack,0.84,0.7405047037654924,0.268204512208075,0.42705394065415825,0.7405047037654924,0.268204512208075,0.42705394065415825,1.0087092159735673,1.1675586444196506,0.6952584528622332,1.4357631566277256,2.2020029395355785,3.046306549146105,1.4969012252031515,2.2020029395355785,3.046306549146105,1.4969012252031515,5.2483094886816835,3.69890416473873,4.5432077743492565,6.745210713884835
375,9375,Blackhole Attack,0.84,0.6672006597004569,0.2709675020559208,0.28181446894977397,0.6672006597004569,0.2709675020559208,0.28181446894977397,0.9381681617563777,0.9490151286502309,0.5527819710056947,1.2199826307061516,1.759881125348893,3.099518962856695,0.19780482181393932,1.759881125348893,3.099518962856695,0.19780482181393932,4.859400088205588,1.9576859471628323,3.2973237846706343,5.057204910019527
376,9400,Blackhole Attack,0.76,0.6324162982813052,0.19710371576812566,0.7339477113555399,0.6324162982813052,0.19710371576812566,0.7339477113555399,0.8295200140494309,1.366364009636845,0.9310514271236656,1.563467725404971,1.5500847195419156,1.6769765104328394,4.241916674943896,1.5500847195419156,1.6769765104328394,4.241916674943896,3.2270612299747548,5.792001394485812,5.918893185376735,7.468977904918651
377,9425,Wormhole Attack,0.8,0.9198983250872631,0.2351223816170293,0.44562521309114567,0.9198983250872631,0.2351223816170293,0.44562521309114567,1.1550207067042924,1.3655235381784088,0.6807475947081749,1.6006459197954381,3.2839873555922594,2.4091778891146536,1.6630122206931144,3.2839873555922594,2.4091778891146536,1.6630122206931144,5.693165244706913,4.946999576285374,4.072190109807768,7.356177465400028
378,9450,Blackhole Attack,0.8,0.7708767581925278,0.24056456373394333,0.6714457477442246,0.7708767581925278,0.24056456373394333,0.6714457477442246,1.011441321926471,1.4423225059367524,0.9120103114781679,1.6828870696706957,2.3851872095868214,2.513988859201782,3.68286702281154,2.3851872095868214,2.513988859201782,3.68286702281154,4.899176068788604,6.068054232398362,6.196855882013322,8.582043091600145
379,9475,Normal Traffic,0.64,0.8139331420560556,0.20430869564263576,0.4419182390167855,0.8139331420560556,0.20430869564263576,0.4419182390167855,1.0182418376986915,1.255851381072841,0.6462269346594213,1.460160076715477,2.6448750179316427,1.8157371975768137,1.629855141347218,2.6448750179316427,1.8157371975768137,1.629855141347218,4.460612215508457,4.27473015927886,3.4455923389240315,6.090467356855674
380,9500,Normal Traffic,0.72,0.7067844635650389,0.2578489107332918,0.49435175429880907,0.7067844635650389,0.2578489107332918,0.49435175429880907,0.9646333742983306,1.2011362178638478,0.7522006650321009,1.4589851285971398,1.998624613518415,2.8468680494614995,2.0988474223062923,1.998624613518415,2.8468680494614995,2.0988474223062923,4.845492662979915,4.097472035824707,4.945715471767792,6.944340085286207
381,9525,Sybil Attack,0.76,0.7797293287175547,0.22139039838066749,0.4830077442349886,0.7797293287175547,0.22139039838066749,0.4830077442349886,1.0011197270982222,1.2627370729525433,0.704398142615656,1.4841274713332107,2.4385800965777227,2.1447136625776344,1.997380772083856,2.4385800965777227,2.1447136625776344,1.997380772083856,4.583293759155357,4.435960868661579,4.14209443466149,6.580674531239213
382,9550,Wormhole Attack,0.8,0.7643128565108918,0.2607360306188927,0.5635556412483925,0.7643128565108918,0.2607360306188927,0.5635556412483925,1.0250488871297845,1.3278684977592843,0.8242916718672852,1.588604528378177,2.345598068815089,2.9024710832201825,2.717842517659862,2.345598068815089,2.9024710832201825,2.717842517659862,5.248069152035272,5.063440586474951,5.620313600880045,7.965911669695133
383,9575,Wormhole Attack,0.76,0.6769145148490281,0.2278646855846973,0.4113643042453584,0.6769145148490281,0.2278646855846973,0.4113643042453584,0.9047792004337254,1.0882788190943864,0.6392289898300557,1.3161435046790837,1.8184687151034593,2.2694019416354165,1.356565061831242,1.8184687151034593,2.2694019416354165,1.356565061831242,4.087870656738875,3.1750337769347015,3.6259670034666582,5.4444357185701175
384,9600,Normal Traffic,0.68,0.968615772986685,0.2415424448678877,0.40428222938687375,0.968615772986685,0.2415424448678877,0.40428222938687375,1.2101582178545727,1.3728980023735589,0.6458246742547614,1.6144404472414464,3.5778189814262755,2.532821869210776,1.2932193482368233,3.5778189814262755,2.532821869210776,1.2932193482368233,6.1106408506370515,4.871038329663099,3.8260412174475995,7.403860198873875
385,9625,Blackhole Attack,0.88,0.8625040826124517,0.21783082279693428,0.6091794605032137,0.8625040826124517,0.21783082279693428,0.6091794605032137,1.080334905409386,1.4716835431156654,0.827010283300148,1.6895143659125997,2.937823007765539,2.076159806419456,3.1259253811355254,2.937823007765539,2.076159806419456,3.1259253811355254,5.013982814184995,6.063748388901065,5.202085187554982,8.13990819532052
386,9650,Sybil Attack,0.88,0.7872672550514797,0.285181455290486,0.4357008182198582,0.7872672550514797,0.285181455290486,0.4357008182198582,1.0724487103419658,1.2229680732713377,0.7208822735103442,1.508149528561824,2.484043913867308,3.373265448233893,1.5742433376077682,2.484043913867308,3.373265448233893,1.5742433376077682,5.857309362101201,4.058287251475076,4.947508785841661,7.43155269970897
387,9675,Normal Traffic,0.64,0.9268974148434453,0.26844232192907086,0.49853437224065095,0.9268974148434453,0.26844232192907086,0.49853437224065095,1.1953397367725163,1.4254317870840962,0.7669766941697218,1.6938741090131673,3.326201264799142,3.0508865258940827,2.136258904606761,3.326201264799142,3.0508865258940827,2.136258904606761,6.377087790693224,5.462460169405903,5.187145430500843,8.513346695299985
388,9700,Blackhole Attack,0.76,0.8844103507384158,0.22036804707242827,0.4591650685215483,0.8844103507384158,0.22036804707242827,0.4591650685215483,1.104778397810844,1.343575419259964,0.6795331155939766,1.5639434663323923,3.0699472190480495,2.125024201606939,1.7841196392593788,3.0699472190480495,2.125024201606939,1.7841196392593788,5.194971420654989,4.854066858307428,3.9091438408663177,6.979091059914367
389,9725,Wormhole Attack,0.72,0.7108362332076872,0.16750392118874494,0.5192612392494922,0.7108362332076872,0.16750392118874494,0.5192612392494922,0.8783401543964321,1.2300974724571794,0.6867651604382371,1.3976013936459242,2.023062224947941,1.1069141498582888,2.3216506446670446,2.023062224947941,1.1069141498582888,2.3216506446670446,3.1299763748062297,4.344712869614986,3.4285647945253332,5.451627019473275
390,9750,Normal Traffic,0.68,0.5635476570438823,0.2140813613679814,0.39499790831585485,0.5635476570438823,0.2140813613679814,0.39499790831585485,0.7776290184118637,0.9585455653597372,0.6090792696838363,1.1726269267277185,1.1347143400107729,2.0039489393021204,1.2101756138460762,1.1347143400107729,2.0039489393021204,1.2101756138460762,3.138663279312893,2.344889953856849,3.2141245531481966,4.34883889315897
391,9775,Blackhole Attack,0.92,0.6447683127284591,0.21534807079265456,0.4533970943209209,0.6447683127284591,0.21534807079265456,0.4533970943209209,0.8601163835211136,1.09816540704938,0.6687451651135754,1.3135134778420345,1.6245839522362369,2.0283444925501226,1.7325279166309175,1.6245839522362369,2.0283444925501226,1.7325279166309175,3.6529284447863595,3.3571118688671544,3.76087240918104,5.385456361417277
392,9800,Normal Traffic,0.72,0.7434135520387511,0.3152101238052276,0.2404401310227307,0.7434135520387511,0.3152101238052276,0.2404401310227307,1.0586236758439789,0.9838536830614819,0.5556502548279583,1.2990638068667095,2.219547200458291,3.9515874907236364,-0.1722684989086206,2.219547200458291,3.9515874907236364,-0.1722684989086206,6.171134691181927,2.0472787015496703,3.779318991815016,5.998866192273306
393,9825,Normal Traffic,0.64,0.8175140233258451,0.29388589237514107,0.4187080871237181,0.8175140233258451,0.29388589237514107,0.4187080871237181,1.1113999157009862,1.2362221104495632,0.7125939794988592,1.5301080028247043,2.666472540190876,3.540904177571823,1.4222516263208618,2.666472540190876,3.540904177571823,1.4222516263208618,6.207376717762699,4.088724166511738,4.963155803892684,7.629628344083561
394,9850,Blackhole Attack,0.92,0.8951009324361565,0.21609569193962075,0.5294892243067721,0.8951009324361565,0.21609569193962075,0.5294892243067721,1.1111966243757774,1.4245901567429287,0.7455849162463929,1.6406858486825495,3.134425781386612,2.042742926117357,2.4131349942443774,3.134425781386612,2.042742926117357,2.4131349942443774,5.177168707503969,5.5475607756309895,4.4558779203617345,7.590303701748347
395,9875,Normal Traffic,0.72,0.8135290973720237,0.3020465527129022,0.4832941498914095,0.8135290973720237,0.3020465527129022,0.4832941498914095,1.1155756500849259,1.2968232472634331,0.7853407026043118,1.5988697999763355,2.642438085958856,3.698070312070333,1.9999425313205186,2.642438085958856,3.698070312070333,1.9999425313205186,6.340508398029189,4.6423806172793745,5.698012843390852,8.340450929349707
396,9900,Blackhole Attack,0.92,0.6786630700625157,0.2295331637303761,0.580423598514329,0.6786630700625157,0.2295331637303761,0.580423598514329,0.9081962337928918,1.2590866685768447,0.8099567622447051,1.4886198323072208,1.8290148509006448,2.301535157551559,2.868718187748378,1.8290148509006448,2.301535157551559,2.868718187748378,4.130550008452204,4.697733038649023,5.170253345299937,6.999268196200582
397,9925,Sybil Attack,0.72,0.6298155509145819,0.29024287688533584,0.30293008944548666,0.6298155509145819,0.29024287688533584,0.30293008944548666,0.9200584277999178,0.9327456403600685,0.5931729663308225,1.2229885172454045,1.534398720785874,3.470743352497223,0.386673772653588,1.534398720785874,3.470743352497223,0.386673772653588,5.005142073283097,1.921072493439462,3.857417125150811,5.391815845936685
398,9950,Sybil Attack,0.96,0.6595429073953466,0.2900070680769239,0.2505366339933668,0.6595429073953466,0.2900070680769239,0.2505366339933668,0.9495499754722705,0.9100795413887134,0.5405437020702907,1.2000866094656373,1.7136945965576043,3.466201911319073,-0.08196019261941581,1.7136945965576043,3.466201911319073,-0.08196019261941581,5.179896507876677,1.6317344039381885,3.384241718699657,5.097936315257261
399,9975,Blackhole Attack,0.8,0.8379250765758197,0.19628805179091174,0.570374771132912,0.8379250765758197,0.19628805179091174,0.570374771132912,1.0342131283667315,1.4082998477087316,0.7666628229238237,1.6045878994996436,2.7895785980822194,1.6612676401891893,2.7788363164066237,2.7895785980822194,1.6612676401891893,2.7788363164066237,4.450846238271408,5.568414914488843,4.440103956595813,7.229682554678032
400,10000,Wormhole Attack,0.84,0.7028781920891077,0.2762071160045648,0.3795360591726056,0.7028781920891077,0.2762071160045648,0.3795360591726056,0.9790853080936726,1.0824142512617132,0.6557431751771704,1.3586213672662781,1.9750645514008032,3.2004286731606997,1.071876896727186,1.9750645514008032,3.2004286731606997,1.071876896727186,5.175493224561503,3.0469414481279893,4.272305569887886,6.247370121288689
401,10025,Blackhole Attack,0.72,0.6685400899393906,0.2658455427774575,0.5075952120667495,0.6685400899393906,0.2658455427774575,0.5075952120667495,0.934385632716848,1.17613530200614,0.773440754844207,1.4419808447835976,1.7679596881999202,3.000875163514875,2.217303708003791,1.7679596881999202,3.000875163514875,2.217303708003791,4.768834851714796,3.9852633962037114,5.218178871518666,6.9861385597185865
402,10050,Sybil Attack,0.72,0.7831243082482181,0.2842954255455993,0.267464039426876,0.7831243082482181,0.2842954255455993,0.267464039426876,1.0674197337938174,1.0505883476750941,0.5517594649724753,1.3348837732206933,2.4590563817318114,3.3562014038684893,0.06944721240159159,2.4590563817318114,3.3562014038684893,0.06944721240159159,5.8152577856003,2.528503594133403,3.425648616270081,5.884704998001892
403,10075,Flooding Attack,0.88,0.8962548009719113,0.2621047406332618,0.39764791488587475,0.8962548009719113,0.2621047406332618,0.39764791488587475,1.158359541605173,1.293902715857786,0.6597526555191365,1.5560074564910478,3.1413851580058374,2.928831065538329,1.2338786331676943,3.1413851580058374,2.928831065538329,1.2338786331676943,6.070216223544167,4.3752637911735315,4.162709698706023,7.304094856711861
404,10100,Normal Traffic,0.6,0.7556771480403431,0.20866817257224857,0.6154810598112233,0.7556771480403431,0.20866817257224857,0.6154810598112233,0.9643453206125917,1.3711582078515665,0.8241492323834718,1.5798263804238148,2.293513151202646,1.8996963515060963,3.182290120696803,2.293513151202646,1.8996963515060963,3.182290120696803,4.193209502708742,5.475803271899449,5.0819864722029,7.3754996234055445
405,10125,Wormhole Attack,0.76,0.834443599797256,0.26576576939608587,0.39889101536322447,0.834443599797256,0.26576576939608587,0.39889101536322447,1.100209369193342,1.2333346151604805,0.6646567847593103,1.4991003845565665,2.768580618379738,2.9993388081873493,1.2449975620664675,2.768580618379738,2.9993388081873493,1.2449975620664675,5.7679194265670874,4.013578180446205,4.244336370253817,7.012916988633555
406,10150,Wormhole Attack,0.76,0.7416512510525859,0.21520127793078989,0.38213757378299024,0.7416512510525859,0.21520127793078989,0.38213757378299024,0.9568525289833758,1.123788824835576,0.5973388517137801,1.338990102766366,2.2089181591948224,2.0255174092362283,1.095146179065213,2.2089181591948224,2.0255174092362283,1.095146179065213,4.234435568431051,3.3040643382600354,3.1206635883014413,5.329581747496264
407,10175,Sybil Attack,0.76,0.7277467429423338,0.310086137019382,0.34354998262976616,0.7277467429423338,0.310086137019382,0.34354998262976616,1.0378328799617158,1.0712967255721,0.6536361196491481,1.381382862591482,2.1250553051123915,3.8529046436228414,0.7499989522518455,2.1250553051123915,3.8529046436228414,0.7499989522518455,5.977959948735233,2.875054257364237,4.602903595874687,6.727958900987078
408,10200,Normal Traffic,0.72,0.8560774867976579,0.2533853005175176,0.41608037387804075,0.8560774867976579,0.2533853005175176,0.41608037387804075,1.1094627873151754,1.2721578606756987,0.6694656743955584,1.5255431611932162,2.899062005737324,2.7609033928668407,1.398748009937943,2.899062005737324,2.7609033928668407,1.398748009937943,5.6599653986041645,4.297810015675267,4.1596514028047835,7.058713408542108
409,10225,Wormhole Attack,0.8,0.9058355686808687,0.24399145399909059,0.5167537066248608,0.9058355686808687,0.24399145399909059,0.5167537066248608,1.1498270226799592,1.4225892753057294,0.7607451606239514,1.6665807293048198,3.1991700517973363,2.5799873291824023,2.299221985461577,3.1991700517973363,2.5799873291824023,2.299221985461577,5.779157380979738,5.498392037258913,4.87920931464398,8.078379366441315
410,10250,Blackhole Attack,0.76,0.7811760608179197,0.20961365924717928,0.5009786766142768,0.7811760608179197,0.20961365924717928,0.5009786766142768,0.990789720065099,1.2821547374321964,0.7105923358614561,1.4917683966793758,2.447305833731978,1.9179054767200343,2.1581220178727527,2.447305833731978,1.9179054767200343,2.1581220178727527,4.365211310452013,4.6054278516047304,4.076027494592787,6.523333328324766
411,10275,Blackhole Attack,0.88,0.85907625753094,0.23533001636847878,0.4462123084072791,0.85907625753094,0.23533001636847878,0.4462123084072791,1.0944062738994187,1.305288565938219,0.6815423247757579,1.5406185823066978,2.917148619836709,2.4131767262089845,1.6682635026255352,2.917148619836709,2.4131767262089845,1.6682635026255352,5.330325346045694,4.585412122462245,4.08144022883452,6.998588848671229
412,10300,Wormhole Attack,0.72,0.6423149742363458,0.24836863581920174,0.4143999382474034,0.6423149742363458,0.24836863581920174,0.4143999382474034,0.8906836100555475,1.0567149124837492,0.6627685740666052,1.3050835483029508,1.6097870269262926,2.6642874615480094,1.3837173308927082,1.6097870269262926,2.6642874615480094,1.3837173308927082,4.274074488474302,2.993504357819001,4.048004792440718,5.657791819367009
413,10325,Normal Traffic,0.68,0.8781528123704404,0.20537110736649197,0.4058462221980674,0.8781528123704404,0.20537110736649197,0.4058462221980674,1.0835239197369324,1.2839990345685077,0.6112173295645593,1.4893701419349998,3.0322058604248125,1.836198181979234,1.3072085029211893,3.0322058604248125,1.836198181979234,1.3072085029211893,4.8684040424040465,4.339414363346002,3.143406684900423,6.175612545325236
414,10350,Wormhole Attack,0.8,0.9628823052814556,0.2729792210762029,0.5259196158556967,0.9628823052814556,0.2729792210762029,0.5259196158556967,1.2358615263576584,1.4888019211371524,0.7988988369318997,1.7617811422133551,3.5432384725914856,3.1382626538116867,2.381206583559034,3.5432384725914856,3.1382626538116867,2.381206583559034,6.681501126403172,5.924445056150519,5.519469237370721,9.062707709962206
415,10375,Normal Traffic,0.68,0.7373821216633777,0.24088845407333298,0.325933407887745,0.7373821216633777,0.24088845407333298,0.325933407887745,0.9782705757367107,1.0633155295511227,0.566821861961078,1.3042039836244557,2.1831695766353136,2.520226662337361,0.5924272631040249,2.1831695766353136,2.520226662337361,0.5924272631040249,4.703396238972674,2.7755968397393387,3.112653925441386,5.295823502076699
416,10400,Normal Traffic,0.72,0.9173521730075733,0.2915541695142883,0.47229966586219885,0.9173521730075733,0.2915541695142883,0.47229966586219885,1.2089063425218616,1.389651838869772,0.7638538353764872,1.6812060083840605,3.2686306397244564,3.49599753355108,1.9016022214043642,3.2686306397244564,3.49599753355108,1.9016022214043642,6.764628173275536,5.17023286112882,5.3975997549554435,8.6662303946799
417,10425,Sybil Attack,0.8,0.7025252668236638,0.2406412081562109,0.4356643703620097,0.7025252668236638,0.2406412081562109,0.4356643703620097,0.9431664749798747,1.1381896371856735,0.6763055785182206,1.3788308453418845,1.9729359381623308,2.5154649539147216,1.573917329254209,1.9729359381623308,2.5154649539147216,1.573917329254209,4.488400892077053,3.54685326741654,4.089382283168931,6.062318221331262
418,10450,Blackhole Attack,0.84,0.6927862747095054,0.12672878670971488,0.5962854385384194,0.6927862747095054,0.12672878670971488,0.5962854385384194,0.8195150614192203,1.2890717132479248,0.7230142252481343,1.4158004999576397,1.9141967387527947,0.32162594957960544,3.010594628667771,1.9141967387527947,0.32162594957960544,3.010594628667771,2.2358226883324,4.924791367420566,3.3322205782473766,5.246417317000171
419,10475,Blackhole Attack,0.88,0.8921905305093534,0.2848375720725113,0.33122653406202784,0.8921905305093534,0.2848375720725113,0.33122653406202784,1.1770281025818647,1.223417064571381,0.6160641061345391,1.5082546366438927,3.1168721498468703,3.3666426023058618,0.6397717011896433,3.1168721498468703,3.3666426023058618,0.6397717011896433,6.4835147521527325,3.7566438510365137,4.0064143034955055,7.123286453342375
420,10500,Blackhole Attack,0.8,0.8025369180583116,0.23873914638581673,0.3630480792717552,0.8025369180583116,0.23873914638581673,0.3630480792717552,1.0412760644441283,1.165584997330067,0.6017872256575719,1.4043241437158835,2.5761404850279703,2.478833151626984,0.9243999392789735,2.5761404850279703,2.478833151626984,0.9243999392789735,5.054973636654955,3.500540424306944,3.4032330909059576,5.979373575933929
421,10525,Blackhole Attack,0.92,0.4520886343800828,0.20813348909241441,0.5844000442527141,0.4520886343800828,0.20813348909241441,0.5844000442527141,0.6602221234724972,1.036488678632797,0.7925335333451284,1.2446221677252112,0.4624667725522293,1.8893988838714122,2.904285560008742,0.4624667725522293,1.8893988838714122,2.904285560008742,2.3518656564236413,3.366752332560971,4.793684443880154,5.256151216432383
422,10550,Normal Traffic,0.72,0.7802525327325538,0.2990558319180868,0.44733726775775307,0.7802525327325538,0.2990558319180868,0.44733726775775307,1.0793083646506405,1.227589800490307,0.7463930996758399,1.5266456324083935,2.4417357193165707,3.6404720286923973,1.678325716629827,2.4417357193165707,3.6404720286923973,1.678325716629827,6.082207748008968,4.120061435946398,5.318797745322224,7.760533464638796
423,10575,Sybil Attack,0.8,0.732652805921247,0.2793217432550155,0.5655520883581052,0.732652805921247,0.2793217432550155,0.5655520883581052,1.0119745491762626,1.2982048942793523,0.8448738316131208,1.5775266375343677,2.1546454524557888,3.2604132706193116,2.7356997656197244,2.1546454524557888,3.2604132706193116,2.7356997656197244,5.4150587230751,4.890345218075513,5.996113036239036,8.150758488694825
424,10600,Wormhole Attack,0.8,0.8958642041406741,0.2382320768981771,0.37300313193016815,0.8958642041406741,0.2382320768981771,0.37300313193016815,1.1340962810388513,1.2688673360708422,0.6112352088283453,1.5070994129690194,3.139029334642409,2.4690675017903287,1.0134430413526097,3.139029334642409,2.4690675017903287,1.0134430413526097,5.608096836432738,4.152472375995019,3.482510543142938,6.621539877785348
425,10625,Flooding Attack,0.84,0.6128761810108131,0.23822262455379056,0.35215763952142853,0.6128761810108131,0.23822262455379056,0.35215763952142853,0.8510988055646036,0.9650338205322416,0.5903802640752192,1.2032564450860321,1.4322315750498338,2.4688854591163665,0.8269902548112957,1.4322315750498338,2.4688854591163665,0.8269902548112957,3.9011170341662003,2.2592218298611293,3.2958757139276624,4.728107288977496
426,10650,Normal Traffic,0.72,0.9009879273773983,0.2109632671357817,0.5228308107311815,0.9009879273773983,0.2109632671357817,0.5228308107311815,1.11195119451318,1.4238187381085798,0.7337940778669633,1.6347820052443613,3.1699322656021414,1.9438975712517534,2.3535787246792177,3.1699322656021414,1.9438975712517534,2.3535787246792177,5.113829836853895,5.523510990281359,4.297476295930971,7.467408561533112
427,10675,Blackhole Attack,0.8,0.8451429711537017,0.2210995886304931,0.3724936524711178,0.8451429711537017,0.2210995886304931,0.3724936524711178,1.066242559784195,1.2176366236248195,0.5935932411016109,1.4387362122553127,2.8331121941625423,2.1391129584167348,1.0088859954952678,2.8331121941625423,2.1391129584167348,1.0088859954952678,4.972225152579277,3.84199818965781,3.1479989539120026,5.981111148074545
428,10700,Blackhole Attack,0.92,0.7971787060465353,0.15366724062112921,0.5514973015678606,0.7971787060465353,0.15366724062112921,0.5514973015678606,0.9508459466676645,1.348676007614396,0.7051645421889898,1.5023432482355252,2.543823271896568,0.8404335577130425,2.6099865365963373,2.543823271896568,0.8404335577130425,2.6099865365963373,3.3842568296096105,5.153809808492905,3.4504200943093797,5.994243366205948
429,10725,Wormhole Attack,0.84,0.9462436569947458,0.19121531913462986,0.6863791844437626,0.9462436569947458,0.19121531913462986,0.6863791844437626,1.1374589761293756,1.6326228414385082,0.8775945035783924,1.8238381605731382,3.442885081998085,1.5635718962255443,3.8164393477377576,3.442885081998085,1.5635718962255443,3.8164393477377576,5.006456978223629,7.259324429735843,5.380011243963302,8.822896325961388
430,10750,Normal Traffic,0.6,0.687448911143859,0.30219827306957914,0.26522660850924706,0.687448911143859,0.30219827306957914,0.26522660850924706,0.9896471842134381,0.952675519653106,0.5674248815788262,1.2548737927226852,1.8820052697456562,3.7009922939929614,0.04943448153845763,1.8820052697456562,3.7009922939929614,0.04943448153845763,5.582997563738617,1.9314397512841137,3.750426775531419,5.632432045277075
431,10775,Flooding Attack,0.8,0.9541019825257627,0.2973489957429286,0.34434745912676384,0.9541019825257627,0.2973489957429286,0.34434745912676384,1.2514509782686913,1.2984494416525265,0.6416964548696924,1.5957984373954552,3.4902813366598378,3.6076000755943674,0.7571319914792655,3.4902813366598378,3.6076000755943674,0.7571319914792655,7.097881412254205,4.247413328139103,4.364732067073633,7.85501340373347
432,10800,Blackhole Attack,0.76,0.8096078305941743,0.21662261380723521,0.6019662882582881,0.8096078305941743,0.21662261380723521,0.6019662882582881,1.0262304444014094,1.4115741188524624,0.8185889020655234,1.6281967326596976,2.6187875820358437,2.0528909128841266,3.061407065209106,2.6187875820358437,2.0528909128841266,3.061407065209106,4.67167849491997,5.680194647244949,5.114297978093233,7.733085560129076
433,10825,Flooding Attack,0.8,0.5878600786003578,0.17378059864231246,0.7005238464061959,0.5878600786003578,0.17378059864231246,0.7005238464061959,0.7616406772426703,1.2883839250065536,0.8743044450485083,1.462164523648866,1.281350887324368,1.2277966632875634,3.9429564664446737,1.281350887324368,1.2277966632875634,3.9429564664446737,2.5091475506119316,5.224307353769042,5.170753129732237,6.452104017056605
434,10850,Blackhole Attack,0.76,0.6545661650813088,0.2827852395967489,0.47815279117248155,0.6545661650813088,0.2827852395967489,0.47815279117248155,0.9373514046780578,1.1327189562537905,0.7609380307692304,1.4155041958505392,1.6836781579192408,3.3271167369259738,1.9539555792756396,1.6836781579192408,3.3271167369259738,1.9539555792756396,5.010794894845215,3.6376337371948804,5.281072316201613,6.964750474120854
435,10875,Wormhole Attack,0.76,0.9377595353490186,0.2172104139113805,0.6994858956696929,0.9377595353490186,0.2172104139113805,0.6994858956696929,1.154969949260399,1.6372454310187115,0.9166963095810734,1.8544558449300919,3.391714436481427,2.0642113534370634,3.9336725021554706,3.391714436481427,2.0642113534370634,3.9336725021554706,5.45592578991849,7.325386938636898,5.997883855592534,9.389598292073961
436,10900,Sybil Attack,0.8,0.6475930915994806,0.31596927443666406,0.4096884590483513,0.6475930915994806,0.31596927443666406,0.4096884590483513,0.9635623660361448,1.057281550647832,0.7256577334850154,1.373250825084496,1.641621161779877,3.9662079705998643,1.341575441981204,1.641621161779877,3.9662079705998643,1.341575441981204,5.607829132379742,2.983196603761081,5.307783412581069,6.949404574360946
437,10925,Blackhole Attack,0.8,0.7163224274273369,0.289109449533957,0.26426649488678466,0.7163224274273369,0.289109449533957,0.26426649488678466,1.005431876961294,0.9805889223141215,0.5533759444207417,1.2696983718480785,2.056151342640003,3.448914678324029,0.04084673236015874,2.056151342640003,3.448914678324029,0.04084673236015874,5.505066020964032,2.0969980750001618,3.489761410684188,5.54591275332419
438,10950,Sybil Attack,0.84,0.9215335954674186,0.18313400777282837,0.4758124184349421,0.9215335954674186,0.18313400777282837,0.4758124184349421,1.104667603240247,1.3973460139023608,0.6589464262077704,1.580480021675189,3.2938502317320624,1.407933943431925,1.9330220839231094,3.2938502317320624,1.407933943431925,1.9330220839231094,4.701784175163987,5.2268723156551715,3.340956027355034,6.634806259087097
439,10975,Wormhole Attack,0.76,0.9785090376522549,0.29534163323054935,0.4578406567492469,0.9785090376522549,0.29534163323054935,0.4578406567492469,1.2738506708828043,1.436349694401502,0.7531822899797962,1.7316913276320514,3.637488651469175,3.5689402866128277,1.7722734203919277,3.637488651469175,3.5689402866128277,1.7722734203919277,7.206428938082002,5.409762071861103,5.341213707004755,8.97870235847393
440,11000,Blackhole Attack,0.76,0.8456146937415641,0.25630161104649885,0.5562478134776461,0.8456146937415641,0.25630161104649885,0.5562478134776461,1.101916304788063,1.4018625072192101,0.8125494245241449,1.658164118265709,2.835957314769442,2.8170686091443056,2.6524775541127115,2.835957314769442,2.8170686091443056,2.6524775541127115,5.653025923913748,5.488434868882154,5.469546163257017,8.30550347802646
441,11025,Blackhole Attack,0.8,0.7722622912123877,0.23290388013902547,0.38438505737289425,0.7722622912123877,0.23290388013902547,0.38438505737289425,1.005166171351413,1.156647348585282,0.6172889375119197,1.3895512287243073,2.393543834111009,2.366451775387838,1.1152488261903915,2.393543834111009,2.366451775387838,1.1152488261903915,4.759995609498847,3.5087926603014004,3.4817006015782295,5.875244435689238
442,11050,Normal Traffic,0.64,0.8271292788147594,0.24509509848762248,0.5349957825522944,0.8271292788147594,0.24509509848762248,0.5349957825522944,1.0722243773023818,1.362125061367054,0.7800908810399169,1.6072201598546763,2.7244654416037326,2.601242415283772,2.46238847835489,2.7244654416037326,2.601242415283772,2.46238847835489,5.3257078568875045,5.186853919958622,5.063630893638662,7.788096335242395
443,11075,Sybil Attack,0.72,0.9321670510354888,0.31159642969811513,0.3637022118545862,0.9321670510354888,0.31159642969811513,0.3637022118545862,1.243763480733604,1.295869262890075,0.6752986415527014,1.6074656925881903,3.357984246803014,3.881991366075869,0.9302508369428333,3.357984246803014,3.881991366075869,0.9302508369428333,7.239975612878883,4.288235083745848,4.812242203018702,8.170226449821715
444,11100,Wormhole Attack,0.88,0.5984254011843538,0.2453133043255688,0.6080003436083168,0.5984254011843538,0.2453133043255688,0.6080003436083168,0.8437387055099226,1.2064257447926705,0.8533136479338856,1.4517390491182394,1.3450739690162814,2.605444840903221,3.1153787542484914,1.3450739690162814,2.605444840903221,3.1153787542484914,3.9505188099195028,4.460452723264773,5.720823595151712,7.065897564167994
445,11125,Blackhole Attack,0.8,0.6378635827240448,0.2514079322263965,0.43053336137403786,0.6378635827240448,0.2514079322263965,0.43053336137403786,0.8892715149504413,1.0683969440980827,0.6819412936004343,1.3198048763244792,1.5829391590333879,2.722821262508173,1.5280229505167326,1.5829391590333879,2.722821262508173,1.5280229505167326,4.305760421541561,3.1109621095501208,4.250844213024906,5.833783372058294
446,11150,Normal Traffic,0.52,0.8574588215796378,0.2860844076201948,0.18666047798640756,0.8574588215796378,0.2860844076201948,0.18666047798640756,1.1435432291998326,1.0441192995660453,0.4727448856066024,1.3302037071862403,2.907393309249942,3.390655404612802,-0.6533013270726337,2.907393309249942,3.390655404612802,-0.6533013270726337,6.298048713862745,2.254091982177308,2.7373540775401684,5.644747386790111
447,11175,Sybil Attack,0.84,0.528665012623612,0.2462707928740461,0.41406739506888135,0.528665012623612,0.2462707928740461,0.41406739506888135,0.7749358054976581,0.9427324076924933,0.6603381879429274,1.1890032005665394,0.924325155738262,2.6238851101660456,1.3807428939705682,0.924325155738262,2.6238851101660456,1.3807428939705682,3.5482102659043075,2.3050680497088303,4.004628004136614,4.928953159874876
448,11200,Blackhole Attack,0.8,0.7763875750070043,0.24380327507926275,0.490885408751327,0.7763875750070043,0.24380327507926275,0.490885408751327,1.020190850086267,1.2672729837583314,0.7346886838305897,1.511076258837594,2.4184248345874995,2.576363191894566,2.0678426480476553,2.4184248345874995,2.576363191894566,2.0678426480476553,4.994788026482066,4.486267482635155,4.644205839942222,7.062630674529721
449,11225,Normal Traffic,0.64,0.7700155479072553,0.22852474333205489,0.6243030472140952,0.7700155479072553,0.22852474333205489,0.6243030472140952,0.9985402912393102,1.3943185951213506,0.8528277905461501,1.6228433384534053,2.379992955182752,2.2821139919358027,3.261198505389516,2.379992955182752,2.2821139919358027,3.261198505389516,4.662106947118555,5.6411914605722675,5.543312497325319,7.923305452508071
450,11250,Flooding Attack,0.88,0.5999891789295306,0.2950041918427698,0.3283111806887847,0.5999891789295306,0.2950041918427698,0.3283111806887847,0.8949933707723005,0.9283003596183153,0.6233153725315546,1.2233045514610852,1.3545056485709446,3.5624415038744113,0.6136952838263428,1.3545056485709446,3.5624415038744113,0.6136952838263428,4.916947152445356,1.9682009323972873,4.176136787700754,5.530642436271699
451,11275,Normal Traffic,0.72,0.670341502911165,0.26696404655379147,0.41563482694663667,0.670341502911165,0.26696404655379147,0.41563482694663667,0.9373055494649565,1.0859763298578016,0.6825988735004281,1.3529403764115933,1.7788246272539474,3.0224164245982434,1.3947628094319384,1.7788246272539474,3.0224164245982434,1.3947628094319384,4.801241051852191,3.173587436685886,4.417179234030182,6.1960038612841295
452,11300,Normal Traffic,0.72,0.8287423431689921,0.22298200796334472,0.4257701477907,0.8287423431689921,0.22298200796334472,0.4257701477907,1.0517243511323369,1.254512490959692,0.6487521557540448,1.4774944989230367,2.7341943855902406,2.1753664670550714,1.4854183227108464,2.7341943855902406,2.1753664670550714,1.4854183227108464,4.909560852645312,4.219612708301087,3.660784789765918,6.394979175356158
453,11325,Blackhole Attack,0.88,0.7373959760818649,0.31783453780521514,0.4320463421115262,0.7373959760818649,0.31783453780521514,0.4320463421115262,1.0552305138870801,1.169442318193391,0.7498808799167413,1.4872768559986063,2.183253137381712,4.002131072569976,1.5415558270233949,2.183253137381712,4.002131072569976,1.5415558270233949,6.185384209951688,3.724808964405107,5.5436868995933715,7.726940036975083
454,11350,Wormhole Attack,0.84,0.8811083099232,0.2403128614320177,0.46719739543711764,0.8811083099232,0.2403128614320177,0.46719739543711764,1.1214211713552178,1.3483057053603176,0.7075102568691354,1.5886185667923354,3.0500314791408973,2.509141325276741,1.8559648951282588,3.0500314791408973,2.509141325276741,1.8559648951282588,5.5591728044176385,4.905996374269156,4.365106220405,7.415137699545897
455,11375,Blackhole Attack,0.88,0.7102981578168761,0.1576827013444497,0.44711378937156776,0.7102981578168761,0.1576827013444497,0.44711378937156776,0.8679808591613258,1.1574119471884439,0.6047964907160175,1.3150946485328936,2.0198169078445143,0.9177673044926581,1.676326811206104,2.0198169078445143,0.9177673044926581,1.676326811206104,2.9375842123371725,3.6961437190506183,2.5940941156987622,4.6139110235432765
456,11400,Normal Traffic,0.72,0.7821318458968031,0.2649510253020742,0.5038579632110458,0.7821318458968031,0.2649510253020742,0.5038579632110458,1.0470828711988773,1.285989809107849,0.76880898851312,1.5509408344099231,2.453070501131141,2.9836476539717047,2.18387583546996,2.453070501131141,2.9836476539717047,2.18387583546996,5.436718155102845,4.636946336601101,5.167523489441665,7.6205939905728055
457,11425,Blackhole Attack,0.88,0.8163171522098057,0.26401480718454423,0.3816997049176523,0.8163171522098057,0.26401480718454423,0.3816997049176523,1.08033195939435,1.198016857127458,0.6457145121021965,1.4620316643120022,2.6592538002711317,2.965617031878686,1.0912296551241565,2.6592538002711317,2.965617031878686,1.0912296551241565,5.624870832149817,3.750483455395288,4.056846687002842,6.716100487273973
458,11450,Sybil Attack,0.8,0.8422536399258185,0.28174635490775685,0.3380447819507322,0.8422536399258185,0.28174635490775685,0.3380447819507322,1.1239999948335753,1.1802984218765507,0.619791136858489,1.4620447767843074,2.8156856472298157,3.3071088596218483,0.700757610913002,2.8156856472298157,3.3071088596218483,0.700757610913002,6.122794506851664,3.516443258142818,4.00786647053485,6.823552117764666
459,11475,Blackhole Attack,0.8,0.8307144716054232,0.24641963654865184,0.4646385970242945,0.8307144716054232,0.24641963654865184,0.4646385970242945,1.077134108154075,1.2953530686297177,0.7110582335729463,1.5417727051783696,2.746088968123102,2.6267516900767536,1.833077688392459,2.746088968123102,2.6267516900767536,1.833077688392459,5.372840658199856,4.579166656515561,4.4598293784692125,7.2059183465923144
460,11500,Blackhole Attack,0.84,0.8404721770209321,0.23325723014175173,0.5131050939990648,0.8404721770209321,0.23325723014175173,0.5131050939990648,1.073729407162684,1.353577271019997,0.7463623241408165,1.5868345011617486,2.8049410338669314,2.3732569420967815,2.2665869208754192,2.8049410338669314,2.3732569420967815,2.2665869208754192,5.1781979759637125,5.071527954742351,4.639843862972201,7.444784896839131
461,11525,Wormhole Attack,0.84,0.70339399015847,0.25403994646221906,0.5799856561418757,0.70339399015847,0.25403994646221906,0.5799856561418757,0.9574339366206891,1.2833796463003457,0.8340256026040948,1.5374195927625647,1.9781755063431816,2.773511217275089,2.864801006321942,1.9781755063431816,2.773511217275089,2.864801006321942,4.7516867236182705,4.842976512665124,5.6383122235970315,7.6164877299402125
462,11550,Blackhole Attack,0.8,0.9131753910883109,0.2381181379677896,0.32590140959271047,0.9131753910883109,0.2381181379677896,0.32590140959271047,1.1512935290561006,1.2390768006810213,0.5640195475605001,1.477194938648811,3.2434390364076178,2.4668731522503733,0.5921410539247561,3.2434390364076178,2.4668731522503733,0.5921410539247561,5.710312188657991,3.835580090332374,3.0590142061751293,6.302453242582747
463,11575,Blackhole Attack,0.72,0.8650926945482231,0.2548346960917075,0.563226495330797,0.8650926945482231,0.2548346960917075,0.563226495330797,1.1199273906399307,1.4283191898790202,0.8180611914225046,1.6831538859707278,2.953435813578179,2.788817298154702,2.7148984675836623,2.953435813578179,2.788817298154702,2.7148984675836623,5.7422531117328806,5.668334281161841,5.503715765738365,8.457151579316543
464,11600,Wormhole Attack,0.76,0.8610850268916822,0.2602393684111624,0.5303544268448539,0.8610850268916822,0.2602393684111624,0.5303544268448539,1.1213243953028447,1.391439453736536,0.7905937952560163,1.6516788221476986,2.9292641963425026,2.8929058671580368,2.420873809954978,2.9292641963425026,2.8929058671580368,2.420873809954978,5.82217006350054,5.350138006297481,5.313779677113015,8.243043873455518
465,11625,Wormhole Attack,0.8,0.7474381161075029,0.1147601236424457,0.6882965479832917,0.7474381161075029,0.1147601236424457,0.6882965479832917,0.8621982397499486,1.4357346640907944,0.8030566716257374,1.5504947877332402,2.2438207257471334,0.09112150122097579,3.8335892316430202,2.2438207257471334,0.09112150122097579,3.8335892316430202,2.334942226968109,6.077409957390154,3.924710732863996,6.168531458611129
466,11650,Normal Traffic,0.76,0.7228742528420904,0.2507327083889186,0.4803610713562512,0.7228742528420904,0.2507327083889186,0.4803610713562512,0.973606961231009,1.2032353241983416,0.7310937797451698,1.4539680325872602,2.095667647307114,2.709817128520804,1.9737075710086436,2.095667647307114,2.709817128520804,1.9737075710086436,4.805484775827917,4.069375218315757,4.683524699529448,6.779192346836561
467,11675,Blackhole Attack,0.8,0.6458355019044381,0.257041649206421,0.35685739158716334,0.6458355019044381,0.257041649206421,0.35685739158716334,0.9028771511108591,1.0026928934916013,0.6138990407935843,1.2597345426980224,1.6310205359279304,2.8313210019853807,0.869027250221496,1.6310205359279304,2.8313210019853807,0.869027250221496,4.462341537913311,2.5000477861494264,3.7003482522068767,5.331368788134807
468,11700,Flooding Attack,0.8,0.5033860607691082,0.23360819731543456,0.29940558335822304,0.5033860607691082,0.23360819731543456,0.29940558335822304,0.7369942580845428,0.8027916441273313,0.5330137806736576,1.0363998414427658,0.7718591329259953,2.380016217907877,0.35514878066651406,0.7718591329259953,2.380016217907877,0.35514878066651406,3.151875350833872,1.1270079135925093,2.735164998574391,3.507024131500386
469,11725,Wormhole Attack,0.76,0.7657103450837447,0.1934175858155023,0.4880381254980171,0.7657103450837447,0.1934175858155023,0.4880381254980171,0.959127930899247,1.2537484705817619,0.6814557113135195,1.4471660563972641,2.354026801377057,1.605985344040056,2.0423750847854185,2.354026801377057,1.605985344040056,2.0423750847854185,3.960012145417113,4.396401886162476,3.6483604288254745,6.002387230202531
470,11750,Sybil Attack,0.88,0.7017308679442988,0.2819934157880168,0.40564694190296313,0.7017308679442988,0.2819934157880168,0.40564694190296313,0.9837242837323157,1.107377809847262,0.68764035769098,1.3893712256352788,1.9681446462464156,3.31186700442008,1.3054260376478153,1.9681446462464156,3.31186700442008,1.3054260376478153,5.280011650666496,3.273570683894231,4.617293042067896,6.585437688314311
471,11775,Sybil Attack,0.8,0.678785169161607,0.2447802683232113,0.39900278717583165,0.678785169161607,0.2447802683232113,0.39900278717583165,0.9235654374848183,1.0777879563374386,0.6437830554990429,1.32256822466065,1.829751272415847,2.595179102032627,1.2459973065440144,1.829751272415847,2.595179102032627,1.2459973065440144,4.424930374448474,3.0757485789598613,3.8411764085766418,5.670927680992488
472,11800,Flooding Attack,0.8,0.7723404179636499,0.2816541281135606,0.4864639645754299,0.7723404179636499,0.2816541281135606,0.4864639645754299,1.0539945460772104,1.2588043825390798,0.7681180926889906,1.5404585106526403,2.39401504332525,3.3053326640517495,2.0282949812922633,2.39401504332525,3.3053326640517495,2.0282949812922633,5.699347707376999,4.422310024617513,5.333627645344013,7.727642688669262
473,11825,Wormhole Attack,0.8,0.7514273796225992,0.26153734413633667,0.3064062632628852,0.7514273796225992,0.26153734413633667,0.3064062632628852,1.0129647237589359,1.0578336428854844,0.5679436073992219,1.319370987021821,2.267881341297871,2.917903577999474,0.4177664560043627,2.267881341297871,2.917903577999474,0.4177664560043627,5.185784919297345,2.6856477973022335,3.3356700340038365,5.603551375301707
474,11850,Sybil Attack,0.72,0.7992680900866295,0.29347180312447607,0.3592583819391601,0.7992680900866295,0.29347180312447607,0.3592583819391601,1.0927398932111054,1.1585264720257895,0.6527301850636362,1.4519982751502656,2.556425063163631,3.5329292338576166,0.8905029406398675,2.556425063163631,3.5329292338576166,0.8905029406398675,6.089354297021248,3.4469280038034986,4.423432174497484,6.979857237661115
475,11875,Wormhole Attack,0.76,0.6973523578535746,0.22943907888371168,0.2641858744020643,0.6973523578535746,0.22943907888371168,0.2641858744020643,0.9267914367372863,0.961538232255639,0.493624953285776,1.1909773111393505,1.9417363511866201,2.2997231777542,0.04012562135286401,1.9417363511866201,2.2997231777542,0.04012562135286401,4.24145952894082,1.9818619725394842,2.339848799107064,4.281585150293684
476,11900,Blackhole Attack,0.76,0.7423913533575318,0.24888334100163229,0.3862243637044682,0.7423913533575318,0.24888334100163229,0.3862243637044682,0.9912746943591642,1.128615717062,0.6351077047061005,1.3774990580636324,2.2133819698606585,2.674200167209173,1.1317005263517783,2.2133819698606585,2.674200167209173,1.1317005263517783,4.887582137069831,3.345082496212437,3.805900693560951,6.01928266342161
477,11925,Blackhole Attack,0.88,0.8118654865042737,0.2974460834271167,0.32389165258816666,0.8118654865042737,0.2974460834271167,0.32389165258816666,1.1093115699313905,1.1357571390924404,0.6213377360152834,1.4332032225195572,2.632404278624873,3.6094698870311515,0.5741647554319936,2.632404278624873,3.6094698870311515,0.5741647554319936,6.241874165656025,3.2065690340568667,4.183634642463145,6.816038921088019
478,11950,Normal Traffic,0.64,0.9213185943078519,0.3080471945269394,0.3784105546303807,0.9213185943078519,0.3080471945269394,0.3784105546303807,1.2293657888347913,1.2997291489382325,0.68645774915732,1.607776343465172,3.2925534860486243,3.8136366558940598,1.0618098062479633,3.2925534860486243,3.8136366558940598,1.0618098062479633,7.106190141942684,4.354363292296588,4.875446462142023,8.167999948190648
479,11975,Normal Traffic,0.64,0.6755973837561373,0.28983817027699466,0.2779428675577901,0.6755973837561373,0.28983817027699466,0.2779428675577901,0.965435554033132,0.9535402513139274,0.5677810378347847,1.243378421590922,1.8105246460450877,3.4629491090651485,0.16317523121669458,1.8105246460450877,3.4629491090651485,0.16317523121669458,5.273473755110237,1.9736998772617822,3.626124340281843,5.436648986326931
480,12000,Blackhole Attack,0.88,0.7488123573877329,0.216004870574172,0.49204205878788265,0.7488123573877329,0.216004870574172,0.49204205878788265,0.9648172279619049,1.2408544161756154,0.7080469293620546,1.4568592867497876,2.252109245919451,2.0409937976955543,2.0781883198188096,2.252109245919451,2.0409937976955543,2.0781883198188096,4.293103043615005,4.3302975657382605,4.119182117514364,6.371291363433815
481,12025,Sybil Attack,0.8,0.706755595506518,0.30283289789430057,0.28117472173042574,0.706755595506518,0.30283289789430057,0.28117472173042574,1.0095884934008186,0.9879303172369438,0.5840076196247264,1.2907632151312443,1.9984505003631574,3.713214531707811,0.19208259422676444,1.9984505003631574,3.713214531707811,0.19208259422676444,5.711665032070968,2.190533094589922,3.9052971259345752,5.903747626297733
482,12050,Wormhole Attack,0.8,0.7599553932057518,0.29313842428611614,0.36365303135040267,0.7599553932057518,0.29313842428611614,0.36365303135040267,1.053093817491868,1.1236084245561544,0.6567914556365189,1.4167468488422708,2.3193167141327855,3.5265086917470487,0.9298109412632917,2.3193167141327855,3.5265086917470487,0.9298109412632917,5.845825405879834,3.249127655396077,4.456319633010341,6.775636347143126
483,12075,Wormhole Attack,0.76,0.6723355990076326,0.23808786290750522,0.6748547383469268,0.6723355990076326,0.23808786290750522,0.6748547383469268,0.9104234619151379,1.3471903373545593,0.9129426012544319,1.5852782002620647,1.7908517042737453,2.4662900849494847,3.713358784997042,1.7908517042737453,2.4662900849494847,3.713358784997042,4.25714178922323,5.504210489270787,6.179648869946527,7.970500574220272
484,12100,Blackhole Attack,0.8,0.8668880391947879,0.23547194686781375,0.4591124336583966,0.8668880391947879,0.23547194686781375,0.4591124336583966,1.1023599860626017,1.3260004728531845,0.6945843805262104,1.5614724197209982,2.9642641524829916,2.4159101652965913,1.7836488460196975,2.9642641524829916,2.4159101652965913,1.7836488460196975,5.380174317779582,4.747912998502689,4.199559011316289,7.16382316379928
485,12125,Normal Traffic,0.68,0.8407684517393067,0.19342898794071942,0.5210894225681221,0.8407684517393067,0.19342898794071942,0.5210894225681221,1.0341974396800262,1.3618578743074288,0.7145184105088415,1.5552868622481482,2.8067279682394637,1.6062049375375513,2.3380028548899117,2.8067279682394637,1.6062049375375513,2.3380028548899117,4.412932905777015,5.144730823129375,3.9442077924274628,6.750935760666927
486,12150,Wormhole Attack,0.92,0.5430008495845781,0.24787028469848696,0.5589736702866014,0.5430008495845781,0.24787028469848696,0.5589736702866014,0.790871134283065,1.1019745198711794,0.8068439549850883,1.3498448045696665,1.01078950195419,2.654689718715445,2.676859016914197,1.01078950195419,2.654689718715445,2.676859016914197,3.665479220669635,3.6876485188683867,5.331548735629642,6.3423382375838315
487,12175,Flooding Attack,0.72,0.8091092293062588,0.2956084775591302,0.34039079727918925,0.8091092293062588,0.2956084775591302,0.34039079727918925,1.104717706865389,1.149500026585448,0.6359992748383194,1.4451085041445784,2.6157803467764436,3.5740794407866443,0.7217415764957035,2.6157803467764436,3.5740794407866443,0.7217415764957035,6.189859787563088,3.337521923272147,4.295821017282348,6.911601364058791
488,12200,Normal Traffic,0.6,0.822151256495018,0.2576495880756797,0.3557714635339152,0.822151256495018,0.2576495880756797,0.3557714635339152,1.0798008445706977,1.177922720028933,0.6134210516095949,1.435572308104613,2.694441282812258,2.843029294959011,0.8593141521789374,2.694441282812258,2.843029294959011,0.8593141521789374,5.537470577771269,3.5537554349911953,3.7023434471379484,6.396784729950206
489,12225,Blackhole Attack,0.76,0.8547013816297198,0.29951597536531743,0.3120758271108818,0.8547013816297198,0.29951597536531743,0.3120758271108818,1.1542173569950371,1.1667772087406014,0.6115918024761993,1.4662931841059188,2.8907622438194047,3.649333930048764,0.46847794591331066,2.8907622438194047,3.649333930048764,0.46847794591331066,6.540096173868169,3.3592401897327155,4.117811875962075,7.008574119781479
490,12250,Wormhole Attack,0.84,0.947703982741612,0.2423962944357412,0.48423509464557524,0.947703982741612,0.2423962944357412,0.48423509464557524,1.1901002771773532,1.4319390773871872,0.7266313890813164,1.6743353718229286,3.4516928070935142,2.5492661556371825,2.0083588242991426,3.4516928070935142,2.5492661556371825,2.0083588242991426,6.000958962730697,5.460051631392657,4.557624979936325,8.00931778702984
491,12275,Wormhole Attack,0.8,0.7529497093903326,0.21906644373104928,0.5248982344843623,0.7529497093903326,0.21906644373104928,0.5248982344843623,0.9720161531213818,1.2778479438746948,0.7439646782154117,1.4969143876057442,2.2770630338945783,2.099956626515215,2.3720708241788993,2.2770630338945783,2.099956626515215,2.3720708241788993,4.377019660409793,4.649133858073478,4.472027450694114,6.7490904845886925
492,12300,Blackhole Attack,0.84,1.0113595710722372,0.2187876309004132,0.4046069667261819,1.0113595710722372,0.2187876309004132,0.4046069667261819,1.2301472019726503,1.4159665377984192,0.6233945976265951,1.6347541686988323,3.835621477807613,2.09458697099397,1.296123965725381,3.835621477807613,2.09458697099397,1.296123965725381,5.930208448801583,5.131745443532994,3.3907109367193513,7.226332414526964
493,12325,Wormhole Attack,0.76,0.8590520436603553,0.2526955407457084,0.4184807066638989,0.8590520436603553,0.2526955407457084,0.4184807066638989,1.1117475844060636,1.2775327503242542,0.6711762474096072,1.5302282910699625,2.9170025776840838,2.747619311361057,1.420217818747165,2.9170025776840838,2.747619311361057,1.420217818747165,5.664621889045141,4.337220396431249,4.167837130108222,7.084839707792306
494,12350,Wormhole Attack,0.8,0.8273179306014735,0.22378205333382853,0.43018710326176307,0.8273179306014735,0.22378205333382853,0.43018710326176307,1.0510999839353021,1.2575050338632365,0.6539691565955916,1.4812870871970651,2.7256032651884397,2.1907745385956234,1.5249258401856234,2.7256032651884397,2.1907745385956234,1.5249258401856234,4.916377803784063,4.2505291053740635,3.715700378781247,6.441303643969686
495,12375,Normal Traffic,0.72,0.9068315867165159,0.24164945577864347,0.3786040583462408,0.9068315867165159,0.24164945577864347,0.3786040583462408,1.1484810424951593,1.2854356450627566,0.6202535141248843,1.5270851008414001,3.2051773779482957,2.5348827920401242,1.0635406028307814,3.2051773779482957,2.5348827920401242,1.0635406028307814,5.7400601699884195,4.268717980779077,3.5984233948709057,6.803600772819201
496,12400,Sybil Attack,0.8,0.71428263198502,0.2788737261282489,0.3813786147612617,0.71428263198502,0.2788737261282489,0.3813786147612617,0.9931563581132689,1.0956612467462816,0.6602523408895107,1.3745349728745306,2.0438486372022675,3.2517849100346634,1.0883576599121407,2.0438486372022675,3.2517849100346634,1.0883576599121407,5.295633547236931,3.1322062971144082,4.340142569946805,6.383991207149071
497,12425,Blackhole Attack,0.76,0.9455870005772872,0.22116711306781686,0.5881794234536476,0.9455870005772872,0.22116711306781686,0.5881794234536476,1.166754113645104,1.5337664240309348,0.8093465365214645,1.7549335370987516,3.438924562080159,2.140413411365286,2.938090267980759,3.438924562080159,2.140413411365286,2.938090267980759,5.579337973445445,6.377014830060918,5.078503679346045,8.517428241426204
498,12450,Blackhole Attack,0.84,0.7747409812116491,0.2698377104770664,0.40490239237355424,0.7747409812116491,0.2698377104770664,0.40490239237355424,1.0445786916887156,1.1796433735852034,0.6747401028506206,1.4494810840622698,2.408493663049609,3.077760310016326,1.2987664043921332,2.408493663049609,3.077760310016326,1.2987664043921332,5.486253973065935,3.707260067441742,4.37652671440846,6.785020377458068
499,12475,Wormhole Attack,0.8,0.724494125086769,0.19684725431319988,0.5690880524664074,0.724494125086769,0.19684725431319988,0.5690880524664074,0.921341379399969,1.2935821775531764,0.7659353067796073,1.4904294318663762,2.105437652014256,1.6720373199935512,2.7673272440297136,2.105437652014256,1.6720373199935512,2.7673272440297136,3.7774749720078074,4.87276489604397,4.439364564023265,6.544802216037521
500,12500,Blackhole Attack,0.92,0.7416251907783026,0.21612314108821168,0.46228496880540454,0.7416251907783026,0.21612314108821168,0.46228496880540454,0.9577483318665143,1.2039101595837072,0.6784081098936162,1.4200333006719188,2.2087609807486492,2.0432715691928873,1.812025629209136,2.2087609807486492,2.0432715691928873,1.812025629209136,4.252032549941537,4.020786609957785,3.855297198402023,6.064058179150672
501,12525,Wormhole Attack,0.72,0.7748072054542331,0.2305185848229668,0.6499143456954588,0.7748072054542331,0.2305185848229668,0.6499143456954588,1.0053257902772,1.424721551149692,0.8804329305184256,1.6552401359726587,2.4088930841545126,2.3205133796029216,3.4902791082919196,2.4088930841545126,2.3205133796029216,3.4902791082919196,4.729406463757434,5.899172192446432,5.810792487894841,8.219685572049354
502,12550,Wormhole Attack,0.96,0.6620205724331816,0.20907471107381648,0.6364982354415964,0.6620205724331816,0.20907471107381648,0.6364982354415964,0.871095283506998,1.298518807874778,0.8455729465154129,1.5075935189485945,1.728638243602543,1.9075258753646733,3.370278530117553,1.728638243602543,1.9075258753646733,3.370278530117553,3.6361641189672165,5.098916773720096,5.277804405482226,7.00644264908477
503,12575,Sybil Attack,0.76,0.8465423526058942,0.28726171388169075,0.46082881274445375,0.8465423526058942,0.28726171388169075,0.46082881274445375,1.1338040664875848,1.307371165350348,0.7480905266261445,1.5946328792320386,2.8415523433285776,3.4133291425925614,1.799001021784201,2.8415523433285776,3.4133291425925614,1.799001021784201,6.254881485921139,4.640553365112779,5.2123301643767626,8.05388250770534
504,12600,Sybil Attack,0.68,0.7027644538927502,0.2724138371702154,0.3616757093386542,0.7027644538927502,0.2724138371702154,0.3616757093386542,0.9751782910629656,1.0644401632314044,0.6340895465088696,1.3368540004016198,1.9743785573556276,3.127373926756039,0.9121247579987792,1.9743785573556276,3.127373926756039,0.9121247579987792,5.101752484111667,2.886503315354407,4.039498684754818,6.013877242110446
505,12625,Sybil Attack,0.88,0.739849338547536,0.2627784010122816,0.433161170478526,0.739849338547536,0.2627784010122816,0.433161170478526,1.0026277395598175,1.1730105090260619,0.6959395714908077,1.4357889100383434,2.1980502072843993,2.94180508888365,1.5515274243100707,2.1980502072843993,2.94180508888365,1.5515274243100707,5.139855296168049,3.74957763159447,4.493332513193721,6.69138272047812
506,12650,Blackhole Attack,0.84,0.835270731587813,0.32876864165678776,0.3917717313274674,0.835270731587813,0.32876864165678776,0.3917717313274674,1.1640393732446008,1.2270424629152803,0.7205403729842552,1.5558111045720682,2.773569333702021,4.212710947902516,1.1813190304866872,2.773569333702021,4.212710947902516,1.1813190304866872,6.986280281604537,3.954888364188708,5.394029978389203,8.167599312091223
507,12675,Sybil Attack,0.88,0.6192018616800259,0.2823911436744941,0.3588395467408491,0.6192018616800259,0.2823911436744941,0.3588395467408491,0.90159300535452,0.9780414084208751,0.6412306904153432,1.2604325520953692,1.470383923247114,3.319526844667401,0.8867566635889149,1.470383923247114,3.319526844667401,0.8867566635889149,4.789910767914515,2.357140586836029,4.206283508256316,5.67666743150343
508,12700,Flooding Attack,0.84,0.8909977166012754,0.29890136332604217,0.3396797475156943,0.8909977166012754,0.29890136332604217,0.3396797475156943,1.1898990799273175,1.2306774641169698,0.6385811108417365,1.5295788274430118,3.1096778803389196,3.6374971185125498,0.7153815823457168,3.1096778803389196,3.6374971185125498,0.7153815823457168,6.747174998851469,3.8250594626846364,4.352878700858266,7.462556581197186
509,12725,Normal Traffic,0.6,0.8759148087663224,0.18432745839258263,0.5660272040417296,0.8759148087663224,0.18432745839258263,0.5660272040417296,1.0602422671589051,1.441942012808052,0.7503546624343123,1.6262694712006347,3.018707693628843,1.4309186055619858,2.7399494442266974,3.018707693628843,1.4309186055619858,2.7399494442266974,4.449626299190829,5.75865713785554,4.170868049788683,7.189575743417526
510,12750,Normal Traffic,0.64,0.736065808021841,0.28258601696438557,0.28142126494122843,0.736065808021841,0.28258601696438557,0.28142126494122843,1.0186518249862266,1.0174870729630694,0.564007281905614,1.300073089927455,2.175230437906234,3.3232799088094698,0.1942878032837466,2.175230437906234,3.3232799088094698,0.1942878032837466,5.498510346715704,2.3695182411899807,3.5175677120932165,5.69279814999945
511,12775,Normal Traffic,0.68,0.8469084146782777,0.2558151662190469,0.24491171875935236,0.8469084146782777,0.2558151662190469,0.24491171875935236,1.1027235808973246,1.09182013343763,0.5007268849783992,1.347635299656677,2.843760189152248,2.807700169580211,-0.13227232240153444,2.843760189152248,2.807700169580211,-0.13227232240153444,5.651460358732459,2.711487866750714,2.6754278471786765,5.519188036330925
512,12800,Blackhole Attack,0.88,0.8766983081150997,0.25759842113895615,0.4990933727969667,0.8766983081150997,0.25759842113895615,0.4990933727969667,1.1342967292540558,1.3757916809120665,0.7566917939359228,1.6333901020510224,3.0234332467400487,2.8420438710685247,2.141258892583035,3.0234332467400487,2.8420438710685247,2.141258892583035,5.865477117808574,5.164692139323083,4.98330276365156,8.00673601039161
513,12825,Blackhole Attack,0.72,0.7904836541236726,0.24869109682412982,0.4946664201317773,0.7904836541236726,0.24869109682412982,0.4946664201317773,1.0391747509478024,1.28515007425545,0.7433575169559071,1.5338411710795796,2.5034431190692024,2.670497737135212,2.1016619550712594,2.5034431190692024,2.670497737135212,2.1016619550712594,5.173940856204414,4.605105074140462,4.772159692206472,7.275602811275673
514,12850,Sybil Attack,0.76,0.7154444348713798,0.2875190644465045,0.246034062646852,0.7154444348713798,0.2875190644465045,0.246034062646852,1.0029634993178842,0.9614784975182318,0.5335531270933564,1.2489975619647362,2.0508558686094327,3.418285456396682,-0.12223350244090925,2.0508558686094327,3.418285456396682,-0.12223350244090925,5.469141325006115,1.9286223661685233,3.2960519539557724,5.346907822565206
515,12875,Blackhole Attack,0.84,0.8300765008742981,0.26206065110920845,0.5923575363487071,0.8300765008742981,0.26206065110920845,0.5923575363487071,1.0921371519835066,1.422434037223005,0.8544181874579155,1.6844946883322138,2.7422411479838362,2.927981945518559,2.975461454829837,2.7422411479838362,2.927981945518559,2.975461454829837,5.670223093502395,5.717702602813674,5.9034434003483955,8.645684548332232
516,12900,Normal Traffic,0.68,0.8521795102970033,0.28781536978296546,0.36406105535471484,0.8521795102970033,0.28781536978296546,0.36406105535471484,1.1399948800799689,1.2162405656517181,0.6518764251376803,1.5040559354346836,2.875551973458648,3.423992000038422,0.9334605174444642,2.875551973458648,3.423992000038422,0.9334605174444642,6.2995439734970695,3.8090124909031124,4.357452517482886,7.233004490941534
517,12925,Wormhole Attack,0.92,0.8524488489298347,0.2501578317366213,0.44577798433972665,0.8524488489298347,0.2501578317366213,0.44577798433972665,1.102606680666456,1.2982268332695615,0.695935816076348,1.5483846650061828,2.877176447067121,2.698745580690669,1.6643786851758329,2.877176447067121,2.698745580690669,1.6643786851758329,5.57592202775779,4.541555132242954,4.363124265866502,7.240300712933623
518,12950,Blackhole Attack,0.84,0.9564712831184302,0.19819404943818286,0.5090615190105319,0.9564712831184302,0.19819404943818286,0.5090615190105319,1.154665332556613,1.465532802128962,0.7072555684487147,1.6637268515671448,3.5045714005948425,1.6979752435186324,2.230419110136411,3.5045714005948425,1.6979752435186324,2.230419110136411,5.202546644113475,5.7349905107312535,3.9283943536550434,7.432965754249887
519,12975,Flooding Attack,0.8,0.8181863834025553,0.2875250342985499,0.3848765034136514,0.8181863834025553,0.2875250342985499,0.3848765034136514,1.1057114177011051,1.2030628868162068,0.6724015377122013,1.4905879211147566,2.670527774260065,3.4184004297604385,1.1196445718958492,2.670527774260065,3.4184004297604385,1.1196445718958492,6.088928204020503,3.790172346155914,4.538045001656288,7.208572775916352
520,13000,Normal Traffic,0.68,0.6864962232196896,0.24101395364050893,0.5635100856144732,0.6864962232196896,0.24101395364050893,0.5635100856144732,0.9275101768601985,1.2500063088341629,0.8045240392549822,1.4910202624746718,1.8762592823481012,2.522643658148718,2.7174350446810354,1.8762592823481012,2.522643658148718,2.7174350446810354,4.39890294049682,4.593694327029136,5.240078702829754,7.116337985177855
521,13025,Wormhole Attack,0.84,0.9083633752112663,0.2748784379580885,0.4515104001168909,0.9083633752112663,0.2748784379580885,0.4515104001168909,1.1832418131693547,1.3598737753281571,0.7263888380749794,1.6347522132862458,3.2144161193695537,3.1748396663996354,1.715652355008528,3.2144161193695537,3.1748396663996354,1.715652355008528,6.389255785769189,4.930068474378082,4.890492021408163,8.104908140777717
522,13050,Wormhole Attack,0.84,0.7218004276082634,0.1826664400704605,0.45599289282839794,0.7218004276082634,0.1826664400704605,0.45599289282839794,0.9044668676787239,1.1777933204366613,0.6386593328988585,1.3604597605071218,2.089191039276077,1.3989290583667455,1.7557460712097923,2.089191039276077,1.3989290583667455,1.7557460712097923,3.4881200976428226,3.844937110485869,3.154675129576538,5.243866168852615
523,13075,Sybil Attack,0.76,0.7413445113370946,0.3234063419648303,0.4924259270834438,0.7413445113370946,0.3234063419648303,0.4924259270834438,1.0647508533019248,1.2337704384205384,0.8158322690482741,1.5571767803853684,2.2070681068378772,4.10943843321301,2.081621834938953,2.2070681068378772,4.10943843321301,2.081621834938953,6.316506540050888,4.2886899417768305,6.191060268151963,8.398128374989842
524,13100,Sybil Attack,0.8,0.6973906100395658,0.304924006132602,0.33862205685476104,0.6973906100395658,0.304924006132602,0.33862205685476104,1.0023146161721679,1.0360126668943268,0.643546062987363,1.340936673026929,1.9419670632309929,3.753487179389407,0.7059210540375898,1.9419670632309929,3.753487179389407,0.7059210540375898,5.6954542426204,2.6478881172685824,4.459408233426997,6.4013752966579895
525,13125,Flooding Attack,0.8,0.565722744010445,0.26622222672185414,0.538326232403826,0.565722744010445,0.26622222672185414,0.538326232403826,0.8319449707322991,1.104048976414271,0.8045484591256802,1.370271203136125,1.1478330350014245,3.0081297185408373,2.4921777317377383,1.1478330350014245,3.0081297185408373,2.4921777317377383,4.155962753542262,3.640010766739163,5.500307450278576,6.648140485280001
526,13150,Normal Traffic,0.68,0.7458212681450614,0.2561968943717332,0.3450187050574774,0.7458212681450614,0.2561968943717332,0.3450187050574774,1.0020181625167948,1.090839973202539,0.6012155994292105,1.347036867574272,2.234068961522714,2.8150518709994405,0.7631359597128768,2.234068961522714,2.8150518709994405,0.7631359597128768,5.049120832522155,2.997204921235591,3.5781878307123174,5.812256792235031
527,13175,Wormhole Attack,0.76,0.832757905025441,0.2918778817211994,0.2877693878980596,0.832757905025441,0.2918778817211994,0.2877693878980596,1.1246357867466403,1.1205272929235006,0.5796472696192589,1.4124051746447,2.7584136154512415,3.502231906033755,0.25106867424613344,2.7584136154512415,3.502231906033755,0.25106867424613344,6.260645521484996,3.0094822896973747,3.7533005802798884,6.5117141957311295
528,13200,Normal Traffic,0.72,0.8499473571319651,0.26690498151429903,0.5279119538624069,0.8499473571319651,0.26690498151429903,0.5279119538624069,1.116852338646264,1.377859310994372,0.7948169353767058,1.644764292508671,2.862089092665964,3.02127889116874,2.3990270775919567,2.862089092665964,3.02127889116874,2.3990270775919567,5.883367983834704,5.261116170257921,5.4203059687606965,8.28239506142666
529,13225,Wormhole Attack,0.92,0.8433488647898327,0.23254210860170696,0.477949238778132,0.8433488647898327,0.23254210860170696,0.477949238778132,1.0758909733915396,1.3212981035679647,0.710491347379839,1.5538402121696717,2.8222913237650795,2.359484418367863,1.9521349021532457,2.8222913237650795,2.359484418367863,1.9521349021532457,5.181775742132943,4.774426225918325,4.311619320521109,7.133910644286188
530,13250,Blackhole Attack,0.76,0.6347033179896818,0.15673981389115782,0.3391271844852292,0.6347033179896818,0.15673981389115782,0.3391271844852292,0.7914431318808397,0.973830502474911,0.49586699837638704,1.130570316366069,1.5638785192625844,0.8996082376809539,0.7104391749057883,1.5638785192625844,0.8996082376809539,0.7104391749057883,2.463486756943538,2.2743176941683725,1.6100474125867423,3.1739259318493263
531,13275,Sybil Attack,0.72,0.8557914093461293,0.30474156768249394,0.2957926592290546,0.8557914093461293,0.30474156768249394,0.2957926592290546,1.1605329770286232,1.151584068575184,0.6005342269115486,1.4563256362576777,2.8973365745761797,3.7499735977917625,0.32283293231728666,2.8973365745761797,3.7499735977917625,0.32283293231728666,6.647310172367942,3.220169506893466,4.072806530109049,6.970143104685229
532,13300,Blackhole Attack,0.92,0.4983342931521803,0.26204501383180645,0.6325045371419604,0.4983342931521803,0.26204501383180645,0.6325045371419604,0.7603793069839868,1.1308388302941408,0.8945495509737669,1.3928838441259472,0.7413901909715223,2.927680787237043,3.334556842091596,0.7413901909715223,2.927680787237043,3.334556842091596,3.6690709782085653,4.075947033063119,6.26223762932864,7.003627820300162
533,13325,Sybil Attack,0.72,0.9227131938428367,0.3055774639150838,0.3832591405098221,0.9227131938428367,0.3055774639150838,0.3832591405098221,1.2282906577579205,1.3059723343526588,0.6888366044249059,1.6115497982677427,3.3009647938330127,3.766072120984808,1.105178047701818,3.3009647938330127,3.766072120984808,1.105178047701818,7.0670369148178205,4.40614284153483,4.871250168686625,8.17221496251964
534,13350,Blackhole Attack,0.8,0.9038092403909581,0.2778636802776389,0.39502561298272026,0.9038092403909581,0.2778636802776389,0.39502561298272026,1.181672920668597,1.2988348533736784,0.6728892932603592,1.5766985336513173,3.186948571371533,3.232332439837848,1.2104234186105771,3.186948571371533,3.232332439837848,1.2104234186105771,6.419281011209381,4.39737198998211,4.442755858448425,7.629704429819958
535,13375,Normal Traffic,0.72,0.9283371112209778,0.31415086632361494,0.4915445218733603,0.9283371112209778,0.31415086632361494,0.4915445218733603,1.2424879775445927,1.419881633094338,0.8056953881969753,1.734032499417953,3.3348845670975518,3.9311872538637154,2.0737380942112353,3.3348845670975518,3.9311872538637154,2.0737380942112353,7.266071820961267,5.408622661308787,6.00492534807495,9.339809915172502
536,13400,Wormhole Attack,0.96,0.6435994763302207,0.16250733275823093,0.4680195429353166,0.6435994763302207,0.16250733275823093,0.4680195429353166,0.8061068090884517,1.1116190192655373,0.6305268756935476,1.2741263520237682,1.6175342993082469,1.0106848673246025,1.8633186044569432,1.6175342993082469,1.0106848673246025,1.8633186044569432,2.6282191666328494,3.4808529037651903,2.8740034717815455,4.491537771089792
537,13425,Flooding Attack,0.96,0.4670204143790541,0.25526125539746863,0.29295231340815764,0.4670204143790541,0.25526125539746863,0.29295231340815764,0.7222816697765228,0.7599727277872117,0.5482135688056262,1.0152339831846804,0.5525254554855292,2.7970324026249416,0.2974274210123494,0.5525254554855292,2.7970324026249416,0.2974274210123494,3.3495578581104706,0.8499528764978787,3.094459823637291,3.64698527912282
538,13450,Wormhole Attack,0.84,0.8843213563592272,0.284239657502316,0.37625355956482703,0.8843213563592272,0.284239657502316,0.37625355956482703,1.1685610138615432,1.2605749159240542,0.660493217067143,1.5448145734263703,3.0694104634449837,3.355127367279707,1.0425165349429528,3.0694104634449837,3.355127367279707,1.0425165349429528,6.424537830724691,4.111926998387936,4.39764390222266,7.467054365667644
539,13475,Flooding Attack,0.8,0.8363019342233895,0.27436676153209044,0.5224608821329308,0.8363019342233895,0.27436676153209044,0.5224608821329308,1.1106686957554799,1.3587628163563203,0.7968276436650212,1.6331295778884107,2.7797888702344213,3.164985291550089,2.3502698933687016,2.7797888702344213,3.164985291550089,2.3502698933687016,5.94477416178451,5.130058763603123,5.515255184918791,8.295044055153213
540,13500,Wormhole Attack,0.76,0.8559974144340573,0.1991217613759758,0.48475526146910247,0.8559974144340573,0.1991217613759758,0.48475526146910247,1.0551191758100331,1.3407526759031598,0.6838770228450782,1.5398744372791355,2.898579061868226,1.7158420451200134,2.013011463431444,2.898579061868226,1.7158420451200134,2.013011463431444,4.614421106988239,4.91159052529967,3.7288535085514574,6.627432570419683
541,13525,Blackhole Attack,0.8,0.8461664530523538,0.24361669129102617,0.44096647036643494,0.8461664530523538,0.24361669129102617,0.44096647036643494,1.08978314434338,1.2871329234187887,0.6845831616574611,1.530749614709815,2.839285164284325,2.572769775241561,1.6213420338839408,2.839285164284325,2.572769775241561,1.6213420338839408,5.412054939525886,4.460627198168266,4.194111809125502,7.033396973409827
542,13550,Blackhole Attack,0.8,0.7185912305317103,0.22575197846802036,0.5196490989919836,0.7185912305317103,0.22575197846802036,0.5196490989919836,0.9443432089997306,1.238240329523694,0.745401077460004,1.463992307991714,2.069835271778319,2.2287133212159196,2.325119861337811,2.069835271778319,2.2287133212159196,2.325119861337811,4.298548592994239,4.394955133116129,4.55383318255373,6.62366845433205
543,13575,Flooding Attack,0.92,0.46011254238461324,0.2769879760180223,0.2840878575014338,0.46011254238461324,0.2769879760180223,0.2840878575014338,0.7371005184026356,0.744200399886047,0.5610758335194561,1.0211883759040694,0.5108617118639361,3.2154672539642273,0.2181391762171186,0.5108617118639361,3.2154672539642273,0.2181391762171186,3.7263289658281633,0.7290008880810548,3.433606430181346,3.944468142045282
544,13600,Blackhole Attack,0.68,0.8362775015747413,0.252552460504008,0.42507594260232495,0.8362775015747413,0.252552460504008,0.42507594260232495,1.0888299620787494,1.2613534441770664,0.6776284031063329,1.5139059046810743,2.779641508556311,2.7448637293884675,1.4792089950890293,2.779641508556311,2.7448637293884675,1.4792089950890293,5.524505237944778,4.25885050364534,4.224072724477496,7.003714233033808
545,13625,Blackhole Attack,0.84,0.5734414186837005,0.2333480536800955,0.600744610568856,0.5734414186837005,0.2333480536800955,0.600744610568856,0.806789472363796,1.1741860292525566,0.8340926642489515,1.407534082932652,1.1943870074756973,2.3750061123663633,3.0504797527242986,1.1943870074756973,2.3750061123663633,3.0504797527242986,3.5693931198420605,4.244866760199995,5.425485865090662,6.61987287256636
546,13650,Normal Traffic,0.64,0.7625078628993938,0.27833763360828,0.31549863362596614,0.7625078628993938,0.27833763360828,0.31549863362596614,1.0408454965076737,1.07800649652536,0.5938362672342461,1.3563441301336399,2.3347115336956508,3.241460305699986,0.49909328471248804,2.3347115336956508,3.241460305699986,0.49909328471248804,5.576171839395637,2.833804818408139,3.7405535904124743,6.075265124108125
547,13675,Blackhole Attack,0.88,0.8492623904999992,0.2687645065948259,0.49397070887761896,0.8492623904999992,0.2687645065948259,0.49397070887761896,1.118026897094825,1.3432330993776183,0.7627352154724449,1.611997605972444,2.8579578241412227,3.057091479465929,2.095439156423836,2.8579578241412227,3.057091479465929,2.095439156423836,5.915049303607152,4.953396980565058,5.1525306358897645,8.010488460030988
548,13700,Wormhole Attack,0.76,0.6584505752425954,0.24278696371137184,0.2942549211390385,0.6584505752425954,0.24278696371137184,0.2942549211390385,0.9012375389539673,0.9527054963816339,0.5370418848504104,1.1954924600930057,1.7071063669554238,2.5567900541180553,0.30907861333876185,1.7071063669554238,2.5567900541180553,0.30907861333876185,4.263896421073479,2.016184980294186,2.8658686674568172,4.572975034412241
549,13725,Normal Traffic,0.68,0.9487496702020545,0.277488345005887,0.4278217034564668,0.9487496702020545,0.277488345005887,0.4278217034564668,1.2262380152079415,1.3765713736585212,0.7053100484623538,1.6540597186644084,3.45799970656925,3.2251038588945584,1.5037684898897454,3.45799970656925,3.2251038588945584,1.5037684898897454,6.683103565463808,4.961768196458995,4.728872348784304,8.186872055353554
550,13750,Sybil Attack,0.88,0.5157806049524877,0.2946424293297277,0.3494293854394655,0.5157806049524877,0.2946424293297277,0.3494293854394655,0.8104230342822154,0.8652099903919532,0.6440718147691932,1.1598524197216808,0.846614877036252,3.5554743206529493,0.8025873495692277,0.846614877036252,3.5554743206529493,0.8025873495692277,4.402089197689201,1.6492022266054798,4.3580616702221775,5.204676547258429
551,13775,Wormhole Attack,0.76,0.8615040791781545,0.18588798264527812,0.6264812998161032,0.8615040791781545,0.18588798264527812,0.6264812998161032,1.0473920618234327,1.4879853789942579,0.8123692824613813,1.673873361639536,2.931791644309355,1.4609727377567112,3.2806819150145614,2.931791644309355,1.4609727377567112,3.2806819150145614,4.392764382066066,6.212473559323916,4.741654652771272,7.673446297080627
552,13800,Sybil Attack,0.76,0.8207400690678831,0.2259303977916816,0.3933132410988324,0.8207400690678831,0.2259303977916816,0.3933132410988324,1.0466704668595648,1.2140533101667155,0.619243638890514,1.4399837079583973,2.6859299277649322,2.232149498468625,1.1951070853196433,2.6859299277649322,2.232149498468625,1.1951070853196433,4.918079426233557,3.8810370130845753,3.4272565837882683,6.1131865115532005
553,13825,Normal Traffic,0.64,0.8530151956893965,0.29221029303947077,0.4460413785005284,0.8530151956893965,0.29221029303947077,0.4460413785005284,1.1452254887288673,1.299056574189925,0.7382516715399992,1.5912668672293957,2.8805922784852904,3.508633814677658,1.6667346177811766,2.8805922784852904,3.508633814677658,1.6667346177811766,6.389226093162948,4.547326896266467,5.175368432458835,8.055960710944126
554,13850,Wormhole Attack,0.76,0.7411229115481212,0.24781103859368794,0.5624876430688996,0.7411229115481212,0.24781103859368794,0.5624876430688996,0.9889339501418091,1.3036105546170207,0.8102986816625876,1.5514215932107087,2.205731562558855,2.6535486981497107,2.708289793613679,2.205731562558855,2.6535486981497107,2.708289793613679,4.859280260708566,4.914021356172534,5.36183849176339,7.567570054322244
555,13875,Sybil Attack,0.88,0.8153797616869831,0.32481029273424056,0.22339156708998295,0.8153797616869831,0.32481029273424056,0.22339156708998295,1.1401900544212236,1.038771328776966,0.5482018598242235,1.3635816215112064,2.6536000767441728,4.136477117133404,-0.3247596077516934,2.6536000767441728,4.136477117133404,-0.3247596077516934,6.790077193877576,2.3288404689924795,3.8117175093817104,6.465317586125883
556,13900,Normal Traffic,0.68,0.946567093021302,0.2747078935554522,0.23895003022389255,0.946567093021302,0.2747078935554522,0.23895003022389255,1.2212749865767543,1.1855171232451946,0.5136579237793448,1.4602250168006468,3.4448358355296027,3.1715551522288066,-0.18559672549703776,3.4448358355296027,3.1715551522288066,-0.18559672549703776,6.616390987758409,3.259239110032565,2.9859584267317687,6.430794262261371
557,13925,Normal Traffic,0.68,0.7177702911201791,0.23066352370163887,0.3526621289227178,0.7177702911201791,0.23066352370163887,0.3526621289227178,0.948433814821818,1.070432420042897,0.5833256526243566,1.3010959437445357,2.064883904816334,2.3233047570597227,0.8315026670300404,2.064883904816334,2.3233047570597227,0.8315026670300404,4.388188661876057,2.8963865718463744,3.1548074240897632,5.219691328906097
558,13950,Sybil Attack,0.84,0.5491337892045116,0.33897890609187675,0.3318082614361968,0.5491337892045116,0.33897890609187675,0.3318082614361968,0.8881126952963884,0.8809420506407084,0.6707871675280735,1.2199209567325853,1.0477793628226677,4.4093504019483145,0.6449749694931394,1.0477793628226677,4.4093504019483145,0.6449749694931394,5.457129764770983,1.6927543323158072,5.054325371441454,6.102104734264122
559,13975,Normal Traffic,0.64,0.9021430463559635,0.17009967079982116,0.4858909190448717,0.9021430463559635,0.17009967079982116,0.4858909190448717,1.0722427171557847,1.3880339654008353,0.6559905898446928,1.5581336362006564,3.1768991840705363,1.1569056843191858,2.0231693678554312,3.1768991840705363,1.1569056843191858,2.0231693678554312,4.333804868389722,5.200068551925968,3.180075052174617,6.3569742362451525
560,14000,Blackhole Attack,0.88,0.8034573675292693,0.2470943203237581,0.6266985314537796,0.8034573675292693,0.2470943203237581,0.6266985314537796,1.0505516878530274,1.430155898983049,0.8737928517775377,1.677250219306807,2.5816920312647094,2.6397454230044257,3.2826249463124317,2.5816920312647094,2.6397454230044257,3.2826249463124317,5.221437454269135,5.8643169775771415,5.922370369316857,8.504062400581567
561,14025,Normal Traffic,0.72,0.8174965672117386,0.20144503556415475,0.21821942366566618,0.8174965672117386,0.20144503556415475,0.21821942366566618,1.0189416027758933,1.0357159908774047,0.41966445922982093,1.2371610264415596,2.6663672563837433,1.7605859761774878,-0.3710219140069718,2.6663672563837433,1.7605859761774878,-0.3710219140069718,4.426953232561231,2.2953453423767716,1.3895640621705159,4.055931318554259
562,14050,Blackhole Attack,1.0,0.5625915051271693,0.25331658940310114,0.40486477043436386,0.5625915051271693,0.25331658940310114,0.40486477043436386,0.8159080945302704,0.9674562755615331,0.6581813598374651,1.2207728649646343,1.1289474600869285,2.759580085707498,1.2984298944522579,1.1289474600869285,2.759580085707498,1.2984298944522579,3.8885275457944264,2.4273773545391863,4.058009980159756,5.186957440246684
563,14075,Blackhole Attack,0.8,0.8951590184841216,0.26555213533702315,0.414526583735252,0.8951590184841216,0.26555213533702315,0.414526583735252,1.1607111538211448,1.3096856022193735,0.6800787190722751,1.5752377375563968,3.134776118250462,2.995224430444564,1.384850113158017,3.134776118250462,2.995224430444564,1.384850113158017,6.130000548695026,4.519626231408479,4.380074543602581,7.5148506618530435
564,14100,Wormhole Attack,0.84,0.9196728741899068,0.2578781147117122,0.4926573164062311,0.9196728741899068,0.2578781147117122,0.4926573164062311,1.177550988901619,1.4123301905961378,0.7505354311179433,1.67020830530785,3.2826275839586407,2.847430488799781,2.0836914998412563,3.2826275839586407,2.847430488799781,2.0836914998412563,6.1300580727584215,5.3663190837998975,4.931121988641037,8.213749572599678
565,14125,Blackhole Attack,0.96,0.5239996054742115,0.27272593471399154,0.43424752744706174,0.5239996054742115,0.27272593471399154,0.43424752744706174,0.7967255401882031,0.9582471329212733,0.7069734621610533,1.2309730676352648,0.8961864861857003,3.1333846124740568,1.5612443587911744,0.8961864861857003,3.1333846124740568,1.5612443587911744,4.029571098659757,2.4574308449768747,4.694628971265232,5.5908154574509314
566,14150,Normal Traffic,0.72,1.0077472055382266,0.2566622476197736,0.4507226797150088,1.0077472055382266,0.2566622476197736,0.4507226797150088,1.2644094531580001,1.4584698852532354,0.7073849273347823,1.715132132873009,3.8138340631598586,2.824014107894953,1.7086065793047702,3.8138340631598586,2.824014107894953,1.7086065793047702,6.637848171054811,5.522440642464629,4.532620687199723,8.346454750359582
567,14175,Sybil Attack,0.8,0.8249407814105942,0.26697673806402694,0.5335581813894122,0.8249407814105942,0.26697673806402694,0.5335581813894122,1.0919175194746211,1.3584989628000064,0.8005349194534392,1.6254757008640333,2.71126586366757,3.0226608503581818,2.4495298354646877,2.71126586366757,3.0226608503581818,2.4495298354646877,5.733926714025752,5.160795699132258,5.47219068582287,8.18345654949044
568,14200,Flooding Attack,0.76,0.7254446947834305,0.27797117446432745,0.4266402896859139,0.7254446947834305,0.27797117446432745,0.4266402896859139,1.003415869247758,1.1520849844693444,0.7046114641502413,1.4300561589336718,2.1111708636557043,3.2344026700770265,1.4932013185675885,2.1111708636557043,3.2344026700770265,1.4932013185675885,5.345573533732731,3.604372182223293,4.727603988644615,6.838774852300319
569,14225,Blackhole Attack,0.76,0.7427658697514999,0.25010106483975286,0.5319033069113983,0.7427658697514999,0.25010106483975286,0.5319033069113983,0.9928669345912529,1.2746691766628984,0.7820043717511511,1.5247702415026512,2.2156408065954634,2.697652307183499,2.4347277884920557,2.2156408065954634,2.697652307183499,2.4347277884920557,4.913293113778963,4.650368595087519,5.132380095675554,7.348020902271019
570,14250,Sybil Attack,0.8,0.8962253166307912,0.25241893895703144,0.48797095034422616,0.8962253166307912,0.25241893895703144,0.48797095034422616,1.1486442555878227,1.3841962669750174,0.7403898893012576,1.636615205932049,3.141207327838997,2.7422922382906867,2.0417742357210225,3.141207327838997,2.7422922382906867,2.0417742357210225,5.883499566129684,5.18298156356002,4.784066474011709,7.9252738018507065
571,14275,Wormhole Attack,0.84,0.8015925582071426,0.22779763732979944,0.4752693683027741,0.8015925582071426,0.22779763732979944,0.4752693683027741,1.029390195536942,1.2768619265099166,0.7030670056325735,1.504659563839716,2.5704447270930673,2.268110659482867,1.9281647647296372,2.5704447270930673,2.268110659482867,1.9281647647296372,4.838555386575934,4.498609491822704,4.196275424212504,6.766720151305572
572,14300,Sybil Attack,0.8,0.7283636616040583,0.2536579027070926,0.18856788994770207,0.7283636616040583,0.2536579027070926,0.18856788994770207,0.982021564311151,0.9169315515517604,0.44222579265479467,1.170589454258853,2.1287761530056577,2.766153437669353,-0.6362404551924141,2.1287761530056577,2.766153437669353,-0.6362404551924141,4.8949295906750105,1.4925356978132436,2.129912982476939,4.258689135482596
573,14325,Flooding Attack,0.76,0.7646031569090982,0.2740659711051415,0.46069457024381694,0.7646031569090982,0.2740659711051415,0.46069457024381694,1.0386691280142397,1.225297727152915,0.7347605413489584,1.4993636982580567,2.347348970015032,3.159192369563253,1.7978002879360757,2.347348970015032,3.159192369563253,1.7978002879360757,5.506541339578285,4.145149257951108,4.956992657499328,7.3043416275143604
574,14350,Sybil Attack,0.72,0.6434273425972856,0.17445907140910039,0.41523783957841043,0.6434273425972856,0.17445907140910039,0.41523783957841043,0.817886414006386,1.058665182175696,0.5896969109875108,1.2331242535847964,1.6164961017673243,1.2408633683953787,1.3912119505903189,1.6164961017673243,1.2408633683953787,1.3912119505903189,2.857359470162703,3.007708052357643,2.632075318985698,4.248571420753022
575,14375,Blackhole Attack,0.84,0.8913472903408861,0.28679408561276093,0.3814524222417355,0.8913472903408861,0.28679408561276093,0.3814524222417355,1.178141375953647,1.2727997125826216,0.6682465078544964,1.5595937981953825,3.1117862793763806,3.4043230910761353,1.0890178319115393,3.1117862793763806,3.4043230910761353,1.0890178319115393,6.516109370452516,4.20080411128792,4.493340922987675,7.605127202364056
576,14400,Wormhole Attack,0.8,0.7020204929072029,0.22342461675645933,0.5825089469429829,0.7020204929072029,0.22342461675645933,0.5825089469429829,0.9254451096636622,1.2845294398501859,0.8059335636994422,1.5079540566066452,1.9698914736645496,2.183890668557123,2.8873706147483307,1.9698914736645496,2.183890668557123,2.8873706147483307,4.153782142221672,4.85726208841288,5.071261283305454,7.041152756970003
577,14425,Blackhole Attack,0.8,0.8693345767400017,0.2387026059544571,0.46161676818870684,0.8693345767400017,0.2387026059544571,0.46161676818870684,1.1080371826944588,1.3309513449287085,0.7003193741431639,1.5696539508831657,2.9790200589512095,2.4781294195621753,1.8060488998275994,2.9790200589512095,2.4781294195621753,1.8060488998275994,5.457149478513385,4.785068958778809,4.284178319389775,7.263198378340984
578,14450,Flooding Attack,0.8,0.7686452558298091,0.266456402110647,0.4770299342808704,0.7686452558298091,0.266456402110647,0.4770299342808704,1.0351016579404562,1.2456751901106795,0.7434863363915174,1.5121315922213265,2.3717282540059843,3.012639701695136,1.943912170742856,2.3717282540059843,3.012639701695136,1.943912170742856,5.38436795570112,4.315640424748841,4.956551872437991,7.3282801264439765
579,14475,Blackhole Attack,0.88,0.8599421915915019,0.2903421089061009,0.5630903203257389,0.8599421915915019,0.2903421089061009,0.5630903203257389,1.1502843004976029,1.4230325119172407,0.8534324292318398,1.7133746208233418,2.9223713649485887,3.4726544617061132,2.713680448423812,2.9223713649485887,3.4726544617061132,2.713680448423812,6.395025826654702,5.636051813372401,6.186334910129926,9.108706275078514
580,14500,Sybil Attack,0.68,0.4731768156584516,0.270795721115262,0.2910530355427753,0.4731768156584516,0.270795721115262,0.2910530355427753,0.7439725367737136,0.7642298512012269,0.5618487566580372,1.035025572316489,0.5896568216635478,3.0962106342035676,0.2804393046621543,0.5896568216635478,3.0962106342035676,0.2804393046621543,3.6858674558671156,0.8700961263257021,3.3766499388657216,3.96630676052927
581,14525,Sybil Attack,0.88,0.6843167946624439,0.3106209071579829,0.25335252216371684,0.6843167946624439,0.3106209071579829,0.25335252216371684,0.9949377018204268,0.9376693168261607,0.5639734293216998,1.2482902239841436,1.863114401735991,3.863203780218471,-0.05677344309795248,1.863114401735991,3.863203780218471,-0.05677344309795248,5.726318181954462,1.8063409586380386,3.806430337120519,5.6695447388565094
582,14550,Blackhole Attack,0.84,0.8645617297290235,0.23534908492513815,0.4883943049906436,0.8645617297290235,0.23534908492513815,0.4883943049906436,1.0999108146541616,1.352956034719667,0.7237433899157818,1.5883051196448053,2.950233382769237,2.4135439674880694,2.0455609370362025,2.950233382769237,2.4135439674880694,2.0455609370362025,5.3637773502573065,4.995794319805439,4.459104904524272,7.409338287293509
583,14575,Blackhole Attack,0.84,0.7070669373249695,0.23935019306877017,0.29087215257437166,0.7070669373249695,0.23935019306877017,0.29087215257437166,0.9464171303937396,0.9979390898993412,0.5302223456431419,1.2372892829681112,2.000328309580393,2.490601297975822,0.2788213945242973,2.000328309580393,2.490601297975822,0.2788213945242973,4.490929607556215,2.2791497041046904,2.7694226925001195,4.769751002080512
584,14600,Blackhole Attack,0.84,0.8502898351282003,0.23735684153905737,0.3581552624534481,0.8502898351282003,0.23735684153905737,0.3581552624534481,1.0876466766672577,1.2084450975816483,0.5955121039925054,1.4458019391207058,2.8641546948431125,2.452211346470059,0.8806360735989722,2.8641546948431125,2.452211346470059,0.8806360735989722,5.316366041313172,3.7447907684420847,3.3328474200690312,6.197002114912144
585,14625,Wormhole Attack,0.8,0.7580388417386451,0.17425093329339125,0.5765048453602133,0.7580388417386451,0.17425093329339125,0.5765048453602133,0.9322897750320364,1.3345436870988583,0.7507557786536045,1.5087946203922495,2.307757335350524,1.2368548370101864,2.8336668475820934,2.307757335350524,1.2368548370101864,2.8336668475820934,3.5446121723607105,5.141424182932617,4.07052168459228,6.378279019942804
586,14650,Sybil Attack,0.88,0.8222182336228685,0.322658478853063,0.3661629490564455,0.8222182336228685,0.322658478853063,0.3661629490564455,1.1448767124759316,1.188381182679314,0.6888214279095084,1.5110396615323771,2.69484524482625,4.095035339646351,0.952260933861445,2.69484524482625,4.095035339646351,0.952260933861445,6.789880584472601,3.647106178687695,5.047296273507796,7.742141518334046
587,14675,Sybil Attack,0.84,0.5871474474828695,0.25117636950307065,0.36896845146640217,0.5871474474828695,0.25117636950307065,0.36896845146640217,0.8383238169859402,0.9561158989492717,0.6201448209694729,1.2072922684523424,1.2770527648056391,2.7183615966707566,0.9773547878097204,1.2770527648056391,2.7183615966707566,0.9773547878097204,3.9954143614763957,2.2544075526153593,3.695716384480477,4.972769149286116
588,14700,Normal Traffic,0.56,0.8556387678947478,0.21568736393294757,0.22822850799998437,0.8556387678947478,0.21568736393294757,0.22822850799998437,1.0713261318276954,1.083867275894732,0.4439158719329319,1.2995546398276798,2.8964159416661452,2.0348789381849897,-0.2814955248832392,2.8964159416661452,2.0348789381849897,-0.2814955248832392,4.931294879851135,2.614920416782906,1.7533834133017505,4.649799354967896
589,14725,Normal Traffic,0.68,0.9051641148901318,0.2278678196325804,0.24700062309441684,0.9051641148901318,0.2278678196325804,0.24700062309441684,1.1330319345227122,1.1521647379845485,0.47486844272699724,1.380032557617129,3.195120283849476,2.2694623002547845,-0.11358808954898214,3.195120283849476,2.2694623002547845,-0.11358808954898214,5.46458258410426,3.081532194300494,2.1558742107058024,5.350994494555278
590,14750,Sybil Attack,0.84,0.7287143721749711,0.28779276648534685,0.34037916802570994,0.7287143721749711,0.28779276648534685,0.34037916802570994,1.016507138660318,1.0690935402006811,0.6281719345110568,1.356886306686028,2.1308914086623423,3.4235566831931417,0.721637558481924,2.1308914086623423,3.4235566831931417,0.721637558481924,5.554448091855484,2.8525289671442664,4.145194241675066,6.276085650337408
591,14775,Blackhole Attack,0.76,0.9371040475368221,0.32539794505573755,0.5630725299953476,0.9371040475368221,0.32539794505573755,0.5630725299953476,1.2625019925925596,1.5001765775321698,0.8884704750510852,1.8255745225879072,3.387760964822367,4.147794711540733,2.7135213225749277,3.387760964822367,4.147794711540733,2.7135213225749277,7.5355556763631,6.101282287397295,6.861316034115661,10.249076998938028
592,14800,Wormhole Attack,0.72,0.8981250037808509,0.1648798092912896,0.6508682903987199,0.8981250037808509,0.1648798092912896,0.6508682903987199,1.0630048130721406,1.5489932941795708,0.8157480996900095,1.7138731034708603,3.1526649921450263,1.0563763862037665,3.4988116794896515,3.1526649921450263,1.0563763862037665,3.4988116794896515,4.209041378348793,6.651476671634677,4.555188065693418,7.707853057838445
593,14825,Sybil Attack,0.76,0.9355916146925113,0.25575696679938986,0.28170039014835774,0.9355916146925113,0.25575696679938986,0.28170039014835774,1.1913485814919011,1.217292004840869,0.5374573569477477,1.4730489716402588,3.3786389639629197,2.8065793071206837,0.19678444244403626,3.3786389639629197,2.8065793071206837,0.19678444244403626,6.1852182710836034,3.575423406406956,3.00336374956472,6.38200271352764
594,14850,Normal Traffic,0.68,0.7667204158471569,0.27241679443037553,0.3325569501969174,0.7667204158471569,0.27241679443037553,0.3325569501969174,1.0391372102775325,1.0992773660440742,0.6049737446272929,1.37169416047445,2.3601188843456384,3.1274308806211475,0.6516716261588266,2.3601188843456384,3.1274308806211475,0.6516716261588266,5.487549764966786,3.011790510504465,3.779102506779974,6.139221391125613
595,14875,Normal Traffic,0.72,0.7628142718288544,0.18693995408122285,0.3467073801893638,0.7628142718288544,0.18693995408122285,0.3467073801893638,0.9497542259100773,1.1095216520182183,0.5336473342705866,1.2964616060994412,2.3365595909686703,1.4812326526836006,0.7782403370875862,2.3365595909686703,1.4812326526836006,0.7782403370875862,3.8177922436522707,3.1147999280562564,2.259472989771187,4.596032580739857
596,14900,Sybil Attack,0.8,0.9420999461536039,0.31545734318614993,0.3216203836901998,0.9420999461536039,0.31545734318614993,0.3216203836901998,1.2575572893397537,1.2637203298438038,0.6370777268763497,1.5791776730299536,3.417892941688264,3.956348688085679,0.5538493602997112,3.417892941688264,3.956348688085679,0.5538493602997112,7.374241629773943,3.971742301987975,4.51019804838539,7.928090990073654
597,14925,Blackhole Attack,0.92,0.9049150012826914,0.3091417405970597,0.42261497128307646,0.9049150012826914,0.3091417405970597,0.42261497128307646,1.2140567418797512,1.3275299725657679,0.7317567118801361,1.6366717131628277,3.1936177943011175,3.834716515580823,1.4571968041042889,3.1936177943011175,3.834716515580823,1.4571968041042889,7.028334309881941,4.650814598405407,5.291913319685112,8.48553111398623
598,14950,Blackhole Attack,0.88,0.7214156132554231,0.22843771702076618,0.41833618854248655,0.7214156132554231,0.22843771702076618,0.41833618854248655,0.9498533302761893,1.1397518017979098,0.6467739055632528,1.368189518818676,2.086870092021764,2.280437952451397,1.4189251744711415,2.086870092021764,2.280437952451397,1.4189251744711415,4.367308044473161,3.505795266492906,3.699363126922538,5.786233218944302
599,14975,Flooding Attack,0.92,0.7707427929797499,0.26363367303475577,0.2861344233687673,0.7707427929797499,0.26363367303475577,0.2861344233687673,1.0343764660145056,1.0568772163485172,0.5497680964035231,1.3205108893832729,2.384379219472951,2.9582767703595962,0.2364447120769813,2.384379219472951,2.9582767703595962,0.2364447120769813,5.342655989832547,2.6208239315499324,3.1947214824365777,5.579100701909528
600,15000,Blackhole Attack,0.8,0.8032440898972344,0.2696007057171836,0.46606022212133025,0.8032440898972344,0.2696007057171836,0.46606022212133025,1.072844795614418,1.2693043120185648,0.7356609278385138,1.5389050177357482,2.580405680766542,3.0731958360121614,1.845793433147342,2.580405680766542,3.0731958360121614,1.845793433147342,5.6536015167787035,4.426199113913884,4.918989269159503,7.499394949926046
601,15025,Normal Traffic,0.64,0.9052998161010295,0.24657132139863272,0.442950205479333,0.9052998161010295,0.24657132139863272,0.442950205479333,1.1518711374996622,1.3482500215803626,0.6895215268779658,1.5948213429789952,3.1959387443630076,2.6296729881760226,1.639085579217733,3.1959387443630076,2.6296729881760226,1.639085579217733,5.825611732539031,4.835024323580741,4.268758567393755,7.464697311756764
602,15050,Normal Traffic,0.68,0.8015017034069696,0.2705062164454952,0.3070588502751295,0.8015017034069696,0.2705062164454952,0.3070588502751295,1.0720079198524648,1.108560553682099,0.5775650667206247,1.3790667701275943,2.5698967506533985,3.090635064582568,0.4236035292913725,2.5698967506533985,3.090635064582568,0.4236035292913725,5.6605318152359665,2.993500279944771,3.5142385938739404,6.084135344527339
603,15075,Sybil Attack,0.88,0.7898532730715099,0.3200464344717441,0.3980346009279324,0.7898532730715099,0.3200464344717441,0.3980346009279324,1.109899707543254,1.1878878739994423,0.7180810353996765,1.5079343084711865,2.4996410748850666,4.044729984251169,1.2373373516591826,2.4996410748850666,4.044729984251169,1.2373373516591826,6.544371059136235,3.7369784265442494,5.282067335910352,7.781708410795418
604,15100,Wormhole Attack,0.84,0.9386968727160978,0.2627090641342764,0.5493890975282066,0.9386968727160978,0.2627090641342764,0.5493890975282066,1.2014059368503742,1.4880859702443043,0.812098161662483,1.750795034378581,3.397367839407879,2.940469730145112,2.5911296772771335,3.397367839407879,2.940469730145112,2.5911296772771335,6.337837569552991,5.988497516685012,5.531599407422245,8.928967246830124
605,15125,Flooding Attack,0.84,0.7740987500619702,0.24289126236286704,0.32703373062502195,0.7740987500619702,0.24289126236286704,0.32703373062502195,1.0169900124248372,1.1011324806869922,0.569924992987889,1.3440237430498592,2.4046201468658177,2.5587987415539306,0.6022691145910178,2.4046201468658177,2.5587987415539306,0.6022691145910178,4.963418888419748,3.0068892614568354,3.1610678561449483,5.5656880030107665
606,15150,Normal Traffic,0.72,1.00853310588627,0.2978244571224996,0.4122822357901109,1.00853310588627,0.2978244571224996,0.4122822357901109,1.3063575630087696,1.4208153416763811,0.7101066929126105,1.7186397987988804,3.818574097520564,3.616756984966606,1.364775512849493,3.818574097520564,3.616756984966606,1.364775512849493,7.435331082487171,5.1833496103700565,4.981532497816099,8.800106595336663
607,15175,Wormhole Attack,0.76,0.6583745980768382,0.2291499588365782,0.410311687058601,0.6583745980768382,0.2291499588365782,0.410311687058601,0.8875245569134164,1.0686862851354393,0.6394616458951792,1.2978362439720175,1.7066481226281185,2.294155015579414,1.3471499132809532,1.7066481226281185,2.294155015579414,1.3471499132809532,4.000803138207533,3.0537980359090717,3.641304928860367,5.347953051488486
608,15200,Sybil Attack,0.96,0.7439390601968452,0.2859565693576075,0.41502952998153636,0.7439390601968452,0.2859565693576075,0.41502952998153636,1.0298956295544528,1.1589685901783815,0.7009860993391439,1.444925159535989,2.222716720273873,3.388193367873093,1.3893487226061154,2.222716720273873,3.388193367873093,1.3893487226061154,5.610910088146966,3.6120654428799885,4.7775420904792085,7.000258810753081
609,15225,Normal Traffic,0.68,0.6686919320175803,0.27237328974373715,0.35044397381064657,0.6686919320175803,0.27237328974373715,0.35044397381064657,0.9410652217613173,1.0191359058282268,0.6228172635543837,1.291509195571964,1.768875499816255,3.126593023983507,0.8116623488683476,1.768875499816255,3.126593023983507,0.8116623488683476,4.895468523799762,2.5805378486846027,3.9382553728518546,5.70713087266811
610,15250,Sybil Attack,0.76,0.8849698554203724,0.26454879662371816,0.272036463233566,0.8849698554203724,0.26454879662371816,0.272036463233566,1.1495186520440905,1.1570063186539383,0.5365852598572842,1.4215551152776564,3.0733217835511097,2.9759011329862464,0.11034531849035713,3.0733217835511097,2.9759011329862464,0.11034531849035713,6.0492229165373566,3.183667102041467,3.0862464514766037,6.159568235027714
611,15275,Blackhole Attack,0.8,0.7683999437577845,0.25881003598295693,0.6317355515952581,0.7683999437577845,0.25881003598295693,0.6317355515952581,1.0272099797407415,1.4001354953530427,0.890545587578215,1.6589455313359995,2.3702486928206667,2.8653783579422747,3.327678640551366,2.3702486928206667,2.8653783579422747,3.327678640551366,5.235627050762941,5.697927333372032,6.19305699849364,8.563305691314307
612,15300,Sybil Attack,0.72,0.7325575326975536,0.3121027960266101,0.3356514244580626,0.7325575326975536,0.3121027960266101,0.3356514244580626,1.0446603287241638,1.0682089571556164,0.6477542204846727,1.3803117531822264,2.1540708269894857,3.8917434737725354,0.6793501927072954,2.1540708269894857,3.8917434737725354,0.6793501927072954,6.0458143007620215,2.833421019696781,4.571093666479831,6.725164493469316
613,15325,Blackhole Attack,0.84,0.7552679255015642,0.22991184700033343,0.5130684707898914,0.7552679255015642,0.22991184700033343,0.5130684707898914,0.9851797725018976,1.2683363962914556,0.7429803177902248,1.498248243291789,2.291044989813207,2.3088282175828723,2.266259344089581,2.291044989813207,2.3088282175828723,2.266259344089581,4.5998732073960795,4.557304333902788,4.575087561672453,6.866132551485661
614,15350,Flooding Attack,0.8,0.7565212502901808,0.2834112018087513,0.5051980357428101,0.7565212502901808,0.2834112018087513,0.5051980357428101,1.0399324520989321,1.2617192860329909,0.7886092375515614,1.5451304878417422,2.2986042211813524,3.3391721414068254,2.1958621322105527,2.2986042211813524,3.3391721414068254,2.1958621322105527,5.637776362588178,4.494466353391905,5.535034273617378,7.8336384947987305
615,15375,Flooding Attack,0.72,0.7275900918819777,0.26002728011777065,0.546971575743492,0.7275900918819777,0.26002728011777065,0.546971575743492,0.9876173719997483,1.2745616676254696,0.8069988558612626,1.5345889477432402,2.124110488876367,2.888821259311962,2.5695061212370085,2.124110488876367,2.888821259311962,2.5695061212370085,5.012931748188329,4.693616610113375,5.458327380548971,7.582437869425338
616,15400,Blackhole Attack,0.84,0.7620471166528443,0.2803588785259491,0.4194307897760936,0.7620471166528443,0.2803588785259491,0.4194307897760936,1.0424059951787934,1.1814779064289378,0.6997896683020427,1.461836784954887,2.33193261516527,3.280387455885968,1.4287158498917916,2.33193261516527,3.280387455885968,1.4287158498917916,5.612320071051238,3.7606484650570615,4.709103305777759,7.041035920943029
617,15425,Sybil Attack,0.84,0.650043312094387,0.2323991362047033,0.44721071349062086,0.650043312094387,0.2323991362047033,0.44721071349062086,0.8824424482990904,1.0972540255850078,0.6796098496953241,1.3296531617897112,1.656399281379995,2.356730913375984,1.6771937502894396,1.656399281379995,2.356730913375984,1.6771937502894396,4.013130194755979,3.3335930316694347,4.033924663665424,5.690323945045418
618,15450,Wormhole Attack,0.76,0.8295447832440975,0.20726354327850555,0.3856883694665847,0.8295447832440975,0.20726354327850555,0.3856883694665847,1.0368083265226031,1.2152331527106823,0.5929519127450902,1.4224966959891878,2.7390341767137283,1.8726445998874854,1.1269063186994048,2.7390341767137283,1.8726445998874854,1.1269063186994048,4.611678776601214,3.865940495413133,2.9995509185868903,5.7385850953006186
619,15475,Normal Traffic,0.72,0.8103551202941061,0.2969180816572133,0.4839282963988998,0.8103551202941061,0.2969180816572133,0.4839282963988998,1.1072732019513194,1.294283416693006,0.780846378056113,1.5912014983502192,2.623294742344267,3.5993011024292354,2.0056146632653333,2.623294742344267,3.5993011024292354,2.0056146632653333,6.222595844773503,4.6289094056096,5.604915765694569,8.228210508038837
620,15500,Blackhole Attack,0.96,0.8134083798257248,0.21190329473315936,0.4341869623626162,0.8134083798257248,0.21190329473315936,0.4341869623626162,1.0253116745588842,1.247595342188341,0.6460902570957756,1.4594986369215004,2.6417099970620614,1.962001560106447,1.5607026335807284,2.6417099970620614,1.962001560106447,1.5607026335807284,4.603711557168508,4.20241263064279,3.5227041936871757,6.164414190749237
621,15525,Blackhole Attack,0.88,0.7341160669888204,0.21787920440107428,0.4707858161987304,0.7341160669888204,0.21787920440107428,0.4707858161987304,0.9519952713898947,1.2049018831875506,0.6886650205998046,1.422781087588625,2.163470881476462,2.0770915875975478,1.8880615727776142,2.163470881476462,2.0770915875975478,1.8880615727776142,4.24056246907401,4.051532454254076,3.965153160375162,6.128624041851624
622,15550,Sybil Attack,0.84,0.5342663606473158,0.3185846878230603,0.4618191643095882,0.5342663606473158,0.3185846878230603,0.4618191643095882,0.8528510484703762,0.9960855249569041,0.7804038521326485,1.3146702127799643,0.9581088054907069,4.016578209654359,1.807859234646443,0.9581088054907069,4.016578209654359,1.807859234646443,4.974687015145066,2.76596804013715,5.824437444300802,6.782546249791509
623,15575,Blackhole Attack,0.76,0.9666242211585115,0.25420963493851506,0.5048548966515036,0.9666242211585115,0.25420963493851506,0.5048548966515036,1.2208338560970267,1.471479117810015,0.7590645315900186,1.7256887527485303,3.565807249760589,2.776779247162938,2.1927929200043432,3.565807249760589,2.776779247162938,2.1927929200043432,6.342586496923527,5.758600169764932,4.969572167167281,8.53537941692787
624,15600,Sybil Attack,0.72,0.8546375538824084,0.27554635112713244,0.3126758365534996,0.8546375538824084,0.27554635112713244,0.3126758365534996,1.1301839050095408,1.167313390435908,0.5882221876806321,1.4428597415630404,2.8903772767988714,3.1877030042441916,0.4738447384233448,2.8903772767988714,3.1877030042441916,0.4738447384233448,6.0780802810430625,3.364222015222216,3.6615477426675365,6.551925019466407
625,15625,Wormhole Attack,0.92,0.7083580034371757,0.16812667080256977,0.42094626646683575,0.7083580034371757,0.16812667080256977,0.42094626646683575,0.8764846742397454,1.1293042699040114,0.5890729372694055,1.2974309407065812,2.0081151718066725,1.118907682919872,1.4422710514858212,2.0081151718066725,1.118907682919872,1.4422710514858212,3.127022854726545,3.450386223292494,2.5611787344056935,4.569293906212366
626,15650,Blackhole Attack,0.84,0.7671006264167609,0.13678362027164873,0.5867384775833271,0.7671006264167609,0.13678362027164873,0.5867384775833271,0.9038842466884096,1.353839104000088,0.7235220978549758,1.4906227242717367,2.3624120646053406,0.515271960876355,2.925201708309997,2.3624120646053406,0.515271960876355,2.925201708309997,2.8776840254816953,5.287613772915337,3.4404736691863516,5.802885733791692
627,15675,Sybil Attack,0.96,0.7019852671317728,0.27935703149960234,0.4547464577663693,0.7019852671317728,0.27935703149960234,0.4547464577663693,0.9813422986313751,1.1567317248981421,0.7341034892659717,1.4360887563977445,1.9696790149395509,3.2610928868225844,1.744597316073617,1.9696790149395509,3.2610928868225844,1.744597316073617,5.230771901762135,3.714276331013168,5.005690202896202,6.975369217835752
628,15700,Sybil Attack,0.8,0.618636030608776,0.2952215992272,0.2903089116543887,0.618636030608776,0.2952215992272,0.2903089116543887,0.913857629835976,0.9089449422631648,0.5855305108815887,1.2041665414903646,1.4669712021219026,3.566628552079838,0.27378347855830726,1.4669712021219026,3.566628552079838,0.27378347855830726,5.033599754201741,1.7407546806802099,3.840412030638145,5.307383232760048
629,15725,Blackhole Attack,0.84,0.6048586802176321,0.2530530388743421,0.4775627983258254,0.6048586802176321,0.2530530388743421,0.4775627983258254,0.8579117190919743,1.0824214785434574,0.7306158372001674,1.3354745174177998,1.383875279825801,2.7545043668151887,1.948678380342581,1.383875279825801,2.7545043668151887,1.948678380342581,4.13837964664099,3.332553660168382,4.703182747157769,6.087058026983571
630,15750,Normal Traffic,0.6,0.7963673565681627,0.24017612837757246,0.2560320577864126,0.7963673565681627,0.24017612837757246,0.2560320577864126,1.0365434849457351,1.0523994143545754,0.49620818616398504,1.2925755427321477,2.538929745108343,2.5065079837656516,-0.03280630076847354,2.538929745108343,2.5065079837656516,-0.03280630076847354,5.045437728873995,2.5061234443398694,2.473701682997178,5.0126314281055215
631,15775,Normal Traffic,0.64,0.838514109387371,0.2966180150813831,0.40112525364679974,0.838514109387371,0.2966180150813831,0.40112525364679974,1.135132124468754,1.2396393630341707,0.6977432687281828,1.5362573781155537,2.7931312568554176,3.5935221210890593,1.2649817363714717,2.7931312568554176,3.5935221210890593,1.2649817363714717,6.3866533779444765,4.05811299322689,4.858503857460531,7.6516351143159484
632,15800,Sybil Attack,0.76,0.8489690674330678,0.2950383362213297,0.38871434153032763,0.8489690674330678,0.2950383362213297,0.38871434153032763,1.1440074036543975,1.2376834089633955,0.6837526777516574,1.532721745184725,2.8561886921902016,3.5630990903650877,1.1539721664240907,2.8561886921902016,3.5630990903650877,1.1539721664240907,6.419287782555289,4.0101608586142925,4.717071256789178,7.57325994897938
633,15825,Wormhole Attack,0.88,0.807784655551785,0.1633215848444214,0.5433972040330834,0.807784655551785,0.1633215848444214,0.5433972040330834,0.9711062403962064,1.3511818595848686,0.7067187888775048,1.5145034444292897,2.607791388475146,1.0263665459630025,2.5375351055146504,2.607791388475146,1.0263665459630025,2.5375351055146504,3.6341579344381483,5.1453264939897965,3.5639016514776527,6.171693039952799
634,15850,Blackhole Attack,0.8,0.8151127200159897,0.2781917523314103,0.35772349332414316,0.8151127200159897,0.2781917523314103,0.35772349332414316,1.0933044723474,1.1728362133401329,0.6359152456555535,1.451027965671543,2.6519894568998117,3.238650778598947,0.8767741088287052,2.6519894568998117,3.238650778598947,0.8767741088287052,5.890640235498759,3.528763565728517,4.115424887427652,6.767414344327464
635,15875,Flooding Attack,0.84,0.657325345399093,0.29846258577348905,0.37351453498960224,0.657325345399093,0.29846258577348905,0.37351453498960224,0.9557879311725821,1.0308398803886953,0.6719771207630914,1.3293024661621844,1.7003197201048776,3.6290467028616993,1.0180172928793936,1.7003197201048776,3.6290467028616993,1.0180172928793936,5.329366422966577,2.7183370129842714,4.647063995741092,6.34738371584597
636,15900,Wormhole Attack,0.88,0.8902441014695349,0.229998800417099,0.4892159517579348,0.8902441014695349,0.229998800417099,0.4892159517579348,1.120242901886634,1.3794600532274697,0.7192147521750338,1.6094588536445689,3.105132569183262,2.3105028531918617,2.052910167570564,3.105132569183262,2.3105028531918617,2.052910167570564,5.415635422375123,5.158042736753826,4.363413020762426,7.468545589945688
637,15925,Wormhole Attack,0.8,0.8030882593431637,0.2508189283480845,0.47228227743707707,0.8030882593431637,0.2508189283480845,0.47228227743707707,1.0539071876912482,1.2753705367802408,0.7231012057851616,1.5261894651283252,2.5794658132851476,2.7114776384719437,1.9014466904025558,2.5794658132851476,2.7114776384719437,1.9014466904025558,5.290943451757091,4.480912503687703,4.6129243288745,7.192390142159646
638,15950,Sybil Attack,0.8,0.7031948516614529,0.26034010351282544,0.28082423005075746,0.7031948516614529,0.26034010351282544,0.28082423005075746,0.9635349551742783,0.9840190817122103,0.541164333563583,1.2443591852250357,1.976974433814393,2.8948459241977145,0.18894761669530075,1.976974433814393,2.8948459241977145,0.18894761669530075,4.8718203580121076,2.165922050509694,3.0837935408930153,5.060767974707408
639,15975,Normal Traffic,0.6,0.717417066617207,0.26518726460689757,0.33622366661875575,0.717417066617207,0.26518726460689757,0.33622366661875575,0.9826043312241046,1.0536407332359627,0.6014109312256533,1.3188279978428603,2.0627534867737682,2.988197386079032,0.6844686203915905,2.0627534867737682,2.988197386079032,0.6844686203915905,5.0509508728528,2.7472221071653586,3.6726660064706222,5.7354194932443905
640,16000,Normal Traffic,0.68,0.8582376566659161,0.24860250629018948,0.49700817953772436,0.8582376566659161,0.24860250629018948,0.49700817953772436,1.1068401629561055,1.3552458362036406,0.7456106858279139,1.60384834249383,2.9120907305953745,2.6687915722911573,2.122607853497967,2.9120907305953745,2.6687915722911573,2.122607853497967,5.580882302886532,5.034698584093341,4.791399425789124,7.703490156384499
641,16025,Sybil Attack,0.76,0.7030338190005637,0.3083795713078079,0.38008959218302646,0.7030338190005637,0.3083795713078079,0.38008959218302646,1.0114133903083715,1.0831234111835901,0.6884691634908344,1.391502982491398,1.9760031906437916,3.8200378993822177,1.0768279801658436,1.9760031906437916,3.8200378993822177,1.0768279801658436,5.7960410900260095,3.052831170809635,4.896865879548061,6.872869070191853
642,16050,Normal Traffic,0.76,0.8695798515439164,0.2967635161956086,0.41002914160521764,0.8695798515439164,0.2967635161956086,0.41002914160521764,1.166343367739525,1.2796089931491341,0.7067926578008262,1.5763725093447425,2.9804993953597823,3.596324326638803,1.3446226816821536,2.9804993953597823,3.596324326638803,1.3446226816821536,6.5768237219985854,4.325122077041936,4.940947008320957,7.921446403680739
643,16075,Sybil Attack,0.76,0.7426804136624748,0.2621966143540255,0.5387253773423777,0.7426804136624748,0.2621966143540255,0.5387253773423777,1.0048770280165003,1.2814057910048526,0.8009219916964032,1.543602405358878,2.215125391633097,2.9306004612681846,2.4957478889960822,2.215125391633097,2.9306004612681846,2.4957478889960822,5.145725852901282,4.71087328062918,5.426348350264266,7.641473741897364
644,16100,Normal Traffic,0.68,1.0262433935415594,0.24503307403223903,0.38266654339859824,1.0262433935415594,0.24503307403223903,0.38266654339859824,1.2712764675737984,1.4089099369401576,0.6276996174308372,1.6539430109723967,3.925390912442503,2.6000478864719443,1.099877554889391,3.925390912442503,2.6000478864719443,1.099877554889391,6.525438798914447,5.025268467331895,3.6999254413613354,7.6253163538038375
645,16125,Normal Traffic,0.68,0.7065542257560977,0.3181847517514843,0.22841274600657366,0.7065542257560977,0.3181847517514843,0.22841274600657366,1.0247389775075821,0.9349669717626714,0.546597497758058,1.2531517235141558,1.9972359703803484,4.0088758419764305,-0.2798476055613148,1.9972359703803484,4.0088758419764305,-0.2798476055613148,6.006111812356779,1.7173883648190336,3.7290282364151155,5.726264206795464
646,16150,Wormhole Attack,0.84,0.6754101694760418,0.25120847851269834,0.5789537947341614,0.6754101694760418,0.25120847851269834,0.5789537947341614,0.9266186479887402,1.2543639642102034,0.8301622732468598,1.5055724427229016,1.8093954925554925,2.718979983996891,2.855571508115792,1.8093954925554925,2.718979983996891,2.855571508115792,4.528375476552384,4.664967000671284,5.574551492112683,7.383946984668176
647,16175,Normal Traffic,0.64,0.883353573184682,0.1479584381907798,0.5382997736181332,0.883353573184682,0.1479584381907798,0.5382997736181332,1.0313120113754617,1.4216533468028152,0.686258211808913,1.5696117849935949,3.0635734314186247,0.7304877477591546,2.4919410707741014,3.0635734314186247,0.7304877477591546,2.4919410707741014,3.7940611791777794,5.555514502192726,3.222428818533256,6.286002249951881
648,16200,Flooding Attack,0.76,0.8528367493266449,0.28901415401419334,0.4400055971973451,0.8528367493266449,0.28901415401419334,0.4400055971973451,1.1418509033408382,1.29284234652399,0.7290197512115384,1.5818565005381833,2.879516007310336,3.447079382176856,1.6127474909306418,2.879516007310336,3.447079382176856,1.6127474909306418,6.326595389487192,4.492263498240978,5.059826873107498,7.939342880417834
649,16225,Normal Traffic,0.72,0.8768483948044656,0.2877794863125122,0.3247720396144953,0.8768483948044656,0.2877794863125122,0.3247720396144953,1.164627881116978,1.201620434418961,0.6125515259270076,1.4893999207314732,3.0243384710047407,3.423300920381861,0.5820393890014542,3.0243384710047407,3.423300920381861,0.5820393890014542,6.447639391386602,3.606377860006195,4.005340309383316,7.029678780388056
650,16250,Wormhole Attack,0.92,0.906062357716116,0.2945403210813803,0.44816506568431747,0.906062357716116,0.2945403210813803,0.44816506568431747,1.2006026787974964,1.3542274234004334,0.7427053867656978,1.6487677444818138,3.2005378941992126,3.5535078181851385,1.6857299662908398,3.2005378941992126,3.5535078181851385,1.6857299662908398,6.754045712384351,4.886267860490053,5.2392377844759785,8.439775678675192
651,16275,Wormhole Attack,0.88,0.6370444196016496,0.2065253435632743,0.5111765165874329,0.6370444196016496,0.2065253435632743,0.5111765165874329,0.8435697631649239,1.1482209361890825,0.7177018601507072,1.3547462797523568,1.5779985054799923,1.8584276136475426,2.2493367343406727,1.5779985054799923,1.8584276136475426,2.2493367343406727,3.436426119127535,3.8273352398206653,4.1077643479882155,5.685762853468208
652,16300,Blackhole Attack,0.8,0.8138829146963024,0.2594215092032955,0.5356168308847361,0.8138829146963024,0.2594215092032955,0.5356168308847361,1.073304423899598,1.3494997455810385,0.7950383400880316,1.6089212547843341,2.644572079509907,2.877154718973413,2.46794345349724,2.644572079509907,2.877154718973413,2.46794345349724,5.52172679848332,5.112515533007147,5.345098172470653,7.989670251980559
653,16325,Blackhole Attack,0.92,0.7163794413855251,0.21290580924945635,0.48901894453394673,0.7163794413855251,0.21290580924945635,0.48901894453394673,0.9292852506349815,1.205398385919472,0.701924753783403,1.4183041951689281,2.0564952133629575,1.9813089843569052,2.0511480338122867,2.0564952133629575,1.9813089843569052,2.0511480338122867,4.037804197719863,4.107643247175244,4.032457018169191,6.08895223153215
654,16350,Blackhole Attack,0.84,0.82563679746129,0.20974877937251424,0.575310042591693,0.82563679746129,0.20974877937251424,0.575310042591693,1.0353855768338043,1.400946840052983,0.7850588219642073,1.6106956194254973,2.715463775023779,1.9205077548339247,2.822979918187973,2.715463775023779,1.9205077548339247,2.822979918187973,4.635971529857704,5.538443693211752,4.743487673021898,7.458951448045677
655,16375,Blackhole Attack,0.88,0.7530076817734674,0.2683448873360799,0.390931596056836,0.7530076817734674,0.2683448873360799,0.390931596056836,1.0213525691095473,1.1439392778303035,0.6592764833929159,1.4122841651663833,2.2774126852068797,3.04901003334164,1.1738044292861325,2.2774126852068797,3.04901003334164,1.1738044292861325,5.326422718548519,3.451217114493012,4.222814462627772,6.500227147834652
656,16400,Wormhole Attack,0.84,0.7837440852961961,0.2520210229127165,0.4991411758739419,0.7837440852961961,0.2520210229127165,0.4991411758739419,1.0357651082089125,1.282885261170138,0.7511621987866584,1.5349062840828545,2.4627944695322634,2.7346287743120996,2.1416864678464305,2.4627944695322634,2.7346287743120996,2.1416864678464305,5.197423243844363,4.604480937378694,4.87631524215853,7.339109711690794
657,16425,Sybil Attack,0.88,0.5527766883629712,0.30455515337025907,0.385633519485182,0.5527766883629712,0.30455515337025907,0.385633519485182,0.8573318417332303,0.9384102078481532,0.690188672855441,1.2429653612184124,1.0697509362246533,3.7463834450765976,1.1264157123048066,1.0697509362246533,3.7463834450765976,1.1264157123048066,4.816134381301251,2.19616664852946,4.8727991573814045,5.942550093606058
658,16450,Blackhole Attack,0.8,0.743698694690555,0.22485374791663376,0.6293139675224956,0.743698694690555,0.22485374791663376,0.6293139675224956,0.9685524426071888,1.3730126622130507,0.8541677154391294,1.5978664101296842,2.2212669935219,2.2114143015524412,3.306018749321292,2.2212669935219,2.2114143015524412,3.306018749321292,4.432681295074341,5.527285742843192,5.517433050873733,7.738700044395633
659,16475,Flooding Attack,0.8,0.9387069057321905,0.31919406894515545,0.3213222472282359,0.9387069057321905,0.31919406894515545,0.3213222472282359,1.257900974677346,1.2600291529604264,0.6405163161733913,1.5792232219055817,3.3974283519666777,4.028314278971309,0.5511826747154726,3.3974283519666777,4.028314278971309,0.5511826747154726,7.425742630937987,3.9486110266821504,4.579496953686782,7.9769253056534595
660,16500,Blackhole Attack,0.84,0.7695280133061915,0.28908204748468047,0.5111450900538571,0.7695280133061915,0.28908204748468047,0.5111450900538571,1.058610060790872,1.2806731033600487,0.8002271375385376,1.569755150844729,2.3770524669047806,3.448386942334062,2.249055639289443,2.3770524669047806,3.448386942334062,2.249055639289443,5.825439409238843,4.6261081061942235,5.6974425816235055,8.074495048528286
661,16525,Blackhole Attack,0.8,0.9261508485483939,0.29249335761856204,0.5197860451785793,0.9261508485483939,0.29249335761856204,0.5197860451785793,1.218644206166956,1.4459368937269732,0.8122794027971414,1.7384302513455352,3.3216984675934937,3.5140853546104456,2.326344778341271,3.3216984675934937,3.5140853546104456,2.326344778341271,6.83578382220394,5.648043245934765,5.840430132951717,9.162128600545211
662,16550,Wormhole Attack,0.8,0.8529762404678288,0.28464320005021126,0.2791625878626351,0.8529762404678288,0.28464320005021126,0.2791625878626351,1.1376194405180402,1.1321388283304639,0.5638057879128464,1.4167820283806754,2.8803573261923954,3.362899192074927,0.17408503584879945,2.8803573261923954,3.362899192074927,0.17408503584879945,6.243256518267323,3.0544423620411947,3.5369842279237265,6.417341554116122
663,16575,Blackhole Attack,0.8,0.6993155445373651,0.25611722063923414,0.5109556839159438,0.6993155445373651,0.25611722063923414,0.5109556839159438,0.9554327651765993,1.2102712284533088,0.767072904555178,1.466388449092543,1.953577002944585,2.8135174348092704,2.2473614935475488,1.953577002944585,2.8135174348092704,2.2473614935475488,4.7670944377538556,4.2009384964921335,5.06087892835682,7.014455931301404
664,16600,Normal Traffic,0.72,0.9100625298665028,0.3044968520210056,0.4198385720987163,0.9100625298665028,0.3044968520210056,0.4198385720987163,1.2145593818875084,1.3299011019652192,0.724335424119722,1.6343979539862248,3.224664303468243,3.745260619555259,1.4323632643478497,3.224664303468243,3.745260619555259,1.4323632643478497,6.969924923023502,4.657027567816093,5.177623883903109,8.40228818737135
665,16625,Flooding Attack,0.76,0.7355247239270073,0.32609349828205714,0.29454960556518295,0.7355247239270073,0.32609349828205714,0.29454960556518295,1.0616182222090644,1.0300743294921904,0.6206431038472401,1.3561678277742475,2.1719669742776353,4.161190369170641,0.31171442214229594,2.1719669742776353,4.161190369170641,0.31171442214229594,6.333157343448276,2.4836813964199314,4.472904791312937,6.644871765590572
666,16650,Flooding Attack,0.72,0.6194819848112025,0.2720392056353498,0.5120925038823757,0.6194819848112025,0.2720392056353498,0.5120925038823757,0.8915211904465523,1.1315744886935781,0.7841317095177255,1.4036136943289281,1.4720734418614159,3.120158899079464,2.2575297949904143,1.4720734418614159,3.120158899079464,2.2575297949904143,4.59223234094088,3.72960323685183,5.377688694069878,6.849762135931295
667,16675,Blackhole Attack,0.8,0.7782846193430834,0.31435288084912827,0.4334927940687627,0.7782846193430834,0.31435288084912827,0.4334927940687627,1.0926375001922115,1.211777413411846,0.747845674917891,1.5261302942609742,2.429866559176606,3.9350778510425446,1.5544936359624537,2.429866559176606,3.9350778510425446,1.5544936359624537,6.364944410219151,3.9843601951390597,5.489571487004998,7.919438046181604
668,16700,Sybil Attack,0.8,0.6243926029185207,0.22579146556904411,0.4982005963564195,0.6243926029185207,0.22579146556904411,0.4982005963564195,0.8501840684875648,1.1225931992749403,0.7239920619254636,1.3483846648439843,1.5016910627454603,2.2294738031835046,2.1332734417318635,1.5016910627454603,2.2294738031835046,2.1332734417318635,3.7311648659289647,3.634964504477324,4.362747244915369,5.864438307660828
669,16725,Blackhole Attack,0.8,0.8176929961940271,0.18582917073460176,0.6749165722545422,0.8176929961940271,0.18582917073460176,0.6749165722545422,1.003522166928629,1.4926095684485694,0.8607457429891439,1.678438739183171,2.6675519869005373,1.4598400793343644,3.713911859213355,2.6675519869005373,1.4598400793343644,3.713911859213355,4.1273920662349015,6.381463846113892,5.17375193854772,7.841303925448257
670,16750,Wormhole Attack,0.8,0.8026483130484208,0.2255708229405837,0.43772911502327677,0.8026483130484208,0.2255708229405837,0.43772911502327677,1.0282191359890045,1.2403774280716975,0.6632999379638604,1.4659482510122812,2.576812346393145,2.2252244474223963,1.5923854655803213,2.576812346393145,2.2252244474223963,1.5923854655803213,4.8020367938155415,4.169197811973467,3.817609913002718,6.394422259395863
671,16775,Normal Traffic,0.68,0.8704167387884787,0.25807512842813485,0.5657282765287025,0.8704167387884787,0.25807512842813485,0.5657282765287025,1.1284918672166135,1.436145015317181,0.8238034049568373,1.6942201437453162,2.9855469491687825,2.8512247754103948,2.7372756830756106,2.9855469491687825,2.8512247754103948,2.7372756830756106,5.836771724579178,5.722822632244393,5.588500458486005,8.574047407654788
672,16800,Normal Traffic,0.68,0.7406964209247038,0.21254919144580206,0.6030119783270754,0.7406964209247038,0.21254919144580206,0.6030119783270754,0.9532456123705059,1.343708399251779,0.8155611697728775,1.5562575906975813,2.203159251432451,1.9744408830790776,3.0707602540597674,2.203159251432451,1.9744408830790776,3.0707602540597674,4.177600134511529,5.273919505492218,5.045201137138845,7.248360388571296
673,16825,Blackhole Attack,0.92,0.8570551864406805,0.2716736930221239,0.39326553006817105,0.8570551864406805,0.2716736930221239,0.39326553006817105,1.1287288794628043,1.2503207165088515,0.664939223090295,1.5219944095309754,2.904958847383868,3.1131194926891084,1.194680333365737,2.904958847383868,3.1131194926891084,1.194680333365737,6.018078340072977,4.099639180749605,4.307799826054845,7.212758673438714
674,16850,Normal Traffic,0.68,0.983672863881403,0.23533410109574981,0.4903631901823736,0.983672863881403,0.23533410109574981,0.4903631901823736,1.2190069649771527,1.4740360540637765,0.7256972912781234,1.7093701551595264,3.668633457321226,2.4132553939600117,2.0631716570508605,3.668633457321226,2.4132553939600117,2.0631716570508605,6.081888851281238,5.7318051143720865,4.476427051010872,8.145060508332097
675,16875,Wormhole Attack,0.96,0.7699850224045128,0.258795876439425,0.5893129726801591,0.7699850224045128,0.258795876439425,0.5893129726801591,1.0287808988439378,1.359297995084672,0.8481088491195841,1.618093871524097,2.379808845413317,2.865105659333207,2.948229314246522,2.379808845413317,2.865105659333207,2.948229314246522,5.244914504746523,5.3280381596598385,5.813334973579729,8.193143818993045
676,16900,Sybil Attack,0.8,0.6600721878381939,0.31101136321689216,0.32819549202368187,0.6600721878381939,0.31101136321689216,0.32819549202368187,0.971083551055086,0.9882676798618757,0.6392068552405741,1.299279043078768,1.7168868683154566,3.8707235723591062,0.612660505009095,1.7168868683154566,3.8707235723591062,0.612660505009095,5.587610440674563,2.3295473733245515,4.483384077368202,6.200270945683658
677,16925,Flooding Attack,0.92,0.729635724765619,0.24465739602887615,0.49418921703371116,0.729635724765619,0.24465739602887615,0.49418921703371116,0.9742931207944951,1.22382494179933,0.7388466130625873,1.4684823378282064,2.13644840192347,2.5928127048615233,2.097393605557804,2.13644840192347,2.5928127048615233,2.097393605557804,4.7292611067849935,4.233842007481274,4.6902063104193275,6.826654712342798
678,16950,Wormhole Attack,0.76,0.8498944475982283,0.18355059464029572,0.6300968948901159,0.8498944475982283,0.18355059464029572,0.6300968948901159,1.033445042238524,1.4799913424883442,0.8136474895304115,1.66354193712864,2.8617699771336373,1.4159569887411048,3.3130216536657855,2.8617699771336373,1.4159569887411048,3.3130216536657855,4.277726965874742,6.174791630799422,4.72897864240689,7.590748619540528
679,16975,Blackhole Attack,0.72,0.786357124121493,0.25841713515942255,0.578637103919398,0.786357124121493,0.25841713515942255,0.578637103919398,1.0447742592809155,1.3649942280408909,0.8370542390788206,1.6234113632003135,2.4785546022877702,2.8578114820865985,2.8527388628739887,2.4785546022877702,2.8578114820865985,2.8527388628739887,5.336366084374369,5.3312934651617585,5.710550344960588,8.189104947248357
680,17000,Blackhole Attack,0.84,0.7635943141511703,0.19609780625202097,0.5565002519505297,0.7635943141511703,0.19609780625202097,0.5565002519505297,0.9596921204031913,1.3200945661016998,0.7525980582025507,1.516192372353721,2.3412642935684165,1.6576037018906309,2.654735493420475,2.3412642935684165,1.6576037018906309,2.654735493420475,3.9988679954590474,4.995999786988891,4.312339195311106,6.653603488879522
681,17025,Flooding Attack,0.92,0.8178875719003039,0.2779592971615465,0.47530540013812256,0.8178875719003039,0.2779592971615465,0.47530540013812256,1.0958468690618504,1.2931929720384265,0.753264697299669,1.5711522691999729,2.668725539674507,3.234173925136165,1.9284870519643633,2.668725539674507,3.234173925136165,1.9284870519643633,5.902899464810672,4.59721259163887,5.162660977100528,7.831386516775035
682,17050,Wormhole Attack,0.8,0.8942108483180168,0.23610186974526887,0.3155287821170927,0.8942108483180168,0.23610186974526887,0.3155287821170927,1.1303127180632857,1.2097396304351093,0.5516306518623615,1.4458415001803784,3.129057379000223,2.4280418482222603,0.4993629482958823,3.129057379000223,2.4280418482222603,0.4993629482958823,5.5570992272224835,3.6284203272961055,2.9274047965181427,6.056462175518366
683,17075,Wormhole Attack,0.8,0.6858465675814266,0.3010385314205432,0.4515228503139235,0.6858465675814266,0.3010385314205432,0.4515228503139235,0.9868850990019697,1.13736941789535,0.7525613817344667,1.4384079493158932,1.8723409865289697,3.678656832835181,1.7157637159629344,1.8723409865289697,3.678656832835181,1.7157637159629344,5.5509978193641505,3.588104702491904,5.394420548798116,7.266761535327085
684,17100,Sybil Attack,0.8,0.8463375833215886,0.2799715780475147,0.48073347996929516,0.8463375833215886,0.2799715780475147,0.48073347996929516,1.1263091613691034,1.3270710632908838,0.7607050580168099,1.6070426413383987,2.840317309591741,3.272928437060825,1.9770385848447531,2.840317309591741,3.272928437060825,1.9770385848447531,6.1132457466525665,4.817355894436494,5.2499670219055785,8.090284331497319
685,17125,Blackhole Attack,0.84,0.7907877929032967,0.20391421945246635,0.6369426534835251,0.7907877929032967,0.20391421945246635,0.6369426534835251,0.994702012355763,1.4277304463868217,0.8408568729359914,1.6316446658392882,2.50527748429048,1.808139981739543,3.3742536332564974,2.50527748429048,1.808139981739543,3.3742536332564974,4.313417466030023,5.8795311175469775,5.18239361499604,7.68767109928652
686,17150,Sybil Attack,0.76,0.8634688842051667,0.26066275531721217,0.24686378809714926,0.8634688842051667,0.26066275531721217,0.24686378809714926,1.1241316395223788,1.110332672302316,0.5075265434143614,1.370995427619528,2.943642056849965,2.9010598743911546,-0.11481201201800552,2.943642056849965,2.9010598743911546,-0.11481201201800552,5.8447019312411195,2.8288300448319594,2.7862478623731493,5.729889919223114
687,17175,Normal Traffic,0.64,0.8839507356927312,0.3244347794433593,0.29267805781175676,0.8839507356927312,0.3244347794433593,0.29267805781175676,1.2083855151360905,1.176628793504488,0.617112837255116,1.5010635729478472,3.067175123177796,4.1292451077202035,0.29497433815055746,3.067175123177796,4.1292451077202035,0.29497433815055746,7.196420230897999,3.362149461328354,4.424219445870761,7.491394569048556
688,17200,Blackhole Attack,0.8,0.6258968363440183,0.20878094892165464,0.6222458057115058,0.6258968363440183,0.20878094892165464,0.6222458057115058,0.8346777852656729,1.248142642055524,0.8310267546331604,1.4569235909771787,1.5107636100997535,1.9018683109021992,3.2427974811668676,1.5107636100997535,1.9018683109021992,3.2427974811668676,3.4126319210019527,4.753561091266621,5.144665792069067,6.655429402168821
689,17225,Wormhole Attack,0.88,0.9012223403660541,0.2946403578282779,0.4800257412903653,0.9012223403660541,0.2946403578282779,0.4800257412903653,1.195862698194332,1.3812480816564194,0.7746660991186431,1.6758884394846973,3.1713460906800797,3.555434425612353,1.9707082067350847,3.1713460906800797,3.555434425612353,1.9707082067350847,6.726780516292433,5.142054297415164,5.526142632347438,8.697488723027517
690,17250,Normal Traffic,0.64,0.8116642106302522,0.21707463967405932,0.3143433305748179,0.8116642106302522,0.21707463967405932,0.3143433305748179,1.0287388503043116,1.12600754120507,0.5314179702488773,1.3430821808791293,2.631190314842801,2.06159647778227,0.488759661070383,2.631190314842801,2.06159647778227,0.488759661070383,4.692786792625071,3.1199499759131837,2.5503561388526528,5.1815464536954545
691,17275,Blackhole Attack,0.88,0.8404205596650812,0.16064175218003793,0.4490045071619487,0.8404205596650812,0.16064175218003793,0.4490045071619487,1.0010623118451192,1.28942506682703,0.6096462593419866,1.4500668190070678,2.8046297119023196,0.9747556562148886,1.6932383618505953,2.8046297119023196,0.9747556562148886,1.6932383618505953,3.7793853681172083,4.497868073752915,2.667994018065484,5.472623729967804
692,17300,Blackhole Attack,0.8,0.6741341588420064,0.20667493695046246,0.5373519327562052,0.6741341588420064,0.20667493695046246,0.5373519327562052,0.8808090957924689,1.2114860915982115,0.7440268697066676,1.418161028548674,1.8016994350782174,1.8613086322707677,2.4834630954670707,1.8016994350782174,1.8613086322707677,2.4834630954670707,3.663008067348985,4.285162530545288,4.344771727737839,6.146471162816056
693,17325,Wormhole Attack,0.84,0.6961050660492463,0.22042304251668768,0.38345563117245834,0.6961050660492463,0.22042304251668768,0.38345563117245834,0.9165281085659339,1.0795606972217047,0.603878673689146,1.2999837397383922,1.934213506814479,2.126083358713293,1.1069355610701526,1.934213506814479,2.126083358713293,1.1069355610701526,4.060296865527771,3.0411490678846316,3.2330189197834454,5.1672324265979235
694,17350,Sybil Attack,0.72,0.948020919676122,0.2786900657950535,0.4435042220368722,0.948020919676122,0.2786900657950535,0.4435042220368722,1.2267109854711755,1.3915251417129941,0.7221942878319256,1.6702152075080476,3.4536043623733836,3.248247796194076,1.6440409877500781,3.4536043623733836,3.248247796194076,1.6440409877500781,6.70185215856746,5.097645350123462,4.892288783944155,8.345893146317538
695,17375,Normal Traffic,0.68,0.6563710311197851,0.23720905234572956,0.5021886417301037,0.6563710311197851,0.23720905234572956,0.5021886417301037,0.8935800834655147,1.1585596728498888,0.7393976940758332,1.3957687251956183,1.6945639236020607,2.449365074811318,2.1689445670857967,1.6945639236020607,2.449365074811318,2.1689445670857967,4.1439289984133785,3.8635084906878574,4.618309641897115,6.312873565499175
696,17400,Wormhole Attack,0.8,0.6404042972814066,0.23092013958020474,0.5074019328069599,0.6404042972814066,0.23092013958020474,0.5074019328069599,0.8713244368616113,1.1478062300883665,0.7383220723871646,1.3787263696685712,1.5982630793403594,2.328246921543461,2.2155749190713068,1.5982630793403594,2.328246921543461,2.2155749190713068,3.9265100008838205,3.813837998411666,4.543821840614768,6.142084919955128
697,17425,Blackhole Attack,0.8,0.7038973034589272,0.2556819197202963,0.3596725627293458,0.7038973034589272,0.2556819197202963,0.3596725627293458,0.9595792231792235,1.0635698661882729,0.6153544824496421,1.3192517859085693,1.981211161365229,2.805133975635441,0.8942075862748934,1.981211161365229,2.805133975635441,0.8942075862748934,4.78634513700067,2.8754187476401225,3.6993415619103343,5.6805527232755635
698,17450,Blackhole Attack,0.76,0.8266819290561987,0.22681895182677125,0.5709647326395826,0.8266819290561987,0.22681895182677125,0.5709647326395826,1.05350088088297,1.3976466616957812,0.7977836844663538,1.6244656135225526,2.721767321883962,2.2492621581319496,2.784113235018761,2.721767321883962,2.2492621581319496,2.784113235018761,4.971029480015911,5.5058805569027225,5.033375393150711,7.755142715034673
699,17475,Normal Traffic,0.64,0.7837074956218093,0.23811403376970716,0.36127661981000586,0.7837074956218093,0.23811403376970716,0.36127661981000586,1.0218215293915165,1.1449841154318152,0.599390653579713,1.3830981492015224,2.4625737846651905,2.466794109511044,0.9085550963550586,2.4625737846651905,2.466794109511044,0.9085550963550586,4.929367894176234,3.3711288810202493,3.3753492058661028,5.837922990531293
700,17500,Normal Traffic,0.68,0.9121393350376898,0.24500214510893653,0.3559002962661424,0.9121393350376898,0.24500214510893653,0.3559002962661424,1.1571414801466264,1.2680396313038322,0.600902441375079,1.5130417764127688,3.237190227265611,2.599452226425029,0.8604664982809378,3.237190227265611,2.599452226425029,0.8604664982809378,5.83664245369064,4.097656725546549,3.4599187247059664,6.697108951971578
701,17525,Normal Traffic,0.68,0.7947082910902996,0.218317633275516,0.47914302485412624,0.7947082910902996,0.218317633275516,0.47914302485412624,1.0130259243658157,1.2738513159444258,0.6974606581296423,1.492168949219942,2.528923352578668,2.085535288057631,1.962812737727426,2.528923352578668,2.085535288057631,1.962812737727426,4.614458640636299,4.491736090306094,4.0483480257850575,6.577271378363725
702,17550,Normal Traffic,0.72,0.8667749785432929,0.1688149878296905,0.5658532278591706,0.8667749785432929,0.1688149878296905,0.5658532278591706,1.0355899663729833,1.4326282064024634,0.7346682156888611,1.6014431942321539,2.9635822449431055,1.1321639786097564,2.738393311927499,2.9635822449431055,1.1321639786097564,2.738393311927499,4.095746223552862,5.701975556870604,3.8705572905372554,6.834139535480361
703,17575,Wormhole Attack,0.88,0.8142428564587675,0.1713709039538694,0.5798216156587697,0.8142428564587675,0.1713709039538694,0.5798216156587697,0.9856137604126369,1.3940644721175373,0.751192519612639,1.5654353760714066,2.6467430116467674,1.1813883600585027,2.863333744019811,2.6467430116467674,1.1813883600585027,2.863333744019811,3.82813137170527,5.510076755666578,4.044722104078314,6.691465115725081
704,17600,Blackhole Attack,0.8,0.8306230652907488,0.26564335747438667,0.4783857028923282,0.8306230652907488,0.26564335747438667,0.4783857028923282,1.0962664227651355,1.309008768183077,0.7440290603667148,1.5746521256574637,2.7455376653104477,2.996981277331546,1.9560388612788668,2.7455376653104477,2.996981277331546,1.9560388612788668,5.742518942641993,4.701576526589315,4.9530201386104125,7.69855780392086
705,17625,Flooding Attack,0.76,0.8038249011247462,0.23556525608649734,0.47827751223842513,0.8038249011247462,0.23556525608649734,0.47827751223842513,1.0393901572112436,1.2821024133631713,0.7138427683249224,1.5176676694496687,2.58390875234851,2.4177072072768486,1.9550711485233987,2.58390875234851,2.4177072072768486,1.9550711485233987,5.001615959625358,4.538979900871908,4.372778355800247,6.956687108148756
706,17650,Blackhole Attack,0.76,0.7441614631923358,0.2519997119760737,0.38338587418083137,0.7441614631923358,0.2519997119760737,0.38338587418083137,0.9961611751684094,1.127547337373167,0.6353855861569051,1.3795470493492408,2.2240581089666933,2.7342183470432184,1.1063116187225908,2.2240581089666933,2.7342183470432184,1.1063116187225908,4.958276456009912,3.330369727689284,3.840529965765809,6.064588074732503
707,17675,Sybil Attack,0.76,0.7779311846070068,0.27791619046068683,0.4484974053673842,0.7779311846070068,0.27791619046068683,0.4484974053673842,1.0558473750676938,1.226428589974391,0.7264135958280711,1.504344780435078,2.427734873146131,3.2333437333055177,1.6887025830451492,2.427734873146131,3.2333437333055177,1.6887025830451492,5.661078606451649,4.11643745619128,4.9220463163506665,7.349781189496798
708,17700,Normal Traffic,0.6,0.8874972252105146,0.22326893511950968,0.35171555838461516,0.8874972252105146,0.22326893511950968,0.35171555838461516,1.1107661603300243,1.2392127835951297,0.5749844935041248,1.4624817187146395,3.088565216993157,2.180892396348861,0.8230360541515096,3.088565216993157,2.180892396348861,0.8230360541515096,5.269457613342018,3.9116012711446664,3.0039284505003705,6.092493667493528
709,17725,Blackhole Attack,0.8,0.9433275978055136,0.2848177165595684,0.4794656082406706,0.9433275978055136,0.2848177165595684,0.4794656082406706,1.228145314365082,1.422793206046184,0.764283324800239,1.7076109226057525,3.425297329569648,3.3662602050379244,1.9656980891565872,3.425297329569648,3.3662602050379244,1.9656980891565872,6.7915575346075725,5.390995418726235,5.331958294194512,8.75725562376416
710,17750,Normal Traffic,0.72,0.9021529693800833,0.293400801897714,0.27433289169388736,0.9021529693800833,0.293400801897714,0.27433289169388736,1.1955537712777973,1.1764858610739706,0.5677336935916013,1.4698866629716847,3.1769590332300472,3.5315618214310494,0.13088575366569413,3.1769590332300472,3.5315618214310494,0.13088575366569413,6.708520854661097,3.3078447868957412,3.6624475750967433,6.839406608326791
711,17775,Flooding Attack,0.8,0.6812987922988011,0.3628066674067765,0.34389740995291007,0.6812987922988011,0.3628066674067765,0.34389740995291007,1.0441054597055777,1.0251962022517112,0.7067040773596865,1.3880028696584876,1.8449117950823986,4.8682491901122305,0.7531065206052615,1.8449117950823986,4.8682491901122305,0.7531065206052615,6.713160985194629,2.59801831568766,5.621355710717492,7.466267505799891
712,17800,Wormhole Attack,0.84,0.7036625088451867,0.3250553286381711,0.4845288677296108,0.7036625088451867,0.3250553286381711,0.4845288677296108,1.0287178374833577,1.1881913765747973,0.8095841963677819,1.5132467052129686,1.9797950345756057,4.141196262918202,2.010986481590956,1.9797950345756057,4.141196262918202,2.010986481590956,6.120991297493807,3.9907815161665616,6.152182744509158,8.131977779084764
713,17825,Blackhole Attack,0.8,0.8204157725889043,0.30823336250154215,0.4089472811368082,0.8204157725889043,0.30823336250154215,0.4089472811368082,1.1286491350904464,1.2293630537257125,0.7171806436383503,1.5375964162272546,2.6839739845499406,3.8172220643934605,1.334945966206761,2.6839739845499406,3.8172220643934605,1.334945966206761,6.501196048943401,4.018919950756702,5.1521680306002215,7.836142015150162
714,17850,Sybil Attack,0.76,0.960661978927738,0.2697357709890738,0.3417576606580905,0.960661978927738,0.2697357709890738,0.3417576606580905,1.2303977499168117,1.3024196395858285,0.6114934316471643,1.5721554105749023,3.5298469233514296,3.075797057703714,0.7339675043279749,3.5298469233514296,3.075797057703714,0.7339675043279749,6.6056439810551435,4.263814427679405,3.8097645620316887,7.339611485383118
715,17875,Blackhole Attack,0.76,0.6816893998406395,0.15363627280510098,0.49356946585346684,0.6816893998406395,0.15363627280510098,0.49356946585346684,0.8353256726457404,1.1752588656941063,0.6472057386585678,1.3288951384992074,1.8472676830451331,0.839837148631231,2.091850232810688,1.8472676830451331,0.839837148631231,2.091850232810688,2.687104831676364,3.939117915855821,2.931687381441919,4.778955064487052
716,17900,Sybil Attack,0.92,0.7762565248837632,0.2549107047200514,0.5035955237021982,0.7762565248837632,0.2549107047200514,0.5035955237021982,1.0311672296038146,1.2798520485859615,0.7585062284222496,1.5347627533060129,2.4176344263777514,2.7902811481142535,2.1815284417618286,2.4176344263777514,2.7902811481142535,2.1815284417618286,5.207915574492005,4.5991628681395795,4.971809589876083,7.389444016253833
717,17925,Sybil Attack,0.8,0.9290002172070955,0.28772879482125396,0.3317209886921247,0.9290002172070955,0.28772879482125396,0.3317209886921247,1.2167290120283494,1.26072120589922,0.6194497835133786,1.548450000720474,3.338883986574604,3.4223246530942544,0.6441943572628172,3.338883986574604,3.4223246530942544,0.6441943572628172,6.761208639668858,3.983078343837421,4.066519010357071,7.4054029969316755
718,17950,Blackhole Attack,0.8,0.6191894811520021,0.23704729515697975,0.531584000570545,0.6191894811520021,0.23704729515697975,0.531584000570545,0.8562367763089819,1.1507734817225472,0.7686312957275248,1.387820776879527,1.4703092520392664,2.4462497935680196,2.4318717486420476,1.4703092520392664,2.4462497935680196,2.4318717486420476,3.9165590456072863,3.9021810006813142,4.878121542210067,6.348430794249333
719,17975,Wormhole Attack,0.88,0.60672900004304,0.21017200179302062,0.4852915981084213,0.60672900004304,0.21017200179302062,0.4852915981084213,0.8169010018360606,1.0920205981514612,0.6954635999014419,1.3021925999444819,1.3951558197314167,1.9286585942404253,2.01780873369805,1.3951558197314167,1.9286585942404253,2.01780873369805,3.323814413971842,3.4129645534294664,3.946467327938475,5.3416231476698925
720,18000,Blackhole Attack,0.88,0.9133743174217148,0.19424751181187475,0.4595687321585794,0.9133743174217148,0.19424751181187475,0.4595687321585794,1.1076218292335895,1.3729430495802943,0.6538162439704541,1.5671905613921688,3.2446388293049373,1.6219688864705777,1.7877302140769011,3.2446388293049373,1.6219688864705777,1.7877302140769011,4.866607715775515,5.032369043381839,3.4096991005474786,6.654337929852416
721,18025,Blackhole Attack,0.88,0.7379398727132879,0.2405694884622106,0.49893923502477855,0.7379398727132879,0.2405694884622106,0.49893923502477855,0.9785093611754985,1.2368791077380665,0.7395087234869892,1.477448596200277,2.1865335643824566,2.5140837045296336,2.1398802052115773,2.1865335643824566,2.5140837045296336,2.1398802052115773,4.70061726891209,4.3264137695940335,4.653963909741211,6.8404974741236675
722,18050,Wormhole Attack,0.72,0.7537066750154261,0.1245978430922178,0.6481531605839393,0.7537066750154261,0.1245978430922178,0.6481531605839393,0.8783045181076439,1.4018598355993654,0.7727510036761571,1.526457678691583,2.281628553024006,0.28058611244209136,3.4745261644314906,2.281628553024006,0.28058611244209136,3.4745261644314906,2.5622146654660973,5.756154717455496,3.755112276873582,6.036740829897588
723,18075,Normal Traffic,0.64,0.7999322397863974,0.2901728312139785,0.3331768999589175,0.7999322397863974,0.2901728312139785,0.3331768999589175,1.090105071000376,1.133109139745315,0.623349731172896,1.4232819709592934,2.560430777635433,3.469394343109509,0.6572167751231219,2.560430777635433,3.469394343109509,0.6572167751231219,6.029825120744942,3.217647552758555,4.126611118232631,6.687041895868064
724,18100,Sybil Attack,0.72,0.7992656659806427,0.29290383003629883,0.43937947047143355,0.7992656659806427,0.29290383003629883,0.43937947047143355,1.0921694960169415,1.2386451364520763,0.7322833005077324,1.531548966488375,2.55641044254958,3.5219906417494578,1.6071470920297621,2.55641044254958,3.5219906417494578,1.6071470920297621,6.078401084299038,4.1635575345793425,5.12913773377922,7.6855481763288
725,18125,Blackhole Attack,0.8,0.7782716879078624,0.23432539262940363,0.5146169134451094,0.7782716879078624,0.23432539262940363,0.5146169134451094,1.012597080537266,1.292888601352972,0.7489423060745131,1.5272139939823752,2.4297885652586326,2.3938286804429723,2.2801094101951813,2.4297885652586326,2.3938286804429723,2.2801094101951813,4.823617245701605,4.7098979754538135,4.673938090638154,7.103726655896787
726,18150,Blackhole Attack,0.72,0.8552130901706725,0.20568485110968598,0.4718967498968331,0.8552130901706725,0.20568485110968598,0.4718967498968331,1.0608979412803585,1.3271098400675057,0.6775816010065191,1.5327946911771917,2.8938485334142885,1.8422405718472117,1.8979983341460844,2.8938485334142885,1.8422405718472117,1.8979983341460844,4.736089105261501,4.791846867560373,3.740238905993296,6.634087439407585
727,18175,Wormhole Attack,0.76,0.8426976908596061,0.277334433102502,0.4774467889857752,0.8426976908596061,0.277334433102502,0.4774467889857752,1.120032123962108,1.3201444798453812,0.7547812220882772,1.5974789129478832,2.818363870606732,3.222139669980042,1.9476407332439636,2.818363870606732,3.222139669980042,1.9476407332439636,6.040503540586775,4.766004603850696,5.169780403224006,7.988144273830738
728,18200,Wormhole Attack,0.92,0.8094211244609352,0.2855699061028695,0.5026482217967764,0.8094211244609352,0.2855699061028695,0.5026482217967764,1.0949910305638046,1.3120693462577115,0.7882181278996458,1.597639252360581,2.617661493354103,3.3807466213373267,2.1730552871584985,2.617661493354103,3.3807466213373267,2.1730552871584985,5.998408114691429,4.790716780512602,5.553801908495825,8.171463401849927
729,18225,Normal Traffic,0.64,0.782385614558901,0.22761471591250243,0.5545283446193214,0.782385614558901,0.22761471591250243,0.5545283446193214,1.0100003304714034,1.3369139591782224,0.7821430605318238,1.5645286750907248,2.454601066909625,2.264587776421489,2.6370977418387054,2.454601066909625,2.264587776421489,2.6370977418387054,4.719188843331114,5.091698808748331,4.901685518260194,7.356286585169819
730,18250,Sybil Attack,0.88,0.7203132228027384,0.22985802866710317,0.34865706928228807,0.7203132228027384,0.22985802866710317,0.34865706928228807,0.9501712514698415,1.0689702920850264,0.5785150979493913,1.2988283207521296,2.0802211973652747,2.307791730454519,0.7956793573389151,2.0802211973652747,2.307791730454519,0.7956793573389151,4.388012927819794,2.87590055470419,3.103471087793434,5.18369228515871
731,18275,Blackhole Attack,0.76,0.7053779007853593,0.13863106054211563,0.5745087013721429,0.7053779007853593,0.13863106054211563,0.5745087013721429,0.8440089613274749,1.2798866021575024,0.7131397619142585,1.4185176626996179,1.990141151304957,0.5508518078505795,2.8158123108978286,1.990141151304957,0.5508518078505795,2.8158123108978286,2.5409929591555365,4.805953462202785,3.366664118748408,5.356805270053365
732,18300,Blackhole Attack,0.84,0.7524310808136254,0.27811588286134814,0.5035248868298065,0.7524310808136254,0.27811588286134814,0.5035248868298065,1.0305469636749736,1.2559559676434318,0.7816407696911546,1.53407185050478,2.2739350071922675,3.237189608688352,2.180896629308961,2.2739350071922675,3.237189608688352,2.180896629308961,5.51112461588062,4.454831636501229,5.418086237997313,7.692021245189581
