window_idx,start_pos,majority_label,attack_frac,W2_c2,W2_network,W2_physical,W2_c2_only,W2_network_only,W2_physical_only,W2_c2_network,W2_c2_physical,W2_network_physical,W2_all_three,Z2_c2,Z2_network,Z2_physical,Z2_c2_only,Z2_network_only,Z2_physical_only,Z2_c2_network,Z2_c2_physical,Z2_network_physical,Z2_all_three
0,0,Sybil Attack,1.0,1.3398043269671251,0.21083336178324663,0.8734794783620397,1.3398043269671251,0.21083336178324663,0.8734794783620397,1.550637688750372,2.213283805329165,1.0843128401452864,2.4241171671124118,3.6514192459042767,1.4901509634289272,3.984953073247303,3.6514192459042767,1.4901509634289272,3.984953073247303,5.141570209333204,7.6363723191515795,5.47510403667623,9.126523282580507
1,50,Sybil Attack,1.0,1.284666406550311,0.21076944779873755,0.8584945879877142,1.284666406550311,0.21076944779873755,0.8584945879877142,1.4954358543490487,2.143160994538025,1.0692640357864518,2.353930442336763,3.4035167103611146,1.4890913332511952,3.875189684602588,3.4035167103611146,1.4890913332511952,3.875189684602588,4.892608043612309,7.278706394963702,5.364281017853783,8.767797728214898
2,100,Sybil Attack,1.0,1.257805110914526,0.17579598678887293,0.8276664030179198,1.257805110914526,0.17579598678887293,0.8276664030179198,1.433601097703399,2.085471513932446,1.0034623898067927,2.2612675007213188,3.28274713389274,0.9092661981039283,3.6493751498597535,3.28274713389274,0.9092661981039283,3.6493751498597535,4.192013331996669,6.932122283752493,4.558641347963682,7.841388481856422
3,150,Sybil Attack,1.0,1.2026146266930167,0.18284806122799668,0.8668105138482775,1.2026146266930167,0.18284806122799668,0.8668105138482775,1.3854626879210135,2.069425140541294,1.0496585750762741,2.252273201769291,3.03460826915248,1.0261825654483037,3.9361033235663787,3.03460826915248,1.0261825654483037,3.9361033235663787,4.060790834600784,6.9707115927188585,4.962285889014682,7.996894158167162
4,200,Sybil Attack,1.0,1.3074205629855997,0.2107447773213879,0.8803594378380705,1.3074205629855997,0.2107447773213879,0.8803594378380705,1.5181653403069877,2.18778000082367,1.0911042151594583,2.3985247781450583,3.5058204068337453,1.4886823213189944,4.035348347884836,3.5058204068337453,1.4886823213189944,4.035348347884836,4.99450272815274,7.541168754718582,5.524030669203831,9.029851076037577
5,250,Sybil Attack,1.0,1.2474954840267214,0.21022197584222752,0.868508104754697,1.2474954840267214,0.21022197584222752,0.868508104754697,1.4577174598689489,2.1160035887814184,1.0787300805969244,2.3262255646236456,3.236394594176509,1.4800147937264616,3.948538071219943,3.236394594176509,1.4800147937264616,3.948538071219943,4.716409387902971,7.1849326653964525,5.428552864946404,8.664947459122914
6,300,Sybil Attack,1.0,1.2271346577713964,0.17817119945286086,0.8438148953420508,1.2271346577713964,0.17817119945286086,0.8438148953420508,1.4053058572242572,2.070949553113447,1.0219860947949115,2.249120752566308,3.1448514163364245,0.9486448573539192,3.7676618503108115,3.1448514163364245,0.9486448573539192,3.7676618503108115,4.093496273690343,6.912513266647236,4.716306707664731,7.861158124001155
7,350,Sybil Attack,1.0,1.2283374723210105,0.17700025283247453,0.8672515999901644,1.2283374723210105,0.17700025283247453,0.8672515999901644,1.405337725153485,2.095589072311175,1.044251852822639,2.2725893251436498,3.150259323895931,0.9292317291472417,3.9393342520822583,3.150259323895931,0.9292317291472417,3.9393342520822583,4.0794910530431725,7.089593575978189,4.8685659812295,8.01882530512543
8,400,Sybil Attack,1.0,1.2763761800817768,0.20919279489067455,0.8821928196179034,1.2763761800817768,0.20919279489067455,0.8821928196179034,1.4855689749724514,2.15856899969968,1.091385614508578,2.367761794590355,3.3662434844896874,1.462951999050325,4.048777755228298,3.3662434844896874,1.462951999050325,4.048777755228298,4.829195483540012,7.415021239717985,5.5117297542786226,8.877973238768309
9,450,Sybil Attack,1.0,1.2854960225279102,0.1858768101660148,0.8632603721939544,1.2854960225279102,0.1858768101660148,0.8632603721939544,1.471372832693925,2.1487563947218646,1.0491371823599691,2.3346332048878793,3.407246700589604,1.0763962049224793,3.9100987570721912,3.407246700589604,1.0763962049224793,3.9100987570721912,4.483642905512083,7.317345457661795,4.986494961994671,8.393741662584274
10,500,Sybil Attack,1.0,1.2368920165703219,0.17088187980373992,0.8123785499109679,1.2368920165703219,0.17088187980373992,0.8123785499109679,1.4077738963740618,2.04927056648129,0.9832604297147078,2.22015244628503,3.188720934232141,0.8277952008246143,3.5373925780688533,3.188720934232141,0.8277952008246143,3.5373925780688533,4.016516135056755,6.726113512300994,4.365187778893468,7.553908713125608
11,550,Sybil Attack,1.0,1.225874915414008,0.17479789639168866,0.8732236354437106,1.225874915414008,0.17479789639168866,0.8732236354437106,1.4006728118056968,2.0990985508577187,1.0480215318353994,2.2738964472494074,3.1391875588284353,0.8927188538398497,3.9830790398059466,3.1391875588284353,0.8927188538398497,3.9830790398059466,4.031906412668285,7.122266598634382,4.875797893645796,8.014985452474232
12,600,Sybil Attack,1.0,1.2625213182123116,0.20731246438348758,0.8729296514023148,1.2625213182123116,0.20731246438348758,0.8729296514023148,1.4698337825957992,2.1354509696146264,1.0802421157858024,2.342763433998114,3.3039514110658716,1.4317779928476304,3.9809256250137794,3.3039514110658716,1.4317779928476304,3.9809256250137794,4.735729403913502,7.284877036079651,5.41270361786141,8.716655028927281
13,650,Sybil Attack,1.0,1.2308849576454794,0.16794615817629213,0.8655930390679558,1.2308849576454794,0.16794615817629213,0.8655930390679558,1.3988311158217717,2.0964779967134355,1.033539197244248,2.2644241548897277,3.161712930894904,0.7791238614650483,3.9271853966320216,3.161712930894904,0.7791238614650483,3.9271853966320216,3.9408367923599523,7.088898327526925,4.70630925809707,7.868022188991974
14,700,Sybil Attack,1.0,1.1486380409256658,0.14205166072297995,0.8394052375242459,1.1486380409256658,0.14205166072297995,0.8394052375242459,1.2906897016486458,1.9880432784499118,0.9814568982472258,2.1300949391728916,2.7919271456981254,0.34981889558814044,3.7353613814548483,2.7919271456981254,0.34981889558814044,3.7353613814548483,3.141746041286266,6.527288527152974,4.085180277042989,6.877107422741114
15,750,Sybil Attack,1.0,1.336296956088888,0.20548693046718544,0.8659255689529689,1.336296956088888,0.20548693046718544,0.8659255689529689,1.5417838865560733,2.202222525041857,1.0714124994201544,2.407709455509042,3.6356499508849436,1.4015124595211677,3.9296211573278232,3.6356499508849436,1.4015124595211677,3.9296211573278232,5.037162410406111,7.565271108212767,5.331133616848991,8.966783567733934
16,800,Sybil Attack,1.0,1.2658595756198419,0.2045925374995699,0.8692378669880356,1.2658595756198419,0.2045925374995699,0.8692378669880356,1.4704521131194117,2.1350974426078775,1.0738304044876055,2.3396899801074476,3.3189603644207777,1.38668431531273,3.953883534125259,3.3189603644207777,1.38668431531273,3.953883534125259,4.705644679733508,7.272843898546037,5.3405678494379885,8.659528213858767
17,850,Sybil Attack,1.0,1.1780312931378405,0.1622042304716448,0.8163436187082879,1.1780312931378405,0.1622042304716448,0.8163436187082879,1.3402355236094854,1.9943749118461285,0.9785478491799326,2.1565791423177734,2.9240805112254136,0.6839284215166285,3.5664364600413867,2.9240805112254136,0.6839284215166285,3.5664364600413867,3.608008932742042,6.4905169712668,4.250364881558015,7.174445392783429
18,900,Sybil Attack,1.0,1.2212616015198041,0.13710762230691934,0.8732404106172789,1.2212616015198041,0.13710762230691934,0.8732404106172789,1.3583692238267235,2.0945020121370828,1.0103480329241983,2.2316096344440024,3.1184458949610963,0.2678516650084432,3.9832019169074773,3.1184458949610963,0.2678516650084432,3.9832019169074773,3.3862975599695395,7.101647811868574,4.2510535819159205,7.369499476877017
19,950,Sybil Attack,1.0,1.2737713037437666,0.20131551250222704,0.8698201169045694,1.2737713037437666,0.20131551250222704,0.8698201169045694,1.4750868162459936,2.143591420648336,1.0711356294067964,2.344906933150563,3.3545318449485597,1.3323545061631763,3.958148478497915,3.3545318449485597,1.3323545061631763,3.958148478497915,4.6868863511117365,7.312680323446475,5.290502984661091,8.645034829609651
20,1000,Sybil Attack,1.0,1.2476247877674058,0.19656032581182398,0.8975532472671156,1.2476247877674058,0.19656032581182398,0.8975532472671156,1.4441851135792299,2.1451780350345215,1.0941135730789395,2.3417383608463456,3.236975949529206,1.2535182490184873,4.161291931020885,3.236975949529206,1.2535182490184873,4.161291931020885,4.490494198547694,7.39826788055009,5.414810180039372,8.651786129568578
21,1050,Sybil Attack,1.0,1.0898199335007184,0.14113859247166774,0.8348891760172359,1.0898199335007184,0.14113859247166774,0.8348891760172359,1.230958525972386,1.9247091095179543,0.9760277684889036,2.0658477019896218,2.527478326151277,0.33468113378451303,3.702281512202906,2.527478326151277,0.33468113378451303,3.702281512202906,2.86215945993579,6.229759838354183,4.036962645987419,6.564440972138696
22,1100,Sybil Attack,1.0,1.23139171960954,0.16466962741499025,0.8705628646441497,1.23139171960954,0.16466962741499025,0.8705628646441497,1.3960613470245304,2.10195458425369,1.0352324920591398,2.26662421166868,3.163991355160052,0.7248022462565855,3.9635890594276373,3.163991355160052,0.7248022462565855,3.9635890594276373,3.888793601416637,7.127580414587689,4.688391305684223,7.852382660844274
23,1150,Sybil Attack,1.0,1.259647941171525,0.19036605508610066,0.8686824031552179,1.259647941171525,0.19036605508610066,0.8686824031552179,1.4500139962576255,2.1283303443267427,1.0590484582413187,2.3186963994128433,3.29103258045714,1.1508234125060748,3.949814796147428,3.29103258045714,1.1508234125060748,3.949814796147428,4.441855992963215,7.2408473766045685,5.1006382086535025,8.391670789110643
24,1200,Sybil Attack,1.0,1.2085938443884927,0.1603677292509444,0.8179296451728687,1.2085938443884927,0.1603677292509444,0.8179296451728687,1.3689615736394372,2.0265234895613613,0.978297374423813,2.1868912188123057,3.061491097087736,0.6534810612113275,3.578054005107373,3.061491097087736,0.6534810612113275,3.578054005107373,3.714972158299063,6.639545102195109,4.231535066318701,7.293026163406436
25,1250,Sybil Attack,1.0,0.9972536738383323,0.1389392199786368,0.8789473688360625,0.9972536738383323,0.1389392199786368,0.8789473688360625,1.1361928938169692,1.8762010426743947,1.0178865888146993,2.0151402626530315,2.111296317425128,0.29821772935762086,4.025005030397101,2.111296317425128,0.29821772935762086,4.025005030397101,2.4095140467827485,6.136301347822229,4.323222759754722,6.43451907717985
26,1300,Sybil Attack,1.0,1.3021796819767173,0.19563848552953236,0.8722576908263676,1.3021796819767173,0.19563848552953236,0.8722576908263676,1.4978181675062496,2.174437372803085,1.0678961763559,2.3700758583326174,3.4822571733864103,1.2382350556818837,3.976003555648628,3.4822571733864103,1.2382350556818837,3.976003555648628,4.720492229068294,7.458260729035038,5.2142386113305115,8.696495784716923
27,1350,Sybil Attack,1.0,1.247967635165022,0.17871324343689088,0.8639653724322403,1.247967635165022,0.17871324343689088,0.8639653724322403,1.4266808786019127,2.111933007597262,1.0426786158691312,2.290646251034153,3.238517406634061,0.9576314065034963,3.915262839906069,3.238517406634061,0.9576314065034963,3.915262839906069,4.196148813137557,7.15378024654013,4.872894246409565,8.111411653043627
28,1400,Sybil Attack,1.0,1.2421195366841142,0.16169269250084492,0.8152301931325983,1.2421195366841142,0.16169269250084492,0.8152301931325983,1.403812229184959,2.0573497298167123,0.9769228856334432,2.2190424223175573,3.212224096502599,0.6754476316694827,3.5582806870501624,3.212224096502599,0.6754476316694827,3.5582806870501624,3.887671728172082,6.770504783552761,4.2337283187196455,7.445952415222244
29,1450,Sybil Attack,1.0,0.970613403523926,0.14003095412797095,0.8820180758088337,0.970613403523926,0.14003095412797095,0.8820180758088337,1.110644357651897,1.8526314793327598,1.0220490299368046,1.9926624334607306,1.9915204806040743,0.3163175937234612,4.0474977677109365,1.9915204806040743,0.3163175937234612,4.0474977677109365,2.3078380743275355,6.039018248315011,4.363815361434398,6.355335842038472
30,1500,Sybil Attack,1.0,1.2759391584574173,0.18671665597226758,0.8650095167786013,1.2759391584574173,0.18671665597226758,0.8650095167786013,1.4626558144296848,2.1409486752360185,1.0517261727508689,2.3276653312082862,3.364278615884798,1.0903200115476241,3.9229111322077044,3.364278615884798,1.0903200115476241,3.9229111322077044,4.454598627432422,7.287189748092502,5.013231143755329,8.377509759640127
31,1550,Sybil Attack,1.0,1.2558116005714153,0.18034400214104782,0.859300603922335,1.2558116005714153,0.18034400214104782,0.859300603922335,1.4361556027124631,2.1151122044937503,1.0396446060633828,2.295456206634798,3.2737842229785667,0.9846677608912898,3.8810937011202666,3.2737842229785667,0.9846677608912898,3.8810937011202666,4.258451983869857,7.154877924098834,4.865761462011556,8.139545684990123
32,1600,Sybil Attack,1.0,1.1440635613829888,0.15192377455492617,0.8126250514905499,1.1440635613829888,0.15192377455492617,0.8126250514905499,1.295987335937915,1.9566886128735388,0.964548826045476,2.108612387428465,2.771360082797542,0.5134887061105501,3.539198186785721,2.771360082797542,0.5134887061105501,3.539198186785721,3.2848487889080924,6.310558269583263,4.052686892896271,6.824046975693813
33,1650,Sybil Attack,1.0,0.9692098431514525,0.1182991913764361,0.8760131291252803,0.9692098431514525,0.1182991913764361,0.8760131291252803,1.0875090345278886,1.8452229722767328,0.9943123205017164,1.963522163653169,1.9852100109219792,-0.043973378646785626,4.003511907277351,1.9852100109219792,-0.043973378646785626,4.003511907277351,1.9412366322751937,5.98872191819933,3.959538528630565,5.944748539552545
34,1700,Sybil Attack,1.0,1.2452196635274908,0.17992493512247976,0.8638883323782646,1.2452196635274908,0.17992493512247976,0.8638883323782646,1.4251445986499705,2.1091079959057555,1.0438132675007443,2.289032931028235,3.226162404280056,0.9777200472918708,3.914698526309205,3.226162404280056,0.9777200472918708,3.914698526309205,4.203882451571927,7.140860930589261,4.892418573601076,8.118580977881132
35,1750,Sybil Attack,1.0,1.2611329157974336,0.18374015868691576,0.8605011662480367,1.2611329157974336,0.18374015868691576,0.8605011662480367,1.4448730744843494,2.12163408204547,1.0442413249349525,2.305374240732386,3.2977090922333763,1.040972652409854,3.88988774537794,3.2977090922333763,1.040972652409854,3.88988774537794,4.33868174464323,7.187596837611316,4.930860397787794,8.22856949002117
36,1800,Sybil Attack,1.0,1.2362739450770277,0.18919951413459013,0.8728386758513595,1.2362739450770277,0.18919951413459013,0.8728386758513595,1.4254734592116178,2.1091126209283875,1.0620381899859497,2.2983121350629774,3.1859420573870167,1.1314833258994437,3.9802592347695254,3.1859420573870167,1.1314833258994437,3.9802592347695254,4.31742538328646,7.166201292156542,5.111742560668969,8.297684618055985
37,1850,Sybil Attack,1.0,0.9634193576854886,0.13981383367672334,0.8538388405336631,0.9634193576854886,0.13981383367672334,0.8538388405336631,1.103233191362212,1.8172581982191516,0.9936526742103864,1.957072031895875,1.9591757314608238,0.3127179529858066,3.8410866244890336,1.9591757314608238,0.3127179529858066,3.8410866244890336,2.2718936844466304,5.800262355949857,4.15380457747484,6.112980308935664
38,1900,Sybil Attack,1.0,1.2905916889651208,0.2112130949965166,0.8599048162975009,1.2905916889651208,0.2112130949965166,0.8599048162975009,1.5018047839616373,2.1504965052626215,1.0711179112940175,2.3617096002591382,3.4301570428824824,1.4964465617296518,3.8855195191344523,3.4301570428824824,1.4964465617296518,3.8855195191344523,4.926603604612135,7.315676562016934,5.381966080864104,8.812123123746588
39,1950,Sybil Attack,1.0,1.2587998601791637,0.21126652695907508,0.8495555613284106,1.2587998601791637,0.21126652695907508,0.8495555613284106,1.4700663871382387,2.108355421507574,1.0608220882874857,2.3196219484666494,3.287219570703363,1.497332410427981,3.809711871098412,3.287219570703363,1.497332410427981,3.809711871098412,4.784551981131344,7.096931441801775,5.307044281526393,8.594263852229755
40,2000,Sybil Attack,1.0,1.2345178515021538,0.17297657677923592,0.7736173899302646,1.2345178515021538,0.17297657677923592,0.7736173899302646,1.4074944282813897,2.0081352414324183,0.9465939667095006,2.1811118182116545,3.178046582792194,0.8625231894719764,3.253469495483512,3.178046582792194,0.8625231894719764,3.253469495483512,4.0405697722641705,6.431516078275706,4.115992684955488,7.294039267747682
41,2050,Sybil Attack,1.0,1.3260756049801545,0.17830616386436415,0.8651673620521327,1.3260756049801545,0.17830616386436415,0.8651673620521327,1.5043817688445187,2.191242967032287,1.043473525916497,2.3695491308966514,3.5896943029864197,0.9508824328148636,3.924067339004789,3.5896943029864197,0.9508824328148636,3.924067339004789,4.540576735801284,7.513761641991209,4.874949771819653,8.464644074806072
42,2100,Sybil Attack,1.0,1.2592134292845627,0.17797061633866407,0.8629144435803238,1.2592134292845627,0.17797061633866407,0.8629144435803238,1.4371840456232268,2.1221278728648865,1.0408850599189878,2.3000984892035508,3.2890789957428948,0.9453193891863675,3.9075648515238184,3.2890789957428948,0.9453193891863675,3.9075648515238184,4.234398384929262,7.196643847266714,4.8528842407101855,8.14196323645308
43,2150,Sybil Attack,1.0,1.2672266438001287,0.17028866866441136,0.8650814592111212,1.2672266438001287,0.17028866866441136,0.8650814592111212,1.4375153124645401,2.13230810301125,1.0353701278755325,2.3025967716756615,3.325106763588385,0.8179603512243694,3.9234381060449146,3.325106763588385,0.8179603512243694,3.9234381060449146,4.143067114812754,7.2485448696332995,4.741398457269284,8.06650522085767
44,2200,Sybil Attack,1.0,1.2343175630030703,0.15884893952677778,0.8788798282500674,1.2343175630030703,0.15884893952677778,0.8788798282500674,1.393166502529848,2.113197391253138,1.0377287677768452,2.2720463307799155,3.177146076817584,0.6283010409431936,4.024510299811512,3.177146076817584,0.6283010409431936,4.024510299811512,3.8054471177607776,7.201656376629096,4.652811340754705,7.82995741757229
45,2250,Sybil Attack,1.0,1.1578905454807704,0.126963303635392,0.8763065174758883,1.1578905454807704,0.126963303635392,0.8763065174758883,1.2848538491161623,2.034197062956659,1.0032698211112803,2.1611603665920507,2.8335268165234986,0.09966896947721653,4.0056609586716,2.8335268165234986,0.09966896947721653,4.0056609586716,2.933195786000715,6.839187775195098,4.105329928148816,6.938856744672314
46,2300,Sybil Attack,1.0,1.2684025104402903,0.17323427718867254,0.8708909224205579,1.2684025104402903,0.17323427718867254,0.8708909224205579,1.4416367876289629,2.139293432860848,1.0441251996092304,2.3125277100495207,3.3303935121518613,0.86679560548156,3.9659920622064573,3.3303935121518613,0.86679560548156,3.9659920622064573,4.197189117633421,7.296385574358318,4.8327876676880175,8.163181179839878
47,2350,Sybil Attack,1.0,1.2372508190351146,0.17158043976436768,0.860596126145469,1.2372508190351146,0.17158043976436768,0.860596126145469,1.4088312587994822,2.0978469451805837,1.0321765659098368,2.2694273849449513,3.190334126026624,0.8393766289099048,3.8905833207119698,3.190334126026624,0.8393766289099048,3.8905833207119698,4.029710754936529,7.080917446738594,4.7299599496218745,7.920294075648499
48,2400,Sybil Attack,1.0,1.161333542464616,0.11826807928155483,0.848472388621384,1.161333542464616,0.11826807928155483,0.848472388621384,1.279601621746171,2.009805931086,0.9667404679029388,2.128074010367555,2.8490066836586854,-0.04448918617907871,3.801777698485817,2.8490066836586854,-0.04448918617907871,3.801777698485817,2.8045174974796065,6.6507843821445025,3.7572885123067383,6.606295195965424
49,2450,Sybil Attack,1.0,1.198662947004466,0.1344180228177524,0.8680127338233831,1.198662947004466,0.1344180228177524,0.8680127338233831,1.3330809698222184,2.0666756808278492,1.0024307566411355,2.2010937036456015,3.016841342017024,0.2232607854595655,3.944909510002687,3.016841342017024,0.2232607854595655,3.944909510002687,3.2401021274765895,6.961750852019711,4.168170295462253,7.185011637479277
50,2500,Sybil Attack,1.0,1.2763845613995621,0.17440613587463025,0.8753047653874039,1.2763845613995621,0.17440613587463025,0.8753047653874039,1.4507906972741924,2.151689326786966,1.049710901262034,2.326095462661596,3.366281167266159,0.8862238548266069,3.9983231870184706,3.366281167266159,0.8862238548266069,3.9983231870184706,4.252505022092766,7.36460435428463,4.884547041845077,8.250828209111237
51,2550,Sybil Attack,1.0,1.2525851904475722,0.1712361349793874,0.8602569864983294,1.2525851904475722,0.1712361349793874,0.8602569864983294,1.4238213254269596,2.1128421769459016,1.0314931214777168,2.284078311925289,3.259278139971509,0.8336683986484863,3.8880991439202863,3.259278139971509,0.8336683986484863,3.8880991439202863,4.092946538619995,7.147377283891796,4.721767542568773,7.981045682540282
52,2600,Sybil Attack,1.0,1.1421712282477259,0.1487421871948668,0.8297968207025304,1.1421712282477259,0.1487421871948668,0.8297968207025304,1.2909134154425927,1.9719680489502562,0.9785390078973971,2.120710236145123,2.76285206909703,0.4607411578908032,3.664980326704566,2.76285206909703,0.4607411578908032,3.664980326704566,3.223593226987833,6.427832395801596,4.12572148459537,6.8885735536923995
53,2650,Sybil Attack,1.0,1.115318137032446,0.1199136716957496,0.8794304331405938,1.115318137032446,0.1199136716957496,0.8794304331405938,1.2352318087281957,1.9947485701730399,0.9993441048363434,2.1146622418687895,2.6421193800671103,-0.017206903659522908,4.028543446339703,2.6421193800671103,-0.017206903659522908,4.028543446339703,2.6249124764075873,6.670662826406813,4.01133654268018,6.65345592274729
54,2700,Sybil Attack,1.0,1.2887354682632313,0.18113588710381076,0.8744259804184972,1.2887354682632313,0.18113588710381076,0.8744259804184972,1.469871355367042,2.1631614486817283,1.055561867522308,2.344297335785539,3.4218113922839914,0.9977964245207088,3.9918861418571323,3.4218113922839914,0.9977964245207088,3.9918861418571323,4.4196078168047,7.413697534141123,4.989682566377841,8.411493958661833
55,2750,Sybil Attack,1.0,1.2431621580528533,0.19624586450308867,0.8905927835317236,1.2431621580528533,0.19624586450308867,0.8905927835317236,1.439408022555942,2.133754941584577,1.0868386480348122,2.3300008060876656,3.216911768416375,1.2483047938564544,4.11030696769781,3.216911768416375,1.2483047938564544,4.11030696769781,4.465216562272829,7.327218736114185,5.358611761554265,8.575523529970638
56,2800,Sybil Attack,1.0,1.1478072279296432,0.1065088147462694,0.8494803294737074,1.1478072279296432,0.1065088147462694,0.8494803294737074,1.2543160426759126,1.9972875574033506,0.9559891442199768,2.10379637214962,2.7881917736217163,-0.23944607496057976,3.8091608024485946,2.7881917736217163,-0.23944607496057976,3.8091608024485946,2.5487456986611368,6.5973525760703104,3.569714727488015,6.357906501109731
57,2850,Blackhole Attack,1.0,0.2954543358135838,0.08182644482453241,0.5217453152816464,0.2954543358135838,0.08182644482453241,0.5217453152816464,0.3772807806381162,0.8171996510952302,0.6035717601061787,0.8990260959197626,-1.044024630910711,-0.6486551741569474,1.4085222367584818,-1.044024630910711,-0.6486551741569474,1.4085222367584818,-1.6926798050676584,0.3644976058477707,0.7598670626015344,-0.2841575683091766
58,2900,Blackhole Attack,1.0,0.43766951775508744,0.06689829755181684,0.4340350302413124,0.43766951775508744,0.06689829755181684,0.4340350302413124,0.5045678153069043,0.8717045479963998,0.5009333277931293,0.9386028455482167,-0.4046188657037984,-0.8961489811741935,0.7660498619511188,-0.4046188657037984,-0.8961489811741935,0.7660498619511188,-1.300767846877992,0.3614309962473204,-0.1300991192230747,-0.5347179849268732
59,2950,Blackhole Attack,1.0,0.3028474185839561,0.12244398906533444,0.2970473938997602,0.3028474185839561,0.12244398906533444,0.2970473938997602,0.4252914076492905,0.5998948124837162,0.41949138296509464,0.7223388015490507,-1.0107850028942569,0.024743237059211914,-0.23737604185403144,-1.0107850028942569,0.024743237059211914,-0.23737604185403144,-0.986041765835045,-1.2481610447482883,-0.21263280479481952,-1.2234178076890765
60,3000,Blackhole Attack,1.0,0.46513792637538354,0.15619238659389234,0.5131505853737268,0.46513792637538354,0.15619238659389234,0.5131505853737268,0.6213303129692759,0.9782885117491104,0.6693429719676192,1.1344808983430026,-0.281119682331795,0.584258040369081,1.3455663755133647,-0.281119682331795,0.584258040369081,1.3455663755133647,0.303138358037286,1.0644466931815697,1.9298244158824458,1.6487047335506506
61,3050,Blackhole Attack,1.0,0.18081256828420533,0.12061571919030784,0.449078175459828,0.18081256828420533,0.12061571919030784,0.449078175459828,0.30142828747451317,0.6298907437440333,0.5696938946501358,0.7505064629343412,-1.5594591020485837,-0.005567655736727554,0.8762399637010713,-1.5594591020485837,-0.005567655736727554,0.8762399637010713,-1.5650267577853112,-0.6832191383475125,0.8706723079643437,-0.6887867940842399
62,3100,Blackhole Attack,1.0,0.20441425502528654,0.11224348374794527,0.43117885179631016,0.20441425502528654,0.11224348374794527,0.43117885179631016,0.3166577387732318,0.6355931068215968,0.5434223355442555,0.7478365905695419,-1.4533448717334112,-0.14437097707468075,0.7451285327410911,-1.4533448717334112,-0.14437097707468075,0.7451285327410911,-1.597715848808092,-0.7082163389923201,0.6007575556664104,-0.8525873160670009
63,3150,Blackhole Attack,1.0,0.46894809134382454,0.14112631469213574,0.9379394899539018,0.46894809134382454,0.14112631469213574,0.9379394899539018,0.6100744060359603,1.4068875812977262,1.0790658046460375,1.548013895989862,-0.26398901165408445,0.3344775804337468,4.457118643208562,-0.26398901165408445,0.3344775804337468,4.457118643208562,0.07048856877966236,4.193129631554478,4.791596223642309,4.527607211988225
64,3200,Blackhole Attack,1.0,0.35914380132275514,0.1466421051724532,1.1418232695133077,0.35914380132275514,0.1466421051724532,1.1418232695133077,0.5057859064952084,1.500967070836063,1.2884653746857608,1.647609176008516,-0.7576739693740163,0.42592389053133783,5.950554629398736,-0.7576739693740163,0.42592389053133783,5.950554629398736,-0.3317500788426785,5.19288066002472,6.376478519930074,5.6188045505560575
65,3250,Blackhole Attack,1.0,0.6544540421564523,0.12658977465072355,1.2121716680630625,0.6544540421564523,0.12658977465072355,1.2121716680630625,0.7810438168071758,1.8666257102195147,1.3387614427137862,1.9932154848702384,0.5700539703291799,0.09347623110466279,6.465852267063143,0.5700539703291799,0.09347623110466279,6.465852267063143,0.6635302014338427,7.035906237392323,6.5593284981678055,7.129382468496986
66,3300,Blackhole Attack,1.0,0.7144934304083308,0.08109771813723898,0.9250899861129566,0.7144934304083308,0.08109771813723898,0.9250899861129566,0.7955911485455698,1.6395834165212873,1.0061877042501957,1.7206811346585265,0.8399937226373251,-0.660736736511504,4.362996827916409,0.8399937226373251,-0.660736736511504,4.362996827916409,0.17925698612582108,5.202990550553734,3.702260091404905,4.54225381404223
67,3350,Blackhole Attack,1.0,0.6148391638421505,0.07139627781941274,1.056600024236168,0.6148391638421505,0.07139627781941274,1.056600024236168,0.6862354416615633,1.6714391880783186,1.1279963020555808,1.7428354658977312,0.39194372052087423,-0.8215769502329918,5.326299665949288,0.39194372052087423,-0.8215769502329918,5.326299665949288,-0.4296332297121176,5.718243386470163,4.504722715716296,4.896666436237171
68,3400,Blackhole Attack,1.0,0.5790804822821949,0.09478817882346165,0.8230835048443793,0.5790804822821949,0.09478817882346165,0.8230835048443793,0.6738686611056566,1.402163987126574,0.917871683667841,1.4969521659500358,0.2311711023412035,-0.4337625398376779,3.6158057061884565,0.2311711023412035,-0.4337625398376779,3.6158057061884565,-0.20259143749647437,3.84697680852966,3.1820431663507787,3.413214268691982
69,3450,Blackhole Attack,1.0,0.2570942492938488,0.09640740797175303,1.0489073936338311,0.2570942492938488,0.09640740797175303,1.0489073936338311,0.3535016572656018,1.30600164292768,1.145314801605584,1.402409050899433,-1.2164932811610294,-0.40691733399780905,5.269951625929507,-1.2164932811610294,-0.40691733399780905,5.269951625929507,-1.6234106151588383,4.053458344768478,4.863034291931698,3.646541010770669
70,3500,Blackhole Attack,1.0,0.6853406119152199,0.12143459011630571,0.9222914223629861,0.6853406119152199,0.12143459011630571,0.9222914223629861,0.8067752020315256,1.607632034278206,1.0437260124792918,1.7290666243945116,0.7089213577741063,0.008008408273664863,4.342497522758907,0.7089213577741063,0.008008408273664863,4.342497522758907,0.7169297660477711,5.051418880533014,4.350505931032572,5.0594272888066785
71,3550,Blackhole Attack,1.0,0.2679739879120802,0.13930443444813576,1.1455743518648953,0.2679739879120802,0.13930443444813576,1.1455743518648953,0.40727842236021594,1.4135483397769755,1.284878786313031,1.5528527742251113,-1.1675774938205268,0.30427262135344685,5.978031073984616,-1.1675774938205268,0.30427262135344685,5.978031073984616,-0.86330487246708,4.81045358016409,6.282303695338063,5.114726201517536
72,3600,Blackhole Attack,1.0,0.33182714080687703,0.13549727989409763,1.0547751432370138,0.33182714080687703,0.13549727989409763,1.0547751432370138,0.4673244207009747,1.386602284043891,1.1902724231311115,1.5220995639379886,-0.8804908865385765,0.24115379238770487,5.312932526294819,-0.8804908865385765,0.24115379238770487,5.312932526294819,-0.6393370941508717,4.4324416397562425,5.554086318682524,4.673595432143948
73,3650,Blackhole Attack,1.0,0.17742857246329025,0.1102241213847367,1.1906629827250752,0.17742857246329025,0.1102241213847367,1.1906629827250752,0.28765269384802694,1.3680915551883654,1.3008871041098118,1.4783156765731023,-1.574673697338552,-0.1778499929155338,6.308302486649974,-1.574673697338552,-0.1778499929155338,6.308302486649974,-1.7525236902540857,4.733628789311422,6.13045249373444,4.555778796395888
74,3700,Blackhole Attack,1.0,0.41825990537644797,0.1279584111606552,1.1617232309332328,0.41825990537644797,0.1279584111606552,1.1617232309332328,0.5462183165371032,1.5799831363096808,1.2896816420938881,1.707941547470336,-0.4918853437682733,0.11616686069704923,6.096320607312898,-0.4918853437682733,0.11616686069704923,6.096320607312898,-0.3757184830712241,5.604435263544625,6.2124874680099476,5.720602124241674
75,3750,Blackhole Attack,1.0,0.3540127092019306,0.11923357645377626,1.0549250064733886,0.3540127092019306,0.11923357645377626,1.0549250064733886,0.47324628565570687,1.4089377156753193,1.1741585829271648,1.5281712921290955,-0.7807435871115407,-0.028482205108212134,5.3140302651669,-0.7807435871115407,-0.028482205108212134,5.3140302651669,-0.8092257922197528,4.533286678055359,5.285548060058687,4.504804472947147
76,3800,Blackhole Attack,1.0,0.4608997589637218,0.11294140058643037,0.8248977569512428,0.4608997589637218,0.11294140058643037,0.8248977569512428,0.5738411595501522,1.2857975159149646,0.9378391575376732,1.398738916501395,-0.30017467097599765,-0.13280021131369302,3.6290949898689258,-0.30017467097599765,-0.13280021131369302,3.6290949898689258,-0.43297488228969067,3.328920318892928,3.4962947785552325,3.196120107579235
77,3850,Blackhole Attack,1.0,0.22379564810946273,0.12338130808375865,0.3780266280165542,0.22379564810946273,0.12338130808375865,0.3780266280165542,0.34717695619322136,0.6018222761260169,0.5014079361003129,0.7252035842097755,-1.36620526886836,0.04028305241750969,0.3557918041878922,-1.36620526886836,0.04028305241750969,0.3557918041878922,-1.3259222164508502,-1.0104134646804677,0.39607485660540187,-0.9701304122629579
78,3900,Blackhole Attack,1.0,0.4567939475477309,0.09730233690636336,0.34806497942204123,0.4567939475477309,0.09730233690636336,0.34806497942204123,0.5540962844540942,0.8048589269697721,0.4453673163284046,0.9021612638761354,-0.31863458119371824,-0.39208030399064797,0.1363245944210052,-0.31863458119371824,-0.39208030399064797,0.1363245944210052,-0.7107148851843662,-0.18230998677271304,-0.2557557095696428,-0.574390290763361
79,3950,Blackhole Attack,1.0,0.7653129695223198,0.11740545350387023,0.939143915099718,0.7653129695223198,0.11740545350387023,0.939143915099718,0.88271842302619,1.7044568846220378,1.0565493686035883,1.821862338125908,1.0684806243241534,-0.05879066203205227,4.465940982382975,1.0684806243241534,-0.05879066203205227,4.465940982382975,1.0096899622921012,5.534421606707128,4.407150320350922,5.475630944675076
80,4000,Blackhole Attack,1.0,0.6271719933161676,0.0898158935021202,1.1268455539061373,0.6271719933161676,0.0898158935021202,1.1268455539061373,0.7169878868182877,1.754017547222305,1.2166614474082575,1.843833440724425,0.44739266879310435,-0.5161980759610367,5.8408437954765455,0.44739266879310435,-0.5161980759610367,5.8408437954765455,-0.06880540716793238,6.28823646426965,5.324645719515509,5.772038388308613
81,4050,Blackhole Attack,1.0,0.6086003092227394,0.099724370920176,0.9892643338305124,0.6086003092227394,0.099724370920176,0.9892643338305124,0.7083246801429155,1.597864643053252,1.0889887047506883,1.697589013973428,0.3638935534607915,-0.35192539341448065,4.833069927791203,0.3638935534607915,-0.35192539341448065,4.833069927791203,0.01196816004631085,5.196963481251995,4.481144534376722,4.845038087837514
82,4100,Blackhole Attack,1.0,0.5779875694522351,0.1297704387647109,0.9479528265315167,0.5779875694522351,0.1297704387647109,0.9479528265315167,0.7077580082169459,1.5259403959837519,1.0777232652962276,1.6557108347484626,0.22625731778736907,0.14620847282447977,4.53046570995002,0.22625731778736907,0.14620847282447977,4.53046570995002,0.3724657906118488,4.756723027737389,4.6766741827745,4.902931500561869
83,4150,Blackhole Attack,1.0,0.3708759155930999,0.1319547222253994,1.1323906275611464,0.3708759155930999,0.1319547222253994,1.1323906275611464,0.5028306378184992,1.5032665431542462,1.2643453497865458,1.6352212653796456,-0.7049258632990243,0.18242171613020858,5.881461114619645,-0.7049258632990243,0.18242171613020858,5.881461114619645,-0.5225041471688157,5.176535251320621,6.063882830749853,5.35895696745083
84,4200,Blackhole Attack,1.0,0.506528570706061,0.1676695565795988,1.0541252428628918,0.506528570706061,0.1676695565795988,1.0541252428628918,0.6741981272856599,1.560653813568953,1.2217947994424905,1.7283233701485516,-0.09502550975920811,0.7745380826043454,5.308172046533998,-0.09502550975920811,0.7745380826043454,5.308172046533998,0.6795125728451373,5.21314653677479,6.082710129138343,5.987684619379135
85,4250,Blackhole Attack,1.0,0.4952497814098826,0.1570573180230579,1.0529736629584259,0.4952497814098826,0.1570573180230579,1.0529736629584259,0.6523070994329405,1.5482234443683085,1.2100309809814838,1.7052807623913664,-0.14573544664553073,0.5985977416262022,5.299736795460963,-0.14573544664553073,0.5985977416262022,5.299736795460963,0.45286229498067143,5.154001348815433,5.898334537087165,5.752599090441635
86,4300,Blackhole Attack,1.0,0.524324289571907,0.17243403835294727,1.0066369672487665,0.524324289571907,0.17243403835294727,1.0066369672487665,0.6967583279248543,1.5309612568206736,1.1790710056017137,1.7033952951736206,-0.015015168503914787,0.8535284429624251,4.960323385509997,-0.015015168503914787,0.8535284429624251,4.960323385509997,0.8385132744585103,4.945308217006082,5.813851828472422,5.798836659968507
87,4350,Blackhole Attack,1.0,0.24585028789153507,0.13902288827210318,1.1409447125819248,0.24585028789153507,0.13902288827210318,1.1409447125819248,0.38487317616363825,1.3867950004734597,1.279967600854028,1.525817888745563,-1.2670466302919299,0.29960486629419675,5.944119254598055,-1.2670466302919299,0.29960486629419675,5.944119254598055,-0.9674417639977331,4.677072624306126,6.243724120892252,4.976677490600322
88,4400,Blackhole Attack,1.0,0.24136194878825845,0.16761135322632167,1.182267572223761,0.24136194878825845,0.16761135322632167,1.182267572223761,0.40897330201458015,1.4236295210120193,1.3498789254500827,1.5912408742383413,-1.2872264019566677,0.7735731290022292,6.246806627643455,-1.2872264019566677,0.7735731290022292,6.246806627643455,-0.5136532729544385,4.959580225686787,7.020379756645684,5.7331533546890165
89,4450,Blackhole Attack,1.0,0.8054542236267873,0.14845384687073976,0.8490668902005151,0.8054542236267873,0.14845384687073976,0.8490668902005151,0.9539080704975271,1.6545211138273024,0.9975207370712549,1.8029749606980423,1.2489574830296426,0.4559607626259993,3.806132385523893,1.2489574830296426,0.4559607626259993,3.806132385523893,1.704918245655642,5.0550898685535355,4.2620931481498925,5.511050631179535
90,4500,Blackhole Attack,1.0,0.6322538313727097,0.14395074211956146,1.1503142391609995,0.6322538313727097,0.14395074211956146,1.1503142391609995,0.7762045734922712,1.7825680705337092,1.2942649812805609,1.9265188126532706,0.47024083807321315,0.3813037728531601,6.012750453200485,0.47024083807321315,0.3813037728531601,6.012750453200485,0.8515446109263732,6.482991291273698,6.394054226053645,6.864295064126858
91,4550,Blackhole Attack,1.0,0.6868652414963258,0.13884406628593854,0.922199363328339,0.6868652414963258,0.13884406628593854,0.922199363328339,0.8257093077822644,1.6090646048246646,1.0610434296142774,1.7479086711106033,0.7157761599875934,0.2966401759461076,4.341823196064095,0.7157761599875934,0.2966401759461076,4.341823196064095,1.0124163359337008,5.057599356051689,4.638463372010203,5.354239531997797
92,4600,Blackhole Attack,1.0,0.432439692132428,0.055412817507834056,0.8346590089197912,0.432439692132428,0.055412817507834056,0.8346590089197912,0.48785250964026206,1.2670987010522192,0.8900718264276253,1.3225115185600531,-0.42813239364437183,-1.0865667958953376,3.700595552550286,-0.42813239364437183,-1.0865667958953376,3.700595552550286,-1.5146991895397095,3.272463158905914,2.6140287566549483,2.1858963630105763
93,4650,Blackhole Attack,1.0,0.6782710636035452,0.1119876856849376,1.1706343092882956,0.6782710636035452,0.1119876856849376,1.1706343092882956,0.7902587492884827,1.8489053728918408,1.2826219949732331,1.9608930585767783,0.6771363550326062,-0.14861185407601601,6.161593701229296,0.6771363550326062,-0.14861185407601601,6.161593701229296,0.5285245009565902,6.838730056261902,6.01298184715328,6.690118202185886
94,4700,Blackhole Attack,1.0,0.6715392426026259,0.142683295384338,1.033437719797618,0.6715392426026259,0.142683295384338,1.033437719797618,0.8142225379869639,1.7049769624002438,1.1761210151819559,1.8476602577845818,0.646869789258361,0.36029076889751427,5.1566372286216335,0.646869789258361,0.36029076889751427,5.1566372286216335,1.0071605581558754,5.803507017879994,5.516927997519148,6.163797786777509
95,4750,Blackhole Attack,1.0,0.5545618860594184,0.09378923103937832,1.197741304582051,0.5545618860594184,0.09378923103937832,1.197741304582051,0.6483511170987967,1.7523031906414694,1.2915305356214295,1.8460924216808476,0.12093440633168612,-0.4503240987222219,6.360150753372753,0.12093440633168612,-0.4503240987222219,6.360150753372753,-0.3293896923905358,6.481085159704438,5.909826654650531,6.030761060982217
96,4800,Blackhole Attack,1.0,0.3421574130565722,0.08496635284990979,1.1944639974318345,0.3421574130565722,0.08496635284990979,1.1944639974318345,0.427123765906482,1.5366214104884066,1.2794303502817443,1.6215877633383164,-0.8340455243596709,-0.5965986277759384,6.336144682627406,-0.8340455243596709,-0.5965986277759384,6.336144682627406,-1.4306441521356095,5.502099158267735,5.739546054851468,4.905500530491796
97,4850,Blackhole Attack,1.0,0.5423859144216999,0.14966350109012014,1.1908024100333094,0.5423859144216999,0.14966350109012014,1.1908024100333094,0.6920494155118201,1.7331883244550093,1.3404659111234296,1.8828518255451296,0.06619069784804944,0.47601562425481714,6.309323782998437,0.06619069784804944,0.47601562425481714,6.309323782998437,0.5422063221028666,6.375514480846486,6.785339407253254,6.851530105101303
98,4900,Blackhole Attack,1.0,0.31440570764460174,0.11578265616318281,1.1169486688990193,0.31440570764460174,0.11578265616318281,1.1169486688990193,0.4301883638077846,1.431354376543621,1.232731325062202,1.547137032706804,-0.9588184226711647,-0.08569502494641486,5.7683497292356885,-0.9588184226711647,-0.08569502494641486,5.7683497292356885,-1.0445134476175795,4.809531306564524,5.682654704289273,4.723836281618109
99,4950,Blackhole Attack,1.0,0.7502867429012615,0.1395853726051437,1.0819967117429392,0.7502867429012615,0.1395853726051437,1.0819967117429392,0.8898721155064052,1.8322834546442008,1.221582084348083,1.9718688272493443,1.0009220430275225,0.3089302960631134,5.512328820081127,1.0009220430275225,0.3089302960631134,5.512328820081127,1.3098523390906358,6.513250863108649,5.82125911614424,6.8221811591717625
100,5000,Blackhole Attack,1.0,0.3060969537169349,0.05675650501749803,0.9655898216312897,0.3060969537169349,0.05675650501749803,0.9655898216312897,0.3628534587344329,1.2716867753482246,1.0223463266487878,1.3284432803657227,-0.9961749488205386,-1.0642897958676063,4.659655600519938,-0.9961749488205386,-1.0642897958676063,4.659655600519938,-2.060464744688145,3.663480651699399,3.5953658046523316,2.5991908558317927
101,5050,Blackhole Attack,1.0,0.36892890050971716,0.10695887658493212,0.9567877947632464,0.36892890050971716,0.10695887658493212,0.9567877947632464,0.4758877770946493,1.3257166952729635,1.0637466713481785,1.4326755718578956,-0.7136797294634104,-0.23198449812797414,4.595181301953589,-0.7136797294634104,-0.23198449812797414,4.595181301953589,-0.9456642275913846,3.881501572490179,4.363196803825615,3.6495170743622047
102,5100,Blackhole Attack,1.0,0.5398108397947823,0.13519647080936403,1.2240396161507603,0.5398108397947823,0.13519647080936403,1.2240396161507603,0.6750073106041463,1.7638504559455426,1.3592360869601243,1.8990469267549066,0.0546130481216902,0.23616667749621656,6.552784247599831,0.0546130481216902,0.23616667749621656,6.552784247599831,0.29077972561790677,6.607397295721522,6.788950925096048,6.843563973217738
103,5150,Blackhole Attack,1.0,0.33858443969443747,0.11435465351003608,1.1960998095345194,0.33858443969443747,0.11435465351003608,1.1960998095345194,0.45293909320447356,1.534684249228957,1.3104544630445556,1.649038902738993,-0.8501097710560567,-0.10936988603945665,6.348126904391562,-0.8501097710560567,-0.10936988603945665,6.348126904391562,-0.9594796570955133,5.498017133335505,6.238757018352105,5.388647247296049
104,5200,Wormhole Attack,1.0,1.203459384263159,0.2115364928452264,1.203354938926862,1.203459384263159,0.2115364928452264,1.203354938926862,1.4149958771083853,2.406814323190021,1.4148914317720884,2.6183508160352473,3.0384063366525678,1.501808175819879,6.4012702752982875,3.0384063366525678,1.501808175819879,6.4012702752982875,4.5402145124724465,9.439676611950855,7.903078451118167,10.941484787770733
105,5250,Wormhole Attack,1.0,1.3431193510513728,0.21144670407660454,1.2774016576910345,1.3431193510513728,0.21144670407660454,1.2774016576910345,1.5545660551279774,2.6205210087424073,1.4888483617676391,2.831967712819012,3.6663237412073135,1.5003195675038132,6.94365787818014,3.6663237412073135,1.5003195675038132,6.94365787818014,5.1666433087111265,10.609981619387455,8.443977445683954,12.110301186891267
106,5300,Wormhole Attack,1.0,1.259383475967369,0.2111350690170841,1.2533827037643,1.259383475967369,0.2111350690170841,1.2533827037643,1.4705185449844531,2.5127661797316687,1.464517772781384,2.723901248748753,3.2898435331703078,1.4951529687376202,6.767720536708709,3.2898435331703078,1.4951529687376202,6.767720536708709,4.784996501907928,10.057564069879017,8.26287350544633,11.552717038616638
107,5350,Wormhole Attack,1.0,1.2535938434982083,0.2115708771205459,1.2832288253891473,1.2535938434982083,0.2115708771205459,1.2832288253891473,1.4651647206187541,2.5368226688873556,1.494799702509693,2.748393546007901,3.2638130888206103,1.5023782328433586,6.986341518618495,3.2638130888206103,1.5023782328433586,6.986341518618495,4.766191321663969,10.250154607439105,8.488719751461854,11.752532840282464
108,5400,Wormhole Attack,1.0,0.2834145061627838,0.1528492440707008,1.1540294290770263,0.2834145061627838,0.1528492440707008,1.1540294290770263,0.4362637502334846,1.43744393523981,1.306878673147727,1.5902931793105108,-1.0981562389833088,0.5288320685220467,6.039963987931475,-1.0981562389833088,0.5288320685220467,6.039963987931475,-0.5693241704612622,4.9418077489481655,6.568796056453522,5.470639817470213
109,5450,Wormhole Attack,1.0,0.2881127338409304,0.21136655730639256,1.146195425899776,0.2881127338409304,0.21136655730639256,1.146195425899776,0.4994792911473229,1.4343081597407064,1.3575619832061685,1.645674717047099,-1.0770327989774644,1.498990813913865,5.982580402605969,-1.0770327989774644,1.498990813913865,5.982580402605969,0.4219580149364006,4.905547603628504,7.481571216519834,6.404538417542369
110,5500,Wormhole Attack,1.0,0.48827405549929437,0.2111014824430002,1.1354659382838757,0.48827405549929437,0.2111014824430002,1.1354659382838757,0.6993755379422946,1.62373999378317,1.3465674207268759,1.8348414762261702,-0.17709861971075222,1.494596136805778,5.903987574115174,-0.17709861971075222,1.494596136805778,5.903987574115174,1.3174975170950258,5.726888954404422,7.398583710920952,7.2214850912102
111,5550,Wormhole Attack,1.0,0.3282039609544333,0.21134855061117264,1.1542019022621024,0.3282039609544333,0.21134855061117264,1.1542019022621024,0.5395525115656059,1.4824058632165358,1.3655504528732751,1.6937544138277083,-0.896780863842033,1.498692280849422,6.041227343269512,-0.896780863842033,1.498692280849422,6.041227343269512,0.601911417007389,5.1444464794274785,7.539919624118934,6.6431387602769005
112,5600,Wormhole Attack,1.0,0.3945234662688509,0.2115680991216409,1.1927590887075181,0.3945234662688509,0.2115680991216409,1.1927590887075181,0.6060915653904918,1.587282554976369,1.404327187829159,1.7988506540980098,-0.5986054266995257,1.5023321763895785,6.323656332413544,-0.5986054266995257,1.5023321763895785,6.323656332413544,0.9037267496900528,5.725050905714019,7.825988508803123,7.227383082103597
113,5650,Wormhole Attack,1.0,0.44306834586242566,0.2114282810905335,1.0885447126178496,0.44306834586242566,0.2114282810905335,1.0885447126178496,0.6544966269529592,1.5316130584802752,1.299972993708383,1.7430413395708086,-0.38034549509690296,1.500014132751861,5.5602925186417895,-0.38034549509690296,1.500014132751861,5.5602925186417895,1.119668637654958,5.179947023544886,7.060306651393651,6.679961156296748
114,5700,Wormhole Attack,1.0,0.5300786613271767,0.2113318083705704,1.2368485162240266,0.5300786613271767,0.2113318083705704,1.2368485162240266,0.7414104696977472,1.7669271775512034,1.448180324594597,1.9782589859217738,0.010856742112327936,1.4984147111826074,6.646608642822778,0.010856742112327936,1.4984147111826074,6.646608642822778,1.5092714532949354,6.657465384935105,8.145023354005385,8.155880096117713
115,5750,Wormhole Attack,1.0,0.45192831141877116,0.21124695977777744,1.123795386555473,0.45192831141877116,0.21124695977777744,1.123795386555473,0.6631752711965486,1.5757236979742442,1.3350423463332506,1.7869706577520217,-0.34051069701893,1.4970080060592754,5.818501509615316,-0.34051069701893,1.4970080060592754,5.818501509615316,1.1564973090403454,5.477990812596386,7.3155095156745915,6.974998818655661
116,5800,Wormhole Attack,1.0,0.4371517379889215,0.21131664913693204,1.2155645036037195,0.4371517379889215,0.21131664913693204,1.2155645036037195,0.6484683871258535,1.6527162415926409,1.4268811527406515,1.8640328907295731,-0.40694682649584785,1.4981633861939079,6.490704576072677,-0.40694682649584785,1.4981633861939079,6.490704576072677,1.09121655969806,6.0837577495768285,7.988867962266585,7.581921135770736
117,5850,Wormhole Attack,1.0,0.37054534875152545,0.21154976777842488,1.1792159977672902,0.37054534875152545,0.21154976777842488,1.1792159977672902,0.5820951165299504,1.5497613465188156,1.390765765545715,1.7613111142972406,-0.7064121064792769,1.5020282609848474,6.224454034819835,-0.7064121064792769,1.5020282609848474,6.224454034819835,0.7956161545055705,5.5180419283405575,7.726482295804682,7.020070189325406
118,5900,Wormhole Attack,1.0,0.44896129165307663,0.21131332952002302,1.2270504599825525,0.44896129165307663,0.21131332952002302,1.2270504599825525,0.6602746211730997,1.6760117516356292,1.4383637895025756,1.8873250811556521,-0.3538505494718719,1.4981083502533024,6.574838491134623,-0.3538505494718719,1.4981083502533024,6.574838491134623,1.1442578007814306,6.220987941662751,8.072946841387926,7.719096291916054
119,5950,Wormhole Attack,1.0,0.4089543763767835,0.18467741477805288,1.12402694517263,0.4089543763767835,0.18467741477805288,1.12402694517263,0.5936317911548363,1.5329813215494135,1.3087043599506827,1.7176587363274662,-0.5337234148480048,1.056511424496434,5.820197662063155,-0.5337234148480048,1.056511424496434,5.820197662063155,0.5227880096484292,5.28647424721515,6.876709086559589,6.342985671711584
120,6000,Wormhole Attack,1.0,0.5936714192650101,0.21136487491427736,1.1140411879761254,0.5936714192650101,0.21136487491427736,1.1140411879761254,0.8050362941792875,1.7077126072411355,1.3254060628904027,1.9190774821554129,0.29677260211933726,1.4989629215289708,5.747052612570524,0.29677260211933726,1.4989629215289708,5.747052612570524,1.7957355236483081,6.0438252146898614,7.246015534099495,7.5427881362188325
121,6050,Wormhole Attack,1.0,0.31830609994505105,0.21132582187544366,1.0754041809303714,0.31830609994505105,0.21132582187544366,1.0754041809303714,0.5296319218204947,1.3937102808754225,1.286730002805815,1.6050361027508662,-0.9412820859071913,1.4983154610584937,5.464038942500711,-0.9412820859071913,1.4983154610584937,5.464038942500711,0.5570333751513024,4.522756856593519,6.962354403559204,6.021072317652013
122,6100,Wormhole Attack,1.0,0.2713201862735168,0.184923180373519,1.051389919674003,0.2713201862735168,0.184923180373519,1.051389919674003,0.4562433666470358,1.32271010594752,1.236313100047522,1.5076332863210389,-1.152532837584679,1.060585973182522,5.2881359745474255,-1.152532837584679,1.060585973182522,5.2881359745474255,-0.09194686440215705,4.135603136962747,6.348721947729947,5.196189110145268
123,6150,Wormhole Attack,1.0,0.37438347990355086,0.18472771201353871,1.1144977342677342,0.37438347990355086,0.18472771201353871,1.1144977342677342,0.5591111919170896,1.488881214171285,1.299225446281273,1.6736089261848237,-0.6891556985998795,1.0573453025434159,5.750396785720167,-0.6891556985998795,1.0573453025434159,5.750396785720167,0.3681896039435364,5.061241087120288,6.807742088263583,6.118586389663704
124,6200,Wormhole Attack,1.0,0.30860765222456965,0.2112773599293092,1.1970469061711646,0.30860765222456965,0.2112773599293092,1.1970469061711646,0.5198850121538788,1.5056545583957344,1.4083242661004738,1.7169319183250433,-0.9848867369815356,1.4975120102802313,6.355064328264231,-0.9848867369815356,1.4975120102802313,6.355064328264231,0.5126252732986957,5.370177591282696,7.852576338544463,6.867689601562927
125,6250,Wormhole Attack,1.0,0.18101720570754798,0.18482071792479432,1.0620884216560267,0.18101720570754798,0.18482071792479432,1.0620884216560267,0.3658379236323423,1.2431056273635748,1.246909139580821,1.427926345288369,-1.5585390431176307,1.0588872478787108,5.36650183520004,-1.5585390431176307,1.0588872478787108,5.36650183520004,-0.4996517952389199,3.8079627920824093,6.425389083078751,4.86685003996112
126,6300,Wormhole Attack,1.0,0.5023446947925166,0.2115149865083094,0.978675976349681,0.5023446947925166,0.2115149865083094,0.978675976349681,0.713859681300826,1.4810206711421976,1.1901909628579903,1.6925356576505068,-0.11383640142006471,1.5014516221832257,4.755510868749372,-0.11383640142006471,1.5014516221832257,4.755510868749372,1.387615220763161,4.641674467329308,6.256962490932597,6.143126089512533
127,6350,Wormhole Attack,1.0,0.3758150338839914,0.18469787170437105,1.1264455996349663,0.3758150338839914,0.18469787170437105,1.1264455996349663,0.5605129055883624,1.5022606335189577,1.3111434713393373,1.6869585052233287,-0.6827193684148569,1.0568505799510166,5.837914155351725,-0.6827193684148569,1.0568505799510166,5.837914155351725,0.3741312115361597,5.1551947869368675,6.894764735302742,6.212045366887884
128,6400,Wormhole Attack,1.0,0.33323087221922965,0.2112412828990659,1.153349236746402,0.33323087221922965,0.2112412828990659,1.153349236746402,0.5444721551182956,1.4865801089656316,1.364590519645468,1.6978213918646976,-0.8741796478535993,1.4969138890668163,6.034981621476035,-0.8741796478535993,1.4969138890668163,6.034981621476035,0.6227342412132171,5.160801973622436,7.531895510542851,6.657715862689252
129,6450,Wormhole Attack,1.0,0.3435435417298286,0.21139137271744243,1.151782316296211,0.3435435417298286,0.21139137271744243,1.151782316296211,0.554934914447271,1.4953258580260398,1.3631736890136534,1.7067172307434821,-0.8278134283703462,1.4994022287024005,6.02350402677542,-0.8278134283703462,1.4994022287024005,6.02350402677542,0.6715888003320543,5.195690598405074,7.522906255477821,6.695092827107475
130,6500,Wormhole Attack,1.0,0.27103722804425096,0.2112899421888364,1.2477527735773173,0.27103722804425096,0.2112899421888364,1.2477527735773173,0.48232717023308735,1.5187900016215683,1.4590427157661536,1.7300799438104046,-1.1538050303325653,1.4977206116059265,6.726481648754268,-1.1538050303325653,1.4977206116059265,6.726481648754268,0.3439155812733612,5.572676618421703,8.224202260360194,7.070397230027629
131,6550,Wormhole Attack,1.0,0.17927072132564215,0.21130462482985643,1.1083362161415578,0.17927072132564215,0.21130462482985643,1.1083362161415578,0.3905753461554986,1.2876069374672,1.3196408409714142,1.4989115622970564,-1.5663913143547041,1.4979640351639025,5.705264049221559,-1.5663913143547041,1.4979640351639025,5.705264049221559,-0.0684272791908016,4.138872734866855,7.2032280843854615,5.636836770030757
132,6600,Wormhole Attack,1.0,0.2645661618080659,0.21132051156760318,0.9565834136718815,0.2645661618080659,0.21132051156760318,0.9565834136718815,0.4758866733756691,1.2211495754799473,1.1679039252394847,1.4324700870475506,-1.1828992311201747,1.4982274214458167,4.593684223189399,-1.1828992311201747,1.4982274214458167,4.593684223189399,0.31532819032564197,3.4107849920692246,6.091911644635216,4.9090124135150415
133,6650,Wormhole Attack,1.0,0.21056317226821963,0.21132075352382293,1.0415328208698207,0.21056317226821963,0.21132075352382293,1.0415328208698207,0.4218839257920426,1.2520959931380404,1.2528535743936435,1.4634167466618633,-1.4256990671066676,1.498231432838849,5.215933339764952,-1.4256990671066676,1.498231432838849,5.215933339764952,0.07253236573218147,3.7902342726582843,6.714164772603801,5.288465705497133
134,6700,Wormhole Attack,1.0,0.3382387625706203,0.2114284095556304,1.1515560626299113,0.3382387625706203,0.2114284095556304,1.1515560626299113,0.5496671721262507,1.4897948252005315,1.3629844721855418,1.701223234756162,-0.8516639507354087,1.5000162625751619,6.021846732762185,-0.8516639507354087,1.5000162625751619,6.021846732762185,0.6483523118397532,5.170182782026776,7.521862995337347,6.670199044601938
135,6750,Wormhole Attack,1.0,0.26723180204274405,0.21144555583920888,1.1644160120588445,0.26723180204274405,0.21144555583920888,1.1644160120588445,0.4786773578819529,1.4316478141015885,1.3758615678980535,1.6430933699407975,-1.1709143944047684,1.5003005308719246,6.116045061335737,-1.1709143944047684,1.5003005308719246,6.116045061335737,0.3293861364671562,4.945130666930969,7.6163455922076615,6.445431197802893
136,6800,Wormhole Attack,1.0,0.32898989552820734,0.21136246355213395,1.1653896861349402,0.32898989552820734,0.21136246355213395,1.1653896861349402,0.5403523590803413,1.4943795816631475,1.376752149687074,1.7057420452152816,-0.8932472671423977,1.498922943547372,6.123177163296983,-0.8932472671423977,1.498922943547372,6.123177163296983,0.6056756764049744,5.2299298961545855,7.622100106844355,6.728852839701958
137,6850,Wormhole Attack,1.0,0.28270078960640527,0.21133038668462503,1.1248387223247929,0.28270078960640527,0.21133038668462503,1.1248387223247929,0.4940311762910303,1.4075395119311982,1.3361691090094179,1.6188698986158232,-1.1013651402738882,1.4983911410462354,5.826143879140487,-1.1013651402738882,1.4983911410462354,5.826143879140487,0.3970260007723472,4.724778738866599,7.3245350201867225,6.223169879912834
138,6900,Wormhole Attack,1.0,0.14118763453331248,0.2112254151535941,1.1076938835226224,0.14118763453331248,0.2112254151535941,1.1076938835226224,0.35241304968690657,1.248881518055935,1.3189192986762166,1.460106933209529,-1.737614561545758,1.4966508176578965,5.700559002796116,-1.737614561545758,1.4966508176578965,5.700559002796116,-0.24096374388786157,3.9629444412503583,7.197209820454013,5.459595258908255
139,6950,Wormhole Attack,1.0,0.2817509216740888,0.21134381092102794,1.13460620109446,0.2817509216740888,0.21134381092102794,1.13460620109446,0.4930947325951167,1.4163571227685487,1.345950012015488,1.6277009336895767,-1.1056357886239228,1.498613701509564,5.8976900527522,-1.1056357886239228,1.498613701509564,5.8976900527522,0.3929779128856412,4.792054264128277,7.396303754261764,6.290667965637841
140,7000,Wormhole Attack,1.0,0.18367319254220443,0.1847891161373231,1.1741585785010686,0.18367319254220443,0.1847891161373231,1.1741585785010686,0.36846230867952756,1.357831771043273,1.3589476946383918,1.5426208871805962,-1.5465976085168471,1.0583633217312178,6.187408753700617,-1.5465976085168471,1.0583633217312178,6.187408753700617,-0.4882342867856293,4.64081114518377,7.245772075431835,5.699174466914988
141,7050,Wormhole Attack,1.0,0.3604855651080551,0.2113564547448299,1.2232584934896509,0.3604855651080551,0.2113564547448299,1.2232584934896509,0.571842019852885,1.583744058597706,1.4346149482344808,1.7951005133425357,-0.7516413398885124,1.4988233235095907,6.547062572760124,-0.7516413398885124,1.4988233235095907,6.547062572760124,0.7471819836210782,5.795421232871612,8.045885896269715,7.294244556381202
142,7100,Wormhole Attack,1.0,0.25302292916451785,0.2114108348339784,1.1426901750489271,0.25302292916451785,0.2114108348339784,1.1426901750489271,0.46443376399849623,1.395713104213445,1.3541010098829056,1.6071239390474235,-1.234798117024249,1.4997248912020467,5.956904658451166,-1.234798117024249,1.4997248912020467,5.956904658451166,0.26492677417779764,4.722106541426918,7.456629549653213,6.221831432628964
143,7150,Wormhole Attack,1.0,0.3221698311938426,0.21028275206259747,1.1588937274296427,0.3221698311938426,0.21028275206259747,1.1588937274296427,0.5324525832564401,1.4810635586234853,1.36917647949224,1.6913463106860829,-0.9239105788573772,1.4810224029013102,6.075594670387242,-0.9239105788573772,1.4810224029013102,6.075594670387242,0.557111824043933,5.151684091529865,7.556617073288552,6.632706494431176
144,7200,Wormhole Attack,1.0,1.1535486096507443,0.211802983989877,1.1856089826667044,1.1535486096507443,0.211802983989877,1.1856089826667044,1.3653515936406213,2.3391575923174486,1.3974119666565814,2.5509605763073258,2.8140052804682334,1.5062263334600103,6.271282251015296,2.8140052804682334,1.5062263334600103,6.271282251015296,4.320231613928244,9.08528753148353,7.7775085844753065,10.59151386494354
145,7250,Wormhole Attack,1.0,1.146694613164993,0.21151360654270834,1.1041029907700455,1.146694613164993,0.21151360654270834,1.1041029907700455,1.3582082197077014,2.2507976039350384,1.3156165973127538,2.462311210477747,2.78318940829574,1.5014287437285907,5.674255937045437,2.78318940829574,1.5014287437285907,5.674255937045437,4.284618152024331,8.457445345341178,7.175684680774028,9.958874089069768
146,7300,Wormhole Attack,1.0,1.1891621266127541,0.2118561995436848,1.0133397505620336,1.1891621266127541,0.2118561995436848,1.0133397505620336,1.4010183261564388,2.2025018771747877,1.2251959501057184,2.4143580767184725,2.9741252321775358,1.507108594316888,5.009420855790861,2.9741252321775358,1.507108594316888,5.009420855790861,4.481233826494424,7.983546087968397,6.516529450107749,9.490654682285285
147,7350,Wormhole Attack,1.0,1.107384394384314,0.21169727873055005,1.0836177567168588,1.107384394384314,0.21169727873055005,1.0836177567168588,1.319081673114864,2.1910021511011726,1.2953150354474088,2.402699429831723,2.606448921262155,1.5044738455876283,5.5242028735468605,2.606448921262155,1.5044738455876283,5.5242028735468605,4.110922766849783,8.130651794809015,7.028676719134489,9.635125640396645
148,7400,Wormhole Attack,1.0,0.9862890153560748,0.2114923970794134,1.1448503330369368,0.9862890153560748,0.2114923970794134,1.1448503330369368,1.1977814124354882,2.1311393483930114,1.3563427301163502,2.342631745472425,2.0619987266097954,1.5010771119607789,5.972727681165977,2.0619987266097954,1.5010771119607789,5.972727681165977,3.5630758385705743,8.034726407775771,7.473804793126756,9.53580351973655
149,7450,Flooding Attack,1.0,0.9973709598855617,0.12554022856391325,0.6517091634248713,0.9973709598855617,0.12554022856391325,0.6517091634248713,1.122911188449475,1.649080123310433,0.7772493919887845,1.7746203518743462,2.1118236406950697,0.07607580277826938,2.360499329493777,2.1118236406950697,0.07607580277826938,2.360499329493777,2.187899443473339,4.472322970188847,2.4365751322720466,4.548398772967117
150,7500,Flooding Attack,1.0,1.310030308812072,0.13571138987450898,0.17442119268682715,1.310030308812072,0.13571138987450898,0.17442119268682715,1.445741698686581,1.484451501498899,0.31013258256133613,1.620162891373408,3.5175539398109583,0.2447035225185997,-1.1356053278568017,3.5175539398109583,0.2447035225185997,-1.1356053278568017,3.762257462329558,2.3819486119541566,-0.890901805338202,2.6266521344727565
151,7550,Flooding Attack,1.0,1.1464429384138888,0.21664975498061587,0.2674407453146695,1.1464429384138888,0.21664975498061587,0.2674407453146695,1.3630926933945047,1.4138836837285582,0.48409050029528533,1.630533438709174,2.78205786745308,1.5865809670474713,-0.45424289866339174,2.78205786745308,1.5865809670474713,-0.45424289866339174,4.368638834500551,2.3278149687896885,1.1323380683840796,3.9143959358371596
152,7600,Sybil Attack,1.0,1.3573552715005857,0.1629210446621149,0.2666840572289561,1.3573552715005857,0.1629210446621149,0.2666840572289561,1.5202763161627006,1.6240393287295418,0.42960510189107104,1.7869603733916568,3.7303290709055013,0.695812486543752,-0.45978559176025213,3.7303290709055013,0.695812486543752,-0.45978559176025213,4.426141557449253,3.2705434791452492,0.23602689478349992,3.9663559656890013
153,7650,Sybil Attack,1.0,1.2412058909903838,0.12810206493822343,0.3067567268218265,1.2412058909903838,0.12810206493822343,0.3067567268218265,1.3693079559286072,1.5479626178122103,0.43485879176004993,1.6760646827504337,3.2081163049436925,0.11854849718905722,-0.16625578295432922,3.2081163049436925,0.11854849718905722,-0.16625578295432922,3.3266648021327496,3.041860521989363,-0.047707285765272,3.16040901917842
154,7700,Sybil Attack,1.0,1.1153316883043372,0.09811601840033445,0.41979153096614963,1.1153316883043372,0.09811601840033445,0.41979153096614963,1.2134477067046716,1.5351232192704867,0.5179075493664841,1.6332392376708214,2.642180307186527,-0.3785902755923851,0.6617171169295671,2.642180307186527,-0.3785902755923851,0.6617171169295671,2.263590031594142,3.3038974241160943,0.283126841337182,2.9253071485237094
155,7750,Sybil Attack,1.0,1.3570377919457952,0.11616991574687635,0.47193260885033433,1.3570377919457952,0.11616991574687635,0.47193260885033433,1.4732077076926715,1.8289704007961296,0.5881025245972107,1.945140316543006,3.7289016687470466,-0.07927464692352357,1.0436472647778277,3.7289016687470466,-0.07927464692352357,1.0436472647778277,3.649627021823523,4.772548933524874,0.9643726178543041,4.693274286601351
156,7800,Sybil Attack,1.0,1.2909954129698893,0.09142769898552944,0.4824733179894988,1.2909954129698893,0.09142769898552944,0.4824733179894988,1.3824231119554187,1.773468730959388,0.5739010169750283,1.8648964299449173,3.431972203912952,-0.48947594708779585,1.1208573026847672,3.431972203912952,-0.48947594708779585,1.1208573026847672,2.942496256825156,4.552829506597719,0.6313813555969714,4.063353559509923
157,7850,Sybil Attack,1.0,1.3495121763925066,0.09557265919466434,0.7765294726578067,1.3495121763925066,0.09557265919466434,0.7765294726578067,1.445084835587171,2.1260416490503133,0.8721021318524711,2.2216143082449777,3.6950661674608143,-0.42075663695821497,3.2748003200810962,3.6950661674608143,-0.42075663695821497,3.2748003200810962,3.2743095305025993,6.9698664875419105,2.8540436831228813,6.5491098505836955
158,7900,Sybil Attack,1.0,1.3530273265835435,0.09887796571399832,0.6710623280735873,1.3530273265835435,0.09887796571399832,0.6710623280735873,1.4519052922975417,2.0240896546571308,0.7699402937875857,2.122967620371129,3.7108704386155047,-0.36595794835443635,2.5022600551165564,3.7108704386155047,-0.36595794835443635,2.5022600551165564,3.3449124902610685,6.213130493732061,2.13630210676212,5.847172545377624
159,7950,Sybil Attack,1.0,1.3134792077056243,0.21277927080760586,0.7610765015935758,1.3134792077056243,0.21277927080760586,0.7610765015935758,1.5262584785132303,2.0745557092992,0.9738557724011816,2.287334980106806,3.533060342193935,1.5224121961023287,3.1616082695376457,3.533060342193935,1.5224121961023287,3.1616082695376457,5.0554725382962635,6.694668611731581,4.684020465639975,8.21708080783391
160,8000,Sybil Attack,1.0,1.2438218325324066,0.2949187093609104,0.48358650029319344,1.2438218325324066,0.2949187093609104,0.48358650029319344,1.538740541893317,1.7274083328256,0.7785052096541039,2.0223270421865105,3.219877694132799,2.8842022416073156,1.129011293723781,3.219877694132799,2.8842022416073156,1.129011293723781,6.104079935740115,4.34888898785658,4.013213535331097,7.233091229463897
161,8050,Sybil Attack,1.0,1.179214311761293,0.2592476447630403,0.3736687147316581,1.179214311761293,0.2592476447630403,0.3736687147316581,1.4384619565243333,1.552883026492951,0.6329163594946984,1.8121306712559915,2.9293994154229543,2.292811534079883,0.3238703608125316,2.9293994154229543,2.292811534079883,0.3238703608125316,5.222210949502838,3.253269776235486,2.6166818948924147,5.546081310315369
162,8100,Flooding Attack,1.0,1.447746568009426,0.12092178981421511,0.5206275221084639,1.447746568009426,0.12092178981421511,0.5206275221084639,1.5686683578236411,1.9683740901178899,0.6415493119226789,2.089295879932105,4.136732348834387,-0.0004933097684635142,1.4003344713876615,4.136732348834387,-0.0004933097684635142,1.4003344713876615,4.136239039065923,5.537066820222048,1.399841161619198,5.536573510453584
163,8150,Flooding Attack,1.0,1.3932964596426725,0.16104236659070553,0.41778623807894677,1.3932964596426725,0.16104236659070553,0.41778623807894677,1.554338826233378,1.8110826977216192,0.5788286046696522,1.9721250643123247,3.8919222467725425,0.6646658760797234,0.6470284714322565,3.8919222467725425,0.6646658760797234,0.6470284714322565,4.556588122852266,4.538950718204799,1.3116943475119798,5.203616594284522
164,8200,Flooding Attack,1.0,1.3585947052651555,0.15622853709614654,0.2539467270471125,1.3585947052651555,0.15622853709614654,0.2539467270471125,1.514823242361302,1.612541432312268,0.41017526414325906,1.7687699694084145,3.735901620079499,0.5848573796752271,-0.5530857419863218,3.735901620079499,0.5848573796752271,-0.5530857419863218,4.320758999754726,3.1828158780931775,0.03177163768890534,3.7676732577684042
165,8250,Flooding Attack,1.0,1.1671594516648633,0.17756320251128055,0.8703837081090449,1.1671594516648633,0.17756320251128055,0.8703837081090449,1.344722654176144,2.037543159773908,1.0479469106203254,2.215106362285189,2.87520022980021,0.9385648738852687,3.9622767489669184,2.87520022980021,0.9385648738852687,3.9622767489669184,3.8137651036854785,6.837476978767128,4.900841622852187,7.776041852652397
166,8300,Flooding Attack,1.0,1.1955271925244881,0.11512540077334722,0.5062017589664246,1.1955271925244881,0.11512540077334722,0.5062017589664246,1.3106525932978355,1.7017289514909129,0.6213271597397718,1.8168543522642602,3.002742850805333,-0.09659166440483732,1.2946666548937067,3.002742850805333,-0.09659166440483732,1.2946666548937067,2.9061511864004954,4.29740950569904,1.1980749904888695,4.200817841294202
167,8350,Flooding Attack,1.0,1.470469532394569,0.1958302483279326,0.7265017434792613,1.470469532394569,0.1958302483279326,0.7265017434792613,1.6662997807225015,2.19697127587383,0.9223319918071939,2.392801524201763,4.238895804466205,1.2414142918023032,2.908350319869841,4.238895804466205,1.2414142918023032,2.908350319869841,5.480310096268508,7.147246124336046,4.149764611672144,8.388660416138348
168,8400,Flooding Attack,1.0,1.4349811300561157,0.20474001474848522,0.6685140714194675,1.4349811300561157,0.20474001474848522,0.6685140714194675,1.639721144804601,2.1034952014755834,0.8732540861679527,2.3082352162240687,4.079338373653207,1.389129341149874,2.4835942338455594,4.079338373653207,1.389129341149874,2.4835942338455594,5.468467714803081,6.562932607498766,3.872723574995433,7.952061948648641
169,8450,Flooding Attack,1.0,1.3879485840994437,0.1233150137326651,0.22821606746566708,1.3879485840994437,0.1233150137326651,0.22821606746566708,1.5112635978321087,1.6161646515651107,0.3515310811983322,1.7394796652977758,3.8678779611536127,0.039183958133661816,-0.7415612207634016,3.8678779611536127,0.039183958133661816,-0.7415612207634016,3.9070619192872744,3.126316740390211,-0.7023772626297398,3.1655006985238727
170,8500,Flooding Attack,1.0,1.3493229922968035,0.10462331447393837,0.27113922837505233,1.3493229922968035,0.10462331447393837,0.27113922837505233,1.4539463067707419,1.6204622206718557,0.3757625428489907,1.7250855351457943,3.6942155873762785,-0.27070579071808465,-0.42715174060939304,3.6942155873762785,-0.27070579071808465,-0.42715174060939304,3.4235097966581938,3.2670638467668853,-0.6978575313274777,2.9963580560488006
171,8550,Flooding Attack,1.0,1.2910127641532447,0.16856104978060196,0.4141169029530812,1.2910127641532447,0.16856104978060196,0.4141169029530812,1.4595738139338468,1.7051296671063259,0.5826779527336832,1.873690716886928,3.4320502156028376,0.7893181515717468,0.6201508201830916,3.4320502156028376,0.7893181515717468,0.6201508201830916,4.221368367174584,4.052201035785929,1.4094689717548383,4.841519187357676
172,8600,Normal Traffic,0.04,0.17194212047526386,0.11678588861520292,0.17368838328552377,0.17194212047526386,0.11678588861520292,0.17368838328552377,0.2887280090904668,0.34563050376078763,0.2904742719007267,0.4624163923759906,-1.5993410287991128,-0.069062430536825,-1.1409731110776637,-1.5993410287991128,-0.069062430536825,-1.1409731110776637,-1.6684034593359378,-2.7403141398767765,-1.2100355416144888,-2.8093765704136016
173,8650,Normal Traffic,0.02,0.30894702808399643,0.12969380399830385,0.22860019066742826,0.30894702808399643,0.12969380399830385,0.22860019066742826,0.4386408320823003,0.5375472187514247,0.3582939946657321,0.6672410227497285,-0.9833608880663417,0.14493794475817234,-0.7387475422359561,-0.9833608880663417,0.14493794475817234,-0.7387475422359561,-0.8384229433081694,-1.7221084303022978,-0.5938095974777837,-1.5771704855441255
174,8700,Normal Traffic,0.0,0.3675998602771543,0.12001882731164122,0.30262004256867614,0.3675998602771543,0.12001882731164122,0.30262004256867614,0.4876186875887955,0.6702199028458304,0.42263886988031735,0.7902387301574716,-0.719655153291523,-0.015463528327620301,-0.19655673745159896,-0.719655153291523,-0.015463528327620301,-0.19655673745159896,-0.7351186816191433,-0.9162118907431219,-0.21202026577921926,-0.9316754190707423
175,8750,Normal Traffic,0.04,0.24263209220814724,0.09177402972780448,0.43351977725529023,0.24263209220814724,0.09177402972780448,0.43351977725529023,0.3344061219359517,0.6761518694634374,0.5252938069830947,0.7679258991912419,-1.2815157808103927,-0.48373412847314295,0.7622756659214968,-1.2815157808103927,-0.48373412847314295,0.7622756659214968,-1.7652499092835356,-0.519240114888896,0.2785415374483538,-1.002974243362039
176,8800,Normal Traffic,0.12,0.48628084262602617,0.10142734702718591,0.2902071589194516,0.48628084262602617,0.10142734702718591,0.2902071589194516,0.587708189653212,0.7764880015454778,0.3916345059466375,0.8779153485726636,-0.1860601931873206,-0.3236917464465391,-0.2874803370346749,-0.1860601931873206,-0.3236917464465391,-0.2874803370346749,-0.5097519396338597,-0.4735405302219955,-0.611172083481214,-0.7972322766685346
177,8850,Normal Traffic,0.06,0.4285574989701483,0.0412881833034932,0.18650550119894943,0.4285574989701483,0.0412881833034932,0.18650550119894943,0.4698456822736415,0.6150630001690978,0.22779368450244264,0.6563511834725909,-0.4455869062760087,-1.320739156878645,-1.0470885206874052,-0.4455869062760087,-1.320739156878645,-1.0470885206874052,-1.7663260631546538,-1.492675426963414,-2.3678276775660505,-2.813414583842059
178,8900,Normal Traffic,0.08,0.19290456112350007,0.10780853918914202,0.3402021490325419,0.19290456112350007,0.10780853918914202,0.3402021490325419,0.3007131003126421,0.533106710156042,0.44801068822168394,0.640915249345184,-1.5050929659670929,-0.217897938774394,0.07872985156130409,-1.5050929659670929,-0.217897938774394,0.07872985156130409,-1.7229909047414869,-1.4263631144057887,-0.13916808721308993,-1.6442610531801827
179,8950,Normal Traffic,0.06,0.2779783280300008,0.1265980570100783,0.2819947267436942,0.2779783280300008,0.1265980570100783,0.2819947267436942,0.4045763850400791,0.559973054773695,0.4085927837537725,0.6865711117837733,-1.122597536961066,0.09361354437002309,-0.3476358912034585,-1.122597536961066,0.09361354437002309,-0.3476358912034585,-1.028983992591043,-1.4702334281645244,-0.2540223468334354,-1.3766198837945014
180,9000,Normal Traffic,0.04,0.2829737520640977,0.10132912452893379,0.32505075769603475,0.2829737520640977,0.10132912452893379,0.32505075769603475,0.3843028765930315,0.6080245097601324,0.42637988222496853,0.7093536342890663,-1.100137888958305,-0.3253201775963035,-0.03225314626073106,-1.100137888958305,-0.3253201775963035,-0.03225314626073106,-1.4254580665546086,-1.1323910352190363,-0.35757332385703455,-1.4577112128153398
181,9050,Normal Traffic,0.04,0.5768597985767664,0.0950455624457988,0.2259957101556411,0.5768597985767664,0.0950455624457988,0.2259957101556411,0.6719053610225652,0.8028555087324075,0.3210412726014399,0.8979010711782063,0.22118680991498368,-0.4294953758425491,-0.7578251997624128,0.22118680991498368,-0.4294953758425491,-0.7578251997624128,-0.20830856592756541,-0.5366383898474292,-1.1873205756049618,-0.9661337656899782
182,9100,Normal Traffic,0.06,0.7449091185419388,0.08788290932588491,0.2113235016869015,0.7449091185419388,0.08788290932588491,0.2113235016869015,0.8327920278678237,0.9562326202288403,0.29920641101278644,1.044115529554725,0.976744005412084,-0.5482450275311722,-0.8652982129243814,0.976744005412084,-0.5482450275311722,-0.8652982129243814,0.42849897788091174,0.11144579248770259,-1.4135432404555535,-0.4367992350434696
183,9150,Normal Traffic,0.06,0.4353914927931221,0.11436348901565092,0.08743139790004209,0.4353914927931221,0.11436348901565092,0.08743139790004209,0.549754981808773,0.5228228906931642,0.20179488691569303,0.6371863797088151,-0.41486096696247426,-0.10922340216027254,-1.772800156433295,-0.41486096696247426,-0.10922340216027254,-1.772800156433295,-0.5240843691227468,-2.187661123395769,-1.8820235585935674,-2.2968845255560417
184,9200,Normal Traffic,0.0,0.5467076161528353,0.14266940943019069,0.4052230120398485,0.5467076161528353,0.14266940943019069,0.4052230120398485,0.6893770255830259,0.9519306281926838,0.5478924214700391,1.0946000376228744,0.08562126049732581,0.36006055361405,0.555003623207565,0.08562126049732581,0.36006055361405,0.555003623207565,0.4456818141113758,0.6406248837048908,0.915064176821615,1.0006854373189409
185,9250,Normal Traffic,0.04,0.29115178998264374,0.05137706896801677,0.5347679226022346,0.29115178998264374,0.05137706896801677,0.5347679226022346,0.3425288589506605,0.8259197125848783,0.5861449915702514,0.8772967815528951,-1.0633690677831515,-1.1534754853687619,1.5039120242571158,-1.0633690677831515,-1.1534754853687619,1.5039120242571158,-2.2168445531519136,0.44054295647396424,0.3504365388883539,-0.7129325288947979
186,9300,Normal Traffic,0.02,0.5440767554557323,0.029587077680591167,0.16421777490961026,0.5440767554557323,0.029587077680591167,0.16421777490961026,0.5736638331363235,0.7082945303653425,0.19380485259020142,0.7378816080459338,0.07379279412531906,-1.514731828843766,-1.2103447275459678,0.07379279412531906,-1.514731828843766,-1.2103447275459678,-1.4409390347184468,-1.1365519334206486,-2.725076556389734,-2.6512837622644145
187,9350,Normal Traffic,0.08,0.37728515564725856,0.06168262659858866,0.2065252952860757,0.37728515564725856,0.06168262659858866,0.2065252952860757,0.4389677822458472,0.5838104509333343,0.26820792188466436,0.6454930775319229,-0.6761096357677769,-0.9826196085589468,-0.9004447759498789,-0.6761096357677769,-0.9826196085589468,-0.9004447759498789,-1.6587292443267239,-1.5765544117176558,-1.8830643845088257,-2.5591740202766027
188,9400,Normal Traffic,0.0,0.7027886671308825,0.14054148528097704,0.176771708057049,0.7027886671308825,0.14054148528097704,0.176771708057049,0.8433301524118595,0.8795603751879315,0.31731319333802604,1.0201018604689085,0.7873685878394033,0.3247816915348031,-1.1183879491738662,0.7873685878394033,0.3247816915348031,-1.1183879491738662,1.1121502793742064,-0.33101936133446286,-0.7936062576390631,-0.006237669799659784
189,9450,Normal Traffic,0.06,0.5810687461280358,0.11671243396071967,0.2366038222032022,0.5810687461280358,0.11671243396071967,0.2366038222032022,0.6977811800887554,0.817672568331238,0.35331625616392187,0.9343850022919576,0.24011042477097114,-0.07028023551617578,-0.6801214397497178,0.24011042477097114,-0.07028023551617578,-0.6801214397497178,0.16983018925479537,-0.44001101497874673,-0.7504016752658936,-0.5102912504949224
190,9500,Normal Traffic,0.06,0.31380400699898847,0.08456892871500844,0.25832059509159744,0.31380400699898847,0.08456892871500844,0.25832059509159744,0.3983729357139969,0.5721246020905859,0.34288952380660587,0.6566935308055943,-0.9615236954590735,-0.6031875239296524,-0.5210474309907296,-0.9615236954590735,-0.6031875239296524,-0.5210474309907296,-1.5647112193887258,-1.4825711264498032,-1.1242349549203818,-2.0857586503794554
191,9550,Normal Traffic,0.14,0.7806275570601129,0.09926666038113655,0.4542638993224565,0.7806275570601129,0.09926666038113655,0.4542638993224565,0.8798942174412494,1.2348914563825693,0.553530559703593,1.3341581167637058,1.137335689091139,-0.3595137780779837,0.9142250679974038,1.137335689091139,-0.3595137780779837,0.9142250679974038,0.7778219110131553,2.051560757088543,0.5547112899194201,1.6920469790105592
192,9600,Normal Traffic,0.1,0.6431552157579967,0.0669222023726585,0.22871696392429935,0.6431552157579967,0.0669222023726585,0.22871696392429935,0.7100774181306553,0.8718721796822961,0.29563916629695786,0.9387943820549547,0.5192539457423804,-0.8957526630639762,-0.7378921854027014,0.5192539457423804,-0.8957526630639762,-0.7378921854027014,-0.3764987173215958,-0.21863823966032103,-1.6336448484666777,-1.1143909027242973
193,9650,Normal Traffic,0.04,0.43790080043909246,0.10709949166746348,0.31974080406399047,0.43790080043909246,0.10709949166746348,0.31974080406399047,0.545000292106556,0.7576416045030829,0.42684029573145393,0.8647410961705464,-0.40357900849919864,-0.22965324017184882,-0.0711482258802726,-0.40357900849919864,-0.22965324017184882,-0.0711482258802726,-0.6332322486710474,-0.47472723437947123,-0.30080146605212144,-0.70438047455132
194,9700,Normal Traffic,0.0,0.23805887066349202,0.11509202649826827,0.26269956720376453,0.23805887066349202,0.11509202649826827,0.26269956720376453,0.3531508971617603,0.5007584378672565,0.3777915937020328,0.6158504643655248,-1.302077187696078,-0.09714497663071726,-0.4889717330172768,-1.302077187696078,-0.09714497663071726,-0.4889717330172768,-1.3992221643267952,-1.7910489207133549,-0.5861167096479941,-1.8881938973440722
195,9750,Normal Traffic,0.0,0.6755653786114864,0.07444964988470111,0.4272259197687858,0.6755653786114864,0.07444964988470111,0.4272259197687858,0.7500150284961875,1.1027912983802721,0.5016755696534869,1.1772409482649733,0.6649714753120443,-0.7709550838437501,0.7161735518513611,0.6649714753120443,-0.7709550838437501,0.7161735518513611,-0.10598360853170585,1.3811450271634054,-0.054781531992389,0.6101899433196553
196,9800,Normal Traffic,0.04,0.4424947337779178,0.06326779623159665,0.2725606017950176,0.4424947337779178,0.06326779623159665,0.2725606017950176,0.5057625300095144,0.7150553355729354,0.33582839802661424,0.778323131804532,-0.382924480468363,-0.9563390755447578,-0.4167402688396544,-0.382924480468363,-0.9563390755447578,-0.4167402688396544,-1.3392635560131207,-0.7996647493080175,-1.3730793443844123,-1.7560038248527752
197,9850,Normal Traffic,0.04,0.31904918023798445,0.12459883553801412,0.18754591815982508,0.31904918023798445,0.12459883553801412,0.18754591815982508,0.44364801577599855,0.5065950983978096,0.31214475369783923,0.6311939339358237,-0.937941163954789,0.06046844443547635,-1.0394675312522865,-0.937941163954789,0.06046844443547635,-1.0394675312522865,-0.8774727195193126,-1.9774086952070755,-0.9789990868168101,-1.9169402507715991
198,9900,Normal Traffic,0.08,0.19402493953079336,0.07329868111473402,0.23928854664835134,0.19402493953079336,0.07329868111473402,0.23928854664835134,0.2673236206455274,0.43331348617914467,0.31258722776308534,0.5066121672938787,-1.5000556949594777,-0.7900369991968865,-0.6604560004094494,-1.5000556949594777,-0.7900369991968865,-0.6604560004094494,-2.290092694156364,-2.160511695368927,-1.450492999606336,-2.9505486945658133
199,9950,Normal Traffic,0.0,0.4710837392619799,0.051315842335589376,0.28022299847326265,0.4710837392619799,0.051315842335589376,0.28022299847326265,0.5223995815975693,0.7513067377352425,0.33153884080885204,0.802622580070832,-0.2543870438987547,-1.1544905619267214,-0.360613690430699,-0.2543870438987547,-1.1544905619267214,-0.360613690430699,-1.4088776058254762,-0.6150007343294537,-1.5151042523574203,-1.769491296256175
200,10000,Normal Traffic,0.14,0.429419743795752,0.21796976455804826,0.30355866616824756,0.429419743795752,0.21796976455804826,0.30355866616824756,0.6473895083538003,0.7329784099639995,0.5215284307262958,0.9509481745220478,-0.4417102152998117,1.608465410552063,-0.1896813780477437,-0.4417102152998117,1.608465410552063,-0.1896813780477437,1.1667551952522515,-0.6313915933475553,1.4187840325043193,0.9770738172045077
201,10050,Normal Traffic,0.2,0.21350648791872326,0.24140613824674217,0.2279448329684394,0.21350648791872326,0.24140613824674217,0.2279448329684394,0.45491262616546546,0.44145132088716266,0.46935097121518154,0.6828574591339048,-1.4124657894068937,1.9970171337451403,-0.7435479965615125,-1.4124657894068937,1.9970171337451403,-0.7435479965615125,0.5845513443382466,-2.156013785968406,1.253469137183628,-0.15899665222326587
202,10100,Normal Traffic,0.42,0.28447917477327744,0.26341053561120675,0.28973787589457267,0.28447917477327744,0.26341053561120675,0.28973787589457267,0.5478897103844842,0.5742170506678501,0.5531484115057794,0.8376275862790569,-1.0933694416928166,2.3618281163380876,-0.29091780596220257,-1.0933694416928166,2.3618281163380876,-0.29091780596220257,1.268458674645271,-1.3842872476550192,2.070910310375885,0.9775408686830684
203,10150,Normal Traffic,0.3,0.2794466781327446,0.2521268792513912,0.28457448158247994,0.2794466781327446,0.2521268792513912,0.28457448158247994,0.5315735573841358,0.5640211597152245,0.5367013608338711,0.8161480389666158,-1.1159957697782714,2.1747563371984713,-0.3287393476916765,-1.1159957697782714,2.1747563371984713,-0.3287393476916765,1.0587605674201999,-1.4447351174699479,1.8460169895067948,0.7300212197285234
204,10200,Normal Traffic,0.2,0.6967748983019064,0.31561224131701354,0.39780356134717065,0.6967748983019064,0.31561224131701354,0.39780356134717065,1.01238713961892,1.094578459649077,0.7134158026641841,1.4101907009660906,0.7603304164755994,3.227280381907398,0.5006566090107825,0.7603304164755994,3.227280381907398,0.5006566090107825,3.9876107983829976,1.260987025486382,3.7279369909181805,4.48826740739378
205,10250,Normal Traffic,0.1,0.969935170409829,0.3520190043523101,0.5671560532464058,0.969935170409829,0.3520190043523101,0.5671560532464058,1.321954174762139,1.5370912236562349,0.9191750575987159,1.889110228008545,1.9884711144436722,3.8308682364597737,1.741153063902158,1.9884711144436722,3.8308682364597737,1.741153063902158,5.819339350903446,3.72962417834583,5.572021300361932,7.560492414805604
206,10300,Normal Traffic,0.12,0.5925182366390805,0.3123126983037482,0.48936178048267887,0.5925182366390805,0.3123126983037482,0.48936178048267887,0.9048309349428287,1.0818800171217595,0.8016744787864271,1.3941927154255076,0.2915878418898767,3.172577246491341,1.1713148613933007,0.2915878418898767,3.172577246491341,1.1713148613933007,3.464165088381218,1.4629027032831774,4.343892107884642,4.635479949774519
207,10350,Normal Traffic,0.18,1.024811491484347,0.07822153280233815,0.26983846331494854,1.024811491484347,0.07822153280233815,0.26983846331494854,1.103033024286685,1.2946499547992953,0.34805999611728666,1.3728714876016337,2.2351974877420235,-0.7084210234640328,-0.43667976365534505,2.2351974877420235,-0.7084210234640328,-0.43667976365534505,1.5267764642779906,1.7985177240866785,-1.145100787119378,1.0900967006226456
208,10400,Normal Traffic,0.44,0.9551544955978779,0.06564656455339625,0.22932996293790794,0.9551544955978779,0.06564656455339625,0.22932996293790794,1.0208010601512743,1.1844844585357859,0.2949765274913042,1.2501310230891822,1.9220165449709314,-0.9169014670311921,-0.733402005809207,1.9220165449709314,-0.9169014670311921,-0.733402005809207,1.0051150779397393,1.1886145391617244,-1.6503034728403991,0.2717130721305323
209,10450,Normal Traffic,0.34,1.0857186195487103,0.1429133191369326,0.414570878832367,1.0857186195487103,0.1429133191369326,0.414570878832367,1.2286319386856428,1.5002894983810773,0.5574841979692996,1.6432028175180098,2.509038636731084,0.36410433351434246,0.6234761652225689,2.509038636731084,0.36410433351434246,0.6234761652225689,2.8731429702454268,3.1325148019536533,0.9875804987369113,3.496619135467996
210,10500,Normal Traffic,0.16,0.94518315680814,0.15909690535516297,0.2384899217332882,0.94518315680814,0.15909690535516297,0.2384899217332882,1.104280062163303,1.1836730785414282,0.39758682708845117,1.3427699838965914,1.8771849635465783,0.6324120672987147,-0.6663058781692239,1.8771849635465783,0.6324120672987147,-0.6663058781692239,2.509597030845293,1.2108790853773543,-0.033893810870509244,1.843291152676069
211,10550,Normal Traffic,0.14,0.4987156541489143,0.1341219603084792,0.1928874091601086,0.4987156541489143,0.1341219603084792,0.1928874091601086,0.6328376144573935,0.6916030633090229,0.32700936946858783,0.8257250236175021,-0.1301527291004948,0.21835236405960887,-1.0003414423747257,-0.1301527291004948,0.21835236405960887,-1.0003414423747257,0.08819963495911406,-1.1304941714752204,-0.7819890783151168,-0.9121418074156116
212,10600,Normal Traffic,0.08,0.7083438042462596,0.10295795194574948,0.7098184473443159,0.7083438042462596,0.10295795194574948,0.7098184473443159,0.8113017561920092,1.4181622515905756,0.8127763992900654,1.521120203536325,0.8123447306786964,-0.29831584202824674,2.7861462148152976,0.8123447306786964,-0.29831584202824674,2.7861462148152976,0.5140288886504496,3.598490945493994,2.4878303727870508,3.3001751034657474
213,10650,Normal Traffic,0.1,0.5488127223179706,0.08829177491480708,0.3932566310323746,0.5488127223179706,0.08829177491480708,0.3932566310323746,0.6371044972327777,0.9420693533503453,0.48154840594718173,1.0303611282651524,0.09508591117656076,-0.5414664434703326,0.46735062766449875,0.09508591117656076,-0.5414664434703326,0.46735062766449875,-0.44638053229377184,0.5624365388410595,-0.07411581580583382,0.020970095370726916
214,10700,Normal Traffic,0.22,0.7596840014256948,0.12471724001817747,0.2055435090199468,0.7596840014256948,0.12471724001817747,0.2055435090199468,0.8844012414438722,0.9652275104456416,0.3302607490381243,1.0899447504638191,1.0431725341187899,0.06243147273551756,-0.9076362991978425,1.0431725341187899,0.06243147273551756,-0.9076362991978425,1.1056040068543074,0.13553623492094735,-0.845204826462325,0.19796770765646488
215,10750,Normal Traffic,0.18,0.9646572318073943,0.09804328100341125,0.25744565500066446,0.9646572318073943,0.09804328100341125,0.25744565500066446,1.0627005128108056,1.2221028868080588,0.3554889360040757,1.32014616781147,1.9647412684122338,-0.3797961891560829,-0.5274563126603922,1.9647412684122338,-0.3797961891560829,-0.5274563126603922,1.584945079256151,1.4372849557518417,-0.907252501816475,1.0574887665957589
216,10800,Normal Traffic,0.32,0.7900027296115603,0.14316787999991512,0.4125738907757212,0.7900027296115603,0.14316787999991512,0.4125738907757212,0.9331706096114754,1.2025766203872814,0.5557417707756364,1.3457445003871966,1.1794868806683556,0.36832469897203685,0.6088483520918152,1.1794868806683556,0.36832469897203685,0.6088483520918152,1.5478115796403924,1.7883352327601707,0.9771730510638521,2.1566599317322077
217,10850,Normal Traffic,0.34,0.5887323318339608,0.09292741301212502,0.5323821091361642,0.5887323318339608,0.09292741301212502,0.5323821091361642,0.6816597448460858,1.121114440970125,0.6253095221482893,1.2140418539822502,0.27456624598238893,-0.46461218287790634,1.4864360892206632,0.27456624598238893,-0.46461218287790634,1.4864360892206632,-0.1900459368955174,1.7610023352030522,1.0218239063427568,1.2963901523251458
218,10900,Normal Traffic,0.08,0.6771029664223565,0.08445198058004082,0.3505059044339328,0.6771029664223565,0.08445198058004082,0.3505059044339328,0.7615549470023972,1.0276088708562892,0.43495788501397364,1.11206085143633,0.6718845383012447,-0.6051264074774859,0.15420421809792656,0.6718845383012447,-0.6051264074774859,0.15420421809792656,0.06675813082375881,0.8260887563991712,-0.45092218937955936,0.22096234892168537
219,10950,Normal Traffic,0.18,0.7135571893382884,0.15494377717882307,0.3949437611646514,0.7135571893382884,0.15494377717882307,0.3949437611646514,0.8685009665171115,1.1085009505029397,0.5498875383434745,1.2634447276817629,0.8357843412644218,0.5635573404116337,0.4797087507990259,0.8357843412644218,0.5635573404116337,0.4797087507990259,1.3993416816760555,1.3154930920634478,1.0432660912106597,1.8790504324750814
220,11000,Normal Traffic,0.18,0.34726208449456236,0.14670145900173356,0.4759120597772033,0.34726208449456236,0.14670145900173356,0.4759120597772033,0.4939635434962959,0.8231741442717657,0.6226135187789369,0.9698756032734992,-0.8110946951839189,0.4269079178792254,1.0727964949535038,-0.8110946951839189,0.4269079178792254,1.0727964949535038,-0.38418677730469347,0.26170179976958496,1.4997044128327293,0.6886097176488104
221,11050,Normal Traffic,0.16,0.4063185360171074,0.08424348386225897,0.7064156433382894,0.4063185360171074,0.08424348386225897,0.7064156433382894,0.4905620198793663,1.1127341793553969,0.7906591272005484,1.1969776632176559,-0.545574270003787,-0.6085830753071731,2.7612208874178266,-0.545574270003787,-0.6085830753071731,2.7612208874178266,-1.1541573453109601,2.2156466174140395,2.1526378121106533,1.6070635421068664
222,11100,Normal Traffic,0.32,0.27951576370878706,0.07238829580757349,0.674494003543665,0.27951576370878706,0.07238829580757349,0.674494003543665,0.35190405951636056,0.954009767252452,0.7468822993512384,1.0263980630600256,-1.1156851579644613,-0.8051302804598292,2.527396864189917,-1.1156851579644613,-0.8051302804598292,2.527396864189917,-1.9208154384242904,1.4117117062254556,1.7222665837300877,0.6065814257656266
223,11150,Normal Traffic,0.16,0.2414311000355216,0.0862822020579386,0.8729776793852991,0.2414311000355216,0.0862822020579386,0.8729776793852991,0.32771330209346017,1.1144087794208208,0.9592598814432377,1.2006909814787594,-1.2869154948821369,-0.5747831590505661,3.981277426997674,-1.2869154948821369,-0.5747831590505661,3.981277426997674,-1.861698653932703,2.6943619321155374,3.406494267947108,2.119578773064971
224,11200,Normal Traffic,0.32,0.22602968466104956,0.11086154100670499,0.8585147684435162,0.22602968466104956,0.11086154100670499,0.8585147684435162,0.33689122566775453,1.0845444531045656,0.9693763094502211,1.1954059941112707,-1.3561609414536178,-0.16728221072351568,3.87533750518438,-1.3561609414536178,-0.16728221072351568,3.87533750518438,-1.5234431521771334,2.5191765637307624,3.7080552944608645,2.3518943530072467
225,11250,Normal Traffic,0.06,0.248853721092441,0.05513483933418772,0.422807273145872,0.248853721092441,0.05513483933418772,0.422807273145872,0.3039885604266287,0.671660994238313,0.47794211248005974,0.7267958335725007,-1.2535430614193535,-1.0911753970302671,0.6838072405578509,-1.2535430614193535,-1.0911753970302671,0.6838072405578509,-2.344718458449621,-0.5697358208615025,-0.4073681564724162,-1.66091121789177
226,11300,Normal Traffic,0.34,0.16456395891108802,0.11953865438805318,0.9090741103636294,0.16456395891108802,0.11953865438805318,0.9090741103636294,0.2841026132991412,1.0736380692747174,1.0286127647516825,1.1931767236627706,-1.632513570410757,-0.023424316944879647,4.245681535615648,-1.632513570410757,-0.023424316944879647,4.245681535615648,-1.6559378873556365,2.613167965204891,4.2222572186707685,2.5897436482600114
227,11350,Normal Traffic,0.32,0.43915945741633367,0.1371050773451276,0.4710575900311733,0.43915945741633367,0.1371050773451276,0.4710575900311733,0.5762645347614612,0.910217047447507,0.608162667376301,1.0473221247926345,-0.3979200309084871,0.26780947207779743,1.0372378064287984,-0.3979200309084871,0.26780947207779743,1.0372378064287984,-0.13011055883068967,0.6393177755203112,1.3050472785065959,0.9071272475981087
228,11400,Normal Traffic,0.4,0.6835266993031672,0.13584022884415092,0.47230303130216655,0.6835266993031672,0.13584022884415092,0.47230303130216655,0.8193669281473182,1.1558297306053338,0.6081432601463175,1.2916699594494847,0.7007659262238722,0.24683954425702023,1.0463605861654068,0.7007659262238722,0.24683954425702023,1.0463605861654068,0.9476054704808925,1.7471265123892792,1.293200130422427,1.9939660566462993
229,11450,Normal Traffic,0.3,0.627891680802308,0.12335037068870007,0.44926247286503546,0.627891680802308,0.12335037068870007,0.44926247286503546,0.751242051491008,1.0771541536673435,0.5726128435537355,1.2005045243560435,0.45062841564870165,0.039770141234201736,0.8775899307150883,0.45062841564870165,0.039770141234201736,0.8775899307150883,0.4903985568829034,1.32821834636379,0.91736007194929,1.3679884875979917
230,11500,Normal Traffic,0.44,0.5617263936003641,0.10014589275029268,0.5948145054593814,0.5617263936003641,0.10014589275029268,0.5948145054593814,0.6618722863506568,1.1565408990597454,0.6949603982096741,1.2566867918100382,0.15314634997940027,-0.3449369814856187,1.943749503630918,0.15314634997940027,-0.3449369814856187,1.943749503630918,-0.19179063150621842,2.0968958536103184,1.5988125221452993,1.7519588721246997
231,11550,Blackhole Attack,0.5,0.2969814779312882,0.12917340712968084,0.7509647055336728,0.2969814779312882,0.12917340712968084,0.7509647055336728,0.42615488506096905,1.047946183464961,0.8801381126633536,1.1771195905946419,-1.0371585322212469,0.13631028321233776,3.087539993221064,-1.0371585322212469,0.13631028321233776,3.087539993221064,-0.9008482490089091,2.050381460999817,3.223850276433402,2.1866917442121547
232,11600,Normal Traffic,0.4,0.231780188856606,0.11904988588056381,0.8288443305706772,0.231780188856606,0.11904988588056381,0.8288443305706772,0.3508300747371698,1.0606245194272832,0.947894216451241,1.179674405307847,-1.3303064195573708,-0.03152761177837686,3.6580033958154363,-1.3303064195573708,-0.03152761177837686,3.6580033958154363,-1.3618340313357478,2.3276969762580655,3.6264757840370594,2.2961693644796886
233,11650,Normal Traffic,0.42,0.22016897101823873,0.07549800276182377,0.7896067744222386,0.22016897101823873,0.07549800276182377,0.7896067744222386,0.2956669737800625,1.0097757454404772,0.8651047771840623,1.0852737482023012,-1.382510969912474,-0.753574437745035,3.3705907409741926,-1.382510969912474,-0.753574437745035,3.3705907409741926,-2.136085407657509,1.9880797710617186,2.617016303229158,1.2345053333166836
234,11700,Normal Traffic,0.18,0.2614537636528354,0.07547213267456028,0.5016626836336552,0.2614537636528354,0.07547213267456028,0.5016626836336552,0.33692589632739567,0.7631164472864906,0.5771348163082155,0.8385885799610509,-1.1968927112599554,-0.7540033380142875,1.2614182108015133,-1.1968927112599554,-0.7540033380142875,1.2614182108015133,-1.950896049274243,0.06452549954155784,0.5074148727872257,-0.6894778384727298
235,11750,Normal Traffic,0.18,0.2769484506857677,0.12681531954075448,0.5027342446969967,0.2769484506857677,0.12681531954075448,0.5027342446969967,0.40376377022652216,0.7796826953827644,0.6295495642377511,0.9064980149235189,-1.1272279111754693,0.09721554064303171,1.2692673288473562,-1.1272279111754693,0.09721554064303171,1.2692673288473562,-1.0300123705324375,0.14203941767188688,1.3664828694903879,0.2392549583149186
236,11800,Normal Traffic,0.2,0.15632197411876114,0.13993448091327543,0.4895236441802809,0.15632197411876114,0.13993448091327543,0.4895236441802809,0.29625645503203657,0.645845618299042,0.6294581250935563,0.7857800992123174,-1.6695698995664525,0.3147181639520369,1.172500502896411,-1.6695698995664525,0.3147181639520369,1.172500502896411,-1.3548517356144156,-0.49706939667004146,1.487218666848448,-0.18235123271800457
237,11850,Normal Traffic,0.34,0.6383915078815257,0.20569744190598552,0.38283331892521705,0.6383915078815257,0.20569744190598552,0.38283331892521705,0.8440889497875111,1.0212248268067428,0.5885307608312026,1.2269222687127281,0.49783610386084304,1.4050025294178208,0.391000515704831,0.49783610386084304,1.4050025294178208,0.391000515704831,1.9028386332786638,0.8888366195656741,1.7960030451226519,2.2938391489834946
238,11900,Blackhole Attack,0.52,0.42952429769189276,0.10932616822887536,0.3844481232224495,0.42952429769189276,0.10932616822887536,0.3844481232224495,0.5388504659207681,0.8139724209143422,0.49377429145132484,0.9232985891432176,-0.44124013634583087,-0.19273716149762965,0.40282885660253726,-0.44124013634583087,-0.19273716149762965,0.40282885660253726,-0.6339772978434606,-0.038411279743293614,0.2100916951049076,-0.23114844124092332
239,11950,Blackhole Attack,0.56,0.3360712137469086,0.0634814328998202,0.675997985343561,0.3360712137469086,0.0634814328998202,0.675997985343561,0.39955264664672885,1.0120691990904698,0.7394794182433813,1.0755506319902899,-0.8614093463769147,-0.9527971924583172,2.5384134371973124,-0.8614093463769147,-0.9527971924583172,2.5384134371973124,-1.814206538835232,1.6770040908203976,1.5856162447389952,0.7242068983620804
240,12000,Normal Traffic,0.48,0.75436248180009,0.10649608493822244,0.581391077705417,0.75436248180009,0.10649608493822244,0.581391077705417,0.8608585667383124,1.335753559505507,0.6878871626436394,1.4422496444437294,1.0192467458743744,-0.23965712249371207,1.8454237314232604,1.0192467458743744,-0.23965712249371207,1.8454237314232604,0.7795896233806623,2.8646704772976346,1.6057666089295484,2.6250133548039227
241,12050,Blackhole Attack,0.64,0.3896877233360607,0.16355803973623206,0.48169492085911964,0.3896877233360607,0.16355803973623206,0.48169492085911964,0.5532457630722928,0.8713826441951804,0.6452529605953516,1.0349406839314124,-0.6203471413890053,0.706373230155428,1.1151555921878973,-0.6203471413890053,0.706373230155428,1.1151555921878973,0.0860260887664227,0.494808450798892,1.8215288223433252,1.20118168095432
242,12100,Blackhole Attack,0.8,0.2871245957268017,0.09398883643688322,0.1891278757273558,0.2871245957268017,0.09398883643688322,0.1891278757273558,0.38111343216368493,0.4762524714541575,0.283116712164239,0.5702413078910407,-1.0814755117621968,-0.4470148401232015,-1.0278797906037576,-1.0814755117621968,-0.4470148401232015,-1.0278797906037576,-1.5284903518853983,-2.1093553023659544,-1.474894630726959,-2.556370142489156
243,12150,Blackhole Attack,0.76,0.41387083571837857,0.132035038248942,0.24614795523122884,0.41387083571837857,0.132035038248942,0.24614795523122884,0.5459058739673206,0.6600187909496074,0.3781829934801708,0.7920538291985495,-0.5116187956047913,0.18375327577173073,-0.6102112597842336,-0.5116187956047913,0.18375327577173073,-0.6102112597842336,-0.32786551983306056,-1.121830055389025,-0.4264579840125029,-0.9380767796172942
244,12200,Blackhole Attack,0.58,0.7041189632557806,0.13085936884188587,0.5023281286761656,0.7041189632557806,0.13085936884188587,0.5023281286761656,0.8349783320976665,1.2064470919319463,0.6331874975180515,1.337306460773832,0.7933496582151536,0.164261848467966,1.266292554290066,0.7933496582151536,0.164261848467966,1.266292554290066,0.9576115066831196,2.05964221250522,1.4305544027580321,2.2239040609731857
245,12250,Blackhole Attack,0.54,0.693420967855246,0.16714898411267715,0.4686135128852449,0.693420967855246,0.16714898411267715,0.4686135128852449,0.8605699519679231,1.1620344807404908,0.6357624969979221,1.329183464853168,0.7452509964416696,0.7659075098136896,1.0193350935663905,0.7452509964416696,0.7659075098136896,1.0193350935663905,1.5111585062553592,1.76458609000806,1.7852426033800801,2.5304935998217495
246,12300,Blackhole Attack,0.56,0.8000493901761319,0.08200922234525844,0.7421575527206852,0.8000493901761319,0.08200922234525844,0.7421575527206852,0.8820586125213903,1.542206942896817,0.8241667750659436,1.6242161652420755,1.224657112132858,-0.6456249049872201,3.0230281474272727,1.224657112132858,-0.6456249049872201,3.0230281474272727,0.5790322071456379,4.24768525956013,2.3774032424400526,3.6020603545729104
247,12350,Blackhole Attack,0.56,0.7793799627279413,0.1036257702963947,0.6796928218807731,0.7793799627279413,0.1036257702963947,0.6796928218807731,0.883005733024336,1.4590727846087144,0.7833185921771678,1.5626985549051091,1.1317264496432853,-0.28724407920478834,2.565477884696212,1.1317264496432853,-0.28724407920478834,2.565477884696212,0.8444823704384969,3.697204334339497,2.2782338054914235,3.409960255134709
248,12400,Blackhole Attack,0.62,0.715604762224976,0.0982555633969157,0.4254671118167165,0.715604762224976,0.0982555633969157,0.4254671118167165,0.8138603256218917,1.1410718740416925,0.5237226752136321,1.2393274374386083,0.8449903197721733,-0.3762767585950531,0.7032903931513702,0.8449903197721733,-0.3762767585950531,0.7032903931513702,0.4687135611771202,1.5482807129235434,0.3270136345563171,1.1720039543284904
249,12450,Normal Traffic,0.36,0.4754492505466351,0.0994660201691227,0.7534644669002284,0.4754492505466351,0.0994660201691227,0.7534644669002284,0.5749152707157579,1.2289137174468636,0.852930487069351,1.3283797376159863,-0.23475951155391314,-0.35620859144005274,3.1058505895312245,-0.23475951155391314,-0.35620859144005274,3.1058505895312245,-0.5909681029939658,2.8710910779773116,2.749641998091172,2.5148824865372585
250,12500,Normal Traffic,0.44,0.8390891166927307,0.1028986525632262,0.6260247023618007,0.8390891166927307,0.1028986525632262,0.6260247023618007,0.9419877692559568,1.4651138190545314,0.7289233549250269,1.5680124716177577,1.4001814539508926,-0.2992989667031543,2.1723622519862777,1.4001814539508926,-0.2992989667031543,2.1723622519862777,1.1008824872477383,3.5725437059371705,1.8730632852831235,3.2732447392340163
251,12550,Blackhole Attack,0.62,0.8988633291356299,0.16387904952551216,0.6018418744568989,0.8988633291356299,0.16387904952551216,0.6018418744568989,1.062742378661142,1.5007052035925288,0.765720923982411,1.6645842531180408,1.6689289640614047,0.7116952525998302,1.9952245438318075,1.6689289640614047,0.7116952525998302,1.9952245438318075,2.380624216661235,3.664153507893212,2.7069197964316376,4.375848760493042
252,12600,Normal Traffic,0.42,0.5975413793863928,0.15481968951800604,0.5430719809066149,0.5975413793863928,0.15481968951800604,0.5430719809066149,0.7523610689043989,1.1406133602930077,0.697891670424621,1.2954330498110138,0.3141721144565699,0.561500090639212,1.5647387341110472,0.3141721144565699,0.561500090639212,1.5647387341110472,0.8756722050957819,1.8789108485676171,2.126238824750259,2.440410939206829
253,12650,Blackhole Attack,0.68,0.4022634590534655,0.16240778959385335,0.182413792041867,0.4022634590534655,0.16240778959385335,0.182413792041867,0.5646712486473189,0.5846772510953325,0.34482158163572035,0.7470850406891859,-0.5638060758736896,0.6873032289316491,-1.0770600354072914,-0.5638060758736896,0.6873032289316491,-1.0770600354072914,0.1234971530579595,-1.640866111280981,-0.38975680647564237,-0.953562882349332
254,12700,Blackhole Attack,0.56,0.15011525168478002,0.18289252122073935,0.27359541309796925,0.15011525168478002,0.18289252122073935,0.27359541309796925,0.33300777290551936,0.42371066478274927,0.4564879343187086,0.6066031860034886,-1.69747559889579,1.0269196678269725,-0.40916034049967576,-1.69747559889579,1.0269196678269725,-0.40916034049967576,-0.6705559310688174,-2.1066359393954657,0.6177593273272968,-1.0797162715684931
255,12750,Normal Traffic,0.46,0.34800116687079374,0.16301052667501847,0.25316969203240813,0.34800116687079374,0.16301052667501847,0.25316969203240813,0.5110116935458122,0.6011708589032019,0.4161802187074266,0.7641813855782204,-0.8077717480423151,0.697296009155667,-0.5587774750707147,-0.8077717480423151,0.697296009155667,-0.5587774750707147,-0.11047573888664808,-1.3665492231130298,0.1385185340849523,-0.6692532139573628
256,12800,Blackhole Attack,0.5,0.33162852120640607,0.14339215666226607,0.11495944984529574,0.33162852120640607,0.14339215666226607,0.11495944984529574,0.47502067786867214,0.4465879710517018,0.25835160650756184,0.5899801277139679,-0.8813838890710098,0.3720429825591641,-1.5711588905435014,-0.8813838890710098,0.3720429825591641,-1.5711588905435014,-0.5093409065118457,-2.4525427796145114,-1.1991159079843374,-2.080499797055347
257,12850,Normal Traffic,0.42,0.3268504680488325,0.1928073410559219,0.3065210088924615,0.3268504680488325,0.1928073410559219,0.3065210088924615,0.5196578091047543,0.6333714769412939,0.4993283499483834,0.8261788179972158,-0.9028662279725926,1.1912975013297535,-0.16798240210502705,-0.9028662279725926,1.1912975013297535,-0.16798240210502705,0.2884312733571609,-1.0708486300776197,1.0233150992247264,0.12044887125213385
258,12900,Blackhole Attack,0.6,0.37238888300100625,0.16195794403628183,0.2405433453210287,0.37238888300100625,0.16195794403628183,0.2405433453210287,0.5343468270372881,0.612932228322035,0.40250128935731055,0.7748901723583168,-0.6981234947334558,0.679845237824028,-0.6512646782883386,-0.6981234947334558,0.679845237824028,-0.6512646782883386,-0.01827825690942786,-1.3493881730217945,0.028580559535689387,-0.6695429351977664
259,12950,Blackhole Attack,0.68,0.24960405127847535,0.1720891341160033,0.2313916251002537,0.24960405127847535,0.1720891341160033,0.2313916251002537,0.42169318539447864,0.4809956763787291,0.40348075921625703,0.6530848104947323,-1.2501695436260387,0.8478102743847572,-0.7183004588824851,-1.2501695436260387,0.8478102743847572,-0.7183004588824851,-0.4023592692412815,-1.9684700025085238,0.12950981550227214,-1.1206597281237665
260,13000,Blackhole Attack,0.82,0.22051833287167005,0.1427749087018088,0.2118685108387335,0.22051833287167005,0.1427749087018088,0.2118685108387335,0.36329324157347886,0.4323868437104036,0.35464341954054235,0.5751617524122123,-1.38094022352536,0.36180962641547115,-0.8613060548335916,-1.38094022352536,0.36180962641547115,-0.8613060548335916,-1.019130597109889,-2.2422462783589516,-0.4994964284181204,-1.8804366519434805
261,13050,Blackhole Attack,0.84,0.4290695296410359,0.09220353651965993,0.24813340000237513,0.4290695296410359,0.09220353651965993,0.24813340000237513,0.5212730661606958,0.677202929643411,0.34033693652203506,0.769406466163071,-0.4432847936713012,-0.4766133338350597,-0.5956680005007798,-0.4432847936713012,-0.4766133338350597,-0.5956680005007798,-0.9198981275063609,-1.038952794172081,-1.0722813343358395,-1.5155661280071406
262,13100,Blackhole Attack,0.64,0.8752747543194984,0.1260742171552858,0.3490098154694173,0.8752747543194984,0.1260742171552858,0.3490098154694173,1.0013489714747843,1.2242845697889158,0.4750840326247031,1.3503587869442015,1.5628736855423155,0.08492880154417232,0.14324545961808155,1.5628736855423155,0.08492880154417232,0.14324545961808155,1.6478024870864878,1.7061191451603972,0.22817426116225387,1.7910479467045692
263,13150,Blackhole Attack,0.86,0.6535071182397172,0.11045179356383888,0.26116523561965943,0.6535071182397172,0.11045179356383888,0.26116523561965943,0.7639589118035561,0.9146723538593766,0.3716170291834983,1.0251241474232156,0.5657965584037654,-0.1740754150440453,-0.5002106163036398,0.5657965584037654,-0.1740754150440453,-0.5002106163036398,0.3917211433597201,0.06558594210012558,-0.6742860313476852,-0.10848947294391975
264,13200,Blackhole Attack,0.8,0.3202356967878085,0.10053834076507195,0.2659000029737637,0.3202356967878085,0.10053834076507195,0.2659000029737637,0.42077403755288045,0.5861356997615722,0.36643834373883566,0.6866740405266442,-0.93260653292515,-0.33843058444520313,-0.46552874034402014,-0.93260653292515,-0.33843058444520313,-0.46552874034402014,-1.2710371173703532,-1.39813527326917,-0.8039593247892233,-1.7365658577143734
265,13250,Blackhole Attack,0.74,0.137600997354414,0.09653231507360628,0.24210082352436352,0.137600997354414,0.09653231507360628,0.24210082352436352,0.23413331242802027,0.3797018208787775,0.3386331385979698,0.4762341359523838,-1.7537402413682996,-0.40484649870951744,-0.6398562474578257,-1.7537402413682996,-0.40484649870951744,-0.6398562474578257,-2.158586740077817,-2.3935964888261254,-1.044702746167343,-2.7984429875356427
266,13300,Blackhole Attack,0.54,0.7260320000389638,0.10728305865915602,0.16736091642909956,0.7260320000389638,0.10728305865915602,0.16736091642909956,0.8333150586981198,0.8933929164680634,0.27464397508825555,1.0006759751272194,0.8918716434285303,-0.22660988236014454,-1.1873214116890725,0.8918716434285303,-0.22660988236014454,-1.1873214116890725,0.6652617610683857,-0.29544976826054214,-1.413931294049217,-0.5220596506206867
267,13350,Normal Traffic,0.28,0.889656696717535,0.08592130429948662,0.5685930235735543,0.889656696717535,0.08592130429948662,0.5685930235735543,0.9755780010170216,1.4582497202910893,0.654514327873041,1.544171024590576,1.6275355363984416,-0.5807664842785081,1.7516787820455464,1.6275355363984416,-0.5807664842785081,1.7516787820455464,1.0467690521199335,3.379214318443988,1.1709122977670383,2.79844783416548
268,13400,Normal Traffic,0.16,0.8541476066822165,0.09505048009073948,0.27228100385112536,0.8541476066822165,0.09505048009073948,0.27228100385112536,0.9491980867729559,1.1264286105333419,0.3673314839418648,1.2214790906240813,1.4678850927828437,-0.4294138461894922,-0.41878830636365877,1.4678850927828437,-0.4294138461894922,-0.41878830636365877,1.0384712465933514,1.049096786419185,-0.8482021525531509,0.6196829402296926
269,13450,Normal Traffic,0.28,0.38687290608031044,0.09957863435285633,0.24645538223163077,0.38687290608031044,0.09957863435285633,0.24645538223163077,0.48645154043316674,0.6333282883119412,0.34603401658448707,0.7329069226647975,-0.6330026846071052,-0.35434156048522586,-0.6079593761546536,-0.6330026846071052,-0.35434156048522586,-0.6079593761546536,-0.9873442450923311,-1.2409620607617589,-0.9623009366398794,-1.5953036212469847
270,13500,Normal Traffic,0.26,0.32398099301414124,0.06384795791337064,0.3388102406363899,0.32398099301414124,0.06384795791337064,0.3388102406363899,0.3878289509275119,0.6627912336505312,0.4026581985497606,0.7266391915639019,-0.9157675149888661,-0.9467205729479748,0.06853420925574265,-0.9157675149888661,-0.9467205729479748,0.06853420925574265,-1.8624880879368408,-0.8472333057331235,-0.8781863636922322,-1.7939538786810982
271,13550,Normal Traffic,0.32,0.5946373167188022,0.06470314824316055,0.5771870361485283,0.5946373167188022,0.06470314824316055,0.5771870361485283,0.6593404649619627,1.1718243528673304,0.6418901843916889,1.236527501110491,0.30111531990883006,-0.9325423694122364,1.8146293888715168,0.30111531990883006,-0.9325423694122364,1.8146293888715168,-0.6314270495034064,2.1157447087803467,0.8820870194592804,1.1832023393681104
272,13600,Normal Traffic,0.3,0.8222986196193278,0.11618971382534468,0.5421323214531094,0.8222986196193278,0.11618971382534468,0.5421323214531094,0.9384883334446725,1.3644309410724373,0.6583220352784541,1.4806206548977818,1.324690634455689,-0.07894641450979939,1.557855787141644,1.324690634455689,-0.07894641450979939,1.557855787141644,1.2457442199458897,2.882546421597333,1.4789093726318447,2.8036000070875335
273,13650,Normal Traffic,0.26,0.780489218262554,0.15567416945951676,0.5114670481985548,0.780489218262554,0.15567416945951676,0.5114670481985548,0.9361633877220708,1.2919562664611088,0.6671412176580716,1.4476304359206256,1.1367137117220327,0.5756665166451294,1.3332345705658395,1.1367137117220327,0.5756665166451294,1.3332345705658395,1.712380228367162,2.469948282287872,1.9089010872109688,3.0456147989330016
274,13700,Normal Traffic,0.2,0.7387518213429322,0.12343310512034063,0.49692592801010804,0.7387518213429322,0.12343310512034063,0.49692592801010804,0.8621849264632728,1.2356777493530402,0.6203590331304487,1.3591108544733808,0.9490605241311855,0.04114179567222798,1.2267217708920657,0.9490605241311855,0.04114179567222798,1.2267217708920657,0.9902023198034134,2.175782295023251,1.2678635665642937,2.2169240906954792
275,13750,Normal Traffic,0.12,1.1460011158972168,0.07574636893024321,0.15738815811998524,1.1460011158972168,0.07574636893024321,0.15738815811998524,1.2217474848274599,1.303389274017202,0.23313452705022847,1.379135642947445,2.7800714138234355,-0.7494567741506543,-1.2603712451412172,2.7800714138234355,-0.7494567741506543,-1.2603712451412172,2.0306146396727813,1.5197001686822182,-2.0098280192918714,0.7702433945315641
276,13800,Normal Traffic,0.18,0.8416739183095936,0.039737208107709004,0.20952900039192746,0.8416739183095936,0.039737208107709004,0.20952900039192746,0.8814111264173026,1.051202918701521,0.24926620849963646,1.09094012680923,1.4118028366554347,-1.3464527801958217,-0.8784428231379577,1.4118028366554347,-1.3464527801958217,-0.8784428231379577,0.065350056459613,0.533360013517477,-2.2248956033337794,-0.8130927666783447
277,13850,Normal Traffic,0.18,0.9427565143428535,0.09019179492717244,0.3837184379747053,0.9427565143428535,0.09019179492717244,0.3837184379747053,1.0329483092700258,1.3264749523175587,0.4739102329018777,1.4166667472447312,1.8662746714018312,-0.5099660048908761,0.3974839576119054,1.8662746714018312,-0.5099660048908761,0.3974839576119054,1.3563086665109552,2.263758629013737,-0.11248204727897065,1.7537926241228605
278,13900,Normal Traffic,0.16,0.9938996766316568,0.03360791557075554,0.22604536129906594,0.9938996766316568,0.03360791557075554,0.22604536129906594,1.0275075922024124,1.2199450379307226,0.2596532768698215,1.2535529535014782,2.0962165972352094,-1.4480703430842576,-0.7574615082293914,2.0962165972352094,-1.4480703430842576,-0.7574615082293914,0.6481462541509517,1.338755089005818,-2.205531851313649,-0.10931525407843967
279,13950,Normal Traffic,0.22,0.8625911297074849,0.09828892297048206,0.291907066160182,0.8625911297074849,0.09828892297048206,0.291907066160182,0.960880052677967,1.1544981958676668,0.3901959891306641,1.252787118838149,1.5058475467720007,-0.37572369010560297,-0.2750286223765583,1.5058475467720007,-0.37572369010560297,-0.2750286223765583,1.1301238566663978,1.2308189243954424,-0.6507523124821613,0.8550952342898395
280,14000,Normal Traffic,0.2,0.8390295557834773,0.08113002330361158,0.31698977051772276,0.8390295557834773,0.08113002330361158,0.31698977051772276,0.9201595790870889,1.1560193263012,0.39811979382133433,1.2371493496048116,1.399913665461382,-0.6602011490426899,-0.09129937525611333,1.399913665461382,-0.6602011490426899,-0.09129937525611333,0.7397125164186921,1.3086142902052686,-0.7515005242988032,0.6484131411625788
281,14050,Normal Traffic,0.26,0.845522600295737,0.07145724080154096,0.41566763834164366,0.845522600295737,0.07145724080154096,0.41566763834164366,0.9169798410972779,1.2611902386373806,0.48712487914318464,1.3326474794389216,1.4291066815529527,-0.820566244734285,0.6315098603153795,1.4291066815529527,-0.820566244734285,0.6315098603153795,0.6085404368186678,2.060616541868332,-0.1890563844189055,1.2400502971340472
282,14100,Sybil Attack,0.72,0.7202576656605735,0.33773134549174816,0.5362381200877299,0.7202576656605735,0.33773134549174816,0.5362381200877299,1.0579890111523216,1.2564957857483035,0.8739694655794781,1.5942271312400513,0.8659099799734011,3.5939930891180025,1.514681129265811,0.8659099799734011,3.5939930891180025,1.514681129265811,4.459903069091403,2.3805911092392122,5.108674218383814,5.974584198357214
283,14150,Sybil Attack,1.0,1.3910916161205977,0.2728468649934915,0.9037972212983175,1.3910916161205977,0.2728468649934915,0.9037972212983175,1.6639384811140892,2.2948888374189154,1.176644086291809,2.567735702412407,3.8820091725131882,2.5182730549111985,4.207028651887965,3.8820091725131882,2.5182730549111985,4.207028651887965,6.400282227424387,8.089037824401153,6.725301706799163,10.607310879312351
284,14200,Flooding Attack,1.0,0.6114047589225827,0.30086085035482224,0.5820943744842327,0.6114047589225827,0.30086085035482224,0.5820943744842327,0.912265609277405,1.1934991334068155,0.882955224839055,1.4943599837616377,0.3765024836877357,2.9827170183944123,1.8505753365226207,0.3765024836877357,2.9827170183944123,1.8505753365226207,3.359219502082148,2.2270778202103565,4.833292354917033,5.209794838604768
285,14250,Flooding Attack,1.0,1.1811590464065098,0.1806175485014279,0.5681454980595386,1.1811590464065098,0.1806175485014279,0.5681454980595386,1.3617765949079377,1.7493045444660484,0.7487630465609665,1.9299220929674763,2.9381430286362096,0.9892028869782299,1.7484006855299057,2.9381430286362096,0.9892028869782299,1.7484006855299057,3.9273459156144392,4.686543714166115,2.7376035725081356,5.675746601144345
286,14300,Flooding Attack,1.0,1.0489001418493267,0.16852665458443214,0.5880996405308766,1.0489001418493267,0.16852665458443214,0.5880996405308766,1.2174267964337588,1.6369997823802032,0.7566262951153088,1.8055264369646356,2.343501128106925,0.7887479134914505,1.8945635362709523,2.343501128106925,0.7887479134914505,1.8945635362709523,3.1322490415983752,4.238064664377877,2.6833114497624027,5.026812577869327
287,14350,Flooding Attack,1.0,1.0391809192927752,0.18041777363090902,0.503390317397839,1.0391809192927752,0.18041777363090902,0.503390317397839,1.2195986929236842,1.5425712366906144,0.6838080910287481,1.7229890103215233,2.2998030724482525,0.9858908186855049,1.2740730205169548,2.2998030724482525,0.9858908186855049,1.2740730205169548,3.285693891133757,3.5738760929652074,2.2599638392024595,4.559766911650712
288,14400,Flooding Attack,1.0,1.1068778602619571,0.17604224650710004,0.7233559096878315,1.1068778602619571,0.17604224650710004,0.7233559096878315,1.2829201067690572,1.8302337699497886,0.8993981561949316,2.006276016456889,2.604171521383412,0.9133489388530377,2.8853072832886717,2.604171521383412,0.9133489388530377,2.8853072832886717,3.5175204602364496,5.489478804672084,3.7986562221417093,6.402827743525121
289,14450,Flooding Attack,1.0,1.3645379243625788,0.14700471994118872,0.5249914552884998,1.3645379243625788,0.14700471994118872,0.5249914552884998,1.5115426443037676,1.8895293796510786,0.6719961752296885,2.0365340995922674,3.7626225967213838,0.43193568207891025,1.4323000101199668,3.7626225967213838,0.43193568207891025,1.4323000101199668,4.194558278800294,5.1949226068413505,1.864235692198877,5.6268582889202605
290,14500,Flooding Attack,1.0,1.3233400798543178,0.11117315483452588,0.2881165578453714,1.3233400798543178,0.11117315483452588,0.2881165578453714,1.4345132346888436,1.611456637699689,0.39928971267989727,1.722629792534215,3.577395260700992,-0.16211596395774552,-0.3027938596873659,3.577395260700992,-0.16211596395774552,-0.3027938596873659,3.4152792967432464,3.274601401013626,-0.4649098236451114,3.1124854370558803
291,14550,Wormhole Attack,1.0,0.910810241753046,0.14263679871541152,0.5662018957248051,0.910810241753046,0.14263679871541152,0.5662018957248051,1.0534470404684575,1.477012137477851,0.7088386944402165,1.6196489361932627,1.7226428130310676,0.3595199004571106,1.7341639194869818,1.7226428130310676,0.3595199004571106,1.7341639194869818,2.082162713488178,3.456806732518049,2.0936838199440926,3.81632663297516
292,14600,Wormhole Attack,1.0,1.2639374647762247,0.17493387557344564,0.8066360195264621,1.2639374647762247,0.17493387557344564,0.8066360195264621,1.4388713403496705,2.070573484302687,0.9815698950999078,2.2455073598761324,3.310318468822873,0.8949732531804588,3.495328900680959,3.310318468822873,0.8949732531804588,3.495328900680959,4.205291722003332,6.805647369503832,4.390302153861418,7.700620622684291
293,14650,Wormhole Attack,1.0,0.8799337419807451,0.1764532305810951,0.5335273529412387,0.8799337419807451,0.1764532305810951,0.5335273529412387,1.0563869725618402,1.413461094921984,0.7099805835223337,1.589914325503079,1.583820700691896,0.9201626452854765,1.4948249287603048,1.583820700691896,0.9201626452854765,1.4948249287603048,2.503983345977373,3.078645629452201,2.4149875740457816,3.9988082747376774
294,14700,Wormhole Attack,1.0,0.3934864438725066,0.18606485916838805,0.8536690014162198,0.3934864438725066,0.18606485916838805,0.8536690014162198,0.5795513030408946,1.2471554452887263,1.0397338605846078,1.4332203044571146,-0.6032679253851018,1.079513870005287,3.8398425635323417,-0.6032679253851018,1.079513870005287,3.8398425635323417,0.4762459446201853,3.23657463814724,4.9193564335376285,4.316088508152527
295,14750,Wormhole Attack,1.0,0.4505281661842427,0.20978065832145912,0.9730820417588416,0.4505281661842427,0.20978065832145912,0.9730820417588416,0.6603088245057018,1.4236102079430843,1.1828627000803007,1.6333908662645436,-0.3468058120893641,1.4726981889714956,4.714535646294664,-0.3468058120893641,1.4726981889714956,4.714535646294664,1.1258923768821316,4.367729834205299,6.187233835266159,5.840428023176795
296,14800,Wormhole Attack,1.0,0.39511835809974216,0.20636702443066499,0.8257878448117323,0.39511835809974216,0.20636702443066499,0.8257878448117323,0.6014853825304072,1.2209062029114746,1.0321548692423972,1.4272732273421394,-0.5959307666445757,1.4161035404889015,3.635614828007098,-0.5959307666445757,1.4161035404889015,3.635614828007098,0.8201727738443259,3.0396840613625224,5.051718368495999,4.455787601851424
297,14850,Wormhole Attack,1.0,0.570569355291626,0.21049132272891755,0.6794646931842798,0.570569355291626,0.21049132272891755,0.6794646931842798,0.7810606780205436,1.2500340484759058,0.8899560159131974,1.4605253712048234,0.19290469792584122,1.484480296724077,2.5638068562035974,0.19290469792584122,1.484480296724077,2.5638068562035974,1.6773849946499184,2.7567115541294385,4.048287152927674,4.241191850853516
298,14900,Wormhole Attack,1.0,0.7087664499474093,0.21049021842450505,0.7738297480517534,0.7087664499474093,0.21049021842450505,0.7738297480517534,0.9192566683719143,1.4825961979991629,0.9843199664762585,1.6930864164236676,0.8142449644952673,1.4844619884572734,3.255025005496503,0.8142449644952673,1.4844619884572734,3.255025005496503,2.2987069529525406,4.069269969991771,4.7394869939537765,5.553731958449044
299,14950,Wormhole Attack,1.0,0.3540140520037735,0.21055014629120505,0.9308728404076921,0.3540140520037735,0.21055014629120505,0.9308728404076921,0.5645641982949785,1.2848868924114656,1.1414229866988972,1.4954370387026708,-0.7807375498149023,1.4854555327735943,4.405355875435126,-0.7807375498149023,1.4854555327735943,4.405355875435126,0.704717982958692,3.624618325620224,5.89081140820872,5.110073858393818
300,15000,Wormhole Attack,1.0,0.20554816346953603,0.14842225742511733,0.9427195923371872,0.20554816346953603,0.14842225742511733,0.9427195923371872,0.35397042089465336,1.1482677558067231,1.0911418497623044,1.2966900132318404,-1.448246769079588,0.4554370410940616,4.492132595433201,-1.448246769079588,0.4554370410940616,4.492132595433201,-0.9928097279855264,3.0438858263536135,4.947569636527263,3.499322867447675
301,15050,Wormhole Attack,1.0,0.5274163333237828,0.21083905947333703,0.7655217836150923,0.5274163333237828,0.21083905947333703,0.7655217836150923,0.7382553927971198,1.292938116938875,0.9763608430884293,1.503777176412212,-0.0011132026643281515,1.4902454254533106,3.1941696834669115,-0.0011132026643281515,1.4902454254533106,3.1941696834669115,1.4891322227889825,3.1930564808025834,4.684415108920222,4.683301906255894
302,15100,Wormhole Attack,1.0,0.2442158790301987,0.20702612994596056,0.8774623305328877,0.2442158790301987,0.20702612994596056,0.8774623305328877,0.4512420089761593,1.1216782095630864,1.0844884604788483,1.328704339509047,-1.2743950050180095,1.427030853183941,4.014127217323276,-1.2743950050180095,1.427030853183941,4.014127217323276,0.15263584816593156,2.7397322123052668,5.441158070507218,4.166763065489207
303,15150,Wormhole Attack,1.0,0.7543550764811984,0.14807968289195403,0.3546355375616973,0.7543550764811984,0.14807968289195403,0.3546355375616973,0.9024347593731524,1.1089906140428956,0.5027152204536514,1.2570702969348497,1.019213451232214,0.44975749668370435,0.18445352354093056,1.019213451232214,0.44975749668370435,0.18445352354093056,1.4689709479159183,1.2036669747731445,0.6342110202246349,1.653424471456849
304,15200,Wormhole Attack,1.0,1.0522504330898588,0.20738065874178538,0.22999510474853893,1.0522504330898588,0.20738065874178538,0.22999510474853893,1.2596310918316442,1.2822455378383977,0.4373757634903243,1.4896261965801831,2.3585641861087043,1.4329085873577119,-0.728529883475284,2.3585641861087043,1.4329085873577119,-0.728529883475284,3.791472773466416,1.6300343026334203,0.7043787038824278,3.062942889991132
305,15250,Wormhole Attack,1.0,0.9230940290402967,0.2076973669645562,0.2841092371026765,0.9230940290402967,0.2076973669645562,0.2841092371026765,1.1307913960048528,1.2072032661429732,0.4918066040672327,1.4149006331075293,1.7778712654565907,1.4381592941155747,-0.33214723452807077,1.7778712654565907,1.4381592941155747,-0.33214723452807077,3.2160305595721654,1.44572403092852,1.106012059587504,2.8838833250440947
306,15300,Wormhole Attack,1.0,0.7692686448214594,0.1552826194886207,0.299430937322257,0.7692686448214594,0.1552826194886207,0.299430937322257,0.9245512643100802,1.0686995821437164,0.4547135568108777,1.2239822016323372,1.0862655159020218,0.5691750082774653,-0.21991673474536355,1.0862655159020218,0.5691750082774653,-0.21991673474536355,1.655440524179487,0.8663487811566583,0.3492582735321017,1.4355237894341233
307,15350,Wormhole Attack,1.0,0.8046372407325573,0.15326294774518195,0.5260615381921067,0.8046372407325573,0.15326294774518195,0.5260615381921067,0.9579001884777392,1.3306987789246638,0.6793244859372887,1.483961726669846,1.245284291704254,0.5356908632206696,1.4401383007378221,1.245284291704254,0.5356908632206696,1.4401383007378221,1.7809751549249235,2.685422592442076,1.9758291639584917,3.2211134556627457
308,15400,Wormhole Attack,1.0,0.8626567706511467,0.1838128021053662,0.4904118193664201,0.8626567706511467,0.1838128021053662,0.4904118193664201,1.046469572756513,1.3530685900175667,0.6742246214717863,1.536881392122933,1.506142671365859,1.042177007904116,1.1790063308140997,1.506142671365859,1.042177007904116,1.1790063308140997,2.5483196792699747,2.6851490021799584,2.2211833387182156,3.7273260100840746
309,15450,Wormhole Attack,1.0,0.8201007563510552,0.18126880058162367,0.857619088162976,0.8201007563510552,0.18126880058162367,0.857619088162976,1.0013695569326788,1.6777198445140313,1.0388878887445998,1.8589886450956548,1.314808943727001,0.9999999975446663,3.8687767029176663,1.314808943727001,0.9999999975446663,3.8687767029176663,2.314808941271667,5.1835856466446675,4.868776700462332,6.183585644189334
310,15500,Wormhole Attack,1.0,1.3970481848863334,0.18888445482253222,0.9021836247696867,1.3970481848863334,0.18888445482253222,0.9021836247696867,1.5859326397088656,2.2992318096560203,1.091068079592219,2.488116264478552,3.9087901698558585,1.126259956438187,4.195209157820039,3.9087901698558585,1.126259956438187,4.195209157820039,5.0350501262940455,8.103999327675897,5.321469114258226,9.230259284114084
311,15550,Wormhole Attack,1.0,1.3326630990601218,0.20715237377159232,0.9020938022545633,1.3326630990601218,0.20715237377159232,0.9020938022545633,1.5398154728317142,2.234756901314685,1.1092461760261556,2.441909275086277,3.619311968523212,1.4291238500205365,4.194551213491435,3.619311968523212,1.4291238500205365,4.194551213491435,5.048435818543749,7.8138631820146465,5.623675063511971,9.242987032035185
312,15600,Wormhole Attack,1.0,0.5390283679095723,0.17842396802020227,0.47505402402868097,0.5390283679095723,0.17842396802020227,0.47505402402868097,0.7174523359297746,1.0140823919382533,0.6534779920488832,1.1925063599584556,0.0510950198234079,0.9528355083357701,1.0665114365390973,0.0510950198234079,0.9528355083357701,1.0665114365390973,1.003930528159178,1.1176064563625052,2.0193469448748673,2.0704419646982752
313,15650,Wormhole Attack,1.0,0.594038848683389,0.1648165249415328,0.8899940592565138,0.594038848683389,0.1648165249415328,0.8899940592565138,0.7588553736249217,1.4840329079399028,1.0548105841980466,1.6488494328814354,0.29842458107974607,0.7272376608744383,4.105921349673972,0.29842458107974607,0.7272376608744383,4.105921349673972,1.0256622419541843,4.404345930753718,4.83315901054841,5.131583591628156
314,15700,Wormhole Attack,1.0,0.7157032686112259,0.16455318211448755,0.7778912310939103,0.7157032686112259,0.16455318211448755,0.7778912310939103,0.8802564507257135,1.4935944997051362,0.9424444132083979,1.658147681819624,0.8454332088534795,0.7228716992031441,3.2847751158072205,0.8454332088534795,0.7228716992031441,3.2847751158072205,1.5683049080566236,4.1302083246607,4.007646815010364,4.8530800238638445
315,15750,Wormhole Attack,1.0,0.6428769995162913,0.14417923072471578,0.918286014154366,0.6428769995162913,0.14417923072471578,0.918286014154366,0.7870562302410071,1.5611630136706571,1.0624652448790817,1.7053422443953732,0.5180030731808712,0.3850918862550863,4.313158157111175,0.5180030731808712,0.3850918862550863,4.313158157111175,0.9030949594359575,4.831161230292047,4.6982500433662615,5.216253116547133
316,15800,Wormhole Attack,1.0,0.5034197537777023,0.18526058977426205,0.9075336472999783,0.5034197537777023,0.18526058977426205,0.9075336472999783,0.6886803435519644,1.4109534010776805,1.0927942370742403,1.5962139908519428,-0.10900288854414718,1.0661798848440132,4.234397739623515,-0.10900288854414718,1.0661798848440132,4.234397739623515,0.957176996299866,4.125394851079368,5.300577624467528,5.191574735923381
317,15850,Wormhole Attack,1.0,0.754395704220571,0.15307954679117763,0.6536358627033089,0.754395704220571,0.15307954679117763,0.6536358627033089,0.9074752510117486,1.4080315669238799,0.8067154094944865,1.5611111137150575,1.0193961153502606,0.5326502581483922,2.374612281702155,1.0193961153502606,0.5326502581483922,2.374612281702155,1.5520463734986527,3.3940083970524153,2.907262539850547,3.9266586552008076
318,15900,Wormhole Attack,1.0,0.49284739047321374,0.14473040816018268,0.7992640339644761,0.49284739047321374,0.14473040816018268,0.7992640339644761,0.6375777986333964,1.29211142443769,0.9439944421246588,1.4368418325978725,-0.1565367028420648,0.3942298589286966,3.441329565610086,-0.1565367028420648,0.3942298589286966,3.441329565610086,0.2376931560866318,3.284792862768021,3.8355594245387827,3.6790227216967177
319,15950,Wormhole Attack,1.0,0.5829855149711485,0.15193698944405765,0.833954870097215,0.5829855149711485,0.15193698944405765,0.833954870097215,0.7349225044152061,1.4169403850683635,0.9858918595412727,1.5688773745124212,0.2487283024976918,0.513707795804717,3.695437779532828,0.2487283024976918,0.513707795804717,3.695437779532828,0.7624360983024088,3.9441660820305198,4.209145575337545,4.457873877835237
320,16000,Wormhole Attack,1.0,0.8024881998650369,0.1371347710182495,0.9615757387205196,0.8024881998650369,0.1371347710182495,0.9615757387205196,0.9396229708832864,1.7640639385855565,1.098710509738769,1.9011987096038059,1.2356221086546062,0.2683017635906695,4.630252693219269,1.2356221086546062,0.2683017635906695,4.630252693219269,1.5039238722452757,5.8658748018738756,4.898554456809938,6.134176565464545
321,16050,Wormhole Attack,1.0,0.520092413296185,0.20669768911882422,0.31848068719226863,0.520092413296185,0.20669768911882422,0.31848068719226863,0.7267901024150093,0.8385731004884537,0.5251783763110929,1.045270789607278,-0.03404187192192243,1.4215856315363469,-0.08037850347813541,-0.03404187192192243,1.4215856315363469,-0.08037850347813541,1.3875437596144244,-0.11442037540005784,1.3412071280582114,1.307165256136289
322,16100,Wormhole Attack,1.0,0.4294055065119488,0.1826490234407088,0.4781459159662505,0.4294055065119488,0.1826490234407088,0.4781459159662505,0.6120545299526576,0.9075514224781993,0.6607949394069593,1.090200445918908,-0.4417742267592098,1.0228827172611006,1.0891593524005558,-0.4417742267592098,1.0228827172611006,1.0891593524005558,0.5811084905018908,0.6473851256413461,2.1120420696616566,1.6702678429024467
323,16150,Wormhole Attack,1.0,0.7247132721785531,0.2083894391028638,0.8340595328997178,0.7247132721785531,0.2083894391028638,0.8340595328997178,0.9331027112814169,1.558772805078271,1.0424489720025816,1.7671622441811348,0.8859425844829639,1.449633160571419,3.696204428042145,0.8859425844829639,1.449633160571419,3.696204428042145,2.335575745054383,4.582147012525109,5.145837588613564,6.031780173096529
324,16200,Sybil Attack,1.0,1.4783470207699914,0.1474890197894119,0.24708560135285215,1.4783470207699914,0.1474890197894119,0.24708560135285215,1.6258360405594032,1.7254326221228435,0.39457462114226405,1.8729216419122554,4.274313341566199,0.4399648909944534,-0.6033430603454651,4.274313341566199,0.4399648909944534,-0.6033430603454651,4.714278232560652,3.6709702812207334,-0.16337816935101174,4.110935172215187
325,16250,Sybil Attack,1.0,1.1898878198150502,0.21337908742971204,0.58184825762277,1.1898878198150502,0.21337908742971204,0.58184825762277,1.4032669072447623,1.7717360774378204,0.795227345052482,1.9851151648675325,2.977387980999321,1.5323565580251648,1.848772545842014,2.977387980999321,1.5323565580251648,1.848772545842014,4.509744539024486,4.826160526841335,3.3811291038671785,6.3585170848665
326,16300,Sybil Attack,1.0,0.8331548654116325,0.17981813924198456,0.7875122155619345,0.8331548654116325,0.17981813924198456,0.7875122155619345,1.0129730046536172,1.620667080973567,0.967330354803919,1.8004852202155517,1.3735007970089257,0.97594947800724,3.3552482277839264,1.3735007970089257,0.97594947800724,3.3552482277839264,2.3494502750161654,4.728749024792852,4.331197705791166,5.704698502800092
327,16350,Flooding Attack,1.0,0.7806017403819463,0.1721608172658774,0.7039988362210495,0.7806017403819463,0.1721608172658774,0.7039988362210495,0.9527625576478237,1.484600576602996,0.8761596534869269,1.6567613938688732,1.1372196161611405,0.8489987095828582,2.743517925817024,1.1372196161611405,0.8489987095828582,2.743517925817024,1.9862183257439987,3.8807375419781645,3.5925166353998823,4.729736251561023
328,16400,Flooding Attack,1.0,0.6701026193839766,0.1324523276522497,0.4548357736434921,0.6701026193839766,0.1324523276522497,0.4548357736434921,0.8025549470362263,1.1249383930274688,0.5872881012957418,1.2573907206797184,0.640410667553533,0.19067151828139164,0.9184140117792892,0.640410667553533,0.19067151828139164,0.9184140117792892,0.8310821858349247,1.5588246793328222,1.1090855300606808,1.7494961976142138
329,16450,Flooding Attack,1.0,0.8737408935535931,0.19561358606076565,0.7085697272267734,0.8737408935535931,0.19561358606076565,0.7085697272267734,1.0693544796143588,1.5823106207803663,0.904183313287539,1.7779242068411323,1.55597737951257,1.23782224730016,2.776999417731941,1.55597737951257,1.23782224730016,2.776999417731941,2.79379962681273,4.332976797244511,4.014821665032101,5.570799044544671
330,16500,Flooding Attack,1.0,0.764360445983138,0.17976774517927002,0.4805276493490347,0.764360445983138,0.17976774517927002,0.4805276493490347,0.944128191162408,1.2448880953321728,0.6602953945283048,1.4246558405114427,1.0641980362478773,0.9751139946612871,1.1066054010810689,1.0641980362478773,0.9751139946612871,1.1066054010810689,2.0393120309091644,2.170803437328946,2.081719395742356,3.145917431990233
331,16550,Flooding Attack,1.0,0.6944029082929041,0.1988061618924131,0.5473779858733903,0.6944029082929041,0.1988061618924131,0.5473779858733903,0.8932090701853171,1.2417808941662942,0.7461841477658033,1.4405870560587073,0.7496658441981252,1.2907519734296602,1.5962799522893292,0.7496658441981252,1.2907519734296602,1.5962799522893292,2.0404178176277856,2.345945796487454,2.8870319257189894,3.636697769917115
332,16600,Flooding Attack,1.0,0.6937067753786805,0.1465224042443912,0.2997322814352109,0.6937067753786805,0.1465224042443912,0.2997322814352109,0.8402291796230718,0.9934390568138914,0.44625468567960214,1.1399614610582827,0.7465359997425037,0.4239393684169484,-0.21770940788746218,0.7465359997425037,0.4239393684169484,-0.21770940788746218,1.1704753681594522,0.5288265918550416,0.20622996052948622,0.95276596027199
333,16650,Flooding Attack,1.0,1.029043330989044,0.08488758372928347,0.23593266577282618,1.029043330989044,0.08488758372928347,0.23593266577282618,1.1139309147183276,1.2649759967618703,0.32082024950210963,1.3498635804911538,2.254224025835873,-0.5979045413084797,-0.6850376187986472,2.254224025835873,-0.5979045413084797,-0.6850376187986472,1.6563194845273932,1.5691864070372255,-1.282942160107127,0.971281865728746
334,16700,Flooding Attack,1.0,0.2258079864089649,0.26261811264567664,0.513643979411948,0.2258079864089649,0.26261811264567664,0.513643979411948,0.4884260990546415,0.7394519658209129,0.7762620920576246,1.0020700784665895,-1.357157706627237,2.3486905331588677,1.3491804561118481,-1.357157706627237,2.3486905331588677,1.3491804561118481,0.9915328265316308,-0.007977250515388778,3.697870989270716,2.340713282643479
335,16750,Flooding Attack,1.0,1.2537441265286624,0.09372825652134327,0.49610644979741525,1.2537441265286624,0.09372825652134327,0.49610644979741525,1.3474723830500057,1.7498505763260777,0.5898347063187586,1.843578832847421,3.264488767990536,-0.45133499547476924,1.22071914402602,3.264488767990536,-0.45133499547476924,1.22071914402602,2.8131537725157667,4.485207912016556,0.7693841485512509,4.033872916541787
336,16800,Flooding Attack,1.0,1.3818052599140902,0.09558953684834613,0.5910440581414282,1.3818052599140902,0.09558953684834613,0.5910440581414282,1.4773947967624363,1.9728493180555184,0.6866335949897744,2.0684388549038646,3.8402573031617973,-0.4204768222774703,1.9161312118725744,3.8402573031617973,-0.4204768222774703,1.9161312118725744,3.419780480884327,5.756388515034372,1.4956543895951042,5.335911692756901
337,16850,Flooding Attack,1.0,1.3821492282516543,0.10020226669571275,0.726395593864135,1.3821492282516543,0.10020226669571275,0.726395593864135,1.482351494947367,2.1085448221157894,0.8265978605598477,2.208747088811502,3.8418038000623715,-0.34400235764290665,2.9075727805506633,3.8418038000623715,-0.34400235764290665,2.9075727805506633,3.497801442419465,6.749376580613035,2.5635704229077567,6.405374222970128
338,16900,Flooding Attack,1.0,0.9421018746671928,0.10284504867768625,0.3132239173530436,0.9421018746671928,0.10284504867768625,0.3132239173530436,1.044946923344879,1.2553257920202363,0.41606896603072985,1.3581708406979225,1.8633313823870001,-0.300187665713208,-0.11888401512787565,1.8633313823870001,-0.300187665713208,-0.11888401512787565,1.563143716673792,1.7444473672591245,-0.41907168084108365,1.4442597015459164
339,16950,Flooding Attack,1.0,0.8397826823528463,0.10235588946213972,0.26583581336250145,0.8397826823528463,0.10235588946213972,0.26583581336250145,0.942138571814986,1.1056184957153476,0.3681917028246412,1.2079743851774873,1.4032997559181877,-0.308297438096982,-0.46599892524840913,1.4032997559181877,-0.308297438096982,-0.46599892524840913,1.0950023178212056,0.9373008306697785,-0.7742963633453912,0.6290033925727965
340,17000,Flooding Attack,1.0,0.2471388562446938,0.11125786678173062,0.7881886045735137,0.2471388562446938,0.11125786678173062,0.7881886045735137,0.35839672302642445,1.0353274608182075,0.8994464713552444,1.1465853275999383,-1.2612531698285334,-0.16071152428210903,3.3602027351642527,-1.2612531698285334,-0.16071152428210903,3.3602027351642527,-1.4219646941106425,2.0989495653357193,3.199491210882144,1.9382380410536102
341,17050,Flooding Attack,1.0,0.8445568690734883,0.11346794105112336,0.2722740014269679,0.8445568690734883,0.11346794105112336,0.2722740014269679,0.9580248101246116,1.1168308705004562,0.38574194247809124,1.2302988115515796,1.424764711147851,-0.12407069506664496,-0.41883959868445997,1.424764711147851,-0.12407069506664496,-0.41883959868445997,1.300694016081206,1.005925112463391,-0.5429102937511049,0.881854417396746
342,17100,Flooding Attack,1.0,0.8562764173828374,0.17223415057877678,0.41969331731542736,0.8562764173828374,0.17223415057877678,0.41969331731542736,1.0285105679616142,1.2759697346982648,0.5919274678942041,1.4482038852770416,1.4774563201049105,0.8502145028396562,0.6609977080553511,1.4774563201049105,0.8502145028396562,0.6609977080553511,2.3276708229445666,2.1384540281602615,1.5112122108950072,2.9886685309999175
343,17150,Flooding Attack,1.0,0.7804969379607012,0.11042437582695347,0.30423950134243716,0.7804969379607012,0.11042437582695347,0.30423950134243716,0.8909213137876546,1.0847364393031382,0.4146638771693906,1.1951608151300919,1.1367484198272686,-0.17452997380191415,-0.18469430280322904,1.1367484198272686,-0.17452997380191415,-0.18469430280322904,0.9622184460253544,0.9520541170240395,-0.3592242766051432,0.7775241432221254
344,17200,Flooding Attack,1.0,0.8182847548151705,0.0622171726873493,0.1398994897189845,0.8182847548151705,0.0622171726873493,0.1398994897189845,0.8805019275025198,0.958184244534155,0.2021166624063338,1.0204014172215043,1.3066441202825751,-0.9737573670418531,-1.3884746518812878,1.3066441202825751,-0.9737573670418531,-1.3884746518812878,0.33288675324072203,-0.08183053159871267,-2.362232018923141,-1.0555878986405658
345,17250,Flooding Attack,1.0,0.3673003976665845,0.12191321814318375,0.8161125682432807,0.3673003976665845,0.12191321814318375,0.8161125682432807,0.48921361580976824,1.1834129659098651,0.9380257863864645,1.305326184053049,-0.7210015504697159,0.015943584042844516,3.564744029776393,-0.7210015504697159,0.015943584042844516,3.564744029776393,-0.7050579664268715,2.8437424793066772,3.5806876138192374,2.8596860633495216
346,17300,Flooding Attack,1.0,0.801212542372413,0.1262334879624621,0.34404245176011583,0.801212542372413,0.1262334879624621,0.34404245176011583,0.927446030334875,1.1452549941325287,0.4702759397225779,1.2714884820949908,1.2298866959927666,0.08756935282589867,0.10685982984411332,1.2298866959927666,0.08756935282589867,0.10685982984411332,1.3174560488186653,1.3367465258368798,0.194429182670012,1.4243158786627785
347,17350,Flooding Attack,1.0,0.6583981376636509,0.12998976031318824,0.6325791783942616,0.6583981376636509,0.12998976031318824,0.6325791783942616,0.7883878979768391,1.2909773160579125,0.7625689387074498,1.4209670763711006,0.587786798648921,0.14984460556097712,2.2203733806726866,0.587786798648921,0.14984460556097712,2.2203733806726866,0.7376314042098981,2.8081601793216078,2.370217986233664,2.9580047848825846
348,17400,Flooding Attack,1.0,1.0764223723927033,0.22551387836912692,0.40969812343864637,1.0764223723927033,0.22551387836912692,0.40969812343864637,1.3019362507618302,1.4861204958313496,0.6352120018077733,1.7116343742004765,2.4672422972320835,1.7335393004036064,0.5877835354674673,2.4672422972320835,1.7335393004036064,0.5877835354674673,4.2007815976356895,3.0550258326995507,2.3213228358710736,4.788565133103157
349,17450,Flooding Attack,1.0,1.1847383046106195,0.30249697710840473,0.39627331082541306,1.1847383046106195,0.30249697710840473,0.39627331082541306,1.4872352817190242,1.5810116154360325,0.6987702879338178,1.8835085925444373,2.9542355322608453,3.0098423696928283,0.4894476192519224,2.9542355322608453,3.0098423696928283,0.4894476192519224,5.964077901953674,3.4436831515127677,3.4992899889447506,6.453525521205597
350,17500,Flooding Attack,1.0,1.1119072012907583,0.39028828891820583,0.4658912800276022,1.1119072012907583,0.39028828891820583,0.4658912800276022,1.502195490208964,1.5777984813183605,0.856179568945808,1.9680867702365663,2.6267836616985707,4.4653348421283106,0.9993949074408517,2.6267836616985707,4.4653348421283106,0.9993949074408517,7.092118503826882,3.626178569139422,5.4647297495691625,8.091513411267734
351,17550,Flooding Attack,1.0,1.0793965746178704,0.34734023604746256,0.5896399202801038,1.0793965746178704,0.34734023604746256,0.5896399202801038,1.426736810665333,1.6690364948979743,0.9369801563275664,2.016376730945437,2.480614442341354,3.753298920002481,1.905845989496348,2.480614442341354,3.753298920002481,1.905845989496348,6.233913362343834,4.386460431837702,5.659144909498829,8.139759351840182
352,17600,Flooding Attack,1.0,0.9293546597453896,0.3528226742843028,0.4664561562693987,0.9293546597453896,0.3528226742843028,0.4664561562693987,1.2821773340296923,1.3958108160147882,0.8192788305537015,1.748633490299091,1.8060193387636612,3.844192283136196,1.0035325907281918,1.8060193387636612,3.844192283136196,1.0035325907281918,5.650211621899857,2.809551929491853,4.847724873864387,6.653744212628048
353,17650,Flooding Attack,1.0,1.0308485020761171,0.38278265809426965,0.4890134339451759,1.0308485020761171,0.38278265809426965,0.4890134339451759,1.4136311601703868,1.519861936021293,0.8717960920394455,1.9026445941155627,2.2623401551021143,4.340898961858217,1.168763244703165,2.2623401551021143,4.340898961858217,1.168763244703165,6.6032391169603315,3.4311033998052793,5.509662206561382,7.772002361663496
354,17700,Flooding Attack,1.0,0.6650865364241236,0.4057316095966155,0.5499754877377626,0.6650865364241236,0.4057316095966155,0.5499754877377626,1.070818146020739,1.2150620241618864,0.9557070973343781,1.6207936337585016,0.6178581361043561,4.721369710880813,1.6153064916581437,0.6178581361043561,4.721369710880813,1.6153064916581437,5.339227846985169,2.2331646277624997,6.336676202538957,6.954534338643313
355,17750,Flooding Attack,1.0,0.7622743239217465,0.41103011069233714,0.5201493800190558,0.7622743239217465,0.41103011069233714,0.5201493800190558,1.1733044346140837,1.2824237039408022,0.9311794907113928,1.6934538146331395,1.054818738941014,4.809213579494165,1.3968321103642523,1.054818738941014,4.809213579494165,1.3968321103642523,5.8640323184351795,2.451650849305266,6.206045689858417,7.260864428799431
356,17800,Flooding Attack,1.0,0.8325130736344311,0.4548597780249653,0.6144984135431572,0.8325130736344311,0.4548597780249653,0.6144984135431572,1.2873728516593963,1.4470114871775883,1.0693581915681225,1.9018712652025536,1.3706152727153673,5.535865790936228,2.0879329043148602,1.3706152727153673,5.535865790936228,2.0879329043148602,6.906481063651595,3.4585481770302273,7.623798695251088,8.994413967966455
357,17850,Flooding Attack,1.0,0.8067357533848278,0.46912068304039595,0.6295027081284917,0.8067357533848278,0.46912068304039595,0.6295027081284917,1.2758564364252238,1.4362384615133195,1.0986233911688876,1.9053591445537155,1.2547192976572286,5.772297386183896,2.197838427596608,1.2547192976572286,5.772297386183896,2.197838427596608,7.027016683841125,3.452557725253836,7.970135813780504,9.224855111437734
358,17900,Flooding Attack,1.0,0.5809769416962867,0.45390287757576475,0.780537125633675,0.5809769416962867,0.45390287757576475,0.780537125633675,1.0348798192720514,1.3615140673299617,1.2344400032094398,1.8154169449057265,0.23969766797432965,5.520001334967066,3.3041561285091032,0.23969766797432965,5.520001334967066,3.3041561285091032,5.759699002941396,3.543853796483433,8.824157463476169,9.063855131450499
359,17950,Flooding Attack,1.0,0.5935032219110487,0.4699213539993203,0.8081752223193415,0.5935032219110487,0.4699213539993203,0.8081752223193415,1.0634245759103689,1.4016784442303902,1.2780965763186618,1.8715997982297103,0.29601637935642766,5.785571712875093,3.5066034652681854,0.29601637935642766,5.785571712875093,3.5066034652681854,6.081588092231521,3.802619844624613,9.292175178143278,9.588191557499707
360,18000,Flooding Attack,1.0,0.5404110804723515,0.4198973637889598,0.8365769551676112,0.5404110804723515,0.4198973637889598,0.8365769551676112,0.9603084442613113,1.3769880356399629,1.256474318956571,1.7968853994289224,0.05731175682852396,4.956223800292275,3.7146443893545804,0.05731175682852396,4.956223800292275,3.7146443893545804,5.0135355571207985,3.771956146183104,8.670868189646855,8.728179946475379
361,18050,Flooding Attack,1.0,0.4729357847419172,0.47761647014825415,0.8763405231970935,0.4729357847419172,0.47761647014825415,0.8763405231970935,0.9505522548901714,1.3492763079390109,1.3539569933453477,1.8268927780872648,-0.24606016528333072,5.913149071025921,4.0059100484613515,-0.24606016528333072,5.913149071025921,4.0059100484613515,5.66708890574259,3.759849883178021,9.919059119487272,9.67299895420394
362,18100,Flooding Attack,1.0,0.3011592229530817,0.4283939636470097,0.864777600316231,0.3011592229530817,0.4283939636470097,0.864777600316231,0.7295531866000914,1.1659368232693126,1.2931715639632406,1.5943307869163224,-1.0183752053216055,5.097088959722634,3.9212123585659646,-1.0183752053216055,5.097088959722634,3.9212123585659646,4.078713754401028,2.9028371532443593,9.018301318288598,7.9999261129669925
363,18150,Flooding Attack,1.0,0.500957260882271,0.48055039068806255,0.8215117949661578,0.500957260882271,0.48055039068806255,0.8215117949661578,0.9815076515703336,1.3224690558484289,1.3020621856542203,1.8030194465364913,-0.12007436581278008,5.9617905501470725,3.604293029225831,-0.12007436581278008,5.9617905501470725,3.604293029225831,5.841716184334293,3.484218663413051,9.566083579372904,9.446009213560124
364,18200,Flooding Attack,1.0,0.28765870020062395,0.4594418125728873,0.8247155429566596,0.28765870020062395,0.4594418125728873,0.8247155429566596,0.7471005127735113,1.1123742431572836,1.284157355529547,1.5718160557301708,-1.0790741543605291,5.611831358091533,3.627760283707965,-1.0790741543605291,5.611831358091533,3.627760283707965,4.532757203731004,2.548686129347436,9.239591641799498,8.16051748743897
365,18250,Flooding Attack,1.0,0.3927374303458414,0.44769365316333604,0.8770102208435626,0.3927374303458414,0.44769365316333604,0.8770102208435626,0.8404310835091775,1.269747651189404,1.3247038740068986,1.7174413043527401,-0.6066355234194992,5.41705858122929,4.010815542009024,-0.6066355234194992,5.41705858122929,4.010815542009024,4.810423057809791,3.4041800185895252,9.427874123238315,8.821238599818816
