window_idx,start_pos,majority_label,attack_frac,W2_c2,W2_network,W2_physical,W2_c2_only,W2_network_only,W2_physical_only,W2_c2_network,W2_c2_physical,W2_network_physical,W2_all_three,Z2_c2,Z2_network,Z2_physical,Z2_c2_only,Z2_network_only,Z2_physical_only,Z2_c2_network,Z2_c2_physical,Z2_network_physical,Z2_all_three
0,0,Blackhole Attack,0.88,0.9964817197036028,0.24676845788559681,0.47859778575689593,0.9964817197036028,0.24676845788559681,0.47859778575689593,1.2432501775891995,1.4750795054604988,0.7253662436424928,1.7218479633460955,3.745888056927523,2.629026093197538,1.9579358393065838,3.745888056927523,2.629026093197538,1.9579358393065838,6.374914150125061,5.703823896234107,4.586961932504122,8.332849989431645
1,25,Flooding Attack,0.88,0.8246616278291015,0.32502189778484,0.30800368840824294,0.8246616278291015,0.32502189778484,0.30800368840824294,1.1496835256139415,1.1326653162373443,0.6330255861930829,1.4576872140221844,2.7095821927397177,4.133490922105081,0.43205464665023274,2.7095821927397177,4.133490922105081,0.43205464665023274,6.843073114844799,3.1416368393899505,4.565545568755314,7.275127761495032
2,50,Blackhole Attack,0.8,0.9636036436838207,0.29732749560154836,0.4775624506675343,0.9636036436838207,0.29732749560154836,0.4775624506675343,1.260931139285369,1.441166094351355,0.7748899462690826,1.7384935899529033,3.547589111729665,3.6010510179164674,1.9486752707083315,3.547589111729665,3.6010510179164674,1.9486752707083315,7.148640129646132,5.496264382437996,5.549726288624798,9.097315400354464
3,75,Normal Traffic,0.64,0.9642777715805889,0.23573279540403727,0.4442116594863733,0.9642777715805889,0.23573279540403727,0.4442116594863733,1.2000105669846262,1.4084894310669622,0.6799444548904106,1.6442222264709994,3.551655008127531,2.416859495938963,1.6503686715090795,3.551655008127531,2.416859495938963,1.6503686715090795,5.968514504066494,5.202023679636611,4.067228167448042,7.618883175575574
4,100,Blackhole Attack,0.8,0.6777532572538297,0.1998666286096238,0.39379284427269257,0.6777532572538297,0.1998666286096238,0.39379284427269257,0.8776198858634535,1.0715461015265224,0.5936594728823164,1.271412730136146,1.8235274580197056,1.727312984508881,1.1993969023432407,1.8235274580197056,1.727312984508881,1.1993969023432407,3.5508404425285867,3.0229243603629463,2.9267098868521217,4.750237344871827
5,125,Sybil Attack,0.92,0.5765170352152299,0.2764790607828567,0.3885830036396264,0.5765170352152299,0.2764790607828567,0.3885830036396264,0.8529960959980867,0.9651000388548563,0.6650620644224832,1.241579099637713,1.2129371049226532,3.2002285497555967,1.1527974128985063,1.2129371049226532,3.2002285497555967,1.1527974128985063,4.41316565467825,2.3657345178211595,4.353025962654103,5.565963067576756
6,150,Blackhole Attack,0.76,0.6973328200277089,0.24583848945974346,0.562457465781291,0.6973328200277089,0.24583848945974346,0.562457465781291,0.9431713094874523,1.2597902858089998,0.8082959552410345,1.5056287752687432,1.9416185118623757,2.6111469457697405,2.7080198724597637,1.9416185118623757,2.6111469457697405,2.7080198724597637,4.552765457632116,4.64963838432214,5.319166818229505,7.260785330091879
7,175,Wormhole Attack,1.0,0.6882989653060761,0.24323512194470923,0.5007657109634366,0.6882989653060761,0.24323512194470923,0.5007657109634366,0.9315340872507853,1.1890646762695127,0.7440008329081458,1.4322997982142218,1.8871322377478985,2.5610957931541822,2.1562171437513773,1.8871322377478985,2.5610957931541822,2.1562171437513773,4.448228030902081,4.043349381499276,4.717312936905559,6.604445174653458
8,200,Wormhole Attack,0.84,0.7276817319706445,0.24446157701096785,0.5417396619004959,0.7276817319706445,0.24446157701096785,0.5417396619004959,0.9721433089816123,1.2694213938711405,0.7862012389114638,1.5138829708821082,2.124663201660093,2.58467505706638,2.5227091976698923,2.124663201660093,2.58467505706638,2.5227091976698923,4.709338258726473,4.647372399329985,5.107384254736273,7.232047456396366
9,225,Normal Traffic,0.76,0.8459309310022318,0.26213150085417647,0.3764485005466348,0.8459309310022318,0.26213150085417647,0.3764485005466348,1.1080624318564083,1.2223794315488665,0.6385800014008113,1.484510932403043,2.837864650076561,2.924388927610738,1.0442601871703248,2.837864650076561,2.924388927610738,1.0442601871703248,5.762253577687299,3.882124837246886,3.968649114781063,6.806513764857624
10,250,Blackhole Attack,0.8,0.8317403447381709,0.2774567384370567,0.46443126984900623,0.8317403447381709,0.2774567384370567,0.46443126984900623,1.1091970831752276,1.2961716145871771,0.7418880082860629,1.5736283530242339,2.7522763605972935,3.219024932977172,1.8312232476913113,2.7522763605972935,3.219024932977172,1.8312232476913113,5.971301293574466,4.583499608288605,5.050248180668484,7.802524541265777
11,275,Sybil Attack,0.84,0.7998308146531986,0.3153758919693744,0.30331153483859313,0.7998308146531986,0.3153758919693744,0.30331153483859313,1.115206706622573,1.1031423494917918,0.6186874268079675,1.4185182414611661,2.559819047894381,3.9480412280406294,0.3900856160902165,2.559819047894381,3.9480412280406294,0.3900856160902165,6.507860275935011,2.9499046639845976,4.338126844130846,6.897945892025227
12,300,Flooding Attack,0.76,0.6305830266477095,0.2746850482791352,0.43663448167235663,0.6305830266477095,0.2746850482791352,0.43663448167235663,0.9052680749268447,1.0672175083200661,0.7113195299514918,1.3419025565992013,1.5390276299791186,3.1657376862492184,1.5825945028859334,1.5390276299791186,3.1657376862492184,1.5825945028859334,4.704765316228337,3.1216221328650517,4.7483321891351515,6.28735981911427
13,325,Wormhole Attack,0.76,0.8605378724279695,0.2912584509713691,0.5440755210294952,0.8605378724279695,0.2912584509713691,0.5440755210294952,1.1517963233993387,1.4046133934574647,0.8353339720008643,1.6958718444288339,2.92596412023862,3.4843703428824844,2.5436023209902743,2.92596412023862,3.4843703428824844,2.5436023209902743,6.410334463121105,5.469566441228894,6.027972663872759,8.953936784111379
14,350,Normal Traffic,0.64,0.6200970419728765,0.19836916121300435,0.6909289524404055,0.6200970419728765,0.19836916121300435,0.6909289524404055,0.8184662031858809,1.311025994413282,0.8892981136534099,1.5093951556262866,1.4757830624098613,1.6985233615408628,3.857134808629577,1.4757830624098613,1.6985233615408628,3.857134808629577,3.174306423950724,5.332917871039438,5.55565817017044,7.031441232580301
15,375,Sybil Attack,0.84,0.8361251908464022,0.3295835750623413,0.2631821118987981,0.8361251908464022,0.3295835750623413,0.2631821118987981,1.1657087659087435,1.0993073027452003,0.5927656869611394,1.4288908778075415,2.778722870350298,4.2211916421458096,0.03114745417456283,2.778722870350298,4.2211916421458096,0.03114745417456283,6.999914512496108,2.809870324524861,4.252339096320372,7.031061966670671
16,400,Blackhole Attack,0.76,0.7004579231176792,0.2230760241623543,0.42019036475392935,0.7004579231176792,0.2230760241623543,0.42019036475392935,0.9235339472800335,1.1206482878716084,0.6432663889162836,1.3437243120339628,1.960467079704448,2.1735262034324867,1.4355098784725293,1.960467079704448,2.1735262034324867,1.4355098784725293,4.133993283136935,3.395976958176977,3.609036081905016,5.569503161609464
17,425,Normal Traffic,0.72,0.5624484861074334,0.2454755045498366,0.3419712915034973,0.5624484861074334,0.2454755045498366,0.3419712915034973,0.8079239906572699,0.9044197776109306,0.5874467960533339,1.1498952821607673,1.1280848633601674,2.6041683639836597,0.7358783282910768,1.1280848633601674,2.6041683639836597,0.7358783282910768,3.7322532273438274,1.8639631916512442,3.3400466922747363,4.468131555634904
18,450,Normal Traffic,0.68,0.8219262732880296,0.2790872294145582,0.566627632362845,0.8219262732880296,0.2790872294145582,0.566627632362845,1.1010135027025878,1.3885539056508747,0.8457148617774032,1.6676411350654328,2.6930843319795454,3.2503720064433423,2.7453199834010733,2.6930843319795454,3.2503720064433423,2.7453199834010733,5.943456338422887,5.438404315380619,5.995691989844415,8.68877632182396
19,475,Sybil Attack,0.72,0.8099955271296916,0.26139310749777683,0.3591637192781091,0.8099955271296916,0.26139310749777683,0.3591637192781091,1.0713886346274684,1.1691592464078007,0.6205568267758859,1.4305523539055773,2.6211259127217295,2.9101929148088392,0.8896562291979743,2.6211259127217295,2.9101929148088392,0.8896562291979743,5.531318827530569,3.510782141919704,3.7998491440068136,6.420975056728543
20,500,Sybil Attack,0.84,0.8195252825334697,0.3065728554510497,0.29452341372806834,0.8195252825334697,0.3065728554510497,0.29452341372806834,1.1260981379845194,1.1140486962615381,0.601096269179118,1.4206215517125877,2.678603133816594,3.7787980759637287,0.31148014890379916,2.678603133816594,3.7787980759637287,0.31148014890379916,6.457401209780323,2.990083282720393,4.090278224867528,6.768881358684122
21,525,Flooding Attack,0.88,0.7133088596968913,0.2976123157183265,0.4137541554143879,0.7133088596968913,0.2976123157183265,0.4137541554143879,1.0109211754152179,1.1270630151112793,0.7113664711327145,1.4246753308296058,2.037975482779161,3.606526839155889,1.3779411176781047,2.037975482779161,3.606526839155889,1.3779411176781047,5.64450232193505,3.4159166004572654,4.984467956833994,7.022443439613155
22,550,Wormhole Attack,0.76,0.829521072583214,0.28079554441355165,0.4535792538340794,0.829521072583214,0.28079554441355165,0.4535792538340794,1.1103166169967655,1.2831003264172933,0.734374798247631,1.5638958708308448,2.738891169591282,3.283215288936611,1.734157244840462,2.738891169591282,3.283215288936611,1.734157244840462,6.022106458527893,4.473048414431744,5.017372533777073,7.756263703368355
23,575,Normal Traffic,0.72,0.8868192134542674,0.2721624461432369,0.4640143810181844,0.8868192134542674,0.2721624461432369,0.4640143810181844,1.1589816595975044,1.3508335944724519,0.7361768271614213,1.6229960406156887,3.084475895707609,3.117239291856939,1.8274943799504804,3.084475895707609,3.117239291856939,1.8274943799504804,6.201715187564548,4.911970275658089,4.94473367180742,8.029209567515029
24,600,Blackhole Attack,0.8,0.9602471931674361,0.24374378570845182,0.36484999065690893,0.9602471931674361,0.24374378570845182,0.36484999065690893,1.203990978875888,1.325097183824345,0.6085937763653607,1.568840969532797,3.5273452082662327,2.5708751299255215,0.9405171598403632,3.5273452082662327,2.5708751299255215,0.9405171598403632,6.098220338191754,4.467862368106596,3.511392289765885,7.038737498032117
25,625,Blackhole Attack,0.84,0.8236765502323017,0.3192177680801781,0.3938587624808171,0.8236765502323017,0.3192177680801781,0.3938587624808171,1.1428943183124798,1.2175353127131188,0.7130765305609952,1.536753080793297,2.703640852125203,4.021903380211402,1.1999865086402584,2.703640852125203,4.021903380211402,1.1999865086402584,6.725544232336604,3.9036273607654612,5.22188988885166,7.925530740976862
26,650,Normal Traffic,0.68,0.8610444922986584,0.23525981206266197,0.3502464394002687,0.8610444922986584,0.23525981206266197,0.3502464394002687,1.0963043043613203,1.211290931698927,0.5855062514629307,1.446550743761589,2.929019718319038,2.407766134641689,0.809895499684334,2.929019718319038,2.407766134641689,0.809895499684334,5.336785852960727,3.738915218003372,3.217661634326023,6.146681352645061
27,675,Blackhole Attack,0.84,0.7740040657404169,0.21208305711262354,0.45778908846319,0.7740040657404169,0.21208305711262354,0.45778908846319,0.9860871228530405,1.231793154203607,0.6698721455758135,1.4438762113162305,2.4040490732701643,1.9621804490100105,1.7718121671653817,2.4040490732701643,1.9621804490100105,1.7718121671653817,4.366229522280175,4.175861240435546,3.7339926161753922,6.138041689445557
28,700,Normal Traffic,0.72,0.8443844587339944,0.22782949393398336,0.40485488223006544,0.8443844587339944,0.22782949393398336,0.40485488223006544,1.0722139526679777,1.2492393409640599,0.6326843761640488,1.4770688348980432,2.828537345784646,2.264914238206409,1.298341449276237,2.828537345784646,2.264914238206409,1.298341449276237,5.093451583991055,4.126878795060883,3.5632556874826458,6.391793033267292
29,725,Wormhole Attack,0.72,0.778193032260387,0.2119059499402154,0.3931145923933035,0.778193032260387,0.2119059499402154,0.3931145923933035,0.9900989822006024,1.1713076246536906,0.6050205423335189,1.3832135745939058,2.429314166090055,1.9587754675526021,1.1933302693077,2.429314166090055,1.9587754675526021,1.1933302693077,4.388089633642657,3.6226444353977545,3.1521057368603023,5.5814199029503575
30,750,Blackhole Attack,0.76,0.8482138675927702,0.2692255093795227,0.4196014244540508,0.8482138675927702,0.2692255093795227,0.4196014244540508,1.117439376972293,1.267815292046821,0.6888269338335735,1.5370408014263437,2.8516338231140885,3.0607750894982604,1.4302420940582454,2.8516338231140885,3.0607750894982604,1.4302420940582454,5.912408912612349,4.281875917172334,4.491017183556506,7.342651006670595
31,775,Blackhole Attack,0.8,0.7133575344407137,0.265402273220252,0.42168117875672956,0.7133575344407137,0.265402273220252,0.42168117875672956,0.9787598076609657,1.1350387131974433,0.6870834519769815,1.4004409864176952,2.0382690568420703,2.9872713005065386,1.4488444843233543,2.0382690568420703,2.9872713005065386,1.4488444843233543,5.025540357348609,3.4871135411654244,4.436115784829893,6.474384841671963
32,800,Sybil Attack,0.92,0.6580030375615293,0.32296544790935283,0.3455707811639171,0.6580030375615293,0.32296544790935283,0.3455707811639171,0.9809684854708822,1.0035738187254464,0.6685362290732699,1.3265392666347993,1.7044071138106138,4.093954557773172,0.7680740118543271,1.7044071138106138,4.093954557773172,0.7680740118543271,5.798361671583786,2.472481125664941,4.8620285696274985,6.566435683438113
33,825,Flooding Attack,0.88,0.6670413387330915,0.21643422020466405,0.46484283692510275,0.6670413387330915,0.21643422020466405,0.46484283692510275,0.8834755589377555,1.131884175658194,0.6812770571297668,1.3483183958628584,1.7589202059886035,2.0458339196464985,1.8349045149255976,1.7589202059886035,2.0458339196464985,1.8349045149255976,3.8047541256351023,3.593824720914201,3.880738434572096,5.6396586405607
34,850,Sybil Attack,0.84,0.7809309136595464,0.3093296713776985,0.36556036276149645,0.7809309136595464,0.3093296713776985,0.36556036276149645,1.0902605850372449,1.1464912764210429,0.674890034139195,1.4558209477987414,2.445827267197415,3.8317993575272684,0.94687109266116,2.445827267197415,3.8317993575272684,0.94687109266116,6.277626624724683,3.3926983598585747,4.778670450188429,7.224497717385844
35,875,Blackhole Attack,0.84,0.7462248307966175,0.20184102167941192,0.4414636235802148,0.7462248307966175,0.20184102167941192,0.4414636235802148,0.9480658524760295,1.1876884543768322,0.6433046452596267,1.3895294760562442,2.236502986192426,1.7652717622413316,1.6257888274750751,2.236502986192426,1.7652717622413316,1.6257888274750751,4.001774748433758,3.8622918136675013,3.391060589716407,5.627563575908833
36,900,Sybil Attack,0.8,0.9385374064551666,0.2136999972930335,0.33959124845324234,0.9385374064551666,0.2136999972930335,0.33959124845324234,1.1522374037482002,1.278128654908409,0.5532912457462759,1.4918286522014426,3.3964060437322963,1.9932670010517657,0.714590001294192,3.3964060437322963,1.9932670010517657,0.714590001294192,5.389673044784062,4.110996045026488,2.707857002345958,6.104263046078254
37,925,Blackhole Attack,0.96,0.9124155072081738,0.284151140651429,0.5275910010873904,0.9124155072081738,0.284151140651429,0.5275910010873904,1.1965666478596027,1.4400065082955642,0.8117421417388194,1.724157648946993,3.2388559162818114,3.347728446778631,2.3961563111894852,3.2388559162818114,3.347728446778631,2.3961563111894852,6.586584363060442,5.635012227471297,5.743884757968116,8.982740674249929
38,950,Flooding Attack,0.92,0.7146036508390916,0.2246352134854058,0.32252560349438464,0.7146036508390916,0.2246352134854058,0.32252560349438464,0.9392388643244974,1.0371292543334762,0.5471608169797905,1.2617644678188822,2.045784811938062,2.2035024639158527,0.5619461109838967,2.045784811938062,2.2035024639158527,0.5619461109838967,4.249287275853915,2.6077309229219585,2.7654485748997493,4.811233386837811
39,975,Flooding Attack,0.84,0.8817348204121469,0.28271480251587355,0.4761346120631122,0.8817348204121469,0.28271480251587355,0.4761346120631122,1.1644496229280206,1.3578694324752592,0.7588494145789857,1.6405842349911328,3.0538101786316707,3.3201140670127818,1.9359039491532628,3.0538101786316707,3.3201140670127818,1.9359039491532628,6.373924245644453,4.989714127784934,5.256018016166045,8.309828194797715
40,1000,Sybil Attack,0.88,0.4848727023621141,0.3189876671164902,0.38887014706801803,0.4848727023621141,0.3189876671164902,0.38887014706801803,0.8038603694786043,0.8737428494301321,0.7078578141845082,1.1927305165466224,0.6601987230538379,4.017479564371333,1.1553657711464604,0.6601987230538379,4.017479564371333,1.1553657711464604,4.67767828742517,1.8155644942002982,5.172845335517793,5.83304405857163
41,1025,Sybil Attack,0.8,0.8820656760403628,0.3011127574465856,0.37229128104758635,0.8820656760403628,0.3011127574465856,0.37229128104758635,1.1831784334869484,1.2543569570879491,0.673404038494172,1.5554697145345346,3.0558056823238124,3.6738247301187252,1.0070758815822018,3.0558056823238124,3.6738247301187252,1.0070758815822018,6.729630412442537,4.062881563906014,4.6809006117009275,7.736706294024739
42,1050,Blackhole Attack,0.8,0.7435368911503202,0.31205037644794653,0.5550960124981855,0.7435368911503202,0.31205037644794653,0.5550960124981855,1.0555872675982667,1.2986329036485058,0.867146388946132,1.6106832800964521,2.220291100913751,3.8841063882889686,2.6421752547978055,2.220291100913751,3.8841063882889686,2.6421752547978055,6.10439748920272,4.862466355711557,6.526281643086774,8.746572744000526
43,1075,Blackhole Attack,0.88,0.9301146414938636,0.2082557558170932,0.4986937506233068,0.9301146414938636,0.2082557558170932,0.4986937506233068,1.1383703973109567,1.4288083921171704,0.7069495064404,1.6370641479342636,3.3456054614089594,1.8885985055686545,2.137684466688862,3.3456054614089594,1.8885985055686545,2.137684466688862,5.2342039669776135,5.483289928097822,4.026282972257516,7.371888433666475
44,1100,Flooding Attack,0.84,0.5429419822173369,0.2596073483245007,0.45707149696681215,0.5429419822173369,0.2596073483245007,0.45707149696681215,0.8025493305418376,1.000013479184149,0.7166788452913129,1.2596208275086498,1.0104344526859947,2.8758607260571103,1.7653936603978513,1.0104344526859947,2.8758607260571103,1.7653936603978513,3.8862951787431053,2.775828113083846,4.641254386454961,5.651688839140957
45,1125,Blackhole Attack,0.84,0.7903656214606759,0.2443021008480386,0.4373858932436014,0.7903656214606759,0.2443021008480386,0.4373858932436014,1.0346677223087144,1.2277515147042772,0.68168799409164,1.4720536155523158,2.502731223623828,2.5816090413297546,1.5893155137668868,2.502731223623828,2.5816090413297546,1.5893155137668868,5.084340264953583,4.0920467373907154,4.170924555096642,6.6736557787204696
46,1150,Normal Traffic,0.64,0.8077341002993178,0.250728811341965,0.49920813850577517,0.8077341002993178,0.250728811341965,0.49920813850577517,1.058462911641283,1.3069422388050929,0.7499369498477402,1.557671050147058,2.6074864724200695,2.705166036602199,2.1422854160053246,2.6074864724200695,2.705166036602199,2.1422854160053246,5.312652509022268,4.7497718884253946,4.847451452607523,7.4549379250275924
47,1175,Normal Traffic,0.72,0.6560808080494445,0.24749613396449177,0.4188336853103717,0.6560808080494445,0.24749613396449177,0.4188336853103717,0.9035769420139362,1.0749144933598163,0.6663298192748635,1.322410627324308,1.6928134887929798,2.6430160605260595,1.42337504098658,1.6928134887929798,2.6430160605260595,1.42337504098658,4.3358295493190395,3.11618852977956,4.0663911015126395,5.75920459030562
48,1200,Flooding Attack,0.8,0.6413044834113836,0.26752295691933276,0.49645086484985135,0.6413044834113836,0.26752295691933276,0.49645086484985135,0.9088274403307164,1.1377553482612348,0.763973821769184,1.4052783051805677,1.6036924104225303,3.0280425949392504,2.1176229447945984,1.6036924104225303,3.0280425949392504,2.1176229447945984,4.631735005361781,3.7213153552171288,5.145665539733849,6.74935795015638
49,1225,Flooding Attack,0.88,0.7394776695263513,0.283360943911133,0.4218299224063291,0.7394776695263513,0.283360943911133,0.4218299224063291,1.0228386134374843,1.1613075919326805,0.7051908663174621,1.4446685358438134,2.195808544030768,3.332536485821727,1.4501749238929438,2.195808544030768,3.332536485821727,1.4501749238929438,5.528345029852495,3.6459834679237115,4.782711409714671,6.978519953745439
50,1250,Sybil Attack,0.84,0.6526819855737347,0.3015647183176434,0.3732551889917128,0.6526819855737347,0.3015647183176434,0.3732551889917128,0.9542467038913781,1.0259371745654475,0.6748199073093561,1.3275018928830908,1.6723140255201745,3.682513923020972,1.0156975691215344,1.6723140255201745,3.682513923020972,1.0156975691215344,5.354827948541146,2.6880115946417087,4.698211492142506,6.3705255176626805
51,1275,Sybil Attack,0.8,0.8515424663674749,0.33697715668205247,0.20533509933683589,0.8515424663674749,0.33697715668205247,0.20533509933683589,1.1885196230495274,1.0568775657043108,0.5423122560188883,1.3938547223863633,2.8717097431774667,4.363337259269285,-0.4862659258397297,2.8717097431774667,4.363337259269285,-0.4862659258397297,7.235047002446752,2.385443817337737,3.877071333429555,6.748781076607022
52,1300,Wormhole Attack,0.72,0.820795066943981,0.2989106320745369,0.3929341061729416,0.820795066943981,0.2989106320745369,0.3929341061729416,1.119705699018518,1.2137291731169226,0.6918447382474785,1.5126398051914596,2.6862616388058025,3.6314876753469734,1.1917159078880257,2.6862616388058025,3.6314876753469734,1.1917159078880257,6.317749314152776,3.8779775466938284,4.823203583234999,7.509465222040801
53,1325,Sybil Attack,0.76,0.6065157863706947,0.2341638732720354,0.22181983521060686,0.6065157863706947,0.2341638732720354,0.22181983521060686,0.8406796596427301,0.8283356215813016,0.45598370848264225,1.0624994948533368,1.3938698549960595,2.386696116924179,-0.3388179846352552,1.3938698549960595,2.386696116924179,-0.3388179846352552,3.7805659719202387,1.0550518703608043,2.0478781322889237,3.4417479872849834
54,1350,Sybil Attack,0.76,0.9846046740251341,0.27090098495042325,0.238611102681733,0.9846046740251341,0.27090098495042325,0.238611102681733,1.2555056589755573,1.223215776706867,0.5095120876321563,1.4941167616572903,3.6742535236692495,3.0929870161734225,-0.1886282674453946,3.6742535236692495,3.0929870161734225,-0.1886282674453946,6.767240539842672,3.4856252562238548,2.904358748728028,6.578612272397278
55,1375,Blackhole Attack,0.8,0.8172549162959215,0.31355056405796095,0.4969232718804953,0.8172549162959215,0.31355056405796095,0.4969232718804953,1.1308054803538825,1.3141781881764167,0.8104738359384562,1.6277287522343777,2.6649097768863483,3.9129483088350248,2.1218483958186454,2.6649097768863483,3.9129483088350248,2.1218483958186454,6.577858085721373,4.786758172704994,6.034796704653671,8.69970648154002
56,1400,Flooding Attack,0.92,0.7035156642287734,0.24320579119453203,0.42442283541765147,0.7035156642287734,0.24320579119453203,0.42442283541765147,0.9467214554233054,1.127938499646425,0.6676286266121835,1.3711442908409568,1.9789093643640883,2.56053189357221,1.4733672691127473,1.9789093643640883,2.56053189357221,1.4733672691127473,4.539441257936298,3.4522766334768358,4.033899162684957,6.012808527049046
57,1425,Blackhole Attack,0.88,0.968982054016172,0.22478903245590506,0.6398784186074324,0.968982054016172,0.22478903245590506,0.6398784186074324,1.193771086472077,1.6088604726236044,0.8646674510633375,1.8336495050795094,3.580028147855283,2.2064597170593934,3.4005126237974856,3.580028147855283,2.2064597170593934,3.4005126237974856,5.786487864914676,6.980540771652769,5.6069723408568795,9.187000488712162
58,1450,Wormhole Attack,0.8,0.8656724850803124,0.3005097075613808,0.6467203995474079,0.8656724850803124,0.3005097075613808,0.6467203995474079,1.166182192641693,1.5123928846277201,0.9472301071087887,1.812902592189101,2.9569327289962164,3.6622307689646143,3.4617108141163735,2.9569327289962164,3.6622307689646143,3.4617108141163735,6.61916349796083,6.41864354311259,7.123941583080988,10.080874312077203
59,1475,Wormhole Attack,0.84,0.8451898044267042,0.1836426998439882,0.5967730100559028,0.8451898044267042,0.1836426998439882,0.5967730100559028,1.0288325042706925,1.4419628144826069,0.780415709899891,1.6256055143265953,2.8333946616837857,1.4153991536788555,3.0149557186478204,2.8333946616837857,1.4153991536788555,3.0149557186478204,4.2487938153626414,5.848350380331606,4.430354872326676,7.263749534010461
60,1500,Normal Traffic,0.76,0.7074518127703813,0.23168673276105603,0.329766210362421,0.7074518127703813,0.23168673276105603,0.329766210362421,0.9391385455314373,1.0372180231328023,0.561452943123477,1.2689047558938582,2.002649625304944,2.339071746930617,0.6267098162648304,2.002649625304944,2.339071746930617,0.6267098162648304,4.341721372235561,2.6293594415697745,2.9657815631954474,4.968431188500391
61,1525,Normal Traffic,0.48,0.6112825557118724,0.2821721015710124,0.2791934624238816,0.6112825557118724,0.2821721015710124,0.2791934624238816,0.8934546572828848,0.890476018135754,0.561365563994894,1.1726481197067664,1.4226198746683876,3.3096803469717235,0.17436119377612375,1.4226198746683876,3.3096803469717235,0.17436119377612375,4.732300221640111,1.5969810684445114,3.4840415407478473,4.9066614154162345
62,1550,Normal Traffic,0.68,0.7132304351136379,0.2114688526956237,0.6229684573756356,0.7132304351136379,0.2114688526956237,0.6229684573756356,0.9246992878092617,1.3361988924892736,0.8344373100712592,1.5476677451848972,2.037502477238102,1.9503720359316117,3.2492612486727492,2.037502477238102,1.9503720359316117,3.2492612486727492,3.9878745131697135,5.286763725910851,5.199633284604361,7.237135761842463
63,1575,Blackhole Attack,0.8,0.9231444388305668,0.257199079277385,0.6125597436193657,0.9231444388305668,0.257199079277385,0.6125597436193657,1.1803435181079518,1.5357041824499325,0.8697588228967508,1.7929032617273175,3.303565780160111,2.8295604473141265,3.156160368822401,3.303565780160111,2.8295604473141265,3.156160368822401,6.1331262274742375,6.4597261489825115,5.985720816136528,9.289286596296638
64,1600,Blackhole Attack,0.72,0.6828908220509525,0.22684556813190715,0.6699191116651254,0.6828908220509525,0.22684556813190715,0.6699191116651254,0.9097363901828597,1.352809933716078,0.8967646797970326,1.5796555018479852,1.8545138721742966,2.2459977309527437,3.669212005918621,1.8545138721742966,2.2459977309527437,3.669212005918621,4.100511603127041,5.523725878092918,5.915209736871365,7.769723609045662
65,1625,Flooding Attack,0.68,0.8509844504115938,0.26697983591429203,0.3201755262801316,0.8509844504115938,0.26697983591429203,0.3201755262801316,1.1179642863258858,1.1711599766917253,0.5871553621944237,1.4381398126060174,2.8683441576916184,3.0176007990133873,0.5409258138091931,2.8683441576916184,3.0176007990133873,0.5409258138091931,5.885944956705005,3.4092699715008115,3.5585266128225803,6.426870770514198
66,1650,Flooding Attack,0.84,0.6677806901118407,0.2722336319946618,0.40559019407378866,0.6677806901118407,0.2722336319946618,0.40559019407378866,0.9400143221065025,1.0733708841856293,0.6778238260684504,1.3456045161802912,1.7633794875611732,3.1186078784637696,1.3049184559283584,1.7633794875611732,3.1186078784637696,1.3049184559283584,4.881987366024942,3.0682979434895317,4.423526334392128,6.186905821953301
67,1675,Blackhole Attack,0.84,0.5540799750849428,0.19767058683108626,0.48435581000992656,0.5540799750849428,0.19767058683108626,0.48435581000992656,0.7517505619160291,1.0384357850948693,0.6820263968410128,1.2361063719259557,1.0776115051369533,1.6850928901222926,2.0094385644952637,1.0776115051369533,1.6850928901222926,2.0094385644952637,2.762704395259246,3.087050069632217,3.6945314546175565,4.772142959754509
68,1700,Normal Traffic,0.72,0.901433107146288,0.3010079100092792,0.4002720111122172,0.901433107146288,0.3010079100092792,0.4002720111122172,1.202441017155567,1.3017051182585053,0.7012799211214964,1.6027130282677842,3.1726172973704583,3.67180898126434,1.2573498970726416,3.1726172973704583,3.67180898126434,1.2573498970726416,6.844426278634798,4.429967194443099,4.929158878336981,8.101776175707439
69,1725,Blackhole Attack,0.8,0.6109926652952983,0.2492852906333012,0.3610573901832841,0.6109926652952983,0.2492852906333012,0.3610573901832841,0.8602779559285995,0.9720500554785824,0.6103426808165853,1.2213353461118834,1.420871446208187,2.6774135679723132,0.9065941940173642,1.420871446208187,2.6774135679723132,0.9065941940173642,4.0982850141805,2.3274656402255514,3.5840077619896773,5.004879208197864
70,1750,Sybil Attack,0.84,0.7572806926390048,0.35695892819637554,0.18045833464974903,0.7572806926390048,0.35695892819637554,0.18045833464974903,1.1142396208353804,0.9377390272887538,0.5374172628461246,1.2946979554851294,2.303184678280477,4.747497655301363,-0.7087764813637261,2.303184678280477,4.747497655301363,-0.7087764813637261,7.05068233358184,1.594408196916751,4.0387211739376365,6.3419058522181135
71,1775,Flooding Attack,0.96,0.6166156123996813,0.3260659916781817,0.3442681305389405,0.6166156123996813,0.3260659916781817,0.3442681305389405,0.942681604077863,0.9608837429386219,0.6703341222171222,1.2869497346168035,1.4547853674191369,4.1535641935501735,0.7564224358610999,1.4547853674191369,4.1535641935501735,0.7564224358610999,5.608349560969311,2.211207803280237,4.909986629411273,6.36477199683041
72,1800,Flooding Attack,0.88,0.9383246526599482,0.26895614859096867,0.4332224372574492,0.9383246526599482,0.26895614859096867,0.4332224372574492,1.2072808012509169,1.3715470899173974,0.7021785858484179,1.640503238508366,3.395122852673511,3.055596482229517,1.5520754258361873,3.395122852673511,3.055596482229517,1.5520754258361873,6.450719334903028,4.947198278509698,4.607671908065704,8.002794760739215
73,1825,Normal Traffic,0.6,0.9302434644828443,0.3000680146277251,0.3497156529806467,0.9302434644828443,0.3000680146277251,0.3497156529806467,1.2303114791105694,1.279959117463491,0.6497836676083718,1.580027132091216,3.3463824370086495,3.6537389827285383,0.8051478734322759,3.3463824370086495,3.6537389827285383,0.8051478734322759,7.000121419737187,4.151530310440926,4.458886856160814,7.805269293169463
74,1850,Blackhole Attack,0.76,0.8485235851342643,0.269009720513562,0.5620076869691956,0.8485235851342643,0.269009720513562,0.5620076869691956,1.1175333056478263,1.41053127210346,0.8310174074827575,1.6795409926170217,2.8535018357602846,3.056626431500276,2.7039968198401354,2.8535018357602846,3.056626431500276,2.7039968198401354,5.910128267260561,5.55749865560042,5.760623251340411,8.614125087100696
75,1875,Sybil Attack,0.8,0.6673197930651873,0.21846466277877408,0.38978747350523135,0.6673197930651873,0.21846466277877408,0.38978747350523135,0.8857844558439614,1.0571072665704186,0.6082521362840054,1.2755719293491927,1.7605996595036801,2.0848702795023493,1.1635708097722082,1.7605996595036801,2.0848702795023493,1.1635708097722082,3.8454699390060294,2.9241704692758885,3.248441089274557,5.009040748778237
76,1900,Wormhole Attack,0.76,0.9817035732371499,0.2853121720401424,0.3977012210007595,0.9817035732371499,0.2853121720401424,0.3977012210007595,1.2670157452772923,1.3794047942379093,0.6830133930409019,1.6647169662780519,3.656755990485623,3.3700499050023986,1.234355430427508,3.656755990485623,3.3700499050023986,1.234355430427508,7.026805895488021,4.891111420913131,4.604405335429907,8.261161325915529
77,1925,Normal Traffic,0.72,0.9130132304665406,0.2169105860528145,0.4503227269100364,0.9130132304665406,0.2169105860528145,0.4503227269100364,1.129923816519355,1.3633359573765769,0.6672333129628509,1.5802465434293915,3.2424609901183414,2.0549923114712905,1.7050291960743862,3.2424609901183414,2.0549923114712905,1.7050291960743862,5.297453301589632,4.947490186192727,3.7600215075456767,7.002482497664019
78,1950,Blackhole Attack,0.92,0.6769327918310722,0.2832171880053331,0.5367667835581196,0.6769327918310722,0.2832171880053331,0.5367667835581196,0.9601499798364053,1.213699575389192,0.8199839715634527,1.4969167633945248,1.8185789498464708,3.329772700555518,2.47822922061364,1.8185789498464708,3.329772700555518,2.47822922061364,5.148351650401989,4.29680817046011,5.808001921169158,7.626580871015629
79,1975,Normal Traffic,0.72,0.7783086893140059,0.24776741662392882,0.29790756553990044,0.7783086893140059,0.24776741662392882,0.29790756553990044,1.0260761059379346,1.0762162548539063,0.5456749821638293,1.323983671477835,2.430011733421048,2.6482316168050044,0.3417497401910929,2.430011733421048,2.6482316168050044,0.3417497401910929,5.078243350226052,2.7717614736121408,2.9899813569960974,5.419993090417145
80,2000,Wormhole Attack,0.8,0.9340836231285137,0.22592979209685832,0.3680934437303957,0.9340836231285137,0.22592979209685832,0.3680934437303957,1.160013415225372,1.3021770668589094,0.594023235827254,1.5281068589557678,3.369543749987258,2.228391439936511,0.9695282693747225,3.369543749987258,2.228391439936511,0.9695282693747225,5.597935189923769,4.33907201936198,3.1979197093112335,6.567463459298491
81,2025,Wormhole Attack,0.84,0.8566767314117716,0.20526232121174823,0.6316102042760348,0.8566767314117716,0.20526232121174823,0.6316102042760348,1.0619390526235197,1.4882869356878063,0.836872525487783,1.6935492568995545,2.9026762553917975,1.8310481015586217,3.326557469772744,2.9026762553917975,1.8310481015586217,3.326557469772744,4.733724356950419,6.2292337251645415,5.1576055713313655,8.060281826723163
82,2050,Blackhole Attack,0.76,0.8197002888217553,0.1792322603239647,0.7916027712543914,0.8197002888217553,0.1792322603239647,0.7916027712543914,0.9989325491457199,1.6113030600761467,0.970835031578356,1.7905353204001113,2.679658656723383,1.330606061561209,4.7576131317874975,2.679658656723383,1.330606061561209,4.7576131317874975,4.010264718284592,7.4372717885108806,6.088219193348706,8.76787785007209
83,2075,Flooding Attack,0.68,0.5407846774268318,0.30797521343049056,0.21458005205174727,0.5407846774268318,0.30797521343049056,0.21458005205174727,0.8487598908573224,0.755364729478579,0.5225552654822379,1.0633399429090697,0.997423008093858,3.8057591687964933,-0.4035743222384054,0.997423008093858,3.8057591687964933,-0.4035743222384054,4.803182176890351,0.5938486858554526,3.4021848465580877,4.399607854651945
84,2100,Blackhole Attack,0.88,0.6940060685676542,0.14744389547805117,0.6409494405521186,0.6940060685676542,0.14744389547805117,0.6409494405521186,0.8414499640457054,1.334955509119773,0.7883933360301697,1.482399404597824,1.9215537335868054,0.7194575045043532,3.4100923939520107,1.9215537335868054,0.7194575045043532,3.4100923939520107,2.6410112380911586,5.331646127538816,4.129549898456364,6.051103632043169
85,2125,Blackhole Attack,0.8,0.7192607812298031,0.17897016504997446,0.5238346250183727,0.7192607812298031,0.17897016504997446,0.5238346250183727,0.8982309462797775,1.2430954062481758,0.7028047900683472,1.4220655712981503,2.0738735615221717,1.3255671377509726,2.362557355039531,2.0738735615221717,1.3255671377509726,2.362557355039531,3.3994406992731445,4.436430916561703,3.6881244927905037,5.761998054312675
86,2150,Wormhole Attack,0.84,0.7287484990360799,0.18608836276146923,0.526657254299058,0.7287484990360799,0.18608836276146923,0.526657254299058,0.9148368617975491,1.255405753335138,0.7127456170605272,1.441494116096607,2.1310972394584233,1.4624183498630885,2.387804400512835,2.1310972394584233,1.4624183498630885,2.387804400512835,3.5935155893215116,4.518901639971258,3.8502227503759237,5.981319989834347
87,2175,Normal Traffic,0.6,0.8846654626101319,0.29412134397898426,0.33302543116200656,0.8846654626101319,0.29412134397898426,0.33302543116200656,1.178786806589116,1.2176908937721385,0.6271467751409908,1.5118122377511227,3.0714858861841168,3.539411013866764,0.6558619604368414,3.0714858861841168,3.539411013866764,0.6558619604368414,6.61089690005088,3.727347846620958,4.195272974303606,7.266758860487721
88,2200,Sybil Attack,0.84,0.7559304259112329,0.31056938292795033,0.26484323163131024,0.7559304259112329,0.31056938292795033,0.26484323163131024,1.0664998088391833,1.0207736575425432,0.5754126145592606,1.3313430404704936,2.295040756851139,3.8556334845349216,0.046005361909848566,2.295040756851139,3.8556334845349216,0.046005361909848566,6.15067424138606,2.3410461187609872,3.90163884644477,6.196679603295909
89,2225,Sybil Attack,0.72,0.7364943797480653,0.29947393249659215,0.3258987392779003,0.7364943797480653,0.29947393249659215,0.3258987392779003,1.0359683122446575,1.0623931190259657,0.6253726717744925,1.3618670515225577,2.1778153008769494,3.642317431510819,0.5921171692581081,2.1778153008769494,3.642317431510819,0.5921171692581081,5.820132732387768,2.7699324701350574,4.234434600768927,6.412249901645876
90,2250,Sybil Attack,0.96,0.9614835421956348,0.28386555065084074,0.42394258537790197,0.9614835421956348,0.28386555065084074,0.42394258537790197,1.2453490928464754,1.385426127573537,0.7078081360287427,1.6692916782243774,3.534802053004978,3.342237824105354,1.4690716661885233,3.534802053004978,3.342237824105354,1.4690716661885233,6.877039877110333,5.003873719193502,4.811309490293877,8.346111543298855
91,2275,Blackhole Attack,0.92,0.7169105399159447,0.24939626293030812,0.5493256032700589,0.7169105399159447,0.24939626293030812,0.5493256032700589,0.9663068028462528,1.2662361431860036,0.798721866200367,1.5156324061163118,2.0596984506300946,2.6795470705767346,2.5905617520332056,2.0596984506300946,2.6795470705767346,2.5905617520332056,4.739245521206829,4.650260202663301,5.27010882260994,7.329807273240035
92,2300,Wormhole Attack,0.76,0.8813030161805916,0.2385438200040279,0.3292873275103522,0.8813030161805916,0.2385438200040279,0.3292873275103522,1.1198468361846194,1.2105903436909438,0.5678311475143801,1.4491341636949717,3.051205819313386,2.4709029686517923,0.6224264421691608,3.051205819313386,2.4709029686517923,0.6224264421691608,5.522108787965179,3.6736322614825467,3.093329410820953,6.144535230134339
93,2325,Wormhole Attack,0.88,0.8530965374557947,0.2496196839303672,0.6541591160718302,0.8530965374557947,0.2496196839303672,0.6541591160718302,1.1027162213861619,1.507255653527625,0.9037788000021973,1.7568753374579922,2.8810828785577396,2.6838424604926416,3.5282465138769585,2.8810828785577396,2.6838424604926416,3.5282465138769585,5.564925339050381,6.409329392434698,6.2120889743696,9.09317185292734
94,2350,Blackhole Attack,0.8,0.6950898271051216,0.2468839877947879,0.3001886232915326,0.6950898271051216,0.2468839877947879,0.3001886232915326,0.9419738148999095,0.9952784503966542,0.5470726110863205,1.2421624381914422,1.9280902527766641,2.6312472183683764,0.3621526918563253,1.9280902527766641,2.6312472183683764,0.3621526918563253,4.5593374711450405,2.2902429446329893,2.9933999102247015,4.921490163001366
95,2375,Normal Traffic,0.64,0.9597588640957921,0.30476304381997643,0.41861280491553654,0.9597588640957921,0.30476304381997643,0.41861280491553654,1.2645219079157686,1.3783716690113286,0.723375848735513,1.683134712831305,3.5243999282638936,3.7440034656641266,1.4213993733313468,3.5243999282638936,3.7440034656641266,1.4213993733313468,7.26840339392802,4.94579930159524,5.165402838995473,8.689802767259367
96,2400,Normal Traffic,0.6,0.7689195353890561,0.2703121981868506,0.2749670380826832,0.7689195353890561,0.2703121981868506,0.2749670380826832,1.0392317335759067,1.0438865734717393,0.5452792362695338,1.31419877165859,2.373382528035136,3.081667271269404,0.13655788454884477,2.373382528035136,3.081667271269404,0.13655788454884477,5.45504979930454,2.5099404125839806,3.218225155818249,5.591607683853384
97,2425,Sybil Attack,0.76,0.6926459316971152,0.2720994507248727,0.256789969282527,0.6926459316971152,0.2720994507248727,0.256789969282527,0.9647453824219878,0.9494359009796423,0.5288894200073997,1.2215353517045149,1.913350281943518,3.1160281707684176,-0.02602715122231151,1.913350281943518,3.1160281707684176,-0.02602715122231151,5.029378452711936,1.8873231307212064,3.090001019546106,5.003351301489625
98,2450,Wormhole Attack,0.88,0.6975081566459108,0.24103407152669892,0.654068575423085,0.6975081566459108,0.24103407152669892,0.654068575423085,0.9385422281726097,1.3515767320689958,0.895102646949784,1.5926108035956947,1.942676027102108,2.518779404956904,3.527436671829442,1.942676027102108,2.518779404956904,3.527436671829442,4.461455432059012,5.47011269893155,6.0462160767863455,7.988892103888453
99,2475,Sybil Attack,0.76,0.8538788454908366,0.28391503783268973,0.4071629937077035,0.8538788454908366,0.28391503783268973,0.4071629937077035,1.1377938833235264,1.26104183919854,0.6910780315403933,1.5449568770312299,2.885801246447493,3.3431892420196263,1.3189863833567184,2.885801246447493,3.3431892420196263,1.3189863833567184,6.228990488467119,4.204787629804211,4.662175625376345,7.547976871823837
100,2500,Blackhole Attack,0.72,0.6814402779777952,0.18011701141764414,0.5581014137037937,0.6814402779777952,0.18011701141764414,0.5581014137037937,0.8615572893954393,1.239541691681589,0.7382184251214379,1.4196587030992331,1.845765143705604,1.3476158812508234,2.6690571062058988,1.845765143705604,1.3476158812508234,2.6690571062058988,3.1933810249564276,4.514822249911503,4.016672987456722,5.862438131162326
101,2525,Blackhole Attack,0.84,0.9574585210843535,0.26928165909885526,0.39845085219004817,0.9574585210843535,0.26928165909885526,0.39845085219004817,1.2267401801832087,1.3559093732744016,0.6677325112889034,1.625191032373257,3.510525771135992,3.0618545983096,1.2410605166581672,3.510525771135992,3.0618545983096,1.2410605166581672,6.572380369445591,4.751586287794159,4.302915114967767,7.813440886103758
102,2550,Normal Traffic,0.68,0.6751126428596221,0.26350319000226563,0.3615211163376278,0.6751126428596221,0.26350319000226563,0.3615211163376278,0.9386158328618878,1.0366337591972499,0.6250243063398935,1.3001369491995156,1.8076010075567714,2.9507603955251374,0.9107419988268692,1.8076010075567714,2.9507603955251374,0.9107419988268692,4.758361403081909,2.7183430063836407,3.861502394352007,5.669103401908778
103,2575,Blackhole Attack,0.68,0.9370645434989823,0.19981849435964313,0.33934904432568735,0.9370645434989823,0.19981849435964313,0.33934904432568735,1.1368830378586254,1.2764135878246696,0.5391675386853305,1.4762320821843127,3.387522702430432,1.7263875774436457,0.712423603225538,3.387522702430432,1.7263875774436457,0.712423603225538,5.113910279874078,4.09994630565597,2.438811180669184,5.8263338830996165
104,2600,Sybil Attack,0.84,0.815551942154938,0.28864039555932713,0.3872221713615999,0.815551942154938,0.28864039555932713,0.3872221713615999,1.104192337714265,1.202774113516538,0.675862566920927,1.491414509075865,2.6546385561600174,3.434036807479828,1.140625430328931,2.6546385561600174,3.434036807479828,1.140625430328931,6.088675363639846,3.7952639864889486,4.574662237808759,7.229300793968776
105,2625,Sybil Attack,0.84,0.7448396457017348,0.2321472286981499,0.5317663129512559,0.7448396457017348,0.2321472286981499,0.5317663129512559,0.9769868743998846,1.2766059586529908,0.7639135416494058,1.5087531873511404,2.2281484601230246,2.347925031107065,2.4335024441774653,2.2281484601230246,2.347925031107065,2.4335024441774653,4.5760734912300896,4.66165090430049,4.781427475284531,7.009575935407555
106,2650,Blackhole Attack,0.88,0.6871841434752537,0.2268404178977032,0.48629924273773273,0.6871841434752537,0.2268404178977032,0.48629924273773273,0.914024561372957,1.1734833862129865,0.7131396606354359,1.4003238041106898,1.880408365189096,2.2458987149065424,2.02682162460485,1.880408365189096,2.2458987149065424,2.02682162460485,4.126307080095638,3.907229989793946,4.272720339511393,6.153128704700489
107,2675,Wormhole Attack,0.8,0.8461559156179254,0.2503628927969172,0.5500561915310772,0.8461559156179254,0.2503628927969172,0.5500561915310772,1.0965188084148425,1.3962121071490026,0.8004190843279944,1.6465749999459196,2.8392216094056573,2.698131054089248,2.5970965085364455,2.8392216094056573,2.698131054089248,2.5970965085364455,5.5373526634949055,5.436318117942102,5.295227562625693,8.134449172031351
108,2700,Blackhole Attack,0.8,0.9499594522539178,0.28501191508646073,0.4578881614258684,0.9499594522539178,0.28501191508646073,0.4578881614258684,1.2349713673403784,1.4078476136797862,0.7429000765123291,1.6928595287662467,3.465296316768078,3.3642773022001364,1.772698326609356,3.465296316768078,3.3642773022001364,1.772698326609356,6.829573618968214,5.237994643377434,5.136975628809492,8.60227194557757
109,2725,Flooding Attack,0.88,0.6816072609199121,0.2602411193123762,0.43731342790989575,0.6816072609199121,0.2602411193123762,0.43731342790989575,0.9418483802322883,1.1189206888298078,0.697554547222272,1.3791618081421841,1.8467722750617057,2.888045317074046,1.5886673466172636,1.8467722750617057,2.888045317074046,1.5886673466172636,4.734817592135752,3.4354396216789693,4.47671266369131,6.323484938753015
110,2750,Sybil Attack,0.84,0.647545980475789,0.2923451810212884,0.2967174414009471,0.647545980475789,0.2923451810212884,0.2967174414009471,0.9398911614970775,0.9442634218767361,0.5890626224222355,1.2366086028980245,1.6413370184458964,3.50526331756482,0.33110465886190815,1.6413370184458964,3.50526331756482,0.33110465886190815,5.146600336010716,1.9724416773078046,3.836367976426728,5.477704994872624
111,2775,Blackhole Attack,0.84,0.882741042872987,0.18186307623561243,0.6498868217861388,0.882741042872987,0.18186307623561243,0.6498868217861388,1.0646041191085995,1.5326278646591258,0.8317498980217513,1.7144909408947382,3.0598790511684624,1.3811849244904364,3.4900329203157088,3.0598790511684624,1.3811849244904364,3.4900329203157088,4.441063975658899,6.549911971484171,4.871217844806145,7.931096895974608
112,2800,Sybil Attack,0.72,0.8073431511899883,0.33612089708446924,0.24213313633372333,0.8073431511899883,0.33612089708446924,0.24213313633372333,1.1434640482744576,1.0494762875237116,0.5782540334181926,1.385597184608181,2.605128524346726,4.346875204046701,-0.15712539018879623,2.605128524346726,4.346875204046701,-0.15712539018879623,6.952003728393427,2.44800313415793,4.189749813857905,6.79487833820463
113,2825,Flooding Attack,0.76,0.6486060708014475,0.23783606812035626,0.4597712760553272,0.6486060708014475,0.23783606812035626,0.4597712760553272,0.8864421389218038,1.1083773468567748,0.6976073441756835,1.346213414977131,1.6477307865382278,2.457296054783878,1.7895418706789648,1.6477307865382278,2.457296054783878,1.7895418706789648,4.105026841322106,3.4372726572171928,4.2468379254628426,5.894568712001071
114,2850,Blackhole Attack,0.8,0.6355338470572842,0.23545210853266102,0.40551229118075,0.6355338470572842,0.23545210853266102,0.40551229118075,0.8709859555899453,1.0410461382380343,0.640964399713411,1.2764982467706953,1.5688877247271202,2.4114631385843803,1.3042216524563235,1.5688877247271202,2.4114631385843803,1.3042216524563235,3.9803508633115006,2.873109377183444,3.7156847910407036,5.284572515767824
115,2875,Normal Traffic,0.64,0.47409470265381826,0.23675997198444754,0.6008099025398103,0.47409470265381826,0.23675997198444754,0.6008099025398103,0.7108546746382658,1.0749046051936286,0.8375698745242578,1.311664577178076,0.5951929127317273,2.436607522866527,3.0510637576345445,0.5951929127317273,2.436607522866527,3.0510637576345445,3.031800435598254,3.646256670366272,5.487671280501072,6.0828641932327985
116,2900,Sybil Attack,0.76,0.7249915223889842,0.27874322764317316,0.2907472742558924,0.7249915223889842,0.27874322764317316,0.2907472742558924,1.0037347500321574,1.0157387966448765,0.5694905018990656,1.2944820242880497,2.1084376256232407,3.2437583857923262,0.27770441872912316,2.1084376256232407,3.2437583857923262,0.27770441872912316,5.3521960114155664,2.386142044352364,3.5214628045214496,5.62990043014469
117,2925,Wormhole Attack,0.8,0.7022501894682888,0.20161461212069098,0.5865278667976266,0.7022501894682888,0.20161461212069098,0.5865278667976266,0.9038648015889797,1.2887780562659152,0.7881424789183176,1.4903926683866064,1.9712768523512918,1.760918915664073,2.9233178973114593,1.9712768523512918,1.760918915664073,2.9233178973114593,3.732195768015365,4.894594749662751,4.6842368129755325,6.655513665326824
118,2950,Blackhole Attack,0.88,0.7804911452817749,0.19006263394734457,0.4089897857472458,0.7804911452817749,0.19006263394734457,0.4089897857472458,0.9705537792291195,1.1894809310290206,0.5990524196945903,1.3795435649763652,2.443174873383647,1.538825869166888,1.3353261492651196,2.443174873383647,1.538825869166888,1.3353261492651196,3.982000742550535,3.7785010226487667,2.8741520184320075,5.317326891815655
119,2975,Blackhole Attack,0.8,0.7868288624971564,0.24274544954120755,0.4142310362258565,0.7868288624971564,0.24274544954120755,0.4142310362258565,1.029574312038364,1.201059898723013,0.656976485767064,1.4438053482642206,2.4813998181163104,2.551681575584917,1.3822065844947637,2.4813998181163104,2.551681575584917,1.3822065844947637,5.033081393701227,3.863606402611074,3.9338881600796807,6.415287978195991
120,3000,Normal Traffic,0.64,0.7662551980668934,0.2963477069849315,0.5210436696284175,0.7662551980668934,0.2963477069849315,0.5210436696284175,1.0626029050518249,1.287298867695311,0.817391376613349,1.5836465746802424,2.3573129964628423,3.5822140502973827,2.337593617106841,2.3573129964628423,3.5822140502973827,2.337593617106841,5.939527046760225,4.6949066135696835,5.919807667404224,8.277120663867066
121,3025,Normal Traffic,0.72,0.8064854512393445,0.2658461380100249,0.41038983637485404,0.8064854512393445,0.2658461380100249,0.41038983637485404,1.0723315892493694,1.2168752876141986,0.6762359743848789,1.4827214256242236,2.5999554419739437,2.9958048418545427,1.3478489208887356,2.5999554419739437,2.9958048418545427,1.3478489208887356,5.595760283828486,3.947804362862679,4.343653762743278,6.943609204717222
122,3050,Flooding Attack,0.8,0.7825445637288926,0.21795213619802858,0.38371300998283986,0.7825445637288926,0.21795213619802858,0.38371300998283986,1.0004966999269211,1.1662575737117324,0.6016651461808684,1.384209709909761,2.455559743832522,2.0750166779788297,1.1092376892929525,2.455559743832522,2.0750166779788297,1.1092376892929525,4.530576421811352,3.5647974331254746,3.184254367271782,5.639814111104305
123,3075,Blackhole Attack,0.72,0.8827877948447184,0.15894319731544507,0.4036877620645557,0.8827877948447184,0.15894319731544507,0.4036877620645557,1.0417309921601634,1.286475556909274,0.5626309593800007,1.4454187542247192,3.060161028333874,0.9405378198697398,1.2879021272961713,3.060161028333874,0.9405378198697398,1.2879021272961713,4.000698848203614,4.3480631556300455,2.228439947165911,5.288600975499785
124,3100,Normal Traffic,0.68,0.7312660339894594,0.2069222686016916,0.43110761155169564,0.7312660339894594,0.2069222686016916,0.43110761155169564,0.938188302591151,1.162373645541155,0.6380298801533872,1.3692959141428467,2.146281355629137,1.8629614905319651,1.5331593389357103,2.146281355629137,1.8629614905319651,1.5331593389357103,4.0092428461611025,3.679440694564847,3.3961208294676757,5.542402185096813
125,3125,Blackhole Attack,0.8,0.7036333150256192,0.27122757157487415,0.5881670800973089,0.7036333150256192,0.27122757157487415,0.5881670800973089,0.9748608866004933,1.291800395122928,0.8593946516721831,1.5630279666978022,1.979618956643824,3.0992658211781694,2.9379798626643723,1.979618956643824,3.0992658211781694,2.9379798626643723,5.078884777821994,4.917598819308196,6.037245683842542,8.016864640486366
126,3150,Wormhole Attack,0.72,0.8872870695983358,0.18705607955781273,0.6715321981611883,0.8872870695983358,0.18705607955781273,0.6715321981611883,1.0743431491561486,1.558819267759524,0.858588277719001,1.745875347317337,3.087297696466792,1.4810232301893267,3.6836402797260073,3.087297696466792,1.4810232301893267,3.6836402797260073,4.568320926656119,6.7709379761927995,5.164663509915334,8.251961206382127
127,3175,Blackhole Attack,0.8,0.7497931527919816,0.1573467437497503,0.4357823277320108,0.7497931527919816,0.1573467437497503,0.4357823277320108,0.9071398965417319,1.1855754805239924,0.5931290714817611,1.3429222242737426,2.258024759163,0.9098451341083942,1.5749724005328594,2.258024759163,0.9098451341083942,1.5749724005328594,3.1678698932713942,3.832997159695859,2.4848175346412535,4.742842293804253
128,3200,Blackhole Attack,0.84,0.823556642619593,0.3079469007817629,0.43828925732100715,0.823556642619593,0.3079469007817629,0.43828925732100715,1.1315035434013558,1.2618458999406001,0.7462361581027701,1.569792800722363,2.702917648215491,3.805214842767135,1.597395665877998,2.702917648215491,3.805214842767135,1.597395665877998,6.508132490982626,4.300313314093489,5.402610508645133,8.105528156860624
129,3225,Wormhole Attack,0.92,0.6711975554148795,0.20968985514197858,0.4690007653284382,0.6711975554148795,0.20968985514197858,0.4690007653284382,0.880887410556858,1.1401983207433177,0.6786906204704168,1.3498881758852963,1.7839877733096479,1.9161698429849787,1.872095161317627,1.7839877733096479,1.9161698429849787,1.872095161317627,3.700157616294627,3.6560829346272747,3.788265004302606,5.572252777612254
130,3250,Blackhole Attack,0.88,0.8634716651637508,0.2787496148372922,0.315042352018421,0.8634716651637508,0.2787496148372922,0.315042352018421,1.142221280001043,1.178514017182172,0.5937919668557132,1.457263632019464,2.9436588297643396,3.2438811830638565,0.495012067751709,2.9436588297643396,3.2438811830638565,0.495012067751709,6.187540012828196,3.4386708975160487,3.7388932508155657,6.682552080579905
131,3275,Normal Traffic,0.6,0.8601556776745134,0.2494283452818857,0.3184937180949488,0.8601556776745134,0.2494283452818857,0.3184937180949488,1.1095840229563991,1.1786493957694621,0.5679220633768345,1.4280777410513479,2.9236589726860407,2.6801638711881743,0.5258828579314109,2.9236589726860407,2.6801638711881743,0.5258828579314109,5.603822843874215,3.4495418306174517,3.2060467291195853,6.129705701805626
132,3300,Sybil Attack,0.84,0.8373706323174385,0.27974946240686216,0.41592994865742666,0.8373706323174385,0.27974946240686216,0.41592994865742666,1.1171200947243007,1.2533005809748652,0.6956794110642888,1.5330500433817273,2.7862345547281664,3.263103794933999,1.397402529533852,2.7862345547281664,3.263103794933999,1.397402529533852,6.0493383496621655,4.183637084262019,4.6605063244678515,7.4467408791960175
133,3325,Sybil Attack,0.8,0.5481625499449352,0.2653278322767014,0.5883120109363645,0.5481625499449352,0.2653278322767014,0.5883120109363645,0.8134903822216366,1.1364745608812998,0.853639843213066,1.4018023931580013,1.0419214859629369,2.9858401329879385,2.9392761984988938,1.0419214859629369,2.9858401329879385,2.9392761984988938,4.027761618950875,3.9811976844618306,5.925116331486832,6.96703781744977
134,3350,Sybil Attack,0.72,0.7624102148332035,0.2638294085269042,0.4060253165658474,0.7624102148332035,0.2638294085269042,0.4060253165658474,1.0262396233601077,1.1684355313990509,0.6698547250927516,1.432264939925955,2.3341225847402893,2.957032123611324,1.30881041489677,2.3341225847402893,2.957032123611324,1.30881041489677,5.2911547083516135,3.6429329996370594,4.265842538508094,6.599965123248383
135,3375,Sybil Attack,0.8,0.6822092667787746,0.2958885180904198,0.28474515285098617,0.6822092667787746,0.2958885180904198,0.28474515285098617,0.9780977848691944,0.9669544196297608,0.5806336709414059,1.2628429377201806,1.8504031787296558,3.573385894723554,0.22401836329035404,1.8504031787296558,3.573385894723554,0.22401836329035404,5.42378907345321,2.07442154202001,3.797404258013908,5.647807436743564
136,3400,Wormhole Attack,0.92,0.7220252743580109,0.1692964038282703,0.41497073813722807,0.7220252743580109,0.1692964038282703,0.41497073813722807,0.8913216781862812,1.136996012495239,0.5842671419654983,1.3062924163235092,2.0905471670884004,1.1395838309462794,1.3888228581658688,2.0905471670884004,1.1395838309462794,1.3888228581658688,3.2301309980346797,3.479370025254269,2.528406689112148,4.618953856200548
137,3425,Sybil Attack,0.84,0.8843591316721893,0.27212406840971504,0.3937653489137287,0.8843591316721893,0.27212406840971504,0.3937653489137287,1.1564832000819043,1.278124480585918,0.6658894173234438,1.550248548995633,3.0696382993046734,3.1165014591128295,1.1991509697360736,3.0696382993046734,3.1165014591128295,1.1991509697360736,6.186139758417503,4.268789269040747,4.315652428848903,7.385290728153576
138,3450,Blackhole Attack,0.8,0.9682866575074645,0.26715612198034216,0.5316417728188533,0.9682866575074645,0.26715612198034216,0.5316417728188533,1.2354427794878067,1.4999284303263178,0.7987978947991954,1.76708455230666,3.5758339731691486,3.0209899942556717,2.4323884932921915,3.5758339731691486,3.0209899942556717,2.4323884932921915,6.59682396742482,6.008222466461341,5.453378487547863,9.029212460717012
139,3475,Sybil Attack,0.92,0.5904634504253992,0.33827684818072595,0.4546080522929173,0.5904634504253992,0.33827684818072595,0.4546080522929173,0.9287402986061251,1.0450715027183164,0.7928849004736432,1.3833483508990423,1.2970527150880395,4.388324533320138,1.7433593464592905,1.2970527150880395,4.388324533320138,1.7433593464592905,5.6853772484081775,3.04041206154733,6.131683879779429,7.428736594867468
140,3500,Flooding Attack,0.84,0.7235502103161127,0.3030780755998563,0.2891788152694263,0.7235502103161127,0.3030780755998563,0.2891788152694263,1.026628285915969,1.012729025585539,0.5922568908692826,1.3158071011853953,2.099744578512473,3.71160903765864,0.2636753162801081,2.099744578512473,3.71160903765864,0.2636753162801081,5.811353616171113,2.363419894792581,3.975284353938748,6.075028932451221
141,3525,Sybil Attack,0.76,0.7400519761441597,0.2913428906122826,0.4141343178080282,0.7400519761441597,0.2913428906122826,0.4141343178080282,1.0313948667564423,1.1541862939521879,0.7054772084203107,1.4455291845644704,2.1992723840822066,3.4859937407814585,1.381341485308793,2.1992723840822066,3.4859937407814585,1.381341485308793,5.685266124863665,3.5806138693909997,4.867335226090251,7.066607610172458
142,3550,Wormhole Attack,0.72,0.6790480505854852,0.1947287524463399,0.38273498052253846,0.6790480505854852,0.1947287524463399,0.38273498052253846,0.8737768030318251,1.0617830311080236,0.5774637329688783,1.2565117835543635,1.8313368003839614,1.6285345283426644,1.1004896916627196,1.8313368003839614,1.6285345283426644,1.1004896916627196,3.459871328726626,2.9318264920466808,2.729024220005384,4.560361020389346
143,3575,Blackhole Attack,0.88,0.5810309084139923,0.28671904382894814,0.44016064225348545,0.5810309084139923,0.28671904382894814,0.44016064225348545,0.8677499522429404,1.0211915506674778,0.7268796860824336,1.3079105944964258,1.2401618212817522,3.397097778268618,1.6141342935155834,1.2401618212817522,3.397097778268618,1.6141342935155834,4.6372595995503705,2.854296114797336,5.011232071784201,6.251393893065954
144,3600,Blackhole Attack,0.72,0.9325268536065106,0.2858997951079492,0.42137875455955054,0.9325268536065106,0.2858997951079492,0.42137875455955054,1.2184266487144597,1.3539056081660612,0.7072785496674998,1.6398054032740101,3.360154339428573,3.3813472772240973,1.4461394470339544,3.360154339428573,3.3813472772240973,1.4461394470339544,6.74150161665267,4.806293786462527,4.827486724258051,8.187641063686623
145,3625,Blackhole Attack,0.84,0.9308820981605843,0.31455807413584846,0.4109758435837237,0.9308820981605843,0.31455807413584846,0.4109758435837237,1.2454401722964328,1.341857941744308,0.7255339177195721,1.6564160158801564,3.350234255606169,3.9323182365839306,1.3530904702311362,3.350234255606169,3.9323182365839306,1.3530904702311362,7.282552492190099,4.703324725837305,5.285408706815067,8.635642962421235
146,3650,Blackhole Attack,0.92,0.47812744263720675,0.2358338719295944,0.38099567019780484,0.47812744263720675,0.2358338719295944,0.38099567019780484,0.7139613145668011,0.8591231128350116,0.6168295421273993,1.094956984764606,0.6195157497639796,2.4188027469695204,1.0849324071261979,0.6195157497639796,2.4188027469695204,1.0849324071261979,3.0383184967335,1.7044481568901775,3.5037351540957182,4.123250903859698
147,3675,Sybil Attack,0.84,0.8781898513850582,0.33074888531283214,0.37943873128445726,0.8781898513850582,0.33074888531283214,0.37943873128445726,1.2089387366978903,1.2576285826695155,0.7101876165972894,1.5883774679823475,3.032429255416827,4.243595363808221,1.0710063461257606,3.032429255416827,4.243595363808221,1.0710063461257606,7.276024619225048,4.1034356015425875,5.3146017099339815,8.347030965350807
148,3700,Wormhole Attack,0.8,0.6716767953060799,0.1839120474492851,0.5487395261903139,0.6716767953060799,0.1839120474492851,0.5487395261903139,0.8555888427553651,1.2204163214963937,0.732651573639599,1.404328368945679,1.7868782333494815,1.4205775074923288,2.5853195777298232,1.7868782333494815,1.4205775074923288,2.5853195777298232,3.2074557408418105,4.372197811079305,4.005897085222152,5.792775318571634
149,3725,Blackhole Attack,0.96,0.6116818123288567,0.25398036330343915,0.45191212606743986,0.6116818123288567,0.25398036330343915,0.45191212606743986,0.8656621756322957,1.0635939383962965,0.705892489370879,1.3175743016997357,1.4250279281677347,2.7676788867938553,1.7192455981633121,1.4250279281677347,2.7676788867938553,1.7192455981633121,4.19270681496159,3.144273526331047,4.486924484957168,5.911952413124903
150,3750,Blackhole Attack,0.84,0.8506598702413027,0.2481647494018221,0.5294985052398554,0.8506598702413027,0.2481647494018221,0.5294985052398554,1.0988246196431248,1.3801583754811582,0.7776632546416775,1.6283231248829804,2.8663865034370897,2.6558705549843644,2.413218007674866,2.8663865034370897,2.6558705549843644,2.413218007674866,5.522257058421454,5.279604511111955,5.06908856265923,7.93547506609632
151,3775,Blackhole Attack,0.84,0.9975553585634789,0.27922625553899355,0.41796188031952575,0.9975553585634789,0.27922625553899355,0.41796188031952575,1.2767816141024724,1.4155172388830046,0.6971881358585192,1.6947434944219981,3.752363540873383,3.2530448590972525,1.4155771695486428,3.752363540873383,3.2530448590972525,1.4155771695486428,7.005408399970635,5.167940710422026,4.6686220286458955,8.420985569519278
152,3800,Blackhole Attack,0.88,0.8410421254454797,0.23847936940360173,0.6048235308193354,0.8410421254454797,0.23847936940360173,0.6048235308193354,1.0795214948490814,1.4458656562648151,0.8433029002229371,1.6843450256684167,2.8083785881610748,2.469663870898799,3.086963709633027,2.8083785881610748,2.469663870898799,3.086963709633027,5.278042459059874,5.895342297794102,5.556627580531826,8.3650061686929
153,3825,Sybil Attack,0.8,0.8966260296925024,0.29161480304430676,0.47282872367740836,0.8966260296925024,0.29161480304430676,0.47282872367740836,1.1882408327368092,1.3694547533699106,0.7644435267217151,1.6610695564142177,3.1436241656556785,3.491221404779997,1.9063343861310613,3.1436241656556785,3.491221404779997,1.9063343861310613,6.634845570435676,5.04995855178674,5.397555790911058,8.541179956566737
154,3850,Sybil Attack,0.8,0.8246622716189486,0.28787870987443165,0.4442464586534521,0.8246622716189486,0.28787870987443165,0.4442464586534521,1.1125409814933802,1.2689087302724007,0.7321251685278838,1.5567874401468322,2.7095860756569397,3.4193929870281896,1.6506799331259283,2.7095860756569397,3.4193929870281896,1.6506799331259283,6.128979062685129,4.360266008782868,5.070072920154118,7.779658995811058
155,3875,Blackhole Attack,0.8,0.8627682194338804,0.20901690800925854,0.5466253801406278,0.8627682194338804,0.20901690800925854,0.5466253801406278,1.071785127443139,1.4093935995745082,0.7556422881498863,1.6184105075837667,2.939416107466559,1.9032320693331746,2.566409570022161,2.939416107466559,1.9032320693331746,2.566409570022161,4.842648176799734,5.50582567748872,4.469641639355336,7.409057746821895
156,3900,Blackhole Attack,0.76,0.8123987382087152,0.21087707691444915,0.5213870138392719,0.8123987382087152,0.21087707691444915,0.5213870138392719,1.0232758151231645,1.3337857520479872,0.732264090753721,1.5446628289624362,2.6356205024225217,1.9389948255428704,2.3406646640075985,2.6356205024225217,1.9389948255428704,2.3406646640075985,4.574615327965392,4.97628516643012,4.279659489550469,6.915279991972991
157,3925,Normal Traffic,0.72,0.6315618579981154,0.2868572580812549,0.27643374202808413,0.6315618579981154,0.2868572580812549,0.27643374202808413,0.9184191160793702,0.9079956000261995,0.563291000109339,1.1948528581074545,1.544931297340776,3.3997550222404738,0.1496768376677689,1.544931297340776,3.3997550222404738,0.1496768376677689,4.944686319581249,1.694608135008545,3.5494318599082426,5.094363157249019
158,3950,Blackhole Attack,0.72,0.9255518373799738,0.19320755484908858,0.4643439592904403,0.9255518373799738,0.19320755484908858,0.4643439592904403,1.1187593922290624,1.3898957966704142,0.657551514139529,1.5831033515195028,3.31808562593001,1.599288679395577,1.8304422972287417,3.31808562593001,1.599288679395577,1.8304422972287417,4.917374305325587,5.148527923158752,3.4297309766243185,6.7478166025543285
159,3975,Normal Traffic,0.72,0.5395514040346528,0.22308801781238982,0.5150301776602855,0.5395514040346528,0.22308801781238982,0.5150301776602855,0.7626394218470427,1.0545815816949382,0.7381181954726753,1.2776695995073282,0.9899847135700993,2.173756787860109,2.2838058575127356,0.9899847135700993,2.173756787860109,2.2838058575127356,3.1637415014302084,3.2737905710828348,4.457562645372844,5.447547358942944
160,4000,Wormhole Attack,0.96,0.8396599524250392,0.25547760877468567,0.4364852477491122,0.8396599524250392,0.25547760877468567,0.4364852477491122,1.095137561199725,1.2761452001741513,0.6919628565237979,1.531622808948837,2.8000422289450007,2.796464243126201,1.581259678057149,2.8000422289450007,2.796464243126201,1.581259678057149,5.596506472071201,4.3813019070021495,4.37772392118335,7.177766150128351
161,4025,Wormhole Attack,0.8,0.6699752140757504,0.20451173762375785,0.3900979998439444,0.6699752140757504,0.20451173762375785,0.3900979998439444,0.8744869516995083,1.060073213919695,0.5946097374677022,1.2645849515434526,1.7766154137447152,1.8166177249420703,1.1663483167752686,1.7766154137447152,1.8166177249420703,1.1663483167752686,3.5932331386867853,2.942963730519984,2.982966041717339,4.759581455462054
162,4050,Blackhole Attack,0.84,0.7726973682408274,0.28619614141699007,0.4846842122833416,0.7726973682408274,0.28619614141699007,0.4846842122833416,1.0588935096578174,1.2573815805241688,0.7708803537003317,1.5435777219411588,2.3961679327890306,3.3870446957618965,2.0123759630361135,2.3961679327890306,3.3870446957618965,2.0123759630361135,5.7832126285509275,4.408543895825144,5.39942065879801,7.795588591587041
163,4075,Wormhole Attack,0.8,0.8256707540314919,0.2045656284817538,0.425759868480139,0.8256707540314919,0.2045656284817538,0.425759868480139,1.0302363825132457,1.251430622511631,0.6303254969618928,1.4559962509933846,2.715668578737035,1.8176538059189444,1.4853263792796125,2.715668578737035,1.8176538059189444,1.4853263792796125,4.53332238465598,4.200994958016648,3.3029801851985567,6.018648763935593
164,4100,Normal Traffic,0.72,0.9173300407080075,0.23543864347255847,0.4466688052315448,0.9173300407080075,0.23543864347255847,0.4466688052315448,1.152768684180566,1.3639988459395522,0.6821074487041032,1.5994374894121108,3.2684971522400894,2.411204265500085,1.672346644595159,3.2684971522400894,2.411204265500085,1.672346644595159,5.679701417740175,4.9408437968352485,4.083550910095244,7.352048062335333
165,4125,Normal Traffic,0.68,0.8583019327574938,0.22553965714177315,0.34038280740125515,0.8583019327574938,0.22553965714177315,0.34038280740125515,1.0838415898992668,1.198684740158749,0.5659224645430283,1.424224397300522,2.9124784017338445,2.2208908838049366,0.7216701109253189,2.9124784017338445,2.2208908838049366,0.7216701109253189,5.133369285538781,3.6341485126591633,2.9425609947302553,5.8550393964641
166,4150,Normal Traffic,0.68,0.6127138377096376,0.23634166820493918,0.4466070765355357,0.6127138377096376,0.23634166820493918,0.4466070765355357,0.8490555059145768,1.0593209142451734,0.682948744740475,1.2956625824501125,1.4312524269584532,2.4285654058058617,1.6717945114454702,1.4312524269584532,2.4285654058058617,1.6717945114454702,3.859817832764315,3.1030469384039234,4.100359917251332,5.531612344209785
167,4175,Blackhole Attack,0.88,0.8345374248980235,0.17743815719820924,0.49377850357844333,0.8345374248980235,0.17743815719820924,0.49377850357844333,1.0119755820962328,1.3283159284764667,0.6712166607766525,1.5057540856746763,2.769146509720341,1.2961134557970722,2.0937199735464733,2.769146509720341,1.2961134557970722,2.0937199735464733,4.065259965517413,4.8628664832668145,3.3898334293435455,6.158979939063887
168,4200,Wormhole Attack,0.8,0.8941248290313948,0.24385140652647597,0.5352579874986176,0.8941248290313948,0.24385140652647597,0.5352579874986176,1.1379762355578706,1.4293828165300124,0.7791093940250936,1.6732342230564883,3.1285385672001182,2.572944198528564,2.4647337740153747,3.1285385672001182,2.572944198528564,2.4647337740153747,5.701482765728683,5.593272341215493,5.037677972543939,8.166216539744058
169,4225,Blackhole Attack,0.76,0.8291568963918893,0.27977312754762285,0.3655703836161298,0.8291568963918893,0.27977312754762285,0.3655703836161298,1.1089300239395121,1.194727280008019,0.6453435111637527,1.474500407555642,2.7366946981626494,3.2635587701017545,0.9469607243298814,2.7366946981626494,3.2635587701017545,0.9469607243298814,6.000253468264404,3.6836554224925306,4.210519494431636,6.947214192594285
170,4250,Blackhole Attack,0.76,0.8019913037378597,0.2826893717227228,0.48515852070960896,0.8019913037378597,0.2826893717227228,0.48515852070960896,1.0846806754605824,1.2871498244474686,0.7678478924323318,1.5698391961701914,2.572849698055966,3.319625146220088,2.0166184211188263,2.572849698055966,3.319625146220088,2.0166184211188263,5.8924748442760535,4.589468119174793,5.336243567338914,7.90909326539488
171,4275,Normal Traffic,0.68,0.9029768678019606,0.2770603000342924,0.4025048838332268,0.9029768678019606,0.2770603000342924,0.4025048838332268,1.180037167836253,1.3054817516351873,0.6795651838675192,1.5825420516694797,3.1819282469976096,3.2114031896448005,1.2773218570849545,3.1819282469976096,3.2114031896448005,1.2773218570849545,6.39333143664241,4.459250104082564,4.488725046729755,7.670653293727365
172,4300,Wormhole Attack,0.92,0.5600575349601865,0.22047719901028207,0.3932555960005781,0.5600575349601865,0.22047719901028207,0.3932555960005781,0.7805347339704686,0.9533131309607645,0.6137327950108602,1.1737903299710466,1.113664217509924,2.123562380208777,1.1945914779648628,1.113664217509924,2.123562380208777,1.1945914779648628,3.237226597718701,2.308255695474787,3.31815385817364,4.431818075683564
173,4325,Wormhole Attack,0.76,0.6956587212424732,0.2654483117678285,0.33647607415929326,0.6956587212424732,0.2654483117678285,0.33647607415929326,0.9611070330103018,1.0321347954017663,0.6019243859271217,1.297583107169595,1.9315214483033791,2.9881564165562873,0.6867262830245695,1.9315214483033791,2.9881564165562873,0.6867262830245695,4.919677864859667,2.6182477313279486,3.6748826995808566,5.606404147884236
174,4350,Blackhole Attack,0.88,0.6629551631690923,0.2612054682836241,0.4524154948306363,0.6629551631690923,0.2612054682836241,0.4524154948306363,0.9241606314527164,1.1153706579997287,0.7136209631142605,1.3765761262833527,1.7342750806550298,2.9065854491360192,1.7237479868195995,1.7342750806550298,2.9065854491360192,1.7237479868195995,4.640860529791049,3.4580230674746293,4.6303334359556185,6.364608516610649
175,4375,Blackhole Attack,0.84,0.6117710055499925,0.32158430820773654,0.3466175379193686,0.6117710055499925,0.32158430820773654,0.3466175379193686,0.9333553137577291,0.9583885434693611,0.6682018461271051,1.2799728516770976,1.4255658830547362,4.067401397840969,0.7774367416981687,1.4255658830547362,4.067401397840969,0.7774367416981687,5.492967280895705,2.203002624752905,4.844838139539138,6.2704040225938735
176,4400,Sybil Attack,0.88,0.749132184528138,0.2964830394267905,0.35860803344050485,0.749132184528138,0.2964830394267905,0.35860803344050485,1.0456152239549286,1.1077402179686429,0.6550910728672954,1.4042232573954334,2.2540382330216717,3.584815889900206,0.8846858897676898,2.2540382330216717,3.584815889900206,0.8846858897676898,5.8388541229218776,3.1387241227893616,4.469501779667896,6.7235400126895675
177,4425,Normal Traffic,0.72,0.7339051258661051,0.2173207518899103,0.4681719079776864,0.7339051258661051,0.2173207518899103,0.4681719079776864,0.9512258777560154,1.2020770338437914,0.6854926598675967,1.4193977857337017,2.162198623266823,2.062877972174827,1.8646814356227552,2.162198623266823,2.062877972174827,1.8646814356227552,4.22507659544165,4.026880058889578,3.9275594077975824,6.089758031064406
178,4450,Wormhole Attack,0.68,0.5333401387780423,0.24538726275090514,0.463692093324283,0.5333401387780423,0.24538726275090514,0.463692093324283,0.7787274015289475,0.9970322321023253,0.7090793560751881,1.2424194948532306,0.9525224439412777,2.6024718675343936,1.8246116733481317,0.9525224439412777,2.6024718675343936,1.8246116733481317,3.5549943114756712,2.7771341172894095,4.427083540882525,5.379605984823803
179,4475,Normal Traffic,0.68,0.974054257592335,0.22913667753253694,0.38804860241144046,0.974054257592335,0.22913667753253694,0.38804860241144046,1.203190935124872,1.3621028600037755,0.6171852799439774,1.5912395375363124,3.6106203460841804,2.290045551941381,1.1480174539427472,3.6106203460841804,2.290045551941381,1.1480174539427472,5.9006658980255615,4.758637800026928,3.4380630058841284,7.048683351968309
180,4500,Blackhole Attack,0.84,0.9680407568358079,0.2540277648768958,0.46690961596385944,0.9680407568358079,0.2540277648768958,0.46690961596385944,1.2220685217127039,1.4349503727996673,0.7209373808407553,1.6889781376765634,3.5743508619377127,2.768590207755493,1.853390847768462,3.5743508619377127,2.768590207755493,1.853390847768462,6.342941069693206,5.427741709706175,4.621981055523955,8.196331917461668
181,4525,Flooding Attack,0.76,0.7196760951682069,0.22662652515162562,0.46100635408143503,0.7196760951682069,0.22662652515162562,0.46100635408143503,0.9463026203198325,1.180682449249642,0.6876328792330606,1.4073089744012675,2.076378462230531,2.2417865108418202,1.8005890426549649,2.076378462230531,2.2417865108418202,1.8005890426549649,4.318164973072351,3.8769675048854957,4.042375553496785,6.1187540157273155
182,4550,Blackhole Attack,0.76,0.7713425620010014,0.26954442772519027,0.3197646638990024,0.7713425620010014,0.26954442772519027,0.3197646638990024,1.0408869897261916,1.0911072259000036,0.5893090916241926,1.360651653625194,2.387996632006609,3.0669064676839093,0.5372508497284972,2.387996632006609,3.0669064676839093,0.5372508497284972,5.454903099690519,2.925247481735106,3.6041573174124064,5.992153949419016
183,4575,Wormhole Attack,0.84,0.827870531649845,0.2974918078445239,0.3244015796106565,0.827870531649845,0.2974918078445239,0.3244015796106565,1.125362339494369,1.1522721112605017,0.6218933874551804,1.4497639191050256,2.7289361915111776,3.6042100099152075,0.5787258045265254,2.7289361915111776,3.6042100099152075,0.5787258045265254,6.333146201426385,3.307661996037703,4.182935814441733,6.911872005952911
184,4600,Flooding Attack,0.76,0.8747542185850764,0.2429893866666152,0.552594643373987,0.8747542185850764,0.2429893866666152,0.552594643373987,1.1177436052516916,1.4273488619590635,0.7955840300406022,1.6703382486256786,3.011707776461865,2.556371399139168,2.619801725104658,3.011707776461865,2.556371399139168,2.619801725104658,5.568079175601033,5.631509501566523,5.176173124243826,8.187880900705691
185,4625,Blackhole Attack,0.88,0.8607808597015788,0.30353471177938723,0.531158174272503,0.8607808597015788,0.30353471177938723,0.531158174272503,1.164315571480966,1.3919390339740818,0.8346928860518903,1.695473745753469,2.927429659767886,3.7203881159023005,2.428062939605749,2.927429659767886,3.7203881159023005,2.428062939605749,6.647817775670187,5.355492599373635,6.148451055508049,9.075880715275936
186,4650,Sybil Attack,0.84,0.6921247668154801,0.2568202727475648,0.3984200433071732,0.6921247668154801,0.2568202727475648,0.3984200433071732,0.9489450395630449,1.0905448101226534,0.655240316054738,1.3473650828702182,1.910206957916886,2.8222776863031243,1.2407849461919183,1.910206957916886,2.8222776863031243,1.2407849461919183,4.73248464422001,3.150991904108804,4.0630626324950425,5.973269590411928
187,4675,Flooding Attack,0.76,0.7703781558040207,0.25703021983190955,0.4201508550111386,0.7703781558040207,0.25703021983190955,0.4201508550111386,1.0274083756359302,1.1905290108151592,0.6771810748430481,1.4475592306470688,2.3821799676893756,2.826314032880796,1.4351564830480212,2.3821799676893756,2.826314032880796,1.4351564830480212,5.208494000570171,3.817336450737397,4.261470515928817,6.643650483618193
188,4700,Wormhole Attack,0.8,0.7284314271170186,0.2251853995071978,0.5585785693435472,0.7284314271170186,0.2251853995071978,0.5585785693435472,0.9536168266242164,1.287009996460566,0.783763968850745,1.5121953959677636,2.12918487004046,2.214080088621021,2.67332503122784,2.12918487004046,2.214080088621021,2.67332503122784,4.34326495866148,4.8025099012683,4.887405119848861,7.0165899898893205
189,4725,Sybil Attack,0.76,0.8939898786208491,0.29424381293422147,0.4671386748253044,0.8939898786208491,0.29424381293422147,0.4671386748253044,1.1882336915550706,1.3611285534461535,0.7613824877595259,1.655372366380375,3.127724635020841,3.5417655459617707,1.8554396678280203,3.127724635020841,3.5417655459617707,1.8554396678280203,6.669490180982612,4.983164302848861,5.397205213789791,8.524929848810633
190,4750,Blackhole Attack,0.88,0.5869157531226898,0.32734809215161964,0.3688063458858261,0.5869157531226898,0.32734809215161964,0.3688063458858261,0.9142638452743095,0.955722099008516,0.6961544380374458,1.2830701911601357,1.2756553367078307,4.178213270599013,0.97590483226923,1.2756553367078307,4.178213270599013,0.97590483226923,5.453868607306844,2.251560168977061,5.154118102868243,6.429773439576074
191,4775,Sybil Attack,0.84,0.7161628628852668,0.2827368576849457,0.4658046637576635,0.7161628628852668,0.2827368576849457,0.4658046637576635,0.9988997205702125,1.1819675266429304,0.7485415214426092,1.464704384327876,2.0551889541971864,3.320538089601532,1.843507587934608,2.0551889541971864,3.320538089601532,1.843507587934608,5.375727043798719,3.8986965421317943,5.16404567753614,7.219234631733327
192,4800,Normal Traffic,0.68,0.9000410272981401,0.2601671047400573,0.27260147939336093,0.9000410272981401,0.2601671047400573,0.27260147939336093,1.1602081320381974,1.172642506691501,0.5327685841334182,1.4328096114315583,3.1642211866809875,2.88662234677365,0.11539911311266447,3.1642211866809875,2.88662234677365,0.11539911311266447,6.050843533454637,3.279620299793652,3.0020214598863144,6.1662426465673015
193,4825,Wormhole Attack,0.72,0.7701015615659647,0.22921702123426735,0.452229155382667,0.7701015615659647,0.22921702123426735,0.452229155382667,0.999318582800232,1.2223307169486317,0.6814461766169344,1.451547738182899,2.380511733038987,2.291590203187809,1.7220812711270557,2.380511733038987,2.291590203187809,1.7220812711270557,4.672101936226796,4.102593004166042,4.013671474314865,6.394183207353851
194,4850,Wormhole Attack,0.84,0.9034755576761692,0.26542467857979096,0.41705435185403744,0.9034755576761692,0.26542467857979096,0.41705435185403744,1.1689002362559602,1.3205299095302065,0.6824790304338284,1.5859545881099977,3.1849360165513056,2.9877020556969662,1.4074597690124522,3.1849360165513056,2.9877020556969662,1.4074597690124522,6.172638072248272,4.592395785563758,4.395161824709419,7.5800978412607245
195,4875,Wormhole Attack,0.84,0.7557579358731414,0.20349258141828883,0.5484429574997418,0.7557579358731414,0.20349258141828883,0.5484429574997418,0.9592505172914303,1.3042008933728833,0.7519355389180307,1.507693474791172,2.294000410311697,1.7970238940732264,2.5826669150978345,2.294000410311697,1.7970238940732264,2.5826669150978345,4.0910243043849235,4.876667325409532,4.379690809171061,6.673691219482758
196,4900,Normal Traffic,0.72,0.9106635260638044,0.24757197470023504,0.5524038976829752,0.9106635260638044,0.24757197470023504,0.5524038976829752,1.1582355007640395,1.4630674237467796,0.7999758723832102,1.7106393984470145,3.228289117521265,2.6444741398088505,2.6180955977121,3.228289117521265,2.6444741398088505,2.6180955977121,5.872763257330115,5.846384715233365,5.26256973752095,8.490858855042216
197,4925,Sybil Attack,0.76,0.8627827285109978,0.2947568007019682,0.3498968267389931,0.8627827285109978,0.2947568007019682,0.3498968267389931,1.157539529212966,1.212679555249991,0.6446536274409613,1.507436355951959,2.939503616683535,3.5516280140555496,0.8067683845446774,2.939503616683535,3.5516280140555496,0.8067683845446774,6.491131630739085,3.7462720012282125,4.358396398600227,7.297900015283762
198,4950,Flooding Attack,0.84,0.9792142382088694,0.3063462858596373,0.24071953540937294,0.9792142382088694,0.3063462858596373,0.24071953540937294,1.2855605240685066,1.2199337736182423,0.5470658212690103,1.5262800594778796,3.641741957728503,3.774442152671171,-0.1697693626234317,3.641741957728503,3.774442152671171,-0.1697693626234317,7.416184110399674,3.471972595105071,3.604672790047739,7.246414747776242
199,4975,Sybil Attack,0.72,0.7397740313377532,0.31117406385573565,0.4779095117825266,0.7397740313377532,0.31117406385573565,0.4779095117825266,1.0509480951934889,1.21768354312028,0.7890835756382623,1.5288576069760156,2.1975960036911983,3.8672588033673656,1.9517795635080222,2.1975960036911983,3.8672588033673656,1.9517795635080222,6.064854807058564,4.14937556719922,5.819038366875388,8.016634370566587
200,5000,Blackhole Attack,0.88,0.7918862948621738,0.2521334873499831,0.5208307663117119,0.7918862948621738,0.2521334873499831,0.5208307663117119,1.0440197822121569,1.3127170611738856,0.772964253661695,1.5648505485238688,2.5119029261080623,2.732171694791723,2.3356893005339683,2.5119029261080623,2.732171694791723,2.3356893005339683,5.244074620899785,4.84759222664203,5.067860995325692,7.579763921433754
201,5025,Blackhole Attack,0.76,0.8601456057711303,0.29970566001637056,0.49409434145649567,0.8601456057711303,0.29970566001637056,0.49409434145649567,1.1598512657875009,1.3542399472276259,0.7938000014728662,1.6539456072439966,2.9235982255846653,3.646772518774017,2.096544989684421,2.9235982255846653,3.646772518774017,2.096544989684421,6.570370744358682,5.020143215269086,5.743317508458437,8.666915734043103
202,5050,Blackhole Attack,0.92,0.8153436808899197,0.2014070165721288,0.5448777451816952,0.8153436808899197,0.2014070165721288,0.5448777451816952,1.0167506974620486,1.360221426071615,0.746284761753824,1.5616284426437437,2.6533824610906516,1.7569277786373596,2.550777825683352,2.6533824610906516,1.7569277786373596,2.550777825683352,4.410310239728011,5.2041602867740036,4.307705604320711,6.961088065411363
203,5075,Normal Traffic,0.68,0.9023442974774952,0.3122556563764954,0.42196451205912133,0.9023442974774952,0.3122556563764954,0.42196451205912133,1.2145999538539907,1.3243088095366167,0.7342201684356167,1.636564465913112,3.178112998561859,3.8880530062648693,1.4513787628481807,3.178112998561859,3.8880530062648693,1.4513787628481807,7.066166004826728,4.62949176141004,5.33943176911305,8.51754476767491
204,5100,Normal Traffic,0.68,0.889013249072685,0.29767075396484605,0.3512945206476555,0.889013249072685,0.29767075396484605,0.3512945206476555,1.186684003037531,1.2403077697203404,0.6489652746125015,1.5379785236851864,3.097708876512111,3.6076503461437586,0.8192700764640616,3.097708876512111,3.6076503461437586,0.8192700764640616,6.705359222655869,3.9169789529761725,4.42692042260782,7.524629299119931
205,5125,Blackhole Attack,0.88,0.7944426332858496,0.1792298289906092,0.6820161518202837,0.7944426332858496,0.1792298289906092,0.6820161518202837,0.9736724622764589,1.4764587851061335,0.861245980810893,1.6556886140967426,2.5273210793077405,1.330559317858627,3.7774141438967,2.5273210793077405,1.330559317858627,3.7774141438967,3.8578803971663675,6.304735223204441,5.107973461755327,7.635294541063068
206,5150,Blackhole Attack,0.88,0.8278992064505852,0.2275065540109935,0.49496929879769513,0.8278992064505852,0.2275065540109935,0.49496929879769513,1.0554057604615787,1.3228685052482803,0.7224758528086886,1.5503750592592738,2.7291091390625217,2.258705543015324,2.1043710573623917,2.7291091390625217,2.258705543015324,2.1043710573623917,4.987814682077845,4.8334801964249134,4.363076600377715,7.092185739440237
207,5175,Wormhole Attack,0.76,0.6907856735325268,0.18785112531641665,0.48495998156923315,0.6907856735325268,0.18785112531641665,0.48495998156923315,0.8786367988489435,1.17574565510176,0.6728111068856498,1.3635967804181766,1.902130427362866,1.4963084161534428,2.0148425851138647,1.902130427362866,1.4963084161534428,2.0148425851138647,3.398438843516309,3.916973012476731,3.5111510012673075,5.413281428630174
208,5200,Blackhole Attack,0.76,0.7609165713311614,0.24543779657263165,0.5245941594678966,0.7609165713311614,0.24543779657263165,0.5245941594678966,1.0063543679037932,1.285510730799058,0.7700319560405282,1.5309485273716898,2.3251139088439756,2.6034434076680375,2.369351021114239,2.3251139088439756,2.6034434076680375,2.369351021114239,4.928557316512013,4.694464929958214,4.972794428782276,7.297908337626252
209,5225,Blackhole Attack,0.72,0.7723846582040006,0.18490160614035142,0.36840229784231077,0.7723846582040006,0.18490160614035142,0.36840229784231077,0.957286264344352,1.1407869560463113,0.5533039039826622,1.3256885621866628,2.394281871377827,1.4396023100922648,0.9722908191227515,2.394281871377827,1.4396023100922648,0.9722908191227515,3.8338841814700917,3.3665726905005786,2.4118931292150165,4.806175000592843
210,5250,Sybil Attack,0.72,0.8649680289847153,0.2687457911005717,0.4498254592448663,0.8649680289847153,0.2687457911005717,0.4498254592448663,1.133713820085287,1.3147934882295815,0.718571250345438,1.5835392793301533,2.9526839128364433,3.0515522453728754,1.700581378771256,2.9526839128364433,3.0515522453728754,1.700581378771256,6.004236158209318,4.653265291607699,4.752133624144132,7.704817536980574
211,5275,Blackhole Attack,0.76,0.6980581412898716,0.14599410111162714,0.5082343612018094,0.6980581412898716,0.14599410111162714,0.5082343612018094,0.8440522424014988,1.206292502491681,0.6542284623134366,1.352286603603308,1.9459931729930913,0.6915844214010206,2.2230205860180243,1.9459931729930913,0.6915844214010206,2.2230205860180243,2.637577594394112,4.169013759011116,2.914605007419045,4.860598180412136
212,5300,Blackhole Attack,0.76,0.8717630333232314,0.10034346936554907,0.5733115229801764,0.8717630333232314,0.10034346936554907,0.5733115229801764,0.9721065026887804,1.4450745563034078,0.6736549923457255,1.545418025668957,2.993666912940582,-0.18607373609102915,2.805104132707918,2.993666912940582,-0.18607373609102915,2.805104132707918,2.807593176849553,5.7987710456485,2.619030396616889,5.612697309557471
213,5325,Sybil Attack,0.76,0.9108161122409955,0.25105980179415993,0.3244819828965758,0.9108161122409955,0.25105980179415993,0.3244819828965758,1.1618759140351553,1.2352980951375714,0.5755417846907358,1.486357896931731,3.229209417053712,2.7115295075840833,0.5794449727962299,3.229209417053712,2.7115295075840833,0.5794449727962299,5.940738924637795,3.808654389849942,3.290974480380313,6.520183897434025
214,5350,Sybil Attack,0.8,0.7104767738186692,0.3214324737226375,0.4442491644153221,0.7104767738186692,0.3214324737226375,0.4442491644153221,1.0319092475413068,1.1547259382339914,0.7656816381379596,1.476158411956629,2.0208942021706706,4.064482297505688,1.6507041348492786,2.0208942021706706,4.064482297505688,1.6507041348492786,6.085376499676358,3.671598337019949,5.715186432354966,7.736080634525637
215,5375,Blackhole Attack,0.88,0.671540301549216,0.2965006731370039,0.35432444297244403,0.671540301549216,0.2965006731370039,0.35432444297244403,0.9680409746862199,1.02586474452166,0.6508251161094479,1.3223654176586639,1.7860549927195877,3.5851549075440743,0.846371257351672,1.7860549927195877,3.5851549075440743,0.846371257351672,5.371209900263662,2.6324262500712594,4.431526164895747,6.217581157615334
216,5400,Blackhole Attack,0.76,0.8727740576132749,0.2957400994716588,0.4951885904910463,0.8727740576132749,0.2957400994716588,0.4951885904910463,1.1685141570849336,1.3679626481043212,0.790928689962705,1.6637027475759798,2.999764746955091,3.570532466271482,2.106332514855885,2.999764746955091,3.570532466271482,2.106332514855885,6.5702972132265725,5.106097261810977,5.676864981127367,8.676629728082457
217,5425,Normal Traffic,0.72,0.8335584864554965,0.23082657033056958,0.32442683618572365,0.8335584864554965,0.23082657033056958,0.32442683618572365,1.064385056786066,1.15798532264122,0.5552534065162933,1.3888118929717896,2.763242196449396,2.322534657628464,0.5789517123010898,2.763242196449396,2.322534657628464,0.5789517123010898,5.08577685407786,3.3421939087504855,2.9014863699295534,5.66472856637895
218,5450,Sybil Attack,0.92,0.7757612923639783,0.2488065321406213,0.41375661575919365,0.7757612923639783,0.2488065321406213,0.41375661575919365,1.0245678245045995,1.189517908123172,0.662563147899815,1.4383244402637931,2.4146475093135673,2.6682091762586055,1.3779631242652306,2.4146475093135673,2.6682091762586055,1.3779631242652306,5.082856685572173,3.792610633578798,4.046172300523836,6.460819809837403
219,5475,Normal Traffic,0.72,0.8998689316795709,0.2996491886064605,0.4741865227257693,0.8998689316795709,0.2996491886064605,0.4741865227257693,1.1995181202860314,1.3740554544053403,0.7738357113322298,1.6737046430118008,3.1631832190208695,3.6456868252868313,1.9184792379371955,3.1631832190208695,3.6456868252868313,1.9184792379371955,6.808870044307701,5.081662456958065,5.564166063224027,8.727349282244896
220,5500,Sybil Attack,0.84,0.9471403807424703,0.3086823890916311,0.280069095825207,0.9471403807424703,0.3086823890916311,0.280069095825207,1.2558227698341013,1.2272094765676773,0.588751484916838,1.5358918656593084,3.4482935302661852,3.8193550044736884,0.18219330848296178,3.4482935302661852,3.8193550044736884,0.18219330848296178,7.267648534739873,3.630486838749147,4.0015483129566505,7.449841843222835
221,5525,Blackhole Attack,0.8,0.7056564340909383,0.26029317401138025,0.3299848446774449,0.7056564340909383,0.26029317401138025,0.3299848446774449,0.9659496081023184,1.035641278768383,0.5902780186888251,1.2959344527797634,1.9918210811361776,2.889046096898317,0.6286653938290554,1.9918210811361776,2.889046096898317,0.6286653938290554,4.880867178034494,2.620486474965233,3.5177114907273723,5.5095325718635495
222,5550,Wormhole Attack,0.76,0.946572525076542,0.2119047775288144,0.5054165724602786,0.946572525076542,0.2119047775288144,0.5054165724602786,1.1584773026053563,1.4519890975368206,0.717321349989093,1.663893875065635,3.4448685981165528,1.9587529273074695,2.1978168368121342,3.4448685981165528,1.9587529273074695,2.1978168368121342,5.403621525424022,5.642685434928687,4.156569764119604,7.601438362236156
223,5575,Normal Traffic,0.72,0.7080078433829607,0.3334243199737849,0.2795102485450203,0.7080078433829607,0.3334243199737849,0.2795102485450203,1.0414321633567456,0.9875180919279811,0.6129345685188052,1.3209424119017659,2.006003236504878,4.295032046395289,0.17719469148708045,2.006003236504878,4.295032046395289,0.17719469148708045,6.301035282900168,2.1831979279919587,4.4722267378823695,6.478229974387248
224,5600,Sybil Attack,0.92,0.7015703713699277,0.25146449714357655,0.4259174939367962,0.7015703713699277,0.25146449714357655,0.4259174939367962,0.9530348685135043,1.127487865306724,0.6773819910803727,1.3789523624503004,1.9671766363973444,2.719309995194643,1.486736262291599,1.9671766363973444,2.719309995194643,1.486736262291599,4.686486631591988,3.4539128986889436,4.206046257486242,6.173222893883587
225,5625,Blackhole Attack,0.88,0.7620700365660997,0.21677821768706107,0.4783010555647529,0.7620700365660997,0.21677821768706107,0.4783010555647529,0.9788482542531608,1.2403710921308526,0.695079273251814,1.4571493098179138,2.332070853017748,2.052447457839394,1.9552817321216265,2.332070853017748,2.052447457839394,1.9552817321216265,4.384518310857142,4.287352585139375,4.007729189961021,6.339800042978768
226,5650,Sybil Attack,0.76,0.8303201930786526,0.24318505216749875,0.39590619780993186,0.8303201930786526,0.24318505216749875,0.39590619780993186,1.0735052452461513,1.2262263908885844,0.6390912499774306,1.4694114430560832,2.743710939192037,2.5601331745280698,1.2182998214126892,2.743710939192037,2.5601331745280698,1.2182998214126892,5.303844113720107,3.962010760604726,3.7784329959407588,6.522143935132796
227,5675,Wormhole Attack,0.8,0.573243590867986,0.22952289627640268,0.5083976054356925,0.573243590867986,0.22952289627640268,0.5083976054356925,0.8027664871443887,1.0816411963036785,0.7379205017120951,1.3111640925800812,1.193193840115072,2.297470816788,2.224480726258297,1.193193840115072,2.297470816788,2.224480726258297,3.490664656903072,3.4176745663733685,4.521951543046297,5.715145383161369
228,5700,Blackhole Attack,0.84,0.7420139397951367,0.2161388816310493,0.3830734113694393,0.7420139397951367,0.2161388816310493,0.3830734113694393,0.9581528214261861,1.125087351164576,0.5992122930004886,1.3412262327956253,2.2111056593100877,2.0401558753688898,1.1035167909136703,2.2111056593100877,2.0401558753688898,1.1035167909136703,4.251261534678978,3.314622450223758,3.1436726662825603,5.354778325592648
229,5725,Flooding Attack,0.92,0.7962615432068434,0.2985698257856163,0.3296377553943915,0.7962615432068434,0.2985698257856163,0.3296377553943915,1.0948313689924598,1.1258992986012348,0.6282075811800079,1.4244691243868512,2.5382915484594624,3.6249354895796553,0.6255608490797648,2.5382915484594624,3.6249354895796553,0.6255608490797648,6.163227038039118,3.163852397539227,4.250496338659421,6.7887878871188825
230,5750,Flooding Attack,0.88,0.7079618567864084,0.23819041242414854,0.48279950094066154,0.7079618567864084,0.23819041242414854,0.48279950094066154,0.946152269210557,1.19076135772707,0.7209899133648101,1.4289517701512184,2.005725875579498,2.4641085162305005,1.9955181371436737,2.005725875579498,2.4641085162305005,1.9955181371436737,4.469834391809998,4.001244012723172,4.459626653374174,6.465352528953672
231,5775,Sybil Attack,0.76,0.7482241679165841,0.29164180730143396,0.3707363852410819,0.7482241679165841,0.29164180730143396,0.3707363852410819,1.0398659752180182,1.1189605531576658,0.6623781925425158,1.4106023604591,2.2485616736212695,3.4917405762711287,0.9931680951783356,2.2485616736212695,3.4917405762711287,0.9931680951783356,5.740302249892398,3.241729768799605,4.484908671449464,6.733470345070733
232,5800,Flooding Attack,0.84,0.7225785208695945,0.2761114081187565,0.4473094337800334,0.7225785208695945,0.2761114081187565,0.4473094337800334,0.9986899289883511,1.169887954649628,0.72342084189879,1.4459993627683845,2.093883986420998,3.1931602278632285,1.6780767552426552,2.093883986420998,3.1931602278632285,1.6780767552426552,5.287044214284227,3.771960741663653,4.8712369831058835,6.965120969526882
233,5825,Flooding Attack,0.72,0.5966607931104212,0.24077178035324448,0.3968845326804248,0.5966607931104212,0.24077178035324448,0.3968845326804248,0.8374325734636656,0.993545325790846,0.6376563130336692,1.2343171061440903,1.3344310129157502,2.513736714873207,1.2270505507884781,1.3344310129157502,2.513736714873207,1.2270505507884781,3.848167727788957,2.5614815637042283,3.740787265661685,5.075218278577435
234,5850,Blackhole Attack,0.76,0.7733811812641448,0.19760916198571216,0.5101491730136645,0.7733811812641448,0.19760916198571216,0.5101491730136645,0.970990343249857,1.2835303542778091,0.7077583349993766,1.4811395162635215,2.4002922435046217,1.683911964151429,2.240147645960869,2.4002922435046217,1.683911964151429,2.240147645960869,4.08420420765605,4.64043988946549,3.924059610112298,6.324351853616919
235,5875,Blackhole Attack,0.84,0.7849083194705967,0.25648556890105334,0.47756576770780873,0.7849083194705967,0.25648556890105334,0.47756576770780873,1.04139388837165,1.2624740871784055,0.7340513366088621,1.5189596560794587,2.469816364870909,2.815842823301256,1.9487049400195722,2.469816364870909,2.815842823301256,1.9487049400195722,5.285659188172165,4.418521304890481,4.764547763320828,7.2343641281917375
236,5900,Normal Traffic,0.64,0.7650408111669192,0.18782792866074177,0.38971050018601483,0.7650408111669192,0.18782792866074177,0.38971050018601483,0.952868739827661,1.1547513113529342,0.5775384288467567,1.3425792400136758,2.3499886128467793,1.4958624478655813,1.1628823208856978,2.3499886128467793,1.4958624478655813,1.1628823208856978,3.8458510607123606,3.512870933732477,2.658744768751279,5.008733381598058
237,5925,Sybil Attack,0.84,0.7922703482042449,0.3292477832684857,0.36522080919100003,0.7922703482042449,0.3292477832684857,0.36522080919100003,1.1215181314727305,1.1574911573952449,0.6944685924594858,1.4867389406637306,2.514219283445596,4.214735862766117,0.9438339511939444,2.514219283445596,4.214735862766117,0.9438339511939444,6.728955146211714,3.4580532346395403,5.158569813960062,7.6727890974056585
238,5950,Flooding Attack,0.8,0.8272904568951057,0.2520449145130336,0.5043717563515684,0.8272904568951057,0.2520449145130336,0.5043717563515684,1.0793353714081393,1.3316622132466742,0.7564166708646021,1.5837071277597077,2.7254375618489215,2.730468833956997,2.1884714651091084,2.7254375618489215,2.730468833956997,2.1884714651091084,5.455906395805918,4.91390902695803,4.918940299066105,7.644377860915027
239,5975,Blackhole Attack,0.76,0.6853399432052616,0.2599704041975758,0.3786062558068941,0.6853399432052616,0.2599704041975758,0.3786062558068941,0.9453103474028374,1.0639461990121557,0.6385766600044699,1.3239166032097316,1.8692853612744813,2.882840672148592,1.0635602580470793,1.8692853612744813,2.882840672148592,1.0635602580470793,4.752126033423074,2.9328456193215606,3.9464009301956713,5.815686291470153
240,6000,Wormhole Attack,0.84,0.8635702330986561,0.24480956432679676,0.4153524432949625,0.8635702330986561,0.24480956432679676,0.4153524432949625,1.1083797974254528,1.2789226763936186,0.6601620076217593,1.5237322407204152,2.944253326763199,2.5913653019712,1.3922370250706977,2.944253326763199,2.5913653019712,1.3922370250706977,5.535618628734399,4.336490351833897,3.983602327041898,6.927855653805096
241,6025,Blackhole Attack,0.8,0.9348743966179222,0.15837532592578313,0.6110453830542667,0.9348743966179222,0.15837532592578313,0.6110453830542667,1.0932497225437052,1.5459197796721889,0.7694207089800498,1.7042951055979718,3.3743131759337697,0.9296201843742361,3.1426151504291617,3.3743131759337697,0.9296201843742361,3.1426151504291617,4.303933360308005,6.516928326362931,4.0722353348033975,7.446548510737167
242,6050,Wormhole Attack,0.92,0.6552381471221961,0.1938871431512171,0.6378129823393845,0.6552381471221961,0.1938871431512171,0.6378129823393845,0.8491252902734132,1.2930511294615807,0.8317001254906017,1.4869382726127978,1.687731111924812,1.6123541331316145,3.3820383013852426,1.687731111924812,1.6123541331316145,3.3820383013852426,3.3000852450564264,5.069769413310055,4.9943924345168575,6.6821235464416695
243,6075,Wormhole Attack,0.76,0.7892860742816636,0.1696907285620172,0.7417285710465038,0.7892860742816636,0.1696907285620172,0.7417285710465038,0.9589768028436808,1.5310146453281674,0.911419299608521,1.7007053738901847,2.4962201045802246,1.147164937845278,4.311512678848268,2.4962201045802246,1.147164937845278,4.311512678848268,3.6433850424255025,6.807732783428492,5.458677616693546,7.95489772127377
244,6100,Sybil Attack,0.92,0.8586876227001004,0.2909187432250974,0.38122424586877446,0.8586876227001004,0.2909187432250974,0.38122424586877446,1.1496063659251978,1.2399118685688748,0.6721429890938719,1.5308306117939723,2.9148046299701402,3.4778392771934716,1.0869769052820664,2.9148046299701402,3.4778392771934716,1.0869769052820664,6.392643907163611,4.001781535252206,4.564816182475538,7.479620812445678
245,6125,Sybil Attack,0.84,0.8141993383422672,0.2854528430704961,0.48730828106420077,0.8141993383422672,0.2854528430704961,0.48730828106420077,1.0996521814127633,1.3015076194064679,0.7727611241346969,1.5869604624769642,2.6464805389706347,3.372754381864832,2.035846981454567,2.6464805389706347,3.372754381864832,2.035846981454567,6.0192349208354665,4.682327520425202,5.408601363319399,8.055081902290034
246,6150,Blackhole Attack,0.8,0.8186172253620791,0.20715038372996553,0.5083459208325392,0.8186172253620791,0.20715038372996553,0.5083459208325392,1.0257676090920447,1.3269631461946183,0.7154963045625047,1.5341135299245838,2.673126329785916,1.867347127609028,2.2240184326319214,2.673126329785916,1.867347127609028,2.2240184326319214,4.540473457394944,4.897144762417837,4.091365560240949,6.764491890026865
247,6175,Blackhole Attack,0.8,0.7600221506563201,0.172363904338315,0.5252695657514472,0.7600221506563201,0.172363904338315,0.5252695657514472,0.932386054994635,1.2852917164077673,0.6976334700897622,1.4576556207460822,2.319719351197796,1.198558192149573,2.3753922016796225,2.319719351197796,1.198558192149573,2.3753922016796225,3.5182775433473688,4.695111552877418,3.5739503938291954,5.893669745026991
248,6200,Wormhole Attack,0.88,0.83537278892799,0.21414296246864084,0.5069148981241005,0.83537278892799,0.21414296246864084,0.5069148981241005,1.049515751396631,1.3422876870520906,0.7210578605927414,1.5564306495207314,2.774184876500043,2.0017832468294614,2.2112186308157544,2.774184876500043,2.0017832468294614,2.2112186308157544,4.775968123329505,4.985403507315798,4.213001877645215,6.9871867541452595
249,6225,Wormhole Attack,0.84,0.6926468990013057,0.24810746279896947,0.5129212314189706,0.6926468990013057,0.24810746279896947,0.5129212314189706,0.9407543618002752,1.2055681304202763,0.7610286942179401,1.4536755932192458,1.9133561160866275,2.654769188970674,2.2649423595608176,1.9133561160866275,2.654769188970674,2.2649423595608176,4.568125305057301,4.178298475647445,4.919711548531492,6.8330676646181185
250,6250,Normal Traffic,0.76,0.9324072460236182,0.29398471447854535,0.38174897664985413,0.9324072460236182,0.29398471447854535,0.38174897664985413,1.2263919605021636,1.3141562226734724,0.6757336911283995,1.6081409371520177,3.359432945101516,3.5367842376091807,1.091670366793932,3.359432945101516,3.5367842376091807,1.091670366793932,6.896217182710696,4.451103311895448,4.628454604403113,7.987887549504628
251,6275,Sybil Attack,0.76,0.5180171179044201,0.26374385529797545,0.3002686803751837,0.5180171179044201,0.26374385529797545,0.3002686803751837,0.7817609732023956,0.8182857982796038,0.5640125356731591,1.0820296535775793,0.8601040531979804,2.955387316378716,0.3628687635151968,0.8601040531979804,2.955387316378716,0.3628687635151968,3.8154913695766965,1.2229728167131773,3.3182560798939127,4.178360133091894
252,6300,Blackhole Attack,0.84,0.6870914037286076,0.18613752470062211,0.5353057676394274,0.6870914037286076,0.18613752470062211,0.5353057676394274,0.8732289284292296,1.2223971713680348,0.7214432923400496,1.4085346960686569,1.8798490199911964,1.4633635148101074,2.4651611441259305,1.8798490199911964,1.4633635148101074,2.4651611441259305,3.343212534801304,4.345010164117127,3.9285246589360376,5.808373678927234
253,6325,Blackhole Attack,0.72,0.7663259895543668,0.2988099169715241,0.28371250944847853,0.7663259895543668,0.2988099169715241,0.28371250944847853,1.065135906525891,1.0500384990028453,0.5825224264200026,1.3488484159743694,2.357739964187065,3.6295513728608766,0.21478187052128284,2.357739964187065,3.6295513728608766,0.21478187052128284,5.9872913370479415,2.572521834708348,3.8443332433821595,6.202073207569224
254,6350,Sybil Attack,0.88,0.6559723267336778,0.2566041754966703,0.40831284924375716,0.6559723267336778,0.2566041754966703,0.40831284924375716,0.912576502230348,1.064285175977435,0.6649170247404275,1.3208893514741051,1.6921592007964052,2.818123099437512,1.329271281626969,1.6921592007964052,2.818123099437512,1.329271281626969,4.510282300233917,3.021430482423374,4.147394381064481,5.839553581860886
255,6375,Blackhole Attack,0.88,0.5500340494902954,0.23133587815695714,0.5195062680886428,0.5500340494902954,0.23133587815695714,0.5195062680886428,0.7813699276472525,1.0695403175789382,0.7508421462455999,1.3008761957358952,1.053209141163926,2.33232637685351,2.3238423084064657,1.053209141163926,2.33232637685351,2.3238423084064657,3.385535518017436,3.3770514495703914,4.656168685259976,5.709377826423902
256,6400,Blackhole Attack,0.88,0.6548663521951386,0.21784019558051737,0.5121406905662829,0.6548663521951386,0.21784019558051737,0.5121406905662829,0.8727065477756559,1.1670070427614214,0.7299808861468002,1.3848472383419388,1.685488689289708,2.072864558887469,2.2579608014311594,1.685488689289708,2.072864558887469,2.2579608014311594,3.758353248177177,3.9434494907208677,4.330825360318628,6.0163140496083365
257,6425,Blackhole Attack,0.76,0.7857379211426252,0.30114722301117713,0.41310975208708217,0.7857379211426252,0.30114722301117713,0.41310975208708217,1.0868851441538023,1.1988476732297073,0.7142569750982593,1.4999948962408844,2.47481997689488,3.674487349293079,1.372177243470831,2.47481997689488,3.674487349293079,1.372177243470831,6.149307326187959,3.8469972203657115,5.04666459276391,7.5214845696587895
258,6450,Normal Traffic,0.6,0.8067116095220033,0.30638233515816243,0.2161740596539635,0.8067116095220033,0.30638233515816243,0.2161740596539635,1.1130939446801658,1.0228856691759667,0.5225563948121259,1.3292680043341292,2.6013194800907735,3.77513521998946,-0.3893166998530187,2.6013194800907735,3.77513521998946,-0.3893166998530187,6.376454700080234,2.212002780237755,3.3858185201364415,5.9871380002272145
259,6475,Blackhole Attack,0.84,0.685154130731447,0.21516749132908108,0.5923650697964467,0.685154130731447,0.21516749132908108,0.5923650697964467,0.9003216220605281,1.2775192005278937,0.8075325611255277,1.4926866918569748,1.8681646625590254,2.021480369904405,2.975528837854222,1.8681646625590254,2.021480369904405,2.975528837854222,3.88964503246343,4.843693500413248,4.997009207758627,6.865173870317652
260,6500,Flooding Attack,0.8,0.7535484333326734,0.20905734265504802,0.643239066608837,0.7535484333326734,0.20905734265504802,0.643239066608837,0.9626057759877215,1.3967874999415104,0.8522964092638851,1.6058448425965586,2.2806741431991333,1.9040094473313551,3.430571984937051,2.2806741431991333,1.9040094473313551,3.430571984937051,4.184683590530488,5.711246128136184,5.334581432268406,7.61525557546754
261,6525,Normal Traffic,0.72,0.9380966159003759,0.2867021401698509,0.601564713520018,0.9380966159003759,0.2867021401698509,0.601564713520018,1.2247987560702267,1.5396613294203938,0.8882668536898688,1.8263634695902446,3.3937474848185816,3.396772796253458,3.057815174574578,3.3937474848185816,3.396772796253458,3.057815174574578,6.790520281072039,6.45156265939316,6.454587970828037,9.848335455646618
262,6550,Normal Traffic,0.68,0.7661309884414313,0.21647568990925573,0.53365138496299,0.7661309884414313,0.21647568990925573,0.53365138496299,0.982606678350687,1.2997823734044214,0.7501270748722457,1.516258063313677,2.356563845639731,2.046631197211596,2.4503634960790994,2.356563845639731,2.046631197211596,2.4503634960790994,4.403195042851327,4.806927341718831,4.496994693290695,6.853558538930427
263,6575,Blackhole Attack,0.84,0.9643607179874207,0.27631031664537503,0.4216589577356038,0.9643607179874207,0.27631031664537503,0.4216589577356038,1.2406710346327958,1.3860196757230245,0.6979692743809789,1.6623299923683996,3.552155286336414,3.196984352180993,1.4486457281017477,3.552155286336414,3.196984352180993,1.4486457281017477,6.749139638517407,5.000801014438162,4.645630080282741,8.197785366619154
264,6600,Blackhole Attack,0.88,0.8156695911354142,0.2130697372642706,0.6755143160228811,0.8156695911354142,0.2130697372642706,0.6755143160228811,1.0287393283996846,1.4911839071582953,0.8885840532871517,1.7042536444225658,2.655348137484606,1.981149910128211,3.7192583863694026,2.655348137484606,1.981149910128211,3.7192583863694026,4.636498047612817,6.374606523854009,5.7004082964976135,8.35575643398222
265,6625,Wormhole Attack,0.76,0.6902948657760846,0.1582619373957712,0.5158154523207963,0.6902948657760846,0.1582619373957712,0.5158154523207963,0.8485568031718558,1.2061103180968809,0.6740773897165675,1.364372255492652,1.8991701975629571,0.9274402283796613,2.2908297572499827,1.8991701975629571,0.9274402283796613,2.2908297572499827,2.8266104259426186,4.18999995481294,3.218269985629644,5.117440183192601
266,6650,Sybil Attack,0.92,0.6447580519047065,0.2689272746613605,0.4327804303193995,0.6447580519047065,0.2689272746613605,0.4327804303193995,0.9136853265660669,1.077538482224106,0.7017077049807601,1.3464657568854665,1.6245220656913615,3.0550413652707773,1.5481218888482384,1.6245220656913615,3.0550413652707773,1.5481218888482384,4.679563430962139,3.1726439545396,4.603163254119016,6.227685319810377
267,6675,Sybil Attack,0.84,0.6251153925326179,0.2986689036216771,0.4067302398395514,0.6251153925326179,0.2986689036216771,0.4067302398395514,0.923784296154295,1.0318456323721694,0.7053991434612286,1.3305145359938464,1.5060504546389886,3.6268403147205004,1.3151156105766206,1.5060504546389886,3.6268403147205004,1.3151156105766206,5.132890769359489,2.821166065215609,4.941955925297121,6.44800637993611
268,6700,Normal Traffic,0.64,0.7157937462916288,0.21868237787270392,0.34389238588077237,0.7157937462916288,0.21868237787270392,0.34389238588077237,0.9344761241643328,1.0596861321724012,0.5625747637534763,1.2783685100451052,2.0529626855089154,2.0890559702778795,0.7530615827246161,2.0529626855089154,2.0890559702778795,0.7530615827246161,4.142018655786795,2.8060242682335312,2.8421175530024954,4.895080238511411
269,6725,Blackhole Attack,0.76,0.7524535595892796,0.22232327824136075,0.4533423626456743,0.7524535595892796,0.22232327824136075,0.4533423626456743,0.9747768378306404,1.205795922234954,0.6756656408870351,1.4281192004763148,2.2740705843926756,2.1590542547910396,1.73203836842732,2.2740705843926756,2.1590542547910396,1.73203836842732,4.433124839183716,4.006108952819996,3.8910926232183596,6.165163207611036
270,6750,Blackhole Attack,0.8,0.6552132952462209,0.24304352821179231,0.492965316527788,0.6552132952462209,0.24304352821179231,0.492965316527788,0.8982568234580132,1.148178611774009,0.7360088447395803,1.3912221399858011,1.6875812217430046,2.5574122997130795,2.0864464110610688,1.6875812217430046,2.5574122997130795,2.0864464110610688,4.2449935214560846,3.7740276328040734,4.643858710774149,6.331439932517153
271,6775,Sybil Attack,0.84,0.8867850639650329,0.2844960821593919,0.34861772871839747,0.8867850639650329,0.2844960821593919,0.34861772871839747,1.1712811461244248,1.2354027926834303,0.6331138108777894,1.5198988748428222,3.084269928433545,3.3543601343750966,0.7953274751373495,3.084269928433545,3.3543601343750966,0.7953274751373495,6.438630062808642,3.8795974035708944,4.149687609512446,7.233957537945991
272,6800,Blackhole Attack,0.72,0.8579949058613853,0.2560326498777847,0.5291580877185588,0.8579949058613853,0.2560326498777847,0.5291580877185588,1.11402755573917,1.387152993579944,0.7851907375963434,1.6431856434577288,2.9106266172921678,2.807135209403027,2.410173138588126,2.9106266172921678,2.807135209403027,2.410173138588126,5.717761826695195,5.320799755880294,5.217308347991153,8.127934965283321
273,6825,Wormhole Attack,0.88,0.7227185203778508,0.2633224803776365,0.5821664653578746,0.7227185203778508,0.2633224803776365,0.5821664653578746,0.9860410007554873,1.3048849857357254,0.8454889457355111,1.5682074661133618,2.0947283714391096,2.9472861549697105,2.884307283615133,2.0947283714391096,2.9472861549697105,2.884307283615133,5.0420145264088205,4.9790356550542425,5.831593438584843,7.926321810023953
274,6850,Sybil Attack,0.76,0.841590441506932,0.2822602868321786,0.26164204638342603,0.841590441506932,0.2822602868321786,0.26164204638342603,1.1238507283391106,1.103232487890358,0.5439023332156045,1.3854927747225365,2.8116856702590542,3.311375756451784,0.01737231750871389,2.8116856702590542,3.311375756451784,0.01737231750871389,6.123061426710838,2.829057987767768,3.3287480739604978,6.140433744219552
275,6875,Blackhole Attack,0.92,0.9606289305096909,0.20312009025944555,0.423454144527051,0.9606289305096909,0.20312009025944555,0.423454144527051,1.1637490207691363,1.3840830750367419,0.6265742347864965,1.5872031652961873,3.5296475970150816,1.7898625494948888,1.464702800444503,3.5296475970150816,1.7898625494948888,1.464702800444503,5.319510146509971,4.994350397459584,3.2545653499393916,6.784212946954474
276,6900,Normal Traffic,0.64,0.9021289672450535,0.220636640902786,0.24388735057558,0.9021289672450535,0.220636640902786,0.24388735057558,1.1227656081478394,1.1460163178206335,0.464523991478366,1.3666529587234195,3.1768142681271248,2.126627737077887,-0.14143479736559642,3.1768142681271248,2.126627737077887,-0.14143479736559642,5.303442005205012,3.0353794707615283,1.9851929397122907,5.162007207839416
277,6925,Wormhole Attack,0.84,0.6459728432681704,0.2553216414638111,0.468820562219453,0.6459728432681704,0.2553216414638111,0.468820562219453,0.9012944847319815,1.1147934054876234,0.7241422036832641,1.3701150469514345,1.6318488887653584,2.793465686973625,1.8704833321914602,1.6318488887653584,2.793465686973625,1.8704833321914602,4.425314575738984,3.5023322209568186,4.663949019165085,6.295797907930444
278,6950,Flooding Attack,0.76,0.6732982669342263,0.2861728745597434,0.3866458853114818,0.6732982669342263,0.2861728745597434,0.3866458853114818,0.9594711414939697,1.0599441522457083,0.6728187598712252,1.3461170268054516,1.796657884486495,3.386597377810738,1.1354708320214157,1.796657884486495,3.386597377810738,1.1354708320214157,5.183255262297233,2.932128716507911,4.522068209832153,6.318726094318649
279,6975,Wormhole Attack,0.88,0.8283789257060727,0.2781886320741218,0.3187711242413211,0.8283789257060727,0.2781886320741218,0.3187711242413211,1.1065675577801946,1.147150049947394,0.596959756315443,1.4253386820215157,2.732002490312669,3.2330959851492356,0.5283641209296941,2.732002490312669,3.2330959851492356,0.5283641209296941,5.965098475461905,3.2603666112423633,3.7614601060789297,6.493462596391598
280,7000,Normal Traffic,0.72,0.8133898923658525,0.26922207431270095,0.5824529557437005,0.8133898923658525,0.26922207431270095,0.5824529557437005,1.0826119666785534,1.3958428481095528,0.8516750300564014,1.6650649224222538,2.641598492855129,3.0607090484753363,2.886869800715095,2.641598492855129,3.0607090484753363,2.886869800715095,5.702307541330465,5.528468293570224,5.947578849190432,8.58917734204556
281,7025,Flooding Attack,0.76,0.5590352218098378,0.16823978572842752,0.5823393096501497,0.5590352218098378,0.16823978572842752,0.5823393096501497,0.7272750075382652,1.1413745314599875,0.7505790953785771,1.309614317188415,1.107498296509739,1.1192697748377252,2.8858532917065,1.107498296509739,1.1192697748377252,2.8858532917065,2.2267680713474642,3.993351588216239,4.0051230665442255,5.1126213630539645
282,7050,Blackhole Attack,0.96,0.7883601127313505,0.2395444816106319,0.43873303120501983,0.7883601127313505,0.2395444816106319,0.43873303120501983,1.0279045943419824,1.2270931439363704,0.6782775128156517,1.4666376255470022,2.490635313103668,2.490141230825471,1.6013650073378205,2.490635313103668,2.490141230825471,1.6013650073378205,4.980776543929139,4.092000320441489,4.091506238163292,6.582141551266959
283,7075,Wormhole Attack,0.88,0.9500960980476354,0.2909497875682661,0.4607384529225292,0.9500960980476354,0.2909497875682661,0.4607384529225292,1.2410458856159015,1.4108345509701645,0.7516882404907953,1.7017843385384306,3.4661204743843457,3.4784361215302058,1.798192797144607,3.4661204743843457,3.4784361215302058,1.798192797144607,6.944556595914552,5.264313271528953,5.276628918674813,8.742749393059158
284,7100,Normal Traffic,0.68,0.8212488709921928,0.18950185293697835,0.2144984631956251,0.8212488709921928,0.18950185293697835,0.2144984631956251,1.010750723929171,1.0357473341878178,0.40400031613260345,1.2252491871247961,2.6889986865586204,1.5280445500593638,-0.4043040948566966,2.6889986865586204,1.5280445500593638,-0.4043040948566966,4.217043236617984,2.284694591701924,1.1237404552026673,3.8127391417612877
285,7125,Flooding Attack,0.72,0.8107038100833257,0.328891259156092,0.4308986219168012,0.8107038100833257,0.328891259156092,0.4308986219168012,1.1395950692394177,1.2416024320001269,0.7597898810728932,1.5704936911562188,2.625397809973952,4.207881493316743,1.5312900283423097,2.625397809973952,4.207881493316743,1.5312900283423097,6.833279303290695,4.1566878383162615,5.739171521659053,8.364569331633005
286,7150,Sybil Attack,0.88,0.8628304273132449,0.2852015194685785,0.46470338072333206,0.8628304273132449,0.2852015194685785,0.46470338072333206,1.1480319467818234,1.327533808036577,0.7499049001919106,1.6127353275051555,2.9397913045083066,3.3679225492930467,1.8336571470577265,2.9397913045083066,3.3679225492930467,1.8336571470577265,6.307713853801353,4.773448451566033,5.201579696350773,8.14137100085908
287,7175,Wormhole Attack,0.88,0.6373959932625212,0.2442826549109396,0.4989419862863648,0.6373959932625212,0.2442826549109396,0.4989419862863648,0.8816786481734608,1.136337979548886,0.7432246411973045,1.3806206344598255,1.580118966728036,2.581235182641008,2.13990481390775,1.580118966728036,2.581235182641008,2.13990481390775,4.1613541493690445,3.720023780635786,4.721139996548758,6.301258963276794
288,7200,Wormhole Attack,0.84,0.7606778000918504,0.2941037040334272,0.2831934520022598,0.7606778000918504,0.2941037040334272,0.2831934520022598,1.0547815041252777,1.0438712520941102,0.577297156035687,1.3379749561275376,2.3236737976625768,3.5390718763450324,0.2101391542292022,2.3236737976625768,3.5390718763450324,0.2101391542292022,5.862745674007609,2.533812951891779,3.7492110305742345,6.072884828236812
289,7225,Flooding Attack,0.76,0.9201732655192667,0.27776235733939836,0.349597191032486,0.9201732655192667,0.27776235733939836,0.349597191032486,1.197935622858665,1.2697704565517527,0.6273595483718843,1.547532813891151,3.2856456155715157,3.2249006221508925,0.8040882889475064,3.2856456155715157,3.2249006221508925,0.8040882889475064,6.510546237722409,4.089733904519022,4.0289889110983985,7.314634526669915
290,7250,Blackhole Attack,0.88,0.741468565456049,0.22918737352580576,0.5307693743683484,0.741468565456049,0.22918737352580576,0.5307693743683484,0.9706559389818548,1.2722379398243975,0.7599567478941541,1.5014253133502031,2.2078163197479426,2.2910202099108927,2.424585313646372,2.2078163197479426,2.2910202099108927,2.424585313646372,4.498836529658835,4.6324016333943145,4.715605523557265,6.923421843305206
291,7275,Blackhole Attack,0.8,0.857711890057588,0.26151106248650036,0.6715939363990955,0.857711890057588,0.26151106248650036,0.6715939363990955,1.1192229525440882,1.5293058264566834,0.9331049988855958,1.7908168889431837,2.908919651977848,2.912460663449119,3.6841924982233323,2.908919651977848,2.912460663449119,3.6841924982233323,5.821380315426968,6.593112150201181,6.596653161672451,9.5055728136503
292,7300,Blackhole Attack,0.84,0.7781264356691006,0.30698006389462124,0.36293056071540675,0.7781264356691006,0.30698006389462124,0.36293056071540675,1.0851064995637218,1.1410569963845072,0.6699106246100279,1.4480370602791286,2.4289124992225064,3.7866268791725894,0.9233487929749267,2.4289124992225064,3.7866268791725894,0.9233487929749267,6.215539378395096,3.352261292197433,4.709975672147516,7.138888171370023
293,7325,Wormhole Attack,0.8,0.7646177342378219,0.27026204811723376,0.3061682301438228,0.7646177342378219,0.27026204811723376,0.3061682301438228,1.0348797823550555,1.0707859643816446,0.5764302782610565,1.3410480124988782,2.3474368908808385,3.0807031089782266,0.41563736557713404,2.3474368908808385,3.0807031089782266,0.41563736557713404,5.428139999859065,2.7630742564579727,3.496340474555361,5.843777365436199
294,7350,Normal Traffic,0.72,0.9181390936142247,0.25893265887376193,0.4888732900124262,0.9181390936142247,0.25893265887376193,0.4888732900124262,1.1770717524879868,1.4070123836266508,0.7478059488861881,1.665945042500413,3.2733768276145123,2.8628894553963136,2.049845224990248,3.2733768276145123,2.8628894553963136,2.049845224990248,6.136266283010826,5.323222052604761,4.912734680386562,8.186111508001074
295,7375,Normal Traffic,0.72,0.7786311013790672,0.23118782212293787,0.6356852866173535,0.7786311013790672,0.23118782212293787,0.6356852866173535,1.0098189235020052,1.4143163879964207,0.8668731087402913,1.6455042101193587,2.4319563110898343,2.3294799192897746,3.3630070984514897,2.4319563110898343,2.3294799192897746,3.3630070984514897,4.7614362303796085,5.7949634095413245,5.692487017741264,8.124443328831099
296,7400,Normal Traffic,0.72,0.8779806269383711,0.3169733897036457,0.4759808832722489,0.8779806269383711,0.3169733897036457,0.4759808832722489,1.1949540166420167,1.35396151021062,0.7929542729758946,1.6709348999142657,3.0311673510686923,3.9787539885092453,1.9345289199207525,3.0311673510686923,3.9787539885092453,1.9345289199207525,7.009921339577938,4.9656962709894445,5.913282908429998,8.94445025949869
297,7425,Wormhole Attack,0.84,0.846387392360809,0.28362411717403174,0.33575671829944254,0.846387392360809,0.28362411717403174,0.33575671829944254,1.1300115095348406,1.1821441106602515,0.6193808354734742,1.4657682278342832,2.840617724978966,3.3375961345534613,0.6802919948842827,2.840617724978966,3.3375961345534613,0.6802919948842827,6.178213859532427,3.5209097198632486,4.017888129437744,6.85850585441671
298,7450,Wormhole Attack,0.88,0.8977691869101355,0.2716000275023675,0.6049531100515034,0.8977691869101355,0.2716000275023675,0.6049531100515034,1.169369214412503,1.502722296961639,0.8765531375538709,1.7743223244640065,3.150518938644085,3.1064264884146944,3.0881227328137646,3.150518938644085,3.1064264884146944,3.0881227328137646,6.256945427058779,6.23864167145785,6.194549221228459,9.345068159872543
299,7475,Blackhole Attack,0.8,0.848583351600455,0.16763988642276553,0.4216962550492369,0.848583351600455,0.16763988642276553,0.4216962550492369,1.0162232380232206,1.2702796066496918,0.5893361414720024,1.4379194930724575,2.8538623078024044,1.1077363852842874,1.4489793344239703,2.8538623078024044,1.1077363852842874,1.4489793344239703,3.9615986930866915,4.302841642226374,2.556715719708258,5.410578027510661
300,7500,Sybil Attack,0.76,0.6264318947719936,0.30836250949443855,0.38558676569329164,0.6264318947719936,0.30836250949443855,0.38558676569329164,0.9347944042664321,1.0120186604652852,0.6939492751877302,1.3203811699597239,1.5139907308662754,3.813205145706062,1.1259975223859313,1.5139907308662754,3.813205145706062,1.1259975223859313,5.327195876572337,2.6399882532522065,4.939202668091993,6.453193398958268
301,7525,Wormhole Attack,0.72,0.9208190398631111,0.2626879211435412,0.3221905637667641,0.9208190398631111,0.2626879211435412,0.3221905637667641,1.1835069610066524,1.2430096036298752,0.5848784849103053,1.5056975247734166,3.2895405019737227,2.9350864094916327,0.5589493436448482,3.2895405019737227,2.9350864094916327,0.5589493436448482,6.224626911465355,3.848489845618571,3.494035753136481,6.783576255110203
302,7550,Wormhole Attack,0.8,0.811041838998629,0.15759785436277743,0.4819184921590947,0.811041838998629,0.15759785436277743,0.4819184921590947,0.9686396933614064,1.2929603311577238,0.6395163465218722,1.4505581855205012,2.62743657821911,0.9146728718532289,1.9876379422761428,2.62743657821911,0.9146728718532289,1.9876379422761428,3.5421094500723385,4.615074520495252,2.902310814129372,5.529747392348481
303,7575,Blackhole Attack,0.72,0.8697015306467404,0.21568448733232096,0.5909446708030752,0.8697015306467404,0.21568448733232096,0.5909446708030752,1.0853860179790613,1.4606462014498156,0.8066291581353962,1.6763306887821365,2.9812332837335456,2.0314198984997183,2.9628240600000155,2.9812332837335456,2.0314198984997183,2.9628240600000155,5.012653182233263,5.9440573437335615,4.994243958499734,7.9754772422332785
304,7600,Normal Traffic,0.64,0.7613706125174977,0.289277458935229,0.43505638276364983,0.7613706125174977,0.289277458935229,0.43505638276364983,1.0506480714527267,1.1964269952811475,0.7243338416988788,1.4857044542163764,2.3278523868581,3.4462846964424543,1.5684791760230943,2.3278523868581,3.4462846964424543,1.5684791760230943,5.774137083300554,3.896331562881194,5.014763872465549,7.342616259323648
305,7625,Wormhole Attack,0.76,1.0051066085243885,0.22646165354412276,0.4435825062468751,1.0051066085243885,0.22646165354412276,0.4435825062468751,1.2315682620685113,1.4486891147712635,0.6700441597909979,1.6751507683153863,3.7979077175238896,2.2386167647566273,1.6447412019168164,3.7979077175238896,2.2386167647566273,1.6447412019168164,6.036524482280517,5.442648919440706,3.8833579666734437,7.681265684197333
306,7650,Normal Traffic,0.72,0.784957788094569,0.3018560974321632,0.5043025472916041,0.784957788094569,0.3018560974321632,0.5043025472916041,1.0868138855267322,1.2892603353861731,0.8061586447237672,1.5911164328183363,2.4701147270970982,3.688115844549759,2.187852423743655,2.4701147270970982,3.688115844549759,2.187852423743655,6.1582305716468575,4.657967150840753,5.8759682682934145,8.346082995390512
307,7675,Wormhole Attack,0.72,0.7908773240108457,0.21300181485736944,0.5000895095861533,0.7908773240108457,0.21300181485736944,0.5000895095861533,1.0038791388682151,1.290966833596999,0.7130913244435227,1.5039686484543684,2.505817477086247,1.9798440650125317,2.150168851459434,2.505817477086247,1.9798440650125317,2.150168851459434,4.485661542098779,4.655986328545681,4.130012916471966,6.635830393558212
308,7700,Blackhole Attack,0.84,0.891935522967154,0.24204113260479546,0.5814269519984608,0.891935522967154,0.24204113260479546,0.5814269519984608,1.1339766555719495,1.4733624749656147,0.8234680846032563,1.7154036075704102,3.1153341119578766,2.538140700441278,2.877692696449544,3.1153341119578766,2.538140700441278,2.877692696449544,5.653474812399155,5.9930268084074205,5.415833396890822,8.5311675088487
309,7725,Normal Traffic,0.68,0.6770358934431678,0.2993049483295371,0.22696730059512008,0.6770358934431678,0.2993049483295371,0.22696730059512008,0.9763408417727049,0.9040031940382879,0.5262722489246572,1.203308142367825,1.8192007910063506,3.6390686192374675,-0.29277641143811356,1.8192007910063506,3.6390686192374675,-0.29277641143811356,5.458269410243818,1.526424379568237,3.3462922077993538,5.165492998805704
310,7750,Wormhole Attack,0.72,0.8994522905209427,0.2381400727408284,0.659556645242162,0.8994522905209427,0.2381400727408284,0.659556645242162,1.137592363261771,1.5590089357631047,0.8976967179829903,1.797149008503933,3.1606703133924414,2.4631407085130252,3.5765247859615483,3.1606703133924414,2.4631407085130252,3.5765247859615483,5.623811021905467,6.73719509935399,6.039665494474574,9.200335807867015
311,7775,Blackhole Attack,0.84,0.8289146590209749,0.34009181032050034,0.3994375736927134,0.8289146590209749,0.34009181032050034,0.3994375736927134,1.1690064693414752,1.2283522327136884,0.7395293840132138,1.5684440430341886,2.73523368155356,4.423218164943299,1.2498862603779475,2.73523368155356,4.423218164943299,1.2498862603779475,7.15845184649686,3.985119941931507,5.673104425321247,8.408338106874806
312,7800,Flooding Attack,0.88,0.9022822910694183,0.32188690429881944,0.337408940969064,0.9022822910694183,0.32188690429881944,0.337408940969064,1.2241691953682377,1.2396912320384823,0.6592958452678834,1.5615781363373016,3.1777390166624992,4.073218971828583,0.6950703227211676,3.1777390166624992,4.073218971828583,0.6950703227211676,7.250957988491082,3.872809339383667,4.76828929454975,7.94602831121225
313,7825,Blackhole Attack,0.92,0.6456756329993173,0.16251261943148507,0.6762762692845247,0.6456756329993173,0.16251261943148507,0.6762762692845247,0.8081882524308024,1.321951902283842,0.8387888887160098,1.484464521715327,1.630056311767237,1.009161896204547,3.7260736875415694,1.630056311767237,1.009161896204547,3.7260736875415694,2.6392182079717843,5.3561299993088065,4.735235583746117,6.365291895513353
314,7850,Flooding Attack,0.76,0.640340999794445,0.2708402735720081,0.4070382817328501,0.640340999794445,0.2708402735720081,0.4070382817328501,0.911181273366453,1.047379281527295,0.6778785553048582,1.3182195550993032,1.5978813105017389,3.091819806991849,1.3178708954243379,1.5978813105017389,3.091819806991849,1.3178708954243379,4.689701117493588,2.9157522059260765,4.409690702416187,6.007572012917926
315,7875,Blackhole Attack,0.92,0.6184121821541343,0.16673264762811718,0.6012304015899168,0.6184121821541343,0.16673264762811718,0.6012304015899168,0.7851448297822514,1.2196425837440512,0.767963049218034,1.3863752313721682,1.4656210953695208,1.0902942273455907,3.0548249170302073,1.4656210953695208,1.0902942273455907,3.0548249170302073,2.5559153227151112,4.520446012399728,4.145119144375798,5.6107402397453185
316,7900,Normal Traffic,0.64,0.9342864185740161,0.24289520062165856,0.5818382542657493,0.9342864185740161,0.24289520062165856,0.5818382542657493,1.1771816191956745,1.5161246728397653,0.8247334548874079,1.759019873461424,3.3707668788257537,2.5545606213357432,2.8813715950978933,3.3707668788257537,2.5545606213357432,2.8813715950978933,5.925327500161497,6.252138473923647,5.4359322164336366,8.80669909525939
317,7925,Wormhole Attack,0.84,0.6965802208970567,0.19506625906120723,0.6571903167666344,0.6965802208970567,0.19506625906120723,0.6571903167666344,0.891646479958264,1.3537705376636913,0.8522565758278416,1.5488367967248984,1.9370793285575085,1.635023276086474,3.5553591291623268,1.9370793285575085,1.635023276086474,3.5553591291623268,3.5721026046439825,5.492438457719835,5.190382405248801,7.127461733806309
318,7950,Flooding Attack,0.8,0.7891032195168279,0.3310279945929217,0.26195243869373736,0.7891032195168279,0.3310279945929217,0.26195243869373736,1.1201312141097497,1.0510556582105652,0.5929804332866591,1.382083652803487,2.4951172448213534,4.248961391114587,0.020148625692936913,2.4951172448213534,4.248961391114587,0.020148625692936913,6.74407863593594,2.5152658705142903,4.269110016807525,6.764227261628878
319,7975,Normal Traffic,0.72,0.7477925661089408,0.24074273190194467,0.4690135487819556,0.7477925661089408,0.24074273190194467,0.4690135487819556,0.9885352980108855,1.2168061148908964,0.7097562806839003,1.457548846792841,2.2459585351909777,2.5131782426402793,1.8722095030891337,2.2459585351909777,2.5131782426402793,1.8722095030891337,4.759136777831257,4.118168038280111,4.385387745729413,6.631346280920391
320,8000,Blackhole Attack,0.8,0.8519398374397491,0.25956326993589096,0.4155038334177808,0.8519398374397491,0.25956326993589096,0.4155038334177808,1.11150310737564,1.2674436708575298,0.6750671033536717,1.5270069407934208,2.874106424310411,2.875013295126742,1.3935911360555007,2.874106424310411,2.875013295126742,1.3935911360555007,5.749119719437154,4.267697560365912,4.268604431182243,7.142710855492655
321,8025,Wormhole Attack,0.8,0.6321537186145417,0.24011005850974393,0.5707374774328086,0.6321537186145417,0.24011005850974393,0.5707374774328086,0.8722637771242856,1.2028911960473503,0.8108475359425524,1.4430012545570943,1.5485010115743851,2.5010147534955567,2.782080547772607,1.5485010115743851,2.5010147534955567,2.782080547772607,4.049515765069942,4.330581559346992,5.283095301268164,6.831596312842549
322,8050,Normal Traffic,0.64,0.8172369550645999,0.1768831393229586,0.4695525635067383,0.8172369550645999,0.1768831393229586,0.4695525635067383,0.9941200943875586,1.2867895185713383,0.6464357028296969,1.463672657894297,2.664801446544166,1.2854429360882298,1.8770307275271036,2.664801446544166,1.2854429360882298,1.8770307275271036,3.9502443826323956,4.54183217407127,3.1624736636153337,5.8272751101594995
323,8075,Sybil Attack,0.92,0.551324778212202,0.31013483957467997,0.45310689686911876,0.551324778212202,0.31013483957467997,0.45310689686911876,0.8614596177868821,1.004431675081321,0.7632417364437987,1.3145665146560008,1.0609939684736707,3.847279152859885,1.7299322416295912,1.0609939684736707,3.847279152859885,1.7299322416295912,4.908273121333556,2.7909262101032617,5.577211394489476,6.638205362963147
324,8100,Flooding Attack,0.8,0.7897509724413284,0.2925615378180161,0.515674989828058,0.7897509724413284,0.2925615378180161,0.515674989828058,1.0823125102593445,1.3054259622693865,0.8082365276460741,1.5979875000874024,2.4990240647216417,3.5094228943398598,2.2895733885990506,2.4990240647216417,3.5094228943398598,2.2895733885990506,6.0084469590615015,4.788597453320692,5.79899628293891,8.298020347660552
325,8125,Sybil Attack,0.72,0.8342953545798399,0.27742660154447124,0.4448901468855714,0.8342953545798399,0.27742660154447124,0.4448901468855714,1.1117219561243112,1.2791855014654114,0.7223167484300426,1.5566121030098827,2.767686500663527,3.2184455348701273,1.656437411154712,2.767686500663527,3.2184455348701273,1.656437411154712,5.986132035533654,4.4241239118182385,4.874882946024839,7.642569446688366
326,8150,Wormhole Attack,0.8,0.664478285944677,0.1767706421269418,0.4762893245630786,0.664478285944677,0.1767706421269418,0.4762893245630786,0.8412489280716188,1.1407676105077555,0.6530599666900204,1.3175382526346975,1.7434615561538862,1.2832801164731955,1.9372877771850445,1.7434615561538862,1.2832801164731955,1.9372877771850445,3.0267416726270815,3.6807493333389307,3.22056789365824,4.964029449812126
327,8175,Blackhole Attack,0.88,0.9954877898699005,0.2693679769672478,0.4912490296085852,0.9954877898699005,0.2693679769672478,0.4912490296085852,1.2648557668371483,1.4867368194784856,0.760617006575833,1.7561047964457335,3.739893325438209,3.063514106150661,2.0710950596842306,3.739893325438209,3.063514106150661,2.0710950596842306,6.80340743158887,5.81098838512244,5.134609165834892,8.874502491273102
328,8200,Wormhole Attack,1.0,0.6740502079368146,0.20970490558208268,0.6045971057792696,0.6740502079368146,0.20970490558208268,0.6045971057792696,0.8837551135188972,1.278647313716084,0.8143020113613523,1.4883522192981669,1.8011930983954403,1.916459195859758,3.084938447824134,1.8011930983954403,1.916459195859758,3.084938447824134,3.717652294255198,4.886131546219574,5.001397643683892,6.802590742079332
329,8225,Wormhole Attack,0.72,0.6362937446347289,0.21965034164933991,0.44287530972213834,0.6362937446347289,0.21965034164933991,0.44287530972213834,0.8559440862840688,1.0791690543568673,0.6625256513714782,1.298819396006207,1.5734709274660827,2.1076655989342097,1.6384156731126025,1.5734709274660827,2.1076655989342097,1.6384156731126025,3.6811365264002927,3.2118866005786852,3.746081272046812,5.319552199512895
330,8250,Wormhole Attack,0.88,0.6540064675492182,0.18036632017725435,0.5067506776031262,0.6540064675492182,0.18036632017725435,0.5067506776031262,0.8343727877264726,1.1607571451523444,0.6871169977803806,1.341123465329599,1.6803024302709249,1.3524089773863424,2.209749758162495,1.6803024302709249,1.3524089773863424,2.209749758162495,3.032711407657267,3.89005218843342,3.562158735548837,5.242461165819762
331,8275,Normal Traffic,0.72,0.839251718902592,0.33129025281177293,0.35546229339730256,0.839251718902592,0.33129025281177293,0.35546229339730256,1.170541971714365,1.1947140122998945,0.6867525462090756,1.5260042651116676,2.797580032652037,4.254003447628162,0.8565487757437605,2.797580032652037,4.254003447628162,0.8565487757437605,7.051583480280199,3.6541288083957975,5.110552223371923,7.9081322560239595
332,8300,Flooding Attack,0.76,0.8102120990716603,0.25013189652971785,0.2578084782694478,0.8102120990716603,0.25013189652971785,0.2578084782694478,1.060343995601378,1.068020577341108,0.5079403747991657,1.318152473870826,2.6224321323322077,2.693690025553533,-0.01691708392310324,2.6224321323322077,2.693690025553533,-0.01691708392310324,5.316122157885741,2.6055150484091043,2.67677294163043,5.2992050739626375
333,8325,Sybil Attack,0.88,0.8336474434513638,0.27780460871088275,0.49004341068358426,0.8336474434513638,0.27780460871088275,0.49004341068358426,1.1114520521622464,1.3236908541349481,0.767848019394467,1.6014954628458307,2.763778726580838,3.225712927686,2.0603113850333443,2.763778726580838,3.225712927686,2.0603113850333443,5.989491654266838,4.824090111614183,5.286024312719345,8.049803039300183
334,8350,Normal Traffic,0.72,0.653653946640566,0.2493568496196472,0.4021491506082059,0.653653946640566,0.2493568496196472,0.4021491506082059,0.9030107962602132,1.0558030972487717,0.6515060002278531,1.305159946868419,1.6781762558468536,2.678789328300401,1.2741399964807565,1.6781762558468536,2.678789328300401,1.2741399964807565,4.356965584147255,2.95231625232761,3.9529293247811577,5.631105580628011
335,8375,Normal Traffic,0.64,0.8012716935163027,0.2732254989216434,0.4569496659118089,0.8012716935163027,0.2732254989216434,0.4569496659118089,1.074497192437946,1.2582213594281115,0.7301751648334522,1.531446858349755,2.5685094821685617,3.1376770581512288,1.7643039408917245,2.5685094821685617,3.1376770581512288,1.7643039408917245,5.7061865403197904,4.332813423060286,4.901980999042953,7.470490481211515
336,8400,Normal Traffic,0.68,0.7087601017981936,0.2924016634414776,0.22277535639419108,0.7087601017981936,0.2924016634414776,0.22277535639419108,1.0011617652396712,0.9315354581923847,0.5151770198356687,1.2239371216338621,2.010540364838274,3.5063492227305946,-0.3302713125881206,2.010540364838274,3.5063492227305946,-0.3302713125881206,5.516889587568869,1.6802690522501535,3.176077910142474,5.186618274980749
337,8425,Normal Traffic,0.68,0.9735404630153965,0.28330831277357416,0.3440223102079342,0.9735404630153965,0.28330831277357416,0.3440223102079342,1.2568487757889706,1.3175627732233308,0.6273306229815083,1.6008710859969049,3.6075214748912927,3.3315246236535643,0.7542236926121559,3.6075214748912927,3.3315246236535643,0.7542236926121559,6.939046098544857,4.361745167503448,4.08574831626572,7.693269791157013
338,8450,Wormhole Attack,0.76,0.7043582196076714,0.18630444525879303,0.5545344168005488,0.7043582196076714,0.18630444525879303,0.5545344168005488,0.8906626648664644,1.2588926364082202,0.7408388620593418,1.4451970816670132,1.9839911046339789,1.4665726530833014,2.637152054545166,1.9839911046339789,1.4665726530833014,2.637152054545166,3.4505637577172803,4.6211431591791445,4.1037247076284675,6.087715812262447
339,8475,Sybil Attack,0.76,0.7078617832462945,0.19194568204129211,0.43118218906653016,0.7078617832462945,0.19194568204129211,0.43118218906653016,0.8998074652875866,1.1390439723128245,0.6231278711078223,1.3309896543541169,2.0051222977595895,1.575028490190745,1.5338263985177807,2.0051222977595895,1.575028490190745,1.5338263985177807,3.5801507879503345,3.5389486962773704,3.1088548887085254,5.113977186468115
340,8500,Normal Traffic,0.56,0.7593749982526097,0.2577180130962405,0.22481475799721123,0.7593749982526097,0.2577180130962405,0.22481475799721123,1.01709301134885,0.984189756249821,0.4825327710934517,1.2419077693460614,2.3158161532442167,2.839537231465775,-0.31202985758653434,2.3158161532442167,2.839537231465775,-0.31202985758653434,5.155353384709992,2.003786295657682,2.5275073738792404,4.843323527123458
341,8525,Flooding Attack,0.84,0.735541445021474,0.23423970430442378,0.621987182795644,0.735541445021474,0.23423970430442378,0.621987182795644,0.9697811493258978,1.3575286278171181,0.8562268871000678,1.591768332121542,2.1720678249293983,2.388154009654709,3.240484225025907,2.1720678249293983,2.388154009654709,3.240484225025907,4.560221834584107,5.4125520499553055,5.628638234680617,7.800706059610015
342,8550,Flooding Attack,1.0,0.5504868541939039,0.17352086535837816,0.4132603359943405,0.5504868541939039,0.17352086535837816,0.4132603359943405,0.724007719552282,0.9637471901882444,0.5867812013527186,1.1372680555466226,1.0559401615269228,1.2208013953281576,1.3735241432497405,1.0559401615269228,1.2208013953281576,1.3735241432497405,2.2767415568550806,2.4294643047766633,2.5943255385778983,3.6502657001048213
343,8575,Sybil Attack,0.96,0.5482535440043049,0.2812095635504197,0.34234413334985503,0.5482535440043049,0.2812095635504197,0.34234413334985503,0.8294631075547246,0.89059767735416,0.6235536969002747,1.1718072409045797,1.042470302322551,3.2911750314184065,0.7392132171883743,1.042470302322551,3.2911750314184065,0.7392132171883743,4.333645333740957,1.7816835195109253,4.030388248606781,5.072858550929332
344,8600,Normal Traffic,0.72,0.8423036296687403,0.19641123690084683,0.6527821494376231,0.8423036296687403,0.19641123690084683,0.6527821494376231,1.0387148665695871,1.4950857791063634,0.84919338633847,1.6914970160072103,2.815987152503,1.6608812046069736,3.5159302173420457,2.815987152503,1.6608812046069736,3.5159302173420457,4.476868357109973,6.331917369845046,5.1768114219490196,7.992798574452019
345,8625,Normal Traffic,0.68,0.8823905636529307,0.19519855625396645,0.4861944955451891,0.8823905636529307,0.19519855625396645,0.4861944955451891,1.0775891199068972,1.3685850591981197,0.6813930517991555,1.5637836154520863,3.0577651908680865,1.637566761378951,2.0258847119357135,3.0577651908680865,1.637566761378951,2.0258847119357135,4.695331952247038,5.0836499028038,3.6634514733146646,6.7212166641827515
346,8650,Blackhole Attack,0.88,0.9250331371933462,0.27126755888480275,0.5327978994150622,0.9250331371933462,0.27126755888480275,0.5327978994150622,1.196300696078149,1.4578310366084084,0.804065458299865,1.7290985954932112,3.3149571673237253,3.100034598901777,2.442729483144141,3.3149571673237253,3.100034598901777,2.442729483144141,6.414991766225502,5.757686650467866,5.5427640820459185,8.857721249369643
347,8675,Wormhole Attack,0.8,0.8880393967484087,0.15885135532289524,0.4744453728624532,0.8880393967484087,0.15885135532289524,0.4744453728624532,1.046890752071304,1.362484769610862,0.6332967281853484,1.5213361249337571,3.0918352393635664,0.9387721077453154,1.9207945264578488,3.0918352393635664,0.9387721077453154,1.9207945264578488,4.030607347108882,5.012629765821416,2.8595666342031643,5.951401873566731
348,8700,Blackhole Attack,0.84,0.8561049764847555,0.2412256519418666,0.5468220845742836,0.8561049764847555,0.2412256519418666,0.5468220845742836,1.097330628426622,1.4029270610590392,0.7880477365161502,1.6441527130009055,2.899227805462101,2.5224626423570538,2.5681689954682483,2.899227805462101,2.5224626423570538,2.5681689954682483,5.421690447819154,5.467396800930349,5.090631637825302,7.989859443287402
349,8725,Blackhole Attack,0.8,0.8249452836055751,0.2718348022830798,0.3256361433762814,0.8249452836055751,0.2718348022830798,0.3256361433762814,1.096780085888655,1.1505814269818564,0.5974709456593612,1.4224162292649363,2.7112930179485937,3.1109401609222664,0.5897683766927355,2.7112930179485937,3.1109401609222664,0.5897683766927355,5.82223317887086,3.301061394641329,3.700708537615002,6.412001555563595
350,8750,Wormhole Attack,0.8,0.8015223523076799,0.2251588666389152,0.5271390125461568,0.8015223523076799,0.2251588666389152,0.5271390125461568,1.026681218946595,1.3286613648538368,0.7522978791850721,1.5538202314927518,2.5700212912508436,2.2135699798361217,2.392113493617931,2.5700212912508436,2.2135699798361217,2.392113493617931,4.783591271086966,4.962134784868775,4.605683473454053,7.175704764704896
351,8775,Wormhole Attack,0.8,0.5892935803019583,0.24566544861580977,0.4543180596845563,0.5892935803019583,0.24566544861580977,0.4543180596845563,0.8349590289177681,1.0436116399865147,0.699983508300366,1.2892770886023244,1.2899968274090516,2.607820141682944,1.7407655036828722,1.2899968274090516,2.607820141682944,1.7407655036828722,3.8978169690919957,3.030762331091924,4.348585645365816,5.638582472774868
352,8800,Blackhole Attack,0.76,0.5256122165684646,0.19206995897325238,0.4562620386954306,0.5256122165684646,0.19206995897325238,0.4562620386954306,0.717682175541717,0.9818742552638952,0.648331997668683,1.1739442142371477,0.9059126964059192,1.5774177816189492,1.758153450028691,0.9059126964059192,1.5774177816189492,1.758153450028691,2.483330478024868,2.6640661464346103,3.3355712316476405,4.241483928053559
353,8825,Wormhole Attack,0.8,0.8719358041335834,0.21414345950226413,0.4699431001918145,0.8719358041335834,0.21414345950226413,0.4699431001918145,1.0860792636358476,1.341878904325398,0.6840865596940786,1.5560223638276622,2.9947089529137596,2.001792802570474,1.8805238881467365,2.9947089529137596,2.001792802570474,1.8805238881467365,4.996501755484234,4.875232841060496,3.882316690717211,6.8770256436309705
354,8850,Blackhole Attack,0.96,0.8574688526960249,0.25875636144873776,0.4156579358204799,0.8574688526960249,0.25875636144873776,0.4156579358204799,1.1162252141447626,1.2731267885165047,0.6744142972692176,1.5318831499652426,2.9074538103509653,2.859500041771592,1.394969507064089,2.9074538103509653,2.859500041771592,1.394969507064089,5.766953852122557,4.302423317415054,4.254469548835681,7.1619233591866465
355,8875,Normal Traffic,0.72,0.7944573666248147,0.2925807547403871,0.3798251196400221,0.7944573666248147,0.2925807547403871,0.3798251196400221,1.0870381213652018,1.1742824862648367,0.6724058743804091,1.4668632410052238,2.5274099411247843,3.509792350096236,1.0744624019564193,2.5274099411247843,3.509792350096236,1.0744624019564193,6.03720229122102,3.6018723430812036,4.584254752052655,7.11166469317744
356,8900,Blackhole Attack,0.88,0.846756619779686,0.3298920188495721,0.3296003262040912,0.846756619779686,0.3298920188495721,0.3296003262040912,1.176648638629258,1.1763569459837773,0.6594923450536633,1.5062489648333492,2.8428446620922387,4.227121641263819,0.625226063184923,2.8428446620922387,4.227121641263819,0.625226063184923,7.069966303356058,3.468070725277162,4.852347704448742,7.69519236654098
357,8925,Normal Traffic,0.64,0.7151165652626437,0.24927578940181538,0.5934681322204164,0.7151165652626437,0.24927578940181538,0.5934681322204164,0.964392354664459,1.30858469748306,0.8427439216222318,1.5578604868848753,2.0488783746242105,2.6772309016432656,2.985395194505598,2.0488783746242105,2.6772309016432656,2.985395194505598,4.726109276267476,5.034273569129809,5.6626260961488635,7.7115044707730735
358,8950,Wormhole Attack,0.88,0.8165680419009231,0.23666323225192512,0.45211196179877844,0.8165680419009231,0.23666323225192512,0.45211196179877844,1.0532312741528482,1.2686800036997017,0.6887751940507035,1.5053432359516266,2.6607670019888863,2.434747649034459,1.7210330315435367,2.6607670019888863,2.434747649034459,1.7210330315435367,5.095514651023345,4.381800033532423,4.155780680577996,6.816547682566882
359,8975,Blackhole Attack,0.8,0.4891863373662301,0.24568771364794398,0.4445557753528221,0.4891863373662301,0.24568771364794398,0.4445557753528221,0.734874051014174,0.9337421127190522,0.690243489000766,1.179429826366996,0.6862157342308326,2.608248199002897,1.6534466204936549,0.6862157342308326,2.608248199002897,1.6534466204936549,3.2944639332337298,2.3396623547244877,4.261694819496552,4.947910553727384
360,9000,Sybil Attack,0.92,0.6289674369312755,0.2612879527188115,0.37387875559388833,0.6289674369312755,0.2612879527188115,0.37387875559388833,0.8902553896500871,1.002846192525164,0.6351667083126998,1.2641341452439754,1.5292834546676253,2.908171257144351,1.021275068961307,1.5292834546676253,2.908171257144351,1.021275068961307,4.437454711811976,2.5505585236289323,3.929446326105658,5.458729780773283
361,9025,Normal Traffic,0.64,0.795405757041147,0.21917662602786242,0.6191369643753786,0.795405757041147,0.21917662602786242,0.6191369643753786,1.0145823830690095,1.4145427214165256,0.838313590403241,1.633719347444388,2.5331300087796342,2.098558159154762,3.2149904081234544,2.5331300087796342,2.098558159154762,3.2149904081234544,4.631688167934396,5.748120416903088,5.313548567278216,7.84667857605785
362,9050,Blackhole Attack,0.76,0.9568821981734001,0.29236334139970804,0.3335412493801961,0.9568821981734001,0.29236334139970804,0.3335412493801961,1.2492455395731081,1.2904234475535963,0.6259045907799041,1.5827867889533043,3.5070497701295267,3.505612460690632,0.660475703410353,3.5070497701295267,3.505612460690632,0.660475703410353,7.012662230820158,4.16752547353988,4.1660881641009855,7.673137934230511
363,9075,Blackhole Attack,0.84,0.9057739646459572,0.1811593946592262,0.36592285097849586,0.9057739646459572,0.1811593946592262,0.36592285097849586,1.0869333593051833,1.271696815624453,0.547082245637722,1.452856210283679,3.1987984967484477,1.3676562644879318,0.9501133733817438,3.1987984967484477,1.3676562644879318,0.9501133733817438,4.566454761236379,4.148911870130192,2.3177696378696755,5.516568134618123
364,9100,Blackhole Attack,0.8,0.8964220527426016,0.2784153531842507,0.4273673173598137,0.8964220527426016,0.2784153531842507,0.4273673173598137,1.1748374059268523,1.3237893701024153,0.7057826705440644,1.602204723286666,3.1423939107592034,3.237454821471306,1.4997042273515728,3.1423939107592034,3.237454821471306,1.4997042273515728,6.37984873223051,4.642098138110776,4.737159048822879,7.879552959582083
365,9125,Wormhole Attack,0.84,0.8767117058232964,0.15847828136435155,0.706755628667089,0.8767117058232964,0.15847828136435155,0.706755628667089,1.035189987187648,1.5834673344903853,0.8652339100314406,1.7419456158547368,3.02351405291015,0.9315995585266105,3.9986967264912576,3.02351405291015,0.9315995585266105,3.9986967264912576,3.9551136114367607,7.022210779401408,4.930296285017868,7.953810337928019
366,9150,Normal Traffic,0.56,0.7134660599060743,0.27558796076470826,0.4499737196663824,0.7134660599060743,0.27558796076470826,0.4499737196663824,0.9890540206707825,1.1634397795724567,0.7255616804310907,1.439027740337165,2.0389236111199773,3.183096668549232,1.7019074961007694,2.0389236111199773,3.183096668549232,1.7019074961007694,5.222020279669209,3.740831107220747,4.8850041646500015,6.923927775769979
367,9175,Blackhole Attack,0.76,0.8465277141114388,0.23196026432766773,0.267465735199858,0.8465277141114388,0.23196026432766773,0.267465735199858,1.0784879784391066,1.1139934493112968,0.49942599952752575,1.3459537136389645,2.841464053551279,2.3443305396698646,0.06946238026578169,2.841464053551279,2.3443305396698646,0.06946238026578169,5.185794593221144,2.910926433817061,2.4137929199356463,5.255256973486926
368,9200,Blackhole Attack,0.84,0.9273811990693676,0.31175560056220236,0.53909578251419,0.9273811990693676,0.31175560056220236,0.53909578251419,1.2391367996315699,1.4664769815835577,0.8508513830763924,1.7782325821457599,3.32911913327922,3.8784391619908893,2.4990609830252146,3.32911913327922,3.8784391619908893,2.4990609830252146,7.207558295270109,5.828180116304434,6.3775001450161035,9.706619278295324
369,9225,Normal Traffic,0.64,0.8176229501217486,0.1529433262135424,0.28844683949566347,0.8176229501217486,0.1529433262135424,0.28844683949566347,0.9705662763352909,1.106069789617412,0.44139016570920586,1.2590131158309543,2.6671295150308407,0.8251870434385223,0.2571281491505087,2.6671295150308407,0.8251870434385223,0.2571281491505087,3.492316558469363,2.9242576641813494,1.082315192589031,3.7494447076198716
370,9250,Blackhole Attack,0.84,0.8160118963867976,0.25325208725100723,0.4820446177710882,0.8160118963867976,0.25325208725100723,0.4820446177710882,1.0692639836378048,1.298056514157886,0.7352967050220954,1.551308601408893,2.6574126977783465,2.7536773846486433,1.9887660745048905,2.6574126977783465,2.7536773846486433,1.9887660745048905,5.411090082426989,4.646178772283237,4.742443459153534,7.39985615693188
371,9275,Blackhole Attack,0.8,0.7960497170181395,0.32109320586286766,0.4520104185420323,0.7960497170181395,0.32109320586286766,0.4520104185420323,1.1171429228810072,1.2480601355601717,0.7731036244048999,1.5691533414230396,2.537013952113497,4.05795968887328,1.720124776521129,2.537013952113497,4.05795968887328,1.720124776521129,6.594973640986776,4.257138728634626,5.778084465394409,8.315098417507905
372,9300,Normal Traffic,0.72,0.6426462180239896,0.1879175594474483,0.43296330593969534,0.6426462180239896,0.1879175594474483,0.43296330593969534,0.8305637774714378,1.075609523963685,0.6208808653871436,1.2635270834111332,1.6117848717409828,1.4975856483582488,1.5497576222876814,1.6117848717409828,1.4975856483582488,1.5497576222876814,3.1093705200992314,3.161542494028664,3.0473432706459302,4.659128142386913
373,9325,Blackhole Attack,1.0,0.6654147319325796,0.22246553498349672,0.436781794716052,0.6654147319325796,0.22246553498349672,0.436781794716052,0.8878802669160764,1.1021965266486315,0.6592473296995487,1.3246620616321283,1.7491095828670107,2.1617892178226215,1.5839121463818178,1.7491095828670107,2.1617892178226215,1.5839121463818178,3.9108988006896324,3.3330217292488284,3.7457013642044394,5.49481094707145
374,9350,Flooding Attack,0.96,0.5898117466088708,0.25592238530496453,0.42988282915768394,0.5898117466088708,0.25592238530496453,0.42988282915768394,0.8457341319138354,1.0196945757665548,0.6858052144626485,1.2756169610715193,1.2931220660037916,2.8050153131799855,1.5222042563791345,1.2931220660037916,2.8050153131799855,1.5222042563791345,4.098137379183777,2.8153263223829263,4.32721956955912,5.620341635562911
375,9375,Sybil Attack,0.88,0.8419197266496663,0.28524900667250214,0.4462834692109911,0.8419197266496663,0.28524900667250214,0.4462834692109911,1.1271687333221685,1.2882031958606575,0.7315324758834932,1.5734522025331596,2.8136717018149837,3.3688355165468598,1.6689000013891269,2.8136717018149837,3.3688355165468598,1.6689000013891269,6.1825072183618435,4.48257170320411,5.037735517935987,7.85140721975097
376,9400,Sybil Attack,0.76,0.7465034695154393,0.20800575825915613,0.33778383016022717,0.7465034695154393,0.20800575825915613,0.33778383016022717,0.9545092277745955,1.0842872996756665,0.5457895884193833,1.2922930579348226,2.2381835518070443,1.883792166911678,0.6984235241215475,2.2381835518070443,1.883792166911678,0.6984235241215475,4.121975718718723,2.936607075928592,2.5822156910332255,4.820399242840271
377,9425,Flooding Attack,0.84,0.6373902522165171,0.2709021818406156,0.39323253094253907,0.6373902522165171,0.2709021818406156,0.39323253094253907,0.9082924340571328,1.0306227831590562,0.6641347127831547,1.3015249649996719,1.5800843405118838,3.093010027036597,1.1943851722437608,1.5800843405118838,3.093010027036597,1.1943851722437608,4.673094367548481,2.774469512755645,4.287395199280358,5.867479539792242
378,9450,Wormhole Attack,0.8,0.8337578468197289,0.2570829666967164,0.4255299268456994,0.8337578468197289,0.2570829666967164,0.4255299268456994,1.0908408135164454,1.2592877736654282,0.6826128935424158,1.5163707403621447,2.764444607135403,2.8273281199680755,1.4832696632451592,2.764444607135403,2.8273281199680755,1.4832696632451592,5.5917727271034785,4.247714270380563,4.310597783213234,7.075042390348638
379,9475,Wormhole Attack,0.72,0.6486195717379131,0.2725002301841353,0.685162376968358,0.6486195717379131,0.2725002301841353,0.685162376968358,0.9211198019220483,1.333781948706271,0.9576626071524933,1.6062821788904063,1.6478122153133998,3.1237333732666785,3.8055555969476655,1.6478122153133998,3.1237333732666785,3.8055555969476655,4.771545588580079,5.453367812261066,6.929288970214344,8.577101185527745
380,9500,Normal Traffic,0.68,0.7239623246708555,0.2776702455728462,0.4556315338768362,0.7239623246708555,0.2776702455728462,0.4556315338768362,1.0016325702437017,1.1795938585476917,0.7333017794496823,1.4572641041205379,2.102230181435139,3.2231297234749405,1.7525138912190674,2.102230181435139,3.2231297234749405,1.7525138912190674,5.32535990491008,3.8547440726542064,4.9756436146940075,7.077873796129147
381,9525,Sybil Attack,0.76,0.9706669106684016,0.2946392616891848,0.5174040077437074,0.9706669106684016,0.2946392616891848,0.5174040077437074,1.2653061723575865,1.488070918412109,0.8120432694328923,1.782710180101294,3.5901900957973005,3.549368262778356,2.305038612544421,3.5901900957973005,3.549368262778356,2.305038612544421,7.139558358575656,5.895228708341722,5.854406875322777,9.444596971120077
382,9550,Normal Traffic,0.76,0.7768365510324171,0.2398759982829559,0.523733312494768,0.7768365510324171,0.2398759982829559,0.523733312494768,1.016712549315373,1.3005698635271852,0.7636093107777239,1.540445861810141,2.4211327628800468,2.4965148186747728,2.3616511638128017,2.4211327628800468,2.4965148186747728,2.3616511638128017,4.917647581554819,4.782783926692849,4.8581659824875745,7.279298745367621
383,9575,Flooding Attack,0.76,0.6690713810317988,0.2589467971338509,0.3022646690028198,0.6690713810317988,0.2589467971338509,0.3022646690028198,0.9280181781656496,0.9713360500346185,0.5612114661366707,1.2302828471684695,1.7711640868744096,2.8631612711155094,0.3807219105759727,1.7711640868744096,2.8631612711155094,0.3807219105759727,4.634325357989919,2.1518859974503823,3.243883181691482,5.015047268565892
384,9600,Wormhole Attack,0.72,0.9430771151111238,0.28446918086308437,0.44696033518976563,0.9430771151111238,0.28446918086308437,0.44696033518976563,1.227546295974208,1.3900374503008894,0.73142951605285,1.6745066311639736,3.423786582588653,3.3538429423615717,1.674954238218026,3.423786582588653,3.3538429423615717,1.674954238218026,6.777629524950225,5.098740820806679,5.0287971805795975,8.452583763168251
385,9625,Blackhole Attack,0.76,0.7579227856467087,0.2702362219321028,0.4521716853284866,0.7579227856467087,0.2702362219321028,0.4521716853284866,1.0281590075788114,1.2100944709751953,0.7224079072605893,1.4803306929072981,2.30705736128267,3.0802065865602417,1.7215672294563433,2.30705736128267,3.0802065865602417,1.7215672294563433,5.387263947842912,4.028624590739013,4.801773816016585,7.108831177299255
386,9650,Sybil Attack,0.8,0.808629883566523,0.30433172108931544,0.3348054239384988,0.808629883566523,0.30433172108931544,0.3348054239384988,1.1129616046558384,1.1434353075050219,0.6391371450278143,1.4477670285943371,2.6128892483278143,3.735711052205711,0.6717831297089689,2.6128892483278143,3.735711052205711,0.6717831297089689,6.348600300533525,3.2846723780367832,4.4074941819146805,7.020383430242495
387,9675,Blackhole Attack,0.92,0.6595363464766686,0.24906070112688508,0.4391380072454712,0.6595363464766686,0.24906070112688508,0.4391380072454712,0.9085970476035536,1.0986743537221397,0.6881987083723563,1.3477350548490248,1.7136550254083498,2.6730957128878616,1.6049873209653445,1.7136550254083498,2.6730957128878616,1.6049873209653445,4.386750738296211,3.3186423463736943,4.278083033853206,5.9917380592615554
388,9700,Wormhole Attack,0.8,0.8754723855323937,0.26290092162344425,0.6036407733355759,0.8754723855323937,0.26290092162344425,0.6036407733355759,1.138373307155838,1.4791131588679696,0.8665416949590201,1.7420140804914137,3.016039287467658,2.939181459255159,3.0763845194500647,3.016039287467658,2.939181459255159,3.0763845194500647,5.955220746722817,6.092423806917722,6.015565978705224,9.031605266172882
389,9725,Wormhole Attack,0.96,1.0222923286283345,0.14816794846269501,0.6591484566273401,1.0222923286283345,0.14816794846269501,0.6591484566273401,1.1704602770910295,1.6814407852556745,0.8073164050900351,1.8296087337183695,3.9015606857519467,0.7333778158806296,3.5728737374194637,3.9015606857519467,0.7333778158806296,3.5728737374194637,4.634938501632576,7.47443442317141,4.306251553300093,8.20781223905204
390,9750,Normal Traffic,0.64,0.8041972689542688,0.25956347046505956,0.3277960485763311,0.8041972689542688,0.25956347046505956,0.3277960485763311,1.0637607394193282,1.1319933175305998,0.5873595190413907,1.3915567879956594,2.5861546303547382,2.875017150408781,0.609087677734792,2.5861546303547382,2.875017150408781,0.609087677734792,5.46117178076352,3.1952423080895302,3.484104828143573,6.070259458498311
391,9775,Blackhole Attack,0.8,0.8165130669944152,0.2991206136281577,0.4105418615959181,0.8165130669944152,0.2991206136281577,0.4105418615959181,1.1156336806225728,1.2270549285903334,0.7096624752240759,1.5261755422184908,2.6604354294854855,3.6355246846151754,1.3492087125183192,2.6604354294854855,3.6355246846151754,1.3492087125183192,6.2959601141006605,4.009644142003805,4.984733397133494,7.6451688266189795
392,9800,Blackhole Attack,0.92,0.6211514187492203,0.2647259379680518,0.4966188132542686,0.6211514187492203,0.2647259379680518,0.4966188132542686,0.8858773567172722,1.117770232003489,0.7613447512223204,1.3824961699715408,1.4821423701279983,2.9742683884199184,2.1191251615513313,1.4821423701279983,2.9742683884199184,2.1191251615513313,4.456410758547917,3.60126753167933,5.09339354997125,6.575535920099249
393,9825,Sybil Attack,0.88,0.754854100584809,0.29917593088453076,0.41768028290342696,0.754854100584809,0.29917593088453076,0.41768028290342696,1.0540300314693396,1.172534383488236,0.7168562137879577,1.4717103143727666,2.2885490699047617,3.636588188874567,1.413058417682055,2.2885490699047617,3.636588188874567,1.413058417682055,5.925137258779328,3.701607487586817,5.049646606556622,7.338195676461384
394,9850,Normal Traffic,0.64,0.781207454713738,0.30021690438325044,0.6378751558900214,0.781207454713738,0.30021690438325044,0.6378751558900214,1.0814243590969883,1.4190826106037595,0.9380920602732719,1.7192995149870098,2.447495181077689,3.656601469040462,3.3825944135431185,2.447495181077689,3.656601469040462,3.3825944135431185,6.104096650118151,5.830089594620807,7.039195882583581,9.486691063661269
395,9875,Wormhole Attack,0.84,0.7300600741423049,0.17910028630286376,0.6443212157805968,0.7300600741423049,0.17910028630286376,0.6443212157805968,0.9091603604451687,1.3743812899229018,0.8234215020834605,1.5534815762257654,2.13900779845694,1.32806878941916,3.4402512827234344,2.13900779845694,1.32806878941916,3.4402512827234344,3.4670765878761003,5.579259081180375,4.768320072142594,6.907327870599534
396,9900,Blackhole Attack,0.72,0.8159431737276481,0.30524500727568293,0.5024712789878121,0.8159431737276481,0.30524500727568293,0.5024712789878121,1.121188181003331,1.3184144527154602,0.807716286263495,1.6236594599911431,2.6569982078668217,3.753269474530482,2.1714726198296135,2.6569982078668217,3.753269474530482,2.1714726198296135,6.410267682397304,4.828470827696435,5.924742094360095,8.581740302226917
397,9925,Wormhole Attack,0.76,0.7570891838470757,0.20796407128326122,0.45081195786247963,0.7570891838470757,0.20796407128326122,0.45081195786247963,0.9650532551303369,1.2079011417095553,0.6587760291457408,1.4158652129928164,2.3020296231181008,1.8829907121879221,1.7094051288926995,2.3020296231181008,1.8829907121879221,1.7094051288926995,4.185020335306023,4.0114347520108,3.592395841080622,5.894425464198722
398,9950,Blackhole Attack,0.76,0.922765545754397,0.26391598022475315,0.5687317274998059,0.922765545754397,0.26391598022475315,0.5687317274998059,1.18668152597915,1.491497273254203,0.8326477077245591,1.755413253478956,3.3012805461548713,2.95869651146137,2.764140090585009,3.3012805461548713,2.95869651146137,2.764140090585009,6.259977057616242,6.06542063673988,5.722836602046379,9.02411714820125
399,9975,Wormhole Attack,0.84,0.7985027115692938,0.21410272616719,0.5795147816199154,0.7985027115692938,0.21410272616719,0.5795147816199154,1.0126054377364837,1.3780174931892093,0.7936175077871055,1.5921202193563992,2.551808802997633,2.001009682108779,2.860589262842378,2.551808802997633,2.001009682108779,2.860589262842378,4.552818485106412,5.412398065840011,4.861598944951157,7.41340774794879
400,10000,Sybil Attack,0.8,0.8656893069327485,0.3129979449316398,0.45544044271809203,0.8656893069327485,0.3129979449316398,0.45544044271809203,1.1786872518643883,1.3211297496508405,0.7684383876497318,1.6341276945824803,2.957034187353827,3.9023239063755004,1.7508046737857426,2.957034187353827,3.9023239063755004,1.7508046737857426,6.859358093729327,4.707838861139569,5.653128580161243,8.61016276751507
401,10025,Sybil Attack,0.8,0.9119893059638027,0.3158155164334179,0.40433720521496974,0.9119893059638027,0.3158155164334179,0.40433720521496974,1.2278048223972204,1.3163265111787723,0.7201527216483876,1.6321420276121903,3.236285350499618,3.9564932468264153,1.293711080268858,3.236285350499618,3.9564932468264153,1.293711080268858,7.192778597326033,4.529996430768476,5.250204327095274,8.486489677594891
402,10050,Wormhole Attack,0.84,0.762339703335124,0.2254704299524052,0.5746718213096335,0.762339703335124,0.2254704299524052,0.5746718213096335,0.9878101332875292,1.3370115246447574,0.8001422512620386,1.5624819545971627,2.3336973057280663,2.2195599535385826,2.8172713393673505,2.3336973057280663,2.2195599535385826,2.8172713393673505,4.553257259266649,5.150968645095417,5.036831292905934,7.3705285986339995
403,10075,Sybil Attack,0.8,0.7010928679243412,0.3065394086909505,0.3430852588494619,0.7010928679243412,0.3065394086909505,0.3430852588494619,1.0076322766152916,1.044178126773803,0.6496246675404124,1.3507175354647536,1.964296649456163,3.7781550438583675,0.7458422241635507,1.964296649456163,3.7781550438583675,0.7458422241635507,5.74245169331453,2.7101388736197136,4.523997268021918,6.488293917478081
404,10100,Sybil Attack,0.88,0.7766039601677546,0.22460819426995265,0.25671390601716404,0.7766039601677546,0.22460819426995265,0.25671390601716404,1.0012121544377073,1.0333178661849187,0.4813221002871167,1.2579260604548712,2.419729927656432,2.202983004842791,-0.026707500119918313,2.419729927656432,2.202983004842791,-0.026707500119918313,4.622712932499223,2.3930224275365135,2.176275504722873,4.596005432379305
405,10125,Blackhole Attack,0.88,0.7550346542543593,0.3172702533682641,0.5767784385813899,0.7550346542543593,0.3172702533682641,0.5767784385813899,1.0723049076226234,1.3318130928357492,0.894048691949654,1.6490833462040133,2.289638050969283,3.9844613534886513,2.8361140058198044,2.289638050969283,3.9844613534886513,2.8361140058198044,6.274099404457934,5.1257520567890875,6.820575359308456,9.110213410277739
406,10150,Blackhole Attack,0.76,0.7825972671652145,0.2957565191958224,0.39064644643535856,0.7825972671652145,0.2957565191958224,0.39064644643535856,1.0783537863610368,1.1732437136005731,0.686402965631181,1.4690002327963954,2.455877616320701,3.570848144375043,1.1712539046708745,2.455877616320701,3.570848144375043,1.1712539046708745,6.026725760695744,3.6271315209915755,4.742102049045918,7.197979665366618
407,10175,Wormhole Attack,0.88,0.9199145201794019,0.215302996027871,0.46613023764764966,0.9199145201794019,0.215302996027871,0.46613023764764966,1.1352175162072728,1.3860447578270516,0.6814332336755207,1.6013477538549226,3.2840850337436986,2.0240855212401625,1.846419687961929,3.2840850337436986,2.0240855212401625,1.846419687961929,5.308170554983861,5.130504721705628,3.8705052092020917,7.15459024294579
408,10200,Wormhole Attack,0.88,0.7312645861759499,0.24560475849190858,0.22719938121499178,0.7312645861759499,0.24560475849190858,0.22719938121499178,0.9768693446678585,0.9584639673909416,0.4728041397069004,1.2040687258828502,2.146272623369633,2.6066533411309303,-0.2907005632197634,2.146272623369633,2.6066533411309303,-0.2907005632197634,4.752925964500563,1.8555720601498695,2.315952777911167,4.4622254012808
409,10225,Wormhole Attack,0.76,0.8235733562704793,0.22748949517373562,0.5090916682639085,0.8235733562704793,0.22748949517373562,0.5090916682639085,1.051062851444215,1.3326650245343878,0.7365811634376441,1.5601545197081235,2.7030184539724686,2.2583775776158523,2.2306887805377618,2.7030184539724686,2.2583775776158523,2.2306887805377618,4.961396031588321,4.93370723451023,4.4890663581536145,7.192084812126083
410,10250,Wormhole Attack,0.8,0.8300106604295341,0.21806622740847315,0.5619933706561675,0.8300106604295341,0.21806622740847315,0.5619933706561675,1.0480768878380071,1.3920040310857016,0.7800595980646406,1.6100702584941746,2.741844041695129,2.0772101433858756,2.7038687673861688,2.741844041695129,2.0772101433858756,2.7038687673861688,4.819054185081004,5.445712809081298,4.781078910772044,7.522922952467173
411,10275,Blackhole Attack,0.76,0.8682163215760337,0.26058443057798036,0.4412981952161701,0.8682163215760337,0.26058443057798036,0.4412981952161701,1.128800752154014,1.3095145167922038,0.7018826257941504,1.570098947370184,2.972275478783456,2.8946456623768753,1.6243091512532664,2.972275478783456,2.8946456623768753,1.6243091512532664,5.866921141160331,4.596584630036722,4.518954813630142,7.491230292413597
412,10300,Blackhole Attack,0.88,0.8128744156438351,0.25114296036051015,0.5034831673288468,0.8128744156438351,0.25114296036051015,0.5034831673288468,1.0640173760043452,1.316357582972682,0.7546261276893569,1.567500543333192,2.638489476068727,2.7131282761296878,2.180523468672862,2.638489476068727,2.7131282761296878,2.180523468672862,5.351617752198415,4.819012944741589,4.89365174480255,7.532141220871276
413,10325,Flooding Attack,0.8,0.7336210950078496,0.21436864756363327,0.43321792398915004,0.7336210950078496,0.21436864756363327,0.43321792398915004,0.9479897425714828,1.1668390189969995,0.6475865715527833,1.3812076665606328,2.1604855358111634,2.0061221651985703,1.5520350568473296,2.1604855358111634,2.0061221651985703,1.5520350568473296,4.166607701009734,3.712520592658493,3.5581572220459,5.718642757857063
414,10350,Normal Traffic,0.64,0.7555865084656459,0.2369537491010949,0.4740813427275864,0.7555865084656459,0.2369537491010949,0.4740813427275864,0.9925402575667408,1.2296678511932324,0.7110350918286813,1.466621600294327,2.2929664728615884,2.4403329930441755,1.9175384540322116,2.2929664728615884,2.4403329930441755,1.9175384540322116,4.733299465905764,4.2105049268938,4.357871447076387,6.650837919937976
415,10375,Wormhole Attack,0.92,0.7000783716287324,0.23919812812728702,0.5349615498889981,0.7000783716287324,0.23919812812728702,0.5349615498889981,0.9392764997560195,1.2350399215177306,0.7741596780162852,1.4742380496450176,1.9581778745860847,2.4834823972363926,2.462082283838725,1.9581778745860847,2.4834823972363926,2.462082283838725,4.441660271822477,4.42026015842481,4.945564681075117,6.903742555661202
416,10400,Normal Traffic,0.6,0.8115052186677435,0.29370315902430677,0.3328391819844536,0.8115052186677435,0.29370315902430677,0.3328391819844536,1.1052083776920503,1.144344400652197,0.6265423410087604,1.4380475596765039,2.6302313798235666,3.5313711812779265,0.654196052169248,2.6302313798235666,3.5313711812779265,0.654196052169248,6.161602561101493,3.284427431992815,4.185567233447174,6.815798613270741
417,10425,Blackhole Attack,0.84,0.8040195199785302,0.24791298914791002,0.42407743608705395,0.8040195199785302,0.24791298914791002,0.42407743608705395,1.0519325091264402,1.2280969560655841,0.671990425234964,1.476009945213494,2.585082565359884,2.6510303275411333,1.470277840165873,2.585082565359884,2.6510303275411333,1.470277840165873,5.2361128929010174,4.055360405525757,4.1213081677070065,6.706390733066891
418,10450,Normal Traffic,0.48,0.8753581531725223,0.21482838324266598,0.28895338613982335,0.8753581531725223,0.21482838324266598,0.28895338613982335,1.0901865364151884,1.1643115393123455,0.5037817693824893,1.3791399225550118,3.015350312952959,2.014960833001407,0.26165896240571224,3.015350312952959,2.014960833001407,0.26165896240571224,5.030311145954366,3.277009275358671,2.276619795407119,5.291970108360078
419,10475,Normal Traffic,0.72,0.8814862840642791,0.25992645257803304,0.40850597294791785,0.8814862840642791,0.25992645257803304,0.40850597294791785,1.1414127366423121,1.2899922570121969,0.6684324255259508,1.54991870959023,3.052311170733646,2.881995678422301,1.3309986791900432,3.052311170733646,2.881995678422301,1.3309986791900432,5.934306849155947,4.383309849923689,4.212994357612344,7.26530552834599
420,10500,Flooding Attack,0.76,0.8917737982281729,0.3010571308918427,0.31205745314329714,0.8917737982281729,0.3010571308918427,0.31205745314329714,1.1928309291200156,1.20383125137147,0.6131145840351399,1.5048883822633128,3.1143586946270982,3.672755279430401,0.46831359971371983,3.1143586946270982,3.672755279430401,0.46831359971371983,6.787113974057499,3.582672294340818,4.141068879144121,7.255427573771219
421,10525,Blackhole Attack,0.76,0.7723527014175173,0.24891315476559883,0.35655209476657895,0.7723527014175173,0.24891315476559883,0.35655209476657895,1.021265856183116,1.1289047961840963,0.6054652495321777,1.377817950949695,2.3940891290455895,2.670259054058879,0.8662965187135035,2.3940891290455895,2.670259054058879,0.8662965187135035,5.064348183104468,3.260385647759093,3.5365555727723823,5.930644701817972
422,10550,Flooding Attack,0.72,0.8345151896235706,0.2141677849561335,0.5437694072893391,0.8345151896235706,0.2141677849561335,0.5437694072893391,1.0486829745797042,1.3782845969129096,0.7579371922454726,1.5924523818690433,2.7690124011591366,2.0022604726159163,2.5408642825342116,2.7690124011591366,2.0022604726159163,2.5408642825342116,4.771272873775053,5.309876683693348,4.543124755150128,7.312137156309264
423,10575,Sybil Attack,0.8,0.9206449120547734,0.25183481875422,0.26832400283358954,0.9206449120547734,0.25183481875422,0.26832400283358954,1.1724797308089934,1.1889689148883629,0.5201588215878095,1.440803733642583,3.288490277480592,2.7264296290320154,0.07713916663137373,3.288490277480592,2.7264296290320154,0.07713916663137373,6.014919906512608,3.365629444111966,2.8035687956633892,6.092059073143981
424,10600,Wormhole Attack,0.76,0.7546961202555381,0.2591997845771201,0.38930146556967676,0.7546961202555381,0.2591997845771201,0.38930146556967676,1.0138959048326583,1.143997585825215,0.6485012501467968,1.403197370402335,2.287596236392315,2.868025091939794,1.1592237052716998,2.287596236392315,2.868025091939794,1.1592237052716998,5.155621328332108,3.446819941664015,4.027248797211493,6.314845033603808
425,10625,Blackhole Attack,0.8,0.6038208378271256,0.22483655116427967,0.4711476315357718,0.6038208378271256,0.22483655116427967,0.4711476315357718,0.8286573889914053,1.0749684693628974,0.6959841827000515,1.2998050205271772,1.3776156966556896,2.207373290003366,1.8912978349143859,1.3776156966556896,2.207373290003366,1.8912978349143859,3.5849889866590554,3.2689135315700755,4.098671124917752,5.476286821573441
426,10650,Wormhole Attack,0.88,0.7466546693038605,0.2607397055400058,0.435768240364073,0.7466546693038605,0.2607397055400058,0.435768240364073,1.0073943748438663,1.1824229096679335,0.6965079459040788,1.4431626152079393,2.2390954895536455,2.897630907747277,1.5748463958813246,2.2390954895536455,2.897630907747277,1.5748463958813246,5.136726397300922,3.81394188543497,4.472477303628601,6.711572793182247
427,10675,Flooding Attack,0.76,0.4855500805982273,0.30271512641442594,0.34356407387467386,0.4855500805982273,0.30271512641442594,0.34356407387467386,0.7882652070126532,0.8291141544729012,0.6462792002890998,1.1318292808873271,0.6642842233623234,3.704631142694998,0.7501249915809897,0.6642842233623234,3.704631142694998,0.7501249915809897,4.368915366057322,1.414409214943313,4.454756134275987,5.119040357638311
428,10700,Sybil Attack,0.76,0.8679116904234617,0.30628944048455803,0.3522009770657605,0.8679116904234617,0.30628944048455803,0.3522009770657605,1.1742011309080198,1.2201126674892222,0.6584904175503186,1.5264021079737802,2.970438143892172,3.7733492695007578,0.827377888058048,2.970438143892172,3.7733492695007578,0.827377888058048,6.74378741339293,3.7978160319502203,4.600727157558806,7.571165301450978
429,10725,Blackhole Attack,0.92,0.7293303866127735,0.3005069909451335,0.36018549083237966,0.7293303866127735,0.3005069909451335,0.36018549083237966,1.029837377557907,1.0895158774451532,0.6606924817775132,1.3900228683902867,2.1346068028712177,3.662178540543692,0.8987954785746177,2.1346068028712177,3.662178540543692,0.8987954785746177,5.79678534341491,3.0334022814458352,4.5609740191183095,6.695580821989528
430,10750,Blackhole Attack,0.8,0.8975283976664552,0.30317793194494247,0.38784365641617413,0.8975283976664552,0.30317793194494247,0.38784365641617413,1.2007063296113976,1.2853720540826292,0.6910215883611166,1.5885499860275716,3.1490666561866787,3.713528830057784,1.1461843117382546,3.1490666561866787,3.713528830057784,1.1461843117382546,6.862595486244462,4.295250967924933,4.859713141796039,8.008779797982717
431,10775,Wormhole Attack,0.76,0.6795305710194023,0.2608877963131604,0.6213136548901275,0.6795305710194023,0.2608877963131604,0.6213136548901275,0.9404183673325627,1.3008442259095299,0.8822014512032879,1.56173202222269,1.834247046501301,2.9004780331897324,3.2344598456380522,1.834247046501301,2.9004780331897324,3.2344598456380522,4.734725079691033,5.068706892139353,6.134937878827785,7.969184925329086
432,10800,Normal Traffic,0.64,0.890063016979174,0.30659626971097304,0.4928516484430261,0.890063016979174,0.30659626971097304,0.4928516484430261,1.196659286690147,1.3829146654222,0.7994479181539991,1.6895109351331732,3.104040386556497,3.7792482278113018,2.0854297053517907,3.104040386556497,3.7792482278113018,2.0854297053517907,6.883288614367799,5.189470091908287,5.864677933163092,8.968718319719589
433,10825,Normal Traffic,0.68,0.8743027329175661,0.23541894367130928,0.35712494290653757,0.8743027329175661,0.23541894367130928,0.35712494290653757,1.1097216765888753,1.2314276758241036,0.5925438865778468,1.4668466194954128,3.008984711657666,2.4108255261353486,0.8714203665874694,3.008984711657666,2.4108255261353486,0.8714203665874694,5.419810237793015,3.8804050782451354,3.282245892722818,6.291230604380484
434,10850,Sybil Attack,0.76,0.7896799731971246,0.27822044337057394,0.40643836963286284,0.7896799731971246,0.27822044337057394,0.40643836963286284,1.0679004165676984,1.1961183428299873,0.6846588130034368,1.4743387862005612,2.4985958439453713,3.233707574578861,1.3125049735967689,2.4985958439453713,3.233707574578861,1.3125049735967689,5.732303418524232,3.8111008175421404,4.54621254817563,7.044808392121001
435,10875,Blackhole Attack,0.8,0.6982902850659952,0.2953615711154196,0.3956832528682599,0.6982902850659952,0.2953615711154196,0.3956832528682599,0.9936518561814148,1.093973537934255,0.6910448239836795,1.3893351090496746,1.9473933116724913,3.5632550532984637,1.2163056873905733,1.9473933116724913,3.5632550532984637,1.2163056873905733,5.510648364970955,3.1636989990630644,4.779560740689037,6.726954052361528
436,10900,Blackhole Attack,0.72,0.8169976902589037,0.26990683320435377,0.2648208296431111,0.8169976902589037,0.26990683320435377,0.2648208296431111,1.0869045234632575,1.0818185199020147,0.5347276628474649,1.3517253531063687,2.663358358494732,3.07387390959965,0.04580498702582597,2.663358358494732,3.07387390959965,0.04580498702582597,5.737232268094382,2.7091633455205577,3.119678896625476,5.783037255120208
437,10925,Flooding Attack,0.72,0.8449607269458626,0.29781710482888446,0.4209032039096404,0.8449607269458626,0.29781710482888446,0.4209032039096404,1.142777831774747,1.2658639308555029,0.7187203087385249,1.5636810356843873,2.8320130168821813,3.6104640208896805,1.441885877865202,2.8320130168821813,3.6104640208896805,1.441885877865202,6.442477037771862,4.273898894747383,5.0523498987548825,7.884362915637064
438,10950,Sybil Attack,0.8,0.6979557923800603,0.3031548595939474,0.3539938205317578,0.6979557923800603,0.3031548595939474,0.3539938205317578,1.0011106519740078,1.0519496129118182,0.6571486801257052,1.3551044725057657,1.9453758716386713,3.713085251594818,0.8434140004948759,1.9453758716386713,3.713085251594818,0.8434140004948759,5.658461123233489,2.788789872133547,4.556499252089694,6.501875123728365
439,10975,Flooding Attack,0.8,0.7599853998964813,0.26884315410943227,0.31609389855020714,0.7599853998964813,0.26884315410943227,0.31609389855020714,1.0288285540059134,1.0760792984466885,0.5849370526596394,1.3449224525561205,2.3194976947691512,3.053424102030627,0.5044176398142416,2.3194976947691512,3.053424102030627,0.5044176398142416,5.372921796799778,2.823915334583393,3.557841741844869,5.87733943661402
440,11000,Normal Traffic,0.64,0.6324291047038839,0.26949918373322523,0.36057390966321284,0.6324291047038839,0.26949918373322523,0.36057390966321284,0.9019282884371091,0.9930030143670967,0.630073093396438,1.262502198100322,1.5501619594657965,3.0660366273967807,0.9022696960185579,1.5501619594657965,3.0660366273967807,0.9022696960185579,4.616198586862577,2.4524316554843546,3.9683063234153386,5.518468282881135
441,11025,Normal Traffic,0.68,0.5663414529217107,0.1960141430960945,0.6177345254657535,0.5663414529217107,0.1960141430960945,0.6177345254657535,0.7623555960178052,1.1840759783874641,0.813748668561848,1.3800901214835588,1.1515646805032684,1.653246860815874,3.202446274479294,1.1515646805032684,1.653246860815874,3.202446274479294,2.8048115413191423,4.354010954982563,4.8556931352951676,6.007257815798436
442,11050,Normal Traffic,0.68,0.7703231977539635,0.2390793198795242,0.41084428736140244,0.7703231977539635,0.2390793198795242,0.41084428736140244,1.0094025176334878,1.181167485115366,0.6499236072409267,1.4202468049948902,2.381848496853007,2.4811982442282505,1.3519137638354473,2.381848496853007,2.4811982442282505,1.3519137638354473,4.8630467410812575,3.7337622606884544,3.833112008063698,6.2149605049167045
443,11075,Blackhole Attack,0.8,0.8892565554556364,0.2792413952361686,0.41467864132143173,0.8892565554556364,0.2792413952361686,0.41467864132143173,1.168497950691805,1.303935196777068,0.6939200365576004,1.5831765920132366,3.099176340699193,3.253335927987636,1.3862101942778122,3.099176340699193,3.253335927987636,1.3862101942778122,6.352512268686828,4.485386534977005,4.639546122265449,7.73872246296464
444,11100,Blackhole Attack,0.92,0.41549129027237847,0.19301581921924132,0.5618267805351642,0.41549129027237847,0.19301581921924132,0.5618267805351642,0.6085071094916198,0.9773180708075426,0.7548425997544055,1.1703338900267841,0.241735646763899,1.5956024579090193,2.7023786998136563,0.241735646763899,1.5956024579090193,2.7023786998136563,1.8373381046729182,2.9441143465775554,4.297981157722676,4.5397168044865746
445,11125,Normal Traffic,0.64,0.8623919760536023,0.3046822819482971,0.24473603671971808,0.8623919760536023,0.3046822819482971,0.24473603671971808,1.1670742580018993,1.1071280127733203,0.5494183186680152,1.4118102947216173,2.9371468546854067,3.742450774873604,-0.1338437127622313,2.9371468546854067,3.742450774873604,-0.1338437127622313,6.6795976295590105,2.8033031419231755,3.6086070621113726,6.545753916796779
446,11150,Flooding Attack,0.76,0.7174771999923999,0.2536620203683972,0.37251726470315283,0.7174771999923999,0.2536620203683972,0.37251726470315283,0.9711392203607971,1.0899944646955526,0.62617928507155,1.34365648506395,2.063116171769835,2.761558571189602,1.0090971954215187,2.063116171769835,2.761558571189602,1.0090971954215187,4.824674742959437,3.072213367191354,3.7706557666111205,5.833771938380956
447,11175,Sybil Attack,0.84,0.6202905733132797,0.28885255451207603,0.3174979625430075,0.6202905733132797,0.28885255451207603,0.3174979625430075,0.9091431278253558,0.9377885358562872,0.6063505170550836,1.2266410903683633,1.4769503162552993,3.4381156784273488,0.5169763090366675,1.4769503162552993,3.4381156784273488,0.5169763090366675,4.915065994682648,1.9939266252919667,3.9550919874640162,5.4320423037193155
448,11200,Sybil Attack,0.8,0.8753991746830183,0.2280558252867121,0.488969296954154,0.8753991746830183,0.2280558252867121,0.488969296954154,1.1034549999697303,1.3643684716371722,0.7170251222408661,1.5924242969238842,3.0155977277425863,2.2692655812310463,2.050703960368691,3.0155977277425863,2.2692655812310463,2.050703960368691,5.284863308973632,5.0663016881112775,4.319969541599738,7.335567269342324
449,11225,Normal Traffic,0.76,0.9033256011501737,0.23811537809287706,0.4661492276297508,0.9033256011501737,0.23811537809287706,0.4661492276297508,1.1414409792430507,1.3694748287799245,0.7042646057226278,1.6075902068728014,3.184031577346513,2.4626659405110956,1.8465895441116282,3.184031577346513,2.4626659405110956,1.8465895441116282,5.646697517857609,5.030621121458141,4.309255484622724,7.493287061969237
450,11250,Flooding Attack,0.72,0.6726165162888241,0.282867482940089,0.43610278034789246,0.6726165162888241,0.282867482940089,0.43610278034789246,0.9554839992289131,1.1087192966367165,0.7189702632879815,1.3915867795768055,1.7925460126789758,3.323049430986437,1.5778386932552388,1.7925460126789758,3.323049430986437,1.5778386932552388,5.115595443665413,3.3703847059342147,4.900888124241676,6.693434136920652
451,11275,Wormhole Attack,0.8,0.6632126055954379,0.24830245806183748,0.410218832651718,0.6632126055954379,0.24830245806183748,0.410218832651718,0.9115150636572754,1.073431438247156,0.6585212907135555,1.3217338963089933,1.7358278041648483,2.6585180786701716,1.3463193757927279,1.7358278041648483,2.6585180786701716,1.3463193757927279,4.39434588283502,3.082147179957576,4.0048374544628995,5.740665258627748
452,11300,Wormhole Attack,0.76,0.7157987321153246,0.2935875836461072,0.42111270751997903,0.7157987321153246,0.2935875836461072,0.42111270751997903,1.0093863157614318,1.1369114396353037,0.7147002911660862,1.4304990232814108,2.0529927567204798,3.529149181940737,1.4437597857188598,2.0529927567204798,3.529149181940737,1.4437597857188598,5.582141938661216,3.4967525424393395,4.972908967659597,7.025901724380076
453,11325,Normal Traffic,0.64,0.6791764179955349,0.19277770622190846,0.4282532051318632,0.6791764179955349,0.19277770622190846,0.4282532051318632,0.8719541242174433,1.1074296231273981,0.6210309113537716,1.3002073293493066,1.8321110282309712,1.5910246063761755,1.5076280624149392,1.8321110282309712,1.5910246063761755,1.5076280624149392,3.4231356346071466,3.33973909064591,3.0986526687911145,4.930763697022086
454,11350,Wormhole Attack,0.92,0.7693482848779847,0.27689419851217384,0.5067069266375506,0.7693482848779847,0.27689419851217384,0.5067069266375506,1.0462424833901585,1.2760552115155352,0.7836011251497244,1.552949410027709,2.3759684631536477,3.208209797783981,2.2093584270638815,2.3759684631536477,3.208209797783981,2.2093584270638815,5.5841782609376285,4.585326890217529,5.417568224847862,7.79353668800151
455,11375,Blackhole Attack,0.88,0.801713097614334,0.21541801317814044,0.40618841117684684,0.801713097614334,0.21541801317814044,0.40618841117684684,1.0171311107924743,1.2079015087911809,0.6216064243549873,1.423319521969321,2.5711717415718476,2.0262967883425973,1.310269216833153,2.5711717415718476,2.0262967883425973,1.310269216833153,4.597468529914445,3.8814409584050003,3.33656600517575,5.907737746747598
456,11400,Blackhole Attack,0.8,0.9316231703666392,0.232266295005192,0.3453324100760225,0.9316231703666392,0.232266295005192,0.3453324100760225,1.1638894653718312,1.2769555804426618,0.5775987050812145,1.5092218754478537,3.3547039160780203,2.350214145444829,0.7659418984603447,3.3547039160780203,2.350214145444829,0.7659418984603447,5.704918061522849,4.120645814538365,3.1161560439051734,6.470859959983194
457,11425,Wormhole Attack,0.84,0.616193994100714,0.2171546217267262,0.46239896861168994,0.616193994100714,0.2171546217267262,0.46239896861168994,0.8333486158274401,1.078592962712404,0.6795535903384161,1.29574758443913,1.452242442951445,2.059684029673987,1.8130453020060315,1.452242442951445,2.059684029673987,1.8130453020060315,3.511926472625432,3.2652877449574764,3.8727293316800186,5.3249717746314635
458,11450,Blackhole Attack,0.72,0.7162838624143776,0.19155567623577618,0.5246419504990509,0.7162838624143776,0.19155567623577618,0.5246419504990509,0.9078395386501538,1.2409258129134284,0.7161976267348271,1.4324814891492048,2.055918743828966,1.5675304170296933,2.3697784886336284,2.055918743828966,1.5675304170296933,2.3697784886336284,3.6234491608586596,4.4256972324625945,3.937308905663322,5.9932276494922885
459,11475,Blackhole Attack,0.8,0.8323556753215937,0.22663905565017806,0.6263326051759665,0.8323556753215937,0.22663905565017806,0.6263326051759665,1.0589947309717718,1.4586882804975603,0.8529716608261445,1.685327336147738,2.755987630246019,2.2420274164733818,3.2793519138107694,2.755987630246019,2.2420274164733818,3.2793519138107694,4.9980150467194004,6.0353395440567885,5.521379330284152,8.27736696053017
460,11500,Normal Traffic,0.6,0.7158722093054475,0.2810932806178764,0.24874680401073185,0.7158722093054475,0.2810932806178764,0.24874680401073185,0.9969654899233239,0.9646190133161794,0.5298400846286082,1.2457122939340557,2.0534359228378856,3.2889394289651617,-0.09796935091387575,2.0534359228378856,3.2889394289651617,-0.09796935091387575,5.342375351803048,1.9554665719240099,3.190970078051286,5.244406000889172
461,11525,Normal Traffic,0.6,0.8780504925509591,0.2808276633704159,0.24065842452117314,0.8780504925509591,0.2808276633704159,0.24065842452117314,1.158878155921375,1.1187089170721323,0.521486087891589,1.3995365804425481,3.031588734524144,3.283832793304543,-0.17031596978288116,3.031588734524144,3.283832793304543,-0.17031596978288116,6.315421527828686,2.861272764741263,3.1135168235216617,6.145105558045805
462,11550,Flooding Attack,0.64,0.8465318254187372,0.3447440578383901,0.3205896787364347,0.8465318254187372,0.3447440578383901,0.3205896787364347,1.1912758832571273,1.167121504155172,0.6653337365748249,1.511865561993562,2.8414888502547164,4.512660146983316,0.5446302060114263,2.8414888502547164,4.512660146983316,0.5446302060114263,7.354148997238032,3.3861190562661427,5.057290352994742,7.898779203249458
463,11575,Blackhole Attack,0.84,0.8953830008112386,0.2421802459458893,0.3528796083272041,0.8953830008112386,0.2421802459458893,0.3528796083272041,1.137563246757128,1.2482626091384428,0.5950598542730934,1.490442855084332,3.1361270324336257,2.5408152298827567,0.8334479144814662,3.1361270324336257,2.5408152298827567,0.8334479144814662,5.676942262316382,3.969574946915092,3.374263144364223,6.5103901767978485
464,11600,Normal Traffic,0.52,0.7782613099037209,0.2532670010959426,0.2910726178489625,0.7782613099037209,0.2532670010959426,0.2910726178489625,1.0315283109996636,1.0693339277526834,0.544339618944905,1.322600928848626,2.4297259719586695,2.7539641114072104,0.28061445886258846,2.4297259719586695,2.7539641114072104,0.28061445886258846,5.18369008336588,2.7103404308212578,3.0345785702697987,5.464304542228469
465,11625,Normal Traffic,0.64,0.7909865792475289,0.1790753407850472,0.4682888102706007,0.7909865792475289,0.1790753407850472,0.4682888102706007,0.9700619200325761,1.2592753895181297,0.6473641510556479,1.4383507303031768,2.5064764328651252,1.327589198307993,1.8657270697502468,2.5064764328651252,1.327589198307993,1.8657270697502468,3.834065631173118,4.372203502615372,3.19331626805824,5.699792700923365
466,11650,Normal Traffic,0.64,0.8308044265317799,0.19509465710355742,0.6012808664319926,0.8308044265317799,0.19509465710355742,0.6012808664319926,1.0258990836353372,1.4320852929637726,0.7963755235355501,1.6271799500673298,2.746631517115359,1.6355692438545453,3.055276300487259,2.746631517115359,1.6355692438545453,3.055276300487259,4.382200760969904,5.801907817602618,4.690845544341805,7.437477061457163
467,11675,Blackhole Attack,0.84,0.9861493580189992,0.21188146726594548,0.583181459718949,0.9861493580189992,0.21188146726594548,0.583181459718949,1.1980308252849445,1.5693308177379481,0.7950629269848944,1.7812122850038934,3.683570042265507,1.9583047748596791,2.8933859142963003,3.683570042265507,1.9583047748596791,2.8933859142963003,5.641874817125187,6.576955956561807,4.85169068915598,8.535260731421488
468,11700,Sybil Attack,0.84,0.7282951251178815,0.2749025631797628,0.3693119730394533,0.7282951251178815,0.2749025631797628,0.3693119730394533,1.0031976882976443,1.0976070981573347,0.6442145362192161,1.3725096613370975,2.128362785967141,3.169919528199922,0.9804274211290266,2.128362785967141,3.169919528199922,0.9804274211290266,5.2982823141670625,3.1087902070961673,4.150346949328949,6.278709735296089
469,11725,Flooding Attack,0.76,0.7684093828759887,0.3551593498978463,0.33617199961401295,0.7684093828759887,0.3551593498978463,0.33617199961401295,1.123568732773835,1.1045813824900017,0.6913313495118593,1.459740732387848,2.3703056233777455,4.712899786370764,0.6840064841744341,2.3703056233777455,4.712899786370764,0.6840064841744341,7.08320540974851,3.0543121075521795,5.396906270545198,7.767211893922944
470,11750,Blackhole Attack,0.76,0.7320108428866958,0.22513268622615137,0.3438843633844766,0.7320108428866958,0.22513268622615137,0.3438843633844766,0.9571435291128472,1.0758952062711724,0.5690170496106279,1.3010278924973238,2.150773553366227,2.213066647199752,0.7529898253988578,2.150773553366227,2.213066647199752,0.7529898253988578,4.3638402005659795,2.9037633787650847,2.96605647259861,5.116830025964838
471,11775,Sybil Attack,0.84,0.7844497534600764,0.24808562650927532,0.488392264526728,0.7844497534600764,0.24808562650927532,0.488392264526728,1.0325353799693517,1.2728420179868043,0.7364778910360034,1.5209276444960798,2.4670505960912803,2.6543493744566926,2.0455426860793318,2.4670505960912803,2.6543493744566926,2.0455426860793318,5.121399970547973,4.512593282170612,4.699892060536024,7.166942656627304
472,11800,Blackhole Attack,0.88,0.787232920703286,0.19329971572324522,0.6122731948690359,0.787232920703286,0.19329971572324522,0.6122731948690359,0.9805326364265312,1.3995061155723219,0.8055729105922811,1.592805831295567,2.483836831645503,1.6010605221918626,3.1535973296803497,2.483836831645503,1.6010605221918626,3.1535973296803497,4.084897353837365,5.637434161325853,4.754657851872212,7.238494683517715
473,11825,Flooding Attack,0.84,0.7804938149061993,0.31489354665652136,0.3502650241640237,0.7804938149061993,0.31489354665652136,0.3502650241640237,1.0953873615627208,1.130758839070223,0.6651585708205451,1.4456523857267445,2.443190974803545,3.9387678777635027,0.8100617313530989,2.443190974803545,3.9387678777635027,0.8100617313530989,6.381958852567047,3.253252706156644,4.748829609116601,7.192020583920146
474,11850,Sybil Attack,0.88,0.6774388994079694,0.28360039833648726,0.5308194309778472,0.6774388994079694,0.28360039833648726,0.5308194309778472,0.9610392977444566,1.2082583303858168,0.8144198293143345,1.491858728722304,1.821631458107446,3.3371401270359105,2.4250330456616616,1.821631458107446,3.3371401270359105,2.4250330456616616,5.158771585143357,4.246664503769107,5.7621731726975725,7.583804630805018
475,11875,Blackhole Attack,0.76,0.576638803230827,0.12298220958312961,0.5589249938667449,0.576638803230827,0.12298220958312961,0.5589249938667449,0.6996210128139566,1.1355637970975718,0.6819072034498745,1.2585460066807015,1.2136715295598248,0.24916832447497586,2.676423630023682,1.2136715295598248,0.24916832447497586,2.676423630023682,1.4628398540348007,3.890095159583507,2.9255919544986577,4.139263484058483
476,11900,Flooding Attack,0.8,0.734166781970987,0.28232656948821805,0.4626913242425263,0.734166781970987,0.28232656948821805,0.4626913242425263,1.016493351459205,1.1968581062135133,0.7450178937307443,1.4791846757017313,2.163776760916101,3.3126500764677007,1.8156602808686861,2.163776760916101,3.3126500764677007,1.8156602808686861,5.476426837383801,3.979437041784787,5.128310357336387,7.292087118252487
477,11925,Sybil Attack,0.92,0.8398016415117925,0.2758615394239771,0.37991157024003397,0.8398016415117925,0.2758615394239771,0.37991157024003397,1.1156631809357695,1.2197132117518263,0.6557731096640111,1.4955747511758035,2.800896804390119,3.188356366670358,1.075235660508164,2.800896804390119,3.188356366670358,1.075235660508164,5.989253171060477,3.8761324648982827,4.263592027178522,7.0644888315686405
478,11950,Blackhole Attack,0.84,0.9095769338690428,0.2464603044775351,0.5088943223637089,0.9095769338690428,0.2464603044775351,0.5088943223637089,1.156037238346578,1.4184712562327517,0.755354626841244,1.6649315607102868,3.2217355075730487,2.623101676776564,2.2289236174855667,3.2217355075730487,2.623101676776564,2.2289236174855667,5.844837184349613,5.450659125058616,4.8520252942621305,8.07376080183518
479,11975,Sybil Attack,0.88,0.8331579144878065,0.28814503738311503,0.274910254801696,0.8331579144878065,0.28814503738311503,0.274910254801696,1.1213029518709217,1.1080681692895025,0.5630552921848111,1.3962132066726176,2.7608262096191156,3.4245132778460836,0.13604998573017354,2.7608262096191156,3.4245132778460836,0.13604998573017354,6.1853394874652,2.896876195349289,3.560563263576257,6.3213894731953735
480,12000,Wormhole Attack,0.8,0.773409185809943,0.2450205441647002,0.48050494715639597,0.773409185809943,0.2450205441647002,0.48050494715639597,1.0184297299746432,1.253914132966339,0.7255254913210962,1.4989346771310392,2.400461148518686,2.595421503796232,1.9749944700334707,2.400461148518686,2.595421503796232,1.9749944700334707,4.9958826523149185,4.375455618552157,4.570415973829703,6.970877122348389
481,12025,Wormhole Attack,0.84,0.6522492280531194,0.22325166388888754,0.4256996813143763,0.6522492280531194,0.22325166388888754,0.4256996813143763,0.8755008919420069,1.0779489093674957,0.6489513452032638,1.3012005732563832,1.6697039165888359,2.176902972446966,1.4847880343678954,1.6697039165888359,2.176902972446966,1.4847880343678954,3.846606889035802,3.1544919509567313,3.661691006814862,5.331394923403697
482,12050,Blackhole Attack,0.88,0.5832450752154961,0.23240896860229707,0.5211327700702292,0.5832450752154961,0.23240896860229707,0.5211327700702292,0.8156540438177932,1.1043778452857254,0.7535417386725263,1.3367868138880223,1.2535162201512644,2.3529571227393054,2.3383905772041174,1.2535162201512644,2.3529571227393054,2.3383905772041174,3.6064733428905695,3.5919067973553815,4.691347699943423,5.9448639200946864
483,12075,Sybil Attack,0.76,0.6466795599959028,0.29585602878703626,0.4740477145781393,0.6466795599959028,0.29585602878703626,0.4740477145781393,0.942535588782939,1.1207272745740422,0.7699037433651756,1.4165833033610782,1.6361113395723548,3.572761270242902,1.9172376665982815,1.6361113395723548,3.572761270242902,1.9172376665982815,5.208872609815257,3.5533490061706363,5.489998936841184,7.126110276413539
484,12100,Normal Traffic,0.64,0.8505676504979829,0.13014346359639314,0.5877602788590566,0.8505676504979829,0.13014346359639314,0.5877602788590566,0.9807111140943761,1.4383279293570395,0.7179037424554497,1.5684713929534326,2.865830294557478,0.3868473173435332,2.934341223530628,2.865830294557478,0.3868473173435332,2.934341223530628,3.252677611901011,5.800171518088106,3.3211885408741613,6.187018835431639
485,12125,Wormhole Attack,0.72,0.924259110377715,0.2452007102029645,0.4637468196869783,0.924259110377715,0.2452007102029645,0.4637468196869783,1.1694598205806794,1.3880059300646934,0.7089475298899428,1.6332066402676577,3.3102887463065653,2.5988852936089386,1.8251011740335426,3.3102887463065653,2.5988852936089386,1.8251011740335426,5.909174039915504,5.135389920340108,4.423986467642481,7.734275213949046
486,12150,Sybil Attack,0.68,0.7991585696191681,0.2867023530835352,0.4392982327385982,0.7991585696191681,0.2867023530835352,0.4392982327385982,1.0858609227027034,1.2384568023577662,0.7260005858221334,1.5251591554413015,2.555764507687024,3.396776889634529,1.6064204600384209,2.555764507687024,3.396776889634529,1.6064204600384209,5.9525413973215535,4.1621849677254446,5.00319734967295,7.558961857359974
487,12175,Wormhole Attack,0.84,0.8904926666971599,0.32186935774301245,0.32984370876878005,0.8904926666971599,0.32186935774301245,0.32984370876878005,1.2123620244401723,1.22033637546594,0.6517130665117925,1.5422057332089523,3.1066317512650006,4.072881629775453,0.6274030018003325,3.1066317512650006,4.072881629775453,0.6274030018003325,7.1795133810404534,3.734034753065333,4.700284631575785,7.806916382840786
488,12200,Sybil Attack,0.8,0.5438565213524779,0.2796415882364609,0.30771784117245876,0.5438565213524779,0.2796415882364609,0.30771784117245876,0.8234981095889388,0.8515743625249366,0.5873594294089197,1.1312159507613975,1.015950351661698,3.2610298554940815,0.42949788221444773,1.015950351661698,3.2610298554940815,0.42949788221444773,4.27698020715578,1.4454482338761456,3.6905277377085293,4.706478089370227
489,12225,Normal Traffic,0.64,0.8523248294494351,0.26503843438675945,0.45135091833627755,0.8523248294494351,0.26503843438675945,0.45135091833627755,1.1173632638361946,1.3036757477857126,0.7163893527230369,1.5687141821724722,2.876428443074052,2.980276301576331,1.7142258680820084,2.876428443074052,2.980276301576331,1.7142258680820084,5.856704744650383,4.59065431115606,4.694502169658339,7.570930612732392
490,12250,Flooding Attack,0.76,0.7209386468257257,0.2787573273954508,0.4209919603685084,0.7209386468257257,0.2787573273954508,0.4209919603685084,0.9996959742211765,1.1419306071942341,0.6997492877639592,1.4206879345896848,2.083993344007468,3.2440294611779614,1.4426797612024234,2.083993344007468,3.2440294611779614,1.4426797612024234,5.328022805185429,3.526673105209891,4.686709222380385,6.770702566387852
491,12275,Blackhole Attack,0.88,0.9398261525730526,0.322117373282859,0.40367014866947715,0.9398261525730526,0.322117373282859,0.40367014866947715,1.2619435258559115,1.3434963012425296,0.7257875219523362,1.6656136745253887,3.404178913277669,4.077649863059537,1.287744584047566,3.404178913277669,4.077649863059537,1.287744584047566,7.481828776337206,4.691923497325235,5.365394447107103,8.769573360384772
492,12300,Blackhole Attack,0.76,0.7831390641022951,0.30331942784186106,0.47964548033539967,0.7831390641022951,0.30331942784186106,0.47964548033539967,1.086458491944156,1.2627845444376948,0.7829649081772607,1.5661039722795556,2.4591453793452116,3.716249165427358,1.9673069575212991,2.4591453793452116,3.716249165427358,1.9673069575212991,6.175394544772569,4.426452336866511,5.683556122948657,8.142701502293868
493,12325,Flooding Attack,0.84,0.843251020488237,0.2780996202251908,0.4383302455410345,0.843251020488237,0.2780996202251908,0.4383302455410345,1.1213506407134277,1.2815812660292716,0.7164298657662254,1.5596808862544622,2.8217011912467296,3.2313846840710316,1.597762285561986,2.8217011912467296,3.2313846840710316,1.597762285561986,6.053085875317761,4.4194634768087155,4.829146969633017,7.650848160879747
494,12350,Sybil Attack,0.88,0.5237778040708967,0.29192011672667145,0.3355336755758526,0.5237778040708967,0.29192011672667145,0.3355336755758526,0.8156979207975681,0.8593114796467494,0.6274537923025241,1.1512315963734208,0.8948487259014831,3.4970912259341005,0.6782969862504896,0.8948487259014831,3.4970912259341005,0.6782969862504896,4.3919399518355835,1.5731457121519727,4.17538821218459,5.070236938086073
495,12375,Wormhole Attack,0.92,0.7392644283759001,0.2594823691645712,0.5263589558443342,0.7392644283759001,0.2594823691645712,0.5263589558443342,0.9987467975404714,1.2656233842202345,0.7858413250089054,1.5251057533848056,2.194522413565536,2.873457933915289,2.3851362659821826,2.194522413565536,2.873457933915289,2.3851362659821826,5.067980347480825,4.579658679547719,5.2585941998974715,7.453116613463008
496,12400,Blackhole Attack,0.8,0.7554009097068556,0.1874581309683639,0.3715140113167501,0.7554009097068556,0.1874581309683639,0.3715140113167501,0.9428590406752195,1.1269149210236056,0.5589721422851139,1.3143730519919696,2.291847063134693,1.488752886641052,1.000123582045834,2.291847063134693,1.488752886641052,1.000123582045834,3.780599949775745,3.2919706451805273,2.488876468686886,4.780723531821579
497,12425,Sybil Attack,0.84,0.7655641360788208,0.29318644253719134,0.35287688540742895,0.7655641360788208,0.29318644253719134,0.35287688540742895,1.058750578616012,1.1184410214862497,0.6460633279446203,1.411627464023441,2.3531449647562828,3.5214370265317227,0.8334235592890029,2.3531449647562828,3.5214370265317227,0.8334235592890029,5.8745819912880055,3.1865685240452857,4.354860585820726,6.708005550577008
498,12450,Normal Traffic,0.64,0.8363107994788056,0.3005444013704459,0.3677622242410344,0.8363107994788056,0.3005444013704459,0.3677622242410344,1.1368552008492516,1.20407302371984,0.6683066256114802,1.504617425090286,2.779842339628338,3.662897776262779,0.9665656722080411,2.779842339628338,3.662897776262779,0.9665656722080411,6.442740115891117,3.7464080118363787,4.62946344847082,7.409305788099158
499,12475,Sybil Attack,0.8,0.7189709523785803,0.3062685477698506,0.24074550018802449,0.7189709523785803,0.3062685477698506,0.24074550018802449,1.025239500148431,0.9597164525666049,0.5470140479578751,1.2659850003364554,2.0721255043837066,3.7729475957277168,-0.1695371203124043,2.0721255043837066,3.7729475957277168,-0.1695371203124043,5.845073100111423,1.9025883840713023,3.6034104754153127,5.675535979799019
500,12500,Wormhole Attack,0.88,0.7917073557879492,0.2317160684816154,0.49211755219967585,0.7917073557879492,0.2317160684816154,0.49211755219967585,1.0234234242695646,1.283824907987625,0.7238336206812912,1.5155409764692405,2.510823683221341,2.339635742070883,2.0788635716535153,2.510823683221341,2.339635742070883,2.0788635716535153,4.8504594252922235,4.589687254874857,4.418499313724398,6.929322996945739
501,12525,Blackhole Attack,0.92,0.7157295855852298,0.21401681926728985,0.6255656558731864,0.7157295855852298,0.21401681926728985,0.6255656558731864,0.9297464048525197,1.341295241458416,0.8395824751404762,1.555312060725706,2.0525757102980053,1.9993580753599043,3.272491925481623,2.0525757102980053,1.9993580753599043,3.272491925481623,4.051933785657909,5.325067635779629,5.271850000841527,7.324425711139533
502,12550,Blackhole Attack,0.84,0.7030938289467457,0.24596588435521663,0.400459533397106,0.7030938289467457,0.24596588435521663,0.400459533397106,0.9490597133019623,1.1035533623438516,0.6464254177523227,1.3495192466990682,1.9763651311971895,2.6135961817377504,1.259027192665882,1.9763651311971895,2.6135961817377504,1.259027192665882,4.58996131293494,3.2353923238630715,3.8726233744036325,5.848988505600822
503,12575,Blackhole Attack,0.84,0.9821664888958231,0.2899387524919377,0.1447226686178496,0.9821664888958231,0.2899387524919377,0.1447226686178496,1.2721052413877607,1.1268891575136728,0.4346614211097873,1.4168279100056103,3.6595479934840722,3.458998423774216,-1.0284146256641173,3.6595479934840722,3.458998423774216,-1.0284146256641173,7.118546417258289,2.631133367819955,2.4305837981100984,6.090131791594171
504,12600,Blackhole Attack,0.88,0.6897115122144152,0.2171544153225505,0.49044101547017893,0.6897115122144152,0.2171544153225505,0.49044101547017893,0.9068659275369657,1.180152527684594,0.7075954307927295,1.3973069430071448,1.8956517922923186,2.05968006144175,2.0638677663818443,1.8956517922923186,2.05968006144175,2.0638677663818443,3.9553318537340685,3.959519558674163,4.123547827823595,6.019199620115913
505,12625,Normal Traffic,0.72,0.9531439286170809,0.16599843762564673,0.4447967318133223,0.9531439286170809,0.16599843762564673,0.4447967318133223,1.1191423662427276,1.3979406604304032,0.610795169438969,1.56393909805605,3.484502985170536,1.0761786417921484,1.655601858787597,3.484502985170536,1.0761786417921484,1.655601858787597,4.560681626962684,5.140104843958133,2.7317805005797453,6.216283485750282
506,12650,Blackhole Attack,0.84,0.872111519425789,0.238669568908708,0.4760796463295796,0.872111519425789,0.238669568908708,0.4760796463295796,1.110781088334497,1.3481911657553687,0.7147492152382876,1.5868607346640766,2.9957687520661964,2.4733205595539745,1.9354123074121858,2.9957687520661964,2.4733205595539745,1.9354123074121858,5.469089311620171,4.931181059478382,4.40873286696616,7.404501619032357
507,12675,Wormhole Attack,0.8,0.682213550728768,0.21507713088680327,0.4524783750556072,0.682213550728768,0.21507713088680327,0.4524783750556072,0.8972906816155712,1.134691925784375,0.6675555059424104,1.3497690566711784,1.850429016700359,2.019743141387594,1.7243104198355375,1.850429016700359,2.019743141387594,1.7243104198355375,3.870172158087953,3.5747394365358964,3.7440535612231316,5.594482577923491
508,12700,Normal Traffic,0.6,0.8629650010663574,0.2523025431489093,0.5017999427329782,0.8629650010663574,0.2523025431489093,0.5017999427329782,1.1152675442152669,1.3647649437993357,0.7541024858818876,1.617067486948245,2.940602964937508,2.7354218842266524,2.165467843690696,2.940602964937508,2.7354218842266524,2.165467843690696,5.67602484916416,5.106070808628203,4.900889727917349,7.841492692854857
509,12725,Normal Traffic,0.64,0.7376975181954311,0.2533682074803797,0.41010896758123133,0.7376975181954311,0.2533682074803797,0.41010896758123133,0.9910657256758107,1.1478064857766623,0.6634771750616111,1.4011746932570421,2.185071841220006,2.7559098590451745,1.3453366861956615,2.185071841220006,2.7559098590451745,1.3453366861956615,4.94098170026518,3.530408527415667,4.101246545240836,6.286318386460842
510,12750,Flooding Attack,0.84,0.8105171649411531,0.21480950610821933,0.6238320635493174,0.8105171649411531,0.21480950610821933,0.6238320635493174,1.0253266710493725,1.4343492284904706,0.8386415696575368,1.6491587345986898,2.624272089150238,2.0145979098521867,3.256985785680556,2.624272089150238,2.0145979098521867,3.256985785680556,4.6388699990024245,5.881257874830794,5.271583695532742,7.895855784682981
511,12775,Wormhole Attack,0.76,0.7911743025253288,0.1376095466871058,0.7126016961548546,0.7911743025253288,0.1376095466871058,0.7126016961548546,0.9287838492124346,1.5037759986801835,0.8502112428419604,1.6413855453672892,2.507608656294331,0.5303868145738285,4.050986955574332,2.507608656294331,0.5303868145738285,4.050986955574332,3.0379954708681596,6.558595611868663,4.5813737701481605,7.088982426442492
512,12800,Flooding Attack,0.76,0.6563712788089222,0.292499335692995,0.48717816547424675,0.6563712788089222,0.292499335692995,0.48717816547424675,0.9488706145019172,1.143549444283169,0.7796775011672418,1.436048779976164,1.6945654175001401,3.5082270247461653,2.0346831608144167,1.6945654175001401,3.5082270247461653,2.0346831608144167,5.202792442246306,3.729248578314557,5.542910185560582,7.237475603060723
513,12825,Blackhole Attack,0.76,0.8145406474226431,0.2711889309269499,0.5559655669822079,0.8145406474226431,0.2711889309269499,0.5559655669822079,1.085729578349593,1.370506214404851,0.8271544979091578,1.641695145331801,2.6485390910155986,3.0985229337620623,2.6499529965472637,2.6485390910155986,3.0985229337620623,2.6499529965472637,5.7470620247776605,5.298492087562862,5.748475930309326,8.397015021324924
514,12850,Normal Traffic,0.68,0.8989245039618599,0.23267038446411226,0.7095985460141765,0.8989245039618599,0.23267038446411226,0.7095985460141765,1.1315948884259721,1.6085230499760363,0.9422689304782887,1.8411934344401486,3.1574870517595905,2.3579829844819447,4.024125238846709,3.1574870517595905,2.3579829844819447,4.024125238846709,5.515470036241535,7.181612290606299,6.382108223328654,9.539595275088244
515,12875,Sybil Attack,0.88,0.6396002098970898,0.27543264779877,0.37360494148055373,0.6396002098970898,0.27543264779877,0.37360494148055373,0.9150328576958597,1.0132051513776434,0.6490375892793238,1.2886377991764135,1.5934133527304144,3.1801106925329923,1.018825934950725,1.5934133527304144,3.1801106925329923,1.018825934950725,4.7735240452634065,2.612239287681139,4.198936627483717,5.792349980214132
516,12900,Normal Traffic,0.6,0.7068112143322868,0.28193123463751446,0.3826322868390602,0.7068112143322868,0.28193123463751446,0.3826322868390602,0.9887424489698012,1.089443501171347,0.6645635214765746,1.3713747358088615,1.9987859565643187,3.3050495495222942,1.0995711466329707,1.9987859565643187,3.3050495495222942,1.0995711466329707,5.303835506086613,3.0983571031972894,4.4046206961552645,6.403406652719584
517,12925,Blackhole Attack,0.72,0.9765543457615035,0.14460642146985933,0.6544011815083763,0.9765543457615035,0.14460642146985933,0.6544011815083763,1.1211607672313628,1.63095552726988,0.7990076029782357,1.7755619487397392,3.625699234719557,0.6649055275719599,3.5304116714220233,3.625699234719557,0.6649055275719599,3.5304116714220233,4.290604762291517,7.15611090614158,4.195317198993983,7.82101643371354
518,12950,Blackhole Attack,0.8,0.8267506833260614,0.26602605178781263,0.2935587885159775,0.8267506833260614,0.26602605178781263,0.2935587885159775,1.092776735113874,1.120309471842039,0.5595848403037902,1.3863355236298514,2.722182002450532,2.9992637818227545,0.30285204575153507,2.722182002450532,2.9992637818227545,0.30285204575153507,5.721445784273286,3.025034048202067,3.3021158275742897,6.024297830024821
519,12975,Flooding Attack,0.8,0.8947694294424778,0.30767385003990466,0.3128484510503634,0.8947694294424778,0.30767385003990466,0.3128484510503634,1.2024432794823825,1.2076178804928412,0.6205223010902681,1.5152917305327458,3.1324263732114845,3.7999652941445854,0.4753886911065727,3.1324263732114845,3.7999652941445854,0.4753886911065727,6.93239166735607,3.607815064318057,4.275353985251158,7.4077803584626425
520,13000,Blackhole Attack,0.8,0.7933619360064539,0.26536906952768496,0.4691568884482161,0.7933619360064539,0.26536906952768496,0.4691568884482161,1.0587310055341388,1.26251882445467,0.7345259579759011,1.527887893982355,2.5208030236145356,2.98663294150633,1.8734916066572398,2.5208030236145356,2.98663294150633,1.8734916066572398,5.507435965120866,4.394294630271776,4.8601245481635695,7.3809275717781055
521,13025,Normal Traffic,0.68,0.7027796445034645,0.23942904030670864,0.30383742512488154,0.7027796445034645,0.23942904030670864,0.30383742512488154,0.9422086848101732,1.006617069628346,0.5432664654315902,1.2460461099350546,1.9744701771353175,2.4879218091389688,0.39478944881197914,1.9744701771353175,2.4879218091389688,0.39478944881197914,4.4623919862742865,2.3692596259472967,2.8827112579509477,4.857181435086265
522,13050,Blackhole Attack,0.92,0.7106225755854513,0.18861241673870252,0.6859538276160954,0.7106225755854513,0.18861241673870252,0.6859538276160954,0.8992349923241538,1.3965764032015466,0.8745662443547979,1.585188819940249,2.021773582598633,1.5109446566925526,3.8126347378855256,2.021773582598633,1.5109446566925526,3.8126347378855256,3.5327182392911856,5.834408320484158,5.323579394578078,7.345352977176711
523,13075,Blackhole Attack,0.76,0.7811488344239194,0.23660080342675727,0.434378986873178,0.7811488344239194,0.23660080342675727,0.434378986873178,1.0177496378506765,1.2155278212970972,0.6709797902999353,1.4521286247238545,2.447141622018113,2.433547421007474,1.562420199391909,2.447141622018113,2.433547421007474,1.562420199391909,4.880689043025587,4.0095618214100215,3.995967620399383,6.443109242417496
524,13100,Wormhole Attack,0.76,0.7389672155504328,0.24502597824032318,0.25159591811987464,0.7389672155504328,0.24502597824032318,0.25159591811987464,0.983993193790756,0.9905631336703073,0.4966218963601978,1.2355891119106306,2.1927298211475983,2.5955259768476777,-0.07248541153707663,2.1927298211475983,2.5955259768476777,-0.07248541153707663,4.7882557979952765,2.1202444096105215,2.523040565310601,4.7157703864582
525,13125,Sybil Attack,0.84,0.7216041101418939,0.27183603946473195,0.19179003279731074,0.7216041101418939,0.27183603946473195,0.19179003279731074,0.9934401496066259,0.9133941429392046,0.46362607226204267,1.1852301824039366,2.0880069813500124,3.1109639464106107,-0.6074199552414595,2.0880069813500124,3.1109639464106107,-0.6074199552414595,5.198970927760623,1.480587026108553,2.5035439911691513,4.591550972519164
526,13150,Flooding Attack,0.84,0.7642281630771258,0.3117794777026474,0.40278936729745923,0.7642281630771258,0.3117794777026474,0.40278936729745923,1.0760076407797732,1.167017530374585,0.7145688450001066,1.4787970080772324,2.345087253687985,3.878898212967571,1.2798664232477968,2.345087253687985,3.878898212967571,1.2798664232477968,6.223985466655556,3.6249536769357817,5.158764636215368,7.503851889903353
527,13175,Normal Traffic,0.68,0.6989464777031462,0.29494882898074004,0.32348573601522956,0.6989464777031462,0.29494882898074004,0.32348573601522956,0.9938953066838863,1.0224322137183757,0.6184345649959696,1.317381042699116,1.9513510343724252,3.5553198618764235,0.5705340291990316,1.9513510343724252,3.5553198618764235,0.5705340291990316,5.506670896248849,2.5218850635714567,4.125853891075455,6.077204925447881
528,13200,Normal Traffic,0.68,0.9264053353236877,0.2848349297120036,0.5387721500249344,0.9264053353236877,0.2848349297120036,0.5387721500249344,1.2112402650356913,1.4651774853486221,0.8236070797369379,1.7500124150606258,3.323233364558791,3.360874662374403,2.496166247882776,3.323233364558791,3.360874662374403,2.496166247882776,6.684108026933194,5.819399612441567,5.857040910257179,9.18027427481597
529,13225,Normal Traffic,0.68,0.955461432441149,0.2994380466634318,0.3806593821978225,0.955461432441149,0.2994380466634318,0.3806593821978225,1.2548994791045809,1.3361208146389716,0.6800974288612543,1.6355588613024035,3.49848064504115,3.6416275069028363,1.0819244745982612,3.49848064504115,3.6416275069028363,1.0819244745982612,7.140108151943986,4.580405119639411,4.723551981501098,8.222032626542248
530,13250,Blackhole Attack,0.76,0.9067948668928584,0.2646729815895591,0.2858041655594404,0.9067948668928584,0.2646729815895591,0.2858041655594404,1.1714678484824175,1.1925990324522988,0.5504771471489995,1.4572720140418578,3.204955908106364,2.9732502733183814,0.23349071667027071,3.204955908106364,2.9732502733183814,0.23349071667027071,6.178206181424745,3.4384466247766348,3.2067409899886523,6.411696898095015
531,13275,Normal Traffic,0.6,0.9445677776183944,0.26417162507294384,0.3347244954192559,0.9445677776183944,0.26417162507294384,0.3347244954192559,1.2087394026913383,1.2792922730376504,0.5988961204921998,1.5434638981105941,3.4327772790837856,2.9636114223367196,0.6710592634827542,3.4327772790837856,2.9636114223367196,0.6710592634827542,6.396388701420506,4.1038365425665395,3.634670685819474,7.06744796490326
532,13300,Wormhole Attack,0.76,0.7473060062918461,0.08844768768409116,0.5997832035414361,0.7473060062918461,0.08844768768409116,0.5997832035414361,0.8357536939759372,1.3470892098332823,0.6882308912255273,1.4355368975173732,2.243023926169224,-0.414776591520253,3.0418804346680037,2.243023926169224,-0.414776591520253,3.0418804346680037,1.828247334648971,5.284904360837228,2.6271038431477507,4.870127769316975
533,13325,Normal Traffic,0.68,0.8173844791791435,0.25508049471189836,0.38305590561316255,0.8173844791791435,0.25508049471189836,0.38305590561316255,1.072464973891042,1.200440384792306,0.6381364003250609,1.4555208795042045,2.6656912150418,2.7888295098633904,1.1033602104417721,2.6656912150418,2.7888295098633904,1.1033602104417721,5.454520724905191,3.769051425483572,3.8921897203051623,6.5578809353469625
534,13350,Blackhole Attack,0.88,0.7847240875753191,0.27553446465885467,0.5634707675494773,0.7847240875753191,0.27553446465885467,0.5634707675494773,1.0602585522341736,1.3481948551247964,0.839005232208332,1.623729319783651,2.468705199166341,3.1820681768964194,2.717083363721135,2.468705199166341,3.1820681768964194,2.717083363721135,5.6507733760627605,5.185788562887476,5.899151540617554,8.367856739783896
535,13375,Sybil Attack,0.72,0.7555339183328831,0.2710613647678416,0.33664854721036896,0.7555339183328831,0.2710613647678416,0.33664854721036896,1.0265952831007246,1.0921824655432522,0.6077099119782106,1.3632438303110934,2.292649283746009,3.0960704051577688,0.688268970544048,2.292649283746009,3.0960704051577688,0.688268970544048,5.388719688903778,2.980918254290057,3.784339375701817,6.076988659447825
536,13400,Normal Traffic,0.72,0.7652192396125024,0.2539846873885104,0.6038241069774166,0.7652192396125024,0.2539846873885104,0.6038241069774166,1.0192039270010127,1.369043346589919,0.8578087943659269,1.6230280339784293,2.3510647759571492,2.7677620196748536,3.0780243496693616,2.3510647759571492,2.7677620196748536,3.0780243496693616,5.118826795632003,5.429089125626511,5.845786369344215,8.196851145301364
537,13425,Wormhole Attack,0.76,0.8624860002494547,0.20721980164161938,0.3551211455748426,0.8624860002494547,0.20721980164161938,0.3551211455748426,1.0697058018910741,1.2176071458242972,0.562340947216462,1.4248269474659168,2.937713946836705,1.8686817246147815,0.8534973744684663,2.937713946836705,1.8686817246147815,0.8534973744684663,4.806395671451487,3.7912113213051715,2.722179099083248,5.659893045919953
538,13450,Flooding Attack,0.76,0.6947819916938196,0.2903394302598972,0.3115686279333924,0.6947819916938196,0.2903394302598972,0.3115686279333924,0.9851214219537168,1.006350619627212,0.6019080581932896,1.2966900498871092,1.9262335919027431,3.4667016712020158,0.4639412960649863,1.9262335919027431,3.4667016712020158,0.4639412960649863,5.392935263104759,2.3901748879677296,3.9306429672670022,5.856876559169745
539,13475,Wormhole Attack,0.88,0.9673824456628941,0.2681622081599103,0.5219622553931614,0.9673824456628941,0.2681622081599103,0.5219622553931614,1.2355446538228043,1.4893447010560554,0.7901244635530718,1.7575069092159659,3.5703803616224805,3.0403325467870252,2.3458099198045828,3.5703803616224805,3.0403325467870252,2.3458099198045828,6.610712908409505,5.916190281427063,5.386142466591608,8.956522828214087
540,13500,Wormhole Attack,0.76,0.7969220844710952,0.27925528924394877,0.40512229686858875,0.7969220844710952,0.27925528924394877,0.40512229686858875,1.076177373715044,1.202044381339684,0.6843775861125375,1.4812996705836328,2.542275499219902,3.2536030478237064,1.3007333430985057,2.542275499219902,3.2536030478237064,1.3007333430985057,5.795878547043609,3.8430088423184077,4.554336390922212,7.096611890142114
541,13525,Normal Traffic,0.68,0.6234277320401668,0.19075747416849168,0.5674091022572505,0.6234277320401668,0.19075747416849168,0.5674091022572505,0.8141852062086584,1.1908368342974174,0.7581665764257421,1.381594308465909,1.4958715957755986,1.5521845493191233,2.7523098513568414,1.4958715957755986,1.5521845493191233,2.7523098513568414,3.048056145094722,4.24818144713244,4.3044944006759644,5.800365996451563
542,13550,Normal Traffic,0.68,0.9199927943122888,0.20836331273883082,0.6329125473781272,0.9199927943122888,0.20836331273883082,0.6329125473781272,1.1283561070511197,1.552905341690416,0.841275860116958,1.7612686544292468,3.284557131867032,1.8906663457309292,3.3382062951234075,3.284557131867032,1.8906663457309292,3.3382062951234075,5.175223477597961,6.622763426990439,5.228872640854337,8.513429772721368
543,13575,Wormhole Attack,0.8,0.6282121487218307,0.1907727824509369,0.5097522705600599,0.6282121487218307,0.1907727824509369,0.5097522705600599,0.8189849311727676,1.1379644192818907,0.7005250530109968,1.3287372017328276,1.5247280526068974,1.5524788593527714,2.2365975466392225,1.5247280526068974,1.5524788593527714,2.2365975466392225,3.077206911959669,3.7613255992461196,3.789076405991994,5.3138044585988915
544,13600,Blackhole Attack,0.8,0.665194819910256,0.24320031827212338,0.4273872196543917,0.665194819910256,0.24320031827212338,0.4273872196543917,0.9083951381823794,1.0925820395646477,0.670587537926515,1.3357823578367711,1.7477832180871231,2.5604266736702384,1.4998822436924617,1.7477832180871231,2.5604266736702384,1.4998822436924617,4.308209891757361,3.247665461779585,4.0603089173627005,5.808092135449822
545,13625,Normal Traffic,0.68,0.9030073737665915,0.25866293121089584,0.4343170595157593,0.9030073737665915,0.25866293121089584,0.4343170595157593,1.1616703049774872,1.3373244332823506,0.6929799907266552,1.5959873644932465,3.182112238925997,2.8577037947699186,1.5618662893125759,3.182112238925997,2.8577037947699186,1.5618662893125759,6.0398160336959155,4.743978528238573,4.419570084082494,7.601682323008491
546,13650,Blackhole Attack,0.8,0.9419111348562005,0.27086700050574564,0.42502735796767166,0.9419111348562005,0.27086700050574564,0.42502735796767166,1.2127781353619462,1.3669384928238721,0.6958943584734173,1.6378054933296178,3.4167541560399184,3.0923336467903866,1.4787744291724958,3.4167541560399184,3.0923336467903866,1.4787744291724958,6.5090878028303045,4.895528585212414,4.571108075962883,7.987862232002801
547,13675,Wormhole Attack,0.8,0.8859928221682553,0.24782530895362453,0.5895838870927402,0.8859928221682553,0.24782530895362453,0.5895838870927402,1.1338181311218798,1.4755767092609955,0.8374091960463648,1.7234020182146201,3.0794916466220386,2.649344628245816,2.950652511844808,3.0794916466220386,2.649344628245816,2.950652511844808,5.728836274867854,6.030144158466847,5.599997140090624,8.679488786712662
548,13700,Wormhole Attack,0.88,0.9258946777191833,0.28185944578958133,0.44097684418372596,0.9258946777191833,0.28185944578958133,0.44097684418372596,1.2077541235087645,1.3668715219029093,0.7228362899733073,1.6487309676924906,3.3201534135218274,3.30366936998051,1.6214348226318895,3.3201534135218274,3.30366936998051,1.6214348226318895,6.623822783502337,4.9415882361537165,4.9251041926124,8.245257606134228
549,13725,Flooding Attack,0.72,0.6750372966701284,0.2754300670542429,0.3696521040230744,0.6750372966701284,0.2754300670542429,0.3696521040230744,0.9504673637243712,1.0446894006932028,0.6450821710773174,1.3201194677474457,1.8071465688635733,3.1800610763195905,0.9834697272756834,1.8071465688635733,3.1800610763195905,0.9834697272756834,4.9872076451831635,2.7906162961392567,4.163530803595274,5.970677372458847
550,13750,Blackhole Attack,0.76,0.8022153631650197,0.28908005435116213,0.44266643076136947,0.8022153631650197,0.28908005435116213,0.44266643076136947,1.0912954175161818,1.2448817939263892,0.7317464851125316,1.5339618482775512,2.574201077255915,3.4424894862360262,1.6365473524454024,2.574201077255915,3.4424894862360262,1.6365473524454024,6.016690563491942,4.210748429701317,5.079036838681429,7.6532379159373445
551,13775,Flooding Attack,0.84,0.9044575355755612,0.2923690335922172,0.46660270675622284,0.9044575355755612,0.2923690335922172,0.46660270675622284,1.1968265691677784,1.371060242331784,0.7589717403484401,1.6634292759240012,3.190858661828355,3.505721896179225,1.850645694242847,3.190858661828355,3.505721896179225,1.850645694242847,6.696580558007581,5.0415043560712025,5.356367590422072,8.547226252250427
552,13800,Wormhole Attack,0.76,0.7422570463834371,0.2857324476643517,0.5156369436863375,0.7422570463834371,0.2857324476643517,0.5156369436863375,1.0279894940477887,1.2578939900697748,0.8013693913506892,1.5436264377341262,2.2125719184671504,3.3781299318470217,2.2892330843739526,2.2125719184671504,3.3781299318470217,2.2892330843739526,5.590701850314172,4.5018050028411025,5.667363016220975,7.879934934688125
553,13825,Blackhole Attack,0.72,0.906327341532628,0.21478944163152724,0.6063401633799907,0.906327341532628,0.21478944163152724,0.6063401633799907,1.121116783164155,1.5126675049126188,0.821129605011518,1.7274569465441458,3.202136102417881,2.0142121594042504,3.100529249921004,3.202136102417881,2.0142121594042504,3.100529249921004,5.216348261822132,6.302665352338885,5.114741409325255,8.316877511743137
554,13850,Wormhole Attack,0.8,0.7366068582232452,0.19429979551934062,0.5219029755146766,0.7366068582232452,0.19429979551934062,0.5219029755146766,0.9309066537425859,1.258509833737922,0.7162027710340172,1.4528096292572625,2.178493697111943,1.620287598742923,2.345279690136096,2.178493697111943,1.620287598742923,2.345279690136096,3.798781295854866,4.523773387248038,3.965567288879019,6.144060985990961
555,13875,Sybil Attack,0.8,0.6372660220468427,0.24226298255568893,0.4063033175464997,0.6372660220468427,0.24226298255568893,0.4063033175464997,0.8795290046025316,1.0435693395933423,0.6485663001021886,1.2858323221490313,1.5793350657795857,2.5424058860847953,1.3112969983982519,1.5793350657795857,2.5424058860847953,1.3112969983982519,4.121740951864381,2.8906320641778374,3.853702884483047,5.433037950262633
556,13900,Blackhole Attack,0.8,0.9616953927815233,0.21165902950098564,0.4556656531812575,0.9616953927815233,0.21165902950098564,0.4556656531812575,1.173354422282509,1.4173610459627808,0.6673246826822432,1.6290200754637665,3.5360797964987265,1.9540282881718891,1.7528190717952545,3.5360797964987265,1.9540282881718891,1.7528190717952545,5.490108084670616,5.288898868293981,3.706847359967144,7.24292715646587
557,13925,Sybil Attack,0.8,0.7204534764642384,0.24963093202935732,0.5758980066402547,0.7204534764642384,0.24963093202935732,0.5758980066402547,0.9700844084935958,1.296351483104493,0.8255289386696121,1.5459824151338504,2.081067115268709,2.6840587112970087,2.828238970509254,2.081067115268709,2.6840587112970087,2.828238970509254,4.7651258265657175,4.909306085777963,5.512297681806263,7.593364797074972
558,13950,Normal Traffic,0.72,0.8856413035391584,0.28416361115471,0.29153117638863824,0.8856413035391584,0.28416361115471,0.29153117638863824,1.1698049146938683,1.1771724799277967,0.5756947875433482,1.4613360910825066,3.0773715172894898,3.347968198968557,0.2847160418733602,3.0773715172894898,3.347968198968557,0.2847160418733602,6.425339716258047,3.36208755916285,3.6326842408419173,6.710055758131407
559,13975,Normal Traffic,0.72,0.8673154840895735,0.26851399322770464,0.4206093153006552,0.8673154840895735,0.26851399322770464,0.4206093153006552,1.1358294773172781,1.2879247993902287,0.6891233085283599,1.5564387926179333,2.9668422191470873,3.0470958055333863,1.4392571872589264,2.9668422191470873,3.0470958055333863,1.4392571872589264,6.013938024680474,4.406099406406014,4.4863529927923125,7.4531952119394
560,14000,Flooding Attack,0.8,0.9101577831044299,0.2576107393909291,0.360553023172278,0.9101577831044299,0.2576107393909291,0.360553023172278,1.167768522495359,1.2707108062767078,0.618163762563207,1.528321545667637,3.225238808393539,2.837474836292919,0.9020828765201497,3.225238808393539,2.837474836292919,0.9020828765201497,6.062713644686458,4.127321684913689,3.739557712813069,6.964796521206607
561,14025,Wormhole Attack,0.84,0.8968567562017543,0.2543806839757579,0.5066029986761884,0.8968567562017543,0.2543806839757579,0.5066029986761884,1.1512374401775123,1.4034597548779426,0.7609836826519463,1.6578404388537007,3.1450157563128176,2.7753752688642623,2.2084288420190394,3.1450157563128176,2.7753752688642623,2.2084288420190394,5.92039102517708,5.353444598331857,4.983804110883302,8.12881986719612
562,14050,Blackhole Attack,0.8,0.9072452260222267,0.29760904114086084,0.5192490584698737,0.9072452260222267,0.29760904114086084,0.5192490584698737,1.2048542671630875,1.4264942844921005,0.8168580996107345,1.7241033256329612,3.2076721783729156,3.6064638836278893,2.321541693520313,3.2076721783729156,3.6064638836278893,2.321541693520313,6.814136062000805,5.529213871893228,5.928005577148202,9.135677755521119
563,14075,Wormhole Attack,0.92,0.6813442670419902,0.2120054729145608,0.44912991022978216,0.6813442670419902,0.2120054729145608,0.44912991022978216,0.8933497399565511,1.1304741772717724,0.661135383144343,1.3424796501863332,1.8451860688447115,1.9606888507184248,1.694360031273409,1.8451860688447115,1.9606888507184248,1.694360031273409,3.805874919563136,3.5395461001181205,3.655048881991834,5.500234950836545
564,14100,Wormhole Attack,0.76,0.6878950500519844,0.24054619289066675,0.4551145035423729,0.6878950500519844,0.24054619289066675,0.4551145035423729,0.9284412429426512,1.1430095535943572,0.6956606964330396,1.383555746485024,1.8846960864114417,2.5093996735402295,1.7478893064552814,1.8846960864114417,2.5093996735402295,1.7478893064552814,4.3940957599516715,3.632585392866723,4.257288979995511,6.141985066406953
565,14125,Wormhole Attack,0.8,0.7088959498933044,0.16361745549438697,0.5454699898638741,0.7088959498933044,0.16361745549438697,0.5454699898638741,0.8725134053876914,1.2543659397571785,0.7090874453582611,1.4179833952515655,2.0113597112608383,1.0304029688076783,2.5560751661894576,2.0113597112608383,1.0304029688076783,2.5560751661894576,3.0417626800685165,4.567434877450296,3.5864781349971357,5.597837846257974
566,14150,Flooding Attack,0.8,0.6312127059296025,0.3091337758608577,0.3207965162743594,0.6312127059296025,0.3091337758608577,0.3207965162743594,0.9403464817904603,0.952009222203962,0.6299302921352171,1.2611429980648197,1.5428254415462312,3.8280331599568216,0.5464802671446063,1.5428254415462312,3.8280331599568216,0.5464802671446063,5.370858601503053,2.0893057086908375,4.374513427101428,5.91733886864766
567,14175,Sybil Attack,0.84,0.6043306681213052,0.30763626385748016,0.306582952216142,0.6043306681213052,0.30763626385748016,0.306582952216142,0.9119669319787853,0.9109136203374473,0.6142192160736222,1.2185498841949274,1.3806906579005296,3.7992426793996827,0.4193468527174662,1.3806906579005296,3.7992426793996827,0.4193468527174662,5.179933337300213,1.8000375106179958,4.218589532117149,5.599280190017679
568,14200,Blackhole Attack,0.88,0.6160121206962567,0.24779179979353594,0.40824664492882506,0.6160121206962567,0.24779179979353594,0.40824664492882506,0.8638039204897926,1.0242587656250817,0.6560384447223611,1.2720505654186176,1.4511455021133701,2.6487003964668117,1.328679116243772,1.4511455021133701,2.6487003964668117,1.328679116243772,4.099845898580182,2.779824618357142,3.9773795127105838,5.428525014823954
569,14225,Wormhole Attack,0.76,0.862770564242863,0.236660021482838,0.4613222591075898,0.862770564242863,0.236660021482838,0.4613222591075898,1.099430585725701,1.3240928233504528,0.6979822805904278,1.5607528448332908,2.9394302498131997,2.4346859202571483,1.8034146594000153,2.9394302498131997,2.4346859202571483,1.8034146594000153,5.374116170070348,4.742844909213215,4.238100579657163,7.1775308294703635
570,14250,Sybil Attack,0.8,0.7515429342283371,0.21540554007604748,0.40198960127876227,0.7515429342283371,0.21540554007604748,0.40198960127876227,0.9669484743043846,1.1535325355070993,0.6173951413548098,1.3689380755831468,2.2685782907305807,2.026056986189102,1.2727129053628183,2.2685782907305807,2.026056986189102,1.2727129053628183,4.294635276919683,3.541291196093399,3.2987698915519204,5.567348182282501
571,14275,Blackhole Attack,0.8,0.8918231995189798,0.12566727060046617,0.6348335719914993,0.8918231995189798,0.12566727060046617,0.6348335719914993,1.017490470119446,1.526656771510479,0.7605008425919655,1.6523240421109453,3.1146566507438895,0.30079007898512666,3.3553889255527802,3.1146566507438895,0.30079007898512666,3.3553889255527802,3.415446729729016,6.47004557629667,3.656179004537907,6.770835655281797
572,14300,Sybil Attack,0.96,0.5267811351148469,0.25334693348637716,0.25126197569656633,0.5267811351148469,0.25334693348637716,0.25126197569656633,0.7801280686012241,0.7780431108114132,0.5046089091829435,1.0313900442977904,0.9129628447975212,2.7555008549708693,-0.07547236402298138,0.9129628447975212,2.7555008549708693,-0.07547236402298138,3.6684636997683904,0.8374904807745398,2.6800284909478878,3.592991335745409
573,14325,Wormhole Attack,0.76,0.708502962284849,0.25666389686359836,0.5230959791849344,0.708502962284849,0.25666389686359836,0.5230959791849344,0.9651668591484474,1.2315989414697834,0.7797598760485328,1.4882628383333818,2.0089894683005856,2.819271275111236,2.3559505274716694,2.0089894683005856,2.819271275111236,2.3559505274716694,4.828260743411821,4.364939995772255,5.1752218025829055,7.184211270883491
574,14350,Normal Traffic,0.64,0.8455246227173661,0.26298885810657724,0.4711962580904454,0.8455246227173661,0.26298885810657724,0.4711962580904454,1.1085134808239432,1.3167208808078115,0.7341851161970226,1.5797097389143886,2.8354140655513125,2.9408720858425874,1.8917327757851032,2.8354140655513125,2.9408720858425874,1.8917327757851032,5.7762861513939,4.727146841336416,4.832604861627691,7.668018927179003
575,14375,Wormhole Attack,0.8,0.9056966001155963,0.2705359654595911,0.531690817535432,0.9056966001155963,0.2705359654595911,0.531690817535432,1.1762325655751873,1.4373874176510282,0.8022267829950231,1.7079233831106193,3.1983318847497086,3.0859693184654393,2.4328271744176804,3.1983318847497086,3.0859693184654393,2.4328271744176804,6.284301203215148,5.6311590591673895,5.518796492883119,8.717128377632829
576,14400,Wormhole Attack,0.76,0.7551901839671186,0.21154584017241224,0.32044075778380987,0.7551901839671186,0.21154584017241224,0.32044075778380987,0.9667360241395309,1.0756309417509284,0.5319865979562222,1.2871767819233408,2.2905761039736174,1.951852161933022,0.5432981805525486,2.2905761039736174,1.951852161933022,0.5432981805525486,4.242428265906639,2.833874284526166,2.4951503424855708,4.785726446459188
577,14425,Blackhole Attack,0.72,0.6944105939942121,0.20442102115961414,0.46913030418736756,0.6944105939942121,0.20442102115961414,0.46913030418736756,0.8988316151538263,1.1635408981815796,0.6735513253469817,1.3679619193411938,1.9239935650825375,1.8148736517117714,1.8732538233793894,1.9239935650825375,1.8148736517117714,1.8732538233793894,3.7388672167943087,3.797247388461927,3.688127475091161,5.612121040173698
578,14450,Sybil Attack,0.84,0.9655500049713622,0.2959427425370144,0.543959761613154,0.9655500049713622,0.2959427425370144,0.543959761613154,1.2614927475083766,1.5095097665845163,0.8399025041501684,1.8054525091215305,3.5593282837560696,3.5744283891221844,2.542566909337625,3.5593282837560696,3.5744283891221844,2.542566909337625,7.133756672878254,6.101895193093695,6.116995298459809,9.676323582215879
579,14475,Normal Traffic,0.64,0.918741050273683,0.28462169424811073,0.3783451113950609,0.918741050273683,0.28462169424811073,0.3783451113950609,1.2033627445217938,1.297086161668744,0.6629668056431717,1.5817078559168547,3.277007434543993,3.3567750949162103,1.06122444835157,3.277007434543993,3.3567750949162103,1.06122444835157,6.633782529460204,4.338231882895563,4.41799954326778,7.695006977811774
580,14500,Sybil Attack,0.76,0.9799674355861893,0.23380220702004548,0.5281053411040948,0.9799674355861893,0.23380220702004548,0.5281053411040948,1.2137696426062348,1.508072776690284,0.7619075481241403,1.7418749837103296,3.6462847492640673,2.3797428870518282,2.4007568323699795,3.6462847492640673,2.3797428870518282,2.4007568323699795,6.026027636315895,6.047041581634047,4.780499719421808,8.426784468685874
581,14525,Blackhole Attack,0.76,0.6655777476700593,0.3067136615810454,0.5401918850336598,0.6655777476700593,0.3067136615810454,0.5401918850336598,0.9722914092511047,1.205769632703719,0.8469055466147052,1.5124832942847646,1.7500927866522145,3.781505150190062,2.508865086717407,1.7500927866522145,3.781505150190062,2.508865086717407,5.531597936842276,4.258957873369622,6.290370236907469,8.040463023559683
582,14550,Normal Traffic,0.64,0.7690635805735403,0.2887277853279735,0.18773848337032142,0.7690635805735403,0.2887277853279735,0.18773848337032142,1.057791365901514,0.9568020639438617,0.4764662686982949,1.2455298492718354,2.3742513139132044,3.4357169231846982,-0.6436590934522367,2.3742513139132044,3.4357169231846982,-0.6436590934522367,5.809968237097903,1.7305922204609678,2.7920578297324616,5.166309143645666
583,14575,Blackhole Attack,0.76,0.7764075550450411,0.26771045579404806,0.398217802531274,0.7764075550450411,0.26771045579404806,0.398217802531274,1.0441180108390893,1.174625357576315,0.6659282583253221,1.4423358133703632,2.418545341044913,3.0316473625102622,1.2389760008583517,2.418545341044913,3.0316473625102622,1.2389760008583517,5.450192703555175,3.657521341903265,4.270623363368614,6.689168704413527
584,14600,Blackhole Attack,0.76,0.5863409273555943,0.23940910053032952,0.4388593142531987,0.5863409273555943,0.23940910053032952,0.4388593142531987,0.8257500278859238,1.0252002416087929,0.6782684147835282,1.2646093421391225,1.272188365489107,2.48753845612219,1.6024945477566406,1.272188365489107,2.48753845612219,1.6024945477566406,3.759726821611297,2.8746829132457474,4.090033003878831,5.362221369367937
585,14625,Flooding Attack,0.92,0.572041043441007,0.17834858928637146,0.3332064898674734,0.572041043441007,0.17834858928637146,0.3332064898674734,0.7503896327273785,0.9052475333084804,0.5115550791538449,1.0835961225948518,1.185940864418536,1.3136170065357045,0.6574814424572184,1.185940864418536,1.3136170065357045,0.6574814424572184,2.4995578709542405,1.8434223068757545,1.9710984489929229,3.1570393134114587
586,14650,Normal Traffic,0.68,0.7589361944197803,0.1463709667381285,0.4504556188051657,0.7589361944197803,0.1463709667381285,0.4504556188051657,0.9053071611579089,1.2093918132249462,0.5968265855432942,1.3557627799630745,2.313169576931586,0.6988298674929179,1.7062178494134281,2.313169576931586,0.6988298674929179,1.7062178494134281,3.0119994444245037,4.0193874263450144,2.405047716906346,4.718217293837932
587,14675,Blackhole Attack,0.8,0.7141624727201296,0.24457717650414307,0.3974325206542705,0.7141624727201296,0.24457717650414307,0.3974325206542705,0.9587396492242726,1.1115949933744,0.6420096971584135,1.3561721698785432,2.0431239154919956,2.5868975200270574,1.2319520365730894,2.0431239154919956,2.5868975200270574,1.2319520365730894,4.630021435519053,3.2750759520650847,3.8188495566001466,5.861973472092142
588,14700,Wormhole Attack,0.8,0.7403259101980121,0.29202731178355257,0.4810181365686772,0.7403259101980121,0.29202731178355257,0.4810181365686772,1.0323532219815648,1.2213440467666894,0.7730454483522298,1.513371358550242,2.2009245742499037,3.4991521090482234,1.979584699617264,2.2009245742499037,3.4991521090482234,1.979584699617264,5.700076683298127,4.180509273867168,5.478736808665487,7.67966138291539
589,14725,Sybil Attack,0.76,0.776342836504079,0.2877762523707353,0.3365328445409709,0.776342836504079,0.2877762523707353,0.3365328445409709,1.0641190888748142,1.11287568104505,0.6243090969117062,1.400651933415785,2.418155001342559,3.417423185943824,0.6872340664651932,2.418155001342559,3.417423185943824,0.6872340664651932,5.835578187286384,3.105389067807752,4.104657252409018,6.522812253751577
590,14750,Wormhole Attack,0.72,0.7718266762738365,0.2936823439842463,0.4747849414264721,0.7718266762738365,0.2936823439842463,0.4747849414264721,1.0655090202580828,1.2466116177003086,0.7684672854107184,1.5402939616845548,2.39091649111274,3.530971000842107,1.9238318020348273,2.39091649111274,3.530971000842107,1.9238318020348273,5.9218874919548465,4.314748293147567,5.454802802876934,7.845719293989674
591,14775,Normal Traffic,0.6,0.7151947586085446,0.2642329258535414,0.5049594726648948,0.7151947586085446,0.2642329258535414,0.5049594726648948,0.9794276844620861,1.2201542312734395,0.7691923985184362,1.4843871571269809,2.049349985493542,2.964789963094958,2.193728301559254,2.049349985493542,2.964789963094958,2.193728301559254,5.0141399485885,4.243078287052796,5.158518264654212,7.2078682501477545
592,14800,Normal Traffic,0.72,0.6917018012887374,0.20577217433878436,0.4073342235451348,0.6917018012887374,0.20577217433878436,0.4073342235451348,0.8974739756275217,1.0990360248338722,0.6131063978839192,1.3048081991726566,1.9076559078567283,1.8408503044844233,1.3205179509350744,1.9076559078567283,1.8408503044844233,1.3205179509350744,3.7485062123411517,3.228173858791803,3.1613682554194975,5.069024163276226
593,14825,Wormhole Attack,0.76,0.8108229549970031,0.20761579539720357,0.5442610446193373,0.8108229549970031,0.20761579539720357,0.5442610446193373,1.0184387503942067,1.3550839996163404,0.7518768400165409,1.5626997950135442,2.6261164137843966,1.876294919363926,2.545261739228853,2.6261164137843966,1.876294919363926,2.545261739228853,4.502411333148323,5.171378153013249,4.421556658592779,7.047673072377176
594,14850,Blackhole Attack,0.76,0.7541041283848421,0.28161800280800614,0.35853076956127283,0.7541041283848421,0.28161800280800614,0.35853076956127283,1.0357221311928482,1.112634897946115,0.6401487723692789,1.394252900754121,2.284025730519219,3.2990274976943312,0.8839948019632223,2.284025730519219,3.2990274976943312,0.8839948019632223,5.583053228213551,3.1680205324824415,4.183022299657553,6.467048030176773
595,14875,Wormhole Attack,0.88,0.6189023301549136,0.22169880962860697,0.41861389484125544,0.6189023301549136,0.22169880962860697,0.41861389484125544,0.8406011397835206,1.037516224996169,0.6403127044698624,1.2592150346247761,1.4685773459568998,2.147048506981686,1.4214091221865632,1.4685773459568998,2.147048506981686,1.4214091221865632,3.6156258529385856,2.889986468143463,3.568457629168249,5.037034975125149
596,14900,Wormhole Attack,0.84,0.7025072929636879,0.19247055261114895,0.3853508480476001,0.7025072929636879,0.19247055261114895,0.3853508480476001,0.8949778455748368,1.087858141011288,0.5778214006587491,1.280328693622437,1.9728275316524055,1.5851194116006535,1.123887353838653,1.9728275316524055,1.5851194116006535,1.123887353838653,3.557946943253059,3.0967148854910587,2.709006765439306,4.6818342970917115
597,14925,Sybil Attack,0.84,0.8610385391561496,0.2599319311558296,0.5159099906400452,0.8610385391561496,0.2599319311558296,0.5159099906400452,1.1209704703119792,1.3769485297961948,0.7758419217958747,1.6368804609520242,2.9289838128761705,2.882101007052172,2.291675356514958,2.9289838128761705,2.882101007052172,2.291675356514958,5.811084819928343,5.220659169391128,5.17377636356713,8.1027601764433
598,14950,Sybil Attack,0.84,0.9011901694211167,0.2988405318771381,0.43332683720707427,0.9011901694211167,0.2988405318771381,0.43332683720707427,1.200030701298255,1.334517006628191,0.7321673690842123,1.6333575385053292,3.1711520566848037,3.630139961027683,1.5530092325863798,3.1711520566848037,3.630139961027683,1.5530092325863798,6.801292017712487,4.7241612892711835,5.183149193614063,8.354301250298867
599,14975,Blackhole Attack,0.88,0.6955341100323993,0.3065472597081281,0.4995852072866821,0.6955341100323993,0.3065472597081281,0.4995852072866821,1.0020813697405273,1.1951193173190813,0.8061324669948102,1.5016665770272093,1.9307698753858333,3.778305983922217,2.1456581127754117,1.9307698753858333,3.778305983922217,2.1456581127754117,5.709075859308051,4.076427988161245,5.923964096697629,7.854733972083462
600,15000,Normal Traffic,0.68,0.6980840022503267,0.15907455222833522,0.635892361493825,0.6980840022503267,0.15907455222833522,0.635892361493825,0.857158554478662,1.3339763637441517,0.7949669137221602,1.493050915972487,1.9461491493092529,0.9430631893206151,3.3648592824624863,1.9461491493092529,0.9430631893206151,3.3648592824624863,2.889212338629868,5.311008431771739,4.307922471783101,6.254071621092354
601,15025,Sybil Attack,0.84,0.8000382775929894,0.3069880907548416,0.20943764816096763,0.8000382775929894,0.3069880907548416,0.20943764816096763,1.107026368347831,1.009475925753957,0.5164257389158092,1.3164640165087986,2.5610703279906804,3.786781199914319,-0.4495706228369351,2.5610703279906804,3.786781199914319,-0.4495706228369351,6.347851527904999,2.1114997051537454,3.337210577077384,5.898280905068064
602,15050,Normal Traffic,0.68,0.9505012573033832,0.16956955374654548,0.5660650087470244,0.9505012573033832,0.16956955374654548,0.5660650087470244,1.1200708110499287,1.5165662660504076,0.7356345624935698,1.6861358197969532,3.4685641287211624,1.1448352862892406,2.740287588920446,3.4685641287211624,1.1448352862892406,2.740287588920446,4.613399415010403,6.2088517176416085,3.885122875209687,7.353687003930849
603,15075,Normal Traffic,0.68,0.7082340382163264,0.23658454114458952,0.39298171722617936,0.7082340382163264,0.23658454114458952,0.39298171722617936,0.9448185793609158,1.1012157554425057,0.6295662583707688,1.3378002965870952,2.007367495071548,2.4332347698116843,1.192141765592525,2.007367495071548,2.4332347698116843,1.192141765592525,4.440602264883232,3.1995092606640734,3.625376535404209,5.632744030475757
604,15100,Sybil Attack,0.84,0.7357211847595729,0.3177546419488817,0.38197690382906424,0.7357211847595729,0.3177546419488817,0.38197690382906424,1.0534758267084547,1.1176980885886372,0.6997315457779459,1.435452730537519,2.173151896894367,3.9937739866968776,1.0937090645065564,2.173151896894367,3.9937739866968776,1.0937090645065564,6.166925883591245,3.2668609614009236,5.087483051203434,7.260634948097801
605,15125,Blackhole Attack,0.8,0.7545187603443366,0.2053399832969713,0.6644128851752293,0.7545187603443366,0.2053399832969713,0.6644128851752293,0.959858743641308,1.418931645519566,0.8697528684722007,1.6242716288165373,2.2865265179790333,1.832541197273113,3.619961489200758,2.2865265179790333,1.832541197273113,3.619961489200758,4.119067715252147,5.906488007179791,5.452502686473871,7.739029204452905
606,15150,Normal Traffic,0.6,0.8269333914394807,0.31684130297347807,0.26263233160887933,0.8269333914394807,0.31684130297347807,0.26263233160887933,1.1437746944129588,1.0895657230483602,0.5794736345823575,1.4064070260218382,2.723283977704447,3.9762145494742525,0.026229936994787977,2.723283977704447,3.9762145494742525,0.026229936994787977,6.699498527178699,2.749513914699235,4.002444486469041,6.725728464173487
607,15175,Blackhole Attack,0.84,0.8263209889080892,0.2496138744839069,0.5272031857523225,0.8263209889080892,0.2496138744839069,0.5272031857523225,1.075934863391996,1.3535241746604116,0.7768170602362294,1.6031380491443186,2.7195903681410907,2.683730770733237,2.3926874917215146,2.7195903681410907,2.683730770733237,2.3926874917215146,5.403321138874327,5.112277859862605,5.076418262454752,7.796008630595842
608,15200,Normal Traffic,0.64,0.9653014229721922,0.17825571127315565,0.44890723695440843,0.9653014229721922,0.17825571127315565,0.44890723695440843,1.1435571342453479,1.4142086599266006,0.627162948227564,1.5924643711997564,3.5578290005193947,1.3118313763520102,1.6923683271741428,3.5578290005193947,1.3118313763520102,1.6923683271741428,4.869660376871405,5.250197327693537,3.0041997035261527,6.562028704045548
609,15225,Normal Traffic,0.72,0.8734823193889554,0.24088336879157554,0.3630891721012971,0.8734823193889554,0.24088336879157554,0.3630891721012971,1.1143656881805308,1.2365714914902526,0.6039725408928727,1.4774548602818278,3.0040365164758165,2.5158820631287977,0.924767494644168,3.0040365164758165,2.5158820631287977,0.924767494644168,5.519918579604614,3.9288040111199845,3.4406495577729657,6.444686074248782
610,15250,Blackhole Attack,0.8,0.8848103002986819,0.30386251735300834,0.292066341720642,0.8848103002986819,0.30386251735300834,0.292066341720642,1.1886728176516903,1.176876642019324,0.5959288590736503,1.4807391593723322,3.072359451925831,3.7266903558660363,0.2895028353659703,3.072359451925831,3.7266903558660363,0.2895028353659703,6.799049807791867,3.3618622872918014,4.016193191232007,7.088552643157838
611,15275,Blackhole Attack,0.8,0.8998814462729872,0.27714957314030503,0.48028398328683164,0.8998814462729872,0.27714957314030503,0.48028398328683164,1.1770310194132922,1.3801654295598187,0.7574335564271366,1.6573150027001238,3.163258698823049,3.2131195135321122,1.9730180557374022,3.163258698823049,3.2131195135321122,1.9730180557374022,6.376378212355162,5.136276754560451,5.186137569269515,8.349396268092564
612,15300,Sybil Attack,0.76,0.9800590591288174,0.3062091020229282,0.3464033164555711,0.9800590591288174,0.3062091020229282,0.3464033164555711,1.2862681611517457,1.3264623755843885,0.6526124184784994,1.6326714776073168,3.6468373622529637,3.7718047189981063,0.7755206349409467,3.6468373622529637,3.7718047189981063,0.7755206349409467,7.41864208125107,4.42235799719391,4.547325353939053,8.194162716192016
613,15325,Sybil Attack,0.8,0.7949747855373014,0.2520875765090489,0.4058306563569911,0.7949747855373014,0.2520875765090489,0.4058306563569911,1.0470623620463502,1.2008054418942926,0.65791823286604,1.4528930184033413,2.530530671927578,2.7312890339714446,1.3070692740468304,2.530530671927578,2.7312890339714446,1.3070692740468304,5.261819705899023,3.8375999459744086,4.038358308018275,6.568888979945854
614,15350,Flooding Attack,0.84,0.6879930274514953,0.2420969740807112,0.5630477204442224,0.6879930274514953,0.2420969740807112,0.5630477204442224,0.9300900015322064,1.2510407478957175,0.8051446945249335,1.4931377219764288,1.8852870216889364,2.53921428310573,2.713299413212009,1.8852870216889364,2.53921428310573,2.713299413212009,4.424501304794666,4.5985864349009455,5.252513696317739,7.137800718006675
615,15375,Sybil Attack,0.84,0.7349809766118985,0.30495699007794214,0.36431037810137135,0.7349809766118985,0.30495699007794214,0.36431037810137135,1.0399379666898407,1.0992913547132699,0.6692673681793135,1.404248344791212,2.1686874478547584,3.7477321876753678,0.9356905880971849,2.1686874478547584,3.7477321876753678,0.9356905880971849,5.916419635530126,3.1043780359519433,4.683422775772552,6.85211022362731
616,15400,Normal Traffic,0.72,0.8509258500058152,0.20126322572573413,0.6444798260871171,0.8509258500058152,0.20126322572573413,0.6444798260871171,1.0521890757315493,1.4954056760929322,0.8457430518128513,1.6966689018186663,2.8679907185595033,1.7541633216192634,3.441669974738236,2.8679907185595033,1.7541633216192634,3.441669974738236,4.622154040178767,6.309660693297739,5.195833296357499,8.063824014917003
617,15425,Wormhole Attack,0.8,0.8346072548848279,0.2072162603942693,0.34056056262819767,0.8346072548848279,0.2072162603942693,0.34056056262819767,1.0418235152790971,1.1751678175130256,0.547776823022467,1.382384077907295,2.769567678304481,1.868613642213605,0.723260044937711,2.769567678304481,1.868613642213605,0.723260044937711,4.638181320518086,3.492827723242192,2.591873687151316,5.361441365455797
618,15450,Sybil Attack,0.92,0.8371525880394893,0.3624375927695394,0.4107535174168401,0.8371525880394893,0.3624375927695394,0.4107535174168401,1.1995901808090288,1.2479061054563294,0.7731911101863795,1.610343698225869,2.784919454954757,4.852827953500643,1.3511018708484168,2.784919454954757,4.852827953500643,1.3511018708484168,7.6377474084554,4.136021325803174,6.203929824349061,8.988849279303817
619,15475,Wormhole Attack,0.88,0.6558168930274044,0.28774681692408044,0.3514307638826338,0.6558168930274044,0.28774681692408044,0.3514307638826338,0.9435637099514849,1.0072476569100381,0.6391775808067142,1.2949944738341186,1.6912217268400929,3.416857273515279,0.8204887059073486,1.6912217268400929,3.416857273515279,0.8204887059073486,5.108079000355372,2.5117104327474413,4.237345979422628,5.9285677062627204
620,15500,Wormhole Attack,0.8,0.8353145792970617,0.1746228825338698,0.401865066605388,0.8353145792970617,0.1746228825338698,0.401865066605388,1.0099374618309314,1.2371796459024496,0.5764879491392578,1.4118025284363194,2.7738337942649847,1.2419882732917833,1.2715990033058964,2.7738337942649847,1.2419882732917833,1.2715990033058964,4.015822067556768,4.045432797570881,2.5135872765976797,5.287421070862664
621,15525,Blackhole Attack,0.8,0.6625564747648298,0.26674485922473723,0.47209653911300187,0.6625564747648298,0.26674485922473723,0.47209653911300187,0.929301333989567,1.1346530138778317,0.7388413983377391,1.401397873102569,1.7318704542413583,3.013083244698797,1.8997853514707483,1.7318704542413583,3.013083244698797,1.8997853514707483,4.744953698940155,3.6316558057121067,4.912868596169545,6.644739050410903
622,15550,Sybil Attack,0.88,0.764230314453009,0.3203019061756197,0.3340945217552363,0.764230314453009,0.3203019061756197,0.3340945217552363,1.0845322206286288,1.0983248362082454,0.6543964279308561,1.418626742383865,2.3451002293733056,4.042746523162955,0.6654244555923513,2.3451002293733056,4.042746523162955,0.6654244555923513,6.3878467525362606,3.010524684965657,4.708170978755306,7.053271208128612
623,15575,Blackhole Attack,0.88,0.7614976968038146,0.24153313938292606,0.5423856163121441,0.7614976968038146,0.24153313938292606,0.5423856163121441,1.0030308361867406,1.3038833131159588,0.7839187556950702,1.5454164524988847,2.328618875746096,2.5283742552011716,2.528486945571878,2.328618875746096,2.5283742552011716,2.528486945571878,4.856993130947268,4.857105821317974,5.056861200773049,7.385480076519146
624,15600,Flooding Attack,0.76,0.8607814877704868,0.2987839179734344,0.3244234044904181,0.8607814877704868,0.2987839179734344,0.3244234044904181,1.1595654057439213,1.1852048922609049,0.6232073224638526,1.4839888102343395,2.9274334478667363,3.6290515280200215,0.5789210174563851,2.9274334478667363,3.6290515280200215,0.5789210174563851,6.556484975886757,3.5063544653231213,4.207972545476407,7.135405993343142
625,15625,Blackhole Attack,0.84,0.835023847941245,0.33456875796808533,0.2408199831342458,0.835023847941245,0.33456875796808533,0.2408199831342458,1.1695926059093302,1.0758438310754908,0.5753887411023311,1.4104125890435761,2.7720802938119866,4.317034487610748,-0.16887090660056378,2.7720802938119866,4.317034487610748,-0.16887090660056378,7.089114781422735,2.603209387211423,4.148163581010184,6.920243874822171
626,15650,Flooding Attack,0.88,0.8585709076490375,0.33531847055833575,0.3469510539467899,0.8585709076490375,0.33531847055833575,0.3469510539467899,1.1938893782073734,1.2055219615958275,0.6822695245051256,1.5408404321541633,2.9141006814939416,4.331448118823295,0.7804198802803406,2.9141006814939416,4.331448118823295,0.7804198802803406,7.245548800317237,3.694520561774282,5.1118679991036355,8.025968680597577
627,15675,Blackhole Attack,0.84,0.7845276062289285,0.20841774596909038,0.43641105524377033,0.7845276062289285,0.20841774596909038,0.43641105524377033,0.9929453521980188,1.2209386614726987,0.6448288012128607,1.429356407441789,2.4675201528237003,1.8917128541087687,1.5805960621976518,2.4675201528237003,1.8917128541087687,1.5805960621976518,4.3592330069324685,4.048116215021352,3.4723089163064205,5.93982906913012
628,15700,Flooding Attack,0.8,0.6639244179204018,0.21578893545582722,0.6050584828248105,0.6639244179204018,0.21578893545582722,0.6050584828248105,0.879713353376229,1.2689829007452123,0.8208474182806377,1.4847718362010394,1.7401209882652269,2.0334279703296967,3.089065240998433,1.7401209882652269,2.0334279703296967,3.089065240998433,3.7735489585949233,4.82918622926366,5.12249321132813,6.862614199593356
629,15725,Normal Traffic,0.68,0.6503855257317744,0.2968958395745925,0.5059166277629956,0.6503855257317744,0.2968958395745925,0.5059166277629956,0.947281365306367,1.15630215349477,0.802812467337588,1.4531979930693626,1.6584632891183255,3.5927521966559928,2.202289588176705,1.6584632891183255,3.5927521966559928,2.202289588176705,5.251215485774319,3.8607528772950306,5.795041784832698,7.453505073951024
630,15750,Sybil Attack,0.84,0.7508533146888896,0.2876151354845443,0.28432774740316297,0.7508533146888896,0.2876151354845443,0.28432774740316297,1.038468450173434,1.0351810620920525,0.5719428828877073,1.322796197576597,2.264418958926068,3.414325626412518,0.22028487466182292,2.264418958926068,3.414325626412518,0.22028487466182292,5.6787445853385865,2.484703833587891,3.634610501074341,5.89902946000041
631,15775,Wormhole Attack,0.8,0.7587871718405113,0.24875460827364246,0.6206711693054414,0.7587871718405113,0.24875460827364246,0.6206711693054414,1.0075417801141537,1.3794583411459527,0.8694257775790839,1.6282129494195952,2.3122707706796035,2.667210911750986,3.2287131247053718,2.3122707706796035,2.667210911750986,3.2287131247053718,4.97948168243059,5.540983895384976,5.895924036456358,8.208194807135962
632,15800,Normal Traffic,0.56,0.5014471289880204,0.2212057508279692,0.4712709090475536,0.5014471289880204,0.2212057508279692,0.4712709090475536,0.7226528798159896,0.972718038035574,0.6924766598755228,1.1939237888635432,0.7601647707994225,2.137569184090603,1.8924004922725757,0.7601647707994225,2.137569184090603,1.8924004922725757,2.8977339548900254,2.652565263071998,4.029969676363178,4.790134447162601
633,15825,Blackhole Attack,0.8,0.8370221902188826,0.19777861927770501,0.4092765368345711,0.8370221902188826,0.19777861927770501,0.4092765368345711,1.0348008094965877,1.2462987270534538,0.6070551561122761,1.444077346331159,2.7841329810057687,1.687169872508345,1.3378909982131413,2.7841329810057687,1.687169872508345,1.3378909982131413,4.471302853514114,4.12202397921891,3.0250608707214863,5.809193851727255
634,15850,Normal Traffic,0.68,0.6670438254384832,0.2261960754657376,0.3643421176305678,0.6670438254384832,0.2261960754657376,0.3643421176305678,0.8932399009042208,1.031385943069051,0.5905381930963054,1.2575820185347886,1.7589352041611213,2.2335108821427285,0.9359744827419428,1.7589352041611213,2.2335108821427285,0.9359744827419428,3.9924460863038496,2.694909686903064,3.1694853648846713,4.928420569045793
635,15875,Normal Traffic,0.68,0.5437711845479226,0.27587710210611127,0.331151800990157,0.5437711845479226,0.27587710210611127,0.331151800990157,0.8196482866540339,0.8749229855380796,0.6070289030962683,1.1508000876441908,1.0154356561448532,3.188655567676019,0.6391032502255746,1.0154356561448532,3.188655567676019,0.6391032502255746,4.204091223820872,1.6545389063704277,3.8277588179015933,4.843194474046447
636,15900,Sybil Attack,0.76,0.6719646925377011,0.24527032476272734,0.4446984346583837,0.6719646925377011,0.24527032476272734,0.4446984346583837,0.9172350173004284,1.1166631271960847,0.689968759421111,1.3619334519588122,1.7886146402280807,2.6002236712812548,1.6547226385663611,1.7886146402280807,2.6002236712812548,1.6547226385663611,4.3888383115093355,3.443337278794442,4.254946309847616,6.043560950075697
637,15925,Flooding Attack,0.84,0.6157859470753608,0.2538172127571046,0.3631838468645278,0.6157859470753608,0.2538172127571046,0.3631838468645278,0.8696031598324654,0.9789697939398887,0.6170010596216324,1.2327870066969933,1.449781371486376,2.7645422290431747,0.92561431433417,1.449781371486376,2.7645422290431747,0.92561431433417,4.214323600529551,2.3753956858205463,3.690156543377345,5.1399379148637205
638,15950,Blackhole Attack,0.8,0.9691321338636323,0.2769208774569207,0.3635981106051424,0.9691321338636323,0.2769208774569207,0.3635981106051424,1.246053011320553,1.3327302444687747,0.6405189880620631,1.6096511219256955,3.5809333308540974,3.208722714968142,0.9293197019204202,3.5809333308540974,3.208722714968142,0.9293197019204202,6.789656045822239,4.510253032774518,4.138042416888562,7.718975747742659
639,15975,Blackhole Attack,0.84,0.9137844845851495,0.27676885617208546,0.3880322308870682,0.9137844845851495,0.27676885617208546,0.3880322308870682,1.1905533407572348,1.3018167154722176,0.6648010870591536,1.578585571644303,3.247112688049438,3.2058000233066073,1.1478710186233367,3.247112688049438,3.2058000233066073,1.1478710186233367,6.452912711356046,4.394983706672774,4.353671041929944,7.600783729979383
640,16000,Blackhole Attack,0.88,0.7367230428008877,0.20099889268381768,0.479828837077322,0.7367230428008877,0.20099889268381768,0.479828837077322,0.9377219354847054,1.2165518798782098,0.6808277297611397,1.4175507725620273,2.179194446121128,1.7490813755068177,1.9689469943595854,2.179194446121128,1.7490813755068177,1.9689469943595854,3.9282758216279454,4.148141440480713,3.718028369866403,5.897222815987531
641,16025,Blackhole Attack,0.8,0.7659839096949362,0.22504029908475012,0.35075617100911755,0.7659839096949362,0.22504029908475012,0.35075617100911755,0.9910242087796863,1.1167400807040537,0.5757964700938677,1.341780379788804,2.3556767633094435,2.2112904542929552,0.8144548008989315,2.3556767633094435,2.2112904542929552,0.8144548008989315,4.566967217602398,3.170131564208375,3.025745255191887,5.38142201850133
642,16050,Sybil Attack,0.8,0.7823160272687824,0.21775333925141352,0.46615669161256534,0.7823160272687824,0.21775333925141352,0.46615669161256534,1.0000693665201958,1.2484727188813478,0.6839100308639788,1.466226058132761,2.45418136211238,2.0711946988471563,1.8466563058060597,2.45418136211238,2.0711946988471563,1.8466563058060597,4.525376060959536,4.300837667918439,3.9178510046532162,6.372032366765596
643,16075,Wormhole Attack,0.8,0.882123086129022,0.2665737420046347,0.6179312155729744,0.882123086129022,0.2665737420046347,0.6179312155729744,1.1486968281336567,1.5000543017019963,0.884504957577609,1.766628043706631,3.0561519422454086,3.0097934233235812,3.204205571782392,3.0561519422454086,3.0097934233235812,3.204205571782392,6.0659453655689894,6.260357514027801,6.213998995105973,9.270150937351382
644,16100,Blackhole Attack,0.72,0.7903704559033611,0.20968883633228017,0.6063286219260798,0.7903704559033611,0.20968883633228017,0.6063286219260798,1.0000592922356413,1.396699077829441,0.81601745825836,1.6063879141617212,2.5027603818046327,1.916150255815896,3.1004260172316425,2.5027603818046327,1.916150255815896,3.1004260172316425,4.418910637620529,5.603186399036275,5.016576273047539,7.519336654852172
645,16125,Blackhole Attack,0.84,0.7034988394648334,0.23814381041041424,0.19875654498813378,0.7034988394648334,0.23814381041041424,0.19875654498813378,0.9416426498752476,0.9022553844529672,0.436900355398548,1.1403991948633814,1.9788078884461997,2.463212567238229,-0.5451078934784855,1.9788078884461997,2.463212567238229,-0.5451078934784855,4.442020455684428,1.4336999949677143,1.9181046737597431,3.8969125622059426
646,16150,Sybil Attack,0.84,0.8413983881922218,0.2977056971517077,0.3260072048988411,0.8413983881922218,0.2977056971517077,0.3260072048988411,1.1391040853439294,1.167405593091063,0.6237129020505487,1.4651112902427705,2.8105273308931538,3.6083221478653313,0.5930873414599347,2.8105273308931538,3.6083221478653313,0.5930873414599347,6.418849478758485,3.4036146723530885,4.2014094893252665,7.01193682021842
647,16175,Blackhole Attack,0.76,0.5231484314804513,0.23081146746583298,0.4134806047937399,0.5231484314804513,0.23081146746583298,0.4134806047937399,0.7539598989462843,0.9366290362741911,0.6442920722595729,1.1674405037400242,0.8910527640956076,2.322244296861688,1.3754943404813929,0.8910527640956076,2.322244296861688,1.3754943404813929,3.213297060957296,2.2665471045770005,3.6977386373430807,4.588791401438689
648,16200,Sybil Attack,0.84,0.8453935805915583,0.2590235148820686,0.39694204189333215,0.8453935805915583,0.2590235148820686,0.39694204189333215,1.104417095473627,1.2423356224848905,0.6559655567754008,1.501359137366959,2.834623705576826,2.864636211438838,1.2275649427149495,2.834623705576826,2.864636211438838,1.2275649427149495,5.699259917015664,4.062188648291776,4.092201154153788,6.926824859730614
649,16225,Flooding Attack,0.72,0.6584468637959838,0.2854132466115904,0.310259898187373,0.6584468637959838,0.2854132466115904,0.310259898187373,0.9438601104075742,0.9687067619833568,0.5956731447989634,1.2541200085949473,1.707083981948838,3.3719931184641476,0.4522353452920258,1.707083981948838,3.3719931184641476,0.4522353452920258,5.079077100412985,2.1593193272408637,3.8242284637561736,5.531312445705011
650,16250,Normal Traffic,0.72,0.9755037503921881,0.29230064678300416,0.4871821078494683,0.9755037503921881,0.29230064678300416,0.4871821078494683,1.2678043971751922,1.4626858582416564,0.7794827546324725,1.7549865050246605,3.6193627339632584,3.5044071226771942,2.034718423442482,3.6193627339632584,3.5044071226771942,2.034718423442482,7.123769856640452,5.654081157405741,5.539125546119676,9.158488280082935
651,16275,Normal Traffic,0.72,0.868477023906437,0.2720068025742884,0.45203798389037275,0.868477023906437,0.2720068025742884,0.45203798389037275,1.1404838264807253,1.3205150077968097,0.7240447864646611,1.592521810371098,2.973847863891955,3.114246959818498,1.7203713351492143,2.973847863891955,3.114246959818498,1.7203713351492143,6.088094823710453,4.69421919904117,4.834618294967712,7.808466158859667
652,16300,Wormhole Attack,0.92,0.6628708361815296,0.21767307544645484,0.6899867554367862,0.6628708361815296,0.21767307544645484,0.6899867554367862,0.8805439116279845,1.3528575916183159,0.9076598308832411,1.5705306670647707,1.7337664756905748,2.069651583659503,3.8487073148889137,1.7337664756905748,2.069651583659503,3.8487073148889137,3.8034180593500775,5.582473790579488,5.918358898548417,7.652125374238992
653,16325,Sybil Attack,0.8,0.6334997146356157,0.30460167741070615,0.3175531345872021,0.6334997146356157,0.30460167741070615,0.3175531345872021,0.9381013920463219,0.9510528492228179,0.6221548119979082,1.255654526633524,1.556619174907875,3.7409011089162725,0.5174697961262288,1.556619174907875,3.7409011089162725,0.5174697961262288,5.297520283824148,2.074088971034104,4.258370905042502,5.814990079950377
654,16350,Normal Traffic,0.72,0.6899427815332727,0.2995001977371916,0.2763704528339509,0.6899427815332727,0.2995001977371916,0.2763704528339509,0.9894429792704643,0.9663132343672236,0.5758706505711425,1.2658134321044152,1.8970466568202333,3.642822395008341,0.1491107466216707,1.8970466568202333,3.642822395008341,0.1491107466216707,5.539869051828575,2.046157403441904,3.7919331416300115,5.688979798450245
655,16375,Normal Traffic,0.72,0.7309334017379372,0.278659712370768,0.3481958049285234,0.7309334017379372,0.278659712370768,0.3481958049285234,1.0095931141087051,1.0791292066664606,0.6268555172992913,1.3577889190372285,2.14427513651291,3.2421527593793273,0.7915535721377204,2.14427513651291,3.2421527593793273,0.7915535721377204,5.386427895892237,2.93582870865063,4.033706331517048,6.177981468029958
656,16400,Blackhole Attack,0.76,0.6590201767484433,0.1824214557870723,0.6261456972280895,0.6590201767484433,0.1824214557870723,0.6261456972280895,0.8414416325355156,1.2851658739765328,0.8085671530151619,1.4675873297636053,1.710541828863985,1.3919200742478681,3.2776801131631745,1.710541828863985,1.3919200742478681,3.2776801131631745,3.102461903111853,4.98822194202716,4.669600187411042,6.380142016275028
657,16425,Sybil Attack,0.84,0.8467369449100056,0.33236060976400195,0.373207961694071,0.8467369449100056,0.33236060976400195,0.373207961694071,1.1790975546740077,1.2199449066040766,0.705568571458073,1.5523055163680786,2.842725996209777,4.274581640626177,1.0152751439241121,2.842725996209777,4.274581640626177,1.0152751439241121,7.117307636835955,3.858001140133889,5.28985678455029,8.132582780760067
658,16450,Normal Traffic,0.72,0.5774866927279321,0.2638634679175034,0.465584424182269,0.5774866927279321,0.2638634679175034,0.465584424182269,0.8413501606454354,1.043071116910201,0.7294478920997725,1.3069345848277045,1.2187854417248531,2.9576869338703564,1.8415376520974593,1.2187854417248531,2.9576869338703564,1.8415376520974593,4.17647237559521,3.0603230938223125,4.799224585967815,6.018010027692669
659,16475,Flooding Attack,0.84,0.644539323759055,0.2302664558487768,0.38256782554384805,0.644539323759055,0.2302664558487768,0.38256782554384805,0.8748057796078318,1.027107149302903,0.6128342813926249,1.2573736051516797,1.6232028412774488,2.3117661528943074,1.0989945717130456,1.6232028412774488,2.3117661528943074,1.0989945717130456,3.934968994171756,2.7221974129904947,3.410760724607353,5.033963565884802
660,16500,Normal Traffic,0.72,0.682106263594012,0.2584165970956974,0.5465588561150259,0.682106263594012,0.2584165970956974,0.5465588561150259,0.9405228606897095,1.228665119709038,0.8049754532107233,1.4870817168047354,1.8497819312187571,2.8529678877867464,2.565814544982588,1.8497819312187571,2.8529678877867464,2.565814544982588,4.702749819005503,4.415596476201345,5.418782432769334,7.268564363988091
661,16525,Blackhole Attack,0.92,0.6414304258845448,0.2207646486797302,0.5798974606980634,0.6414304258845448,0.2207646486797302,0.5798974606980634,0.862195074564275,1.2213278865826083,0.8006621093777936,1.4420925352623384,1.6044520126440367,2.1290887560246214,2.864012140991413,1.6044520126440367,2.1290887560246214,2.864012140991413,3.733540768668658,4.46846415363545,4.993100897016035,6.597552909660071
662,16550,Normal Traffic,0.76,0.7406781109129408,0.31697431922051317,0.4524994757439932,0.7406781109129408,0.31697431922051317,0.4524994757439932,1.057652430133454,1.193177586656934,0.7694737949645063,1.5101519058774473,2.203048817475884,3.9787718589752186,1.7244991552259217,2.203048817475884,3.9787718589752186,1.7244991552259217,6.181820676451103,3.927547972701806,5.703271014201141,7.906319831677025
663,16575,Blackhole Attack,0.72,0.777781330408477,0.2424523247335477,0.6337117842518558,0.777781330408477,0.2424523247335477,0.6337117842518558,1.0202336551420246,1.411493114660333,0.8761641089854035,1.6539454393938804,2.4268310511133557,2.546046092158599,3.3453550800641167,2.4268310511133557,2.546046092158599,3.3453550800641167,4.972877143271955,5.772186131177472,5.891401172222716,8.318232223336071
664,16600,Wormhole Attack,0.8,0.6887944088091768,0.22677514519689934,0.6668445140636327,0.6887944088091768,0.22677514519689934,0.6668445140636327,0.9155695540060761,1.3556389228728094,0.893619659260532,1.5824140680697087,1.8901204273247725,2.2446438118278578,3.641711226419106,1.8901204273247725,2.2446438118278578,3.641711226419106,4.134764239152631,5.531831653743879,5.886355038246964,7.776475465571737
665,16625,Wormhole Attack,0.84,0.717907759822642,0.18824787756451672,0.43992045426915655,0.717907759822642,0.18824787756451672,0.43992045426915655,0.9061556373871587,1.1578282140917986,0.6281683318336733,1.3460760916563153,2.06571302567729,1.5039361933326327,1.6119859288670664,2.06571302567729,1.5039361933326327,1.6119859288670664,3.569649219009923,3.677698954544357,3.115922122199699,5.18163514787699
666,16650,Blackhole Attack,0.76,0.864021808850691,0.19972359297519932,0.49611149119741055,0.864021808850691,0.19972359297519932,0.49611149119741055,1.0637454018258903,1.3601333000481015,0.6958350841726099,1.5598568930233008,2.946976934898042,1.72456304685056,2.1145874126068454,2.946976934898042,1.72456304685056,2.1145874126068454,4.671539981748602,5.061564347504888,3.8391504594574055,6.7861273943554465
667,16675,Sybil Attack,0.84,0.8047179692056761,0.28377199593465086,0.2961649331365154,0.8047179692056761,0.28377199593465086,0.2961649331365154,1.0884899651403268,1.1008829023421915,0.5799369290711662,1.384654898276842,2.5892951520372174,3.3404391839399206,0.3261627412775,2.5892951520372174,3.3404391839399206,0.3261627412775,5.9297343359771375,2.9154578933147173,3.6666019252174205,6.255897077254637
668,16700,Sybil Attack,0.8,0.6959061441275933,0.2812562788262162,0.3623811502904367,0.6959061441275933,0.2812562788262162,0.3623811502904367,0.9771624229538095,1.05828729441803,0.6436374291166529,1.3395435732442462,1.9330137405259415,3.29207315793526,0.9184345840571483,1.9330137405259415,3.29207315793526,0.9184345840571483,5.225086898461202,2.8514483245830897,4.210507741992408,6.1435214825183495
669,16725,Normal Traffic,0.56,0.6319919406824659,0.27832439517906693,0.3068394774084274,0.6319919406824659,0.27832439517906693,0.3068394774084274,0.9103163358615328,0.9388314180908932,0.5851638725874944,1.2171558132699603,1.5475252734178206,3.235706104483494,0.42164134574175177,1.5475252734178206,3.235706104483494,0.42164134574175177,4.7832313779013145,1.9691666191595725,3.6573474502252457,5.204872723643066
670,16750,Flooding Attack,0.76,0.8067735211379843,0.3258187955419228,0.35345307593708075,0.8067735211379843,0.3258187955419228,0.35345307593708075,1.132592316679907,1.1602265970750651,0.6792718714790036,1.4860453926169876,2.6016928902665133,4.1488117137445295,0.8385773032124254,2.6016928902665133,4.1488117137445295,0.8385773032124254,6.750504604011043,3.4402701934789386,4.987389016956955,7.589081907223469
671,16775,Normal Traffic,0.72,0.7559371279477693,0.28355362832268943,0.43512705233412063,0.7559371279477693,0.28355362832268943,0.43512705233412063,1.0394907562704587,1.19106418028189,0.71868068065681,1.4746178086045794,2.2950811791305643,3.3362409481512896,1.569111280944369,2.2950811791305643,3.3362409481512896,1.569111280944369,5.631322127281853,3.8641924600749333,4.905352229095659,7.200433408226223
672,16800,Blackhole Attack,0.72,0.8373256913180669,0.25737397865373135,0.4175595150633291,0.8373256913180669,0.25737397865373135,0.4175595150633291,1.0946996699717984,1.254885206381396,0.6749334937170605,1.5122591850351275,2.785963500157754,2.8329229826946762,1.411978208115915,2.785963500157754,2.8329229826946762,1.411978208115915,5.61888648285243,4.197941708273669,4.244901190810591,7.030864690968345
673,16825,Normal Traffic,0.64,0.8282854291028713,0.2515034531836382,0.45246162370949317,0.8282854291028713,0.2515034531836382,0.45246162370949317,1.0797888822865094,1.2807470528123646,0.7039650768931314,1.5322505059960025,2.7314385802534775,2.720058946195669,1.7241605871954622,2.7314385802534775,2.720058946195669,1.7241605871954622,5.451497526449146,4.4555991674489395,4.444219533391131,7.175658113644609
674,16850,Wormhole Attack,0.88,0.3846876980920577,0.17608831076348397,0.6292044881543949,0.3846876980920577,0.17608831076348397,0.6292044881543949,0.5607760088555417,1.0138921862464527,0.8052927989178789,1.1899804970099366,0.055948624616151306,1.2701619258951893,3.3050395096443923,0.055948624616151306,1.2701619258951893,3.3050395096443923,1.3261105505113406,3.3609881342605434,4.575201435539581,4.631150060155733
675,16875,Blackhole Attack,0.8,0.8198417505191721,0.2900240111883982,0.46980445073369564,0.8198417505191721,0.2900240111883982,0.46980445073369564,1.1098657617075702,1.2896462012528678,0.7598284619220939,1.5796702124412658,2.6805118607054763,3.4606375684603607,1.8792837362082835,2.6805118607054763,3.4606375684603607,1.8792837362082835,6.1411494291658375,4.55979559691376,5.3399213046686445,8.02043316537412
676,16900,Wormhole Attack,0.88,0.843025544293669,0.27299105005795954,0.41913101614684156,0.843025544293669,0.27299105005795954,0.41913101614684156,1.1160165943516285,1.2621565604405105,0.6921220662048011,1.53514761049847,2.820341267036957,3.133169651575315,1.4260345206427778,2.820341267036957,3.133169651575315,1.4260345206427778,5.953510918612272,4.246375787679735,4.559204172218093,7.37954543925505
677,16925,Normal Traffic,0.48,0.8754737089956232,0.26420951035950335,0.20752582005777917,0.8754737089956232,0.26420951035950335,0.20752582005777917,1.1396832193551265,1.0829995290534022,0.47173533041728255,1.3472090394129057,3.016047269728002,2.9643397875208604,-0.46667099495757797,3.016047269728002,2.9643397875208604,-0.46667099495757797,5.980387057248862,2.5493762747704243,2.4976687925632826,5.513716062291284
678,16950,Wormhole Attack,0.84,0.7484830647465979,0.2142862178612538,0.4479497248587976,0.7484830647465979,0.2142862178612538,0.4479497248587976,0.9627692826078517,1.1964327896053955,0.6622359427200514,1.4107190074666494,2.2501231691380967,2.004537409458159,1.6838038473876733,2.2501231691380967,2.004537409458159,1.6838038473876733,4.254660578596256,3.93392701652577,3.688341256845832,5.938464425983929
679,16975,Wormhole Attack,0.92,0.8472717444985889,0.2452034559443981,0.5323673600956508,0.8472717444985889,0.2452034559443981,0.5323673600956508,1.092475200442987,1.3796391045942396,0.7775708160400489,1.6248425605386378,2.8459515558272104,2.598938081977366,2.4388785184249677,2.8459515558272104,2.598938081977366,2.4388785184249677,5.444889637804577,5.284830074252178,5.0378166004023335,7.883768156229545
680,17000,Normal Traffic,0.76,0.8307427042132641,0.27446669134750795,0.466714500404803,0.8307427042132641,0.27446669134750795,0.466714500404803,1.105209395560772,1.297457204618067,0.741181191752311,1.571923895965575,2.7462592486575126,3.161539655795805,1.8516456340325471,2.7462592486575126,3.161539655795805,1.8516456340325471,5.907798904453317,4.5979048826900595,5.013185289828352,7.759444538485864
681,17025,Normal Traffic,0.72,0.7196841411753381,0.2726077346994852,0.5182260346760839,0.7196841411753381,0.2726077346994852,0.5182260346760839,0.9922918758748233,1.237910175851422,0.790833769375569,1.5105179105509072,2.0764269904572497,3.125800205887723,2.312391243470488,2.0764269904572497,3.125800205887723,2.312391243470488,5.202227196344973,4.388818233927738,5.438191449358211,7.514618439815461
682,17050,Wormhole Attack,0.88,0.8032822081324353,0.234534201946523,0.364508362751308,0.8032822081324353,0.234534201946523,0.364508362751308,1.0378164100789584,1.1677905708837433,0.599042564697831,1.4023247728302664,2.5806355849077884,2.393815886567787,0.9374614644549732,2.5806355849077884,2.393815886567787,0.9374614644549732,4.974451471475575,3.518097049362762,3.3312773510227602,5.911912935930548
683,17075,Wormhole Attack,0.92,0.79317669665121,0.23325363322654938,0.4812442552077396,0.79317669665121,0.23325363322654938,0.4812442552077396,1.0264303298777595,1.2744209518589495,0.714497888434289,1.5076745850854991,2.519685781573612,2.3691962583101662,1.9816072208182716,2.519685781573612,2.3691962583101662,1.9816072208182716,4.888882039883779,4.501293002391884,4.350803479128437,6.87048926070205
684,17100,Blackhole Attack,0.76,0.7754237533011286,0.23466864234477072,0.37976633893893885,0.7754237533011286,0.23466864234477072,0.37976633893893885,1.0100923956458994,1.1551900922400673,0.6144349812837095,1.389858734584838,2.4126116955364503,2.396400576148315,1.073936637186899,2.4126116955364503,2.396400576148315,1.073936637186899,4.809012271684765,3.4865483327233493,3.470337213335214,5.882948908871665
685,17125,Blackhole Attack,0.88,0.850678616433774,0.24131836972872106,0.4308747344472534,0.850678616433774,0.24131836972872106,0.4308747344472534,1.091996986162495,1.2815533508810273,0.6721931041759744,1.5228717206097484,2.8664995681490053,2.52424519210204,1.5310763665504323,2.8664995681490053,2.52424519210204,1.5310763665504323,5.390744760251046,4.397575934699438,4.055321558652473,6.921821126801478
686,17150,Normal Traffic,0.68,0.8515226181235009,0.27373655544828585,0.45318393880727353,0.8515226181235009,0.27373655544828585,0.45318393880727353,1.1252591735717867,1.3047065569307745,0.7269204942555594,1.5784431123790603,2.871590031615218,3.1475023970872194,1.7306213442791156,2.871590031615218,3.1475023970872194,1.7306213442791156,6.019092428702438,4.602211375894333,4.878123741366335,7.749713772981553
687,17175,Flooding Attack,0.8,0.7500614055597905,0.34502261168060183,0.3392104517220432,0.7500614055597905,0.34502261168060183,0.3392104517220432,1.0950840172403924,1.0892718572818336,0.684233063402645,1.4342944689624355,2.2596426835473498,4.518015495695195,0.7111839598226972,2.2596426835473498,4.518015495695195,0.7111839598226972,6.777658179242545,2.9708266433700468,5.229199455517892,7.488842139065242
688,17200,Normal Traffic,0.68,0.6750841718734549,0.2671283322665277,0.45349892994782387,0.6750841718734549,0.2671283322665277,0.45349892994782387,0.9422125041399827,1.1285831018212789,0.7206272622143516,1.3957114340878065,1.8074292892809725,3.0204557219336743,1.7334387867621157,1.8074292892809725,3.0204557219336743,1.7334387867621157,4.827885011214647,3.540868076043088,4.75389450869579,6.561323797976763
689,17225,Wormhole Attack,0.76,1.2480582688338546,0.2735641775932028,0.5252522748366549,1.2480582688338546,0.2735641775932028,0.5252522748366549,1.5216224464270574,1.7733105436705094,0.7988164524298578,2.046874721263712,5.2632324507731285,3.1441883393206993,2.3752375428602646,5.2632324507731285,3.1441883393206993,2.3752375428602646,8.407420790093827,7.638469993633393,5.519425882180964,10.782658332954092
690,17250,Wormhole Attack,0.76,1.0214389053785442,0.22277417363662858,0.7180276450181302,1.0214389053785442,0.22277417363662858,0.7180276450181302,1.2442130790151729,1.7394665503966744,0.9408018186547588,1.962240724033303,3.8964133976278204,2.16772296334328,4.099519427983775,3.8964133976278204,2.16772296334328,4.099519427983775,6.0641363609711005,7.995932825611596,6.267242391327056,10.163655788954877
691,17275,Sybil Attack,0.8,0.7606773160747785,0.2308467642287043,0.45392336247604526,0.7606773160747785,0.2308467642287043,0.45392336247604526,0.9915240803034828,1.2146006785508239,0.6847701267047496,1.445447442779528,2.323670878389723,2.322922896273836,1.7372351292055532,2.323670878389723,2.322922896273836,1.7372351292055532,4.646593774663559,4.0609060075952765,4.06015802547939,6.383828903869112
692,17300,Wormhole Attack,0.8,0.7093011272910276,0.18878627129972655,0.6723271080325666,0.7093011272910276,0.18878627129972655,0.6723271080325666,0.8980873985907541,1.381628235323594,0.8611133793322931,1.5704145066233206,2.013803475018127,1.514287104931794,3.6907503617361375,2.013803475018127,1.514287104931794,3.6907503617361375,3.5280905799499207,5.704553836754265,5.205037466667932,7.218840941686058
693,17325,Wormhole Attack,0.76,0.7540021435255309,0.24064245696455527,0.632624885186005,0.7540021435255309,0.24064245696455527,0.632624885186005,0.9946446004900862,1.3866270287115359,0.8732673421505603,1.6272694856760912,2.2834106248781407,2.5112504025770503,3.3356332967863054,2.2834106248781407,2.5112504025770503,3.3356332967863054,4.7946610274551915,5.619043921664446,5.846883699363356,8.130294324241497
694,17350,Wormhole Attack,0.8,0.8866749255660937,0.27324473170988356,0.5590782531250694,0.8866749255660937,0.27324473170988356,0.5590782531250694,1.1599196572759773,1.445753178691163,0.8323229848349529,1.7189979104010469,3.083605646000404,3.138046818937546,2.6777944595160994,3.083605646000404,3.138046818937546,2.6777944595160994,6.22165246493795,5.761400105516504,5.815841278453645,8.89944692445405
695,17375,Sybil Attack,0.8,0.6685752506905042,0.25516303009138175,0.3792759353429993,0.6685752506905042,0.25516303009138175,0.3792759353429993,0.9237382807818859,1.0478511860335034,0.634438965434381,1.3030142161248852,1.768171754740979,2.7904162973034463,1.0695502156430994,1.768171754740979,2.7904162973034463,1.0695502156430994,4.558588052044425,2.837721970384078,3.8599665129465457,5.6281382676875245
696,17400,Blackhole Attack,0.76,0.8816620873982703,0.22182579381460427,0.4075328173990708,0.8816620873982703,0.22182579381460427,0.4075328173990708,1.1034878812128746,1.2891949047973412,0.6293586112136751,1.5110206986119454,3.0533715008962674,2.1494898468372416,1.3222942763262089,3.0533715008962674,2.1494898468372416,1.3222942763262089,5.202861347733509,4.375665777222476,3.4717841231634505,6.5251556240597175
697,17425,Sybil Attack,0.8,0.7570558085478953,0.3342792480494145,0.4669454619175102,0.7570558085478953,0.3342792480494145,0.4669454619175102,1.09133505659731,1.2240012704654055,0.8012247099669247,1.55828051851482,2.301828325249602,4.31146850238606,1.8537114723818489,2.301828325249602,4.31146850238606,1.8537114723818489,6.613296827635662,4.155539797631451,6.165179974767909,8.467008300017511
698,17450,Normal Traffic,0.68,0.797862146869889,0.21430609492953206,0.5076556941970596,0.797862146869889,0.21430609492953206,0.5076556941970596,1.012168241799421,1.3055178410669486,0.7219617891265917,1.5198239359964807,2.5479453377466093,2.004919556877684,2.2178446912298595,2.5479453377466093,2.004919556877684,2.2178446912298595,4.552864894624293,4.765790028976468,4.222764248107543,6.770709585854153
699,17475,Normal Traffic,0.68,0.9176662588664227,0.20378800934701435,0.43382596850330557,0.9176662588664227,0.20378800934701435,0.43382596850330557,1.1214542682134372,1.3514922273697283,0.6376139778503199,1.5552802367167429,3.2705249991898317,1.8027036562513088,1.5574737191625418,3.2705249991898317,1.8027036562513088,1.5574737191625418,5.073228655441141,4.827998718352374,3.3601773754138504,6.630702374603683
700,17500,Wormhole Attack,0.76,0.7298540522382336,0.19712223747571073,0.6199975645364337,0.7298540522382336,0.19712223747571073,0.6199975645364337,0.9269762897139444,1.3498516167746675,0.8171198020121444,1.5469738542503781,2.13776520974097,1.67455057632524,3.222688057810989,2.13776520974097,1.67455057632524,3.222688057810989,3.81231578606621,5.360453267551959,4.8972386341362295,7.035003843877199
701,17525,Blackhole Attack,0.8,0.938343625815845,0.2721389277838135,0.3229869093878349,0.938343625815845,0.2721389277838135,0.3229869093878349,1.2104825535996584,1.2613305352036799,0.5951258371716484,1.5334694629874934,3.395237286279636,3.1167871386400106,0.566072267737367,3.395237286279636,3.1167871386400106,0.566072267737367,6.512024424919646,3.961309554017003,3.6828594063773776,7.078096692657013
702,17550,Wormhole Attack,0.72,0.7248856939443017,0.15025939129547008,0.36581990358253835,0.7248856939443017,0.15025939129547008,0.36581990358253835,0.8751450852397717,1.09070559752684,0.5160792948780084,1.2409649888223102,2.107799338001427,0.7735869387975544,0.9491925590173202,2.107799338001427,0.7735869387975544,0.9491925590173202,2.881386276798981,3.0569918970187473,1.7227794978148747,3.8305788358163015
703,17575,Blackhole Attack,0.84,0.8089017082409738,0.22873075331146023,0.6048004284097289,0.8089017082409738,0.22873075331146023,0.6048004284097289,1.0376324615524342,1.4137021366507028,0.8335311817211891,1.642432889962163,2.614528716105367,2.2822414386065817,3.0867570698203286,2.614528716105367,2.2822414386065817,3.0867570698203286,4.896770154711948,5.701285785925696,5.368998508426911,7.983527224532277
704,17600,Blackhole Attack,0.8,0.7863282894590536,0.2959737228220734,0.5442291063401358,0.7863282894590536,0.2959737228220734,0.5442291063401358,1.082302012281127,1.3305573957991894,0.8402028291622092,1.626531118621263,2.478380690555727,3.5750240019070127,2.544976066862007,2.478380690555727,3.5750240019070127,2.544976066862007,6.05340469246274,5.023356757417734,6.12000006876902,8.598380759324748
705,17625,Normal Traffic,0.68,0.7820005019976524,0.19719104414192468,0.3807270139903243,0.7820005019976524,0.19719104414192468,0.3807270139903243,0.979191546139577,1.1627275159879766,0.577918058132249,1.3599185601299013,2.452278321058192,1.6758734218058546,1.0825294080737333,2.452278321058192,1.6758734218058546,1.0825294080737333,4.128151742864047,3.5348077291319253,2.758402829879588,5.21068115093778
706,17650,Sybil Attack,0.72,0.8342617758438261,0.2809322356711778,0.24119392810041446,0.8342617758438261,0.2809322356711778,0.24119392810041446,1.1151940115150039,1.0754557039442405,0.5221261637715923,1.3563879396154184,2.7674839757977585,3.285843252509618,-0.16552615083331637,2.7674839757977585,3.285843252509618,-0.16552615083331637,6.053327228307376,2.601957824964442,3.1203171016763016,5.88780107747406
707,17675,Normal Traffic,0.68,0.8053738784834712,0.18814663451907704,0.48139617570778476,0.8053738784834712,0.18814663451907704,0.48139617570778476,0.9935205130025482,1.286770054191256,0.6695428102268618,1.4749166887103329,2.593251165699757,1.501989740867008,1.9829660757692964,2.593251165699757,1.501989740867008,1.9829660757692964,4.095240906566765,4.576217241469053,3.4849558166363046,6.078206982336061
708,17700,Sybil Attack,0.88,0.8016294470176545,0.32490427597297095,0.309119590170223,0.8016294470176545,0.32490427597297095,0.309119590170223,1.1265337229906254,1.1107490371878774,0.634023866143194,1.4356533131608484,2.5706672161526374,4.1312295789705535,0.4420358449327119,2.5706672161526374,4.1312295789705535,0.4420358449327119,6.701896795123191,3.0127030610853494,4.5732654239032655,7.143932640055903
709,17725,Blackhole Attack,0.84,0.9660669974027721,0.2932702838256359,0.4545232881000811,0.9660669974027721,0.2932702838256359,0.4545232881000811,1.259337281228408,1.4205902855028532,0.7477935719257169,1.7138605693284892,3.5624464423053164,3.523048920779919,1.7426011719991559,3.5624464423053164,3.523048920779919,1.7426011719991559,7.0854953630852355,5.305047614304472,5.265650092779075,8.828096535084391
710,17750,Flooding Attack,0.76,0.7521736870380856,0.27147644069723376,0.28396282449890065,0.7521736870380856,0.27147644069723376,0.28396282449890065,1.0236501277353194,1.0361365115369863,0.5554392651961344,1.3076129522342201,2.2723825771121335,3.104050465049074,0.21702081684834895,2.2723825771121335,3.104050465049074,0.21702081684834895,5.376433042161207,2.4894033939604823,3.3210712818974226,5.593453859009556
711,17775,Wormhole Attack,0.84,0.776699502222465,0.25927011343015516,0.4589815419242418,0.776699502222465,0.25927011343015516,0.4589815419242418,1.0359696156526201,1.2356810441467068,0.718251655354397,1.494951157576862,2.420306174534738,2.8693772022877204,1.7824780831473293,2.420306174534738,2.8693772022877204,1.7824780831473293,5.289683376822458,4.202784257682067,4.651855285435049,7.072161459969787
712,17800,Normal Traffic,0.72,0.7863131958494041,0.2558179715433651,0.38063314208691373,0.7863131958494041,0.2558179715433651,0.38063314208691373,1.0421311673927691,1.1669463379363179,0.6364511136302788,1.422764309479683,2.478289655822705,2.8030079019763052,1.0816897695741647,2.478289655822705,2.8030079019763052,1.0816897695741647,5.281297557799011,3.55997942539687,3.88469767155047,6.362987327373176
713,17825,Blackhole Attack,0.88,0.629823168902549,0.2019834063036336,0.5797004149147729,0.629823168902549,0.2019834063036336,0.5797004149147729,0.8318065752061825,1.209523583817322,0.7816838212184065,1.4115069901209554,1.5344446674823138,1.7680091838753778,2.862249662338938,1.5344446674823138,1.7680091838753778,2.862249662338938,3.3024538513576918,4.396694329821252,4.630258846214316,6.1647035136966295
714,17850,Normal Traffic,0.6,0.8232525789560824,0.28751901135225755,0.43814014816387176,0.8232525789560824,0.28751901135225755,0.43814014816387176,1.11077159030834,1.261392727119954,0.7256591595161292,1.5489117384722118,2.701083736045238,3.4124775878288993,1.5960619570213501,2.701083736045238,3.4124775878288993,1.5960619570213501,6.113561323874137,4.297145693066589,5.008539544850249,7.709623280895487
715,17875,Normal Traffic,0.64,0.8943843757073057,0.25646416810623335,0.42669717599982293,0.8943843757073057,0.25646416810623335,0.42669717599982293,1.150848543813539,1.3210815517071286,0.6831613441060562,1.577545719813362,3.1301039821602807,2.8154313814124547,1.4937101389656118,3.1301039821602807,2.8154313814124547,1.4937101389656118,5.945535363572736,4.623814121125893,4.309141520378066,7.4392455025383475
716,17900,Wormhole Attack,0.84,0.7531506218380458,0.15775474067989995,0.5493437944147678,0.7531506218380458,0.15775474067989995,0.5493437944147678,0.9109053625179457,1.3024944162528136,0.7070985350946677,1.4602491569327136,2.278274805728024,0.9176890963994158,2.5907244629711315,2.278274805728024,0.9176890963994158,2.5907244629711315,3.1959639021274397,4.868999268699156,3.508413559370547,5.786688365098572
717,17925,Blackhole Attack,0.8,0.8588937061185409,0.266703814415357,0.4820373179316255,0.8588937061185409,0.266703814415357,0.4820373179316255,1.125597520533898,1.3409310240501664,0.7487411323469826,1.6076348384655235,2.916047589700355,3.0122941359746154,1.9887007809928718,2.916047589700355,3.0122941359746154,1.9887007809928718,5.92834172567497,4.904748370693227,5.000994916967487,7.917042506667842
718,17950,Flooding Attack,0.76,0.8624826043587783,0.2303933322455335,0.5014683492958282,0.8624826043587783,0.2303933322455335,0.5014683492958282,1.0928759366043117,1.3639509536546064,0.7318616815413617,1.59434428590014,2.937693465056119,2.314205420443245,2.162501901743001,2.937693465056119,2.314205420443245,2.162501901743001,5.251898885499363,5.10019536679912,4.476707322186246,7.414400787242364
719,17975,Sybil Attack,0.76,0.43700570214268336,0.31085665631974957,0.41901198615772844,0.43700570214268336,0.31085665631974957,0.41901198615772844,0.7478623584624329,0.8560176883004118,0.7298686424774781,1.1668743446201613,0.371496438662634,3.861156471317348,1.424969855308088,0.371496438662634,3.861156471317348,1.424969855308088,4.232652909979982,1.796466293970722,5.286126326625436,5.65762276528807
720,18000,Blackhole Attack,0.88,0.6510210386192976,0.2663163589655388,0.46266696569070254,0.6510210386192976,0.2663163589655388,0.46266696569070254,0.9173373975848365,1.1136880043100001,0.7289833246562414,1.380004363275539,1.6622962851604195,3.004845094785236,1.815442405475071,1.6622962851604195,3.004845094785236,1.815442405475071,4.667141379945655,3.4777386906354906,4.820287500260307,6.482583785420727
721,18025,Normal Traffic,0.68,0.694225613010711,0.30606434767981133,0.3711871547716428,0.694225613010711,0.30606434767981133,0.3711871547716428,1.0002899606905222,1.0654127677823537,0.6772515024514542,1.371477115462165,1.922877881370149,3.7690217382328983,0.9972000092925722,1.922877881370149,3.7690217382328983,0.9972000092925722,5.691899619603047,2.9200778906627214,4.766221747525471,6.68909962889562
722,18050,Blackhole Attack,0.92,0.6802994703839701,0.24202988653700402,0.38843049720371964,0.6802994703839701,0.24202988653700402,0.38843049720371964,0.9223293569209741,1.0687299675876898,0.6304603837407237,1.3107598541246936,1.8388845421037006,2.5379244886878074,1.1514333170363058,1.8388845421037006,2.5379244886878074,1.1514333170363058,4.376809030791508,2.9903178591400064,3.6893578057241134,5.528242347827813
723,18075,Normal Traffic,0.68,0.7747336328894083,0.29194820223141726,0.31198992624624294,0.7747336328894083,0.29194820223141726,0.31198992624624294,1.0666818351208256,1.0867235591356512,0.6039381284776602,1.3786717613670685,2.4084493427995906,3.4976311849971986,0.46770960447698634,2.4084493427995906,3.4976311849971986,0.46770960447698634,5.906080527796789,2.876158947276577,3.965340789474185,6.373790132273775
724,18100,Wormhole Attack,0.84,0.7829209620849589,0.19628985725099599,0.39389314022658495,0.7829209620849589,0.19628985725099599,0.39389314022658495,0.9792108193359549,1.176814102311544,0.590182997477581,1.3731039595625398,2.4578299313257697,1.6585476149988894,1.2002940008485374,2.4578299313257697,1.6585476149988894,1.2002940008485374,4.116377546324659,3.6581239321743073,2.858841615847427,5.316671547173197
725,18125,Wormhole Attack,0.76,0.5956875433482453,0.2082931751193215,0.41009321758217326,0.5956875433482453,0.2082931751193215,0.41009321758217326,0.8039807184675667,1.0057807609304186,0.6183863927014948,1.21407393604974,1.3285610100257566,1.8893179119512646,1.3451958101177632,1.3285610100257566,1.8893179119512646,1.3451958101177632,3.217878921977021,2.67375682014352,3.234513722069028,4.563074732094784
726,18150,Wormhole Attack,0.84,0.654370217621407,0.129047094878921,0.5265440407214689,0.654370217621407,0.129047094878921,0.5265440407214689,0.783417312500328,1.180914258342876,0.6555911356003898,1.3099613532217969,1.6824963316289996,0.3657690340492128,2.3867917601490625,1.6824963316289996,0.3657690340492128,2.3867917601490625,2.0482653656782124,4.069288091778062,2.752560794198275,4.435057125827274
727,18175,Normal Traffic,0.68,0.8708762700458625,0.2350467100753485,0.48924043113103566,0.8708762700458625,0.2350467100753485,0.48924043113103566,1.105922980121211,1.3601167011768982,0.7242871412063842,1.5951634112522466,2.9883185396830765,2.4036691333431364,2.0531291236517126,2.9883185396830765,2.4036691333431364,2.0531291236517126,5.391987673026213,5.0414476633347896,4.456798256994849,7.445116796677926
728,18200,Normal Traffic,0.72,0.9609713424751938,0.2998655263836151,0.3361724296023193,0.9609713424751938,0.2998655263836151,0.3361724296023193,1.2608368688588087,1.2971437720775132,0.6360379559859344,1.5970092984611282,3.5317128009382524,3.6498460364002616,0.6840103302106095,3.5317128009382524,3.6498460364002616,0.6840103302106095,7.181558837338514,4.215723131148862,4.333856366610871,7.865569167549124
729,18225,Flooding Attack,0.8,0.5863528789625082,0.2406889467087439,0.44147181612092024,0.5863528789625082,0.2406889467087439,0.44147181612092024,0.8270418256712522,1.0278246950834284,0.6821607628296642,1.2685136417921723,1.2722604497267316,2.5121441931264084,1.6258621057653373,1.2722604497267316,2.5121441931264084,1.6258621057653373,3.78440464285314,2.898122555492069,4.138006298891746,5.4102667486184775
730,18250,Blackhole Attack,0.92,0.9806157378675523,0.22246353186166554,0.5399272934503199,0.9806157378675523,0.22246353186166554,0.5399272934503199,1.2030792697292179,1.5205430313178723,0.7623908253119854,1.7430065631795377,3.650194882523882,2.161750706718868,2.5064984437501043,3.650194882523882,2.161750706718868,2.5064984437501043,5.81194558924275,6.156693326273986,4.668249150468972,8.318444032992854
731,18275,Sybil Attack,0.84,0.5800716607699772,0.26781096179207226,0.3649441939505798,0.5800716607699772,0.26781096179207226,0.3649441939505798,0.8478826225620495,0.9450158547205569,0.6327551557426521,1.2128268165126292,1.2343762699655112,3.033579644839529,0.9413597624645613,1.2343762699655112,3.033579644839529,0.9413597624645613,4.26795591480504,2.1757360324300725,3.97493940730409,5.209315677269601
732,18300,Blackhole Attack,0.8,0.8162444064706753,0.26635541666735035,0.368411736664652,0.8162444064706753,0.26635541666735035,0.368411736664652,1.0825998231380256,1.1846561431353273,0.6347671533320023,1.4510115598026776,2.658815045785361,3.0055960002885485,0.9723752447958266,2.658815045785361,3.0055960002885485,0.9723752447958266,5.664411046073909,3.6311902905811877,3.977971245084375,6.636786290869736
