window_idx,start_pos,majority_label,attack_frac,W2_c2,W2_network,W2_physical,W2_c2_only,W2_network_only,W2_physical_only,W2_c2_network,W2_c2_physical,W2_network_physical,W2_all_three,Z2_c2,Z2_network,Z2_physical,Z2_c2_only,Z2_network_only,Z2_physical_only,Z2_c2_network,Z2_c2_physical,Z2_network_physical,Z2_all_three
0,0,Blackhole Attack,0.8,0.813920101878146,0.24083194188995574,0.3007052439646463,0.813920101878146,0.24083194188995574,0.3007052439646463,1.0547520437681017,1.1146253458427924,0.5415371858546021,1.355457287732748,2.644796368149243,2.5134541616004418,0.366773612398673,2.644796368149243,2.5134541616004418,0.366773612398673,5.158250529749685,3.011569980547916,2.8802277739991147,5.525024142148358
1,25,Wormhole Attack,0.68,0.8552074734815243,0.21914706634156178,0.5521356249575714,0.8552074734815243,0.21914706634156178,0.5521356249575714,1.074354539823086,1.4073430984390956,0.7712826912991332,1.6264901647806576,2.8938146572369563,2.0965297526519824,2.6156960287202162,2.8938146572369563,2.0965297526519824,2.6156960287202162,4.990344409888939,5.5095106859571725,4.712225781372199,7.606040438609155
2,50,Normal Traffic,0.68,0.9653637781934945,0.2743921953486496,0.5519175960325365,0.9653637781934945,0.2743921953486496,0.5519175960325365,1.2397559735421442,1.5172813742260312,0.8263097913811861,1.7916735695746806,3.5582050862308696,3.158700605657747,2.6137458660748707,3.5582050862308696,3.158700605657747,2.6137458660748707,6.716905691888616,6.171950952305741,5.772446471732618,9.330651557963487
3,75,Blackhole Attack,0.84,0.8048269965142228,0.14533387424117777,0.5019341478400872,0.8048269965142228,0.14533387424117777,0.5019341478400872,0.9501608707554006,1.3067611443543101,0.647268022081265,1.4520950185954877,2.589952733103384,0.677359906813005,2.1666682430719093,2.589952733103384,0.677359906813005,2.1666682430719093,3.2673126399163888,4.756620976175293,2.844028149884914,5.433980882988298
4,100,Flooding Attack,0.8,0.6029776524700915,0.24125507185729664,0.3899893453503903,0.6029776524700915,0.24125507185729664,0.3899893453503903,0.8442327243273882,0.9929669978204818,0.631244417207687,1.2342220696777786,1.3725301567717398,2.5215894728291497,1.1653764551998185,1.3725301567717398,2.5215894728291497,1.1653764551998185,3.8941196296008895,2.5379066119715583,3.686965928028968,5.059496084800708
5,125,Sybil Attack,0.88,0.6401776606487517,0.2804270620996595,0.39508955916928545,0.6401776606487517,0.2804270620996595,0.39508955916928545,0.9206047227484112,1.0352672198180373,0.675516621268945,1.3156942819176967,1.5968961561307526,3.2747300127729684,1.2109953861342981,1.5968961561307526,3.2747300127729684,1.2109953861342981,4.871626168903721,2.8078915422650508,4.485725398907267,6.08262155503802
6,150,Normal Traffic,0.68,0.8637228347763921,0.18181177183411262,0.47325135609989405,0.8637228347763921,0.18181177183411262,0.47325135609989405,1.0455346066105047,1.3369741908762862,0.6550631279340067,1.5187859627103988,2.945173719784745,1.3787024558940932,1.9101146275045933,2.945173719784745,1.3787024558940932,1.9101146275045933,4.323876175678839,4.8552883472893384,3.2888170833986865,6.233990803183432
7,175,Blackhole Attack,0.8,0.8528959376433042,0.28445354096520553,0.5234980646048345,0.8528959376433042,0.28445354096520553,0.5234980646048345,1.1373494786085097,1.3763940022481387,0.80795160557004,1.660847543213344,2.8798729923344752,3.352145136388265,2.359546985904888,2.8798729923344752,3.352145136388265,2.359546985904888,6.23201812872274,5.239419978239363,5.711692122293153,8.591565114627628
8,200,Blackhole Attack,0.84,0.8203237909920881,0.3096118595105439,0.43968486277217106,0.8203237909920881,0.3096118595105439,0.43968486277217106,1.129935650502632,1.2600086537642592,0.7492967222827149,1.569620513274803,2.6834192120135154,3.8358517210188183,1.6098786775612652,2.6834192120135154,3.8358517210188183,1.6098786775612652,6.519270933032334,4.293297889574781,5.445730398580084,8.129149610593599
9,225,Blackhole Attack,0.8,0.8831181305963002,0.26142137400488485,0.34580812758954677,0.8831181305963002,0.26142137400488485,0.34580812758954677,1.144539504601185,1.2289262581858469,0.6072295015944316,1.4903476321907319,3.0621533964718513,2.909317019837459,0.7701969601429326,3.0621533964718513,2.909317019837459,0.7701969601429326,5.971470416309311,3.832350356614784,3.6795139799803915,6.741667376452243
10,250,Normal Traffic,0.72,0.7519955863983272,0.30280353330783366,0.34023282907434876,0.7519955863983272,0.30280353330783366,0.34023282907434876,1.0547991197061608,1.092228415472676,0.6430363623821824,1.3950319487805096,2.2713083911110457,3.704951390433177,0.7203286277679924,2.2713083911110457,3.704951390433177,0.7203286277679924,5.976259781544222,2.991637018879038,4.425280018201169,6.6965884093122146
11,275,Flooding Attack,0.76,0.722682562305009,0.28573666082981836,0.36904486781024787,0.722682562305009,0.28573666082981836,0.36904486781024787,1.0084192231348275,1.0917274301152569,0.6547815286400662,1.3774640909450753,2.0945114959774322,3.3768150492946063,0.9780382948225533,2.0945114959774322,3.3768150492946063,0.9780382948225533,5.4713265452720385,3.0725497907999855,4.35485334411716,6.449364840094592
12,300,Sybil Attack,0.76,0.7679495725090326,0.3386342068870194,0.376715631368197,0.7679495725090326,0.3386342068870194,0.376715631368197,1.106583779396052,1.1446652038772296,0.7153498382552164,1.483299410764249,2.3675323494579588,4.393850082560261,1.0466495423879765,2.3675323494579588,4.393850082560261,1.0466495423879765,6.76138243201822,3.414181891845935,5.440499624948238,7.808031974406196
13,325,Normal Traffic,0.68,0.7088346136921315,0.30450028018929837,0.44643770379549214,0.7088346136921315,0.30450028018929837,0.44643770379549214,1.01333489388143,1.1552723174876236,0.7509379839847905,1.459772597676922,2.0109897716090255,3.7375739060252577,1.6702795546996163,2.0109897716090255,3.7375739060252577,1.6702795546996163,5.748563677634284,3.681269326308642,5.4078534607248745,7.4188432323339
14,350,Sybil Attack,0.84,0.8607033983200155,0.2538436912603823,0.37891154831914636,0.8607033983200155,0.2538436912603823,0.37891154831914636,1.1145470895803977,1.239614946639162,0.6327552395795286,1.493458637899544,2.9269624636263503,2.763624650406976,1.0662909510191372,2.9269624636263503,2.763624650406976,1.0662909510191372,5.690587114033326,3.9932534146454874,3.829915601426113,6.756878065052463
15,375,Blackhole Attack,0.8,0.8119786981548198,0.27638310654877546,0.5193899208424491,0.8119786981548198,0.27638310654877546,0.5193899208424491,1.0883618047035952,1.3313686189972689,0.7957730273912245,1.6077517255460443,2.6330870968917908,3.1969788735467604,2.322801638901814,2.6330870968917908,3.1969788735467604,2.322801638901814,5.830065970438551,4.955888735793605,5.519780512448574,8.152867609340365
16,400,Normal Traffic,0.68,0.6533778219991051,0.22919347349444721,0.4963597065364144,0.6533778219991051,0.22919347349444721,0.4963597065364144,0.8825712954935523,1.1497375285355196,0.7255531800308617,1.3789310020299668,1.676510853494481,2.2896870689079454,2.1168075780369584,1.676510853494481,2.2896870689079454,2.1168075780369584,3.9661979224024266,3.793318431531439,4.406494646944903,6.083005500439385
17,425,Normal Traffic,0.68,0.846504703120027,0.3093403325808644,0.3332761721695299,0.846504703120027,0.3093403325808644,0.3332761721695299,1.1558450357008914,1.1797808752895569,0.6426165047503943,1.4891212078704212,2.841325266375224,3.8306312066369137,0.6581047167429149,2.841325266375224,3.8306312066369137,0.6581047167429149,6.671956473012138,3.499429983118139,4.488735923379829,7.330061189755052
18,450,Normal Traffic,0.72,0.7500438850434712,0.2803343058472185,0.2957938750815772,0.7500438850434712,0.2803343058472185,0.2957938750815772,1.0303781908906897,1.0458377601250484,0.5761281809287957,1.326172065972267,2.2595370113083977,3.2729466340471403,0.32284380752648817,2.2595370113083977,3.2729466340471403,0.32284380752648817,5.532483645355538,2.582380818834886,3.5957904415736284,5.855327452882026
19,475,Wormhole Attack,0.72,0.7001465178162682,0.23022379543540872,0.5147049668723139,0.7001465178162682,0.23022379543540872,0.5147049668723139,0.930370313251677,1.214851484688582,0.7449287623077226,1.4450752801239908,1.9585888875997257,2.30949656079566,2.2808970052562563,1.9585888875997257,2.30949656079566,2.2808970052562563,4.268085448395386,4.239485892855982,4.590393566051916,6.548982453651642
20,500,Normal Traffic,0.64,0.819079468891731,0.23509899446574997,0.3555530288491364,0.819079468891731,0.23509899446574997,0.3555530288491364,1.0541784633574809,1.1746324977408675,0.5906520233148864,1.4097314922066173,2.6759142789438695,2.4032296084995775,0.8573603602101181,2.6759142789438695,2.4032296084995775,0.8573603602101181,5.079143887443447,3.5332746391539875,3.2605899687096955,5.9365042476535645
21,525,Blackhole Attack,0.8,0.8172194515839734,0.20470030346554366,0.7697338829526803,0.8172194515839734,0.20470030346554366,0.7697338829526803,1.021919755049517,1.5869533345366538,0.974434186418224,1.7916536380021972,2.664695877053316,1.8187689668056237,4.562006566950235,2.664695877053316,1.8187689668056237,4.562006566950235,4.48346484385894,7.226702444003552,6.380775533755859,9.045471410809174
22,550,Wormhole Attack,0.76,0.7670785286358656,0.2137917200950168,0.5565851020379705,0.7670785286358656,0.2137917200950168,0.5565851020379705,0.9808702487308824,1.323663630673836,0.7703768221329873,1.5374553507688529,2.3622787853149063,1.9935651511917503,2.6554944361660535,2.3622787853149063,1.9935651511917503,2.6554944361660535,4.355843936506656,5.01777322148096,4.649059587357804,7.01133837267271
23,575,Blackhole Attack,0.76,0.8904716334688306,0.2823925071119211,0.44860733961638805,0.8904716334688306,0.2823925071119211,0.44860733961638805,1.1728641405807516,1.3390789730852186,0.7309998467283092,1.6214714801971397,3.10650489265596,3.312518654825772,1.689685891410391,3.10650489265596,3.312518654825772,1.689685891410391,6.419023547481732,4.796190784066351,5.002204546236163,8.108709438892124
24,600,Sybil Attack,0.96,0.8966279073234699,0.2872538736806111,0.4992364948342597,0.8966279073234699,0.2872538736806111,0.4992364948342597,1.183881781004081,1.3958644021577296,0.7864903685148708,1.6831182758383405,3.1436354902915875,3.405985752610569,2.1425390495659213,3.1436354902915875,3.405985752610569,2.1425390495659213,6.549621242902156,5.286174539857509,5.54852480217649,8.692160292468078
25,625,Blackhole Attack,0.76,0.6541082329174986,0.15018624857929327,0.5882459482203293,0.6541082329174986,0.15018624857929327,0.5882459482203293,0.804294481496792,1.242354181137828,0.7384321967996226,1.3925404297171213,1.6809162120863674,0.7706541154147836,2.9386852996489297,1.6809162120863674,0.7706541154147836,2.9386852996489297,2.451570327501151,4.619601511735297,3.709339415063713,5.390255627150081
26,650,Blackhole Attack,0.8,0.9020954824616986,0.236343122634021,0.4008136406689744,0.9020954824616986,0.236343122634021,0.4008136406689744,1.1384386050957196,1.3029091231306729,0.6371567633029954,1.539252245764694,3.176612309922044,2.427149847287895,1.2621945099102914,3.176612309922044,2.427149847287895,1.2621945099102914,5.603762157209939,4.438806819832335,3.6893443571981863,6.86595666712023
27,675,Blackhole Attack,0.8,0.8163836968283035,0.26729411600282893,0.5966376044284516,0.8163836968283035,0.26729411600282893,0.5966376044284516,1.0836778128311324,1.4130213012567552,0.8639317204312805,1.680315417259584,2.6596551536729782,3.0222293342722524,3.013744581196298,2.6596551536729782,3.0222293342722524,3.013744581196298,5.681884487945231,5.673399734869276,6.035973915468551,8.695629069141528
28,700,Normal Traffic,0.6,0.8438611367968146,0.1788338729342548,0.3381071323953521,0.8438611367968146,0.1788338729342548,0.3381071323953521,1.0226950097310694,1.1819682691921667,0.5169410053296069,1.3608021421264216,2.8253810118167095,1.3214478622045551,0.701315305301483,2.8253810118167095,1.3214478622045551,0.701315305301483,4.146828874021264,3.5266963171181924,2.0227631675060382,4.848144179322747
29,725,Normal Traffic,0.68,0.9170178833981617,0.2514787437673172,0.46411669208683587,0.9170178833981617,0.2514787437673172,0.46411669208683587,1.1684966271654789,1.3811345754849975,0.7155954358541531,1.6326133192523147,3.266614424514751,2.7181549711579596,1.8284095026767775,3.266614424514751,2.7181549711579596,1.8284095026767775,5.984769395672711,5.095023927191528,4.546564473834737,7.813178898349488
30,750,Wormhole Attack,0.8,0.5639004734331473,0.2373399688001628,0.358672163247774,0.5639004734331473,0.2373399688001628,0.358672163247774,0.8012404422333101,0.9225726366809213,0.5960121320479368,1.1599126054810842,1.1368422965796934,2.446315716960686,0.8852594996892612,1.1368422965796934,2.446315716960686,0.8852594996892612,3.5831580135403795,2.0221017962689545,3.3315752166499473,4.468417513229641
31,775,Blackhole Attack,0.92,1.017215556998331,0.270130016867964,0.4439425276543051,1.017215556998331,0.270130016867964,0.4439425276543051,1.2873455738662951,1.4611580846526362,0.7140725445222691,1.7312881015206,3.87094093602467,3.076753801770081,1.6479614182261082,3.87094093602467,3.076753801770081,1.6479614182261082,6.947694737794751,5.518902354250778,4.724715219996189,8.595656156020858
32,800,Blackhole Attack,0.88,0.9140810795939388,0.22209705214576414,0.4616177106176347,0.9140810795939388,0.22209705214576414,0.4616177106176347,1.1361781317397028,1.3756987902115734,0.6837147627633988,1.5977958423573375,3.2489015542032385,2.153247675015826,1.8060573293957893,3.2489015542032385,2.153247675015826,1.8060573293957893,5.402149229219065,5.054958883599028,3.959305004411615,7.2082065586148545
33,825,Sybil Attack,0.72,0.6328270767335856,0.32794830275418263,0.3069645647269118,0.6328270767335856,0.32794830275418263,0.3069645647269118,0.9607753794877683,0.9397916414604974,0.6349128674810944,1.26773994421468,1.55256226517896,4.188397473218778,0.42276019094027656,1.55256226517896,4.188397473218778,0.42276019094027656,5.740959738397738,1.9753224561192364,4.611157664159054,6.163719929338014
34,850,Blackhole Attack,0.72,0.7607323213516153,0.20308319166434557,0.5463177373571295,0.7607323213516153,0.20308319166434557,0.5463177373571295,0.9638155130159609,1.3070500587087448,0.7494009290214751,1.5101332503730904,2.324002634066986,1.7876775556322715,2.563657855017409,2.324002634066986,1.7876775556322715,2.563657855017409,4.111680189699258,4.887660489084395,4.35133541064968,6.675338044716667
35,875,Blackhole Attack,0.88,0.6166219380567719,0.27731427191167063,0.4082445278862945,0.6166219380567719,0.27731427191167063,0.4082445278862945,0.8939362099684425,1.0248664659430664,0.6855587997979651,1.302180737854737,1.4548235196251234,3.214881930803969,1.3286601803284523,1.4548235196251234,3.214881930803969,1.3286601803284523,4.669705450429093,2.7834836999535755,4.543542111132421,5.9983656307575455
36,900,Wormhole Attack,0.8,0.8713251683184292,0.2817291937656389,0.42916371774447265,0.8713251683184292,0.2817291937656389,0.42916371774447265,1.153054362084068,1.3004888860629018,0.7108929115101115,1.5822180798285408,2.9910259990215597,3.2997654562091068,1.515772154695094,2.9910259990215597,3.2997654562091068,1.515772154695094,6.290791455230666,4.5067981537166535,4.815537610904201,7.80656360992576
37,925,Wormhole Attack,0.84,0.8513615798862594,0.29109499235024494,0.46922269787471904,0.8513615798862594,0.29109499235024494,0.46922269787471904,1.1424565722365043,1.3205842777609784,0.760317690224964,1.6116792701112232,2.870618754811724,3.479837047143665,1.8740802399555836,2.870618754811724,3.479837047143665,1.8740802399555836,6.350455801955389,4.744698994767308,5.353917287099248,8.224536041910973
38,950,Blackhole Attack,0.8,0.8648219019101654,0.21127476751279364,0.38528276140851114,0.8648219019101654,0.21127476751279364,0.38528276140851114,1.076096669422959,1.2501046633186765,0.5965575289213048,1.46137943083147,2.951802570365836,1.9451729450500646,1.1232783519817793,2.951802570365836,1.9451729450500646,1.1232783519817793,4.8969755154159005,4.075080922347615,3.068451297031844,6.020253867397679
39,975,Sybil Attack,0.92,0.47635137365606384,0.2694454515351101,0.30194889973564576,0.47635137365606384,0.2694454515351101,0.30194889973564576,0.745796825191174,0.7783002733917096,0.5713943512707559,1.0477457249268198,0.6088036690039204,3.0635920016873572,0.37789750812894674,0.6088036690039204,3.0635920016873572,0.37789750812894674,3.6723956706912775,0.9867011771328671,3.441489509816304,4.050293178820224
40,1000,Flooding Attack,0.8,0.6680804077686238,0.2832247455416196,0.3619240442878867,0.6680804077686238,0.2832247455416196,0.3619240442878867,0.9513051533102433,1.0300044520565104,0.6451487898295063,1.31322919759813,1.765187187475289,3.3285196927211422,0.914345993284187,1.765187187475289,3.3285196927211422,0.914345993284187,5.093706880196431,2.679533180759476,4.242865686005329,6.008052873480619
41,1025,Blackhole Attack,0.84,0.7119435381887715,0.17009138634060433,0.4776038019000761,0.7119435381887715,0.17009138634060433,0.4776038019000761,0.8820349245293759,1.1895473400888477,0.6476951882406805,1.359638726429452,2.0297407608096276,1.1533603835532193,1.949045137362626,2.0297407608096276,1.1533603835532193,1.949045137362626,3.1831011443628467,3.9787858981722537,3.1024055209158456,5.132146281725473
42,1050,Wormhole Attack,0.88,0.8705093161044635,0.2566462624586882,0.5168084275026292,0.8705093161044635,0.2566462624586882,0.5168084275026292,1.1271555785631517,1.3873177436070927,0.7734546899613175,1.643964006065781,2.9861053146916916,2.817508304836166,2.2997114370869864,2.9861053146916916,2.817508304836166,2.2997114370869864,5.803613619527858,5.285816751778678,5.117219741923153,8.103325056614844
43,1075,Blackhole Attack,0.76,0.9174854295323018,0.2893244927143313,0.3865098846012547,0.9174854295323018,0.2893244927143313,0.3865098846012547,1.206809922246633,1.3039953141335565,0.6758343773155859,1.5933198068478878,3.269434355497803,3.445796523710667,1.1342543718440194,3.269434355497803,3.445796523710667,1.1342543718440194,6.71523087920847,4.403688727341823,4.580050895554686,7.849485251052489
44,1100,Blackhole Attack,0.92,0.7587546827052484,0.28287410336487334,0.33553249777677696,0.7587546827052484,0.28287410336487334,0.33553249777677696,1.0416287860701217,1.0942871804820253,0.6184066011416502,1.3771612838468985,2.3120748175694175,3.321778068497103,0.6782864514108545,2.3120748175694175,3.321778068497103,0.6782864514108545,5.633852886066521,2.990361268980272,4.000064519907958,6.312139337477375
45,1125,Wormhole Attack,0.8,0.8814523783185404,0.21651459606895557,0.3400504638418511,0.8814523783185404,0.21651459606895557,0.3400504638418511,1.097966974387496,1.2215028421603915,0.5565650599108067,1.4380174382293471,3.052106673560147,2.04591654484125,0.7186974594990585,3.052106673560147,2.04591654484125,0.7186974594990585,5.098023218401397,3.7708041330592055,2.7646140043403085,5.816720677900456
46,1150,Sybil Attack,0.92,0.8715918396041354,0.3047791956907291,0.32962586332910365,0.8715918396041354,0.3047791956907291,0.32962586332910365,1.1763710352948644,1.2012177029332392,0.6344050590198327,1.505996898623968,2.9926343849453065,3.7429364768327797,0.6254544803422377,2.9926343849453065,3.7429364768327797,0.6254544803422377,6.735570861778086,3.618088865287544,4.368390957175017,7.361025342120324
47,1175,Sybil Attack,0.76,0.9322073754516117,0.30634086251091436,0.14630224168063505,0.9322073754516117,0.30634086251091436,0.14630224168063505,1.238548237962526,1.0785096171322468,0.4526431041915494,1.384850479643161,3.358227457177553,3.772961874697163,-1.0142861132103427,3.358227457177553,3.772961874697163,-1.0142861132103427,7.131189331874716,2.3439413439672103,2.7586757614868205,6.1169032186643735
48,1200,Blackhole Attack,0.8,0.899442200300797,0.26800804714511056,0.4729499607716309,0.899442200300797,0.26800804714511056,0.4729499607716309,1.1674502474459076,1.372392161072428,0.7409580079167415,1.6404002082175384,3.160609455816393,3.03595573629201,1.9074187929470157,3.160609455816393,3.03595573629201,1.9074187929470157,6.1965651921084035,5.068028248763409,4.943374529239025,8.10398398505542
49,1225,Normal Traffic,0.6,0.7196724788372777,0.22867143648342111,0.4097182684309736,0.7196724788372777,0.22867143648342111,0.4097182684309736,0.9483439153206988,1.1293907472682512,0.6383897049143947,1.3580621837516724,2.0763566508992257,2.279650120723228,1.3418420724040323,2.0763566508992257,2.279650120723228,1.3418420724040323,4.356006771622454,3.418198723303258,3.6214921931272603,5.6978488440264865
50,1250,Normal Traffic,0.6,0.8046478769231415,0.2254997809985734,0.36589783141522325,0.8046478769231415,0.2254997809985734,0.36589783141522325,1.030147657921715,1.1705457083383648,0.5913976124137966,1.3960454893369383,2.588872401457629,2.2186702647191106,0.9498895855623556,2.588872401457629,2.2186702647191106,0.9498895855623556,4.80754266617674,3.538761987019985,3.1685598502814663,5.757432251739096
51,1275,Blackhole Attack,0.76,0.725013062509401,0.1763478827242352,0.5049479488873359,0.725013062509401,0.1763478827242352,0.5049479488873359,0.9013609452336362,1.2299610113967367,0.681295831611571,1.406308894120972,2.1085675414721945,1.2736509543250984,2.1936252269762595,2.1085675414721945,1.2736509543250984,2.1936252269762595,3.382218495797293,4.302192768448454,3.467276181301358,5.575843722773552
52,1300,Sybil Attack,0.72,0.9128639725224836,0.3087866181267942,0.27036278544271225,0.9128639725224836,0.3087866181267942,0.27036278544271225,1.2216505906492778,1.1832267579651958,0.5791494035695064,1.49201337609199,3.241560764300654,3.819985211875531,0.095375085033739,3.241560764300654,3.819985211875531,0.095375085033739,7.061545976176185,3.336935849334393,3.91536029690927,7.156921061209924
53,1325,Wormhole Attack,0.88,0.8362555136049681,0.22692060665272568,0.492705750131247,0.8362555136049681,0.22692060665272568,0.492705750131247,1.0631761202576937,1.3289612637362151,0.7196263567839727,1.5558818703889408,2.779508891574391,2.245987778935609,2.0841247159445135,2.779508891574391,2.245987778935609,2.0841247159445135,5.02549667051,4.863633607518905,4.330112494880122,7.1096213864545135
54,1350,Normal Traffic,0.72,0.7078402101655737,0.177785454393977,0.6049702799919332,0.7078402101655737,0.177785454393977,0.6049702799919332,0.8856256645595507,1.3128104901575068,0.7827557343859102,1.490595944551484,2.0049921831157453,1.3012904359255606,3.088276309576314,2.0049921831157453,1.3012904359255606,3.088276309576314,3.3062826190413057,5.09326849269206,4.389566745501875,6.39455892861762
55,1375,Sybil Attack,0.84,0.7851503444486689,0.22347452566690001,0.43657419885861803,0.7851503444486689,0.22347452566690001,0.43657419885861803,1.008624870115569,1.221724543307287,0.660048724525518,1.445199068974187,2.4712761004659716,2.179731679148571,1.5820553024496127,2.4712761004659716,2.179731679148571,1.5820553024496127,4.651007779614543,4.0533314029155845,3.761786981598184,6.233063082064155
56,1400,Wormhole Attack,0.76,0.8582670539967189,0.19128717412875293,0.5093395619479404,0.8582670539967189,0.19128717412875293,0.5093395619479404,1.0495542281254717,1.3676066159446592,0.7006267360766933,1.5588937900734121,2.912268035973168,1.560881343313826,2.232906068920662,2.912268035973168,1.560881343313826,2.232906068920662,4.473149379286994,5.1451741048938295,3.793787412234488,6.706055448207656
57,1425,Wormhole Attack,0.88,0.6680156939154815,0.18869893836573515,0.525258240175189,0.6680156939154815,0.18869893836573515,0.525258240175189,0.8567146322812167,1.1932739340906706,0.7139571785409241,1.3819728724564055,1.7647968760467836,1.5111186106060808,2.3752908999108215,1.7647968760467836,1.5111186106060808,2.3752908999108215,3.275915486652864,4.140087775957605,3.886409510516902,5.651206386563686
58,1450,Wormhole Attack,0.8,0.8447027982054254,0.23846076434086266,0.507683010347354,0.8447027982054254,0.23846076434086266,0.507683010347354,1.083163562546288,1.3523858085527793,0.7461437746882167,1.590846572893642,2.8304573602453957,2.4678647001363334,2.2180890209026782,2.8304573602453957,2.4678647001363334,2.2180890209026782,5.298322060381729,5.048546381148074,4.685953721039011,7.5164110812844065
59,1475,Normal Traffic,0.72,0.8496244524128055,0.2561585811575332,0.5775955255864582,0.8496244524128055,0.2561585811575332,0.5775955255864582,1.1057830335703387,1.4272199779992638,0.8337541067439914,1.683378559156797,2.8601415436314572,2.8081318969436926,2.8434224514997832,2.8601415436314572,2.8081318969436926,2.8434224514997832,5.66827344057515,5.7035639951312405,5.651554348443476,8.511695892074933
60,1500,Blackhole Attack,0.92,0.567624310744098,0.16250530493442836,0.7157241851706797,0.567624310744098,0.16250530493442836,0.7157241851706797,0.7301296156785264,1.2833484959147778,0.8782294901051081,1.4458538008492061,1.1593020357203185,1.0075065371962795,4.078916100471919,1.1593020357203185,1.0075065371962795,4.078916100471919,2.1668085729165982,5.238218136192238,5.086422637668199,6.2457246733885174
61,1525,Sybil Attack,0.72,0.6809634628839705,0.3047101008958261,0.3213164878995414,0.6809634628839705,0.3047101008958261,0.3213164878995414,0.9856735637797966,1.0022799507835118,0.6260265887953675,1.306990051679338,1.8428893084498257,3.741608025283125,0.55113116032269,1.8428893084498257,3.741608025283125,0.55113116032269,5.584497333732951,2.3940204687725157,4.292739185605815,6.135628494055641
62,1550,Normal Traffic,0.72,0.893384456990727,0.24533377488187488,0.48281009038387945,0.893384456990727,0.24533377488187488,0.48281009038387945,1.138718231872602,1.3761945473746064,0.7281438652657544,1.6215283222564814,3.1240731296656934,2.6000086845974426,1.9956128545606184,3.1240731296656934,2.6000086845974426,1.9956128545606184,5.724081814263136,5.119685984226312,4.595621539158061,7.719694668823754
63,1575,Normal Traffic,0.68,0.651240724275358,0.2692034687645833,0.37268442581211214,0.651240724275358,0.2692034687645833,0.37268442581211214,0.9204441930399412,1.0239251500874702,0.6418878945766955,1.2931286188520534,1.6636212846477876,3.058939518284699,1.010592370203465,1.6636212846477876,3.058939518284699,1.010592370203465,4.722560802932486,2.6742136548512523,4.0695318884881635,5.7331531731359515
64,1600,Sybil Attack,0.88,0.7824592210356044,0.2566881226010656,0.25756785530395826,0.7824592210356044,0.2566881226010656,0.25756785530395826,1.03914734363667,1.0400270763395627,0.5142559779050239,1.2967151989406283,2.4550450127987107,2.818313129151632,-0.019069339266447886,2.4550450127987107,2.818313129151632,-0.019069339266447886,5.273358141950343,2.435975673532263,2.799243789885184,5.254288802683895
65,1625,Blackhole Attack,0.92,0.6980833456778351,0.2627754686754204,0.5076606321219265,0.6980833456778351,0.2627754686754204,0.5076606321219265,0.9608588143532555,1.2057439777997616,0.7704361007973468,1.4685194464751818,1.9461451892955206,2.935351530338263,2.2178888585650856,1.9461451892955206,2.935351530338263,2.2178888585650856,4.881496719633784,4.164034047860606,5.153240388903349,7.09938557819887
66,1650,Blackhole Attack,0.72,0.9120629823624713,0.28818491190528694,0.48640515960575875,0.9120629823624713,0.28818491190528694,0.48640515960575875,1.2002478942677581,1.39846814196823,0.7745900715110456,1.686653053873517,3.236729718112041,3.423886365443929,2.0277689994520327,3.236729718112041,3.423886365443929,2.0277689994520327,6.66061608355597,5.264498717564074,5.451655364895961,8.688385083008002
67,1675,Blackhole Attack,0.76,0.6511305250316055,0.2370761694928028,0.3116307779289782,0.6511305250316055,0.2370761694928028,0.3116307779289782,0.8882066945244083,0.9627613029605837,0.5487069474217809,1.1998374724533865,1.6629566352387235,2.441243777762481,0.4644971975343919,1.6629566352387235,2.441243777762481,0.4644971975343919,4.104200413001204,2.1274538327731154,2.9057409752968733,4.5686976105355965
68,1700,Normal Traffic,0.64,1.0183502326982616,0.2226097585280106,0.46870726395098294,1.0183502326982616,0.2226097585280106,0.46870726395098294,1.2409599912262723,1.4870574966492445,0.6913170224789935,1.7096672551772554,3.877784554072834,2.163105227802106,1.869469934308967,3.877784554072834,2.163105227802106,1.869469934308967,6.04088978187494,5.747254488381801,4.032575162111073,7.9103597161839065
69,1725,Sybil Attack,0.76,0.7642562208365381,0.3347541754734067,0.35017011084778227,0.7642562208365381,0.3347541754734067,0.35017011084778227,1.0990103963099447,1.1144263316843204,0.684924286321189,1.449180507157727,2.345256479651595,4.319250631887289,0.8092127779224917,2.345256479651595,4.319250631887289,0.8092127779224917,6.664507111538884,3.1544692575740867,5.128463409809781,7.473719889461376
70,1750,Normal Traffic,0.72,0.7074836003646243,0.32893950645685494,0.35803961627581193,0.7074836003646243,0.32893950645685494,0.35803961627581193,1.0364231068214793,1.0655232166404363,0.6869791227326669,1.3944627230972912,2.0028413471807918,4.207454858028846,0.87960167481144,2.0028413471807918,4.207454858028846,0.87960167481144,6.210296205209637,2.882443021992232,5.087056532840285,7.089897880021077
71,1775,Normal Traffic,0.72,0.6752701969005905,0.28463589602678036,0.4000519333350861,0.6752701969005905,0.28463589602678036,0.4000519333350861,0.9599060929273708,1.0753221302356766,0.6846878293618665,1.3599580262624569,1.8085512699783588,3.3556511872344488,1.2553814084422308,1.8085512699783588,3.3556511872344488,1.2553814084422308,5.164202457212808,3.0639326784205894,4.611032595676679,6.419583865655039
72,1800,Flooding Attack,0.8,0.6573757516434903,0.2974804711274002,0.3052576329316665,0.6573757516434903,0.2974804711274002,0.3052576329316665,0.9548562227708906,0.9626333845751568,0.6027381040590667,1.260113855702557,1.7006237374412128,3.6026074987921906,0.4074925165951977,1.7006237374412128,3.6026074987921906,0.4074925165951977,5.303231236233403,2.1081162540364105,4.010100015387389,5.710723752828601
73,1825,Wormhole Attack,0.84,0.8326929548941437,0.21275553827309623,0.48449505713536023,0.8326929548941437,0.21275553827309623,0.48449505713536023,1.0454484931672399,1.3171880120295039,0.6972505954084565,1.5299435503026002,2.7580218789482003,1.973642994262454,2.010684062277033,2.7580218789482003,1.973642994262454,2.010684062277033,4.731664873210654,4.7687059412252335,3.984327056539487,6.742348935487687
74,1850,Flooding Attack,0.76,0.6057080787286043,0.3092753072291565,0.2937566615427587,0.6057080787286043,0.3092753072291565,0.2937566615427587,0.9149833859577609,0.899464740271363,0.6030319687719152,1.2087400475005197,1.3889982933706653,3.829380996264852,0.30462192369451196,1.3889982933706653,3.829380996264852,0.30462192369451196,5.218379289635517,1.6936202170651773,4.1340029199593635,5.523001213330029
75,1875,Normal Traffic,0.72,0.7642634913807828,0.18896796787660378,0.38161046106226587,0.7642634913807828,0.18896796787660378,0.38161046106226587,0.9532314592573865,1.1458739524430486,0.5705784289388697,1.3348419203196524,2.3453003307958604,1.5162911083480335,1.090431412262236,2.3453003307958604,1.5162911083480335,1.090431412262236,3.861591439143894,3.4357317430580965,2.6067225206102695,4.95202285140613
76,1900,Wormhole Attack,0.84,0.9429485111592345,0.24622385877391362,0.5994209070300933,0.9429485111592345,0.24622385877391362,0.5994209070300933,1.1891723699331482,1.542369418189328,0.8456447658040069,1.7885932769632416,3.423010928076735,2.617121888672541,3.0386398686612375,3.423010928076735,2.617121888672541,3.0386398686612375,6.040132816749276,6.461650796737972,5.655761757333778,9.078772685410513
77,1925,Blackhole Attack,0.76,0.8080334640782776,0.2990648322649127,0.4772437370356318,0.8080334640782776,0.2990648322649127,0.4772437370356318,1.1070982963431903,1.2852772011139093,0.7763085693005445,1.584342033378822,2.6092920379757443,3.6330692291048288,1.945824532351486,2.6092920379757443,3.6330692291048288,1.945824532351486,6.2423612670805735,4.555116570327231,5.578893761456315,8.188185799432059
78,1950,Sybil Attack,0.84,0.8137410148400889,0.31553450458513543,0.44514863934550336,0.8137410148400889,0.31553450458513543,0.44514863934550336,1.1292755194252244,1.2588896541855923,0.7606831439306387,1.5744241587707277,2.6437162328419346,3.9497234973001665,1.6587495004308583,2.6437162328419346,3.9497234973001665,1.6587495004308583,6.5934397301421015,4.302465733272793,5.608472997731025,8.25218923057296
79,1975,Flooding Attack,0.84,0.6814739185369418,0.2351321981479967,0.4392932208604066,0.6814739185369418,0.2351321981479967,0.4392932208604066,0.9166061166849385,1.1207671393973484,0.6744254190084034,1.3558993375453452,1.8459680414478759,2.403867999324775,1.6063756312266901,1.8459680414478759,2.403867999324775,1.6063756312266901,4.249836040772651,3.4523436726745658,4.010243630551465,5.856211671999342
80,2000,Blackhole Attack,0.88,0.4203635474236536,0.22077307823686515,0.3575491514201316,0.4203635474236536,0.22077307823686515,0.3575491514201316,0.6411366256605188,0.7779126988437852,0.5783222296569968,0.9986857770806503,0.27112189957410787,2.127792281545893,0.8752147053290669,0.27112189957410787,2.127792281545893,0.8752147053290669,2.398914181120001,1.1463366049031747,3.00300698687496,3.274128886449068
81,2025,Sybil Attack,0.88,0.7238861932567581,0.298235055381375,0.29521354047281606,0.7238861932567581,0.298235055381375,0.29521354047281606,1.022121248638133,1.0190997337295742,0.5934485958541911,1.317334789110949,2.1017710067832263,3.6171155181436574,0.3176529968318697,2.1017710067832263,3.6171155181436574,0.3176529968318697,5.718886524926884,2.419424003615096,3.934768514975527,6.036539521758753
82,2050,Blackhole Attack,0.8,0.7252272391283955,0.19144693217384387,0.5909625887562077,0.7252272391283955,0.19144693217384387,0.5909625887562077,0.9166741713022394,1.3161898278846031,0.7824095209300516,1.507636760058447,2.109859314068836,1.5639529324670889,2.9629843273722205,2.109859314068836,1.5639529324670889,2.9629843273722205,3.673812246535925,5.0728436414410565,4.526937259839309,6.636796573908145
83,2075,Blackhole Attack,0.72,0.9980122373091022,0.19107762006280288,0.49548695489701716,0.9980122373091022,0.19107762006280288,0.49548695489701716,1.189089857371905,1.4934991922061194,0.68656457495982,1.6845768122689222,3.7551191331801195,1.5568523506228609,2.1090012392883524,3.7551191331801195,1.5568523506228609,2.1090012392883524,5.311971483802981,5.864120372468472,3.6658535899112135,7.420972723091333
84,2100,Flooding Attack,0.96,0.7156483406910867,0.2418067340987276,0.26968099282378566,0.7156483406910867,0.2418067340987276,0.26968099282378566,0.9574550747898143,0.9853293335148724,0.5114877269225133,1.2271360676135998,2.052085694495329,2.532196010710102,0.08927678180589746,2.052085694495329,2.532196010710102,0.08927678180589746,4.584281705205431,2.1413624763012264,2.6214727925159993,4.673558487011328
85,2125,Blackhole Attack,0.76,0.8140507373424077,0.23438041273269083,0.5929549009119032,0.8140507373424077,0.23438041273269083,0.5929549009119032,1.0484311500750985,1.407005638254311,0.827335313644594,1.6413860509870015,2.6455842754085652,2.3894137918642344,2.9808045901803957,2.6455842754085652,2.3894137918642344,2.9808045901803957,5.0349980672728,5.626388865588961,5.37021838204463,8.015802657453195
86,2150,Blackhole Attack,0.8,0.9416069635845816,0.2576597367222176,0.5076508780601016,0.9416069635845816,0.2576597367222176,0.5076508780601016,1.1992667003067992,1.449257841644683,0.7653106147823192,1.7069175783669008,3.414919594848284,2.8369938747378,2.217801613228219,3.414919594848284,2.8369938747378,2.217801613228219,6.251913469586084,5.632721208076503,5.054795487966019,8.469715082814304
87,2175,Normal Traffic,0.68,0.786089794805995,0.2652843945735303,0.35711168158558504,0.786089794805995,0.2652843945735303,0.35711168158558504,1.0513741893795252,1.1432014763915799,0.6223960761591154,1.4084858709651102,2.4769422475608143,2.9835894113826127,0.8713017505242777,2.4769422475608143,2.9835894113826127,0.8713017505242777,5.460531658943427,3.348243998085092,3.8548911619068904,6.331833409467706
88,2200,Wormhole Attack,0.76,0.8412208070577519,0.22444852681659175,0.6091476397437535,0.8412208070577519,0.22444852681659175,0.6091476397437535,1.0656693338743437,1.4503684468015055,0.8335961665603453,1.6748169736180971,2.8094562782065178,2.1984583189553843,3.1256407599255835,2.8094562782065178,2.1984583189553843,3.1256407599255835,5.007914597161902,5.935097038132101,5.324099078880968,8.133555357087484
89,2225,Wormhole Attack,0.92,0.8359062009600985,0.24140090187380078,0.3332924718884398,0.8359062009600985,0.24140090187380078,0.3332924718884398,1.0773071028338992,1.1691986728485384,0.5746933737622406,1.410599574722339,2.777402067288802,2.5243932746449476,0.6582505097974034,2.777402067288802,2.5243932746449476,0.6582505097974034,5.301795341933749,3.4356525770862056,3.1826437844423507,5.960045851731152
90,2250,Blackhole Attack,0.76,0.7377426696846446,0.25485169675676117,0.5867132236978132,0.7377426696846446,0.25485169675676117,0.5867132236978132,0.9925943664414059,1.3244558933824577,0.8415649204545743,1.579307590139219,2.185344165326799,2.7830050750193585,2.9249758245921775,2.185344165326799,2.7830050750193585,2.9249758245921775,4.968349240346157,5.110319989918977,5.707980899611536,7.893325064938335
91,2275,Blackhole Attack,0.92,0.9170544669717821,0.25080609278690014,0.4603977809545389,0.9170544669717821,0.25080609278690014,0.4603977809545389,1.1678605597586822,1.377452247926321,0.711203873741439,1.6282583407132212,3.2668350725860105,2.7052222424543464,1.7951456521560019,3.2668350725860105,2.7052222424543464,1.7951456521560019,5.972057315040357,5.061980724742012,4.500367894610348,7.767202967196359
92,2300,Sybil Attack,0.88,0.9096276788349252,0.2808757348976652,0.37917926956649034,0.9096276788349252,0.2808757348976652,0.37917926956649034,1.1905034137325905,1.2888069484014155,0.6600550044641555,1.569682683299081,3.2220415678547556,3.2833564234112176,1.068685587308116,3.2220415678547556,3.2833564234112176,1.068685587308116,6.505397991265973,4.290727155162871,4.352042010719334,7.574083578574089
93,2325,Sybil Attack,0.76,0.7604292776389521,0.3217527165769152,0.21917516426255648,0.7604292776389521,0.3217527165769152,0.21917516426255648,1.0821819942158672,0.9796044419015085,0.5409278808394716,1.3013571584784238,2.3221748735698755,4.069277992948678,-0.362473279414577,2.3221748735698755,4.069277992948678,-0.362473279414577,6.391452866518554,1.9597015941552984,3.7068047135341016,6.028979587103977
94,2350,Blackhole Attack,0.8,0.7846300022622796,0.23417107823455724,0.51838882765528,0.7846300022622796,0.23417107823455724,0.51838882765528,1.0188010804968368,1.3030188299175598,0.7525599058898373,1.5371899081521168,2.46813773839634,2.385389020695403,2.3138473474571595,2.46813773839634,2.385389020695403,2.3138473474571595,4.853526759091743,4.781985085853499,4.699236368152563,7.167374106548902
95,2375,Blackhole Attack,0.8,0.6947180118718461,0.2515023435432732,0.40305889857298055,0.6947180118718461,0.2515023435432732,0.40305889857298055,0.9462203554151194,1.0977769104448267,0.6545612421162538,1.3492792539881,1.9258477076678002,2.718608712412772,1.2822772493580936,1.9258477076678002,2.718608712412772,1.2822772493580936,4.644456420080572,3.208124957025894,4.000885961770866,5.926733669438666
96,2400,Blackhole Attack,0.84,0.8173922083934063,0.20779852380198063,0.49291280501986695,0.8173922083934063,0.20779852380198063,0.49291280501986695,1.025190732195387,1.3103050134132732,0.7007113288218476,1.518103537215254,2.6657378325821517,1.8783369214235026,2.0859767211739033,2.6657378325821517,1.8783369214235026,2.0859767211739033,4.5440747540056545,4.751714553756055,3.964313642597406,6.630051475179558
97,2425,Normal Traffic,0.72,0.6771386723334903,0.27824697585523817,0.6155116700414989,0.6771386723334903,0.27824697585523817,0.6155116700414989,0.9553856481887285,1.2926503423749893,0.893758645896737,1.5708973182302275,1.8198206857206063,3.232814569593063,3.1825639143122113,1.8198206857206063,3.232814569593063,3.1825639143122113,5.052635255313669,5.002384600032817,6.415378483905274,8.235199169625881
98,2450,Blackhole Attack,0.72,1.2480582688338546,0.18509498793344487,0.487527444997419,1.2480582688338546,0.18509498793344487,0.487527444997419,1.4331532567672995,1.7355857138312736,0.6726224329308639,1.9206807017647185,5.2632324507731285,1.4418272328202646,2.037807296195838,5.2632324507731285,1.4418272328202646,2.037807296195838,6.705059683593393,7.301039746968966,3.479634529016103,8.74286697978923
99,2475,Normal Traffic,0.72,0.7906343496134391,0.26994914182963015,0.5665196478800015,0.7906343496134391,0.26994914182963015,0.5665196478800015,1.0605834914430692,1.3571539974934406,0.8364687897096317,1.6271031393230708,2.5043520152177723,3.0732762066009234,2.744354114745414,2.5043520152177723,3.0732762066009234,2.744354114745414,5.577628221818696,5.248706129963186,5.817630321346337,8.32198233656411
100,2500,Normal Traffic,0.64,0.7450229730979403,0.24648863174945307,0.4913757755790347,0.7450229730979403,0.24648863174945307,0.4913757755790347,0.9915116048473933,1.236398748676975,0.7378644073284878,1.482887380426428,2.229254170483678,2.6222125481086977,2.0722287407175117,2.229254170483678,2.6222125481086977,2.0722287407175117,4.851466718592375,4.301482911201189,4.6944412888262095,6.9236954593098865
101,2525,Normal Traffic,0.64,0.970163161986648,0.30026501857811655,0.32309301323558304,0.970163161986648,0.30026501857811655,0.32309301323558304,1.2704281805647646,1.293256175222231,0.6233580318136995,1.5935211938003477,3.5871518148414308,3.6561446195143255,0.5670213150271829,3.5871518148414308,3.6561446195143255,0.5670213150271829,7.243296434355756,4.154173129868614,4.223165934541508,7.810317749382938
102,2550,Blackhole Attack,0.88,0.6598958753001123,0.2070593396940895,0.4777528762450554,0.6598958753001123,0.2070593396940895,0.4777528762450554,0.8669552149942018,1.1376487515451676,0.6848122159391449,1.3447080912392573,1.7158234669684402,1.864124993086684,1.9503785348414766,1.7158234669684402,1.864124993086684,1.9503785348414766,3.579948460055124,3.666202001809917,3.8145035279281605,5.530326994896601
103,2575,Blackhole Attack,0.92,0.767789954770777,0.21175480790430837,0.5554954699499839,0.767789954770777,0.21175480790430837,0.5554954699499839,0.9795447626750854,1.323285424720761,0.7672502778542922,1.5350402326250694,2.3665696401707152,1.9544024449407607,2.645748207335078,2.3665696401707152,1.9544024449407607,2.645748207335078,4.320972085111476,5.012317847505793,4.600150652275839,6.9667202924465546
104,2600,Flooding Attack,0.84,0.7369248722798946,0.24584850612110873,0.4831763143894131,0.7369248722798946,0.24584850612110873,0.4831763143894131,0.9827733784010033,1.2201011866693077,0.7290248205105219,1.4659496927904163,2.1804117488846106,2.609905168310524,1.9988885500918712,2.1804117488846106,2.609905168310524,1.9988885500918712,4.790316917195135,4.179300298976482,4.608793718402396,6.789205467287006
105,2625,Normal Traffic,0.76,0.9824152320228084,0.2103145474441363,0.4767581737804568,0.9824152320228084,0.2103145474441363,0.4767581737804568,1.1927297794669447,1.4591734058032653,0.6870727212245931,1.6694879532474016,3.661048248537827,1.9267112672925888,1.9414814053005998,3.661048248537827,1.9267112672925888,1.9414814053005998,5.587759515830416,5.602529653838427,3.8681926725931888,7.529240921131016
106,2650,Wormhole Attack,0.76,0.7883862906245602,0.24694153541708241,0.3538982177993264,0.7883862906245602,0.24694153541708241,0.3538982177993264,1.0353278260416428,1.1422845084238866,0.6008397532164088,1.3892260438409691,2.490793200949899,2.6309203035908793,0.8425588805719074,2.490793200949899,2.6309203035908793,0.8425588805719074,5.121713504540779,3.3333520815218063,3.4734791841627866,5.964272385112686
107,2675,Normal Traffic,0.68,0.6489772317416721,0.3362825147450964,0.18356343262005873,0.6489772317416721,0.3362825147450964,0.18356343262005873,0.9852597464867685,0.8325406643617308,0.5198459473651551,1.1688231791068273,1.6499693853814477,4.348635257411191,-0.6810028909060936,1.6499693853814477,4.348635257411191,-0.6810028909060936,5.998604642792639,0.9689664944753541,3.667632366505097,5.317601751886546
108,2700,Wormhole Attack,0.8,0.9221785985438443,0.27083548361204035,0.37590816960137596,0.9221785985438443,0.27083548361204035,0.37590816960137596,1.1930140821558846,1.2980867681452204,0.6467436532134163,1.5689222517572605,3.297740466356121,3.0903174629795,1.0394271897806455,3.297740466356121,3.0903174629795,1.0394271897806455,6.388057929335621,4.337167656136766,4.129744652760145,7.427485119116266
109,2725,Sybil Attack,0.8,0.9988529770164352,0.2842243865531418,0.42280248907448653,0.9988529770164352,0.2842243865531418,0.42280248907448653,1.283077363569577,1.4216554660909217,0.7070268756276283,1.7058798526440635,3.7601899225124935,3.3477392975078715,1.4588740595055487,3.7601899225124935,3.3477392975078715,1.4588740595055487,7.107929220020365,5.219063982018042,4.80661335701342,8.566803279525914
110,2750,Wormhole Attack,0.72,0.6451642777956392,0.20696431372778729,0.46810236485130785,0.6451642777956392,0.20696431372778729,0.46810236485130785,0.8521285915234265,1.113266642646947,0.6750666785790951,1.3202309563747343,1.6269721532705603,1.8622979756916849,1.8640594061957778,1.6269721532705603,1.8622979756916849,1.8640594061957778,3.489270128962245,3.491031559466338,3.7263573818874627,5.353329535158023
111,2775,Normal Traffic,0.64,0.9064866925230406,0.2817464414984639,0.1927244422970594,0.9064866925230406,0.2817464414984639,0.1927244422970594,1.1882331340215044,1.0992111348201,0.47447088379552327,1.3809575763185638,3.2030972028574585,3.3000970698629515,-0.599062116933655,3.2030972028574585,3.3000970698629515,-0.599062116933655,6.50319427272041,2.6040350859238037,2.7010349529292963,5.904132155786756
112,2800,Blackhole Attack,0.88,0.5357263666278594,0.18207281241855156,0.5878417081517423,0.5357263666278594,0.18207281241855156,0.5878417081517423,0.717799179046411,1.1235680747796017,0.7699145205702939,1.3056408871981533,0.9669146019658464,1.3837213544870723,2.9350695689316213,0.9669146019658464,1.3837213544870723,2.9350695689316213,2.3506359564529187,3.901984170897468,4.318790923418693,5.2857055253845395
113,2825,Wormhole Attack,0.72,0.48815725590144454,0.2194002208946715,0.5154335255739507,0.48815725590144454,0.2194002208946715,0.5154335255739507,0.707557476796116,1.0035907814753953,0.7348337464686222,1.2229910023700667,0.6800089912064885,2.1013970304093457,2.287413608338376,0.6800089912064885,2.1013970304093457,2.287413608338376,2.781406021615834,2.9674225995448644,4.388810638747722,5.06881962995421
114,2850,Blackhole Attack,0.76,0.8571580500202992,0.22850336943355135,0.6442657715353395,0.8571580500202992,0.22850336943355135,0.6442657715353395,1.0856614194538505,1.5014238215556386,0.8727691409688908,1.72992719098919,2.9055792528882964,2.2764187784324093,3.4397553609278155,2.9055792528882964,2.2764187784324093,3.4397553609278155,5.181998031320706,6.345334613816112,5.716174139360225,8.621753392248522
115,2875,Normal Traffic,0.72,0.8131396157653626,0.23078363774797386,0.3512996468108183,0.8131396157653626,0.23078363774797386,0.3512996468108183,1.0439232535133365,1.164439262576181,0.5820832845587922,1.3952229003241547,2.6400889888970815,2.320260372870562,0.8193159274992511,2.6400889888970815,2.320260372870562,0.8193159274992511,4.960349361767644,3.4594049163963327,3.1395763003698134,5.779665289266895
116,2900,Normal Traffic,0.72,0.8975471311436256,0.30013931517416753,0.255714381647567,0.8975471311436256,0.30013931517416753,0.255714381647567,1.1976864463177932,1.1532615127911927,0.5558536968217345,1.45340082796536,3.149179644208257,3.6537277821533136,-0.035647759254751006,3.149179644208257,3.6537277821533136,-0.035647759254751006,6.802907426361571,3.113531884953506,3.6180800228985626,6.767259667106821
117,2925,Sybil Attack,0.92,0.77288952661913,0.2783851783945242,0.36919164397444587,0.77288952661913,0.2783851783945242,0.36919164397444587,1.0512747050136542,1.1420811705935758,0.6475768223689701,1.4204663489881,2.397326905829467,3.2354717216656406,0.9793511361925701,2.397326905829467,3.2354717216656406,0.9793511361925701,5.632798627495108,3.376678042022037,4.214822857858211,6.612149763687678
118,2950,Normal Traffic,0.68,0.8478354169579022,0.25020347194182474,0.3884875516825628,0.8478354169579022,0.25020347194182474,0.3884875516825628,1.098038888899727,1.236322968640465,0.6386910236243876,1.4865264405822898,2.8493512576239843,2.6936359486297694,1.1519436415878388,2.8493512576239843,2.6936359486297694,1.1519436415878388,5.542987206253754,4.001294899211823,3.845579590217608,6.694930847841593
119,2975,Normal Traffic,0.6,0.7870639338145343,0.280967572990756,0.4177488597730408,0.7870639338145343,0.280967572990756,0.4177488597730408,1.0680315068052904,1.2048127935875752,0.6987164327637968,1.4857803665783311,2.4828176138004086,3.2851221491399807,1.4136718044124363,2.4828176138004086,3.2851221491399807,1.4136718044124363,5.767939762940389,3.8964894182128447,4.698793953552417,7.181611567352825
120,3000,Blackhole Attack,0.84,0.8977851353076143,0.17588692781372503,0.4213676021046074,0.8977851353076143,0.17588692781372503,0.4213676021046074,1.0736720631213392,1.3191527374122216,0.5972545299183324,1.4950396652259466,3.150615128895477,1.2647884015662665,1.4460396937510789,3.150615128895477,1.2647884015662665,1.4460396937510789,4.415403530461743,4.596654822646556,2.7108280953173454,5.861443224212822
121,3025,Sybil Attack,0.76,0.7624230699504514,0.2702084551495786,0.3491434605708755,0.7624230699504514,0.2702084551495786,0.3491434605708755,1.03263152510003,1.111566530521327,0.6193519157204541,1.3817749856709054,2.33420011835841,3.078261895931291,0.8000298907457691,2.33420011835841,3.078261895931291,0.8000298907457691,5.412462014289701,3.134230009104179,3.87829178667706,6.21249190503547
122,3050,Wormhole Attack,0.88,0.6625858841120889,0.22775384591219497,0.4555094980111817,0.6625858841120889,0.22775384591219497,0.4555094980111817,0.8903397300242838,1.1180953821232706,0.6832633439233766,1.3458492280354655,1.7320478320945183,2.262008059291454,1.7514223397813222,1.7320478320945183,2.262008059291454,1.7514223397813222,3.9940558913859725,3.4834701718758403,4.013430399072776,5.7454782311672945
123,3075,Normal Traffic,0.68,1.01580633622471,0.25501517760920633,0.24460315595682297,1.01580633622471,0.25501517760920633,0.24460315595682297,1.2708215138339165,1.260409492181533,0.4996183335660293,1.5154246697907394,3.862441442538743,2.7861482407538345,-0.1350322665288548,3.862441442538743,2.7861482407538345,-0.1350322665288548,6.6485896832925775,3.727409176009888,2.6511159742249797,6.513557416763723
124,3100,Wormhole Attack,0.72,0.8094441893237735,0.2390027271708158,0.5260223576274128,0.8094441893237735,0.2390027271708158,0.5260223576274128,1.0484469164945893,1.3354665469511864,0.7650250847982286,1.574469274122002,2.6178006054471954,2.4782847522157647,2.3821255587146712,2.6178006054471954,2.4782847522157647,2.3821255587146712,5.09608535766296,4.999926164161867,4.860410310930436,7.478210916377631
125,3125,Sybil Attack,0.84,0.562289013299143,0.23071106774229536,0.5507275320255769,0.562289013299143,0.23071106774229536,0.5507275320255769,0.7930000810414384,1.11301654532472,0.7814385997678722,1.3437276130670153,1.127123028195218,2.3188651051570184,2.6031013225971105,1.127123028195218,2.3188651051570184,2.6031013225971105,3.4459881333522366,3.7302243507923283,4.921966427754128,6.049089455949347
126,3150,Normal Traffic,0.72,0.836910752458452,0.2823108963615091,0.3597681148761515,0.836910752458452,0.2823108963615091,0.3597681148761515,1.1192216488199611,1.1966788673346036,0.6420790112376606,1.4789897636961127,2.7834608616781265,3.3109495651713985,0.8950622537340542,2.7834608616781265,3.3109495651713985,0.8950622537340542,6.0944104268495245,3.6785231154121805,4.206011818905453,6.989472680583579
127,3175,Sybil Attack,0.76,0.8362577845840575,0.24491883274698378,0.24264322303620847,0.8362577845840575,0.24491883274698378,0.24264322303620847,1.0811766173310413,1.078901007620266,0.4875620557831922,1.3238198403672499,2.779522588627641,2.592030796785672,-0.15256291283440418,2.779522588627641,2.592030796785672,-0.15256291283440418,5.371553385413312,2.6269596757932367,2.439467883951268,5.218990472578908
128,3200,Wormhole Attack,0.8,0.7566964229700887,0.26239187010144716,0.5216709403649792,0.7566964229700887,0.26239187010144716,0.5216709403649792,1.019088293071536,1.2783673633350678,0.7840628104664263,1.540759233436515,2.2996607476530446,2.92797626971616,2.34320424862633,2.2996607476530446,2.92797626971616,2.34320424862633,5.227637017369204,4.642864996279375,5.27118051834249,7.570841265995535
129,3225,Blackhole Attack,0.72,0.8998448928486508,0.17682764282585006,0.679897576925443,0.8998448928486508,0.17682764282585006,0.679897576925443,1.0766725356745008,1.5797424697740938,0.856725219751293,1.7565701125999438,3.163038232592455,1.282875065220106,3.758464522324128,3.163038232592455,1.282875065220106,3.758464522324128,4.445913297812561,6.921502754916583,5.041339587544234,8.204377820136688
130,3250,Wormhole Attack,0.88,0.7018145707965051,0.21971359125528375,0.4694279304120551,0.7018145707965051,0.21971359125528375,0.4694279304120551,0.9215281620517889,1.1712425012085603,0.6891415216673389,1.390956092463844,1.9686494868366182,2.107422047804011,1.8759159451394636,1.9686494868366182,2.107422047804011,1.8759159451394636,4.076071534640629,3.844565431976082,3.9833379929434747,5.951987479780093
131,3275,Blackhole Attack,0.84,0.869745194648837,0.27382407942953796,0.5616179848714977,0.869745194648837,0.27382407942953796,0.5616179848714977,1.143569274078375,1.4313631795203348,0.8354420643010356,1.7051872589498727,2.981496636295711,3.1477777210296463,2.7005111241985063,2.981496636295711,3.1477777210296463,2.7005111241985063,6.129274357325357,5.682007760494217,5.8482888452281525,8.829785481523864
132,3300,Sybil Attack,0.8,0.6798267171847598,0.2420078523798341,0.27115845042392334,0.6798267171847598,0.2420078523798341,0.27115845042392334,0.921834569564594,0.9509851676086831,0.5131663028037574,1.1929930199885173,1.8360332055265267,2.536062812725725,0.10249192113389995,1.8360332055265267,2.536062812725725,0.10249192113389995,4.372096018252252,1.9385251266604266,2.638554733859625,4.4745879393861525
133,3325,Flooding Attack,0.8,0.6014361404918522,0.2749792505606526,0.42190565537768204,0.6014361404918522,0.2749792505606526,0.42190565537768204,0.8764153910525048,1.0233417958695343,0.6968849059383346,1.2983210464301869,1.3632327696889073,3.1699876267309475,1.4508523184713462,1.3632327696889073,3.1699876267309475,1.4508523184713462,4.533220396419855,2.8140850881602537,4.6208399452022935,5.984072714891202
134,3350,Sybil Attack,0.92,0.7817527825307995,0.2788773232326921,0.2656476270933831,0.7817527825307995,0.2788773232326921,0.2656476270933831,1.0606301057634915,1.0474004096241827,0.5445249503260752,1.3262777328568744,2.4507842400495488,3.2449339477832067,0.0532002879132174,2.4507842400495488,3.2449339477832067,0.0532002879132174,5.695718187832755,2.503984527962766,3.2981342356964243,5.748918475745972
135,3375,Blackhole Attack,0.76,0.7381866097919159,0.21409191790827345,0.46012040456580683,0.7381866097919159,0.21409191790827345,0.46012040456580683,0.9522785277001893,1.1983070143577228,0.6742123224740803,1.412398932265996,2.18802172027101,1.999336906514041,1.7926646553253305,2.18802172027101,1.999336906514041,1.7926646553253305,4.187358626785051,3.98068637559634,3.7920015618393714,5.980023282110381
136,3400,Wormhole Attack,0.76,0.8560388129307384,0.2374536989760132,0.48177511207055634,0.8560388129307384,0.2374536989760132,0.48177511207055634,1.0934925119067516,1.3378139250012948,0.7192288110465695,1.5752676239773078,2.8988287503907446,2.4485023509692696,1.98635547715043,2.8988287503907446,2.4485023509692696,1.98635547715043,5.347331101360014,4.885184227541174,4.4348578281197,7.333686578510444
137,3425,Wormhole Attack,0.8,0.6379502179596692,0.25487530801882935,0.381930423162763,0.6379502179596692,0.25487530801882935,0.381930423162763,0.8928255259784985,1.0198806411224322,0.6368057311815923,1.2747559491412614,1.5834616858330388,2.7834590371119856,1.0932933175631772,1.5834616858330388,2.7834590371119856,1.0932933175631772,4.366920722945024,2.6767550033962157,3.8767523546751628,5.460214040508202
138,3450,Wormhole Attack,0.8,0.7303303751777341,0.22973228964309492,0.5301585303165226,0.7303303751777341,0.22973228964309492,0.5301585303165226,0.960062664820829,1.2604889054942567,0.7598908199596175,1.4902211951373516,2.140638076645337,2.300046621297605,2.4191216108289058,2.140638076645337,2.300046621297605,2.4191216108289058,4.440684697942942,4.5597596874742425,4.719168232126511,6.859806308771848
139,3475,Wormhole Attack,0.8,0.8838034212471612,0.1765825918862587,0.46244456790807076,0.8838034212471612,0.1765825918862587,0.46244456790807076,1.06038601313342,1.346247989155232,0.6390271597943294,1.5228305810414908,3.0662866192656035,1.2781635916438159,1.8134531655243316,3.0662866192656035,1.2781635916438159,1.8134531655243316,4.34445021090942,4.879739784789935,3.0916167571681474,6.157903376433751
140,3500,Wormhole Attack,0.68,0.9180224221302526,0.2089658477896091,0.6531591309464005,0.9180224221302526,0.2089658477896091,0.6531591309464005,1.1269882699198617,1.571181553076653,0.8621249787360097,1.7801474008662623,3.2726731419063704,1.9007804841041935,3.5193021335053993,3.2726731419063704,1.9007804841041935,3.5193021335053993,5.173453626010564,6.79197527541177,5.420082617609593,8.692755759515963
141,3525,Normal Traffic,0.68,0.7270708516650897,0.23036112544269446,0.5261679156485718,0.7270708516650897,0.23036112544269446,0.5261679156485718,0.9574319771077842,1.2532387673136616,0.7565290410912663,1.4835998927563558,2.1209787731624896,2.31213693712573,2.3834275043879316,2.1209787731624896,2.31213693712573,2.3834275043879316,4.43311571028822,4.504406277550421,4.695564441513662,6.816543214676152
142,3550,Blackhole Attack,0.8,0.7763985765238203,0.2730366433063106,0.44466278461106906,0.7763985765238203,0.2730366433063106,0.44466278461106906,1.0494352198301309,1.2210613611348893,0.7176994279173796,1.4940980044412,2.418491188506107,3.1326380749879355,1.6544037662398259,2.418491188506107,3.1326380749879355,1.6544037662398259,5.551129263494042,4.072894954745933,4.7870418412277616,7.205533029733868
143,3575,Sybil Attack,0.84,0.9313407070708818,0.29539356088674706,0.43661150229879736,0.9313407070708818,0.29539356088674706,0.43661150229879736,1.226734267957629,1.3679522093696792,0.7320050631855444,1.6633457702564263,3.3530002831290573,3.5624835046898937,1.5823889635708102,3.3530002831290573,3.5624835046898937,1.5823889635708102,6.9154837878189515,4.9353892466998674,5.144872468260704,8.497872751389762
144,3600,Normal Traffic,0.68,0.8373789717121288,0.2439944939089141,0.36305262892291534,0.8373789717121288,0.2439944939089141,0.36305262892291534,1.081373465621043,1.2004316006350442,0.6070471228318295,1.4444260945439584,2.786284852475811,2.5742589897549943,0.9244406336948197,2.786284852475811,2.5742589897549943,0.9244406336948197,5.360543842230806,3.710725486170631,3.498699623449814,6.284984475925626
145,3625,Normal Traffic,0.68,0.9560064843921299,0.25543067369148115,0.3161036540268075,0.9560064843921299,0.25543067369148115,0.3161036540268075,1.211437158083611,1.2721101384189373,0.5715343277182887,1.5275408121104186,3.501768040170126,2.7941367790387894,0.5045048978055864,3.501768040170126,2.7941367790387894,0.5045048978055864,6.295904819208916,4.006272937975712,3.298641676844376,6.800409717014502
146,3650,Normal Traffic,0.64,0.8828856009744694,0.23871574526967754,0.3707844096187334,0.8828856009744694,0.23871574526967754,0.3707844096187334,1.121601346244147,1.2536700105932028,0.6095001548884109,1.4923857558628804,3.0607509306247453,2.472767092718759,0.9935976498685996,3.0607509306247453,2.472767092718759,0.9935976498685996,5.533518023343504,4.054348580493345,3.4663647425873587,6.527115673212103
147,3675,Sybil Attack,0.84,0.6290061364006342,0.30407173221101025,0.33568801595538444,0.6290061364006342,0.30407173221101025,0.33568801595538444,0.9330778686116444,0.9646941523560186,0.6397597481663947,1.2687658845670289,1.5295168644312902,3.729334425371791,0.6796774858460515,1.5295168644312902,3.729334425371791,0.6796774858460515,5.258851289803081,2.2091943502773415,4.409011911217842,5.938528775649132
148,3700,Flooding Attack,0.84,0.7343528667457193,0.27287465299747554,0.31171173253944334,0.7343528667457193,0.27287465299747554,0.31171173253944334,1.0072275197431948,1.0460645992851627,0.5845863855369189,1.3189392522826382,2.164899101971722,3.129523567200436,0.465221297133894,2.164899101971722,3.129523567200436,0.465221297133894,5.294422669172158,2.630120399105616,3.59474486433433,5.759643966306052
149,3725,Blackhole Attack,0.72,0.9069273390483915,0.20438072310961852,0.547032906618628,0.9069273390483915,0.20438072310961852,0.547032906618628,1.11130806215801,1.4539602456670195,0.7514136297282465,1.658340968776638,3.2057548930802566,1.8126245528933431,2.570054696072561,3.2057548930802566,1.8126245528933431,2.570054696072561,5.0183794459736,5.775809589152818,4.382679248965904,7.588434142046161
150,3750,Sybil Attack,0.96,0.6565513638132886,0.2788887946415292,0.3485342813977422,0.6565513638132886,0.2788887946415292,0.3485342813977422,0.9354401584548178,1.0050856452110308,0.6274230760392714,1.2839744398525599,1.6956515718843055,3.24515450290415,0.794581079458106,1.6956515718843055,3.24515450290415,0.794581079458106,4.940806074788456,2.4902326513424113,4.0397355823622565,5.7353871542465615
151,3775,Normal Traffic,0.64,0.7256326769807063,0.19856836021228264,0.35893073106001744,0.7256326769807063,0.19856836021228264,0.35893073106001744,0.924201037192989,1.0845634080407238,0.5574990912723001,1.2831317682530063,2.1123046487170116,1.7008731176518717,0.8875722629551682,2.1123046487170116,1.7008731176518717,0.8875722629551682,3.8131777663688835,2.99987691167218,2.5884453806070398,4.700750029324052
152,3800,Blackhole Attack,0.76,0.9036225268099249,0.32746358901875317,0.3577008131172833,0.9036225268099249,0.32746358901875317,0.3577008131172833,1.231086115828678,1.2613233399272081,0.6851644021360365,1.5887869289459613,3.1858224377695934,4.179078121249146,0.8765712454141389,3.1858224377695934,4.179078121249146,0.8765712454141389,7.364900559018739,4.062393683183732,5.055649366663285,8.241471804432878
153,3825,Wormhole Attack,0.88,0.6907680151846198,0.23256048103346713,0.3762976800393086,0.6907680151846198,0.23256048103346713,0.3762976800393086,0.923328496218087,1.0670656952239284,0.6088581610727757,1.2996261762573955,1.902023923814368,2.354422862525855,1.0429111711189332,1.902023923814368,2.354422862525855,1.0429111711189332,4.2564467863402236,2.9449350949333013,3.397334033644788,5.299357957459157
154,3850,Wormhole Attack,0.72,0.735940650281172,0.237727497663412,0.5708877405756521,0.735940650281172,0.237727497663412,0.5708877405756521,0.9736681479445839,1.3068283908568241,0.8086152382390641,1.544555888520236,2.174475568675349,2.4537665433165974,2.7834245784699045,2.174475568675349,2.4537665433165974,2.7834245784699045,4.628242111991947,4.957900147145254,5.237191121786502,7.411666690461852
155,3875,Normal Traffic,0.68,0.7201149717566953,0.2839692187331594,0.2549607061800659,0.7201149717566953,0.2839692187331594,0.2549607061800659,1.0040841904898548,0.9750756779367611,0.5389299249132253,1.2590448966699206,2.079025477357478,3.3428333116611273,-0.04238901958614486,2.079025477357478,3.3428333116611273,-0.04238901958614486,5.421858789018605,2.0366364577713334,3.3004442920749826,5.37946976943246
156,3900,Blackhole Attack,0.76,0.7370714255518168,0.26525843939448657,0.4873030851988417,0.7370714255518168,0.26525843939448657,0.4873030851988417,1.0023298649463035,1.2243745107506585,0.7525615245933283,1.489632950145145,2.181295661897647,2.983090383954126,2.0358005069671483,2.181295661897647,2.983090383954126,2.0358005069671483,5.1643860458517725,4.217096168864796,5.018890890921274,7.200186552818921
157,3925,Blackhole Attack,0.84,0.7391520896996545,0.2845925521527716,0.4628355074890734,0.7391520896996545,0.2845925521527716,0.4628355074890734,1.023744641852426,1.201987597188728,0.747428059641845,1.4865801493414994,2.193844860505831,3.3548178359425638,1.816949929851984,2.193844860505831,3.3548178359425638,1.816949929851984,5.548662696448394,4.010794790357815,5.171767765794548,7.365612626300378
158,3950,Normal Traffic,0.64,0.7628064246153697,0.25657524206021176,0.5588139489426462,0.7628064246153697,0.25657524206021176,0.5588139489426462,1.0193816666755815,1.3216203735580159,0.815389191002858,1.5781956156182277,2.3365122617345686,2.8161428306561556,2.6754303872101524,2.3365122617345686,2.8161428306561556,2.6754303872101524,5.152655092390724,5.011942648944721,5.491573217866308,7.828085479600876
159,3975,Flooding Attack,0.8,0.8019975835545412,0.27254829473866476,0.3561190370552657,0.8019975835545412,0.27254829473866476,0.3561190370552657,1.074545878293206,1.1581166206098068,0.6286673317939304,1.4306649153484718,2.572887573782734,3.1232488378916843,0.8624230282041737,2.572887573782734,3.1232488378916843,0.8624230282041737,5.696136411674418,3.4353106019869077,3.985671866095858,6.558559439878592
160,4000,Normal Traffic,0.68,0.9773560976829323,0.30367067962438815,0.3455349207278761,0.9773560976829323,0.30367067962438815,0.3455349207278761,1.2810267773073205,1.3228910184108085,0.6492056003522643,1.6265616980351967,3.6305348753523616,3.721623585055391,0.7677532577030064,3.6305348753523616,3.721623585055391,0.7677532577030064,7.352158460407752,4.3982881330553685,4.489376842758397,8.119911718110759
161,4025,Wormhole Attack,0.76,0.6739108898121724,0.18474701060231408,0.5891230381235973,0.6739108898121724,0.18474701060231408,0.5891230381235973,0.8586579004144865,1.2630339279357696,0.7738700487259114,1.447780938538084,1.8003528230354444,1.4351368442687882,2.946530442056936,1.8003528230354444,1.4351368442687882,2.946530442056936,3.2354896673042326,4.7468832650923805,4.381667286325724,6.182020109361169
162,4050,Sybil Attack,0.8,0.8004985718448093,0.3066695058372104,0.2580056760377589,0.8004985718448093,0.3066695058372104,0.2580056760377589,1.1071680776820196,1.0585042478825684,0.5646751818749693,1.3651737537197786,2.563846520385929,3.779280537871644,-0.015153245838572247,2.563846520385929,3.779280537871644,-0.015153245838572247,6.343127058257573,2.5486932745473565,3.7641272920330717,6.327973812419001
163,4075,Blackhole Attack,0.84,0.8744543037147005,0.27667713806489724,0.3481523156437445,0.8744543037147005,0.27667713806489724,0.3481523156437445,1.1511314417795977,1.2226066193584448,0.6248294537086417,1.4992837574233422,3.0098988870849768,3.202632072514756,0.7911645816465042,3.0098988870849768,3.202632072514756,0.7911645816465042,6.212530959599732,3.801063468731481,3.99379665416126,7.003695541246237
164,4100,Wormhole Attack,0.84,0.7064838866999157,0.2258340264496951,0.6287199229729303,0.7064838866999157,0.2258340264496951,0.6287199229729303,0.9323179131496108,1.335203809672846,0.8545539494226254,1.5610378361225412,1.9968117314243123,2.225096637185101,3.3007053098772,1.9968117314243123,2.225096637185101,3.3007053098772,4.221908368609413,5.2975170413015125,5.525801947062301,7.522613678486613
165,4125,Sybil Attack,0.72,0.7915783822688632,0.3266515117637488,0.3448258864924068,0.7915783822688632,0.3266515117637488,0.3448258864924068,1.118229894032612,1.13640426876127,0.6714773982561556,1.4630557805250188,2.510045799722994,4.163464712317765,0.7614112914704881,2.510045799722994,4.163464712317765,0.7614112914704881,6.6735105120407585,3.271457091193482,4.9248760037882535,7.434921803511247
166,4150,Blackhole Attack,0.84,0.9135864475609683,0.2733155603579519,0.40265370566812025,0.9135864475609683,0.2733155603579519,0.40265370566812025,1.18690200791892,1.3162401532290886,0.6759692660260721,1.5895557135870404,3.245918258880845,3.138000675600592,1.278652995983954,3.245918258880845,3.138000675600592,1.278652995983954,6.383918934481437,4.524571254864799,4.416653671584546,7.662571930465391
167,4175,Blackhole Attack,0.88,0.794360089969143,0.25305810291733666,0.49343305218240313,0.794360089969143,0.25305810291733666,0.49343305218240313,1.0474181928864796,1.287793142151546,0.7464911550997397,1.5408512450688827,2.5268232322735584,2.7485205307236433,2.090630078899548,2.5268232322735584,2.7485205307236433,2.090630078899548,5.275343762997202,4.617453311173106,4.839150609623191,7.36597384189675
168,4200,Wormhole Attack,0.84,0.5848905869983633,0.2098793535304146,0.46746714935917133,0.5848905869983633,0.2098793535304146,0.46746714935917133,0.7947699405287778,1.0523577363575347,0.677346502889586,1.2622370898879491,1.2634408657009883,1.9183440085157761,1.8583777127034518,1.2634408657009883,1.9183440085157761,1.8583777127034518,3.1817848742167643,3.12181857840444,3.7767217212192277,5.040162586920216
169,4225,Blackhole Attack,0.88,0.5991593266867029,0.19242851228993035,0.7010287400247304,0.5991593266867029,0.19242851228993035,0.7010287400247304,0.7915878389766333,1.3001880667114332,0.8934572523146607,1.4926165790013637,1.3495005252686016,1.582825289323443,3.9474724941899915,1.3495005252686016,1.582825289323443,3.9474724941899915,2.9323258145920446,5.296973019458593,5.530297783513435,6.879798308782036
170,4250,Wormhole Attack,0.72,0.7013092619915161,0.22350189095628253,0.5225683854359111,0.7013092619915161,0.22350189095628253,0.5225683854359111,0.9248111529477987,1.223877647427427,0.7460702763921936,1.4473795383837098,1.9656017962427945,2.180257818073189,2.3512314581046185,1.9656017962427945,2.180257818073189,2.3512314581046185,4.145859614315984,4.316833254347413,4.531489276177807,6.497091072420602
171,4275,Sybil Attack,0.8,0.7513035672850336,0.24426433037103057,0.38972764757086575,0.7513035672850336,0.24426433037103057,0.38972764757086575,0.9955678976560641,1.1410312148558992,0.6339919779418963,1.38529554522693,2.26713458665423,2.579447002350667,1.1630356958995693,2.26713458665423,2.579447002350667,1.1630356958995693,4.846581589004897,3.4301702825537994,3.742482698250236,6.009617284904467
172,4300,Normal Traffic,0.68,0.8752917544842491,0.2560190065707254,0.3423575532572047,0.8752917544842491,0.2560190065707254,0.3423575532572047,1.1313107610549746,1.2176493077414539,0.59837655982793,1.4736683143121794,3.014949839706314,2.8054483651899966,0.7393332517297229,3.014949839706314,2.8054483651899966,0.7393332517297229,5.8203982048963105,3.7542830914360366,3.5447816169197193,6.559731456626033
173,4325,Wormhole Attack,0.76,0.7271965554387905,0.2029086001176823,0.4802485751464982,0.7271965554387905,0.2029086001176823,0.4802485751464982,0.9301051555564728,1.2074451305852887,0.6831571752641805,1.410353730702971,2.1217369357057376,1.7843207700589565,1.9727013471511063,2.1217369357057376,1.7843207700589565,1.9727013471511063,3.9060577057646944,4.094438282856844,3.757022117210063,5.8787590529158
174,4350,Flooding Attack,0.72,0.5201159447571994,0.2059184041000835,0.47256089250574274,0.5201159447571994,0.2059184041000835,0.47256089250574274,0.7260343488572829,0.9926768372629421,0.6784792966058262,1.1985952413630256,0.8727627973048028,1.8421887870375586,1.9039387666225127,0.8727627973048028,1.8421887870375586,1.9039387666225127,2.7149515843423613,2.7767015639273156,3.746127553660071,4.6188903509648735
175,4375,Sybil Attack,0.8,0.6940762319725994,0.2579215219306939,0.5240385046700364,0.6940762319725994,0.2579215219306939,0.5240385046700364,0.9519977539032933,1.2181147366426357,0.7819600266007303,1.4760362585733298,1.9219769131300286,2.8420270898499576,2.364380959319362,1.9219769131300286,2.8420270898499576,2.364380959319362,4.764004002979986,4.286357872449391,5.206408049169319,7.128384962299348
176,4400,Wormhole Attack,0.8,0.8622128820872774,0.20597632609073216,0.520040895722571,0.8622128820872774,0.20597632609073216,0.520040895722571,1.0681892081780096,1.3822537778098485,0.7260172218133031,1.5882301039005804,2.936066677591341,1.843302424589336,2.3286242924514244,2.936066677591341,1.843302424589336,2.3286242924514244,4.779369102180677,5.264690970042766,4.17192671704076,7.107993394632102
177,4425,Wormhole Attack,0.84,0.7035290970243591,0.2813292705669274,0.5107960817870532,0.7035290970243591,0.2813292705669274,0.5107960817870532,0.9848583675912865,1.2143251788114122,0.7921253523539806,1.4956544493783397,1.9789903821582586,3.2920763300771423,2.245933930164248,1.9789903821582586,3.2920763300771423,2.245933930164248,5.271066712235401,4.224924312322506,5.53801026024139,7.5170006423996485
178,4450,Normal Traffic,0.68,0.8169982322690575,0.20234522245212344,0.6365352094719332,0.8169982322690575,0.20234522245212344,0.6365352094719332,1.019343454721181,1.4535334417409906,0.8388804319240566,1.6558786641931142,2.6633616275437397,1.7734889854953928,3.3706092448279934,2.6633616275437397,1.7734889854953928,3.3706092448279934,4.436850613039132,6.033970872371733,5.144098230323387,7.8074598578671255
179,4475,Normal Traffic,0.72,0.9548292036419812,0.2782206345056815,0.399642346057755,0.9548292036419812,0.2782206345056815,0.399642346057755,1.2330498381476627,1.3544715496997362,0.6778629805634365,1.6326921842054176,3.4946674564615248,3.2323081174545525,1.2517178495445656,3.4946674564615248,3.2323081174545525,1.2517178495445656,6.726975573916077,4.74638530600609,4.484025966999118,7.978693423460642
180,4500,Wormhole Attack,0.76,0.6837174066595008,0.23822077525547644,0.4412864089088053,0.6837174066595008,0.23822077525547644,0.4412864089088053,0.9219381819149772,1.1250038155683062,0.6795071841642818,1.3632245908237826,1.859499287254342,2.4632505483347504,1.6242037284689013,1.859499287254342,2.4632505483347504,1.6242037284689013,4.322749835589093,3.4837030157232434,4.087454276803651,5.946953564057994
181,4525,Sybil Attack,0.88,0.8548965684695652,0.28448115411118235,0.44382101656329104,0.8548965684695652,0.28448115411118235,0.44382101656329104,1.1393777225807475,1.2987175850328563,0.7283021706744734,1.5831987391440385,2.8919394825493887,3.3526760407293987,1.6468745606421757,2.8919394825493887,3.3526760407293987,1.6468745606421757,6.244615523278787,4.5388140431915645,4.999550601371574,7.891490083920963
182,4550,Sybil Attack,0.84,0.8936843440006201,0.2319554363486735,0.5084155848673027,0.8936843440006201,0.2319554363486735,0.5084155848673027,1.1256397803492937,1.4020999288679228,0.7403710212159762,1.6340553652165963,3.1258818510064605,2.3427899667302565,2.2246415435255704,3.1258818510064605,2.3427899667302565,2.2246415435255704,5.468671817736717,5.350523394532031,4.567431510255827,7.6933133612622875
183,4575,Wormhole Attack,0.8,0.8196355423911519,0.2561834859457997,0.5034516485456768,0.8196355423911519,0.2561834859457997,0.5034516485456768,1.0758190283369515,1.3230871909368287,0.7596351344914765,1.5792706768826283,2.6792681488090433,2.8086107290266726,2.1802415484938993,2.6792681488090433,2.8086107290266726,2.1802415484938993,5.4878788778357155,4.859509697302943,4.9888522775205715,7.668120426329615
184,4600,Flooding Attack,0.96,0.7000806520114997,0.19634496015341046,0.32957060041261077,0.7000806520114997,0.19634496015341046,0.32957060041261077,0.8964256121649101,1.0296512524241104,0.5259155605660213,1.2259962125775208,1.958191628356139,1.6581249011203774,0.624960180444185,1.958191628356139,1.6581249011203774,0.624960180444185,3.6163165294765163,2.583151808800324,2.2830850815645625,4.241276709920701
185,4625,Normal Traffic,0.64,0.9392934263816423,0.2145315965221328,0.5885561115852336,0.9392934263816423,0.2145315965221328,0.5885561115852336,1.153825022903775,1.5278495379668757,0.8030877081073664,1.7423811344890086,3.400965859029228,2.00779039040891,2.9414595600278877,3.400965859029228,2.00779039040891,2.9414595600278877,5.408756249438138,6.342425419057116,4.949249950436798,8.350215809466025
186,4650,Blackhole Attack,0.84,0.6403353581582816,0.1765675887246513,0.5662679602156391,0.6403353581582816,0.1765675887246513,0.5662679602156391,0.8169029468829329,1.2066033183739207,0.7428355489402904,1.383170907098572,1.5978472838604072,1.2778751332539324,2.7421028910545417,1.5978472838604072,1.2778751332539324,2.7421028910545417,2.8757224171143396,4.339950174914949,4.019978024308474,5.617825308168881
187,4675,Blackhole Attack,0.8,0.8705212760601997,0.2207080773912759,0.4951494469862811,0.8705212760601997,0.2207080773912759,0.4951494469862811,1.0912293534514756,1.3656707230464809,0.715857524377557,1.5863788004377568,2.9861774492839253,2.1265425423408897,2.1059823952523105,2.9861774492839253,2.1265425423408897,2.1059823952523105,5.1127199916248145,5.092159844536235,4.2325249375932,7.2187023868771245
188,4700,Blackhole Attack,0.76,0.8114073892550272,0.19950402973989215,0.43193594375513433,0.8114073892550272,0.19950402973989215,0.43193594375513433,1.0109114189949193,1.2433433330101615,0.6314399734950265,1.4428473627500535,2.6296413371051517,1.7188627742629548,1.5405683674433939,2.6296413371051517,1.7188627742629548,1.5405683674433939,4.348504111368106,4.170209704548546,3.2594311417063486,5.889072478811499
189,4725,Blackhole Attack,0.88,0.9147291967981739,0.21662467216161427,0.5112316483717373,0.9147291967981739,0.21662467216161427,0.5112316483717373,1.1313538689597882,1.4259608451699113,0.7278563205333516,1.6425855173315256,3.2528105711994604,2.0480329235942047,2.249829861325106,3.2528105711994604,2.0480329235942047,2.249829861325106,5.300843494793665,5.502640432524567,4.29786278491931,7.5506733561187716
190,4750,Wormhole Attack,0.88,0.8605296547916391,0.25695575305913915,0.5776482276794092,0.8605296547916391,0.25695575305913915,0.5776482276794092,1.1174854078507783,1.4381778824710483,0.8346039807385484,1.6951336355301874,2.925914556857376,2.823458727995393,2.8438938460773056,2.925914556857376,2.823458727995393,2.8438938460773056,5.749373284852769,5.7698084029346814,5.667352574072698,8.593267130930075
191,4775,Blackhole Attack,0.76,0.7182870329332822,0.2529545662750885,0.39744919522392624,0.7182870329332822,0.2529545662750885,0.39744919522392624,0.9712415992083707,1.1157362281572085,0.6504037614990148,1.368690794432297,2.0680005518006745,2.746529882759006,1.232101182485104,2.0680005518006745,2.746529882759006,1.232101182485104,4.81453043455968,3.3001017342857786,3.97863106524411,6.046631617044785
192,4800,Blackhole Attack,0.76,0.7979644567726181,0.30077782404569403,0.42817413119428943,0.7979644567726181,0.30077782404569403,0.42817413119428943,1.098742280818312,1.2261385879669076,0.7289519552399835,1.5269164120126015,2.548562403835947,3.6660040773654043,1.5069207845193475,2.548562403835947,3.6660040773654043,1.5069207845193475,6.214566481201351,4.055483188355295,5.172924861884752,7.7214872657206985
193,4825,Blackhole Attack,0.8,0.557354681644691,0.22364036891408515,0.5120298917979763,0.557354681644691,0.22364036891408515,0.5120298917979763,0.7809950505587762,1.0693845734426675,0.7356702607120614,1.2930249423567526,1.0973623827807628,2.182920265481771,2.2569697603614154,1.0973623827807628,2.182920265481771,2.2569697603614154,3.280282648262534,3.3543321431421784,4.439890025843186,5.537252408623949
194,4850,Normal Traffic,0.72,0.7122778667560566,0.30652622526573636,0.4423436920670043,0.7122778667560566,0.30652622526573636,0.4423436920670043,1.0188040920217931,1.1546215588230608,0.7488699173327407,1.4611477840887974,2.03175721098762,3.7765257529782605,1.633660611863354,2.03175721098762,3.7765257529782605,1.633660611863354,5.808282963965881,3.665417822850974,5.410186364841614,7.441943575829235
195,4875,Normal Traffic,0.68,0.8640446595676001,0.2615154819272187,0.38723202555566594,0.8640446595676001,0.2615154819272187,0.38723202555566594,1.1255601414948189,1.251276685123266,0.6487475074828846,1.5127921670504847,2.9471147554036383,2.9111263864537826,1.1407135712999716,2.9471147554036383,2.9111263864537826,1.1407135712999716,5.858241141857421,4.08782832670361,4.051839957753755,6.998954713157393
196,4900,Sybil Attack,0.8,0.861340726978084,0.30270999709732027,0.43604756672038214,0.861340726978084,0.30270999709732027,0.43604756672038214,1.164050724075404,1.2973882936984662,0.7387575638177024,1.6000982907957861,2.930806411202945,3.7031530158381027,1.577344834223152,2.930806411202945,3.7031530158381027,1.577344834223152,6.633959427041048,4.508151245426097,5.280497850061255,8.2113042612642
197,4925,Blackhole Attack,0.84,0.9651543632046758,0.1778996173246032,0.5060886025682653,0.9651543632046758,0.1778996173246032,0.5060886025682653,1.143053980529279,1.4712429657729411,0.6839882198928684,1.6491425830975444,3.5569420326578327,1.3034853902968193,2.2038278191298866,3.5569420326578327,1.3034853902968193,2.2038278191298866,4.860427422954652,5.760769851787719,3.507313209426706,7.064255242084538
198,4950,Flooding Attack,0.76,0.7976583100031347,0.3219270201398218,0.27400656037972815,0.7976583100031347,0.3219270201398218,0.27400656037972815,1.1195853301429564,1.0716648703828628,0.5959335805195499,1.3935918905226845,2.5467159277396036,4.072629241600314,0.12796687884769442,2.5467159277396036,4.072629241600314,0.12796687884769442,6.619345169339917,2.674682806587298,4.200596120448008,6.747312048187611
199,4975,Blackhole Attack,0.88,0.921156418329131,0.30038707056529595,0.5143977756196925,0.921156418329131,0.30038707056529595,0.5143977756196925,1.221543488894427,1.4355541939488234,0.8147848461849885,1.7359412645141195,3.2915753471363156,3.6584912528856908,2.27814932897549,3.2915753471363156,3.6584912528856908,2.27814932897549,6.950066600022007,5.5697246761118056,5.93664058186118,9.228215928997496
200,5000,Sybil Attack,0.84,0.6500556743895026,0.3159388449534357,0.41286223878936784,0.6500556743895026,0.3159388449534357,0.41286223878936784,0.9659945193429383,1.0629179131788704,0.7288010837428036,1.3788567581323061,1.6564738426189243,3.9574975501736254,1.3699633574584518,1.6564738426189243,3.9574975501736254,1.3699633574584518,5.61397139279255,3.026437200077376,5.327460907632077,6.983934750251001
201,5025,Normal Traffic,0.64,0.8735690738542286,0.3600353260026375,0.2396319016997487,0.8735690738542286,0.3600353260026375,0.2396319016997487,1.233604399856866,1.1132009755539773,0.5996672277023862,1.4732363015566148,3.004559762390344,4.805318846501379,-0.17949771693233166,3.004559762390344,4.805318846501379,-0.17949771693233166,7.809878608891723,2.8250620454580124,4.625821129569047,7.630380891959391
202,5050,Blackhole Attack,0.8,0.8854233444302892,0.3119152350336969,0.35655588236200497,0.8854233444302892,0.3119152350336969,0.35655588236200497,1.1973385794639861,1.2419792267922942,0.6684711173957019,1.5538944618259911,3.0760569311999935,3.880137586364633,0.8663303969116111,3.0760569311999935,3.880137586364633,0.8663303969116111,6.956194517564626,3.9423873281116046,4.7464679832762435,7.8225249144762365
203,5075,Wormhole Attack,0.72,0.7745107177902711,0.22507091929695636,0.4574484650772519,0.7745107177902711,0.22507091929695636,0.4574484650772519,0.9995816370872275,1.2319591828675232,0.6825193843742082,1.4570301021644794,2.4071048654341576,2.2104247522619014,1.768765456719594,2.4071048654341576,2.2104247522619014,1.768765456719594,4.617529617696059,4.175870322153751,3.9791902089814952,6.386295074415653
204,5100,Blackhole Attack,0.84,0.860297088954904,0.27253272368464193,0.33730577448875587,0.860297088954904,0.27253272368464193,0.33730577448875587,1.132829812639546,1.19760286344366,0.6098384981733977,1.470135587128302,2.924511872585769,3.1229494609143673,0.6941475487538306,2.924511872585769,3.1229494609143673,0.6941475487538306,6.047461333500136,3.6186594213395993,3.8170970096681978,6.741608882253967
205,5125,Blackhole Attack,0.8,0.7674812908406006,0.25713864069192394,0.512149817659063,0.7674812908406006,0.25713864069192394,0.512149817659063,1.0246199315325244,1.2796311084996637,0.7692884583509869,1.5367697491915875,2.364707982215493,2.82697501832561,2.2580424388349924,2.364707982215493,2.82697501832561,2.2580424388349924,5.1916830005411025,4.622750421050485,5.085017457160602,7.449725439376095
206,5150,Normal Traffic,0.68,0.9080370898325082,0.2648060441610737,0.4234833393251661,0.9080370898325082,0.2648060441610737,0.4234833393251661,1.1728431339935819,1.3315204291576743,0.6882893834862398,1.5963264733187479,3.212448180418312,2.9743924038859055,1.4649639337079605,3.212448180418312,2.9743924038859055,1.4649639337079605,6.186840584304218,4.677412114126272,4.439356337593866,7.651804518012178
207,5175,Wormhole Attack,0.84,0.7304020921526795,0.26788186163789324,0.3679146770136006,0.7304020921526795,0.26788186163789324,0.3679146770136006,0.9982839537905728,1.09831676916628,0.6357965386514939,1.3661986308041734,2.141070626301706,3.0335296297691925,0.9679292880777722,2.141070626301706,3.0335296297691925,0.9679292880777722,5.174600256070899,3.108999914379478,4.001458917846965,6.142529544148671
208,5200,Normal Traffic,0.72,0.7685181036683486,0.2943746596561531,0.41250146429775975,0.7685181036683486,0.2943746596561531,0.41250146429775975,1.0628927633245018,1.1810195679661084,0.7068761239539129,1.4753942276222616,2.3709613557397327,3.5428935931686487,1.3667364051776243,2.3709613557397327,3.5428935931686487,1.3667364051776243,5.913854948908382,3.737697760917357,4.909629998346273,7.280591354086006
209,5225,Sybil Attack,0.92,0.7524899354868603,0.26833909195270567,0.3417233392388248,0.7524899354868603,0.26833909195270567,0.3417233392388248,1.020829027439566,1.0942132747256852,0.6100624311915305,1.3625523666783907,2.27428997989856,3.042320571563212,0.7336605159328504,2.27428997989856,3.042320571563212,0.7336605159328504,5.316610551461772,3.0079504958314107,3.7759810874960626,6.050271067394623
210,5250,Wormhole Attack,0.64,0.6232335413957174,0.21747624416325942,0.5566873815678814,0.6232335413957174,0.21747624416325942,0.5566873815678814,0.8407097855589768,1.179920922963599,0.7741636257311408,1.3973971671268584,1.494700365441487,2.0644056785436447,2.6564092767936622,1.494700365441487,2.0644056785436447,2.6564092767936622,3.559106043985132,4.151109642235149,4.720814955337307,6.215515320778794
211,5275,Flooding Attack,0.84,0.9798945308944369,0.29050975620690767,0.37491078627225405,0.9798945308944369,0.29050975620690767,0.37491078627225405,1.2704042871013446,1.354805317166691,0.6654205424791617,1.6453150733735986,3.6458450360805537,3.4685850004066827,1.0305060812110698,3.6458450360805537,3.4685850004066827,1.0305060812110698,7.114430036487237,4.676351117291624,4.4990910816177525,8.144936117698307
212,5300,Sybil Attack,0.84,0.7003591162791024,0.20751844548736811,0.3680895608769911,0.7003591162791024,0.20751844548736811,0.3680895608769911,0.9078775617664705,1.0684486771560935,0.5756080063643592,1.2759671226434617,1.9598711417956627,1.8729519937803392,0.9694935391403471,1.9598711417956627,1.8729519937803392,0.9694935391403471,3.832823135576002,2.92936468093601,2.8424455329206864,4.802316674716349
213,5325,Flooding Attack,0.92,0.8315442695191972,0.30615117886260634,0.3703014141608732,0.8315442695191972,0.30615117886260634,0.3703014141608732,1.1376954483818036,1.2018456836800704,0.6764525930234795,1.5079968625426767,2.751093763748301,3.769314920727724,0.9892774905152484,2.751093763748301,3.769314920727724,0.9892774905152484,6.520408684476025,3.7403712542635494,4.758592411242972,7.509686174991273
214,5350,Blackhole Attack,0.72,1.0254883503744148,0.2937897590175839,0.48756953754187227,1.0254883503744148,0.2937897590175839,0.48756953754187227,1.3192781093919987,1.513057887916287,0.7813592965594562,1.806847646933871,3.920836988315874,3.5316479970163988,2.0381837935244707,3.920836988315874,3.5316479970163988,2.0381837935244707,7.452484985332273,5.959020781840344,5.569831790540869,9.490668778856744
215,5375,Flooding Attack,0.76,0.6349306894902943,0.29490782081417627,0.3547034813064546,0.6349306894902943,0.29490782081417627,0.3547034813064546,0.9298385103044706,0.9896341707967489,0.6496113021206309,1.2845419916109253,1.5652498747127142,3.5531444198421522,0.8497615708159211,1.5652498747127142,3.5531444198421522,0.8497615708159211,5.118394294554866,2.415011445528635,4.402905990658073,5.968155865370787
216,5400,Wormhole Attack,0.76,0.7896634214285093,0.16570869223717158,0.4425003513629569,0.7896634214285093,0.16570869223717158,0.4425003513629569,0.9553721136656809,1.2321637727914663,0.6082090436001285,1.3978724650286378,2.4984960145558537,1.069096485215517,1.6350618530379553,2.4984960145558537,1.069096485215517,1.6350618530379553,3.5675924997713704,4.133557867593809,2.704158338253472,5.202654352809326
217,5425,Blackhole Attack,0.84,0.5752450393166679,0.1985659550978156,0.4895664780402156,0.5752450393166679,0.1985659550978156,0.4895664780402156,0.7738109944144835,1.0648115173568835,0.6881324331380312,1.2633774724546991,1.2052652616910398,1.7008268757020213,2.056045454605559,1.2052652616910398,1.7008268757020213,2.056045454605559,2.906092137393061,3.261310716296599,3.7568723303075804,4.96213759199862
218,5450,Flooding Attack,0.76,0.8191546482162795,0.2627891970132048,0.4979596873256091,0.8191546482162795,0.2627891970132048,0.4979596873256091,1.0819438452294843,1.3171143355418886,0.7607488843388139,1.5799035325550934,2.6763677112173907,2.9356154783191415,2.131118627673418,2.6763677112173907,2.9356154783191415,2.131118627673418,5.611983189536533,4.807486338890809,5.066734105992559,7.743101817209951
219,5475,Wormhole Attack,0.8,1.0159018425567181,0.23965648713975377,0.5420087120842667,1.0159018425567181,0.23965648713975377,0.5420087120842667,1.2555583296964719,1.5579105546409848,0.7816651992240204,1.7975670417807386,3.8630174739611878,2.4908542727571823,2.5251157206485715,3.8630174739611878,2.4908542727571823,2.5251157206485715,6.3538717467183705,6.388133194609759,5.015969993405754,8.878987467366942
220,5500,Blackhole Attack,0.72,0.684902601895612,0.25836695664896897,0.3837644438096869,0.684902601895612,0.25836695664896897,0.3837644438096869,0.9432695585445809,1.068667045705299,0.6421314004586558,1.3270340023542677,1.8666476059404167,2.8505912435259844,1.1096977398472916,1.8666476059404167,2.8505912435259844,1.1096977398472916,4.717238849466401,2.976345345787708,3.960288983373276,5.826936589313693
221,5525,Flooding Attack,0.8,0.7382195583697362,0.31689913273924447,0.20661549428354492,0.7382195583697362,0.31689913273924447,0.20661549428354492,1.0551186911089807,0.9448350526532812,0.5235146270227894,1.2617341853925257,2.188220444436731,3.975960529895379,-0.474813416059379,2.188220444436731,3.975960529895379,-0.474813416059379,6.16418097433211,1.7134070283773517,3.5011471138359997,5.689367558272731
222,5550,Normal Traffic,0.68,0.8646788101728708,0.17150393976629533,0.5346997359457452,0.8646788101728708,0.17150393976629533,0.5346997359457452,1.0361827499391663,1.3993785461186161,0.7062036757120405,1.5708824858849115,2.9509395350545553,1.180518851712284,2.4597404855104483,2.9509395350545553,1.180518851712284,2.4597404855104483,4.131458386766839,5.410680020565003,3.6402593372227323,6.591198872277287
223,5575,Blackhole Attack,1.0,0.9064541404149074,0.25391059569820496,0.4796289893017007,0.9064541404149074,0.25391059569820496,0.4796289893017007,1.1603647361131122,1.386083129716608,0.7335395849999057,1.639993725414813,3.2029008699363075,2.7649109890411534,1.9671594532491128,3.2029008699363075,2.7649109890411534,1.9671594532491128,5.967811858977461,5.17006032318542,4.732070442290266,7.9349713122265735
224,5600,Wormhole Attack,0.88,0.6876161609459336,0.25527367377379373,0.5857735889772481,0.6876161609459336,0.25527367377379373,0.5857735889772481,0.9428898347197273,1.2733897499231817,0.8410472627510418,1.5286634236969754,1.883014010625627,2.7911182190410297,2.9165712492266715,1.883014010625627,2.7911182190410297,2.9165712492266715,4.6741322296666565,4.799585259852298,5.707689468267701,7.590703478893328
225,5625,Blackhole Attack,0.76,0.871207106107054,0.20148216760797513,0.37436100722514054,0.871207106107054,0.20148216760797513,0.37436100722514054,1.072689273715029,1.2455681133321945,0.5758431748331156,1.4470502809401697,2.9903139253597875,1.7568954555955503,1.025588575147583,2.9903139253597875,1.7568954555955503,1.025588575147583,4.747209380955338,4.01590250050737,2.7824840307431336,5.772797956102921
226,5650,Normal Traffic,0.64,0.8769975915272173,0.2810230962252012,0.36771484194638987,0.8769975915272173,0.2810230962252012,0.36771484194638987,1.1580206877524186,1.2447124334736073,0.6487379381715911,1.5257355296988084,3.025238327575753,3.286189666989107,0.9661418606378482,3.025238327575753,3.286189666989107,0.9661418606378482,6.31142799456486,3.9913801882136015,4.252331527626955,7.277569855202708
227,5675,Sybil Attack,0.84,0.5916720393948318,0.2525474794081235,0.4670768954178379,0.5916720393948318,0.2525474794081235,0.4670768954178379,0.8442195188029553,1.0587489348126697,0.7196243748259614,1.3112964142207932,1.3043421293978081,2.7387030243100705,1.8548870810890201,1.3043421293978081,2.7387030243100705,1.8548870810890201,4.043045153707879,3.1592292104868283,4.593590105399091,5.897932234796899
228,5700,Blackhole Attack,0.84,0.7740282805791767,0.22388936400214648,0.461817244289355,0.7740282805791767,0.22388936400214648,0.461817244289355,0.9979176445813231,1.2358455248685316,0.6857066082915015,1.459734888870678,2.4041951212621853,2.187707571255759,1.8078420609997057,2.4041951212621853,2.187707571255759,1.8078420609997057,4.5919026925179445,4.212037182261891,3.995549632255465,6.39974475351765
229,5725,Blackhole Attack,0.88,0.9793693690926955,0.2779550868622448,0.3489396414917525,0.9793693690926955,0.2779550868622448,0.3489396414917525,1.2573244559549401,1.328309010584448,0.6268947283539973,1.6062640974466926,3.6426776052588448,3.2272025638607387,0.798206828257841,3.6426776052588448,3.2272025638607387,0.798206828257841,6.869880169119583,4.440884433516686,4.025409392118579,7.668086997377424
230,5750,Flooding Attack,0.84,0.6960063797515735,0.32457016525403504,0.2297420045225323,0.6960063797515735,0.32457016525403504,0.2297420045225323,1.0205765450056086,0.9257483842741059,0.5543121697765674,1.2503185495281408,1.9336182959292008,4.123447689326659,-0.26795803493019127,1.9336182959292008,4.123447689326659,-0.26795803493019127,6.057065985255861,1.6656602609990094,3.855489654396468,5.789107950325669
231,5775,Sybil Attack,0.88,0.6534165904794513,0.23170472800665437,0.5103752277631898,0.6534165904794513,0.23170472800665437,0.5103752277631898,0.8851213184861058,1.163791818242641,0.7420799557698441,1.3954965462492956,1.6767446794870653,2.3379697210672594,2.242169595701055,1.6767446794870653,2.3379697210672594,2.242169595701055,4.0147144005543245,3.9189142751881203,4.580139316768314,6.256883996255379
232,5800,Blackhole Attack,0.72,0.8356583970807833,0.21852441181237425,0.6395918697689867,0.8356583970807833,0.21852441181237425,0.6395918697689867,1.0541828088931575,1.47525026684977,0.858116281581361,1.6937746786621442,2.775907477159666,2.0845582810619683,3.397949583867281,2.775907477159666,2.0845582810619683,3.397949583867281,4.860465758221634,6.173857061026947,5.482507864929249,8.258415342088915
233,5825,Blackhole Attack,0.8,0.8606853672421738,0.2162867738135679,0.6542063129054432,0.8606853672421738,0.2162867738135679,0.6542063129054432,1.0769721410557418,1.5148916801476169,0.870493086719011,1.731178453961185,2.9268537120158657,2.0415363186803557,3.528668666588467,2.9268537120158657,2.0415363186803557,3.528668666588467,4.968390030696222,6.455522378604332,5.5702049852688225,8.49705869728469
234,5850,Sybil Attack,0.88,0.7905368186120891,0.2761135108824513,0.4901312815403711,0.7905368186120891,0.2761135108824513,0.4901312815403711,1.0666503294945404,1.2806681001524602,0.7662447924228224,1.5567816110349115,2.503763772320586,3.1917954906130457,2.0610973470908687,2.503763772320586,3.1917954906130457,2.0610973470908687,5.695559262933632,4.564861119411455,5.252892837703914,7.7566566100245
235,5875,Blackhole Attack,0.8,0.7476357422759752,0.24934296063674988,0.41119802430419755,0.7476357422759752,0.24934296063674988,0.41119802430419755,0.9969787029127251,1.1588337665801727,0.6605409849409474,1.4081767272169226,2.2450126769041283,2.677091322101425,1.3550777686664919,2.2450126769041283,2.677091322101425,1.3550777686664919,4.922103999005554,3.60009044557062,4.032169090767917,6.277181767672046
236,5900,Sybil Attack,0.96,0.6681696286199282,0.3005419075804229,0.3591602431721385,0.6681696286199282,0.3005419075804229,0.3591602431721385,0.9687115362003511,1.0273298717920667,0.6597021507525613,1.3278717793724897,1.7657253090093072,3.6614682278224877,0.8896251371214804,1.7657253090093072,3.6614682278224877,0.8896251371214804,5.427193536831795,2.6553504461307877,4.551093364943968,6.316818673953275
237,5925,Wormhole Attack,0.8,0.7367328246259067,0.19900515677279793,0.6499490310362358,0.7367328246259067,0.19900515677279793,0.6499490310362358,0.9357379813987047,1.3866818556621425,0.8489541878090338,1.5856870124349405,2.179253443660467,1.709271189728289,3.490589351787885,2.179253443660467,1.709271189728289,3.490589351787885,3.888524633388756,5.669842795448352,5.199860541516174,7.379113985176641
238,5950,Wormhole Attack,0.92,0.7485919722634878,0.2624075811251569,0.6205102784297956,0.7485919722634878,0.2624075811251569,0.6205102784297956,1.0109995533886447,1.3691022506932833,0.8829178595549525,1.6315098318184402,2.250780027699723,2.9282783378216255,3.2272740341094273,2.250780027699723,2.9282783378216255,3.2272740341094273,5.179058365521349,5.47805406180915,6.155552371931053,8.406332399630775
239,5975,Wormhole Attack,0.84,0.724767442489112,0.2082601888026511,0.5207120616632027,0.724767442489112,0.2082601888026511,0.5207120616632027,0.933027631291763,1.2454795041523146,0.7289722504658538,1.4537396929549657,2.1070861229453475,1.8872131267356875,2.3346275452126757,2.1070861229453475,1.8872131267356875,2.3346275452126757,3.994299249681035,4.441713668158023,4.221840671948363,6.328926794893711
240,6000,Sybil Attack,0.84,0.8669444174564204,0.231049996961832,0.4311515155169242,0.8669444174564204,0.231049996961832,0.4311515155169242,1.0979944144182523,1.2980959329733446,0.6622015124787562,1.5291459299351766,2.9646041891021384,2.325381530128668,1.5335520385417725,2.9646041891021384,2.325381530128668,1.5335520385417725,5.289985719230806,4.498156227643911,3.858933568670441,6.823537757772579
241,6025,Flooding Attack,0.84,0.6625387551111935,0.27381836216498173,0.29183780207026244,0.6625387551111935,0.27381836216498173,0.29183780207026244,0.9363571172761753,0.954376557181456,0.5656561642352442,1.2281949193464379,1.731763580936995,3.1476677980033143,0.28745865939675314,1.731763580936995,3.1476677980033143,0.28745865939675314,4.879431378940309,2.019222240333748,3.4351264574000675,5.166890038337062
242,6050,Blackhole Attack,0.8,0.8924759806092486,0.28310397538532533,0.32820450363282194,0.8924759806092486,0.28310397538532533,0.32820450363282194,1.1755799559945739,1.2206804842420707,0.6113084790181473,1.5037844596273957,3.1185937972352935,3.326197704480111,0.6127411094679603,3.1185937972352935,3.326197704480111,0.6127411094679603,6.444791501715405,3.7313349067032537,3.9389388139480714,7.057532611183365
243,6075,Normal Traffic,0.68,0.748190736418545,0.2158278207649625,0.38974364380650517,0.748190736418545,0.2158278207649625,0.38974364380650517,0.9640185571835076,1.1379343802250501,0.6055714645714677,1.3537622009900128,2.248360036798192,2.0327122547332115,1.1631787744438733,2.248360036798192,2.0327122547332115,1.1631787744438733,4.2810722915314035,3.4115388112420653,3.195891029177085,5.444251065975276
244,6100,Flooding Attack,0.76,0.7180920826230176,0.32682369023346597,0.27895561623055215,0.7180920826230176,0.32682369023346597,0.27895561623055215,1.0449157728564835,0.9970476988535697,0.6057793064640181,1.3238713890870357,2.0668247396616612,4.166775102850572,0.172233775308622,2.0668247396616612,4.166775102850572,0.172233775308622,6.233599842512233,2.2390585149702833,4.339008878159194,6.405833617820855
245,6125,Wormhole Attack,0.84,0.6176161197587056,0.2182433316587357,0.5132121230538739,0.6176161197587056,0.2182433316587357,0.5132121230538739,0.8358594514174412,1.1308282428125795,0.7314554547126095,1.349071574471315,1.4608197702180667,2.079154091553877,2.2675442436922055,1.4608197702180667,2.079154091553877,2.2675442436922055,3.5399738617719434,3.728364013910272,4.346698335246082,5.807518105464149
246,6150,Wormhole Attack,0.92,0.7791950270799112,0.2422952656128933,0.38337923867154067,0.7791950270799112,0.2422952656128933,0.38337923867154067,1.0214902926928044,1.1625742657514517,0.6256745042844339,1.4048695313643451,2.435357540273076,2.5415887652288767,1.1062522673207091,2.435357540273076,2.5415887652288767,1.1062522673207091,4.9769463055019525,3.541609807593785,3.647841032549586,6.083198572822662
247,6175,Normal Traffic,0.68,0.734826812552852,0.2731891182950709,0.3784632068377589,0.734826812552852,0.2731891182950709,0.3784632068377589,1.0080159308479228,1.113290019390611,0.6516523251328299,1.3864791376856818,2.167757631576033,3.1355696364085417,1.0622807546233108,2.167757631576033,3.1355696364085417,1.0622807546233108,5.303327267984574,3.230038386199344,4.197850391031853,6.365608022607885
248,6200,Blackhole Attack,0.72,0.8040456434733131,0.22506000365421994,0.554168126154527,0.8040456434733131,0.22506000365421994,0.554168126154527,1.029105647127533,1.3582137696278402,0.779228129808747,1.58327377328206,2.5852401251105586,2.210214882581717,2.633875762947173,2.5852401251105586,2.210214882581717,2.633875762947173,4.795455007692276,5.219115888057732,4.84409064552889,7.429330770639449
249,6225,Blackhole Attack,0.72,0.5709357798462579,0.17050179757867845,0.5786840346729,0.5709357798462579,0.17050179757867845,0.5786840346729,0.7414375774249363,1.1496198145191578,0.7491858322515784,1.3201216120978363,1.1792746408575079,1.1612511580461597,2.853158635628373,1.1792746408575079,1.1612511580461597,2.853158635628373,2.3405257989036676,4.032433276485881,4.014409793674533,5.193684434532041
250,6250,Blackhole Attack,0.76,0.6187238066754326,0.19887239419291364,0.4632089096681556,0.6187238066754326,0.19887239419291364,0.4632089096681556,0.8175962008683462,1.0819327163435881,0.6620813038610692,1.2808051105365017,1.4675006096645196,1.7067186290725824,1.8202898306528539,1.4675006096645196,1.7067186290725824,1.8202898306528539,3.174219238737102,3.2877904403173734,3.5270084597254363,4.994509069389956
251,6275,Blackhole Attack,0.8,0.7558944185063163,0.24042644167019125,0.5535220362407832,0.7558944185063163,0.24042644167019125,0.5535220362407832,0.9963208601765076,1.3094164547470997,0.7939484779109744,1.5498428964172908,2.2948235838508095,2.505657808834825,2.628096803044875,2.2948235838508095,2.505657808834825,2.628096803044875,4.800481392685635,4.922920386895685,5.1337546118797,7.428578195730509
252,6300,Wormhole Attack,0.92,0.7413287721235413,0.2774451336957486,0.5303723278523264,0.7413287721235413,0.2774451336957486,0.5303723278523264,1.01877390581929,1.2717010999758678,0.8078174615480749,1.5491462336716162,2.206973178246436,3.217397945796026,2.4210339257564994,2.206973178246436,3.217397945796026,2.4210339257564994,5.424371124042462,4.628007104002935,5.638431871552525,7.845405049798962
253,6325,Flooding Attack,0.76,0.8551498049935154,0.31922466887054685,0.32146847754995733,0.8551498049935154,0.31922466887054685,0.32146847754995733,1.1743744738640622,1.1766182825434728,0.6406931464205041,1.4958429514140197,2.893466838820318,4.020672466326268,0.5524906337901341,2.893466838820318,4.020672466326268,0.5524906337901341,6.914139305146586,3.445957472610452,4.5731631001164015,7.46662993893672
254,6350,Wormhole Attack,0.88,0.7415750926525246,0.2592141884912158,0.47798031542481795,0.7415750926525246,0.2592141884912158,0.47798031542481795,1.0007892811437404,1.2195554080773425,0.7371945039160337,1.4787695965685583,2.2084588217813126,2.8668805523708873,1.9524128676364945,2.2084588217813126,2.8668805523708873,1.9524128676364945,5.0753393741522,4.160871689417807,4.819293420007382,7.027752241788695
255,6375,Normal Traffic,0.68,0.7585777439105587,0.2889042491045902,0.3836236509229587,0.7585777439105587,0.2889042491045902,0.3836236509229587,1.0474819930151489,1.1422013948335175,0.6725279000275489,1.4311056439381076,2.3110076390541527,3.437716707056213,1.1084384159828833,2.3110076390541527,3.437716707056213,1.1084384159828833,5.748724346110366,3.419446055037036,4.546155123039096,6.85716276209325
256,6400,Wormhole Attack,0.76,0.8749520395607457,0.22860201728745605,0.438336526833086,0.8749520395607457,0.22860201728745605,0.438336526833086,1.1035540568482018,1.3132885663938318,0.666938544120542,1.5418905836812877,3.012900902567834,2.2783154320743204,1.5978184686630188,3.012900902567834,2.2783154320743204,1.5978184686630188,5.291216334642154,4.610719371230853,3.876133900737339,6.889034803305173
257,6425,Blackhole Attack,0.92,0.7900148156150809,0.15941686060063331,0.6115152731540147,0.7900148156150809,0.15941686060063331,0.6115152731540147,0.9494316762157142,1.4015300887690956,0.770932133754648,1.560946949369729,2.5006153933328807,0.9481265409604661,3.1468180887310386,2.5006153933328807,0.9481265409604661,3.1468180887310386,3.4487419342933467,5.647433482063919,4.094944629691505,6.595560023024385
258,6450,Blackhole Attack,0.88,0.9271935708447059,0.2411992976162487,0.536657945239186,0.9271935708447059,0.2411992976162487,0.536657945239186,1.1683928684609546,1.4638515160838919,0.7778572428554347,1.7050508137001406,3.32798748314807,2.5205171289998494,2.4772557148096164,3.32798748314807,2.5205171289998494,2.4772557148096164,5.848504612147919,5.805243197957687,4.997772843809466,8.325760326957536
259,6475,Normal Traffic,0.72,0.9229206289535518,0.2980853548636802,0.4190165917075297,0.9229206289535518,0.2980853548636802,0.4190165917075297,1.221005983817232,1.3419372206610816,0.7171019465712098,1.6400225755247617,3.3022159060826177,3.614237300110084,1.4250110497100796,3.3022159060826177,3.614237300110084,1.4250110497100796,6.916453206192702,4.727226955792697,5.039248349820164,8.341464255902782
260,6500,Sybil Attack,0.88,0.8667292207790941,0.2517094362076396,0.4101649064068273,0.8667292207790941,0.2517094362076396,0.4101649064068273,1.1184386569867337,1.2768941271859213,0.6618743426144669,1.528603563393561,2.96330626418408,2.722590380949251,1.3458370317717554,2.96330626418408,2.722590380949251,1.3458370317717554,5.685896645133331,4.309143295955836,4.0684274127210065,7.031733676905087
261,6525,Normal Traffic,0.68,0.8255769845965157,0.3244203159748742,0.29753651133913195,0.8255769845965157,0.3244203159748742,0.29753651133913195,1.14999730057139,1.1231134959356477,0.6219568273140061,1.4475338119105219,2.715103023135899,4.120566611129735,0.3384308409137537,2.715103023135899,4.120566611129735,0.3384308409137537,6.835669634265635,3.0535338640496525,4.458997452043489,7.174100475179388
262,6550,Blackhole Attack,0.8,0.8304432812803726,0.2724626837079097,0.3509524812384988,0.8304432812803726,0.2724626837079097,0.3509524812384988,1.1029059649882824,1.1813957625188714,0.6234151649464086,1.4538584462267812,2.744453326324201,3.1216028368197684,0.8162107003795961,2.744453326324201,3.1216028368197684,0.8162107003795961,5.86605616314397,3.560664026703797,3.9378135371993643,6.682266863523566
263,6575,Blackhole Attack,0.88,1.2480582688338546,0.27329674104368934,0.43815334634990966,1.2480582688338546,0.27329674104368934,0.43815334634990966,1.521355009877544,1.6862116151837643,0.7114500873935989,1.9595083562274536,5.2632324507731285,3.137638845925424,1.5961800083734508,5.2632324507731285,3.137638845925424,1.5961800083734508,8.400871296698552,6.859412459146579,4.733818854298875,9.997051305072002
264,6600,Normal Traffic,0.68,0.9079270419799174,0.29161082702573016,0.34337167369106564,0.9079270419799174,0.29161082702573016,0.34337167369106564,1.1995378690056475,1.251298715670983,0.6349825007167957,1.5429095426967132,3.211784444101232,3.4897547460814264,0.7484040655572046,3.211784444101232,3.4897547460814264,0.7484040655572046,6.701539190182658,3.960188509658437,4.238158811638631,7.449943255739863
265,6625,Blackhole Attack,0.92,0.881927552708313,0.26431624513388846,0.4156739186907112,0.881927552708313,0.26431624513388846,0.4156739186907112,1.1462437978422015,1.2976014713990243,0.6799901638245996,1.5619177165329128,3.054972613167448,2.96497527951934,1.3951124660613208,3.054972613167448,2.96497527951934,1.3951124660613208,6.019947892686789,4.450085079228769,4.36008774558066,7.415060358748109
266,6650,Normal Traffic,0.76,0.7593785643977357,0.304188742568036,0.2976113289573602,0.7593785643977357,0.304188742568036,0.2976113289573602,1.0635673069657716,1.0569898933550959,0.6018000715253962,1.3611786359231317,2.315837661887742,3.7315841258063145,0.3391000481038507,2.315837661887742,3.7315841258063145,0.3391000481038507,6.047421787694057,2.654937709991593,4.070684173910165,6.386521835797907
267,6675,Flooding Attack,0.76,0.7942834596393608,0.25756355904797745,0.47847724781725237,0.7942834596393608,0.25756355904797745,0.47847724781725237,1.0518470186873383,1.2727607074566132,0.7360408068652298,1.5303242665045906,2.526361048490151,2.8351447140222072,1.9568576860881417,2.526361048490151,2.8351447140222072,1.9568576860881417,5.361505762512358,4.483218734578292,4.7920024001103485,7.3183634486005005
268,6700,Blackhole Attack,0.92,0.7544287673547518,0.24440833310893853,0.5456747069383651,0.7544287673547518,0.24440833310893853,0.5456747069383651,0.9988371004636903,1.3001034742931168,0.7900830400473036,1.5445118074020554,2.2859837394144016,2.582215671981962,2.5579062608090037,2.2859837394144016,2.582215671981962,2.5579062608090037,4.868199411396363,4.843890000223405,5.140121932790965,7.426105672205367
269,6725,Blackhole Attack,0.8,0.5765793934418196,0.2572238464775066,0.39955074031927523,0.5765793934418196,0.2572238464775066,0.39955074031927523,0.8338032399193263,0.9761301337610948,0.6567745867967818,1.2333539802386015,1.2133132087600467,2.8286132279484306,1.2508984807876267,1.2133132087600467,2.8286132279484306,1.2508984807876267,4.0419264367084775,2.4642116895476733,4.0795117087360575,5.292824917496104
270,6750,Blackhole Attack,0.84,0.7759761276753698,0.21993396276415966,0.4382857834769683,0.7759761276753698,0.21993396276415966,0.4382857834769683,0.9959100904395295,1.214261911152338,0.6582197462411279,1.4341958739164977,2.4159432547098176,2.111659022135827,1.5973645940333825,2.4159432547098176,2.111659022135827,1.5973645940333825,4.527602276845645,4.0133078487432,3.709023616169209,6.124966870879027
271,6775,Blackhole Attack,0.72,0.8676676500430734,0.15898232361924516,0.43761646291298256,0.8676676500430734,0.15898232361924516,0.43761646291298256,1.0266499736623187,1.305284112956056,0.5965987865322278,1.4642664365753013,2.968966252714977,0.939771912697685,1.5913778472683016,2.968966252714977,0.939771912697685,1.5913778472683016,3.908738165412662,4.560344099983278,2.5311497599659867,5.500116012680963
272,6800,Blackhole Attack,0.92,0.9146630513764427,0.3011168977229107,0.4029030711524027,0.9146630513764427,0.3011168977229107,0.4029030711524027,1.2157799490993533,1.3175661225288453,0.7040199688753135,1.618683020251756,3.2524116254901347,3.672523279753634,1.2808834489039433,3.2524116254901347,3.672523279753634,1.2808834489039433,6.924934905243768,4.533295074394078,4.953406728657577,8.205818354147711
273,6825,Wormhole Attack,0.8,0.7880822353472197,0.22441342994487917,0.6055199282680916,0.7880822353472197,0.22441342994487917,0.6055199282680916,1.012495665292099,1.3936021636153113,0.8299333582129709,1.6180155935601905,2.488959339359513,2.197783528709895,3.093192645957238,2.488959339359513,2.197783528709895,3.093192645957238,4.686742868069407,5.5821519853167505,5.290976174667133,7.779935514026645
274,6850,Wormhole Attack,0.76,0.8391473997519283,0.23844607993598868,0.5022815987598181,0.8391473997519283,0.23844607993598868,0.5022815987598181,1.077593479687917,1.3414289985117465,0.7407276786958068,1.5798750784477351,2.7969508480997507,2.4675823703249784,2.169776022485315,2.7969508480997507,2.4675823703249784,2.169776022485315,5.264533218424729,4.966726870585066,4.6373583928102935,7.434309240910045
275,6875,Sybil Attack,0.76,0.9065760599810395,0.23220984312143675,0.4253514618137798,0.9065760599810395,0.23220984312143675,0.4253514618137798,1.1387859031024763,1.3319275217948192,0.6575613049352166,1.564137364916256,3.2036362086266994,2.3476813202974047,1.4816733803726259,3.2036362086266994,2.3476813202974047,1.4816733803726259,5.551317528924104,4.685309588999325,3.829354700670031,7.032990909296729
276,6900,Blackhole Attack,0.76,0.8883900623623177,0.2955854094172804,0.30273657646532465,0.8883900623623177,0.2955854094172804,0.30273657646532465,1.183975471779598,1.1911266388276422,0.598321985882605,1.4867120482449228,3.093950223869152,3.5661720817823346,0.38494289320609676,3.093950223869152,3.5661720817823346,0.38494289320609676,6.660122305651487,3.478893117075249,3.9511149749884313,7.045065198857584
277,6925,Normal Traffic,0.68,0.6380368831281686,0.19573936298586486,0.40342831427647835,0.6380368831281686,0.19573936298586486,0.40342831427647835,0.8337762461140334,1.041465197404647,0.5991676772623432,1.2372045603905117,1.5839843931681181,1.6464813830113463,1.2855814930746108,1.5839843931681181,1.6464813830113463,1.2855814930746108,3.2304657761794644,2.8695658862427287,2.932062876085957,4.516047269254075
278,6950,Normal Traffic,0.68,0.6955281524037468,0.2417270270062562,0.5857011893446112,0.6955281524037468,0.2417270270062562,0.5857011893446112,0.937255179410003,1.281229341748358,0.8274282163508675,1.5229563687546142,1.930733942885496,2.530663521748223,2.9159236697411397,1.930733942885496,2.530663521748223,2.9159236697411397,4.461397464633719,4.846657612626636,5.446587191489362,7.377321134374858
279,6975,Sybil Attack,0.8,0.8300477998499228,0.2495256421298646,0.480685196658381,0.8300477998499228,0.2495256421298646,0.480685196658381,1.0795734419797873,1.3107329965083039,0.7302108387882456,1.5602586386381683,2.742068042268761,2.6806036490858576,1.976606714122447,2.742068042268761,2.6806036490858576,1.976606714122447,5.422671691354619,4.718674756391208,4.657210363208304,7.399278405477066
280,7000,Sybil Attack,0.8,0.832407089117942,0.24715888175835796,0.36306889264221426,0.832407089117942,0.24715888175835796,0.36306889264221426,1.0795659708763,1.1954759817601563,0.6102277744005722,1.4426348635185142,2.7562977244735025,2.6350991145170104,0.9245861047503049,2.7562977244735025,2.6350991145170104,0.9245861047503049,5.391396838990513,3.6808838292238075,3.5596852192673154,6.315982943740818
281,7025,Sybil Attack,0.88,0.8128621043789369,0.32969790807222743,0.3157044152945183,0.8128621043789369,0.32969790807222743,0.3157044152945183,1.1425600124511643,1.1285665196734551,0.6454023233667457,1.4582644277456827,2.6384152226105293,4.222036271905494,0.5009339016078984,2.6384152226105293,4.222036271905494,0.5009339016078984,6.860451494516023,3.1393491242184277,4.722970173513392,7.3613853961239215
282,7050,Blackhole Attack,0.76,0.8042651418798733,0.24865304578057934,0.4584965243435941,0.8042651418798733,0.24865304578057934,0.4584965243435941,1.0529181876604525,1.2627616662234673,0.7071495701241735,1.5114147120040466,2.586563995232013,2.6638266693718426,1.7781398368895738,2.586563995232013,2.6638266693718426,1.7781398368895738,5.250390664603856,4.364703832121587,4.441966506261417,7.02853050149343
283,7075,Wormhole Attack,0.72,0.8341582919682378,0.1842070966874871,0.6167566478798667,0.8341582919682378,0.1842070966874871,0.6167566478798667,1.018365388655725,1.4509149398481045,0.8009637445673539,1.6351220365355916,2.7668598290757362,1.4247561856701294,3.1936996352918006,2.7668598290757362,1.4247561856701294,3.1936996352918006,4.191616014745866,5.960559464367536,4.61845582096193,7.385315650037667
284,7100,Wormhole Attack,0.76,0.6433440697315425,0.1472950303742299,0.6387795961730153,0.6433440697315425,0.1472950303742299,0.6387795961730153,0.7906391001057723,1.2821236659045576,0.7860746265472451,1.4294186962787876,1.6159938545728552,0.7150660887001755,3.390684191789552,1.6159938545728552,0.7150660887001755,3.390684191789552,2.3310599432730306,5.006678046362407,4.105750280489728,5.721744135062583
285,7125,Wormhole Attack,0.84,0.7743822868974495,0.2535094145761416,0.5343243130702857,0.7743822868974495,0.2535094145761416,0.5343243130702857,1.027891701473591,1.3087065999677352,0.7878337276464273,1.5622160145438768,2.406330254700791,2.7571976774372082,2.45638251056372,2.406330254700791,2.7571976774372082,2.45638251056372,5.163527932137999,4.8627127652645115,5.213580188000928,7.619910442701719
286,7150,Sybil Attack,0.76,0.8565530888384516,0.3018427235671294,0.4534398850979076,0.8565530888384516,0.3018427235671294,0.4534398850979076,1.158395812405581,1.3099929739363592,0.755282608665037,1.6118356975034887,2.9019305246545075,3.686478375342033,1.732910659309814,2.9019305246545075,3.686478375342033,1.732910659309814,6.588408899996541,4.634841183964322,5.419389034651847,8.321319559306355
287,7175,Wormhole Attack,0.72,0.5868164941762146,0.11434861809511913,0.47463277093883255,0.5868164941762146,0.11434861809511913,0.47463277093883255,0.7011651122713337,1.0614492651150471,0.5889813890339517,1.1757978832101663,1.2750566719813534,0.08162166630606846,1.92247071106641,1.2750566719813534,0.08162166630606846,1.92247071106641,1.356678338287422,3.1975273830477633,2.0040923773724786,3.279149049353832
288,7200,Normal Traffic,0.72,0.8938342506631758,0.23982484031997342,0.5038210190938017,0.8938342506631758,0.23982484031997342,0.5038210190938017,1.1336590909831492,1.3976552697569775,0.7436458594137751,1.637480110076951,3.126785989467757,2.4940911163351416,2.183545388317578,3.126785989467757,2.4940911163351416,2.183545388317578,5.620877105802899,5.310331377785335,4.677636504652719,7.804422494120477
289,7225,Normal Traffic,0.72,0.7382961316192131,0.23864497233635465,0.46719976133113544,0.7382961316192131,0.23864497233635465,0.46719976133113544,0.9769411039555678,1.2054958929503485,0.7058447336674901,1.4441408652867032,2.188682283949253,2.4714063764292264,1.8559860568990452,2.188682283949253,2.4714063764292264,1.8559860568990452,4.660088660378479,4.044668340848299,4.327392433328272,6.516074717277524
290,7250,Wormhole Attack,0.8,0.8507208517686798,0.23045165290617484,0.5401842435475811,0.8507208517686798,0.23045165290617484,0.5401842435475811,1.0811725046748546,1.390905095316261,0.770635896453756,1.6213567482224356,2.8667543039296777,2.31387746402527,2.5087967373426476,2.8667543039296777,2.31387746402527,2.5087967373426476,5.180631767954948,5.375551041272326,4.822674201367917,7.689428505297595
291,7275,Blackhole Attack,0.8,0.7762878426857572,0.25758942773891813,0.41675077349268236,0.7762878426857572,0.25758942773891813,0.41675077349268236,1.0338772704246755,1.1930386161784396,0.6743402012316004,1.4506280439173578,2.4178233147755273,2.8356420785865852,1.4047444082860936,2.4178233147755273,2.8356420785865852,1.4047444082860936,5.253465393362113,3.8225677230616206,4.240386486872679,6.658209801648207
292,7300,Wormhole Attack,0.84,0.6542734931057119,0.2673095887607518,0.5302608626423556,0.6542734931057119,0.2673095887607518,0.5302608626423556,0.9215830818664636,1.1845343557480676,0.7975704514031074,1.4518439445088194,1.6819129529232149,3.0225268213589267,2.420036923690348,1.6819129529232149,3.0225268213589267,2.420036923690348,4.704439774282141,4.1019498766135625,5.4425637450492745,7.124476697972489
293,7325,Wormhole Attack,0.92,0.7211306207163698,0.2039109811302603,0.5799909181208968,0.7211306207163698,0.2039109811302603,0.5799909181208968,0.9250416018466301,1.3011215388372666,0.783901899251157,1.5050325199675267,2.0851512043396037,1.803593055494839,2.864848072163898,2.0851512043396037,1.803593055494839,2.864848072163898,3.888744259834443,4.949999276503501,4.6684411276587365,6.753592331998341
294,7350,Flooding Attack,0.88,0.621424990922833,0.2561211139678509,0.3015019820736933,0.621424990922833,0.2561211139678509,0.3015019820736933,0.8775461048906839,0.9229269729965263,0.5576230960415443,1.1790480869643771,1.4837923776719384,2.807411533763448,0.37390004710516045,1.4837923776719384,2.807411533763448,0.37390004710516045,4.291203911435387,1.857692424777099,3.1813115808686088,4.665103958540548
295,7375,Wormhole Attack,0.76,0.5627907183301069,0.22027260678931215,0.37580934471933686,0.5627907183301069,0.22027260678931215,0.37580934471933686,0.783063325119419,0.9386000630494438,0.5960819515086491,1.158872669838756,1.1301489831927283,2.1181699638156877,1.0385432492972784,1.1301489831927283,2.1181699638156877,1.0385432492972784,3.248318947008416,2.168692232490007,3.1567132131129663,4.2868621963056945
296,7400,Normal Traffic,0.72,0.785708927542489,0.2408010976226592,0.40157011101191176,0.785708927542489,0.2408010976226592,0.40157011101191176,1.0265100251651482,1.1872790385544008,0.642371208634571,1.4280801361770599,2.4746451065551125,2.5128611340830203,1.2689607690425246,2.4746451065551125,2.5128611340830203,1.2689607690425246,4.987506240638133,3.743605875597637,3.781821903125545,6.256467009680658
297,7425,Blackhole Attack,0.8,0.785998583757345,0.2789070527119062,0.40196103316956305,0.785998583757345,0.2789070527119062,0.40196103316956305,1.064905636469251,1.187959616926908,0.6808680858814693,1.4668666696388142,2.4763921224644796,3.24550554181989,1.2724573775267776,2.4763921224644796,3.24550554181989,1.2724573775267776,5.72189766428437,3.748849499991257,4.517962919346667,6.994355041811147
298,7450,Wormhole Attack,0.8,0.9061730169157126,0.1386328920032618,0.6039422068247667,0.9061730169157126,0.1386328920032618,0.6039422068247667,1.0448059089189745,1.5101152237404794,0.7425750988280285,1.6487481157437411,3.20120531775962,0.5485234257051315,3.079080695338572,3.20120531775962,0.5485234257051315,3.079080695338572,3.7497287434647513,6.280286013098191,3.6276041210437033,6.828809438803323
299,7475,Wormhole Attack,0.72,0.7776999373319213,0.23323711067140546,0.369270322844077,0.7776999373319213,0.23323711067140546,0.369270322844077,1.0109370480033268,1.1469702601759983,0.6025074335154825,1.3802073708474039,2.426340141571761,2.367432086915678,0.9800548803976481,2.426340141571761,2.367432086915678,0.9800548803976481,4.793772228487439,3.4063950219694092,3.3474869673133263,5.773827108885087
300,7500,Normal Traffic,0.68,0.8646536877613099,0.2209043237819697,0.5249532597755734,0.8646536877613099,0.2209043237819697,0.5249532597755734,1.0855580115432797,1.3896069475368833,0.7458575835575431,1.610511271318853,2.9507880131799067,2.1303156749219685,2.37256299863443,2.9507880131799067,2.1303156749219685,2.37256299863443,5.081103688101875,5.323351011814337,4.502878673556399,7.453666686736305
301,7525,Normal Traffic,0.72,0.6580679865785883,0.32815605120670743,0.4348671455084811,0.6580679865785883,0.32815605120670743,0.4348671455084811,0.9862240377852958,1.0929351320870695,0.7630231967151886,1.421091183293777,1.7047988435933021,4.192391750270798,1.5667865408551744,1.7047988435933021,4.192391750270798,1.5667865408551744,5.8971905938641,3.2715853844484766,5.759178291125973,7.463977134719275
302,7550,Wormhole Attack,0.76,0.9852573988164264,0.2623186130430911,0.49977066870386466,0.9852573988164264,0.2623186130430911,0.49977066870386466,1.2475760118595174,1.485028067520291,0.7620892817469558,1.747346680563382,3.6781903306022308,2.9265677923795836,2.1473169749098027,3.6781903306022308,2.9265677923795836,2.1473169749098027,6.604758122981814,5.825507305512033,5.073884767289386,8.752075097891616
303,7575,Sybil Attack,0.76,0.8965942935001044,0.3085197383918657,0.3681408513526092,0.8965942935001044,0.3085197383918657,0.3681408513526092,1.2051140318919702,1.2647351448527138,0.6766605897444748,1.5732548832445794,3.143432753801976,3.814854046815484,0.9699523074876959,3.143432753801976,3.814854046815484,0.9699523074876959,6.95828680061746,4.113385061289672,4.78480635430318,7.9282391081051555
304,7600,Sybil Attack,0.8,0.8281776950996051,0.2975939037990403,0.42237099507525094,0.8281776950996051,0.2975939037990403,0.42237099507525094,1.1257715988986454,1.2505486901748561,0.7199648988742913,1.5481425939738964,2.7307887995547295,3.6047884128340284,1.4550145556398784,2.7307887995547295,3.6047884128340284,1.4550145556398784,6.335577212388758,4.185803355194608,5.059802968473907,7.790591768028636
305,7625,Blackhole Attack,0.8,0.7665261514876478,0.259554067890445,0.4204748272877984,0.7665261514876478,0.259554067890445,0.4204748272877984,1.026080219378093,1.1870009787754463,0.6800288951782434,1.4465550466658912,2.358947209410736,2.8734152459789346,1.4380542574234554,2.358947209410736,2.8734152459789346,1.4380542574234554,5.232362455389671,3.7970014668341916,4.31146950340239,6.670416712813126
306,7650,Wormhole Attack,0.8,0.7457105868499612,0.28242214688661244,0.5971482055898661,0.7457105868499612,0.28242214688661244,0.5971482055898661,1.0281327337365735,1.3428587924398272,0.8795703524764786,1.6252809393264398,2.233401404696752,3.3130885241578314,3.018311660135487,2.233401404696752,3.3130885241578314,3.018311660135487,5.546489928854584,5.251713064832239,6.331400184293319,8.56480158899007
307,7675,Sybil Attack,0.76,0.741426231872211,0.29541054353871565,0.2757173099927588,0.741426231872211,0.29541054353871565,0.2757173099927588,1.0368367754109267,1.0171435418649697,0.5711278535314744,1.3125540854036855,2.207560991394286,3.562810021764828,0.14326870171517941,2.207560991394286,3.562810021764828,0.14326870171517941,5.770371013159114,2.3508296931094654,3.706078723480007,5.913639714874293
308,7700,Blackhole Attack,0.76,0.8270132597193922,0.19816409772470808,0.45230137863467607,0.8270132597193922,0.19816409772470808,0.45230137863467607,1.0251773574441003,1.2793146383540683,0.6504654763593841,1.4774787360787764,2.723765690674868,1.6931005621527215,1.7227272729736958,2.723765690674868,1.6931005621527215,1.7227272729736958,4.41686625282759,4.446492963648564,3.415827835126417,6.139593525801286
309,7725,Blackhole Attack,0.8,0.9053759023635998,0.2646144383944831,0.4878319702206802,0.9053759023635998,0.2646144383944831,0.4878319702206802,1.169990340758083,1.39320787258428,0.7524464086151633,1.657822310978763,3.196397646690585,2.970708494296081,2.0405311261412202,3.196397646690585,2.970708494296081,2.0405311261412202,6.167106140986666,5.236928772831805,5.011239620437301,8.207637267127886
310,7750,Normal Traffic,0.68,0.7541958134820257,0.26226713974875765,0.4514254956534561,0.7541958134820257,0.26226713974875765,0.4514254956534561,1.0164629532307834,1.2056213091354817,0.7136926354022137,1.4678884488842394,2.2845787147647365,2.925578140731885,1.7148929258961418,2.2845787147647365,2.925578140731885,1.7148929258961418,5.2101568554966216,3.9994716406608783,4.640471066628027,6.925049781392763
311,7775,Wormhole Attack,0.76,0.7780257032355605,0.3425031340426625,0.3132584250268572,0.7780257032355605,0.3425031340426625,0.3132584250268572,1.120528837278223,1.0912841282624177,0.6557615590695197,1.43378726230508,2.4283049473905143,4.4682360371409695,0.47905570884008714,2.4283049473905143,4.4682360371409695,0.47905570884008714,6.896540984531484,2.9073606562306016,4.947291745981056,7.375596693371571
312,7800,Normal Traffic,0.68,0.8657140614259544,0.28320108862700144,0.47702899279225663,0.8657140614259544,0.28320108862700144,0.47702899279225663,1.148915150052956,1.342743054218211,0.7602300814192581,1.6259441428452126,2.9571834901867753,3.3280648528894496,1.9439037495853178,2.9571834901867753,3.3280648528894496,1.9439037495853178,6.2852483430762245,4.901087239772093,5.271968602474767,8.229152092661542
313,7825,Flooding Attack,0.88,0.7433257578877789,0.24580729479879873,0.4690098031499752,0.7433257578877789,0.24580729479879873,0.4690098031499752,0.9891330526865776,1.212335561037754,0.7148170979487739,1.4581428558365528,2.219017683842967,2.6091128185385486,1.8721760002336285,2.219017683842967,2.6091128185385486,1.8721760002336285,4.828130502381516,4.091193684076596,4.481288818772177,6.7003065026151445
314,7850,Normal Traffic,0.64,0.8544898172809801,0.2571148429637891,0.5015393354610441,0.8544898172809801,0.2571148429637891,0.5015393354610441,1.1116046602447691,1.3560291527420243,0.7586541784248333,1.6131439957058133,2.8894862267200065,2.82651747114187,2.1631368384502214,2.8894862267200065,2.82651747114187,2.1631368384502214,5.7160036978618765,5.052623065170228,4.989654309592091,7.879140536312098
315,7875,Sybil Attack,0.84,0.9462603368823495,0.353278388021209,0.3837636055399069,0.9462603368823495,0.353278388021209,0.3837636055399069,1.2995387249035584,1.3300239424222564,0.7370419935611159,1.6833023304434653,3.442985684117134,4.675406531905821,1.1096902419319972,3.442985684117134,4.675406531905821,1.1096902419319972,8.118392216022954,4.552675926049131,5.785096773837818,9.228082457954951
316,7900,Wormhole Attack,0.72,0.8172911968727437,0.25653878980022393,0.45446146230400275,0.8172911968727437,0.25653878980022393,0.45446146230400275,1.0738299866729677,1.2717526591767463,0.7110002521042267,1.5282914489769706,2.665128597480068,2.8154419810286653,1.7420481703365946,2.665128597480068,2.8154419810286653,1.7420481703365946,5.480570578508733,4.4071767678166625,4.5574901513652595,7.222618748845328
317,7925,Blackhole Attack,0.68,0.8138567476816713,0.2460743697995869,0.6339953626893796,0.8138567476816713,0.2460743697995869,0.6339953626893796,1.0599311174812582,1.4478521103710509,0.8800697324889666,1.6939264801706377,2.644414257276112,2.61424773787899,3.347891551203421,2.644414257276112,2.61424773787899,3.347891551203421,5.2586619951551015,5.992305808479532,5.962139289082411,8.606553546358523
318,7950,Blackhole Attack,0.84,0.9085062654757423,0.261671054922931,0.5560946536839648,0.9085062654757423,0.261671054922931,0.5560946536839648,1.1701773203986734,1.4646009191597071,0.8177657086068959,1.7262719740826382,3.215277939529212,2.91411751172637,2.6511076142831307,3.215277939529212,2.91411751172637,2.6511076142831307,6.129395451255582,5.866385553812343,5.5652251260095005,8.780503065538714
319,7975,Normal Traffic,0.64,1.015731602748318,0.22360566412370209,0.30593784462591234,1.015731602748318,0.22360566412370209,0.30593784462591234,1.2393372668720202,1.3216694473742305,0.5295435087496144,1.5452751114979324,3.861990699328265,2.1822530135906617,0.4135766792210202,3.861990699328265,2.1822530135906617,0.4135766792210202,6.044243712918927,4.275567378549285,2.595829692811682,6.457820392139947
320,8000,Blackhole Attack,0.88,0.583023803778528,0.2754008330985015,0.4481800440424126,0.583023803778528,0.2754008330985015,0.4481800440424126,0.8584246368770295,1.0312038478209407,0.723580877140914,1.306604680919442,1.2521816562757269,3.1780931862958797,1.6858639404157914,1.2521816562757269,3.1780931862958797,1.6858639404157914,4.430274842571606,2.938045596691518,4.8639571267116715,6.116138782987397
321,8025,Normal Traffic,0.68,0.9156029969729206,0.24960174765468474,0.37159098967293885,0.9156029969729206,0.24960174765468474,0.37159098967293885,1.1652047446276053,1.2871939866458595,0.6211927373276236,1.536795734300544,3.2580807595420422,2.6820668924825064,1.0008121159856103,3.2580807595420422,2.6820668924825064,1.0008121159856103,5.940147652024549,4.2588928755276525,3.6828790084681167,6.940959768010159
322,8050,Normal Traffic,0.76,0.9278047683027176,0.29709670370398317,0.45606792758779846,0.9278047683027176,0.29709670370398317,0.45606792758779846,1.2249014720067009,1.383872695890516,0.7531646312917817,1.6809693995944994,3.331673824500843,3.5952289917850946,1.756417220622018,3.331673824500843,3.5952289917850946,1.756417220622018,6.926902816285938,5.088091045122861,5.351646212407113,8.683320036907956
323,8075,Blackhole Attack,0.76,0.8801014257723754,0.27779674689475387,0.4550161584415421,0.8801014257723754,0.27779674689475387,0.4550161584415421,1.1578981726671294,1.3351175842139176,0.732812905336296,1.6129143311086716,3.0439586157250202,3.2241582393862105,1.7470096573813694,3.0439586157250202,3.2241582393862105,1.7470096573813694,6.268116855111231,4.790968273106389,4.97116789676758,8.0151265124926
324,8100,Sybil Attack,0.92,0.6629285541840965,0.25009115402214294,0.6325891301605613,0.6629285541840965,0.25009115402214294,0.6325891301605613,0.9130197082062395,1.2955176843446576,0.8826802841827042,1.5456088383668007,1.734114592746483,2.691476467374129,3.335313485481486,1.734114592746483,2.691476467374129,3.335313485481486,4.425591060120611,5.069428078227968,6.026789952855615,7.760904545602097
325,8125,Sybil Attack,0.76,0.8016498443522074,0.2870038209859462,0.359446792337135,0.8016498443522074,0.2870038209859462,0.359446792337135,1.0886536653381536,1.1610966366893425,0.6464506133230812,1.4481004576752885,2.570790239468365,3.401178112755939,0.892188179972523,2.570790239468365,3.401178112755939,0.892188179972523,5.9719683522243034,3.462978419440888,4.293366292728462,6.8641565321968265
326,8150,Normal Traffic,0.68,0.548862264653912,0.22313179566128374,0.38159639968379594,0.548862264653912,0.22313179566128374,0.38159639968379594,0.7719940603151957,0.930458664337708,0.6047281953450797,1.1535904599989917,1.046141705194927,2.173142178337207,1.0903056400738453,1.046141705194927,2.173142178337207,1.0903056400738453,3.2192838835321345,2.1364473452687722,3.2634478184110525,4.30958952360598
327,8175,Wormhole Attack,0.92,0.7914606913083424,0.24626005155235794,0.5486349805295192,0.7914606913083424,0.24626005155235794,0.5486349805295192,1.0377207428607003,1.3400956718378616,0.7948950320818772,1.5863557233902195,2.509335965202368,2.61781774937635,2.5843844676641194,2.509335965202368,2.61781774937635,2.5843844676641194,5.127153714578718,5.093720432866487,5.202202217040469,7.711538182242837
328,8200,Flooding Attack,0.92,0.4601019411696633,0.2965573305197779,0.3003773248140926,0.4601019411696633,0.2965573305197779,0.3003773248140926,0.7566592716894411,0.7604792659837559,0.5969346553338706,1.0570365965035338,0.5107977723030833,3.5848587295474545,0.36384053515673836,0.5107977723030833,3.5848587295474545,0.36384053515673836,4.095656501850538,0.8746383074598216,3.9486992647041927,4.459497037007276
329,8225,Sybil Attack,0.84,0.540817112671504,0.2592288588088062,0.5625880349918932,0.540817112671504,0.2592288588088062,0.5625880349918932,0.8000459714803102,1.1034051476633973,0.8218168938006994,1.3626340064722036,0.9976186361714214,2.8671626113329878,2.7091877505158894,0.9976186361714214,2.8671626113329878,2.7091877505158894,3.864781247504409,3.706806386687311,5.576350361848878,6.573968998020298
330,8250,Sybil Attack,0.76,0.8740418559645251,0.2964788671149557,0.4012047317501482,0.8740418559645251,0.2964788671149557,0.4012047317501482,1.1705207230794807,1.2752465877146733,0.6976835988651039,1.5717254548296289,3.0074112733401885,3.5833501523547207,1.2656926293332578,3.0074112733401885,3.5833501523547207,1.2656926293332578,6.590761425694909,4.273103902673446,4.849042781687978,7.856454055028167
331,8275,Blackhole Attack,0.8,0.7377500328047317,0.26788117493037084,0.5358717181311874,0.7377500328047317,0.26788117493037084,0.5358717181311874,1.0056312077351026,1.2736217509359191,0.8037528930615583,1.54150292586629,2.1853885748277,3.033516426782288,2.4702232958930357,2.1853885748277,3.033516426782288,2.4702232958930357,5.218905001609988,4.655611870720736,5.5037397226753235,7.689128297503023
332,8300,Blackhole Attack,0.88,0.7810063242227162,0.2631891112282002,0.45055294137219837,0.7810063242227162,0.2631891112282002,0.45055294137219837,1.0441954354509164,1.2315592655949146,0.7137420526003986,1.494748376823115,2.446282094150317,2.9433044317256276,1.7070883524200628,2.446282094150317,2.9433044317256276,1.7070883524200628,5.389586525875945,4.15337044657038,4.650392784145691,7.096674878296008
333,8325,Normal Traffic,0.64,0.9119949105046425,0.2815668076083812,0.5069530942306639,0.9119949105046425,0.2815668076083812,0.5069530942306639,1.1935617181130238,1.4189480047353065,0.7885199018390452,1.7005148123436877,3.236319153406339,3.296643337639186,2.2115602764034015,3.236319153406339,3.296643337639186,2.2115602764034015,6.5329624910455255,5.44787942980974,5.508203614042587,8.744522767448927
334,8350,Blackhole Attack,0.92,0.7960065160926127,0.28551345131154826,0.32420656308099355,0.7960065160926127,0.28551345131154826,0.32420656308099355,1.081519967404161,1.1202130791736062,0.6097200143925419,1.4057265304851545,2.5367533925248402,3.372523509955644,0.5769814765603493,2.5367533925248402,3.372523509955644,0.5769814765603493,5.909276902480484,3.1137348690851896,3.9495049865159935,6.486258379040834
335,8375,Sybil Attack,0.8,0.8684504785074232,0.28995942895074445,0.4080277747524788,0.8684504785074232,0.28995942895074445,0.4080277747524788,1.1584099074581675,1.276478253259902,0.6979872037032233,1.5664376822106463,2.9736877594922593,3.458004129629167,1.3267214290147844,2.9736877594922593,3.458004129629167,1.3267214290147844,6.431691889121426,4.300409188507044,4.784725558643951,7.758413318136211
336,8400,Blackhole Attack,0.88,0.8468607017506506,0.2629902830196222,0.24930312234513452,0.8468607017506506,0.2629902830196222,0.24930312234513452,1.1098509847702729,1.0961638240957852,0.5122934053647568,1.3591541071154074,2.8434724161324687,2.939481659805232,-0.09299335410749125,2.8434724161324687,2.939481659805232,-0.09299335410749125,5.782954075937701,2.7504790620249775,2.846488305697741,5.689960721830209
337,8425,Blackhole Attack,0.88,0.8474372194414597,0.29966118763689376,0.5230832996315888,0.8474372194414597,0.29966118763689376,0.5230832996315888,1.1470984070783534,1.3705205190730485,0.8227444872684826,1.6701817067099423,2.846949591923003,3.644535059767844,2.355837115036644,2.846949591923003,3.644535059767844,2.355837115036644,6.491484651690847,5.202786706959647,6.000372174804488,8.847321766727491
338,8450,Wormhole Attack,0.72,0.7102608461484133,0.2146443713037173,0.5396893967030214,0.7102608461484133,0.2146443713037173,0.5396893967030214,0.9249052174521306,1.2499502428514346,0.7543337680067387,1.464594614155152,2.0195918683837113,2.0099586555230666,2.5043705731019483,2.0195918683837113,2.0099586555230666,2.5043705731019483,4.029550523906778,4.52396244148566,4.514329228625015,6.533921097008726
339,8475,Sybil Attack,0.8,0.8640889113738114,0.20667664522778392,0.4881308113542276,0.8640889113738114,0.20667664522778392,0.4881308113542276,1.0707655566015952,1.352219722728039,0.6948074565820115,1.5588963679558228,2.947381653213885,1.856767115296875,2.043204114669892,2.947381653213885,1.856767115296875,2.043204114669892,4.80414876851076,4.990585767883777,3.8999712299667673,6.847352883180651
340,8500,Flooding Attack,0.8,0.7083610794966752,0.28050492728718346,0.4495160852074536,0.7083610794966752,0.28050492728718346,0.4495160852074536,0.9888660067838586,1.1578771647041288,0.7300210124946371,1.4383820919913122,2.008133724575811,3.276227088336701,1.6978141785426377,2.008133724575811,3.276227088336701,1.6978141785426377,5.284360812912512,3.7059479031184486,4.974041266879339,6.98217499145515
341,8525,Wormhole Attack,0.88,0.7258722117231242,0.21954389895546508,0.7241781001677531,0.7258722117231242,0.21954389895546508,0.7241781001677531,0.9454161106785893,1.4500503118908772,0.9437219991232182,1.6695942108463424,2.113749364847333,2.104159457633866,4.154532256592408,2.113749364847333,2.104159457633866,4.154532256592408,4.217908822481199,6.268281621439741,6.258691714226274,8.372441079073607
342,8550,Wormhole Attack,0.76,0.7210247356646201,0.2008264009209077,0.4387837505514235,0.7210247356646201,0.2008264009209077,0.4387837505514235,0.9218511365855278,1.1598084862160436,0.6396101514723311,1.3606348871369511,2.0845125753011664,1.744287352874208,1.6018186672122474,2.0845125753011664,1.744287352874208,1.6018186672122474,3.8287999281753744,3.686331242513414,3.3461060200864554,5.430618595387622
343,8575,Flooding Attack,0.8,0.7136809685130548,0.29963136494128634,0.414847274667114,0.7136809685130548,0.29963136494128634,0.414847274667114,1.0133123334543412,1.1285282431801689,0.7144786396084004,1.4281596081214554,2.0402197985870463,3.6439616735055327,1.3877185375008807,2.0402197985870463,3.6439616735055327,1.3877185375008807,5.684181472092579,3.427938336087927,5.031680211006414,7.07190000959346
344,8600,Blackhole Attack,0.8,0.8330087744912592,0.19855932269838078,0.4310113882018283,0.8330087744912592,0.19855932269838078,0.4310113882018283,1.03156809718964,1.2640201626930876,0.6295707109002091,1.4625794853914682,2.7599266951832844,1.700699357828649,1.5322986678917596,2.7599266951832844,1.700699357828649,1.5322986678917596,4.460626053011933,4.292225363075044,3.2329980257204083,5.992924720903693
345,8625,Sybil Attack,0.84,0.7414981722942813,0.26559559903212077,0.48870516427280913,0.7414981722942813,0.26559559903212077,0.48870516427280913,1.007093771326402,1.2302033365670904,0.7543007633049299,1.4957989355992112,2.207994888736851,2.9895727860471517,2.0483414220564407,2.207994888736851,2.9895727860471517,2.0483414220564407,5.197567674784002,4.256336310793292,5.037914208103592,7.2459090968404425
346,8650,Wormhole Attack,0.88,0.8965046427623067,0.2847097001728832,0.39826945397866853,0.8965046427623067,0.2847097001728832,0.39826945397866853,1.1812143429351898,1.294774096740975,0.6829791541515517,1.5794837969138582,3.1428920394751767,3.3570701831573544,1.239437997922598,3.1428920394751767,3.3570701831573544,1.239437997922598,6.499962222632531,4.382330037397775,4.596508181079953,7.7394002205551296
347,8675,Normal Traffic,0.56,0.5964689145122948,0.22460801303566566,0.4305180391213633,0.5964689145122948,0.22460801303566566,0.4305180391213633,0.8210769275479605,1.0269869536336582,0.655126052157029,1.2515949666693238,1.3332737273254494,2.20152468184386,1.5278859004221013,1.3332737273254494,2.20152468184386,1.5278859004221013,3.5347984091693094,2.8611596277475506,3.7294105822659613,5.062684309591411
348,8700,Blackhole Attack,0.84,0.8529770081682202,0.21833691145657058,0.5360913236646342,0.8529770081682202,0.21833691145657058,0.5360913236646342,1.0713139196247907,1.3890683318328545,0.7544282351212048,1.607405243289425,2.8803619564565794,2.0809533041808876,2.472187560533476,2.8803619564565794,2.0809533041808876,2.472187560533476,4.961315260637467,5.352549516990056,4.553140864714363,7.4335028211709435
349,8725,Flooding Attack,0.8,1.0116959211361485,0.3009177252636975,0.22335413275920146,1.0116959211361485,0.3009177252636975,0.22335413275920146,1.312613646399846,1.23505005389535,0.5242718580228989,1.5359677791590474,3.8376501203246116,3.6686938890960312,-0.32509443962563805,3.8376501203246116,3.6686938890960312,-0.32509443962563805,7.506344009420642,3.5125556806989735,3.343599449470393,7.181249569795004
350,8750,Blackhole Attack,0.72,0.8650942783040536,0.2299667378197867,0.5881929124569543,0.8650942783040536,0.2299667378197867,0.5881929124569543,1.0950610161238403,1.4532871907610079,0.818159650276741,1.6832539285807946,2.953445365752413,2.304554240780046,2.938210920551822,2.953445365752413,2.304554240780046,2.938210920551822,5.25799960653246,5.891656286304235,5.242765161331868,8.196210527084283
351,8775,Normal Traffic,0.68,0.810987375463109,0.32629947238515655,0.400366940508348,0.810987375463109,0.32629947238515655,0.400366940508348,1.1372868478482654,1.211354315971457,0.7266664128935045,1.5376537883566135,2.627108089969406,4.15669622478282,1.2581989943300342,2.627108089969406,4.15669622478282,1.2581989943300342,6.783804314752226,3.8853070842994404,5.4148952191128545,8.04200330908226
352,8800,Wormhole Attack,0.84,0.718154185126385,0.20994019811391437,0.460619137691029,0.718154185126385,0.20994019811391437,0.460619137691029,0.9280943832402994,1.178773322817414,0.6705593358049434,1.3887135209313284,2.0671993011446532,1.9195138373191165,1.797125580455559,2.0671993011446532,1.9195138373191165,1.797125580455559,3.9867131384637697,3.8643248816002123,3.7166394177746755,5.783838718919329
353,8825,Blackhole Attack,0.84,0.9223506151845311,0.2451728543499147,0.6463875913755474,0.9223506151845311,0.2451728543499147,0.6463875913755474,1.1675234695344459,1.5687382065600786,0.891560445725462,1.813911060909993,3.298777957673561,2.5969147448823886,3.458734006957762,3.298777957673561,2.5969147448823886,3.458734006957762,5.89569270255595,6.757511964631323,6.055648751840151,9.354426709513712
354,8850,Wormhole Attack,0.72,0.9152248712551168,0.22896056742412998,0.3714679385716173,0.9152248712551168,0.22896056742412998,0.3714679385716173,1.1441854386792467,1.286692809826734,0.6004285059957473,1.515653377250864,3.2558001537381145,2.2852090987443257,0.9997114837588195,3.2558001537381145,2.2852090987443257,0.9997114837588195,5.54100925248244,4.255511637496934,3.284920582503145,6.540720736241259
355,8875,Normal Traffic,0.64,0.7911030171280404,0.22635408235711788,0.4835590958304311,0.7911030171280404,0.22635408235711788,0.4835590958304311,1.0174570994851584,1.2746621129584716,0.709913178187549,1.5010161953155894,2.5071787096307308,2.235095495667757,2.0023123438269708,2.5071787096307308,2.235095495667757,2.0023123438269708,4.742274205298488,4.509491053457701,4.237407839494727,6.744586549125458
356,8900,Sybil Attack,0.8,0.8135052358565713,0.3185192887749795,0.32998066339598986,0.8135052358565713,0.3185192887749795,0.32998066339598986,1.1320245246315508,1.1434858992525612,0.6484999521709693,1.4620051880275406,2.6422941689808006,4.007110471065003,0.6286279943009793,2.6422941689808006,4.007110471065003,0.6286279943009793,6.649404640045804,3.2709221632817798,4.635738465365982,7.278032634346783
357,8925,Normal Traffic,0.6,0.627010828799734,0.28300111255374827,0.28175907267517036,0.627010828799734,0.28300111255374827,0.28175907267517036,0.9100119413534823,0.9087699014749044,0.5647601852289186,1.1917710140286526,1.5174824804130251,3.3242200115409783,0.197309329092476,1.5174824804130251,3.3242200115409783,0.197309329092476,4.8417024919540035,1.7147918095055013,3.5215293406334545,5.039011821046479
358,8950,Blackhole Attack,0.72,0.8607788143069374,0.2551890058956713,0.5847456215273902,0.8607788143069374,0.2551890058956713,0.5847456215273902,1.1159678202026087,1.4455244358343275,0.8399346274230615,1.7007134417299987,2.9274173232917597,2.7894903514996945,2.907376580578815,2.9274173232917597,2.7894903514996945,2.907376580578815,5.716907674791454,5.834793903870574,5.6968669320785095,8.624284255370268
359,8975,Normal Traffic,0.64,0.9632289970023802,0.278721488839061,0.31092554999165983,0.9632289970023802,0.278721488839061,0.31092554999165983,1.2419504858414412,1.27415454699404,0.5896470388307209,1.552876035833101,3.5453294891864595,3.2419377967417358,0.45818927678675514,3.5453294891864595,3.2419377967417358,0.45818927678675514,6.787267285928195,4.003518765973214,3.700127073528491,7.24545656271495
360,9000,Normal Traffic,0.72,0.6026175740616397,0.25011332333077474,0.4317742865398642,0.6026175740616397,0.25011332333077474,0.4317742865398642,0.8527308973924145,1.034391860601504,0.681887609870639,1.2845051839322787,1.3703584004760994,2.6919027057390887,1.5391224223123983,1.3703584004760994,2.6919027057390887,1.5391224223123983,4.062261106215188,2.9094808227884976,4.231025128051487,5.601383528527586
361,9025,Flooding Attack,0.84,0.7416263759446703,0.26598722358037336,0.38904736716529226,0.7416263759446703,0.26598722358037336,0.38904736716529226,1.0076135995250437,1.1306737431099625,0.6550345907456656,1.396660966690336,2.20876812889322,2.9971023581189646,1.1569509186843545,2.20876812889322,2.9971023581189646,1.1569509186843545,5.205870487012184,3.3657190475775747,4.154053276803319,6.362821405696539
362,9050,Blackhole Attack,0.76,0.8347414878717798,0.26987312785742446,0.34518430881816503,0.8347414878717798,0.26987312785742446,0.34518430881816503,1.1046146157292043,1.1799257966899448,0.6150574366755894,1.4497989245473692,2.7703772834561726,3.071814723441246,0.7646172047723117,2.7703772834561726,3.071814723441246,0.7646172047723117,5.8421920068974185,3.5349944882284845,3.8364319282135577,6.60680921166973
363,9075,Blackhole Attack,0.88,0.9075260587421344,0.2698804324796177,0.4582818055143026,0.9075260587421344,0.2698804324796177,0.4582818055143026,1.1774064912217521,1.365807864256437,0.7281622379939203,1.6356882967360546,3.209365976760061,3.0719551658101083,1.7762192814400173,3.209365976760061,3.0719551658101083,1.7762192814400173,6.281321142570169,4.985585258200079,4.848174447250125,8.057540424010186
364,9100,Normal Traffic,0.68,0.889411786483975,0.17622439215522,0.5540855368752735,0.889411786483975,0.17622439215522,0.5540855368752735,1.065636178639195,1.4434973233592485,0.7303099290304935,1.6197217155144685,3.100112592235414,1.2712766620501685,2.6331370420307603,3.100112592235414,1.2712766620501685,2.6331370420307603,4.371389254285583,5.7332496342661745,3.9044137040809286,7.004526296316342
365,9125,Blackhole Attack,0.88,0.7722965597448704,0.27602259452627936,0.43157090603498743,0.7722965597448704,0.27602259452627936,0.43157090603498743,1.0483191542711499,1.2038674657798578,0.7075935005612668,1.4798900603061373,2.393750519375704,3.1900474866654958,1.5373032826576998,2.393750519375704,3.1900474866654958,1.5373032826576998,5.583798006041199,3.9310538020334036,4.727350769323196,7.121101288698899
366,9150,Blackhole Attack,0.84,0.8737200996676868,0.29724903547055176,0.45164034552155535,0.8737200996676868,0.29724903547055176,0.45164034552155535,1.1709691351382385,1.3253604451892422,0.7488893809921071,1.622609480659794,3.005470650834315,3.598157799543246,1.7168146534240725,3.005470650834315,3.598157799543246,1.7168146534240725,6.6036284503775615,4.722285304258388,5.314972452967318,8.320443103801633
367,9175,Normal Traffic,0.64,0.7086087811131375,0.17639321878246933,0.37483577136870766,0.7086087811131375,0.17639321878246933,0.37483577136870766,0.8850019998956069,1.0834445524818452,0.551228990151177,1.2598377712643145,2.0096276979226313,1.2745226083607017,1.0298351093997977,2.0096276979226313,1.2745226083607017,1.0298351093997977,3.2841503062833333,3.039462807322429,2.3043577177604995,4.313985415683131
368,9200,Blackhole Attack,0.84,0.8766752454357164,0.33174722643219556,0.28685408383749245,0.8766752454357164,0.33174722643219556,0.28685408383749245,1.208422471867912,1.1635293292732087,0.618601310269688,1.4952765557054044,3.0232941478161215,4.261437505455124,0.24288172479543216,3.0232941478161215,4.261437505455124,0.24288172479543216,7.284731653271246,3.2661758726115537,4.504319230250556,7.527613378066678
369,9225,Blackhole Attack,0.84,0.7465179254506995,0.18995505567907217,0.5482943625168499,0.7465179254506995,0.18995505567907217,0.5482943625168499,0.9364729811297716,1.2948122879675494,0.738249418195922,1.4847673436466216,2.2382707405072657,1.5352693587745088,2.5813378052796065,2.2382707405072657,1.5352693587745088,2.5813378052796065,3.7735400992817745,4.819608545786872,4.116607164054115,6.354877904561381
370,9250,Sybil Attack,0.76,0.77411956630383,0.3114149920063063,0.32690071106704743,0.77411956630383,0.3114149920063063,0.32690071106704743,1.0855345583101363,1.1010202773708775,0.6383157030733537,1.4124352693771838,2.4047456967550906,3.8705196603562513,0.6010793193699443,2.4047456967550906,3.8705196603562513,0.6010793193699443,6.275265357111342,3.005825016125035,4.4715989797261955,6.8763446764812866
371,9275,Flooding Attack,0.84,0.8541631757120258,0.25334119778188263,0.4325366757845337,0.8541631757120258,0.25334119778188263,0.4325366757845337,1.1075043734939085,1.2866998514965595,0.6858778735664164,1.5400410492784422,2.88751613946361,2.75396345608486,1.5459416231405905,2.88751613946361,2.75396345608486,1.5459416231405905,5.64147959554847,4.433457762604201,4.29990507922545,7.18742121868906
372,9300,Blackhole Attack,0.88,0.7979820816854122,0.21856657689875486,0.46694373272480266,0.7979820816854122,0.21856657689875486,0.46694373272480266,1.016548658584167,1.264925814410215,0.6855103096235575,1.4834923913089697,2.5486687057258193,2.08536896838541,1.8536960055944753,2.5486687057258193,2.08536896838541,1.8536960055944753,4.634037674111229,4.402364711320295,3.9390649739798853,6.487733679705705
373,9325,Flooding Attack,0.8,0.8140044078287478,0.24709194722447836,0.45769212247264657,0.8140044078287478,0.24709194722447836,0.45769212247264657,1.0610963550532262,1.2716965303013943,0.7047840696971249,1.5187884775258729,2.6453048462325772,2.633812197240786,1.770944853561939,2.6453048462325772,2.633812197240786,1.770944853561939,5.279117043473363,4.416249699794516,4.404757050802726,7.050061897035302
374,9350,Wormhole Attack,0.68,0.7633435685296648,0.20327046460524292,0.5996161803938063,0.7633435685296648,0.20327046460524292,0.5996161803938063,0.9666140331349077,1.362959748923471,0.8028866449990492,1.5662302135287138,2.3397519607838704,1.7912781601190908,3.04038649388302,2.3397519607838704,1.7912781601190908,3.04038649388302,4.131030120902961,5.3801384546668904,4.831664654002111,7.171416614785981
375,9375,Wormhole Attack,0.88,0.8935543592973617,0.2885184997295183,0.3859815514742862,0.8935543592973617,0.2885184997295183,0.3859815514742862,1.18207285902688,1.279535910771648,0.6745000512038045,1.5680544105011662,3.125097868709793,3.430300094041987,1.1295286891010177,3.125097868709793,3.430300094041987,1.1295286891010177,6.55539796275178,4.254626557810811,4.559828783143004,7.684926651852797
376,9400,Wormhole Attack,0.68,0.7189695205122479,0.21774565506004237,0.5572808070386662,0.7189695205122479,0.21774565506004237,0.5572808070386662,0.9367151755722903,1.276250327550914,0.7750264620987086,1.4939959826109566,2.072116868307094,2.069585509004504,2.661717178879296,2.072116868307094,2.069585509004504,2.661717178879296,4.1417023773115975,4.73383404718639,4.7313026878838,6.803419556190894
377,9425,Sybil Attack,0.88,0.7132867136974714,0.2938682858091396,0.4362421729019164,0.7132867136974714,0.2938682858091396,0.4362421729019164,1.0071549995066111,1.1495288865993878,0.7301104587110561,1.4433971724085275,2.037841912666279,3.5331577929146003,1.5790854918249853,2.037841912666279,3.5331577929146003,1.5790854918249853,5.5709997055808795,3.616927404491264,5.112243284739586,7.150085197405865
378,9450,Sybil Attack,0.72,0.7802730112534594,0.28383576581217934,0.41194243741827496,0.7802730112534594,0.28383576581217934,0.41194243741827496,1.0641087770656388,1.1922154486717345,0.6957782032304543,1.4760512144839137,2.441859232295017,3.3402674781575925,1.3617361817534113,2.441859232295017,3.3402674781575925,1.3617361817534113,5.7821267104526095,3.803595414048428,4.7020036599110036,7.1438628922060206
379,9475,Blackhole Attack,0.8,0.7865033622942321,0.3140190453273153,0.2731708520590199,0.7865033622942321,0.3140190453273153,0.2731708520590199,1.1005224076215474,1.059674214353252,0.5871898973863352,1.3736932596805673,2.4794366148296354,3.920586509451558,0.12049187456012564,2.4794366148296354,3.920586509451558,0.12049187456012564,6.400023124281193,2.599928489389761,4.0410783840116835,6.520514998841319
380,9500,Wormhole Attack,0.92,0.6754038908320518,0.23066716490610048,0.45560101804267494,0.6754038908320518,0.23066716490610048,0.45560101804267494,0.9060710557381523,1.1310049088747267,0.6862681829487755,1.3616720737808272,1.8093576239016287,2.318021006974815,1.7522409419309704,1.8093576239016287,2.318021006974815,1.7522409419309704,4.127378630876444,3.561598565832599,4.070261948905785,5.879619572807414
381,9525,Normal Traffic,0.72,0.9461642358859731,0.2896717283260125,0.5538717753345886,0.9461642358859731,0.2896717283260125,0.5538717753345886,1.2358359642119856,1.5000360112205617,0.8435435036606012,1.7897077395465741,3.442406066070067,3.452472651588042,2.6312250490619906,3.442406066070067,3.452472651588042,2.6312250490619906,6.894878717658109,6.0736311151320574,6.083697700650033,9.5261037667201
382,9550,Flooding Attack,0.76,0.7659545877405195,0.3186825296741762,0.36817540447992053,0.7659545877405195,0.3186825296741762,0.36817540447992053,1.0846371174146956,1.13412999222044,0.6868579341540968,1.4528125218946162,2.3554999125524683,4.010249023336697,0.9702613683985436,2.3554999125524683,4.010249023336697,0.9702613683985436,6.365748935889165,3.3257612809510118,4.9805103917352405,7.336010304287709
383,9575,Normal Traffic,0.72,0.8510596447091765,0.3102290279715182,0.350218159973564,0.8510596447091765,0.3102290279715182,0.350218159973564,1.1612886726806946,1.2012778046827406,0.6604471879450822,1.5115068326542587,2.868797680272641,3.8477177146805808,0.8096425539727383,2.868797680272641,3.8477177146805808,0.8096425539727383,6.7165153949532215,3.6784402342453797,4.657360268653319,7.52615794892596
384,9600,Normal Traffic,0.64,0.8052683240562628,0.26351045791420574,0.4897568171665335,0.8052683240562628,0.26351045791420574,0.4897568171665335,1.0687787819704686,1.2950251412227964,0.7532672750807392,1.5585355991370022,2.592614530771247,2.9494828059953533,2.057747945474757,2.592614530771247,2.9494828059953533,2.057747945474757,5.5420973367666,4.650362476246004,5.007230751470111,7.599845282241358
385,9625,Normal Traffic,0.72,0.5433373358480696,0.1355095908607745,0.6644556051068227,0.5433373358480696,0.1355095908607745,0.6644556051068227,0.6788469267088442,1.2077929409548922,0.7999651959675972,1.3433025318156668,1.0128189659375388,0.488473254797141,3.620343598202083,1.0128189659375388,0.488473254797141,3.620343598202083,1.5012922207346797,4.633162564139622,4.108816852999224,5.121635818936763
386,9650,Blackhole Attack,0.84,0.7666091314279474,0.28648270760546884,0.45725896872666044,0.7666091314279474,0.28648270760546884,0.45725896872666044,1.0530918390334163,1.223868100154608,0.7437416763321293,1.5103508077600767,2.3594476898714567,3.391158922760323,1.7670705040691892,2.3594476898714567,3.391158922760323,1.7670705040691892,5.750606612631779,4.126518193940646,5.158229426829513,7.517677116700969
387,9675,Sybil Attack,0.76,0.8532601418761715,0.23852063447294322,0.4205021641680058,0.8532601418761715,0.23852063447294322,0.4205021641680058,1.0917807763491147,1.2737623060441772,0.659022798640949,1.5122829405171205,2.8820696328912625,2.469015793642757,1.438298772515259,2.8820696328912625,2.469015793642757,1.438298772515259,5.35108542653402,4.320368405406521,3.907314566158016,6.7893841990492785
388,9700,Wormhole Attack,0.8,0.6683797473177775,0.19732019823868965,0.4673519890113098,0.6683797473177775,0.19732019823868965,0.4673519890113098,0.8656999455564671,1.1357317363290873,0.6646721872499994,1.333051934567777,1.7669926068926987,1.6768753228777744,1.8573476594268574,1.7669926068926987,1.6768753228777744,1.8573476594268574,3.443867929770473,3.624340266319556,3.534222982304632,5.30121558919733
389,9725,Wormhole Attack,0.84,0.8500496196803129,0.2652484276251085,0.5289453441319149,0.8500496196803129,0.2652484276251085,0.5289453441319149,1.1152980473054215,1.3789949638122279,0.7941937717570233,1.6442433914373362,2.8627058731447974,2.9828978926012852,2.4082702507229334,2.8627058731447974,2.9828978926012852,2.4082702507229334,5.845603765746082,5.270976123867731,5.391168143324219,8.253874016469016
390,9750,Wormhole Attack,0.88,0.7496052966104493,0.23330398116933784,0.4266485894931235,0.7496052966104493,0.23330398116933784,0.4266485894931235,0.9829092777797871,1.1762538861035727,0.6599525706624614,1.4095578672729105,2.256891734145832,2.3687177730043225,1.4932755563045363,2.256891734145832,2.3687177730043225,1.4932755563045363,4.625609507150155,3.7501672904503685,3.861993329308859,6.118885063454691
391,9775,Sybil Attack,0.68,0.7179999505086964,0.3162940446224192,0.2273738297924143,0.7179999505086964,0.3162940446224192,0.2273738297924143,1.0342939951311156,0.9453737803011106,0.5436678744148336,1.26166782492353,2.0662690593025745,3.9643267990535254,-0.2891402055783694,2.0662690593025745,3.9643267990535254,-0.2891402055783694,6.0305958583561,1.7771288537242051,3.675186593475156,5.741455652777731
392,9800,Normal Traffic,0.64,0.9125402098056274,0.29741260785155416,0.38077612012359,0.9125402098056274,0.29741260785155416,0.38077612012359,1.2099528176571817,1.2933163299292174,0.6781887279751442,1.5907289377807716,3.2396080403879672,3.6013027250521574,1.0829686385416026,3.2396080403879672,3.6013027250521574,1.0829686385416026,6.840910765440125,4.32257667892957,4.68427136359376,7.9238794039817275
393,9825,Normal Traffic,0.72,0.9258624483014783,0.22261962224933365,0.41925049763464933,0.9258624483014783,0.22261962224933365,0.41925049763464933,1.148482070550812,1.3451129459361277,0.641870119883983,1.5677325681854615,3.3199590268572488,2.1632948727079975,1.4271032244135997,3.3199590268572488,2.1632948727079975,1.4271032244135997,5.483253899565247,4.747062251270848,3.5903980971215974,6.910357123978846
394,9850,Blackhole Attack,0.76,0.8722420590371867,0.24959791033505974,0.49596436731796145,0.8722420590371867,0.24959791033505974,0.49596436731796145,1.1218399693722465,1.368206426355148,0.7455622776530212,1.617804336690208,2.996556081204042,2.6819931142303313,2.1132714610931,2.996556081204042,2.6819931142303313,2.1132714610931,5.678549195434373,5.1098275422971415,4.795264575323431,7.791820656527473
395,9875,Flooding Attack,0.88,0.9084995922053064,0.25091140988406985,0.2719063751018068,0.9084995922053064,0.25091140988406985,0.2719063751018068,1.1594110020893762,1.1804059673071132,0.5228177849858766,1.4313173771911831,3.2152376907479985,2.7072471223477845,0.10918174345039862,3.2152376907479985,2.7072471223477845,0.10918174345039862,5.9224848130957835,3.324419434198397,2.816428865798183,6.031666556546182
396,9900,Sybil Attack,0.84,0.8255805202034687,0.27821183661066384,0.3329876243372148,0.8255805202034687,0.27821183661066384,0.3329876243372148,1.1037923568141326,1.1585681445406835,0.6111994609478786,1.4367799811513473,2.715124347593236,3.2321389646654555,0.6555237967852239,2.715124347593236,3.2321389646654555,0.6555237967852239,5.947263312258691,3.3706481443784595,3.887662761450679,6.602787109043915
397,9925,Normal Traffic,0.68,0.8788698574950157,0.2248209834521015,0.3372796441205116,0.8788698574950157,0.2248209834521015,0.3372796441205116,1.1036908409471171,1.2161495016155273,0.562100627572613,1.4409704850676288,3.036530605333152,2.205619359020949,0.6939138253244691,3.036530605333152,2.205619359020949,0.6939138253244691,5.242149964354101,3.730444430657621,2.899533184345418,5.93606378967857
398,9950,Blackhole Attack,0.88,0.7420335257312901,0.19964784625940715,0.5614497263325586,0.7420335257312901,0.19964784625940715,0.5614497263325586,0.9416813719906972,1.3034832520638489,0.7610975725919658,1.503131098323256,2.2112237888039665,1.7216278635650355,2.699006133439381,2.2112237888039665,1.7216278635650355,2.699006133439381,3.932851652369002,4.910229922243348,4.420633997004416,6.631857785808383
399,9975,Sybil Attack,0.92,0.7511301301056738,0.2717356433659774,0.5730244131192707,0.7511301301056738,0.2717356433659774,0.5730244131192707,1.022865773471651,1.3241545432249444,0.844760056485248,1.5958901865909216,2.2660885275811733,3.1076243906827203,2.802536074704792,2.2660885275811733,3.1076243906827203,2.802536074704792,5.373712918263894,5.068624602285965,5.910160465387513,8.176248992968686
400,10000,Blackhole Attack,0.92,0.5572963838534375,0.2308572725730346,0.4751400012849214,0.5572963838534375,0.2308572725730346,0.4751400012849214,0.7881536564264721,1.032436385138359,0.705997273857956,1.2632936577113933,1.0970107688205668,2.321676113341286,1.9270076397026907,1.0970107688205668,2.321676113341286,1.9270076397026907,3.418686882161853,3.0240184085232578,4.248683753043977,5.3456945218645435
401,10025,Normal Traffic,0.68,0.9670318300233859,0.26489193288916935,0.20234192290798989,0.9670318300233859,0.26489193288916935,0.20234192290798989,1.2319237629125552,1.1693737529313757,0.46723385579715926,1.4342656858205451,3.568265678529634,2.9760437441076517,-0.5130384325680493,3.568265678529634,2.9760437441076517,-0.5130384325680493,6.544309422637285,3.055227245961585,2.4630053115396024,6.0312709900692365
402,10050,Sybil Attack,0.92,0.548368805812131,0.2693816533566918,0.32854929041431225,0.548368805812131,0.2693816533566918,0.32854929041431225,0.8177504591688227,0.8769180962264432,0.5979309437710041,1.146299749583135,1.0431654857907002,3.062365385570991,0.6158250594611264,1.0431654857907002,3.062365385570991,0.6158250594611264,4.105530871361691,1.6589905452518265,3.6781904450321172,4.721355930822818
403,10075,Normal Traffic,0.68,0.8451949808588215,0.26760847594824283,0.33171514423713966,0.8451949808588215,0.26760847594824283,0.33171514423713966,1.1128034568070644,1.176910125095961,0.5993236201853824,1.4445186010442042,2.8334258825200695,3.0282733779259163,0.6441420814567864,2.8334258825200695,3.0282733779259163,0.6441420814567864,5.861699260445986,3.477567963976856,3.6724154593827025,6.505841341902773
404,10100,Flooding Attack,0.88,0.6356931213327391,0.29594289896680065,0.2989314189849843,0.6356931213327391,0.29594289896680065,0.2989314189849843,0.9316360202995397,0.9346245403177235,0.594874317951785,1.230567439284524,1.5698483624724937,3.5730453570661314,0.35090761106804935,1.5698483624724937,3.5730453570661314,0.35090761106804935,5.142893719538625,1.920755973540543,3.9239529681341807,5.493801330606674
405,10125,Sybil Attack,0.88,0.7463722153658708,0.29480993643838455,0.4336914303371042,0.7463722153658708,0.29480993643838455,0.4336914303371042,1.0411821518042554,1.1800636457029752,0.7285013667754887,1.4748735821413597,2.237391913044587,3.551262445217434,1.5562703407298077,2.237391913044587,3.551262445217434,1.5562703407298077,5.788654358262021,3.7936622537743947,5.1075327859472415,7.344924698991829
406,10150,Sybil Attack,0.76,0.8265691057761073,0.2576119610772907,0.35683032744227133,0.8265691057761073,0.2576119610772907,0.35683032744227133,1.084181066853398,1.1833994332183786,0.614442288519562,1.4410113942956693,2.721086846012368,2.8360753159718604,0.8687851746143802,2.721086846012368,2.8360753159718604,0.8687851746143802,5.557162161984229,3.589872020626748,3.7048604905862406,6.425947336598609
407,10175,Flooding Attack,0.72,0.6629620790129189,0.21690733444183072,0.3730919364219804,0.6629620790129189,0.21690733444183072,0.3730919364219804,0.8798694134547497,1.0360540154348994,0.5899992708638111,1.25296134987673,1.7343167924795035,2.0534675318698326,1.0142373543211456,1.7343167924795035,2.0534675318698326,1.0142373543211456,3.787784324349336,2.7485541468006494,3.0677048861909784,4.8020216786704815
408,10200,Blackhole Attack,0.8,0.6125477998309735,0.19065603253410465,0.7443964811359955,0.6125477998309735,0.19065603253410465,0.7443964811359955,0.8032038323650782,1.3569442809669692,0.9350525136701002,1.5476003135010736,1.430250995603949,1.54874669510133,4.3353758364400194,1.430250995603949,1.54874669510133,4.3353758364400194,2.9789976907052793,5.765626832043969,5.884122531541349,7.314373527145299
409,10225,Normal Traffic,0.68,0.9273920284685104,0.21085902397289458,0.48998530883788766,0.9273920284685104,0.21085902397289458,0.48998530883788766,1.138251052441405,1.417377337306398,0.7008443328107823,1.6282363612792925,3.329184449097149,1.937179649019394,2.059791692294938,3.329184449097149,1.937179649019394,2.059791692294938,5.266364098116543,5.388976141392087,3.9969713413143317,7.32615579041148
410,10250,Wormhole Attack,0.8,0.80808302164889,0.27577312896225387,0.42568804098332613,0.80808302164889,0.27577312896225387,0.42568804098332613,1.083856150611144,1.2337710626322163,0.7014611699455799,1.50954419159447,2.609590936669606,3.185251135282145,1.4846839172706348,2.609590936669606,3.185251135282145,1.4846839172706348,5.794842071951751,4.094274853940241,4.66993505255278,7.279525989222386
411,10275,Wormhole Attack,0.8,0.862896499873751,0.29135608856337325,0.4630013517422283,0.862896499873751,0.29135608856337325,0.4630013517422283,1.1542525884371244,1.3258978516159794,0.7543574403056015,1.6172539401793526,2.9401898107666113,3.484857015282023,1.8184333259995191,2.9401898107666113,3.484857015282023,1.8184333259995191,6.425046826048634,4.758623136766131,5.303290341281542,8.243480152048154
412,10300,Blackhole Attack,0.84,0.7761737175964102,0.28237862056248064,0.3199602289821554,0.7761737175964102,0.28237862056248064,0.3199602289821554,1.0585523381588908,1.0961339465785656,0.602338849544636,1.3785125671410463,2.417134987246127,3.3122516649873996,0.5390000842387256,2.417134987246127,3.3122516649873996,0.5390000842387256,5.729386652233527,2.9561350714848524,3.851251749226125,6.2683867364722525
413,10325,Blackhole Attack,0.76,1.2480582688338546,0.2207370683743303,0.5050456457996586,1.2480582688338546,0.2207370683743303,0.5050456457996586,1.468795337208185,1.7531039146335132,0.7257827141739889,1.9738409830078436,5.2632324507731285,2.127099937676077,2.1944990783193643,5.2632324507731285,2.127099937676077,2.1944990783193643,7.390332388449206,7.457731529092493,4.321599015995441,9.58483146676857
414,10350,Blackhole Attack,0.8,0.90080410055321,0.30501970664334094,0.31369755179826725,0.90080410055321,0.30501970664334094,0.31369755179826725,1.205823807196551,1.2145016523514773,0.6187172584416082,1.5195213589948182,3.1688235430201486,3.747560662318168,0.4829834841388836,3.1688235430201486,3.747560662318168,0.4829834841388836,6.916384205338316,3.651807027159032,4.230544146457051,7.3993676894772
415,10375,Blackhole Attack,0.76,0.6869856891757942,0.24321036414164623,0.6033430720068592,0.6869856891757942,0.24321036414164623,0.6033430720068592,0.9301960533174404,1.2903287611826535,0.8465534361485054,1.5335391253242996,1.8792114192902811,2.5591829133888915,3.0737217259209944,1.8792114192902811,2.5591829133888915,3.0737217259209944,4.438394332679173,4.952933145211276,5.632904639309886,7.512116058600167
416,10400,Flooding Attack,0.8,0.8460376139779081,0.22509618580788307,0.40074861393205813,0.8460376139779081,0.22509618580788307,0.40074861393205813,1.0711337997857913,1.2467862279099662,0.6258447997399412,1.4718824137178494,2.838508091667683,2.210910539008097,1.261612877389457,2.838508091667683,2.210910539008097,1.261612877389457,5.049418630675779,4.10012096905714,3.472523416397554,6.311031508065236
417,10425,Blackhole Attack,0.76,0.9214485645321625,0.2569881326644136,0.5115723965830261,0.9214485645321625,0.2569881326644136,0.5115723965830261,1.178436697196576,1.4330209611151887,0.7685605292474398,1.6900090937796022,3.2933373810177953,2.824081274699012,2.252877688272918,3.2933373810177953,2.824081274699012,2.252877688272918,6.117418655716808,5.546215069290714,5.07695896297193,8.370296343989725
418,10450,Sybil Attack,0.8,0.8016441353234248,0.3260140033205636,0.27426964485447525,0.8016441353234248,0.3260140033205636,0.27426964485447525,1.1276581386439883,1.0759137801779,0.6002836481750389,1.4019277834984636,2.5707558063590485,4.151207651848062,0.13032004146196727,2.5707558063590485,4.151207651848062,0.13032004146196727,6.72196345820711,2.701075847821016,4.2815276933100295,6.852283499669078
419,10475,Blackhole Attack,0.76,0.819211040803374,0.20753668269747944,0.6054841464801689,0.819211040803374,0.20753668269747944,0.6054841464801689,1.0267477235008535,1.424695187283543,0.8130208291776484,1.6322318699810223,2.676707834238309,1.8733026316260377,3.0928725952750664,2.676707834238309,1.8733026316260377,3.0928725952750664,4.5500104658643465,5.7695804295133755,4.966175226901104,7.642883061139413
420,10500,Sybil Attack,0.76,0.8291450117911221,0.2517684097388311,0.36123281140715796,0.8291450117911221,0.2517684097388311,0.36123281140715796,1.0809134215299532,1.19037782319828,0.613001221145989,1.442146232937111,2.736623018062062,2.723724235952511,0.9081632515079927,2.736623018062062,2.723724235952511,0.9081632515079927,5.460347254014573,3.6447862695700546,3.631887487460504,6.368510505522567
421,10525,Blackhole Attack,0.72,0.6881940679633775,0.21476795692588824,0.5474695570528935,0.6881940679633775,0.21476795692588824,0.5474695570528935,0.9029620248892657,1.235663625016271,0.7622375139787817,1.4504315819421592,1.8864995659212778,2.0123347753381493,2.5739603217405413,1.8864995659212778,2.0123347753381493,2.5739603217405413,3.898834341259427,4.460459887661819,4.586295097078691,6.472794662999968
422,10550,Blackhole Attack,0.8,0.9970415634393628,0.27270350217207046,0.5783467721878789,0.9970415634393628,0.27270350217207046,0.5783467721878789,1.2697450656114333,1.5753883356272418,0.8510502743599493,1.8480918377993123,3.749264666380279,3.1262329346780673,2.850141986805932,3.749264666380279,3.1262329346780673,2.850141986805932,6.875497601058346,6.599406653186211,5.976374921483999,9.72563958786428
423,10575,Flooding Attack,0.72,0.6250405829225246,0.2866281657569943,0.42632891097689624,0.6250405829225246,0.2866281657569943,0.42632891097689624,0.911668748679519,1.051369493899421,0.7129570767338905,1.3379976596564152,1.5055992522400634,3.393955574911549,1.490416187526902,1.5055992522400634,3.393955574911549,1.490416187526902,4.899554827151612,2.9960154397669654,4.884371762438451,6.3899710146785145
424,10600,Wormhole Attack,0.76,0.7789534323033273,0.23493398546482122,0.5688509304105506,0.7789534323033273,0.23493398546482122,0.5688509304105506,1.0138874177681485,1.3478043627138778,0.8037849158753718,1.5827383481786992,2.4339003993706374,2.4000570618077663,2.765206302619552,2.4339003993706374,2.4000570618077663,2.765206302619552,4.833957461178404,5.199106701990189,5.165263364427318,7.599163763797955
425,10625,Wormhole Attack,0.8,0.6948076777866861,0.2137283793930009,0.5906346504838788,0.6948076777866861,0.2137283793930009,0.5906346504838788,0.908536057179687,1.2854423282705647,0.8043630298768797,1.4991707076635659,1.9263885135325431,1.992347330748584,2.9600510790953107,1.9263885135325431,1.992347330748584,2.9600510790953107,3.918735844281127,4.886439592627854,4.9523984098438945,6.878786923376438
426,10650,Blackhole Attack,0.84,0.7794095616368627,0.2918994593969653,0.31860730765667833,0.7794095616368627,0.2918994593969653,0.31860730765667833,1.071309021033828,1.098016869293541,0.6105067670536437,1.3899163286905063,2.436651471716217,3.495304138353107,0.5268988612903719,2.436651471716217,3.495304138353107,0.5268988612903719,5.931955610069324,2.963550333006589,4.022202999643479,6.458854471359696
427,10675,Flooding Attack,0.84,0.8027448249636566,0.3004523697688037,0.43154068368538895,0.8027448249636566,0.3004523697688037,0.43154068368538895,1.1031971947324604,1.2342855086490456,0.7319930534541926,1.5347378784178494,2.5773944428326927,3.6597467284712666,1.5370329584462121,2.5773944428326927,3.6597467284712666,1.5370329584462121,6.237141171303959,4.114427401278904,5.196779686917479,7.774174129750171
428,10700,Blackhole Attack,0.76,0.8072522916091199,0.2818737308661201,0.46088885388919243,0.8072522916091199,0.2818737308661201,0.46088885388919243,1.0891260224752402,1.2681411454983125,0.7427625847553125,1.5500148763644326,2.6045805190730453,3.3025443997660933,1.7995380606089093,2.6045805190730453,3.3025443997660933,1.7995380606089093,5.907124918839139,4.404118579681954,5.102082460375002,7.706662979448048
429,10725,Normal Traffic,0.68,0.8508746699658972,0.22932736790907704,0.3661471090651936,0.8508746699658972,0.22932736790907704,0.3661471090651936,1.0802020378749742,1.2170217790310909,0.5954744769742706,1.4463491469401677,2.8676820341971694,2.292261390792176,0.9521192528471618,2.8676820341971694,2.292261390792176,0.9521192528471618,5.159943424989345,3.8198012870443314,3.244380643639338,6.112062677836507
430,10750,Blackhole Attack,0.76,0.9704912922408699,0.1992594833838629,0.3968769314669568,0.9704912922408699,0.1992594833838629,0.3968769314669568,1.169750775624733,1.3673682237078268,0.5961364148508197,1.5666277070916896,3.5891308808689124,1.7141610020659939,1.2269825616326255,3.5891308808689124,1.7141610020659939,1.2269825616326255,5.303291882934906,4.816113442501538,2.9411435636986196,6.530274444567532
431,10775,Sybil Attack,0.84,0.7044637527560818,0.2946094467282128,0.4007885786203387,0.7044637527560818,0.2946094467282128,0.4007885786203387,0.9990731994842945,1.1052523313764204,0.6953980253485514,1.3998617781046332,1.9846276112227643,3.547407728425214,1.2619703420800028,1.9846276112227643,3.547407728425214,1.2619703420800028,5.532035339647979,3.246597953302767,4.8093780705052165,6.794005681727981
432,10800,Blackhole Attack,0.84,0.9035550352210933,0.3055346414400525,0.5150388680357463,0.9035550352210933,0.3055346414400525,0.5150388680357463,1.2090896766611459,1.4185939032568395,0.8205735094757988,1.7241285446968921,3.185415372865096,3.757461059730495,2.283883588692647,3.185415372865096,3.757461059730495,2.283883588692647,6.942876432595591,5.469298961557743,6.0413446484231415,9.22676002128824
433,10825,Normal Traffic,0.56,0.8595874630005337,0.2933395802122211,0.25495012492244856,0.8595874630005337,0.2933395802122211,0.25495012492244856,1.1529270432127547,1.1145375879229822,0.5482897051346697,1.4078771681352034,2.9202318752358027,3.522992631117335,-0.04248366378687551,2.9202318752358027,3.522992631117335,-0.04248366378687551,6.443224506353138,2.8777482114489272,3.4805089673304597,6.400740842566263
434,10850,Wormhole Attack,0.92,0.6604786746933144,0.18775176969058174,0.6072177153328758,0.6604786746933144,0.18775176969058174,0.6072177153328758,0.8482304443838962,1.2676963900261904,0.7949694850234575,1.4554481597167719,1.7193385298591157,1.4929078655556174,3.1083785251380096,1.7193385298591157,1.4929078655556174,3.1083785251380096,3.2122463954147333,4.827717054997125,4.601286390693627,6.320624920552743
435,10875,Wormhole Attack,0.84,0.9129346890155264,0.2666120460997991,0.538063505169058,0.9129346890155264,0.2666120460997991,0.538063505169058,1.1795467351153255,1.4509981941845844,0.804675551268857,1.7176102402843836,3.2419872797077613,3.0091155125882123,2.489827764461251,3.2419872797077613,3.0091155125882123,2.489827764461251,6.251102792295974,5.7318150441690126,5.498943277049463,8.740930556757226
436,10900,Wormhole Attack,0.76,0.8665667758494369,0.18271395076115488,0.4963678087870702,0.8665667758494369,0.18271395076115488,0.4963678087870702,1.0492807266105917,1.362934584636507,0.679081759548225,1.545648535397662,2.962326503136494,1.3960482052429153,2.1168800487266597,2.962326503136494,1.3960482052429153,2.1168800487266597,4.358374708379409,5.0792065518631535,3.5129282539695748,6.475254757106068
437,10925,Blackhole Attack,0.76,0.8375004009016573,0.22395450533318856,0.29964157785728307,0.8375004009016573,0.22395450533318856,0.29964157785728307,1.061454906234846,1.1371419787589403,0.5235960831904716,1.361096484092129,2.787017233536833,2.188960011505288,0.35725963662977817,2.787017233536833,2.188960011505288,0.35725963662977817,4.975977245042121,3.1442768701666113,2.5462196481350663,5.333236881671899
438,10950,Wormhole Attack,0.88,0.6748022609134617,0.24042562766714523,0.5789609077307228,0.6748022609134617,0.24042562766714523,0.5789609077307228,0.915227888580607,1.2537631686441846,0.8193865353978681,1.4941887963113298,1.805728987658313,2.5056421583996595,2.8556351304089733,1.805728987658313,2.5056421583996595,2.8556351304089733,4.311371146057972,4.6613641180672865,5.361277288808633,7.167006276466946
439,10975,Normal Traffic,0.68,0.9056148653763462,0.24155650152273983,0.4883355589721814,0.9056148653763462,0.24155650152273983,0.4883355589721814,1.147171366899086,1.3939504243485277,0.7298920604949213,1.6355069258712673,3.197838914523301,2.527384912365981,2.045035482485851,3.197838914523301,2.527384912365981,2.045035482485851,5.725223826889282,5.242874397009152,4.572420394851832,7.770259309375133
440,11000,Sybil Attack,0.84,0.7693983390202818,0.2898439109986892,0.22459086629029176,0.7693983390202818,0.2898439109986892,0.22459086629029176,1.059242250018971,0.9939892053105736,0.514434777288981,1.283833116309263,2.3762703568415366,3.4557831229290787,-0.31403245996310974,2.3762703568415366,3.4557831229290787,-0.31403245996310974,5.832053479770615,2.0622378968784267,3.141750662965969,5.518021019807506
441,11025,Blackhole Attack,0.88,0.7308384588755306,0.22900710470167357,0.49581825341977803,0.7308384588755306,0.22900710470167357,0.49581825341977803,0.9598455635772041,1.2266567122953087,0.7248253581214517,1.455663816996982,2.1437025035687567,2.286103848031248,2.1119645433703362,2.1437025035687567,2.286103848031248,2.1119645433703362,4.429806351600005,4.255667046939093,4.398068391401584,6.541770894970341
442,11050,Blackhole Attack,0.8,0.7320418486143975,0.24320752335838514,0.3983152413136794,0.7320418486143975,0.24320752335838514,0.3983152413136794,0.9752493719727826,1.1303570899280768,0.6415227646720645,1.373564613286462,2.1509605595369847,2.559128295049973,1.2398475433549476,2.1509605595369847,2.559128295049973,1.2398475433549476,4.710088854586958,3.390808102891932,3.798975838404921,5.949936397941906
443,11075,Wormhole Attack,0.72,0.6733141117640482,0.2997924912187153,0.3152268745175489,0.6733141117640482,0.2997924912187153,0.3152268745175489,0.9731066029827635,0.988540986281597,0.6150193657362641,1.2883334775003124,1.7967534500858515,3.647059568987258,0.4966625317209618,1.7967534500858515,3.647059568987258,0.4966625317209618,5.44381301907311,2.293415981806813,4.14372210070822,5.940475550794072
444,11100,Sybil Attack,0.92,0.8943413973268896,0.2673369603567433,0.3738284959898902,0.8943413973268896,0.2673369603567433,0.3738284959898902,1.161678357683633,1.2681698933167798,0.6411654563466336,1.5355068536735232,3.1298447648174625,3.0230530815376064,1.020825521258995,3.1298447648174625,3.0230530815376064,1.020825521258995,6.152897846355069,4.1506702860764575,4.043878602796601,7.173723367614064
445,11125,Blackhole Attack,0.72,0.8301433701300603,0.24009023944072003,0.4505278505088693,0.8301433701300603,0.24009023944072003,0.4505278505088693,1.0702336095707803,1.2806712206389297,0.6906180899495893,1.5207614600796495,2.742644459384292,2.4991938143564325,1.706863926856363,2.742644459384292,2.4991938143564325,1.706863926856363,5.241838273740724,4.449508386240655,4.2060577412127955,6.948702200597086
446,11150,Wormhole Attack,0.76,0.9330193217104787,0.2709459430181079,0.518812804387268,0.9330193217104787,0.2709459430181079,0.518812804387268,1.2039652647285868,1.4518321260977467,0.7897587474053759,1.7227780691158547,3.363124583353483,3.0924412115103475,2.317639613025071,3.363124583353483,3.0924412115103475,2.317639613025071,6.45556579486383,5.680764196378554,5.410080824535418,8.7732054078889
447,11175,Blackhole Attack,0.8,0.8687070881621044,0.2565740748672253,0.41457051970724157,0.8687070881621044,0.2565740748672253,0.41457051970724157,1.1252811630293298,1.283277607869346,0.6711445945744668,1.5398516827365714,2.9752354602707434,2.8161203896121694,1.3852430990489824,2.9752354602707434,2.8161203896121694,1.3852430990489824,5.791355849882913,4.360478559319725,4.201363488661151,7.176598948931895
448,11200,Blackhole Attack,0.88,0.6455251913084149,0.2011599998660967,0.4783022668403346,0.6455251913084149,0.2011599998660967,0.4783022668403346,0.8466851911745116,1.1238274581487495,0.6794622667064313,1.3249874580148462,1.6291489463666042,1.7507012952894345,1.9552925663923193,1.6291489463666042,1.7507012952894345,1.9552925663923193,3.3798502416560385,3.5844415127589233,3.705993861681754,5.335142808048358
449,11225,Normal Traffic,0.72,0.9601717108402091,0.237544735791725,0.4468059476798158,0.9601717108402091,0.237544735791725,0.4468059476798158,1.197716446631934,1.4069776585200249,0.6843506834715408,1.64452239431175,3.526889948479705,2.4502526709329926,1.6735733170638079,3.526889948479705,2.4502526709329926,1.6735733170638079,5.977142619412698,5.2004632655435135,4.123825987996801,7.650715936476505
450,11250,Wormhole Attack,0.8,0.7865091251199184,0.27917863151508304,0.5432365540945193,0.7865091251199184,0.27917863151508304,0.5432365540945193,1.0656877566350014,1.3297456792144378,0.8224151856096024,1.6089243107295208,2.4794713724065165,3.2507270535479487,2.5360981699836667,2.4794713724065165,3.2507270535479487,2.5360981699836667,5.730198425954465,5.015569542390184,5.786825223531615,8.266296595938131
451,11275,Flooding Attack,0.84,0.6751037282032462,0.24973931062556937,0.5335167140258809,0.6751037282032462,0.24973931062556937,0.5335167140258809,0.9248430388288156,1.208620442229127,0.7832560246514502,1.4583597528546965,1.8075472402087338,2.6847117478888136,2.449158930075199,1.8075472402087338,2.6847117478888136,2.449158930075199,4.492258988097547,4.256706170283932,5.133870677964012,6.941417918172746
452,11300,Wormhole Attack,0.8,0.9198152606139344,0.28146148089346323,0.3810367125332151,0.9198152606139344,0.28146148089346323,0.3810367125332151,1.2012767415073977,1.3008519731471495,0.6624981934266783,1.5823134540406127,3.2834863652838666,3.2946182728300446,1.0852995108459544,3.2834863652838666,3.2946182728300446,1.0852995108459544,6.578104638113912,4.368785876129821,4.3799177836759995,7.6634041489598665
453,11325,Normal Traffic,0.64,0.7260200925776857,0.20396984679218116,0.580700102648972,0.7260200925776857,0.20396984679218116,0.580700102648972,0.929989939369867,1.3067201952266578,0.7846699494411531,1.510690042018839,2.114641284966286,1.804724836548825,2.871191382690646,2.114641284966286,1.804724836548825,2.871191382690646,3.919366121515111,4.985832667656932,4.675916219239471,6.790557504205757
454,11350,Sybil Attack,0.92,0.8168504427506385,0.3192416976920005,0.3301058965135107,0.8168504427506385,0.3192416976920005,0.3301058965135107,1.136092140442639,1.146956339264149,0.6493475942055111,1.4661980369561496,2.6624702583043667,4.020999871079124,0.6297481436009413,2.6624702583043667,4.020999871079124,0.6297481436009413,6.68347012938349,3.2922184019053082,4.650748014680065,7.3132182729844315
455,11375,Sybil Attack,0.84,0.5259723301823979,0.2932455141803568,0.43939525964668635,0.5259723301823979,0.2932455141803568,0.43939525964668635,0.8192178443627547,0.9653675898290842,0.7326407738270432,1.258613104009441,0.9080846650378852,3.5211840699084123,1.6072883185196598,0.9080846650378852,3.5211840699084123,1.6072883185196598,4.429268734946297,2.515372983557545,5.128472388428072,6.036557053465957
456,11400,Sybil Attack,0.88,0.5687841526527015,0.2782894823493684,0.3814995604548635,0.5687841526527015,0.2782894823493684,0.3814995604548635,0.84707363500207,0.950283713107565,0.6597890428042319,1.2285731954569334,1.1662974397985246,3.233631820994952,1.0894394602913329,1.1662974397985246,3.233631820994952,1.0894394602913329,4.399929260793477,2.2557369000898575,4.323071281286285,5.489368721084809
457,11425,Wormhole Attack,0.76,0.7276494948097765,0.2357457526957298,0.40258983091849837,0.7276494948097765,0.2357457526957298,0.40258983091849837,0.9633952475055063,1.1302393257282748,0.6383355836142282,1.3659850784240046,2.124468768293845,2.415664510058737,1.278081667428931,2.124468768293845,2.415664510058737,1.278081667428931,4.540133278352582,3.402550435722776,3.693746177487668,5.818214945781513
458,11450,Blackhole Attack,0.76,0.8624472910107638,0.2027138343719569,0.4594604529811893,0.8624472910107638,0.2027138343719569,0.4594604529811893,1.0651611253827207,1.321907743991953,0.6621742873531462,1.5246215783639099,2.937480478150849,1.7805761051085511,1.7867617095219153,2.937480478150849,1.7805761051085511,1.7867617095219153,4.718056583259401,4.724242187672765,3.5673378146304664,6.504818292781316
459,11475,Sybil Attack,0.84,0.4869946851980033,0.24023376629184506,0.3338817900287833,0.4869946851980033,0.24023376629184506,0.3338817900287833,0.7272284514898484,0.8208764752267866,0.5741155563206284,1.0611102415186318,0.6729971288313417,2.50195333434722,0.6635216738107959,0.6729971288313417,2.50195333434722,0.6635216738107959,3.1749504631785617,1.3365188026421375,3.165475008158016,3.8384721369893575
460,11500,Normal Traffic,0.68,0.863176063541077,0.22665891426071277,0.3018643056986349,0.863176063541077,0.22665891426071277,0.3018643056986349,1.0898349778017897,1.165040369239712,0.5285232199593477,1.3916992835004247,2.941875955062677,2.2409563483598234,0.37714085562987526,2.941875955062677,2.2409563483598234,0.37714085562987526,5.182832303422501,3.319016810692552,2.6180972039896986,5.559973159052376
461,11525,Wormhole Attack,0.8,0.5519372255311399,0.18737189757185466,0.47130789274796303,0.5519372255311399,0.18737189757185466,0.47130789274796303,0.7393091231029946,1.023245118279103,0.6586797903198177,1.2106170158509575,1.0646878481660698,1.4856042516509473,1.8927312934771112,1.0646878481660698,1.4856042516509473,1.8927312934771112,2.550292099817017,2.957419141643181,3.3783355451280586,4.443023393294128
462,11550,Blackhole Attack,0.8,0.9622140163406209,0.2349296424532928,0.4347841553191921,0.9622140163406209,0.2349296424532928,0.4347841553191921,1.1971436587939137,1.396998171659813,0.669713797772485,1.631927814113106,3.5392077929381145,2.3999735608667296,1.5660442339935705,3.5392077929381145,2.3999735608667296,1.5660442339935705,5.939181353804845,5.1052520269316854,3.9660177948603,7.5052255877984155
463,11575,Normal Traffic,0.6,0.8484785873642594,0.2912590526410294,0.4414648947111535,0.8484785873642594,0.2912590526410294,0.4414648947111535,1.1397376400052888,1.289943482075413,0.7327239473521829,1.5812025347164422,2.853230438786725,3.482991353453359,1.6258001971228118,2.853230438786725,3.482991353453359,1.6258001971228118,6.336221792240084,4.479030635909536,5.108791550576171,7.962021989362896
464,11600,Sybil Attack,0.76,0.8777073370251601,0.28212273172652186,0.3047054389250781,0.8777073370251601,0.28212273172652186,0.3047054389250781,1.159830068751682,1.1824127759502383,0.5868281706516,1.46453550767676,3.0295190459339776,3.3073318165220242,0.4025534098942855,3.0295190459339776,3.3073318165220242,0.4025534098942855,6.336850862456002,3.432072455828263,3.7098852264163096,6.739404272350288
465,11625,Blackhole Attack,0.84,0.9292758121036264,0.2213236851514548,0.6012177810484797,0.9292758121036264,0.2213236851514548,0.6012177810484797,1.1505994972550813,1.530493593152106,0.8225414661999345,1.751817278303561,3.3405461938537377,2.1383785291780697,3.0547120324279886,3.3405461938537377,2.1383785291780697,3.0547120324279886,5.478924723031808,6.395258226281726,5.193090561606058,8.533636755459796
466,11650,Blackhole Attack,0.88,0.4923017014199262,0.26488132984981494,0.47062304143262146,0.4923017014199262,0.26488132984981494,0.47062304143262146,0.7571830312697412,0.9629247428525476,0.7355043712824364,1.2278060727023625,0.7050055626071512,2.975839884698543,1.8866056316981463,0.7050055626071512,2.975839884698543,1.8866056316981463,3.6808454473056944,2.5916111943052975,4.862445516396689,5.567451079003841
467,11675,Blackhole Attack,0.88,0.9467661035586676,0.26806589167431605,0.4731045439054035,0.9467661035586676,0.26806589167431605,0.4731045439054035,1.2148319952329838,1.4198706474640712,0.7411704355797195,1.6879365391383874,3.4460361362898757,3.037067884530817,1.9088014638611417,3.4460361362898757,3.037067884530817,1.9088014638611417,6.483104020820693,5.354837600151018,4.945869348391959,8.391905484681834
468,11700,Wormhole Attack,0.92,0.9042809387728192,0.22349609446679997,0.3703650330701018,0.9042809387728192,0.22349609446679997,0.3703650330701018,1.127777033239619,1.274645971842921,0.5938611275369018,1.498142066309721,3.189793545983743,2.1801463718282657,0.9898465307024411,3.189793545983743,2.1801463718282657,0.9898465307024411,5.369939917812008,4.179640076686184,3.1699929025307068,6.359786448514449
469,11725,Normal Traffic,0.68,0.6141642086234129,0.2700049732771746,0.26583564763295875,0.6141642086234129,0.2700049732771746,0.26583564763295875,0.8841691819005875,0.8799998562563717,0.5358406209101334,1.1500048295335463,1.4400001110435636,3.0743496503113223,0.05488204015219007,1.4400001110435636,3.0743496503113223,0.05488204015219007,4.514349761354886,1.4948821511957537,3.1292316904635125,4.569231801507076
470,11750,Normal Traffic,0.64,0.72266396582403,0.24538004422823476,0.4028600976527957,0.72266396582403,0.24538004422823476,0.4028600976527957,0.9680440100522648,1.1255240634768258,0.6482401418810304,1.3709041077050605,2.0943993342268383,2.6008982825036178,1.2804990718601177,2.0943993342268383,2.6008982825036178,1.2804990718601177,4.695297616730456,3.374898406086956,3.8813973543637355,5.975796688590574
471,11775,Wormhole Attack,0.8,0.7841528905317541,0.25587620193028554,0.4054793750511884,0.7841528905317541,0.25587620193028554,0.4054793750511884,1.0400290924620397,1.1896322655829425,0.661355576981474,1.4455084675132281,2.4652601140229486,2.802702730787917,1.3039272336938126,2.4652601140229486,2.802702730787917,1.3039272336938126,5.2679628448108655,3.7691873477167612,4.10662996448173,6.571890078504678
472,11800,Sybil Attack,0.84,0.7456858320130634,0.33767390554182136,0.33593334784715617,0.7456858320130634,0.33767390554182136,0.33593334784715617,1.0833597375548847,1.0816191798602195,0.6736072533889775,1.419293085402041,2.2332520997908802,4.375386842138816,0.6818718602437085,2.2332520997908802,4.375386842138816,0.6818718602437085,6.608638941929696,2.9151239600345886,5.057258702382525,7.290510802173404
473,11825,Blackhole Attack,0.72,0.78336569748264,0.23527579513020214,0.5424403322577726,0.78336569748264,0.23527579513020214,0.5424403322577726,1.0186414926128422,1.3258060297404124,0.7777161273879747,1.5610818248706146,2.4605122829390225,2.406628867691262,2.528976353081695,2.4605122829390225,2.406628867691262,2.528976353081695,4.867141150630284,4.989488636020718,4.935605220772957,7.396117503711979
474,11850,Blackhole Attack,0.8,0.8329209992908921,0.22580458945850954,0.5488233326202177,0.8329209992908921,0.22580458945850954,0.5488233326202177,1.0587255887494016,1.3817443319111098,0.7746279220787272,1.6075489213696192,2.759397292865556,2.224530666671511,2.5860691854665583,2.759397292865556,2.224530666671511,2.5860691854665583,4.983927959537067,5.345466478332114,4.810599852138069,7.569997145003626
475,11875,Blackhole Attack,0.72,0.9093027997276816,0.17428747261849672,0.47235445406253596,0.9093027997276816,0.17428747261849672,0.47235445406253596,1.0835902723461783,1.3816572537902174,0.6466419266810327,1.5559447264087143,3.220082110609007,1.2340364652490903,1.902092275197392,3.220082110609007,1.2340364652490903,1.902092275197392,4.4541185758580975,5.1221743858063995,3.136128740446482,6.35621085105549
476,11900,Normal Traffic,0.68,0.8921772566686722,0.29201195891047543,0.2789707703895052,0.8921772566686722,0.29201195891047543,0.2789707703895052,1.1841892155791476,1.1711480270581773,0.5709827292999806,1.4631599859686528,3.1167920907642093,3.497467111023737,0.17236932188670612,3.1167920907642093,3.497467111023737,0.17236932188670612,6.614259201787947,3.289161412650915,3.669836432910443,6.786628523674653
477,11925,Wormhole Attack,0.76,0.6969486692419299,0.17641620015999115,0.6117362890945516,0.6969486692419299,0.17641620015999115,0.6117362890945516,0.873364869401921,1.3086849583364815,0.7881524892545427,1.4851011584964726,1.9393015668084415,1.274964459973764,3.1487949687766204,1.9393015668084415,1.274964459973764,3.1487949687766204,3.214266026782205,5.088096535585062,4.423759428750384,6.3630609955588255
478,11950,Blackhole Attack,0.72,0.7568512652078093,0.26584349759722437,0.4617414082894676,0.7568512652078093,0.26584349759722437,0.4617414082894676,1.0226947628050338,1.218592673497277,0.7275849058866919,1.4844361710945013,2.300594654259794,2.994339009514948,1.8071637448811941,2.300594654259794,2.994339009514948,1.8071637448811941,5.294933663774742,4.107758399140988,4.801502754396142,7.102097408655936
479,11975,Blackhole Attack,0.88,0.9603235743246047,0.28209148009779755,0.44648090697789655,0.9603235743246047,0.28209148009779755,0.44648090697789655,1.2424150544224022,1.4068044813025011,0.7285723870756942,1.6888959614002987,3.527805889204205,3.3067309568673084,1.6706659861443052,3.527805889204205,3.3067309568673084,1.6706659861443052,6.834536846071513,5.19847187534851,4.977396943011613,8.505202832215819
480,12000,Normal Traffic,0.68,0.7045556240220413,0.2921559924389637,0.30822053350770257,0.7045556240220413,0.2921559924389637,0.30822053350770257,0.996711616461005,1.0127761575297438,0.6003765259466662,1.3049321499687077,1.9851817183159777,3.500236372650335,0.43399422055183673,1.9851817183159777,3.500236372650335,0.43399422055183673,5.485418090966313,2.4191759388678142,3.9342305932021717,5.919412311518149
481,12025,Blackhole Attack,0.92,0.8221485423346877,0.22782937320730948,0.5418254776002709,0.8221485423346877,0.22782937320730948,0.5418254776002709,1.0499779155419973,1.3639740199349586,0.7696548508075803,1.5918033931422682,2.6944249127810473,2.2634601853506893,2.523476777347949,2.6944249127810473,2.2634601853506893,2.523476777347949,4.957885098131737,5.217901690128997,4.786936962698638,7.481361875479686
482,12050,Sybil Attack,0.76,0.8762390113542109,0.29953990155400767,0.4483342806721525,0.8762390113542109,0.29953990155400767,0.4483342806721525,1.1757789129082186,1.3245732920263633,0.7478741822261601,1.624113193580371,3.0206630705544883,3.6422031520606444,1.6872435120199474,3.0206630705544883,3.6422031520606444,1.6872435120199474,6.662866222615133,4.707906582574436,5.329446664080592,8.35010973463508
483,12075,Sybil Attack,0.8,0.7955565280638536,0.32060426074835763,0.33701094991340885,0.7955565280638536,0.32060426074835763,0.33701094991340885,1.1161607888122111,1.1325674779772625,0.6576152106617665,1.45317173872562,2.5340393604932543,4.0471971990582,0.6915104863838736,2.5340393604932543,4.0471971990582,0.6915104863838736,6.581236559551455,3.225549846877128,4.7387076854420735,7.272747045935328
484,12100,Flooding Attack,0.84,0.8656682972237874,0.24623047522329922,0.5517347800252039,0.8656682972237874,0.24623047522329922,0.5517347800252039,1.1118987724470866,1.4174030772489914,0.7979652552485031,1.6636335524722905,2.9569074705981566,2.6172490998821822,2.6121106658443773,2.9569074705981566,2.6172490998821822,2.6121106658443773,5.574156570480339,5.5690181364425335,5.22935976572656,8.186267236324717
485,12125,Sybil Attack,0.68,0.8108843531914584,0.2403628846938707,0.4590548032642626,0.8108843531914584,0.2403628846938707,0.4590548032642626,1.051247237885329,1.269939156455721,0.6994176879581333,1.5103020411495915,2.626486727338943,2.504435830192252,1.783133370186119,2.626486727338943,2.504435830192252,1.783133370186119,5.1309225575311945,4.409620097525062,4.287569200378371,6.914055927717314
486,12150,Normal Traffic,0.72,0.5763075552362962,0.19309760076102933,0.5941338135861469,0.5763075552362962,0.19309760076102933,0.5941338135861469,0.7694051559973255,1.170441368822443,0.7872314143471763,1.3635389695834723,1.2116736593719575,1.5956895234171373,2.991349390413057,1.2116736593719575,1.5956895234171373,2.991349390413057,2.8073631827890946,4.203023049785014,4.587038913830194,5.798712573202152
487,12175,Normal Traffic,0.68,0.7233399334412061,0.2634347650518504,0.4428628916498866,0.7233399334412061,0.2634347650518504,0.4428628916498866,0.9867746984930564,1.1662028250910927,0.7062976567017369,1.429637590142943,2.0984763266090347,2.9480274966564224,1.6383045994987293,2.0984763266090347,2.9480274966564224,1.6383045994987293,5.046503823265457,3.7367809261077642,4.586332096155152,6.684808422764187
488,12200,Sybil Attack,0.8,0.7723476947513298,0.26089396681778687,0.3096866433359144,0.7723476947513298,0.26089396681778687,0.3096866433359144,1.0332416615691167,1.0820343380872441,0.5705806101537012,1.3429283049050311,2.3940589321258137,2.899176821925542,0.4471078595815914,2.3940589321258137,2.899176821925542,0.4471078595815914,5.293235754051356,2.841166791707405,3.346284681507133,5.740343613632947
489,12225,Wormhole Attack,0.88,0.6278898109264494,0.25940740448249017,0.6183338559311472,0.6278898109264494,0.25940740448249017,0.6183338559311472,0.8872972154089396,1.2462236668575966,0.8777412604136374,1.505631071340087,1.5227839228840063,2.8705954209566755,3.207806993868437,1.5227839228840063,2.8705954209566755,3.207806993868437,4.393379343840682,4.730590916752443,6.078402414825113,7.601186337709119
490,12250,Flooding Attack,0.84,0.7585988752770868,0.31081337812535026,0.2967596303212862,0.7585988752770868,0.31081337812535026,0.2967596303212862,1.069412253402437,1.055358505598373,0.6075730084466364,1.3661718837237233,2.3111350895683067,3.8589527269342443,0.3314820182259452,2.3111350895683067,3.8589527269342443,0.3314820182259452,6.1700878165025514,2.6426171077942517,4.190434745160189,6.501569834728497
491,12275,Wormhole Attack,0.72,0.8584649116600094,0.18605705905093758,0.467769203658637,0.8584649116600094,0.18605705905093758,0.467769203658637,1.044521970710947,1.3262341153186463,0.6538262627095746,1.512291174369584,2.913461383354755,1.460324499780911,1.8610794414377918,2.913461383354755,1.460324499780911,1.8610794414377918,4.373785883135666,4.774540824792547,3.321403941218703,6.234865324573457
492,12300,Blackhole Attack,0.84,0.7349853029109694,0.3217865145672819,0.3901621911170042,0.7349853029109694,0.3217865145672819,0.3901621911170042,1.0567718174782512,1.1251474940279735,0.7119487056842861,1.4469340085952553,2.1687135412472625,4.069927810243034,1.1669224764784287,2.1687135412472625,4.069927810243034,1.1669224764784287,6.238641351490297,3.335636017725691,5.236850286721463,7.4055638279687255
493,12325,Wormhole Attack,0.88,0.7270172875789859,0.288864510362713,0.41960006695868424,0.7270172875789859,0.288864510362713,0.41960006695868424,1.0158817979416987,1.14661735453767,0.7084645773213972,1.435481864900383,2.120655709800495,3.4369526698620616,1.4302299519227253,2.120655709800495,3.4369526698620616,1.4302299519227253,5.557608379662557,3.5508856617232203,4.867182621784787,6.987838331585282
494,12350,Blackhole Attack,0.8,0.7254553189814471,0.22843619402186668,0.5361315619032011,0.7254553189814471,0.22843619402186668,0.5361315619032011,0.9538915130033138,1.2615868808846482,0.7645677559250678,1.4900230749065149,2.111234941835309,2.275127229917409,2.472547471998228,2.111234941835309,2.275127229917409,2.472547471998228,4.386362171752718,4.5837824138335375,4.747674701915637,6.8589096437509465
495,12375,Sybil Attack,0.76,0.623010019536063,0.3156349294750233,0.3751538243275647,0.623010019536063,0.3156349294750233,0.3751538243275647,0.9386449490110864,0.9981638438636278,0.6907887538025881,1.3137987733386511,1.4933522284954122,3.951654317136636,1.0326799383577236,1.4933522284954122,3.951654317136636,1.0326799383577236,5.445006545632048,2.5260321668531356,4.9843342554943595,6.477686483989772
496,12400,Normal Traffic,0.72,0.7380546149241218,0.2880859654128453,0.34183626991062654,0.7380546149241218,0.2880859654128453,0.34183626991062654,1.0261405803369672,1.0798908848347484,0.6299222353234719,1.3679768502475937,2.1872256139830584,3.4219839700261323,0.7346706258420117,2.1872256139830584,3.4219839700261323,0.7346706258420117,5.609209584009191,2.9218962398250703,4.156654595868144,6.343880209851203
497,12425,Blackhole Attack,0.8,0.7052876573674138,0.27644982353875663,0.5198418893397783,0.7052876573674138,0.27644982353875663,0.5198418893397783,0.9817374809061705,1.225129546707192,0.796291712878535,1.5015793702459488,1.9895968623210494,3.1982616082137243,2.326844277190396,1.9895968623210494,3.1982616082137243,2.326844277190396,5.187858470534774,4.316441139511445,5.52510588540412,7.51470274772517
498,12450,Wormhole Attack,0.88,0.828221880142173,0.2268304466997874,0.539137683717585,0.828221880142173,0.2268304466997874,0.539137683717585,1.0550523268419605,1.367359563859758,0.7659681304173724,1.5941900105595455,2.73105529469056,2.2442543179800354,2.499435768901184,2.73105529469056,2.2442543179800354,2.499435768901184,4.975309612670595,5.230491063591744,4.7436900868812195,7.474745381571779
499,12475,Normal Traffic,0.6,0.6913707789440244,0.15985973486879546,0.38757886773911054,0.6913707789440244,0.15985973486879546,0.38757886773911054,0.8512305138128199,1.078949646683135,0.547438602607906,1.2388093815519303,1.9056593986402524,0.9566414661247775,1.143815905863496,1.9056593986402524,0.9566414661247775,1.143815905863496,2.8623008647650297,3.0494753045037486,2.1004573719882735,4.006116770628526
500,12500,Flooding Attack,0.72,0.7837832313117687,0.2667979318044197,0.35535042432709407,0.7837832313117687,0.2667979318044197,0.35535042432709407,1.0505811631161883,1.139133655638863,0.6221483561315138,1.4059315874432823,2.4630305725691954,3.01268944536721,0.8555481613442938,2.4630305725691954,3.01268944536721,0.8555481613442938,5.475720017936405,3.318578733913489,3.868237606711504,6.331268179280699
501,12525,Sybil Attack,0.8,0.8151500798663583,0.25572290967239997,0.44082139543896665,0.8151500798663583,0.25572290967239997,0.44082139543896665,1.0708729895387583,1.255971475305325,0.6965443051113667,1.511694384977725,2.6522147869622037,2.79975545613685,1.620044409248679,2.6522147869622037,2.79975545613685,1.620044409248679,5.451970243099053,4.272259196210882,4.419799865385529,7.0720146523477325
502,12550,Normal Traffic,0.68,0.8729257974480489,0.2598459358778924,0.38231253604461857,0.8729257974480489,0.2598459358778924,0.38231253604461857,1.1327717333259413,1.2552383334926676,0.642158471922511,1.51508426937056,3.000679941906343,2.8790268478479843,1.096711131361878,3.000679941906343,2.8790268478479843,1.096711131361878,5.879706789754327,4.097391073268221,3.975737979209862,6.976417921116205
503,12575,Normal Traffic,0.68,0.8153681700675828,0.2769150775065919,0.17787082693645487,0.8153681700675828,0.2769150775065919,0.17787082693645487,1.0922832475741746,0.9932389970040376,0.4547859044430468,1.2701540745106294,2.653530163714626,3.2072068168277994,-0.7319204788227915,2.653530163714626,3.2072068168277994,-0.7319204788227915,5.860736980542425,1.9216096848918343,2.4752863380050076,5.128816501719633
504,12600,Sybil Attack,0.84,0.5239759978812211,0.21268902734495515,0.3117792925979312,0.5239759978812211,0.21268902734495515,0.3117792925979312,0.7366650252261762,0.8357552904791523,0.5244683199428863,1.0484443178241074,0.8960441007010431,1.9723642214448767,0.4658255889835157,0.8960441007010431,1.9723642214448767,0.4658255889835157,2.86840832214592,1.3618696896845588,2.4381898104283923,3.3342339111294357
505,12625,Sybil Attack,0.84,0.6104826893311694,0.2755054472184938,0.40547254967990215,0.6104826893311694,0.2755054472184938,0.40547254967990215,0.8859881365496632,1.0159552390110715,0.680977996898396,1.2914606862295654,1.4177956063779562,3.180104550393779,1.3038661840687642,1.4177956063779562,3.180104550393779,1.3038661840687642,4.597900156771735,2.7216617904467206,4.4839707344625435,5.901766340840499
506,12650,Sybil Attack,0.88,0.6264802122539387,0.2470135678542305,0.6173826261124197,0.6264802122539387,0.2470135678542305,0.6173826261124197,0.8734937801081692,1.2438628383663584,0.8643961939666502,1.4908764062205888,1.5142821501603536,2.6323052357393744,3.1992987059918416,1.5142821501603536,2.6323052357393744,3.1992987059918416,4.146587385899728,4.713580856152195,5.831603941731216,7.34588609189157
507,12675,Flooding Attack,0.96,0.7853018893950006,0.25144563118423324,0.39866674005205943,0.7853018893950006,0.25144563118423324,0.39866674005205943,1.0367475205792338,1.18396862944706,0.6501123712362926,1.4354142606312932,2.4721901199782312,2.7175183318514424,1.2429915285365707,2.4721901199782312,2.7175183318514424,1.2429915285365707,5.189708451829674,3.715181648514802,3.9605098603880133,6.432699980366245
508,12700,Normal Traffic,0.68,0.816931415701274,0.265067095170523,0.5321404637686556,0.816931415701274,0.265067095170523,0.5321404637686556,1.081998510871797,1.3490718794699297,0.7972075589391787,1.6141389746404529,2.662958633922542,2.979411502915419,2.4368490411838115,2.662958633922542,2.979411502915419,2.4368490411838115,5.642370136837961,5.099807675106353,5.416260544099231,8.079219178021773
509,12725,Sybil Attack,0.8,0.7045317244613672,0.29699271492659274,0.36704454913884205,0.7045317244613672,0.29699271492659274,0.36704454913884205,1.00152443938796,1.0715762736002092,0.6640372640654348,1.3685689885268022,1.985037571874151,3.593229650841033,0.9601464176271811,1.985037571874151,3.593229650841033,0.9601464176271811,5.578267222715184,2.945183989501332,4.553376068468214,6.538413640342365
510,12750,Sybil Attack,0.84,0.8675747546638207,0.2126325809474865,0.5018001600046167,0.8675747546638207,0.2126325809474865,0.5018001600046167,1.0802073356113073,1.3693749146684375,0.7144327409521032,1.582007495615924,2.9684059688434847,1.9712789543955282,2.1654697870797817,2.9684059688434847,1.9712789543955282,2.1654697870797817,4.939684923239013,5.133875755923267,4.13674874147531,7.105154710318795
511,12775,Wormhole Attack,1.0,0.7102733049012403,0.25158560397822693,0.39676670207859877,0.7102733049012403,0.25158560397822693,0.39676670207859877,0.9618589088794672,1.107040006979839,0.6483523060568257,1.3586256109580659,2.019667011392158,2.7202095197383382,1.2259966133894704,2.019667011392158,2.7202095197383382,1.2259966133894704,4.739876531130497,3.2456636247816286,3.9462061331278084,5.965873144519967
512,12800,Blackhole Attack,0.84,0.827631665428573,0.297838118384741,0.42572674299033725,0.827631665428573,0.297838118384741,0.42572674299033725,1.125469783813314,1.2533584084189102,0.7235648613750782,1.5511965268036514,2.727495507461018,3.609483806246484,1.4850300878916243,2.727495507461018,3.609483806246484,1.4850300878916243,6.336979313707502,4.212525595352642,5.0945138941381085,7.822009401599127
513,12825,Sybil Attack,0.72,0.8663824519745484,0.24589961940410535,0.35866452126973886,0.8663824519745484,0.24589961940410535,0.35866452126973886,1.1122820713786539,1.2250469732442872,0.6045641406738442,1.4709465926483927,2.961214782671368,2.6108878981977774,0.8851911459141906,2.961214782671368,2.6108878981977774,0.8851911459141906,5.572102680869145,3.8464059285855585,3.4960790441119682,6.457293826783336
514,12850,Normal Traffic,0.6,0.9837422314676882,0.25409188217109147,0.37293513035494036,0.9837422314676882,0.25409188217109147,0.37293513035494036,1.2378341136387796,1.3566773618226287,0.6270270125260318,1.61076924399372,3.6690518370093503,2.7683964946595685,1.0128348003505834,3.6690518370093503,2.7683964946595685,1.0128348003505834,6.437448331668919,4.681886637359934,3.781231295010152,7.450283132019502
515,12875,Wormhole Attack,0.76,0.7312806454956262,0.24011980877142317,0.4380145625291396,0.7312806454956262,0.24011980877142317,0.4380145625291396,0.9714004542670494,1.1692952080247658,0.6781343713005628,1.409415016796189,2.1463694826308166,2.499762329296668,1.5949386546264617,2.1463694826308166,2.499762329296668,1.5949386546264617,4.646131811927485,3.7413081372572785,4.09470098392313,6.241070466553946
516,12900,Sybil Attack,0.92,0.6027849676473486,0.2620278081034402,0.30773071492426957,0.6027849676473486,0.2620278081034402,0.30773071492426957,0.8648127757507887,0.9105156825716181,0.5697585230277098,1.1725434906750583,1.371368008564449,2.920976629206307,0.42961303166025117,1.371368008564449,2.920976629206307,0.42961303166025117,4.292344637770756,1.8009810402247002,3.350589660866558,4.721957669431007
517,12925,Blackhole Attack,0.84,0.7630280419361595,0.2812753132962288,0.5237934680716478,0.7630280419361595,0.2812753132962288,0.5237934680716478,1.0443033552323882,1.2868215100078073,0.8050687813678766,1.568096823304036,2.337848911753984,3.291038920240766,2.3621892261773327,2.337848911753984,3.291038920240766,2.3621892261773327,5.62888783199475,4.700038137931317,5.653228146418099,7.991077058172083
518,12950,Wormhole Attack,0.84,0.7405239334485882,0.22034135055678158,0.6148788711882421,0.7405239334485882,0.22034135055678158,0.6148788711882421,0.9608652840053699,1.3554028046368303,0.8352202217450237,1.575744155193612,2.2021189203451645,2.119491666333976,3.1769038364787705,2.2021189203451645,2.119491666333976,3.1769038364787705,4.3216105866791406,5.379022756823935,5.2963955028127465,7.498514423157911
519,12975,Wormhole Attack,0.8,0.7366780774763159,0.1929434403563573,0.4506587703068423,0.7366780774763159,0.1929434403563573,0.4506587703068423,0.9296215178326732,1.187336847783158,0.6436022106631996,1.3802802881395155,2.178923244837095,1.592725557335907,1.70803494074593,2.178923244837095,1.592725557335907,1.70803494074593,3.771648802173002,3.8869581855830253,3.300760498081837,5.479683742918932
520,13000,Blackhole Attack,0.84,0.8364960815075406,0.23731442260046862,0.5331746189037986,0.8364960815075406,0.23731442260046862,0.5331746189037986,1.0738105041080093,1.3696707004113393,0.7704890415042672,1.6069851230118077,2.7809598390477133,2.445824552776478,2.4460990556657225,2.7809598390477133,2.445824552776478,2.4460990556657225,5.226784391824191,5.227058894713435,4.8919236084422,7.672883447489914
521,13025,Sybil Attack,0.84,0.6608229367840656,0.27394545005219234,0.37688739219090217,0.6608229367840656,0.27394545005219234,0.37688739219090217,0.934768386836258,1.0377103289749678,0.6508328422430945,1.3116557790271601,1.7214148925217752,3.150111254141282,1.0481858593712383,1.7214148925217752,3.150111254141282,1.0481858593712383,4.871526146663057,2.7696007518930132,4.19829711351252,5.919712006034295
522,13050,Wormhole Attack,0.8,0.8154197671967237,0.2326972272942627,0.6963081173975435,0.8154197671967237,0.2326972272942627,0.6963081173975435,1.0481169944909865,1.5117278845942672,0.9290053446918062,1.7444251118885301,2.653841363685017,2.357052015450015,3.905248821762856,2.653841363685017,2.357052015450015,3.905248821762856,5.010893379135032,6.559090185447873,6.262300837212871,8.916142200897887
523,13075,Blackhole Attack,0.84,0.7895379042059261,0.2351863881657014,0.5522956203674818,0.7895379042059261,0.2351863881657014,0.5522956203674818,1.0247242923716275,1.3418335245734079,0.7874820085331832,1.5770199127391094,2.497738977166335,2.4049098840730645,2.617127109810875,2.497738977166335,2.4049098840730645,2.617127109810875,4.902648861239399,5.1148660869772105,5.0220369938839395,7.519775971050274
524,13100,Blackhole Attack,0.8,0.8414210549505172,0.27898166725392826,0.5226108165275601,0.8414210549505172,0.27898166725392826,0.5226108165275601,1.1204027222044455,1.3640318714780775,0.8015924837814884,1.6430135387320055,2.8106640418813007,3.2469401188255125,2.351610983573186,2.8106640418813007,3.2469401188255125,2.351610983573186,6.057604160706813,5.162275025454487,5.598551102398698,8.40921514428
525,13125,Blackhole Attack,0.76,0.85195872275389,0.26175177962640345,0.40538391988175687,0.85195872275389,0.26175177962640345,0.40538391988175687,1.1137105023802933,1.2573426426356469,0.6671356995081603,1.5190944222620502,2.8742203281127994,2.9156695657931624,1.3030734336500764,2.8742203281127994,2.9156695657931624,1.3030734336500764,5.789889893905961,4.177293761762876,4.218742999443239,7.0929633275560375
526,13150,Flooding Attack,0.84,0.7787293653220024,0.24591378235870873,0.37966943656720603,0.7787293653220024,0.24591378235870873,0.37966943656720603,1.0246431476807112,1.1583988018892084,0.6255832189259147,1.4043125842479172,2.4325489746089315,2.611160202341917,1.0730698926227613,2.4325489746089315,2.611160202341917,1.0730698926227613,5.043709176950848,3.505618867231693,3.6842300949646782,6.11677906957361
527,13175,Sybil Attack,0.92,0.7628982965485124,0.3293266477073288,0.36439928161338275,0.7628982965485124,0.3293266477073288,0.36439928161338275,1.0922249442558412,1.1272975781618952,0.6937259293207115,1.456624225869224,2.3370663728517918,4.214898231945065,0.9364857867532207,2.3370663728517918,4.214898231945065,0.9364857867532207,6.551964604796856,3.2735521596050123,5.151384018698286,7.488450391550077
528,13200,Blackhole Attack,0.72,0.8290524742829576,0.23000639978492743,0.5547975047016953,0.8290524742829576,0.23000639978492743,0.5547975047016953,1.059058874067885,1.383849978984653,0.7848039044866227,1.6138563787695803,2.7360648926337605,2.3053168018257453,2.6395052478069143,2.7360648926337605,2.3053168018257453,2.6395052478069143,5.041381694459506,5.375570140440675,4.944822049632659,7.6808869422664205
529,13225,Normal Traffic,0.68,0.6970151920351737,0.25557111979945524,0.44944041612788627,0.6970151920351737,0.25557111979945524,0.44944041612788627,0.9525863118346289,1.14645560816306,0.7050115359273414,1.4020267279625152,1.9397027885747007,2.7968370671001868,1.6971373554451687,1.9397027885747007,2.7968370671001868,1.6971373554451687,4.736539855674888,3.636840144019869,4.493974422545356,6.433677211120057
530,13250,Blackhole Attack,0.76,0.8249770104747793,0.2797767409515086,0.3122021618110238,0.8249770104747793,0.2797767409515086,0.3122021618110238,1.104753751426288,1.1371791722858031,0.5919789027625324,1.4169559132373117,2.7114843735709195,3.2622266087430765,0.4696079483338082,2.7114843735709195,3.2622266087430765,0.4696079483338082,5.973710982313996,3.181092321904728,3.7318345570768847,6.443318930647804
531,13275,Blackhole Attack,0.8,0.7695414901969129,0.21467287299294724,0.4081070657119931,0.7695414901969129,0.21467287299294724,0.4081070657119931,0.9842143631898601,1.177648555908906,0.6227799387049404,1.3923214289018533,2.3771337506518284,2.010506643447171,1.327430648066035,2.3771337506518284,2.010506643447171,1.327430648066035,4.387640394099,3.7045643987178636,3.3379372915132057,5.715071042165035
532,13300,Normal Traffic,0.64,0.9537413472133079,0.23944935238826998,0.5902943573567729,0.9537413472133079,0.23944935238826998,0.5902943573567729,1.193190699601578,1.544035704570081,0.8297437097450429,1.783485056958351,3.4881062214852805,2.48687179503245,2.9570073226540794,3.4881062214852805,2.48687179503245,2.9570073226540794,5.97497801651773,6.44511354413936,5.44387911768653,8.93198533917181
533,13325,Sybil Attack,0.68,0.9382559568384317,0.2670415468601799,0.40593097933199324,0.9382559568384317,0.2670415468601799,0.40593097933199324,1.2052975036986115,1.3441869361704248,0.6729725261921731,1.6112284830306047,3.394708524628949,3.01737331191314,1.3079666142428057,3.394708524628949,3.01737331191314,1.3079666142428057,6.412081836542089,4.702675138871754,4.325339926155945,7.720048450784894
534,13350,Wormhole Attack,0.88,0.8965195300989266,0.14282671602867777,0.5416320436685663,0.8965195300989266,0.14282671602867777,0.5416320436685663,1.0393462461276044,1.438151573767493,0.6844587596972441,1.5809782897961706,3.142981830104858,0.6291560121881979,2.521746604950446,3.142981830104858,0.6291560121881979,2.521746604950446,3.772137842293056,5.664728435055304,3.150902617138644,6.293884447243502
535,13375,Blackhole Attack,0.88,0.8065643239584177,0.25916178262353773,0.3417569055982242,0.8065643239584177,0.25916178262353773,0.3417569055982242,1.0657261065819554,1.1483212295566418,0.6009186882217619,1.4074830121801796,2.6004311503757283,2.8658729705953614,0.7339607506848699,2.6004311503757283,2.8658729705953614,0.7339607506848699,5.46630412097109,3.3343919010605982,3.5998337212802314,6.20026487165596
536,13400,Flooding Attack,0.8,0.6730740769409003,0.3370434398982783,0.43762581860282423,0.6730740769409003,0.3370434398982783,0.43762581860282423,1.0101175168391785,1.1106998955437244,0.7746692585011026,1.4477433354420026,1.7953057177972482,4.3632651901048956,1.591461529361619,1.7953057177972482,4.3632651901048956,1.591461529361619,6.158570907902144,3.3867672471588675,5.954726719466515,7.750032437263763
537,13425,Flooding Attack,0.76,0.6753002361020781,0.23306017629503117,0.4106526019009938,0.6753002361020781,0.23306017629503117,0.4106526019009938,0.9083604123971093,1.0859528380030719,0.643712778196025,1.3190130142981031,1.8087324466982493,2.364030256910803,1.3501992306629105,1.8087324466982493,2.364030256910803,1.3501992306629105,4.172762703609052,3.15893167736116,3.7142294875737134,5.522961934271963
538,13450,Blackhole Attack,0.64,0.5417958098226354,0.19309941563582336,0.43676688595637836,0.5417958098226354,0.19309941563582336,0.43676688595637836,0.7348952254584588,0.9785626957790138,0.6298663015922017,1.1716621114148371,1.003521494131259,1.5957244171198532,1.5837787947808808,1.003521494131259,1.5957244171198532,1.5837787947808808,2.599245911251112,2.5873002889121395,3.179503211900734,4.183024706031993
539,13475,Normal Traffic,0.64,0.7921945792492666,0.29238138702071204,0.26395158500731813,0.7921945792492666,0.29238138702071204,0.26395158500731813,1.0845759662699788,1.0561461642565848,0.5563329720280301,1.348527551277297,2.513762294908861,3.5045699231272978,0.03803001671801316,2.513762294908861,3.5045699231272978,0.03803001671801316,6.018332218036159,2.5517923116268744,3.542599939845311,6.056362234754172
540,13500,Normal Traffic,0.72,0.7845995364499517,0.2141279930872117,0.3325463527476843,0.7845995364499517,0.2141279930872117,0.3325463527476843,0.9987275295371634,1.117145889197636,0.5466743458348959,1.3312738822848478,2.4679539886402537,2.0000305061901367,0.6515768371319715,2.4679539886402537,2.0000305061901367,0.6515768371319715,4.46798449483039,3.119530825772225,2.651607343322108,5.119561331962362
541,13525,Normal Traffic,0.68,0.7960849995416206,0.23743538402529088,0.36216695229077484,0.7960849995416206,0.23743538402529088,0.36216695229077484,1.0335203835669116,1.1582519518323955,0.5996023363160657,1.3956873358576865,2.5372267531054407,2.448150218443179,0.9165186871752024,2.5372267531054407,2.448150218443179,0.9165186871752024,4.98537697154862,3.453745440280643,3.3646689056183816,5.901895658723822
542,13550,Flooding Attack,0.88,0.8957970587172553,0.2293125014176708,0.5691682491785683,0.8957970587172553,0.2293125014176708,0.5691682491785683,1.1251095601349261,1.4649653078958238,0.7984807505962391,1.6942778093134945,3.1386243575801624,2.2919755600928546,2.7680445645976652,3.1386243575801624,2.2919755600928546,2.7680445645976652,5.4305999176730175,5.906668922177827,5.06002012469052,8.198644482270684
543,13575,Wormhole Attack,0.92,0.7263169298583751,0.24933960282414008,0.3961631119314726,0.7263169298583751,0.24933960282414008,0.3961631119314726,0.9756565326825153,1.1224800417898477,0.6455027147556127,1.3718196446139879,2.116431612344953,2.6770267630941773,1.220597793219918,2.116431612344953,2.6770267630941773,1.220597793219918,4.79345837543913,3.337029405564871,3.897624556314095,6.014056168659048
544,13600,Blackhole Attack,0.84,0.8318234308664537,0.29916967641332276,0.37988612772820457,0.8318234308664537,0.29916967641332276,0.37988612772820457,1.1309931072797765,1.2117095585946582,0.6790558041415273,1.5108792350079812,2.7527774815141357,3.635085015845685,1.0750080896197347,2.7527774815141357,3.635085015845685,1.0750080896197347,6.387862497359821,3.8277855711338704,4.71009310546542,7.462870586979555
545,13625,Blackhole Attack,0.76,0.8981552108183862,0.29745068914526124,0.40932325388670576,0.8981552108183862,0.29745068914526124,0.40932325388670576,1.1956058999636474,1.3074784647050919,0.7067739430319671,1.6049291538503532,3.152847181141645,3.6020348953076606,1.338308859512779,3.152847181141645,3.6020348953076606,1.338308859512779,6.754882076449306,4.491156040654424,4.940343754820439,8.093190935962085
546,13650,Sybil Attack,0.96,0.8740086037726504,0.30806161893860495,0.42759320850450694,0.8740086037726504,0.30806161893860495,0.42759320850450694,1.1820702227112554,1.3016018122771573,0.7356548274431118,1.6096634312157623,3.0072107179740444,3.8060460099949696,1.5017247137261427,3.0072107179740444,3.8060460099949696,1.5017247137261427,6.813256727969014,4.508935431700187,5.307770723721112,8.314981441695156
547,13675,Blackhole Attack,0.68,0.8682929726398789,0.27042589165649483,0.33849119562698904,0.8682929726398789,0.27042589165649483,0.33849119562698904,1.1387188642963737,1.2067841682668679,0.6089170872834839,1.4772100599233626,2.972737787621104,3.082442440427733,0.7047505640299716,2.972737787621104,3.082442440427733,0.7047505640299716,6.055180228048837,3.6774883516510757,3.7871930044577047,6.7599307920788085
548,13700,Normal Traffic,0.64,0.5681175775681145,0.1918578326216272,0.6083892674844619,0.5681175775681145,0.1918578326216272,0.6083892674844619,0.7599754101897418,1.1765068450525764,0.8002471001060891,1.3683646776742036,1.1622770969995955,1.57185311275387,3.1188574890770004,1.1622770969995955,1.57185311275387,3.1188574890770004,2.7341302097534657,4.281134586076596,4.690710601830871,5.852987698830466
549,13725,Sybil Attack,0.88,0.69323525830066,0.31452531257139615,0.45394075201430883,0.69323525830066,0.31452531257139615,0.45394075201430883,1.007760570872056,1.1471760103149689,0.768466064585705,1.461701322886365,1.916904712676924,3.9303202601035885,1.7373906701638733,1.916904712676924,3.9303202601035885,1.7373906701638733,5.847224972780513,3.6542953828407976,5.667710930267462,7.584615642944386
550,13750,Flooding Attack,0.84,0.6496540415821428,0.23588635668818583,0.34708949021809743,0.6496540415821428,0.23588635668818583,0.34708949021809743,0.8855403982703286,0.9967435318002402,0.5829758469062832,1.2326298884884261,1.654051457501,2.418367833687212,0.7816581253664995,1.654051457501,2.418367833687212,0.7816581253664995,4.072419291188212,2.4357095828674993,3.2000259590537117,4.854077416554712
551,13775,Normal Traffic,0.72,0.8567820496238209,0.2954339687463175,0.32452681366395886,0.8567820496238209,0.2954339687463175,0.32452681366395886,1.1522160183701384,1.1813088632877797,0.6199607824102764,1.4767428320340974,2.9033114656257215,3.563260406679978,0.5798459621965978,2.9033114656257215,3.563260406679978,0.5798459621965978,6.4665718723057,3.483157427822319,4.143106368876576,7.046417834502297
552,13800,Sybil Attack,0.84,0.653705685325666,0.25000461052595524,0.32956209599683195,0.653705685325666,0.25000461052595524,0.32956209599683195,0.9037102958516212,0.9832677813224979,0.5795667065227872,1.2332723918484532,1.6784883095897516,2.689812538249156,0.6248841125831446,1.6784883095897516,2.689812538249156,0.6248841125831446,4.368300847838907,2.303372422172896,3.3146966508323006,4.9931849604220515
553,13825,Blackhole Attack,0.84,0.7455971314564674,0.25211459535149083,0.5843035520412848,0.7455971314564674,0.25211459535149083,0.5843035520412848,0.9977117268079583,1.3299006834977523,0.8364181473927756,1.582015278849243,2.232717116332576,2.730380176016475,2.9034224841289427,2.232717116332576,2.730380176016475,2.9034224841289427,4.963097292349051,5.136139600461519,5.633802660145418,7.866519776477993
554,13850,Flooding Attack,0.8,0.7190064031647145,0.2430193702139318,0.38563764425070546,0.7190064031647145,0.2430193702139318,0.38563764425070546,0.9620257733786464,1.10464404741542,0.6286570144646373,1.3476634176293518,2.072339320225382,2.5555107673234283,1.1264526063253748,2.072339320225382,2.5555107673234283,1.1264526063253748,4.62785008754881,3.198791926550757,3.681963373648803,5.754302693874186
555,13875,Blackhole Attack,0.88,0.7252414265920012,0.34196633151711325,0.4160568617686369,0.7252414265920012,0.34196633151711325,0.4160568617686369,1.0672077581091144,1.141298288360638,0.7580231932857502,1.4832646198777513,2.1099448835244927,4.457915199689668,1.3985377055599097,2.1099448835244927,4.457915199689668,1.3985377055599097,6.5678600832141605,3.5084825890844025,5.8564529052495775,7.966397788774071
556,13900,Blackhole Attack,0.8,0.6571988998481031,0.24166705346157724,0.4501272672647979,0.6571988998481031,0.24166705346157724,0.4501272672647979,0.8988659533096803,1.1073261671129009,0.6917943207263751,1.3489932205744783,1.69955708364856,2.5295104399787647,1.7032809046549995,1.69955708364856,2.5295104399787647,1.7032809046549995,4.229067523627325,3.4028379883035598,4.232791344633764,5.9323484282823244
557,13925,Blackhole Attack,0.8,0.9150031811725587,0.23461977727774597,0.48945596104592254,0.9150031811725587,0.23461977727774597,0.48945596104592254,1.1496229584503048,1.4044591422184813,0.7240757383236684,1.6390789194962274,3.254463064867536,2.3940159359368445,2.0550569338672595,3.254463064867536,2.3940159359368445,2.0550569338672595,5.648479000804381,5.309519998734796,4.4490728698041035,7.70353593467164
558,13950,Blackhole Attack,0.72,0.597812914250583,0.16594275528130184,0.47791597730856183,0.597812914250583,0.16594275528130184,0.47791597730856183,0.7637556695318849,1.075728891559145,0.6438587325898637,1.2416716468404467,1.3413798503932468,1.0735966999441144,1.9518373944923944,1.3413798503932468,1.0735966999441144,1.9518373944923944,2.4149765503373612,3.293217244885641,3.025434094436509,4.366813944829755
559,13975,Normal Traffic,0.64,0.7444115448450571,0.23780651223721777,0.44189053815747453,0.7444115448450571,0.23780651223721777,0.44189053815747453,0.9822180570822749,1.1863020830025317,0.6796970503946923,1.4241085952397494,2.225566437127932,2.4552857175635863,1.6296073706394387,2.225566437127932,2.4552857175635863,1.6296073706394387,4.680852154691518,3.8551738077673705,4.0848930882030245,6.310459525330957
560,14000,Blackhole Attack,0.84,0.7269328493580116,0.21508609051209834,0.4964749821926023,0.7269328493580116,0.21508609051209834,0.4964749821926023,0.94201893987011,1.2234078315506138,0.7115610727047006,1.4384939220627122,2.1201464339492104,2.0184513729225486,2.117838662690425,2.1201464339492104,2.0184513729225486,2.117838662690425,4.1385978068717595,4.237985096639635,4.136290035612974,6.256436469562185
561,14025,Wormhole Attack,0.76,0.7660082513182663,0.2049381325144819,0.5645439048322122,0.7660082513182663,0.2049381325144819,0.5645439048322122,0.9709463838327482,1.3305521561504785,0.7694820373466941,1.5354902886649604,2.3558235759826625,1.8233415886515763,2.7266820545452193,2.3558235759826625,1.8233415886515763,2.7266820545452193,4.179165164634239,5.082505630527882,4.550023643196796,6.905847219179458
562,14050,Normal Traffic,0.68,0.7199403819753085,0.25979938609985215,0.37724061936956066,0.7199403819753085,0.25979938609985215,0.37724061936956066,0.9797397680751607,1.097181001344869,0.6370400054694128,1.3569803874447213,2.0779724665465507,2.878131858220177,1.0513453046101233,2.0779724665465507,2.878131858220177,1.0513453046101233,4.956104324766727,3.129317771156674,3.9294771628303002,6.0074496293768505
563,14075,Wormhole Attack,0.72,0.8119757227977132,0.20849841433448513,0.553847559168106,0.8119757227977132,0.20849841433448513,0.553847559168106,1.0204741371321984,1.3658232819658194,0.7623459735025911,1.5743216963003044,2.6330691514932987,1.8917933715627644,2.6310084472359696,2.6330691514932987,1.8917933715627644,2.6310084472359696,4.524862523056063,5.264077598729268,4.522801818798734,7.155870970292033
564,14100,Blackhole Attack,0.84,0.843194933236929,0.30325549510029604,0.3659195204883404,0.843194933236929,0.30325549510029604,0.3659195204883404,1.146450428337225,1.2091144537252694,0.6691750155886365,1.5123699488255653,2.8213629098105915,3.7136410369459796,0.9500835837678621,2.8213629098105915,3.7136410369459796,0.9500835837678621,6.5350039467565715,3.7714464935784537,4.663724620713841,7.485087530524433
565,14125,Sybil Attack,0.92,0.8070754860605138,0.32568271422271333,0.3000305755672251,0.8070754860605138,0.32568271422271333,0.3000305755672251,1.1327582002832273,1.1071060616277388,0.6257132897899385,1.4327887758504523,2.60351414421058,4.144838119728589,0.3607390318656747,2.60351414421058,4.144838119728589,0.3607390318656747,6.748352263939169,2.9642531760762547,4.505577151594263,7.109091295804843
566,14150,Wormhole Attack,0.76,0.8579925206826863,0.13888122985617532,0.640646940199174,0.8579925206826863,0.13888122985617532,0.640646940199174,0.9968737505388616,1.4986394608818603,0.7795281700553494,1.6375206907380355,2.9106122314619314,0.553298095143028,3.407386675486344,2.9106122314619314,0.553298095143028,3.407386675486344,3.4639103266049593,6.317998906948276,3.960684770629372,6.871297002091303
567,14175,Wormhole Attack,0.72,0.785064085725555,0.24146579203689686,0.5045275843505641,0.785064085725555,0.24146579203689686,0.5045275843505641,1.0265298777624519,1.2895916700761192,0.745993376387461,1.531057462113016,2.4707558445423183,2.5256408858122343,2.189865270736925,2.4707558445423183,2.5256408858122343,2.189865270736925,4.996396730354553,4.660621115279243,4.715506156549159,7.186262001091478
568,14200,Blackhole Attack,0.84,0.8966414358521728,0.24546273933643842,0.42643950329281605,0.8966414358521728,0.24546273933643842,0.42643950329281605,1.1421041751886112,1.323080939144989,0.6719022426292545,1.5685436784814273,3.1437170854850005,2.602488220570534,1.4914053819805029,3.1437170854850005,2.602488220570534,1.4914053819805029,5.7462053060555345,4.635122467465504,4.093893602551037,7.237610688036037
569,14225,Flooding Attack,0.96,0.8470302239805002,0.257548189763241,0.4616593495089078,0.8470302239805002,0.257548189763241,0.4616593495089078,1.104578413743741,1.308689573489408,0.7192075392721489,1.566237763252649,2.8444948628032085,2.8348492163634633,1.8064297690174655,2.8444948628032085,2.8348492163634633,1.8064297690174655,5.679344079166672,4.650924631820674,4.641278985380929,7.485773848184137
570,14250,Blackhole Attack,0.88,0.8096209744805802,0.2753422863801374,0.4660875471252429,0.8096209744805802,0.2753422863801374,0.4660875471252429,1.0849632608607176,1.2757085216058233,0.7414298335053804,1.5510508079859604,2.61886685731973,3.176967537412383,1.8460378420114683,2.61886685731973,3.176967537412383,1.8460378420114683,5.795834394732113,4.464904699331198,5.023005379423851,7.641872236743581
571,14275,Normal Traffic,0.56,0.9248215779619997,0.2448410071646939,0.4508949071617484,0.9248215779619997,0.2448410071646939,0.4508949071617484,1.1696625851266935,1.375716485123748,0.6957359143264423,1.6205574922884418,3.313681181089079,2.590534482692245,1.710147070012969,3.313681181089079,2.590534482692245,1.710147070012969,5.904215663781324,5.0238282511020484,4.300681552705214,7.614362733794293
572,14300,Blackhole Attack,0.88,0.7869906753409663,0.2512355859979808,0.6084311962159706,0.7869906753409663,0.2512355859979808,0.6084311962159706,1.0382262613389472,1.395421871556937,0.8596667822139514,1.6466574575549178,2.4823757668375084,2.7134798966326037,3.1192325211785534,2.4823757668375084,2.7134798966326037,3.1192325211785534,5.1958556634701125,5.601608288016061,5.832712417811157,8.315088184648666
573,14325,Normal Traffic,0.64,0.7557355947498396,0.25862512658271725,0.495801214325635,0.7557355947498396,0.25862512658271725,0.495801214325635,1.014360721332557,1.2515368090754746,0.7544263409083523,1.510161935658192,2.2938656633398056,2.855554949533706,2.1118121369641547,2.2938656633398056,2.855554949533706,2.1118121369641547,5.149420612873511,4.405677800303961,4.967367086497861,7.261232749837665
574,14350,Normal Traffic,0.64,0.8871742191758285,0.2260905667181709,0.452981776923172,0.8871742191758285,0.2260905667181709,0.452981776923172,1.1132647858939995,1.3401559960990004,0.6790723436413428,1.5662465628171716,3.086617056889985,2.2300290104222475,1.7288131045942918,3.086617056889985,2.2300290104222475,1.7288131045942918,5.316646067312233,4.815430161484277,3.958842115016539,7.045459171906525
575,14375,Flooding Attack,0.8,0.7341001644589137,0.23287204435262931,0.37831261311726255,0.7341001644589137,0.23287204435262931,0.37831261311726255,0.966972208811543,1.1124127775761763,0.6111846574698918,1.3452848219288056,2.1633749678681173,2.3604131368256462,1.060933767069762,2.1633749678681173,2.3604131368256462,1.060933767069762,4.523788104693764,3.224308734937879,3.421346903895408,5.584721871763525
576,14400,Sybil Attack,0.84,0.6738050214345669,0.26757964547620705,0.3515221329132021,0.6738050214345669,0.26757964547620705,0.3515221329132021,0.9413846669107739,1.025327154347769,0.6191017783894092,1.292906799823976,1.7997142945644855,3.027719068656933,0.8213059574271977,1.7997142945644855,3.027719068656933,0.8213059574271977,4.827433363221418,2.621020251991683,3.8490250260841306,5.648739320648616
577,14425,Normal Traffic,0.64,0.85457235819592,0.2706692680993588,0.3171528670745237,0.85457235819592,0.2706692680993588,0.3171528670745237,1.125241626295279,1.1717252252704438,0.5878221351738826,1.4423944933698025,2.8899840592683104,3.0871217192811713,0.5138895979885465,2.8899840592683104,3.0871217192811713,0.5138895979885465,5.977105778549482,3.403873657256857,3.601011317269718,6.490995376538028
578,14450,Blackhole Attack,0.8,0.9259179266329325,0.34124803809368304,0.5102276156389502,0.9259179266329325,0.34124803809368304,0.5102276156389502,1.2671659647266156,1.4361455422718827,0.8514756537326333,1.7773935803655658,3.3202936356890453,4.44410492624139,2.24084927707523,3.3202936356890453,4.44410492624139,2.24084927707523,7.7643985619304345,5.561142912764275,6.68495420331662,10.005247839005666
579,14475,Blackhole Attack,0.76,0.8031524297748086,0.3123899921266275,0.5010102423489157,0.8031524297748086,0.3123899921266275,0.5010102423489157,1.115542421901436,1.3041626721237243,0.8134002344755431,1.6165526642503516,2.579852847152349,3.889265506878746,2.158404358009759,2.579852847152349,3.889265506878746,2.158404358009759,6.469118354031095,4.738257205162109,6.047669864888505,8.627522712040854
580,14500,Sybil Attack,0.88,0.7879849226764335,0.2678025628693643,0.33349872418749316,0.7879849226764335,0.2678025628693643,0.33349872418749316,1.0557874855457978,1.1214836468639267,0.6013012870568575,1.389286209733291,2.4883724132887877,3.0320049914504033,0.6600953362536461,2.4883724132887877,3.0320049914504033,0.6600953362536461,5.520377404739191,3.1484677495424336,3.6921003277040496,6.180472740992838
581,14525,Blackhole Attack,0.8,0.855230185208557,0.1975037610286977,0.5977128471574645,0.855230185208557,0.1975037610286977,0.5977128471574645,1.0527339462372547,1.4529430323660215,0.7952166081861622,1.6504467933947193,2.8939516394469704,1.6804045941229906,3.0233621042128664,2.8939516394469704,1.6804045941229906,3.0233621042128664,4.5743562335699615,5.917313743659837,4.703766698335857,7.597718337782828
582,14550,Blackhole Attack,0.92,0.6461924963896961,0.21302757052162022,0.6168132847011186,0.6461924963896961,0.21302757052162022,0.6168132847011186,0.8592200669113164,1.2630057810908148,0.8298408552227389,1.4760333516124349,1.6331736920257973,1.9788732241606,3.1942062240994047,1.6331736920257973,1.9788732241606,3.1942062240994047,3.6120469161863973,4.827379916125202,5.173079448260005,6.806253140285802
583,14575,Flooding Attack,0.72,0.7778849387812514,0.24080633481189584,0.36885591372870896,0.7778849387812514,0.24080633481189584,0.36885591372870896,1.0186912735931473,1.1467408525099603,0.6096622485406048,1.3875471873218563,2.4274559487205782,2.512961826937916,0.9763481925049649,2.4274559487205782,2.512961826937916,0.9763481925049649,4.940417775658494,3.4038041412255433,3.4893100194428808,5.916765968163459
584,14600,Blackhole Attack,0.96,0.7590260377449126,0.2672477896464453,0.5047335535492463,0.7590260377449126,0.2672477896464453,0.5047335535492463,1.0262738273913579,1.2637595912941588,0.7719813431956917,1.5310073809406042,2.313711452818608,3.021338640262463,2.1917075649980995,2.313711452818608,3.021338640262463,2.1917075649980995,5.335050093081071,4.505419017816708,5.213046205260563,7.52675765807917
585,14625,Wormhole Attack,0.76,0.8479321078279015,0.2894060746747949,0.5896533692950525,0.8479321078279015,0.2894060746747949,0.5896533692950525,1.1373381825026965,1.437585477122954,0.8790594439698474,1.726991551797749,2.849934433401046,3.4473650598348993,2.9512739963356576,2.849934433401046,3.4473650598348993,2.9512739963356576,6.297299493235945,5.801208429736704,6.398639056170557,9.248573489571603
586,14650,Wormhole Attack,0.84,0.9144653349132235,0.3280634108427923,0.46852441450558496,0.9144653349132235,0.3280634108427923,0.46852441450558496,1.2425287457560157,1.3829897494188084,0.7965878253483772,1.7110531602616006,3.251219129734573,4.190610599676509,1.867834434991249,3.251219129734573,4.190610599676509,1.867834434991249,7.441829729411082,5.119053564725823,6.058445034667757,9.309664164402331
587,14675,Wormhole Attack,0.96,0.6926483943182858,0.17952397910301207,0.5376753215996941,0.6926483943182858,0.17952397910301207,0.5376753215996941,0.8721723734212979,1.2303237159179798,0.7171993007027062,1.409847695020992,1.9133651348558438,1.3347161932069032,2.48635565131668,1.9133651348558438,1.3347161932069032,2.48635565131668,3.2480813280627467,4.399720786172524,3.821071844523583,5.734436979379426
588,14700,Sybil Attack,0.84,0.6180076304782435,0.2016168982595196,0.2870775700602413,0.6180076304782435,0.2016168982595196,0.2870775700602413,0.819624528737763,0.9050852005384848,0.48869446831976093,1.1067020987980043,1.463181105555065,1.759485855394574,0.24488070031340312,1.463181105555065,1.759485855394574,0.24488070031340312,3.2226669609496392,1.708061805868468,2.004366555707977,3.4675476612630423
589,14725,Normal Traffic,0.72,0.9929432600745566,0.28555621188038677,0.5239186698650102,0.9929432600745566,0.28555621188038677,0.5239186698650102,1.2784994719549434,1.5168619299395667,0.809474881745397,1.8024181418199536,3.724546394123322,3.3733456463266602,2.3633090952979394,3.724546394123322,3.3733456463266602,2.3633090952979394,7.097892040449983,6.087855489421262,5.7366547416246,9.461201135747922
590,14750,Wormhole Attack,0.84,0.9186558268056524,0.23863571981239973,0.5894248001939724,0.9186558268056524,0.23863571981239973,0.5894248001939724,1.157291546618052,1.5080806269996248,0.8280605200063721,1.7467163468120244,3.2764934225985733,2.4712284827137383,2.9492295569442537,3.2764934225985733,2.4712284827137383,2.9492295569442537,5.747721905312312,6.225722979542827,5.420458039657992,8.696951462256566
591,14775,Wormhole Attack,0.92,0.8155131451455672,0.2545133413057953,0.4086482989914679,0.8155131451455672,0.2545133413057953,0.4086482989914679,1.0700264864513624,1.224161444137035,0.6631616402972631,1.4786747854428304,2.6544045580991082,2.7764996816130822,1.3322717163962152,2.6544045580991082,2.7764996816130822,1.3322717163962152,5.4309042397121905,3.9866762744953235,4.1087713980092975,6.763175956108405
592,14800,Normal Traffic,0.68,0.9193223787040399,0.23080032240052997,0.5217405654032633,0.9193223787040399,0.23080032240052997,0.5217405654032633,1.1501227011045698,1.441062944107303,0.7525408878037932,1.6718632665078332,3.2805136255535863,2.3205811604577424,2.343827010715446,3.2805136255535863,2.3205811604577424,2.343827010715446,5.601094786011329,5.624340636269032,4.664408171173188,7.944921796726774
593,14825,Normal Traffic,0.56,0.9037433057777636,0.3416973125365163,0.31563559434851435,0.9037433057777636,0.3416973125365163,0.31563559434851435,1.2454406183142799,1.219378900126278,0.6573329068850307,1.5610762126627942,3.1865508971207452,4.452742904408057,0.5003183317329709,3.1865508971207452,4.452742904408057,0.5003183317329709,7.639293801528802,3.686869228853716,4.953061236141028,8.139612133261773
594,14850,Blackhole Attack,0.92,0.6946026753127275,0.25115745593560235,0.6672687616848834,0.6946026753127275,0.25115745593560235,0.6672687616848834,0.9457601312483298,1.3618714369976108,0.9184262176204857,1.613028892933213,1.9251520733489849,2.7119777284506585,3.645505914959663,1.9251520733489849,2.7119777284506585,3.645505914959663,4.637129801799643,5.570657988308648,6.357483643410322,8.282635716759307
595,14875,Flooding Attack,0.84,0.6055512862891826,0.25275975354706165,0.2897460063679903,0.6055512862891826,0.25275975354706165,0.2897460063679903,0.8583110398362443,0.895297292657173,0.542505759915052,1.1480570462042348,1.3880526244290394,2.742784314503059,0.2687485646714174,1.3880526244290394,2.742784314503059,0.2687485646714174,4.130836938932099,1.6568011891004568,3.011532879174476,4.399585503603516
596,14900,Wormhole Attack,0.84,0.5326584157453037,0.1923885760249618,0.41183662730997833,0.5326584157453037,0.1923885760249618,0.41183662730997833,0.7250469917702655,0.9444950430552821,0.6042252033349401,1.1368836190802438,0.9484107386751967,1.5820574544502166,1.3607897618200604,0.9484107386751967,1.5820574544502166,1.3607897618200604,2.5304681931254134,2.309200500495257,2.942847216270277,3.8912579549454738
597,14925,Flooding Attack,0.92,0.6871604171737709,0.24260648521675462,0.4801696226641156,0.6871604171737709,0.24260648521675462,0.4801696226641156,0.9297669023905255,1.1673300398378865,0.7227761078808702,1.4099365250546412,1.880265263732835,2.547572431084071,1.971995155613102,1.880265263732835,2.547572431084071,1.971995155613102,4.427837694816906,3.852260419345937,4.519567586697173,6.399832850430007
598,14950,Wormhole Attack,0.8,0.9200616887259577,0.235689957564912,0.6174687160968452,0.9200616887259577,0.235689957564912,0.6174687160968452,1.1557516462908697,1.537530404822803,0.8531586736617571,1.7732203623877147,3.284972657688931,2.4145917645921324,3.2000687390126354,3.284972657688931,2.4145917645921324,3.2000687390126354,5.699564422281064,6.4850413967015665,5.614660503604767,8.8996331612937
599,14975,Blackhole Attack,0.76,0.6991148660937911,0.25970802215108374,0.5172200409485268,0.6991148660937911,0.25970802215108374,0.5172200409485268,0.9588228882448748,1.216334907042318,0.7769280630996105,1.4760429291934016,1.9523666424703066,2.8763752486304903,2.3033931190765804,1.9523666424703066,2.8763752486304903,2.3033931190765804,4.828741891100797,4.255759761546887,5.179768367707071,7.132135010177377
600,15000,Flooding Attack,0.88,0.48007583395718223,0.3100881021272183,0.36946240711907424,0.48007583395718223,0.3100881021272183,0.36946240711907424,0.7901639360844006,0.8495382410762564,0.6795505092462926,1.1596263432034748,0.6312671656117723,3.845008202965415,0.9817729807726234,0.6312671656117723,3.845008202965415,0.9817729807726234,4.476275368577188,1.6130401463843957,4.8267811837380385,5.458048349349811
601,15025,Blackhole Attack,0.84,0.8875264718300835,0.210706951369957,0.5497808931786435,0.8875264718300835,0.210706951369957,0.5497808931786435,1.0982334232000406,1.437307365008727,0.7604878445486005,1.648014316378684,3.088741613379844,1.934255824072578,2.594634098729327,3.088741613379844,1.934255824072578,2.594634098729327,5.022997437452422,5.6833757121091715,4.5288899228019055,7.617631536181749
602,15050,Normal Traffic,0.64,0.6087804863118235,0.22080627678279882,0.29271485777277506,0.6087804863118235,0.22080627678279882,0.29271485777277506,0.8295867630946223,0.9014953440845985,0.5135211345555739,1.1223016208673973,1.407529036550518,2.128430573617732,0.2953034958956437,1.407529036550518,2.128430573617732,0.2953034958956437,3.53595961016825,1.7028325324461617,2.4237340695133756,3.8312631060638935
603,15075,Blackhole Attack,0.96,0.7599302579225956,0.24462476926553225,0.48778721015055204,0.7599302579225956,0.24462476926553225,0.48778721015055204,1.0045550271881278,1.2477174680731475,0.7324119794160843,1.4923422373386799,2.319165114625134,2.5863769832360446,2.0401307690933974,2.319165114625134,2.5863769832360446,2.0401307690933974,4.905542097861179,4.359295883718532,4.626507752329442,6.945672866954577
604,15100,Flooding Attack,0.84,0.7831266550783175,0.24678833141954287,0.5670850206164777,0.7831266550783175,0.24678833141954287,0.5670850206164777,1.0299149864978603,1.350211675694795,0.8138733520360206,1.597000007114338,2.4590705362685,2.6279747258779627,2.7494110987726312,2.4590705362685,2.6279747258779627,2.7494110987726312,5.087045262146463,5.208481635041132,5.3773858246505934,7.836456360919094
605,15125,Blackhole Attack,0.84,0.8188576283647048,0.1702861420323889,0.6060672860877261,0.8188576283647048,0.1702861420323889,0.6060672860877261,0.9891437703970937,1.424924914452431,0.776353428120115,1.5952110564848199,2.67457628269114,1.1571048552014618,3.0980884953190517,2.67457628269114,1.1571048552014618,3.0980884953190517,3.831681137892602,5.772664778010192,4.255193350520513,6.929769633211654
606,15150,Flooding Attack,0.76,0.6119640863903912,0.30121536263582116,0.30560352865868695,0.6119640863903912,0.30121536263582116,0.30560352865868695,0.9131794490262124,0.9175676150490781,0.6068188912945081,1.2187829776848993,1.426730419780241,3.6744164160792603,0.4105863855665372,1.426730419780241,3.6744164160792603,0.4105863855665372,5.101146835859502,1.8373168053467783,4.085002801645797,5.511733221426039
607,15175,Blackhole Attack,0.84,0.8913682530511222,0.23308141268027124,0.49714454857221235,0.8913682530511222,0.23308141268027124,0.49714454857221235,1.1244496657313934,1.3885128016233346,0.7302259612524836,1.6215942143036057,3.1119127126666317,2.3644385584177523,2.123827608156656,3.1119127126666317,2.3644385584177523,2.123827608156656,5.4763512710843845,5.235740320823288,4.488266166574409,7.6001788792410405
608,15200,Blackhole Attack,0.84,0.8587555146790123,0.281612834655544,0.4312361954045029,0.8587555146790123,0.281612834655544,0.4312361954045029,1.1403683493345564,1.2899917100835152,0.712849030060047,1.5716045447390594,2.915214109764443,3.297528276978181,1.5343094589324002,2.915214109764443,3.297528276978181,1.5343094589324002,6.212742386742624,4.4495235686968435,4.8318377359105815,7.747051845675024
609,15225,Normal Traffic,0.68,0.7952301305408618,0.27031350087356293,0.3865625688938314,0.7952301305408618,0.27031350087356293,0.3865625688938314,1.0655436314144247,1.1817926994346932,0.6568760697673943,1.452106200308256,2.5320707451617026,3.080281558266313,1.1347256072058558,2.5320707451617026,3.080281558266313,1.1347256072058558,5.612352303428016,3.6667963523675584,4.215007165472169,6.747077910633871
610,15250,Wormhole Attack,0.84,0.6104072861200767,0.17724084613014798,0.5458070239672973,0.6104072861200767,0.17724084613014798,0.5458070239672973,0.7876481322502247,1.1562143100873739,0.7230478700974453,1.3334551562175219,1.4173408237679508,1.2908195213935112,2.5590897722496324,1.4173408237679508,1.2908195213935112,2.5590897722496324,2.708160345161462,3.9764305960175834,3.849909293643144,5.267250117411095
611,15275,Normal Traffic,0.68,0.951081947256551,0.29387819096118123,0.2577881583973955,0.951081947256551,0.29387819096118123,0.2577881583973955,1.2449601382177322,1.2088701056539466,0.5516663493585767,1.5027482966151278,3.4720664688559957,3.5333482343884874,-0.017098835291314035,3.4720664688559957,3.5333482343884874,-0.017098835291314035,7.005414703244483,3.4549676335646815,3.5162493990971733,6.988315867953169
612,15300,Normal Traffic,0.52,0.7539491364962015,0.23265019289040142,0.3236052510076845,0.7539491364962015,0.23265019289040142,0.3236052510076845,0.986599329386603,1.077554387503886,0.5562554438980859,1.3102045803942874,2.28309092131648,2.3561477081605244,0.5716030326526198,2.28309092131648,2.3561477081605244,0.5716030326526198,4.6392386294770045,2.8546939539691,2.9277507408131442,5.210841662129624
613,15325,Wormhole Attack,0.84,0.8165792126440465,0.20706420503809145,0.5507043286530903,0.8165792126440465,0.20706420503809145,0.5507043286530903,1.023643417682138,1.367283541297137,0.7577685336911817,1.5743477463352282,2.660834376569355,1.8642185366566166,2.602893779720576,2.660834376569355,1.8642185366566166,2.602893779720576,4.525052913225972,5.263728156289931,4.467112316377193,7.127946692946548
614,15350,Blackhole Attack,0.96,0.9270852356254935,0.28227441506972817,0.6646056703432494,0.9270852356254935,0.28227441506972817,0.6646056703432494,1.2093596506952218,1.591690905968743,0.9468800854129775,1.873965321038471,3.3273340763098878,3.310248157363939,3.62168585872278,3.3273340763098878,3.310248157363939,3.62168585872278,6.637582233673827,6.949019935032668,6.931934016086719,10.259268092396606
615,15375,Normal Traffic,0.72,0.8950389585016391,0.22404337109488606,0.5872786995183247,0.8950389585016391,0.22404337109488606,0.5872786995183247,1.119082329596525,1.4823176580199637,0.8113220706132107,1.7063610291148499,3.13405199534642,2.190668589684065,2.9300337306559316,3.13405199534642,2.190668589684065,2.9300337306559316,5.3247205850304855,6.064085726002352,5.120702320339997,8.254754315686418
616,15400,Wormhole Attack,0.88,0.914219939374192,0.2506164753852576,0.48979970100078585,0.914219939374192,0.2506164753852576,0.48979970100078585,1.1648364147594497,1.4040196403749778,0.7404161763860435,1.6546361157602356,3.2497390651311298,2.7015765621768772,2.058131520505615,3.2497390651311298,2.7015765621768772,2.058131520505615,5.9513156273080074,5.307870585636745,4.759708082682492,8.009447147813622
617,15425,Normal Traffic,0.72,0.8595599380672543,0.3395854076664897,0.30396067104741464,0.8595599380672543,0.3395854076664897,0.30396067104741464,1.199145345733744,1.163520609114669,0.6435460787139043,1.5031060167811585,2.9200658629292233,4.412138350892119,0.39589182361971054,2.9200658629292233,4.412138350892119,0.39589182361971054,7.332204213821342,3.3159576865489337,4.8080301745118295,7.728096037441053
618,15450,Blackhole Attack,0.88,0.7006734018232614,0.25473194421358103,0.5944334880604663,0.7006734018232614,0.25473194421358103,0.5944334880604663,0.9554053460368425,1.2951068898837277,0.8491654322740473,1.5498388340973088,1.961766705631581,2.7807026519238685,2.9940298327694443,1.961766705631581,2.7807026519238685,2.9940298327694443,4.74246935755545,4.955796538401025,5.774732484693313,7.736499190324894
619,15475,Sybil Attack,0.84,0.5638341693451641,0.2474317089064817,0.39649852703589533,0.5638341693451641,0.2474317089064817,0.39649852703589533,0.8112658782516458,0.9603326963810594,0.6439302359423771,1.2077644052875411,1.13644239389982,2.6403446275577807,1.2235979181218102,1.13644239389982,2.6403446275577807,1.2235979181218102,3.7767870214576007,2.3600403120216304,3.863942545679591,5.000384939579411
620,15500,Normal Traffic,0.56,0.5977775550717588,0.2658691651249834,0.38192189599063486,0.5977775550717588,0.2658691651249834,0.38192189599063486,0.8636467201967422,0.9796994510623936,0.6477910611156182,1.2455686161873771,1.3411665870666554,2.994832506414029,1.0932170461576651,1.3411665870666554,2.994832506414029,1.0932170461576651,4.335999093480685,2.4343836332243205,4.088049552571694,5.42921613963835
621,15525,Blackhole Attack,0.88,0.9392470365240649,0.2857570411158583,0.41134240442107406,0.9392470365240649,0.2857570411158583,0.41134240442107406,1.2250040776399231,1.3505894409451389,0.6970994455369324,1.6363464820609972,3.400686065898391,3.3772068910043935,1.3563691785590928,3.400686065898391,3.3772068910043935,1.3563691785590928,6.777892956902784,4.757055244457484,4.733576069563487,8.134262135461878
622,15550,Wormhole Attack,0.8,0.7449388995096381,0.3269771203514412,0.459091019449571,0.7449388995096381,0.3269771203514412,0.459091019449571,1.0719160198610793,1.204029918959209,0.7860681398010122,1.5310070393106503,2.2287470938570135,4.169725028069601,1.7834573063415349,2.2287470938570135,4.169725028069601,1.7834573063415349,6.3984721219266145,4.012204400198549,5.953182334411136,8.18192942826815
623,15575,Sybil Attack,0.8,0.8916195794309002,0.26498658949222165,0.30414658936030975,0.8916195794309002,0.26498658949222165,0.30414658936030975,1.1566061689231217,1.19576616879121,0.5691331788525313,1.4607527582834314,3.11342854820337,2.9778636599375847,0.39755477246393256,3.11342854820337,2.9778636599375847,0.39755477246393256,6.091292208140954,3.510983320667303,3.375418432401517,6.488846980604887
624,15600,Normal Traffic,0.68,0.6848932577568083,0.26142972890131416,0.30213883147722126,0.6848932577568083,0.26142972890131416,0.30213883147722126,0.9463229866581224,0.9870320892340296,0.5635685603785354,1.2484618181353437,1.8665912482366556,2.9094776553111483,0.37959635513985013,1.8665912482366556,2.9094776553111483,0.37959635513985013,4.776068903547804,2.2461876033765056,3.2890740104509986,5.155665258687654
625,15625,Normal Traffic,0.68,0.7879981904669144,0.2875205876458474,0.5313959796236518,0.7879981904669144,0.2875205876458474,0.5313959796236518,1.075518778112762,1.3193941700905663,0.8189165672694992,1.6069147577364138,2.4884524358806175,3.411113730498488,2.430189992759818,2.4884524358806175,3.411113730498488,2.430189992759818,5.899566166379106,4.918642428640435,5.8413037232583065,8.329756159138924
626,15650,Wormhole Attack,0.84,0.7124946185898393,0.12993058081798411,0.6217023035903314,0.7124946185898393,0.12993058081798411,0.6217023035903314,0.8424251994078235,1.3341969221801708,0.7516328844083155,1.4641275029981549,2.0330645155872853,0.38120837981932876,3.2379361191516636,2.0330645155872853,0.38120837981932876,3.2379361191516636,2.414272895406614,5.271000634738948,3.6191444989709924,5.652209014558277
627,15675,Wormhole Attack,0.84,0.774238418195559,0.2531743839091862,0.5182422699024284,0.774238418195559,0.2531743839091862,0.5182422699024284,1.0274128021047453,1.2924806880979873,0.7714166538116145,1.5456550720071736,2.405462533249734,2.7507562080135872,2.3125364596703606,2.405462533249734,2.7507562080135872,2.3125364596703606,5.156218741263322,4.717998992920094,5.063292667683948,7.468755200933682
628,15700,Blackhole Attack,0.84,0.8682589864118714,0.29074357631260406,0.5463818476394126,0.8682589864118714,0.29074357631260406,0.5463818476394126,1.1590025627244755,1.414640834051284,0.8371254239520166,1.7053844103638882,2.972532805031457,3.47308054427781,2.5642312902974798,2.972532805031457,3.47308054427781,2.5642312902974798,6.445613349309267,5.5367640953289365,6.03731183457529,9.009844639606747
629,15725,Wormhole Attack,0.84,0.8549583648544733,0.25522723984424545,0.3845724169719107,0.8549583648544733,0.25522723984424545,0.3845724169719107,1.1101856046987186,1.2395307818263839,0.6397996568161561,1.4947580216706293,2.892312197727033,2.79022545677505,1.116924666637664,2.892312197727033,2.79022545677505,1.116924666637664,5.682537654502083,4.009236864364697,3.9071501234127144,6.799462321139747
630,15750,Normal Traffic,0.68,0.8078292469404897,0.3034267865098351,0.29361532676987584,0.8078292469404897,0.3034267865098351,0.29361532676987584,1.1112560334503248,1.1014445737103655,0.597042113279711,1.4048713602202005,2.6080603344238,3.7169343724101678,0.3033577529221226,2.6080603344238,3.7169343724101678,0.3033577529221226,6.324994706833968,2.9114180873459223,4.020292125332291,6.6283524597560906
631,15775,Flooding Attack,0.72,0.8942144790544602,0.3239756295025045,0.2571226462285945,0.8942144790544602,0.3239756295025045,0.2571226462285945,1.2181901085569646,1.1513371252830547,0.581098275731099,1.4753127547855591,3.1290792772161216,4.1120168436087585,-0.023051517814566738,3.1290792772161216,4.1120168436087585,-0.023051517814566738,7.24109612082488,3.1060277594015546,4.088965325794192,7.218044603010313
632,15800,Normal Traffic,0.64,0.774488163277328,0.314446087554408,0.3074832854761479,0.774488163277328,0.314446087554408,0.3074832854761479,1.088934250831736,1.081971448753476,0.621929373030556,1.396417536307884,2.406968831436201,3.9287970397693055,0.42739989564167846,2.406968831436201,3.9287970397693055,0.42739989564167846,6.335765871205506,2.8343687270778797,4.356196935410984,6.763165766847185
633,15825,Sybil Attack,0.76,0.7250026224099827,0.2693479609973249,0.37805619569169496,0.7250026224099827,0.2693479609973249,0.37805619569169496,0.9943505834073076,1.1030588181016776,0.6474041566890198,1.3724067790990027,2.108504573654334,3.0617175991917804,1.0586402379663293,2.108504573654334,3.0617175991917804,1.0586402379663293,5.170222172846115,3.1671448116206635,4.12035783715811,6.228862410812445
634,15850,Normal Traffic,0.72,0.5820894067958888,0.20765220142558027,0.4401824448104414,0.5820894067958888,0.20765220142558027,0.4401824448104414,0.7897416082214691,1.0222718516063303,0.6478346462360216,1.2299240530319104,1.2465459878156282,1.8755236532467723,1.6143293067788085,1.2465459878156282,1.8755236532467723,1.6143293067788085,3.1220696410624003,2.860875294594437,3.4898529600255808,4.7363989478412085
635,15875,Blackhole Attack,0.8,0.9118421600161787,0.2592967933934673,0.42529983246211334,0.9118421600161787,0.2592967933934673,0.42529983246211334,1.171138953409646,1.337141992478292,0.6845966258555807,1.5964387858717592,3.2353978628562894,2.868468756092444,1.481211580943916,3.2353978628562894,2.868468756092444,1.481211580943916,6.103866618948733,4.7166094438002055,4.34968033703636,7.585078199892649
636,15900,Wormhole Attack,0.92,0.8013534372621794,0.232476209554013,0.5288229500455127,0.8013534372621794,0.232476209554013,0.5288229500455127,1.0338296468161925,1.3301763873076922,0.7612991595995258,1.5626525968617053,2.5690025067170215,2.352802616346244,2.407175495174905,2.5690025067170215,2.352802616346244,2.407175495174905,4.921805123063265,4.976178001891927,4.759978111521149,7.3289806182381705
637,15925,Wormhole Attack,0.8,0.6859130130372684,0.2720668904049525,0.31465326271444605,0.6859130130372684,0.2720668904049525,0.31465326271444605,0.957979903442221,1.0005662757517144,0.5867201531193986,1.272633166156667,1.8727417418468506,3.113993114156942,0.49153185325175613,1.8727417418468506,3.113993114156942,0.49153185325175613,4.9867348560037925,2.3642735950986067,3.605524967408698,5.478266709255549
638,15950,Blackhole Attack,0.72,0.7371334028904534,0.24346084444426563,0.5808994797114934,0.7371334028904534,0.24346084444426563,0.5808994797114934,0.980594247334719,1.3180328826019467,0.824360324155759,1.5614937270462124,2.181669468469248,2.5639987746507997,2.872974713501481,2.181669468469248,2.5639987746507997,2.872974713501481,4.745668243120048,5.05464418197073,5.436973488152281,7.618642956621529
639,15975,Sybil Attack,0.88,0.7556819717368539,0.31193920373807066,0.2600723691534119,0.7556819717368539,0.31193920373807066,0.2600723691534119,1.0676211754749245,1.0157543408902658,0.5720115728914825,1.3276935446283364,2.2935422445695894,3.880598420824208,0.003332318463938263,2.2935422445695894,3.880598420824208,0.003332318463938263,6.174140665393797,2.2968745630335277,3.883930739288146,6.177472983857736
640,16000,Normal Traffic,0.72,0.9941253264471721,0.2840439184587716,0.5627919204475651,0.9941253264471721,0.2840439184587716,0.5627919204475651,1.2781692449059436,1.5569172468947372,0.8468358389063366,1.8409611653535087,3.731675841561259,3.3442695264496316,2.7110114067097495,3.731675841561259,3.3442695264496316,2.7110114067097495,7.07594536801089,6.4426872482710085,6.055280933159381,9.78695677472064
641,16025,Sybil Attack,0.76,0.7232217897667825,0.24563988443719634,0.24920370486121624,0.7232217897667825,0.24563988443719634,0.24920370486121624,0.9688616742039788,0.9724254946279988,0.49484358929841255,1.218065379065195,2.097763761615697,2.6058941020692217,-0.09388259512631789,2.097763761615697,2.6058941020692217,-0.09388259512631789,4.703657863684919,2.0038811664893794,2.512011506942904,4.609775268558601
642,16050,Wormhole Attack,0.88,0.7871207086597922,0.23277702608981754,0.4356020743078267,0.7871207086597922,0.23277702608981754,0.4356020743078267,1.0198977347496099,1.2227227829676188,0.6683791003976443,1.4554998090574367,2.4831600423513263,2.358586267541859,1.5733601213617208,2.4831600423513263,2.358586267541859,1.5733601213617208,4.841746309893185,4.0565201637130475,3.93194638890358,6.415106431254906
643,16075,Normal Traffic,0.6,0.8178429150763842,0.24098869630473607,0.46957031743647076,0.8178429150763842,0.24098869630473607,0.46957031743647076,1.0588316113811203,1.2874132325128549,0.7105590137412068,1.528401928817591,2.668456199063644,2.516468001434869,1.8771895277898063,2.668456199063644,2.516468001434869,1.8771895277898063,5.1849242004985125,4.545645726853451,4.393657529224675,7.062113728288319
644,16100,Normal Traffic,0.68,0.7378385236274122,0.22650018294642082,0.2801259000172848,0.7378385236274122,0.22650018294642082,0.2801259000172848,0.964338706573833,1.017964423644697,0.5066260829637057,1.2444646065911178,2.185922293308875,2.2379044996533324,0.18270139434116375,2.185922293308875,2.2379044996533324,0.18270139434116375,4.423826792962208,2.368623687650039,2.4206058939944963,4.606528187303372
645,16125,Wormhole Attack,0.84,0.8741736568811563,0.19531104692376042,0.6045556794250732,0.8741736568811563,0.19531104692376042,0.6045556794250732,1.0694847038049167,1.4787293363062295,0.7998667263488336,1.6740403832299897,3.0082062098422018,1.6382463612959806,3.0845679092431917,3.0082062098422018,1.6382463612959806,3.0845679092431917,4.646452571138182,6.0927741190853935,4.722814270539172,7.731020480381374
646,16150,Wormhole Attack,0.72,0.8950364739115009,0.21878510626881845,0.47839978702845404,0.8950364739115009,0.21878510626881845,0.47839978702845404,1.1138215801803193,1.3734362609399549,0.6971848932972725,1.5922213672087733,3.134037009931721,2.089570524822675,1.9561648370234164,3.134037009931721,2.089570524822675,1.9561648370234164,5.223607534754396,5.0902018469551376,4.045735361846091,7.179772371777812
647,16175,Blackhole Attack,0.92,0.7854505372862427,0.23924543069494308,0.41386970721343214,0.7854505372862427,0.23924543069494308,0.41386970721343214,1.0246959679811858,1.199320244499675,0.6531151379083753,1.4385656751946179,2.473086666358301,2.482951093192481,1.3789746722950549,2.473086666358301,2.482951093192481,1.3789746722950549,4.956037759550782,3.852061338653356,3.861925765487536,6.335012431845836
648,16200,Wormhole Attack,0.88,0.7337012288713083,0.25209128359589233,0.5532450596024683,0.7337012288713083,0.25209128359589233,0.5532450596024683,0.9857925124672007,1.2869462884737766,0.8053363431983607,1.539037572069669,2.1609688506069844,2.7299319723870483,2.6256193817871734,2.1609688506069844,2.7299319723870483,2.6256193817871734,4.890900822994032,4.786588232394157,5.355551354174222,7.516520204781205
649,16225,Blackhole Attack,0.72,0.8847672731459655,0.24734602071850947,0.44804781979505337,0.8847672731459655,0.24734602071850947,0.44804781979505337,1.132113293864475,1.332815092941019,0.6953938405135629,1.5801611136595284,3.072099940420553,2.638697143022098,1.6846812588611875,3.072099940420553,2.638697143022098,1.6846812588611875,5.710797083442651,4.756781199281741,4.323378401883286,7.395478342303839
650,16250,Sybil Attack,0.72,0.8589529402958064,0.28795739050924346,0.44387592326890507,0.8589529402958064,0.28795739050924346,0.44387592326890507,1.14691033080505,1.3028288635647114,0.7318333137781485,1.590786254073955,2.9164048513255287,3.4195119237572857,1.6473656744072434,2.9164048513255287,3.4195119237572857,1.6473656744072434,6.335916775082815,4.563770525732772,5.066877598164529,7.9832824494900585
651,16275,Flooding Attack,0.76,0.7547510879152537,0.2767728423935201,0.6386920433035366,0.7547510879152537,0.2767728423935201,0.6386920433035366,1.0315239303087738,1.3934431312187903,0.9154648856970566,1.6702159736123103,2.287927765187827,3.2044721324475813,3.389901073973772,2.287927765187827,3.2044721324475813,3.389901073973772,5.4923998976354085,5.677828839161599,6.594373206421354,8.88230097160918
652,16300,Wormhole Attack,0.84,0.7718297168635121,0.2898239415777592,0.5639359866984814,0.7718297168635121,0.2898239415777592,0.5639359866984814,1.0616536584412712,1.3357657035619934,0.8537599282762407,1.6255896451397527,2.3909348299512136,3.4553991807201547,2.721244522641412,2.3909348299512136,3.4553991807201547,2.721244522641412,5.846334010671368,5.112179352592626,6.176643703361567,8.56757853331278
653,16325,Blackhole Attack,0.72,0.977220840026661,0.2434445907135961,0.5045927198363487,0.977220840026661,0.2434445907135961,0.5045927198363487,1.2206654307402571,1.4818135598630096,0.7480373105499447,1.7252581505766058,3.6297190900688068,2.563686272186237,2.190447875963471,3.6297190900688068,2.563686272186237,2.190447875963471,6.193405362255044,5.820166966032278,4.754134148149708,8.383853238218515
654,16350,Flooding Attack,0.88,0.6841050970979257,0.27786205559468213,0.35391921939909954,0.6841050970979257,0.27786205559468213,0.35391921939909954,0.9619671526926078,1.038024316497025,0.6317812749937817,1.3158863720917073,1.861837581166574,3.2254138975547813,0.8427467296628641,1.861837581166574,3.2254138975547813,0.8427467296628641,5.087251478721355,2.7045843108294383,4.068160627217646,5.9299982083842195
655,16375,Wormhole Attack,0.88,0.7030282467020567,0.21242399494224398,0.523986264866456,0.7030282467020567,0.21242399494224398,0.523986264866456,0.9154522416443006,1.2270145115685127,0.7364102598087,1.4394385065107567,1.9759695822016305,1.967268574130418,2.3639136996953174,1.9759695822016305,1.967268574130418,2.3639136996953174,3.9432381563320487,4.339883281896948,4.3311822738257355,6.307151856027366
656,16400,Sybil Attack,0.96,0.6355477030591498,0.2887644157385219,0.2286838389259205,0.6355477030591498,0.2887644157385219,0.2286838389259205,0.9243121187976717,0.8642315419850702,0.5174482546644424,1.1529959577235922,1.5689712950234156,3.435028199881284,-0.27742281130686736,1.5689712950234156,3.435028199881284,-0.27742281130686736,5.0039994949047,1.2915484837165483,3.1576053885744164,4.726576683597832
657,16425,Blackhole Attack,0.76,0.6123129158269435,0.2152399806102778,0.43337473168204793,0.6123129158269435,0.2152399806102778,0.43337473168204793,0.8275528964372213,1.0456876475089913,0.6486147122923257,1.2609276281192692,1.4288343296708519,2.0214101419541395,1.553437625360399,1.4288343296708519,2.0214101419541395,1.553437625360399,3.450244471624991,2.982271955031251,3.5748477673145382,5.00368209698539
658,16450,Normal Traffic,0.72,0.6916910936023347,0.18374714830481986,0.40486237604997527,0.6916910936023347,0.18374714830481986,0.40486237604997527,0.8754382419071546,1.09655346965231,0.5886095243547951,1.28030061795713,1.907591326130052,1.4159129849257956,1.298408477848968,1.907591326130052,1.4159129849257956,1.298408477848968,3.3235043110558475,3.2059998039790196,2.7143214627747634,4.621912788904815
659,16475,Wormhole Attack,0.92,0.6593951446540777,0.18326187303391603,0.5449712552797212,0.6593951446540777,0.18326187303391603,0.5449712552797212,0.8426570176879937,1.2043663999337988,0.7282331283136373,1.387628272967715,1.7128033888204013,1.4065828365905026,2.551614228009804,1.7128033888204013,1.4065828365905026,2.551614228009804,3.1193862254109037,4.2644176168302055,3.9581970646003066,5.671000453420708
660,16500,Sybil Attack,0.84,0.8249397333163159,0.23487556068552573,0.46577242196996993,0.8249397333163159,0.23487556068552573,0.46577242196996993,1.0598152940018415,1.2907121552862857,0.7006479826554957,1.5255877159718114,2.7112595422517503,2.3989337573866107,1.8432192008319832,2.7112595422517503,2.3989337573866107,1.8432192008319832,5.110193299638361,4.554478743083734,4.242152958218594,6.953412500470344
661,16525,Blackhole Attack,0.84,0.9566861176327519,0.2893929990670509,0.42154345312386493,0.9566861176327519,0.2893929990670509,0.42154345312386493,1.2460791166998029,1.3782295707566168,0.7109364521909158,1.6676225698236677,3.5058671411836912,3.447113661572634,1.4476125955522832,3.5058671411836912,3.447113661572634,1.4476125955522832,6.952980802756326,4.953479736735974,4.894726257124917,8.400593398308608
662,16550,Blackhole Attack,0.92,0.90790353414805,0.2539391290667376,0.21830813067780058,0.90790353414805,0.2539391290667376,0.21830813067780058,1.1618426632147876,1.1262116648258507,0.4722472597445382,1.380150793892588,3.2116426603101007,2.7654595860475895,-0.37022847294672234,3.2116426603101007,2.7654595860475895,-0.37022847294672234,5.97710224635769,2.8414141873633785,2.3952311131008672,5.6068737734109675
663,16575,Sybil Attack,0.88,0.7631246356217006,0.2548560127971282,0.30191410316143685,0.7631246356217006,0.2548560127971282,0.30191410316143685,1.017980648418829,1.0650387387831375,0.5567701159585651,1.3198947515802657,2.338431501378269,2.783088057399175,0.37758626970405723,2.338431501378269,2.783088057399175,0.37758626970405723,5.121519558777444,2.7160177710823263,3.1606743271032323,5.499105828481501
664,16600,Sybil Attack,0.76,0.7847697850385681,0.2628864999848906,0.4097106589532511,0.7847697850385681,0.2628864999848906,0.4097106589532511,1.0476562850234588,1.1944804439918193,0.6725971589381416,1.4573669439767098,2.4689808162296707,2.937486274573817,1.3417740093284445,2.4689808162296707,2.937486274573817,1.3417740093284445,5.4064670908034875,3.8107548255581154,4.2792602839022615,6.748241100131932
665,16625,Wormhole Attack,0.84,0.48271954457748617,0.23704505408499812,0.410189534896975,0.48271954457748617,0.23704505408499812,0.410189534896975,0.7197645986624843,0.8929090794744612,0.6472345889819732,1.1299541335594594,0.6472122904755028,2.4406455371602145,1.346057321632331,0.6472122904755028,2.4406455371602145,1.346057321632331,3.0878578276357174,1.993269612107834,3.7867028587925455,4.433915149268048
666,16650,Sybil Attack,0.72,0.7643851248731758,0.2562727365925146,0.3708652064897293,0.7643851248731758,0.2562727365925146,0.3708652064897293,1.0206578614656903,1.1352503313629052,0.6271379430822439,1.3915230679554196,2.346033944077482,2.810326707199885,0.9943203385653029,2.346033944077482,2.810326707199885,0.9943203385653029,5.156360651277367,3.3403542826427848,3.804647045765188,6.15068098984267
667,16675,Normal Traffic,0.72,0.6607913165066263,0.2422506288153256,0.4809986869199339,0.6607913165066263,0.2422506288153256,0.4809986869199339,0.9030419453219518,1.1417900034265602,0.7232493157352595,1.3840406322418857,1.7212241797909176,2.5407305555332877,1.979410731973117,1.7212241797909176,2.5407305555332877,1.979410731973117,4.261954735324205,3.7006349117640345,4.520141287506405,6.241365467297323
668,16700,Wormhole Attack,0.72,0.9388645626168627,0.2858987861830221,0.2350149046258207,0.9388645626168627,0.2858987861830221,0.2350149046258207,1.2247633487998848,1.1738794672426833,0.5209136908088428,1.4597782534257056,3.3983792346738912,3.37993215351359,-0.22079450920796304,3.3983792346738912,3.37993215351359,-0.22079450920796304,6.778311388187481,3.177584725465928,3.159137644305627,6.557516878979518
669,16725,Blackhole Attack,0.84,0.6885598902427067,0.2010155198606527,0.7428043369152022,0.6885598902427067,0.2010155198606527,0.7428043369152022,0.8895754101033594,1.4313642271579088,0.9438198567758549,1.6323797470185615,1.8887059654708507,1.7479234494705742,4.321134881094772,1.8887059654708507,1.7479234494705742,4.321134881094772,3.636629414941425,6.209840846565623,6.069058330565346,7.957764296036197
670,16750,Blackhole Attack,0.96,0.7708959390275352,0.2675031458193679,0.6352347970281914,0.7708959390275352,0.2675031458193679,0.6352347970281914,1.0383990848469031,1.4061307360557267,0.9027379428475593,1.6736338818750944,2.385302895776843,3.0262482474783083,3.3589776882768514,2.385302895776843,3.0262482474783083,3.3589776882768514,5.411551143255151,5.744280584053694,6.38522593575516,8.770528831532003
671,16775,Flooding Attack,0.72,0.8269297649734624,0.26013724513508557,0.29888470617519625,0.8269297649734624,0.26013724513508557,0.29888470617519625,1.087067010108548,1.1258144711486586,0.5590219513102819,1.3859517162837443,2.7232621052449453,2.884627707285957,0.35048978771413763,2.7232621052449453,2.884627707285957,0.35048978771413763,5.607889812530902,3.073751892959083,3.2351174950000945,5.95837960024504
672,16800,Blackhole Attack,0.72,1.0088950932302598,0.22166566972729432,0.6641151181246372,1.0088950932302598,0.22166566972729432,0.6641151181246372,1.2305607629575541,1.673010211354897,0.8857807878519315,1.8946758810821913,3.8207573672607076,2.144953697978701,3.6172981078214907,3.8207573672607076,2.144953697978701,3.6172981078214907,5.965711065239409,7.438055475082198,5.762251805800192,9.5830091730609
673,16825,Wormhole Attack,0.8,0.6906810308985625,0.1261439751246253,0.5154212269313599,0.6906810308985625,0.1261439751246253,0.5154212269313599,0.8168250060231877,1.2061022578299223,0.6415652020559852,1.3322462329545477,1.9014992917719218,0.3084051793996972,2.2873036029647076,1.9014992917719218,0.3084051793996972,2.2873036029647076,2.209904471171619,4.18880289473663,2.595708782364405,4.497208074136326
674,16850,Blackhole Attack,0.92,0.5775102380979811,0.20960648512702304,0.43962121498236567,0.5775102380979811,0.20960648512702304,0.43962121498236567,0.7871167232250041,1.0171314530803468,0.6492277001093887,1.2267379382073698,1.2189274519216238,1.9130977022803153,1.6093093790513662,1.2189274519216238,1.9130977022803153,1.6093093790513662,3.132025154201939,2.82823683097299,3.5224070813316812,4.741334533253305
675,16875,Flooding Attack,0.88,0.6324918455792675,0.24201029259844725,0.5070455995951811,0.6324918455792675,0.24201029259844725,0.5070455995951811,0.8745021381777147,1.1395374451744487,0.7490558921936283,1.381547737772896,1.5505403711892158,2.5361097296056823,2.212387691877503,1.5505403711892158,2.5361097296056823,2.212387691877503,4.086650100794898,3.7629280630667186,4.748497421483185,6.299037792672401
676,16900,Blackhole Attack,0.72,0.8676428667083208,0.23609756827567208,0.4358155217871368,0.8676428667083208,0.23609756827567208,0.4358155217871368,1.103740434983993,1.3034583884954576,0.6719130900628089,1.5395559567711299,2.968816775928775,2.4224286947273983,1.57526930520431,2.968816775928775,2.4224286947273983,1.57526930520431,5.391245470656173,4.544086081133085,3.9976979999317086,6.9665147758604835
677,16925,Wormhole Attack,0.8,0.7605086254975352,0.22054488758880933,0.5741245101141478,0.7605086254975352,0.22054488758880933,0.5741245101141478,0.9810535130863445,1.334633135611683,0.7946693977029571,1.5551780232004924,2.3226534477008944,2.12340497248083,2.812375907035861,2.3226534477008944,2.12340497248083,2.812375907035861,4.446058420181725,5.135029354736755,4.935780879516691,7.258434327217586
678,16950,Wormhole Attack,0.88,0.627483769132309,0.2570132538413171,0.4718079080956797,0.627483769132309,0.2570132538413171,0.4718079080956797,0.8844970229736261,1.0992916772279886,0.7288211619369969,1.3563049310693058,1.52033494565566,2.82456426717961,1.8972036874636455,1.52033494565566,2.82456426717961,1.8972036874636455,4.34489921283527,3.417538633119306,4.721767954643256,6.2421029002989155
679,16975,Sybil Attack,0.88,0.6619757414400318,0.30347491852112796,0.3185263220235506,0.6619757414400318,0.30347491852112796,0.3185263220235506,0.9654506599611598,0.9805020634635824,0.6220012405446785,1.2839769819847104,1.7283678525173582,3.717859782856494,0.5261744842082479,1.7283678525173582,3.717859782856494,0.5261744842082479,5.446227635373853,2.2545423367256063,4.244034267064742,5.9724021195821
680,17000,Normal Traffic,0.76,0.926498304563235,0.22782195911278677,0.33612394027742304,0.926498304563235,0.22782195911278677,0.33612394027742304,1.1543202636760217,1.262622244840658,0.5639458993902098,1.4904442039534447,3.323794093907034,2.2633176382113307,0.6835766167934765,3.323794093907034,2.2633176382113307,0.6835766167934765,5.587111732118364,4.007370710700511,2.946894255004807,6.270688348911841
681,17025,Wormhole Attack,0.92,0.7261703636901808,0.2583442790979368,0.476815659703693,0.7261703636901808,0.2583442790979368,0.476815659703693,0.9845146427881176,1.2029860233938738,0.7351599388016298,1.4613303024918105,2.1155476215500797,2.8501552334350158,1.9419955889122946,2.1155476215500797,2.8501552334350158,1.9419955889122946,4.9657028549850954,4.0575432104623745,4.792150822347311,6.90769844389739
682,17050,Blackhole Attack,0.88,0.6682562269935645,0.2874850625901026,0.40727878296268877,0.6682562269935645,0.2874850625901026,0.40727878296268877,0.955741289583667,1.0755350099562533,0.6947638455527914,1.3630200725463557,1.766247613481673,3.4104307077697564,1.3200220619015197,1.766247613481673,3.4104307077697564,1.3200220619015197,5.17667832125143,3.0862696753831926,4.730452769671276,6.49670038315295
683,17075,Wormhole Attack,0.76,0.7890860996971705,0.2241714992071543,0.5455538467943744,0.7890860996971705,0.2241714992071543,0.5455538467943744,1.0132575989043247,1.3346399464915448,0.7697253460015286,1.558811445698699,2.495013989321305,2.1931320457162613,2.5568252256294555,2.495013989321305,2.1931320457162613,2.5568252256294555,4.688146035037566,5.0518392149507605,4.749957271345717,7.244971260667022
684,17100,Flooding Attack,0.72,0.7605723209395541,0.23349720249982808,0.4766432190449096,0.7605723209395541,0.23349720249982808,0.4766432190449096,0.9940695234393822,1.2372155399844638,0.7101404215447377,1.4707127424842916,2.323037616742862,2.3724327442445814,1.9404531911261091,2.323037616742862,2.3724327442445814,1.9404531911261091,4.695470360987443,4.263490807868971,4.312885935370691,6.635923552113552
685,17125,Flooding Attack,0.84,0.7902577120253177,0.3227962494118759,0.435438273426872,0.7902577120253177,0.3227962494118759,0.435438273426872,1.1130539614371937,1.2256959854521896,0.7582345228387479,1.5484922348640657,2.502080384834005,4.089341484180775,1.5718950021842473,2.502080384834005,4.089341484180775,1.5718950021842473,6.59142186901478,4.073975387018252,5.661236486365022,8.163316871199028
686,17150,Normal Traffic,0.72,0.8883721135408649,0.231372523459648,0.35794288261735163,0.8883721135408649,0.231372523459648,0.35794288261735163,1.1197446370005129,1.2463149961582165,0.5893154060769996,1.4776875196178645,3.0938419683751417,2.3315825880582866,0.8787364393054321,3.0938419683751417,2.3315825880582866,0.8787364393054321,5.425424556433429,3.9725784076805737,3.2103190273637185,6.304160995738861
687,17175,Normal Traffic,0.76,1.0168364102561565,0.26460619004913677,0.557256546688988,1.0168364102561565,0.26460619004913677,0.557256546688988,1.2814426003052932,1.5740929569451445,0.8218627367381248,1.8386991469942813,3.868654172072814,2.9705499074275212,2.66150018185609,3.868654172072814,2.9705499074275212,2.66150018185609,6.839204079500336,6.5301543539289035,5.632050089283611,9.500704261356425
688,17200,Normal Traffic,0.64,0.5944897123576117,0.2034846067613916,0.4414081120444899,0.5944897123576117,0.2034846067613916,0.4414081120444899,0.7979743191190033,1.0358978244021015,0.6448927188058815,1.2393824311634931,1.3213364807733448,1.7953953657578314,1.6252923037989657,1.3213364807733448,1.7953953657578314,1.6252923037989657,3.1167318465311764,2.9466287845723107,3.420687669556797,4.742024150330142
689,17225,Blackhole Attack,0.88,0.7007336470644794,0.3264809836107094,0.37546592294227865,0.7007336470644794,0.3264809836107094,0.37546592294227865,1.0272146306751888,1.0761995700067581,0.701946906552988,1.4026805536174676,1.9621300653299867,4.16018605160992,1.0354715086045698,1.9621300653299867,4.16018605160992,1.0354715086045698,6.122316116939907,2.9976015739345563,5.1956575602144905,7.1577876255444775
690,17250,Blackhole Attack,0.76,0.8952163150627349,0.17822560044341515,0.5152730515446201,0.8952163150627349,0.17822560044341515,0.5152730515446201,1.07344191550615,1.410489366607355,0.6934986519880353,1.58871496705077,3.1351216935540664,1.3097529069738019,2.2859782462298917,3.1351216935540664,1.3097529069738019,2.2859782462298917,4.444874600527868,5.421099939783958,3.5957311532036935,6.7308528467577595
691,17275,Normal Traffic,0.72,0.6878521984935329,0.3037830138805517,0.28332453485356685,0.6878521984935329,0.3037830138805517,0.28332453485356685,0.9916352123740846,0.9711767333470998,0.5871075487341185,1.2749597472276515,1.884437633975359,3.7237833804045097,0.2113116265515029,1.884437633975359,3.7237833804045097,0.2113116265515029,5.608221014379868,2.095749260526862,3.9350950069560127,5.819532640931371
692,17300,Blackhole Attack,0.84,0.8321136880530016,0.2223786999059469,0.4932890432431718,0.8321136880530016,0.2223786999059469,0.4932890432431718,1.0544923879589485,1.3254027312961734,0.7156677431491187,1.5477814312021203,2.7545281220897557,2.1586627776150453,2.0893419890103746,2.7545281220897557,2.1586627776150453,2.0893419890103746,4.9131908997048015,4.843870111100131,4.24800476662542,7.0025328887151765
693,17325,Normal Traffic,0.68,0.5890730392280324,0.267824918320555,0.2550862523587544,0.5890730392280324,0.267824918320555,0.2550862523587544,0.8568979575485874,0.8441592915867868,0.5229111706793094,1.1119842099073418,1.288666668603348,3.0324348086865522,-0.041266070106368236,1.288666668603348,3.0324348086865522,-0.041266070106368236,4.321101477289901,1.2474005984969798,2.991168738580184,4.2798354071835325
694,17350,Blackhole Attack,0.92,0.6528871294006611,0.2686033371573694,0.35415465214876063,0.6528871294006611,0.2686033371573694,0.35415465214876063,0.9214904665580305,1.0070417815494217,0.62275798930613,1.275645118706791,1.6735513182519293,3.0474010838089947,0.8448525610510922,1.6735513182519293,3.0474010838089947,0.8448525610510922,4.720952402060924,2.5184038793030217,3.892253644860087,5.565804963112016
695,17375,Sybil Attack,0.8,0.7830604458225999,0.23834050813047122,0.31616598680266556,0.7830604458225999,0.23834050813047122,0.31616598680266556,1.021400953953071,1.0992264326252654,0.5545064949331368,1.3375669407557367,2.4586712055545243,2.4655525932797397,0.5050624341555895,2.4586712055545243,2.4655525932797397,0.5050624341555895,4.924223798834264,2.9637336397101137,2.970615027435329,5.4292862329898535
696,17400,Blackhole Attack,0.72,0.9326725355909821,0.16099033736575702,0.6394579357565155,0.9326725355909821,0.16099033736575702,0.6394579357565155,1.093662872956739,1.5721304713474975,0.8004482731222726,1.7331208087132546,3.3610329974083664,0.9783790028124743,3.396751609295692,3.3610329974083664,0.9783790028124743,3.396751609295692,4.3394120002208405,6.757784606704059,4.375130612108166,7.736163609516533
697,17425,Blackhole Attack,0.8,0.6923502247908219,0.18052180097221257,0.45667344240857477,0.6923502247908219,0.18052180097221257,0.45667344240857477,0.8728720257630345,1.1490236671993967,0.6371952433807874,1.3295454681716092,1.9115667722402614,1.353900822241266,1.7618332560608583,1.9115667722402614,1.353900822241266,1.7618332560608583,3.2654675944815272,3.6734000283011197,3.1157340783021246,5.027300850542385
698,17450,Flooding Attack,0.8,0.5706431450415153,0.27266417579299296,0.3824767543363746,0.5706431450415153,0.27266417579299296,0.3824767543363746,0.8433073208345082,0.9531198993778899,0.6551409301293676,1.2257840751708828,1.1775096600516441,3.1254768257801224,1.098179984075865,1.1775096600516441,3.1254768257801224,1.098179984075865,4.302986485831767,2.2756896441275094,4.223656809855988,5.401166469907632
699,17475,Wormhole Attack,0.8,0.7130170605291754,0.1999629106062209,0.5807606497707979,0.7130170605291754,0.1999629106062209,0.5807606497707979,0.9129799711353963,1.2937777102999732,0.7807235603770188,1.4937406209061943,2.0362155419866137,1.7276854503970607,2.8717329472342,2.0362155419866137,1.7276854503970607,2.8717329472342,3.7639009923836744,4.907948489220814,4.599418397631261,6.6356339396178745
700,17500,Wormhole Attack,0.72,0.7307840761252556,0.26521106429548635,0.3826698959329495,0.7307840761252556,0.26521106429548635,0.3826698959329495,0.995995140420742,1.113453972058205,0.6478809602284359,1.3786650363536914,2.1433745025625544,2.9821795262872026,1.0999075416778779,2.1433745025625544,2.9821795262872026,1.0999075416778779,5.125554028849757,3.2432820442404324,4.08208706796508,6.225461570527635
701,17525,Blackhole Attack,0.76,0.7005579167689904,0.18830414356776784,0.5306541160063932,0.7005579167689904,0.18830414356776784,0.5306541160063932,0.8888620603367582,1.2312120327753835,0.718958259574161,1.4195161763431514,1.9610701756876059,1.5035280857063131,2.423554383681402,1.9610701756876059,1.5035280857063131,2.423554383681402,3.464598261393919,4.384624559369008,3.927082469387715,5.888152645075321
702,17550,Sybil Attack,0.8,0.8175454281753477,0.2926773465050847,0.2873654340104206,0.8175454281753477,0.2926773465050847,0.2873654340104206,1.1102227746804325,1.1049108621857684,0.5800427805155053,1.397588208690853,2.6666619536020115,3.510260190190136,0.24745550327815397,2.6666619536020115,3.510260190190136,0.24745550327815397,6.176922143792147,2.9141174568801653,3.7577156934682896,6.424377647070301
703,17575,Sybil Attack,0.84,0.7934037721490026,0.2275221880185199,0.34301578913369324,0.7934037721490026,0.2275221880185199,0.34301578913369324,1.0209259601675225,1.136419561282696,0.5705379771522131,1.3639417493012158,2.5210553517292817,2.2575540872046336,0.7452208513587583,2.5210553517292817,2.2575540872046336,0.7452208513587583,4.778609438933915,3.26627620308804,3.002774938563392,5.523830290292674
704,17600,Sybil Attack,0.84,0.7416828083175951,0.2917458952269222,0.3307804724460822,0.7416828083175951,0.2917458952269222,0.3307804724460822,1.0334287035445173,1.0724632807636774,0.6225263676730044,1.3642091759905997,2.2091084918761172,3.4923516357810716,0.6357818970808512,2.2091084918761172,3.4923516357810716,0.6357818970808512,5.701460127657189,2.8448903889569683,4.128133532861923,6.33724202473804
705,17625,Normal Traffic,0.72,0.8386368059623021,0.2526547572577455,0.34656481365751707,0.8386368059623021,0.2526547572577455,0.34656481365751707,1.0912915632200475,1.1852016196198192,0.5992195709152626,1.4378563768775645,2.7938712819521894,2.740765602624025,0.7769651488306174,2.7938712819521894,2.740765602624025,0.7769651488306174,5.534636884576214,3.5708364307828067,3.5177307514546423,6.311602033406832
706,17650,Normal Traffic,0.68,0.9347222656504353,0.30053881294727514,0.4369708964876635,0.9347222656504353,0.30053881294727514,0.4369708964876635,1.2352610785977105,1.3716931621380988,0.7375097094349387,1.672231975085374,3.3733956219270684,3.661408728836978,1.5856035697152424,3.3733956219270684,3.661408728836978,1.5856035697152424,7.0348043507640465,4.958999191642311,5.247012298552221,8.62040792047929
707,17675,Blackhole Attack,0.88,0.8845317162330414,0.3015543889959234,0.27749234083790064,0.8845317162330414,0.3015543889959234,0.27749234083790064,1.1860861052289648,1.162024057070942,0.579046729833824,1.4635784460668655,3.070679215943281,3.680934708724663,0.15914548892576724,3.070679215943281,3.680934708724663,0.15914548892576724,6.751613924667945,3.2298247048690483,3.84008019765043,6.910759413593712
708,17700,Blackhole Attack,0.88,0.664297232391272,0.2933468881502808,0.3107628276090252,0.664297232391272,0.2933468881502808,0.3107628276090252,0.9576441205415529,0.9750600600002972,0.604109715759306,1.2684069481505782,1.7423695601185063,3.523133137238727,0.4567338042519758,1.7423695601185063,3.523133137238727,0.4567338042519758,5.265502697357233,2.1991033643704823,3.979866941490703,5.722236501609209
709,17725,Sybil Attack,0.76,0.7906932816714921,0.26934231617306437,0.34228332303427583,0.7906932816714921,0.26934231617306437,0.34228332303427583,1.0600355978445566,1.1329766047057679,0.6116256392073403,1.4023189208788325,2.5047074546584263,3.0616090689392927,0.7386692985047626,2.5047074546584263,3.0616090689392927,0.7386692985047626,5.566316523597719,3.2433767531631887,3.8002783674440552,6.3049858221024815
710,17750,Normal Traffic,0.72,0.7943161192636728,0.2940722566395995,0.4112823427005733,0.7943161192636728,0.2940722566395995,0.4112823427005733,1.0883883759032724,1.2055984619642461,0.7053545993401729,1.4996707186038458,2.526558029878227,3.5370794394899954,1.3558319556942044,2.526558029878227,3.5370794394899954,1.3558319556942044,6.0636374693682225,3.8823899855724315,4.8929113951842,7.419469425062427
711,17775,Flooding Attack,0.76,0.6143323998601221,0.25396227477274513,0.2913039330267292,0.6143323998601221,0.25396227477274513,0.2913039330267292,0.8682946746328672,0.9056363328868513,0.5452662077994743,1.1595986076595963,1.4410145300384856,2.7659045971234124,0.2826834605737602,1.4410145300384856,2.7659045971234124,0.2826834605737602,4.206919127161898,1.7236979906122458,3.0485880576971724,4.489602587735658
712,17800,Normal Traffic,0.72,0.8733017857053834,0.30774963177177445,0.42965483082637634,0.8733017857053834,0.30774963177177445,0.42965483082637634,1.1810514174771578,1.3029566165317599,0.7374044625981508,1.6107062483035341,3.002947655953581,3.800047586585067,1.5201649222456193,3.002947655953581,3.800047586585067,1.5201649222456193,6.802995242538648,4.5231125781992,5.320212508830686,8.323160164784268
713,17825,Flooding Attack,0.76,0.9610878660780025,0.3009586716393312,0.5018370279511187,0.9610878660780025,0.3009586716393312,0.5018370279511187,1.2620465377173335,1.462924894029121,0.8027956995904499,1.7638835656684524,3.5324155947244127,3.669481144868912,2.165799552921939,3.5324155947244127,3.669481144868912,2.165799552921939,7.201896739593325,5.698215147646351,5.835280697790852,9.367696292515264
714,17850,Blackhole Attack,0.84,0.8347161243765053,0.2442411560695425,0.5027543936444033,0.8347161243765053,0.2442411560695425,0.5027543936444033,1.0789572804460479,1.3374705180209085,0.7469955497139458,1.5817116740904513,2.7702243075230175,2.57900144148364,2.1740049426741432,2.7702243075230175,2.57900144148364,2.1740049426741432,5.349225749006658,4.944229250197161,4.753006384157784,7.523230691680801
715,17875,Wormhole Attack,0.84,0.7556129213131878,0.2847417921582968,0.49130365904273426,0.7556129213131878,0.2847417921582968,0.49130365904273426,1.0403547134714846,1.2469165803559221,0.7760454512010311,1.5316583725142188,2.293125777797926,3.357687199935739,2.0715836933909593,2.293125777797926,3.357687199935739,2.0715836933909593,5.650812977733665,4.364709471188885,5.429270893326699,7.722396671124624
716,17900,Blackhole Attack,0.8,0.7503431103608151,0.3193529438593547,0.21183779549684476,0.7503431103608151,0.3193529438593547,0.21183779549684476,1.06969605422017,0.9621809058576599,0.5311907393561994,1.2815338497170146,2.2613417417546104,4.023138746281264,-0.4281024727875567,2.2613417417546104,4.023138746281264,-0.4281024727875567,6.284480488035874,1.8332392689670538,3.595036273493707,5.856378015248318
717,17925,Flooding Attack,0.76,0.7886825837023591,0.3152489018748588,0.3737034035919558,0.7886825837023591,0.3152489018748588,0.3737034035919558,1.103931485577218,1.162385987294315,0.6889523054668146,1.4776348891691737,2.4925802460544113,3.9442323548257527,1.0197066306272617,2.4925802460544113,3.9442323548257527,1.0197066306272617,6.436812600880164,3.512286876681673,4.963938985453014,7.456519231507426
718,17950,Normal Traffic,0.64,0.9097540176700059,0.2994626292981647,0.3822180309846036,0.9097540176700059,0.2994626292981647,0.3822180309846036,1.2092166469681707,1.2919720486546096,0.6816806602827683,1.5914346779527744,3.222803560670848,3.640717476501956,1.0958658295845665,3.222803560670848,3.640717476501956,1.0958658295845665,6.863521037172804,4.3186693902554145,4.736583306086523,7.95938686675737
719,17975,Wormhole Attack,0.84,0.5986599981125682,0.24868955436597295,0.5805090339754421,0.5986599981125682,0.24868955436597295,0.5805090339754421,0.8473495524785412,1.1791690320880104,0.829198588341415,1.4278585864539832,1.346488903496741,2.6645286019401344,2.8694823663766216,1.346488903496741,2.6645286019401344,2.8694823663766216,4.011017505436875,4.2159712698733625,5.534010968316756,6.880499871813496
720,18000,Sybil Attack,0.72,0.7640509390119401,0.32910431082388886,0.2974779178771279,0.7640509390119401,0.32910431082388886,0.2974779178771279,1.093155249835829,1.061528856889068,0.6265822287010168,1.3906331677129569,2.344018354608585,4.21062347032567,0.3379067509066893,2.344018354608585,4.21062347032567,0.3379067509066893,6.554641824934254,2.6819251055152744,4.548530221232359,6.8925485758409435
721,18025,Normal Traffic,0.72,0.6296941380379502,0.2814029092790229,0.32585376202823924,0.6296941380379502,0.2814029092790229,0.32585376202823924,0.911097047316973,0.9555479000661894,0.6072566713072621,1.2369508093452124,1.5336664381135237,3.2934921452819665,0.5917148696450389,1.5336664381135237,3.2934921452819665,0.5917148696450389,4.82715858339549,2.1253813077585626,3.8852070149270057,5.418873453040529
722,18050,Wormhole Attack,0.8,0.7389680810655784,0.26957418280183154,0.3416723583921045,0.7389680810655784,0.26957418280183154,0.3416723583921045,1.00854226386741,1.080640439457683,0.6112465411939361,1.3502146222595144,2.192735041366091,3.0660670542727977,0.7332045170653327,2.192735041366091,3.0660670542727977,0.7332045170653327,5.258802095638888,2.9259395584314234,3.7992715713381306,5.992006612704221
723,18075,Normal Traffic,0.72,0.705492669202144,0.249925596877567,0.5569255871131875,0.705492669202144,0.249925596877567,0.5569255871131875,0.955418266079711,1.2624182563153314,0.8068511839907545,1.5123438531928985,1.9908333589626295,2.688293381794713,2.6585399094897406,1.9908333589626295,2.688293381794713,2.6585399094897406,4.679126740757343,4.64937326845237,5.346833291284454,7.337666650247083
724,18100,Sybil Attack,0.84,0.8124922071114975,0.29701941223794154,0.32701772131286355,0.8124922071114975,0.29701941223794154,0.32701772131286355,1.109511619349439,1.139509928424361,0.624037133550805,1.4365293406623025,2.636184245410991,3.5937429468813895,0.6021259190836145,2.636184245410991,3.5937429468813895,0.6021259190836145,6.229927192292381,3.2383101644946057,4.195868865965004,6.832053111375996
725,18125,Normal Traffic,0.48,0.7177718796131606,0.23295428682832633,0.3815785280396021,0.7177718796131606,0.23295428682832633,0.3815785280396021,0.9507261664414869,1.0993504076527627,0.6145328148679284,1.332304694481089,2.06489348556195,2.3619943723505594,1.0901457869125637,2.06489348556195,2.3619943723505594,1.0901457869125637,4.42688785791251,3.1550392724745135,3.452140159263123,5.517033644825073
726,18150,Wormhole Attack,0.8,1.0024787986767445,0.26887470884742815,0.43430353419047585,1.0024787986767445,0.26887470884742815,0.43430353419047585,1.2713535075241726,1.4367823328672205,0.703178243037904,1.7056570417146486,3.782058495669946,3.0526186134752633,1.561745311859104,3.782058495669946,3.0526186134752633,1.561745311859104,6.834677109145209,5.34380380752905,4.614363925334367,8.396422421004313
727,18175,Blackhole Attack,0.88,0.633371132314426,0.24432188056620852,0.6217676086620323,0.633371132314426,0.24432188056620852,0.6217676086620323,0.8776930128806345,1.2551387409764583,0.8660894892282408,1.4994606215426667,1.55584365085812,2.580553491574268,3.238520241241713,1.55584365085812,2.580553491574268,3.238520241241713,4.136397142432388,4.794363892099833,5.819073732815982,7.374917383674101
728,18200,Blackhole Attack,0.76,0.689431070356175,0.223727617952417,0.4812246343280997,0.689431070356175,0.223727617952417,0.4812246343280997,0.913158688308592,1.1706557046842747,0.7049522522805167,1.3943833226366917,1.8939603513258554,2.1845977597176334,1.981431721597072,1.8939603513258554,2.1845977597176334,1.981431721597072,4.078558111043488,3.8753920729229274,4.166029481314705,6.059989832640561
729,18225,Flooding Attack,0.8,0.7224475739759589,0.30943220201118427,0.3488820663544072,0.7224475739759589,0.30943220201118427,0.3488820663544072,1.0318797759871432,1.071329640330366,0.6583142683655915,1.3807618423415504,2.0930942008243822,3.8323975348711277,0.7976918466693502,2.0930942008243822,3.8323975348711277,0.7976918466693502,5.92549173569551,2.8907860474937324,4.630089381540478,6.72318358236486
730,18250,Wormhole Attack,0.88,0.7998895377022548,0.2679624286143432,0.46622868237084697,0.7998895377022548,0.2679624286143432,0.46622868237084697,1.067851966316598,1.2661182200731018,0.7341911109851902,1.534080648687445,2.560173226730139,3.035078651296303,1.847300228109435,2.560173226730139,3.035078651296303,1.847300228109435,5.595251878026442,4.4074734548395735,4.882378879405739,7.442552106135877
731,18275,Normal Traffic,0.68,0.9358825669133229,0.29590024381028585,0.29083459575521,0.9358825669133229,0.29590024381028585,0.29083459575521,1.2317828107236088,1.226717162668533,0.5867348395654959,1.522617406478819,3.3803937965284026,3.572225247405882,0.2784854670513925,3.3803937965284026,3.572225247405882,0.2784854670513925,6.952619043934284,3.658879263579795,3.8507107144572745,7.231104510985676
732,18300,Wormhole Attack,0.72,0.8687066300515194,0.1949624402619636,0.5454947785173323,0.8687066300515194,0.1949624402619636,0.5454947785173323,1.063669070313483,1.4142014085688517,0.7404572187792959,1.6091638488308153,2.975232697248791,1.6315438729141234,2.5562968886329127,2.975232697248791,1.6315438729141234,2.5562968886329127,4.606776570162914,5.531529585881703,4.1878407615470365,7.163073458795827
