window_idx,start_pos,majority_label,attack_frac,W2_c2,W2_network,W2_physical,W2_c2_only,W2_network_only,W2_physical_only,W2_c2_network,W2_c2_physical,W2_network_physical,W2_all_three,Z2_c2,Z2_network,Z2_physical,Z2_c2_only,Z2_network_only,Z2_physical_only,Z2_c2_network,Z2_c2_physical,Z2_network_physical,Z2_all_three
0,0,Wormhole Attack,0.8,0.901628177381474,0.24396358649644612,0.477414723608519,0.901628177381474,0.24396358649644612,0.477414723608519,1.14559176387792,1.379042900989993,0.7213783101049651,1.623006487486439,3.1737938328177764,2.575578582847343,1.9473539240468631,3.1737938328177764,2.575578582847343,1.9473539240468631,5.749372415665119,5.121147756864639,4.522932506894206,7.696726339711983
1,25,Blackhole Attack,0.92,0.9549687625809121,0.3106604167072756,0.49675516745868536,0.9549687625809121,0.3106604167072756,0.49675516745868536,1.2656291792881877,1.4517239300395974,0.8074155841659609,1.7623843467468732,3.495509184255033,3.8589689940556595,2.12034478356225,3.495509184255033,3.8589689940556595,2.12034478356225,7.354478178310693,5.615853967817284,5.979313777617909,9.474822961872942
2,50,Wormhole Attack,0.76,0.7247241260844188,0.2200869241804973,0.302243917647982,0.7247241260844188,0.2200869241804973,0.302243917647982,0.9448110502649161,1.026968043732401,0.5223308418284793,1.2470549679128982,2.106824866862259,2.1161402651479184,0.3805362998041977,2.106824866862259,2.1161402651479184,0.3805362998041977,4.222965132010177,2.4873611666664566,2.496676564952116,4.603501431814375
3,75,Sybil Attack,0.84,0.7756229554057021,0.28877745139220923,0.21387529348218362,0.7756229554057021,0.28877745139220923,0.21387529348218362,1.0644004067979114,0.9894982488878857,0.5026527448743928,1.278275700280095,2.413813151704213,3.4378936930948,-0.40987804471986233,2.413813151704213,3.4378936930948,-0.40987804471986233,5.851706844799013,2.0039351069843505,3.0280156483749376,5.441828800079151
4,100,Blackhole Attack,0.68,0.8625278207358056,0.24804108951761203,0.532350905984425,0.8625278207358056,0.24804108951761203,0.532350905984425,1.1105689102534175,1.3948787267202305,0.7803919955020371,1.6429198162378427,2.9379661805235564,2.6540385075918262,2.4387313444063383,2.9379661805235564,2.6540385075918262,2.4387313444063383,5.592004688115383,5.376697524929895,5.092769851998165,8.030736032521721
5,125,Wormhole Attack,0.84,0.9508926140700256,0.30871144504930753,0.4183240619097729,0.9508926140700256,0.30871144504930753,0.4183240619097729,1.2596040591193332,1.3692166759797986,0.7270355069590804,1.677928121029106,3.4709245355154814,3.821466589074097,1.4188167076421268,3.4709245355154814,3.821466589074097,1.4188167076421268,7.292391124589578,4.889741243157609,5.240283296716224,8.711207832231704
6,150,Sybil Attack,0.88,0.7300719086693126,0.3310279864070842,0.4889620779558894,0.7300719086693126,0.3310279864070842,0.4889620779558894,1.0610998950763968,1.219033986625202,0.8199900643629736,1.5500619730322862,2.139079176545522,4.25088482528368,2.0506393899418542,2.139079176545522,4.25088482528368,2.0506393899418542,6.389964001829202,4.189718566487376,6.301524215225534,8.440603391771056
7,175,Blackhole Attack,0.88,0.9164315250544188,0.2555697337106515,0.4326260406481282,0.9164315250544188,0.2555697337106515,0.4326260406481282,1.1720012587650703,1.349057565702547,0.6881957743587797,1.6046272994131985,3.2630778963735603,2.7989058084246206,1.5467409483620516,3.2630778963735603,2.7989058084246206,1.5467409483620516,6.06198370479818,4.809818844735612,4.345646756786672,7.608724653160232
8,200,Blackhole Attack,0.8,0.9250985861409716,0.2568283904316929,0.48327870649444943,0.9250985861409716,0.2568283904316929,0.48327870649444943,1.1819269765726645,1.408377292635421,0.7401070969261423,1.665205683067114,3.3153519123590067,2.8231250698450108,1.9998043976491997,3.3153519123590067,2.8231250698450108,1.9998043976491997,6.1384769822040175,5.315156310008207,4.822929467494211,8.138281379853217
9,225,Blackhole Attack,0.84,0.8243945099754497,0.2361847447183334,0.5700740095691618,0.8243945099754497,0.2361847447183334,0.5700740095691618,1.0605792546937831,1.3944685195446116,0.8062587542874952,1.630653264262945,2.707971113411633,2.425896942553806,2.7761461505642355,2.707971113411633,2.425896942553806,2.7761461505642355,5.133868055965439,5.484117263975868,5.202043093118041,7.910014206529675
10,250,Wormhole Attack,0.96,0.7649270351656718,0.2510764069468929,0.4906894304038911,0.7649270351656718,0.2510764069468929,0.4906894304038911,1.0160034421125648,1.255616465569563,0.741765837350784,1.506692872516456,2.3493023907873556,2.7124445408530606,2.066089717089504,2.3493023907873556,2.7124445408530606,2.066089717089504,5.061746931640416,4.41539210787686,4.778534257942565,7.12783664872992
11,275,Blackhole Attack,0.88,0.9029679996102649,0.27077797371767526,0.36375819696239936,0.9029679996102649,0.27077797371767526,0.36375819696239936,1.17374597332794,1.2667261965726642,0.6345361706800746,1.5375041702903394,3.181874759893984,3.091545043822645,0.9307515964908403,3.181874759893984,3.091545043822645,0.9307515964908403,6.273419803716629,4.112626356384824,4.022296640313486,7.2041714002074695
12,300,Blackhole Attack,0.8,1.0261615468819434,0.2948617090689004,0.45862683952087796,1.0261615468819434,0.2948617090689004,0.45862683952087796,1.321023255950844,1.4847883864028213,0.7534885485897784,1.7796500954717218,3.924897267186009,3.5549678919270886,1.7793054427412738,3.924897267186009,3.5549678919270886,1.7793054427412738,7.479865159113098,5.704202709927283,5.334273334668362,9.259170601854372
13,325,Normal Traffic,0.68,0.8571239770990735,0.29778098706661016,0.30599571237627565,0.8571239770990735,0.29778098706661016,0.30599571237627565,1.1549049641656837,1.1631196894753493,0.6037766994428858,1.4609006765419594,2.905373747422137,3.611141077040521,0.4140942780905769,2.905373747422137,3.611141077040521,0.4140942780905769,6.516514824462658,3.319468025512714,4.025235355131098,6.930609102553235
14,350,Normal Traffic,0.48,0.9047599790625216,0.26239367876534686,0.4344777293869442,0.9047599790625216,0.26239367876534686,0.4344777293869442,1.1671536578278685,1.3392377084494658,0.6968714081522911,1.6016313872148127,3.1926828021585294,2.9302131827349887,1.5633034031311537,3.1926828021585294,2.9302131827349887,1.5633034031311537,6.122895984893518,4.755986205289683,4.493516585866143,7.686199388024671
15,375,Blackhole Attack,0.96,0.870926658416036,0.2046859223413733,0.5614050130498437,0.870926658416036,0.2046859223413733,0.5614050130498437,1.0756125807574093,1.4323316714658798,0.766090935391217,1.6370175938072529,2.988622449213842,1.81979187766302,2.6986061948822035,2.988622449213842,1.81979187766302,2.6986061948822035,4.808414326876862,5.687228644096045,4.5183980725452235,7.507020521759066
16,400,Wormhole Attack,0.96,0.9235550704316832,0.2023422562887052,0.5860713780812491,0.9235550704316832,0.2023422562887052,0.5860713780812491,1.1258973267203884,1.5096264485129323,0.7884136343699543,1.7119687048016377,3.3060424400874524,1.7746947039358596,2.9192348278629505,3.3060424400874524,1.7746947039358596,2.9192348278629505,5.080737144023312,6.225277267950403,4.69392953179881,7.9999719718862625
17,425,Normal Traffic,0.72,0.70283402640978,0.09019941104996056,0.5502424388971796,0.70283402640978,0.09019941104996056,0.5502424388971796,0.7930334374597405,1.2530764653069597,0.6404418499471402,1.3432758763569201,1.9747981730513107,-0.3831747451830944,2.598762400601495,1.9747981730513107,-0.3831747451830944,2.598762400601495,1.5916234278682162,4.573560573652806,2.2155876554184006,4.1903858284697115
18,450,Wormhole Attack,0.76,0.7555331739525853,0.20628736569757855,0.3296861931885445,0.7555331739525853,0.20628736569757855,0.3296861931885445,0.9618205396501639,1.0852193671411299,0.535973558886123,1.2915067328387084,2.292644794133302,1.8506070909340302,0.6259941015794732,2.292644794133302,1.8506070909340302,0.6259941015794732,4.1432518850673326,2.918638895712775,2.4766011925135034,4.769245986646806
19,475,Blackhole Attack,0.92,0.8190148586600697,0.28380870826289833,0.4562013973462133,0.8190148586600697,0.28380870826289833,0.4562013973462133,1.102823566922968,1.275216256006283,0.7400101056091116,1.5590249642691814,2.6755245924920312,3.342284392506488,1.7576110426669704,2.6755245924920312,3.342284392506488,1.7576110426669704,6.017808984998519,4.433135635159002,5.099895435173458,7.775420027665489
20,500,Blackhole Attack,0.84,0.6602362780410057,0.29080959821676516,0.49942970851247614,0.6602362780410057,0.29080959821676516,0.49942970851247614,0.9510458762577709,1.159665986553482,0.7902393067292413,1.450475584770247,1.7178765525693438,3.47699656710783,2.1442672519031447,1.7178765525693438,3.47699656710783,2.1442672519031447,5.194873119677173,3.8621438044724883,5.6212638190109745,7.339140371580318
21,525,Sybil Attack,0.88,0.6111375746036507,0.2876425343399695,0.4798035191738038,0.6111375746036507,0.2876425343399695,0.4798035191738038,0.8987801089436203,1.0909410937774546,0.7674460535137733,1.3785836281174242,1.4217454439134771,3.41605544894201,1.968720538031868,1.4217454439134771,3.41605544894201,1.968720538031868,4.837800892855487,3.3904659819453453,5.384775986973878,6.806521430887355
22,550,Wormhole Attack,0.68,0.7346631386216294,0.24265016143250143,0.5554447969810627,0.7346631386216294,0.24265016143250143,0.5554447969810627,0.9773133000541308,1.290107935602692,0.7980949584135641,1.5327580970351935,2.1667704579987745,2.5503054607577473,2.6452949622846655,2.1667704579987745,2.5503054607577473,2.6452949622846655,4.717075918756522,4.8120654202834405,5.195600423042412,7.362370881041187
23,575,Sybil Attack,0.8,0.6992988670905559,0.31516162777622697,0.45022517473798124,0.6992988670905559,0.31516162777622697,0.45022517473798124,1.0144604948667828,1.149524041828537,0.7653868025142082,1.464685669604764,1.9534764155468045,3.9455819726103574,1.704156639362547,1.9534764155468045,3.9455819726103574,1.704156639362547,5.899058388157162,3.6576330549093514,5.6497386119729045,7.603215027519709
24,600,Blackhole Attack,0.88,0.7323322854596475,0.2773264924606236,0.4751194628392726,0.7323322854596475,0.2773264924606236,0.4751194628392726,1.009658777920271,1.20745174829892,0.7524459552998961,1.4847782407595436,2.1527122836958137,3.2175526237293917,1.9268239333000132,2.1527122836958137,3.2175526237293917,1.9268239333000132,5.370264907425206,4.079536216995827,5.144376557029405,7.297088840725219
25,625,Blackhole Attack,0.84,0.715876756255408,0.2978363912049154,0.560052277866705,0.715876756255408,0.2978363912049154,0.560052277866705,1.0137131474603234,1.275929034122113,0.8578886690716203,1.5737654253270283,2.0534633470515318,3.6122071717802178,2.686506636886493,2.0534633470515318,3.6122071717802178,2.686506636886493,5.6656705188317495,4.739969983938025,6.298713808666711,8.352177155718243
26,650,Normal Traffic,0.64,0.7681257013890357,0.2463203330426766,0.3636407664447224,0.7681257013890357,0.2463203330426766,0.3636407664447224,1.0144460344317123,1.131766467833758,0.609961099487399,1.3780868008764346,2.368594643100156,2.6209274533936586,0.9297012376498718,2.368594643100156,2.6209274533936586,0.9297012376498718,4.989522096493815,3.298295880750028,3.5506286910435305,5.919223334143687
27,675,Normal Traffic,0.68,0.840109648386957,0.2932525176784515,0.35595277477533055,0.840109648386957,0.2932525176784515,0.35595277477533055,1.1333621660654085,1.1960624231622876,0.6492052924537821,1.4893149408407391,2.8027544994213627,3.524003589818984,0.8609358930104939,2.8027544994213627,3.524003589818984,0.8609358930104939,6.3267580892403465,3.6636903924318567,4.384939482829478,7.18769398225084
28,700,Wormhole Attack,0.76,0.9428130507859627,0.22942609588608434,0.5282915489325547,0.9428130507859627,0.22942609588608434,0.5282915489325547,1.172239146672047,1.4711045997185175,0.757717644818639,1.7005306956046016,3.4221939201374703,2.295846007949955,2.402422370790055,3.4221939201374703,2.295846007949955,2.402422370790055,5.718039928087425,5.824616290927525,4.698268378740011,8.12046229887748
29,725,Blackhole Attack,0.88,0.6025247298902002,0.2042256381001831,0.49156134133850166,0.6025247298902002,0.2042256381001831,0.49156134133850166,0.8067503679903834,1.094086071228702,0.6957869794386847,1.298311709328885,1.36979842545648,1.8109350192530096,2.0738885361428654,1.36979842545648,1.8109350192530096,2.0738885361428654,3.1807334447094897,3.4436869615993455,3.884823555395875,5.254621980852355
30,750,Wormhole Attack,0.8,0.656024985419751,0.23594292116178608,0.3907475824933655,0.656024985419751,0.23594292116178608,0.3907475824933655,0.891967906581537,1.0467725679131163,0.6266905036551516,1.2827154890749024,1.692476803380496,2.421243737406033,1.1721585174986957,1.692476803380496,2.421243737406033,1.1721585174986957,4.113720540786529,2.8646353208791915,3.5934022549047286,5.285879058285225
31,775,Blackhole Attack,0.72,0.7258544211153372,0.21472878089276373,0.5824621610820633,0.7258544211153372,0.21472878089276373,0.5824621610820633,0.9405832020081009,1.3083165821974005,0.797190941974827,1.5230453630901641,2.1136420635941673,2.0130380683025737,2.886952137987592,2.1136420635941673,2.0130380683025737,2.886952137987592,4.126680131896741,5.000594201581759,4.899990206290166,7.013632269884333
32,800,Wormhole Attack,0.84,0.8520279756155859,0.26068771932270224,0.5455669343561812,0.8520279756155859,0.26068771932270224,0.5455669343561812,1.1127156949382881,1.397594909971767,0.8062546536788835,1.6582826292944692,2.874638015857604,2.8973868552516637,2.556942287501637,2.874638015857604,2.8973868552516637,2.556942287501637,5.772024871109268,5.431580303359241,5.4543291427533,8.328967158610904
33,825,Wormhole Attack,0.8,0.5910015849046952,0.12941265430657387,0.48227935017494444,0.5910015849046952,0.12941265430657387,0.48227935017494444,0.7204142392112691,1.0732809350796397,0.6116920044815183,1.2026935893862136,1.3002983885743713,0.37137236341016105,1.9908656416406703,1.3002983885743713,0.37137236341016105,1.9908656416406703,1.6716707519845324,3.2911640302150413,2.3622380050508314,3.662536393625203
34,850,Blackhole Attack,0.76,0.706311184037765,0.2954055515812136,0.45580977627262187,0.706311184037765,0.2954055515812136,0.45580977627262187,1.0017167356189787,1.162120960310387,0.7512153278538355,1.4575265118916005,1.9957701024762946,3.5654325911234963,1.7541081827197136,1.9957701024762946,3.5654325911234963,1.7541081827197136,5.561202693599791,3.749878285196008,5.31954077384321,7.315310876319504
35,875,Flooding Attack,0.72,0.7515644910594191,0.17336009628716972,0.46131965304544553,0.7515644910594191,0.17336009628716972,0.46131965304544553,0.9249245873465889,1.2128841441048648,0.6346797493326153,1.3862442403920343,2.2687083073672842,1.2170156339635592,1.8033913494421998,2.2687083073672842,1.2170156339635592,1.8033913494421998,3.4857239413308436,4.072099656809484,3.020406983405759,5.289115290773044
36,900,Blackhole Attack,0.76,0.8064467578271983,0.29112100497107085,0.40389544751730444,0.8064467578271983,0.29112100497107085,0.40389544751730444,1.0975677627982692,1.2103422053445028,0.6950164524883753,1.5014632103155736,2.5997220687434037,3.4829887025841053,1.2897597726148715,2.5997220687434037,3.4829887025841053,1.2897597726148715,6.082710771327509,3.8894818413582755,4.772748475198977,7.372470543942381
37,925,Sybil Attack,0.8,0.8686310857775955,0.2781214491686205,0.470786110366518,0.8686310857775955,0.2781214491686205,0.470786110366518,1.146752534946216,1.3394171961441135,0.7489075595351385,1.617538645312734,2.974777063840503,3.232849299945398,1.8880642039653377,2.974777063840503,3.232849299945398,1.8880642039653377,6.207626363785901,4.862841267805841,5.120913503910736,8.09569056775124
38,950,Sybil Attack,0.8,0.8796000779468973,0.2565312099824401,0.5139702596325428,0.8796000779468973,0.2565312099824401,0.5139702596325428,1.1361312879293375,1.3935703375794402,0.770501469614983,1.6501015475618803,3.040934815156224,2.817406679064459,2.274325406492297,3.040934815156224,2.817406679064459,2.274325406492297,5.858341494220683,5.31526022164852,5.091732085556756,8.13266690071298
39,975,Blackhole Attack,0.8,0.6780161673371662,0.2607050808515942,0.331607889659259,0.6780161673371662,0.2607050808515942,0.331607889659259,0.9387212481887603,1.0096240569964252,0.5923129705108532,1.2703291378480195,1.8251131588428358,2.897720928394772,0.6431827414458605,1.8251131588428358,2.897720928394772,0.6431827414458605,4.722834087237608,2.4682959002886964,3.5409036698406324,5.366016828683469
40,1000,Wormhole Attack,0.72,0.8737490768719557,0.11778000843758381,0.6809506686331366,0.8737490768719557,0.11778000843758381,0.6809506686331366,0.9915290853095395,1.5546997455050922,0.7987306770707204,1.6724797539426761,3.0056454222849878,0.14753524674281113,3.7678839152332975,3.0056454222849878,0.14753524674281113,3.7678839152332975,3.153180669027799,6.773529337518285,3.9154191619761085,6.921064584261096
41,1025,Flooding Attack,0.8,0.6450243532842647,0.19525227967703085,0.4549300224770851,0.6450243532842647,0.19525227967703085,0.4549300224770851,0.8402766329612955,1.0999543757613497,0.650182302154116,1.2952066554383805,1.626128220584347,1.638268310502298,1.7462392130915672,1.626128220584347,1.638268310502298,1.7462392130915672,3.264396531086645,3.3723674336759144,3.3845075235938653,5.010635744178212
42,1050,Blackhole Attack,0.76,0.9635945510206668,0.16447514698115853,0.6077352218920146,0.9635945510206668,0.16447514698115853,0.6077352218920146,1.1280696980018254,1.5713297729126814,0.7722103688731731,1.7358049198938401,3.54753427076174,1.0460501067059342,3.1130073694997944,3.54753427076174,1.0460501067059342,3.1130073694997944,4.593584377467674,6.660541640261535,4.159057476205729,7.706591746967469
43,1075,Wormhole Attack,0.8,0.7531534214470926,0.274435596482646,0.4655827735852067,0.7531534214470926,0.274435596482646,0.4655827735852067,1.0275890179297387,1.2187361950322995,0.7400183700678526,1.4931717915149454,2.278291691129731,3.161925569696849,1.8415228883098893,2.278291691129731,3.161925569696849,1.8415228883098893,5.44021726082658,4.119814579439621,5.003448458006738,7.2817401491364695
44,1100,Blackhole Attack,0.88,0.9504747203170538,0.25739149199213596,0.6299870095015152,0.9504747203170538,0.25739149199213596,0.6299870095015152,1.20786621230919,1.580461729818569,0.8873785014936512,1.837853221810705,3.46840407506125,2.8339603545343226,3.3120387823330755,3.46840407506125,2.8339603545343226,3.3120387823330755,6.302364429595572,6.780442857394325,6.145999136867398,9.614403211928648
45,1125,Sybil Attack,0.72,0.8042004017102207,0.26484007487520955,0.45351984822895597,0.8042004017102207,0.26484007487520955,0.45351984822895597,1.0690404765854302,1.2577202499391766,0.7183599231041655,1.5225603248143862,2.5861735250796136,2.977287103631837,1.7336258906083697,2.5861735250796136,2.977287103631837,1.7336258906083697,5.56346062871145,4.319799415687983,4.710912994240207,7.297086519319819
46,1150,Sybil Attack,0.8,0.6812656994742226,0.27053796970356236,0.3861869000783444,0.6812656994742226,0.27053796970356236,0.3861869000783444,0.9518036691777849,1.067452599552567,0.6567248697819068,1.3379905692561294,1.8447122009150394,3.0869268505833207,1.131365432445251,1.8447122009150394,3.0869268505833207,1.131365432445251,4.93163905149836,2.9760776333602905,4.218292283028571,6.063004483943611
47,1175,Blackhole Attack,0.72,0.8275296571500139,0.20672625132182773,0.3801833096421877,0.8275296571500139,0.20672625132182773,0.3801833096421877,1.0342559084718417,1.2077129667922017,0.5869095609640155,1.4144392181140293,2.7268802605704288,1.8590521939471434,1.0776662372367518,2.7268802605704288,1.8590521939471434,1.0776662372367518,4.585932454517572,3.8045464978071806,2.936718431183895,5.6635986917543235
48,1200,Blackhole Attack,0.84,0.4744779374257215,0.25930053704186207,0.36166002252094887,0.4744779374257215,0.25930053704186207,0.36166002252094887,0.7337784744675835,0.8361379599466703,0.6209605595628109,1.0954384969885322,0.5975043329920194,2.870694485731241,0.9119844470473379,0.5975043329920194,2.870694485731241,0.9119844470473379,3.4681988187232604,1.5094887800393573,3.7826789327785786,4.380183265770598
49,1225,Normal Traffic,0.72,0.8861362287209558,0.2880421530474093,0.36336405903982427,0.8861362287209558,0.2880421530474093,0.36336405903982427,1.174178381768365,1.24950028776078,0.6514062120872336,1.5375424408081892,3.0803565806929334,3.4237449720519773,0.9272262245540795,3.0803565806929334,3.4237449720519773,0.9272262245540795,6.504101552744911,4.007582805247013,4.350971196606057,7.43132777729899
50,1250,Sybil Attack,0.88,0.8192858768419948,0.34759174426279715,0.1834794789078618,0.8192858768419948,0.34759174426279715,0.1834794789078618,1.166877621104792,1.0027653557498566,0.5310712231706589,1.3503571000126537,2.6771591960367416,4.569607138449124,-0.6817538160112757,2.6771591960367416,4.569607138449124,-0.6817538160112757,7.246766334485866,1.9954053800254659,3.8878533224378478,6.56501251847459
51,1275,Flooding Attack,0.92,0.4775571285020703,0.13351899524152724,0.48742264796341694,0.4775571285020703,0.13351899524152724,0.48742264796341694,0.6110761237435975,0.9649797764654873,0.6209416432049442,1.0984987717070145,0.6160759897439305,0.45038719161732926,2.0368699377191075,0.6160759897439305,0.45038719161732926,2.0368699377191075,1.0664631813612597,2.652945927463038,2.4872571293364367,3.103333119080367
52,1300,Wormhole Attack,0.84,0.6234462502119009,0.286217559014477,0.43574005011426925,0.6234462502119009,0.286217559014477,0.43574005011426925,0.9096638092263779,1.0591863003261701,0.7219576091287463,1.3454038593406472,1.4959832852162966,3.3886358599875623,1.5745942478137163,1.4959832852162966,3.3886358599875623,1.5745942478137163,4.8846191452038585,3.070577533030013,4.963230107801278,6.459213393017575
53,1325,Wormhole Attack,0.8,0.7883441668415342,0.21974696309880246,0.39573868187481853,0.7883441668415342,0.21974696309880246,0.39573868187481853,1.0080911299403366,1.1840828487163528,0.615485644973621,1.403829811815155,2.4905391379768473,2.1095986830209714,1.2168014728834475,2.4905391379768473,2.1095986830209714,1.2168014728834475,4.600137820997819,3.707340610860295,3.3264001559044187,5.8169392938812665
54,1350,Sybil Attack,0.76,0.7821128635464358,0.25007068092589385,0.32733906421379866,0.7821128635464358,0.25007068092589385,0.32733906421379866,1.0321835444723297,1.1094519277602344,0.5774097451396925,1.3595226086861283,2.452956012070013,2.6930922099016064,0.6050001749725998,2.452956012070013,2.6930922099016064,0.6050001749725998,5.146048221971619,3.057956187042613,3.2980923848742063,5.751048396944219
55,1375,Flooding Attack,0.88,0.8134933901078695,0.33489209292545696,0.29209998826271966,0.8134933901078695,0.33489209292545696,0.29209998826271966,1.1483854830333264,1.1055933783705891,0.6269920811881766,1.440485471296046,2.642222723210335,4.325238542512688,0.2898037873130315,2.642222723210335,4.325238542512688,0.2898037873130315,6.967461265723022,2.9320265105233667,4.6150423298257195,7.257265053036054
56,1400,Blackhole Attack,0.76,0.6092688695264993,0.13097451503038784,0.4989859201019545,0.6092688695264993,0.13097451503038784,0.4989859201019545,0.7402433845568871,1.1082547896284538,0.6299604351323423,1.2392293046588416,1.4104746431080393,0.40142592173144204,2.140297780510768,1.4104746431080393,0.40142592173144204,2.140297780510768,1.8119005648394813,3.550772423618807,2.54172370224221,3.952198345350249
57,1425,Sybil Attack,0.84,0.8518142287729321,0.3105844307814825,0.4813148834808023,0.8518142287729321,0.3105844307814825,0.4813148834808023,1.1623986595544147,1.3331291122537343,0.7918993142622848,1.643713543035217,2.873348835389377,3.857506861473925,1.9822389563543252,2.873348835389377,3.857506861473925,1.9822389563543252,6.730855696863301,4.855587791743702,5.83974581782825,8.713094653217627
58,1450,Blackhole Attack,0.84,0.8935074661119647,0.2847287641049914,0.3639445394029872,0.8935074661119647,0.2847287641049914,0.3639445394029872,1.1782362302169562,1.2574520055149518,0.6486733035079786,1.5421807696199434,3.124815039836364,3.3599882450252054,0.9324183389509008,3.124815039836364,3.3599882450252054,0.9324183389509008,6.484803284861569,4.057233378787265,4.292406583976106,7.41722162381247
59,1475,Blackhole Attack,0.8,0.7802338962404387,0.2986906351562974,0.45252867886859355,0.7802338962404387,0.2986906351562974,0.45252867886859355,1.0789245313967362,1.2327625751090323,0.751219314024891,1.5314532102653298,2.441623316245102,3.6286446620263186,1.7247603629657382,2.441623316245102,3.6286446620263186,1.7247603629657382,6.070267978271421,4.16638367921084,5.353405024992057,7.795028341237159
60,1500,Blackhole Attack,0.84,0.889491536623296,0.2088598064446872,0.4605719236121787,0.889491536623296,0.2088598064446872,0.4605719236121787,1.0983513430679832,1.3500634602354746,0.669431730056866,1.558923266680162,3.100593592659442,1.9001063816470207,1.7967032734937942,3.100593592659442,1.9001063816470207,1.7967032734937942,5.000699974306462,4.897296866153236,3.696809655140815,6.797403247800256
61,1525,Blackhole Attack,0.76,0.6626949472919571,0.2735116500063927,0.44891764974935355,0.6626949472919571,0.2735116500063927,0.44891764974935355,0.9362065972983498,1.1116125970413107,0.7224292997557462,1.3851242470477034,1.7327056295129193,3.1441468530120398,1.6924614645582416,1.7327056295129193,3.1441468530120398,1.6924614645582416,4.876852482524959,3.4251670940711607,4.836608317570281,6.5693139470832005
62,1550,Sybil Attack,0.72,0.7413185454057943,0.33307244125872426,0.3874870243506846,0.7413185454057943,0.33307244125872426,0.3874870243506846,1.0743909866645187,1.128805569756479,0.7205594656094089,1.4618780110152034,2.2069114974065704,4.290224532200024,1.142994411443425,2.2069114974065704,4.290224532200024,1.142994411443425,6.497136029606594,3.3499059088499954,5.433218943643449,7.640130441050019
63,1575,Blackhole Attack,0.68,0.9093275424970999,0.20819562510909442,0.5657020339142205,0.9093275424970999,0.20819562510909442,0.5657020339142205,1.1175231676061943,1.4750295764113204,0.7738976590233149,1.6832252015204148,3.2202313427317737,1.8873261047626642,2.7370409556582698,3.2202313427317737,1.8873261047626642,2.7370409556582698,5.107557447494438,5.957272298390043,4.6243670604209335,7.844598403152707
64,1600,Blackhole Attack,0.76,0.837222672121282,0.28495156281729195,0.4558738167112669,0.837222672121282,0.28495156281729195,0.4558738167112669,1.122174234938574,1.293096488832549,0.7408253795285589,1.5780480516498407,2.7853421560728604,3.3642753712663205,1.7546809932824274,2.7853421560728604,3.3642753712663205,1.7546809932824274,6.149617527339181,4.540023149355288,5.1189563645487475,7.904298520621609
65,1625,Blackhole Attack,0.72,0.756060833427066,0.2272674141650494,0.511600151446855,0.756060833427066,0.2272674141650494,0.511600151446855,0.9833282475921153,1.2676609848739209,0.7388675656119044,1.4949283990389703,2.29582728927536,2.254308330479083,2.2531259420248326,2.29582728927536,2.254308330479083,2.2531259420248326,4.550135619754443,4.548953231300192,4.507434272503916,6.803261561779276
66,1650,Blackhole Attack,0.76,0.7020851338246606,0.25099984426734645,0.554256228709613,0.7020851338246606,0.25099984426734645,0.554256228709613,0.9530849780920071,1.2563413625342736,0.8052560729769594,1.50734120680162,1.9702813451929435,2.710971310289093,2.6346637974332427,1.9702813451929435,2.710971310289093,2.6346637974332427,4.681252655482036,4.604945142626186,5.345635107722336,7.315916452915279
67,1675,Blackhole Attack,0.88,0.720403629878392,0.27664122898318366,0.5129933946915997,0.720403629878392,0.27664122898318366,0.5129933946915997,0.9970448588615757,1.2333970245699917,0.7896346236747833,1.5100382535531753,2.0807664734249127,3.204366681109365,2.2655878249210883,2.0807664734249127,3.204366681109365,2.2655878249210883,5.285133154534278,4.346354298346001,5.4699545060304535,7.550720979455367
68,1700,Normal Traffic,0.68,0.7157548600176535,0.21449732567467486,0.493129561950509,0.7157548600176535,0.21449732567467486,0.493129561950509,0.9302521856923284,1.2088844219681625,0.7076268876251839,1.4233817476428374,2.0527281490625815,2.0085843722786336,2.0879155064483355,2.0527281490625815,2.0085843722786336,2.0879155064483355,4.061312521341215,4.140643655510917,4.096499878726969,6.14922802778955
69,1725,Flooding Attack,0.76,0.8161912600107566,0.2971936956122509,0.5486186922275144,0.8161912600107566,0.2971936956122509,0.5486186922275144,1.1133849556230075,1.364809952238271,0.8458123878397652,1.662003647850522,2.6584945012700265,3.5998403267840735,2.584238776728291,2.6584945012700265,3.5998403267840735,2.584238776728291,6.2583348280541,5.242733277998317,6.184079103512365,8.842573604782391
70,1750,Sybil Attack,0.84,0.6062095191863167,0.21598667521791237,0.2892026008169013,0.6062095191863167,0.21598667521791237,0.2892026008169013,0.8221961944042291,0.895412120003218,0.5051892760348137,1.1113987952211304,1.3920226526362156,2.0372426595868385,0.2638880664286374,1.3920226526362156,2.0372426595868385,0.2638880664286374,3.429265312223054,1.655910719064853,2.301130726015476,3.6931533786516915
71,1775,Normal Traffic,0.68,0.7227519633656428,0.2112287911926071,0.46400246375697113,0.7227519633656428,0.2112287911926071,0.46400246375697113,0.9339807545582499,1.186754427122614,0.6752312549495783,1.397983218315221,2.0949300775608255,1.9456907415059315,1.8273877858476604,2.0949300775608255,1.9456907415059315,1.8273877858476604,4.040620819066757,3.9223178634084856,3.773078527353592,5.868008604914418
72,1800,Blackhole Attack,0.84,0.8731403313966797,0.22295204199782823,0.47814396802480713,0.8731403313966797,0.22295204199782823,0.47814396802480713,1.0960923733945078,1.3512842994214869,0.7010960100226353,1.574236341419315,3.0019738696804934,2.1712712919466637,1.9538766605128826,3.0019738696804934,2.1712712919466637,1.9538766605128826,5.1732451616271575,4.955850530193376,4.125147952459546,7.12712182214004
73,1825,Normal Traffic,0.76,0.9112656326738691,0.23769164880085258,0.5093386504409024,0.9112656326738691,0.23769164880085258,0.5093386504409024,1.1489572814747215,1.4206042831147716,0.747030299241755,1.658295931915624,3.231920628854247,2.4548930169399883,2.232897915933731,3.231920628854247,2.4548930169399883,2.232897915933731,5.686813645794235,5.464818544787978,4.687790932873719,7.919711561727966
74,1850,Normal Traffic,0.72,0.8855442724129332,0.29270696500214255,0.25687336880515355,0.8855442724129332,0.29270696500214255,0.25687336880515355,1.1782512374150758,1.1424176412180866,0.5495803338072961,1.4351246062202292,3.0767862893105096,3.513505983390451,-0.025281183073177567,3.0767862893105096,3.513505983390451,-0.025281183073177567,6.59029227270096,3.051505106237332,3.4882248003172736,6.565011089627783
75,1875,Flooding Attack,0.72,0.8764255110940986,0.29829125882238056,0.3701862738041497,0.8764255110940986,0.29829125882238056,0.3701862738041497,1.174716769916479,1.2466117848982483,0.6684775326265302,1.5449030437206288,3.0217879144071866,3.620959802704036,0.9882476160496562,3.0217879144071866,3.620959802704036,0.9882476160496562,6.642747717111223,4.010035530456843,4.609207418753693,7.630995333160879
76,1900,Wormhole Attack,0.76,0.6680995307276095,0.26138203734528037,0.24730478183212787,0.6680995307276095,0.26138203734528037,0.24730478183212787,0.9294815680728898,0.9154043125597374,0.5086868191774082,1.1767863499050177,1.7653025245951879,2.9107470267873903,-0.1108675376385205,1.7653025245951879,2.9107470267873903,-0.1108675376385205,4.676049551382578,1.6544349869566675,2.7998794891488696,4.5651820137440575
77,1925,Blackhole Attack,0.76,0.7961786172560384,0.25995359309186455,0.47754999220556454,0.7961786172560384,0.25995359309186455,0.47754999220556454,1.056132210347903,1.273728609461603,0.7375035852974291,1.5336822025534675,2.5377913936278884,2.883260688201515,1.9485638358280837,2.5377913936278884,2.883260688201515,1.9485638358280837,5.421052081829403,4.486355229455972,4.8318245240295985,7.369615917657487
78,1950,Flooding Attack,0.64,0.7853848076585824,0.3290682943671852,0.20088026284106614,0.7853848076585824,0.3290682943671852,0.20088026284106614,1.1144531020257675,0.9862650704996485,0.5299485572082514,1.3153333648668337,2.472690228445528,4.213176137104983,-0.5261122706482587,2.472690228445528,4.213176137104983,-0.5261122706482587,6.6858663655505115,1.946577957797269,3.6870638664567243,6.159754094902253
79,1975,Sybil Attack,0.84,0.7774603924099948,0.3348144915045638,0.3780069257774731,0.7774603924099948,0.3348144915045638,0.3780069257774731,1.1122748839145586,1.1554673181874677,0.7128214172820369,1.4902818096920316,2.4248953640453337,4.323745324331919,1.0581995425575,2.4248953640453337,4.323745324331919,1.0581995425575,6.748640688377253,3.4830949066028336,5.38194486688942,7.806840230934753
80,2000,Flooding Attack,0.84,0.7645030694956106,0.3007197631227355,0.340152464524149,0.7645030694956106,0.3007197631227355,0.340152464524149,1.0652228326183462,1.1046555340197597,0.6408722276468846,1.405375297142495,2.346745308520052,3.6676894467186276,0.719609805970451,2.346745308520052,3.6676894467186276,0.719609805970451,6.01443475523868,3.066355114490503,4.387299252689079,6.7340445612091315
81,2025,Blackhole Attack,0.88,0.6625814151233737,0.28567229851035697,0.4253850410673977,0.6625814151233737,0.28567229851035697,0.4253850410673977,0.9482537136337306,1.0879664561907714,0.7110573395777546,1.3736387547011284,1.7320208780918636,3.378143875580114,1.481973730457156,1.7320208780918636,3.378143875580114,1.481973730457156,5.110164753671977,3.2139946085490196,4.86011760603727,6.5921384841291335
82,2050,Wormhole Attack,0.72,0.6734695878742659,0.24744637959108054,0.24940854104715185,0.6734695878742659,0.24744637959108054,0.24940854104715185,0.9209159674653464,0.9228781289214177,0.4968549206382324,1.1703245085124983,1.7976911797948858,2.6425950099810955,-0.09205043511285725,1.7976911797948858,2.6425950099810955,-0.09205043511285725,4.440286189775981,1.7056407446820285,2.5505445748682383,4.348235754663124
83,2075,Blackhole Attack,0.76,0.8969252133533734,0.23755309152644521,0.4933621436536397,0.8969252133533734,0.23755309152644521,0.4933621436536397,1.1344783048798186,1.3902873570070131,0.7309152351800849,1.6278404485334583,3.1454286448574256,2.4522268770827345,2.089995836612619,3.1454286448574256,2.4522268770827345,2.089995836612619,5.59765552194016,5.235424481470044,4.542222713695353,7.687651358552779
84,2100,Normal Traffic,0.72,0.7627097157744726,0.20030956741932698,0.3824695115380714,0.7627097157744726,0.20030956741932698,0.3824695115380714,0.9630192831937996,1.145179227312544,0.5827790789573983,1.345488794731871,2.3359289775688623,1.7355813998150544,1.0981152007692627,2.3359289775688623,1.7355813998150544,1.0981152007692627,4.071510377383917,3.434044178338125,2.833696600584317,5.1696255781531795
85,2125,Blackhole Attack,0.92,0.6440198732803015,0.2805812242953556,0.4383428454116138,0.6440198732803015,0.2805812242953556,0.4383428454116138,0.9246010975756571,1.0823627186919154,0.7189240697069694,1.362943942987271,1.6200698574021954,3.28018066189171,1.5978749852734393,1.6200698574021954,3.28018066189171,1.5978749852734393,4.900250519293905,3.2179448426756347,4.87805564716515,6.498125504567344
86,2150,Normal Traffic,0.64,0.8829971854380697,0.2397986231937128,0.44741907747379916,0.8829971854380697,0.2397986231937128,0.44741907747379916,1.1227958086317824,1.3304162629118688,0.687217700667512,1.5702148861055816,3.061423934769486,2.495435734246203,1.6790574647326713,3.061423934769486,2.495435734246203,1.6790574647326713,5.556859669015688,4.740481399502157,4.174493198978874,7.23591713374836
87,2175,Normal Traffic,0.72,0.9009768332113004,0.18949208089449712,0.5097270824739455,0.9009768332113004,0.18949208089449712,0.5097270824739455,1.0904689141057975,1.410703915685246,0.6992191633684426,1.600195996579743,3.16986535288396,1.527429701519089,2.2363722514650144,3.16986535288396,1.527429701519089,2.2363722514650144,4.697295054403049,5.406237604348974,3.763801952984103,6.933667305868063
88,2200,Blackhole Attack,0.84,0.8706891513695454,0.1462020728217639,0.4407367539905497,0.8706891513695454,0.1462020728217639,0.4407367539905497,1.0168912241913093,1.3114259053600952,0.5869388268123136,1.457627978181859,2.987189962812636,0.6944368728335732,1.6192873326776493,2.987189962812636,0.6944368728335732,1.6192873326776493,3.6816268356462096,4.6064772954902855,2.313724205511223,5.3009141683238585
89,2225,Wormhole Attack,0.88,0.85855949275639,0.26637362385603924,0.4619997551822037,0.85855949275639,0.26637362385603924,0.4619997551822037,1.1249331166124292,1.3205592479385937,0.728373379038243,1.586932871794633,2.9140318343640126,3.0067958831479515,1.8094745321296042,2.9140318343640126,3.0067958831479515,1.8094745321296042,5.920827717511964,4.723506366493616,4.816270415277556,7.730302249641568
90,2250,Wormhole Attack,0.88,0.7248527464279637,0.3080865531991246,0.41737460075709637,0.7248527464279637,0.3080865531991246,0.41737460075709637,1.0329392996270883,1.1422273471850601,0.725461153956221,1.4503139003841847,2.10760062023787,3.8094423263612827,1.4103242396227555,2.10760062023787,3.8094423263612827,1.4103242396227555,5.917042946599153,3.5179248598606256,5.219766565984038,7.327367186221909
91,2275,Wormhole Attack,0.76,0.6416764982809234,0.2653797203912337,0.47317694294364154,0.6416764982809234,0.2653797203912337,0.47317694294364154,0.9070562186721571,1.114853441224565,0.7385566633348752,1.3802331616157986,1.6059361596061288,2.9876710435961154,1.909449038030065,1.6059361596061288,2.9876710435961154,1.909449038030065,4.593607203202244,3.515385197636194,4.897120081626181,6.503056241232309
92,2300,Normal Traffic,0.72,0.8585238339562081,0.27991825975879986,0.5315152781928633,0.8585238339562081,0.27991825975879986,0.5315152781928633,1.138442093715008,1.3900391121490714,0.8114335379516631,1.6699573719078713,2.9138167639183203,3.26742379883694,2.4312570604128005,2.9138167639183203,3.26742379883694,2.4312570604128005,6.18124056275526,5.345073824331121,5.698680859249741,8.61249762316806
93,2325,Sybil Attack,0.88,0.9275486074117112,0.3047287635562563,0.2816928273075667,0.9275486074117112,0.3047287635562563,0.2816928273075667,1.2322773709679675,1.209241434719278,0.586421590863823,1.5139701982755343,3.330128830369892,3.7448312343964942,0.19671679651310728,3.330128830369892,3.7448312343964942,0.19671679651310728,7.074960064766387,3.5268456268829995,3.9415480309096016,7.271676861279494
94,2350,Normal Traffic,0.68,0.9499183684095314,0.26571766797842006,0.45624659087299857,0.9499183684095314,0.26571766797842006,0.45624659087299857,1.2156360363879515,1.4061649592825298,0.7219642588514186,1.67188262726095,3.4650485260213935,2.9941738817597128,1.758015276773679,3.4650485260213935,2.9941738817597128,1.758015276773679,6.459222407781106,5.223063802795073,4.752189158533392,8.217237684554785
95,2375,Normal Traffic,0.48,0.5500576825661946,0.2894822113969428,0.3498277837174623,0.5500576825661946,0.2894822113969428,0.3498277837174623,0.8395398939631373,0.8998854662836568,0.6393099951144051,1.1893676776805997,1.0533516803447394,3.4514547908174222,0.8061508283122207,1.0533516803447394,3.4514547908174222,0.8061508283122207,4.504806471162162,1.85950250865696,4.257605619129643,5.310957299474383
96,2400,Blackhole Attack,0.88,0.9433737726691536,0.22617438006387583,0.5356442742340264,0.9433737726691536,0.22617438006387583,0.5356442742340264,1.1695481527330294,1.47901804690318,0.7618186542979022,1.7051924269670558,3.425575825998361,2.2332760043530047,2.468188920903184,3.425575825998361,2.2332760043530047,2.468188920903184,5.658851830351366,5.893764746901545,4.701464925256189,8.12704075125455
97,2425,Blackhole Attack,0.76,0.8902344158745705,0.21453034620467812,0.5422321569509886,0.8902344158745705,0.21453034620467812,0.5422321569509886,1.1047647620792487,1.4324665728255592,0.7567625031556667,1.6469969190302374,3.105074152040364,2.0092197582699205,2.527114326257004,3.105074152040364,2.0092197582699205,2.527114326257004,5.114293910310284,5.632188478297368,4.536334084526924,7.641408236567289
98,2450,Normal Traffic,0.64,0.9171862198215752,0.26332012830107865,0.5158361527845974,0.9171862198215752,0.26332012830107865,0.5158361527845974,1.1805063481226539,1.4330223726061726,0.779156281085676,1.6963425009072512,3.267629719180449,2.9480400636657333,2.291014912826197,3.267629719180449,2.9480400636657333,2.291014912826197,6.215669782846183,5.558644632006645,5.23905497649193,8.50668469567238
99,2475,Normal Traffic,0.68,0.8552955529897973,0.24055612790063494,0.3584830198665476,0.8552955529897973,0.24055612790063494,0.3584830198665476,1.0958516808904322,1.213778572856345,0.5990391477671826,1.4543347007569798,2.8943458949399647,2.510011753439858,0.8835677041780782,2.8943458949399647,2.510011753439858,0.8835677041780782,5.404357648379823,3.777913599118043,3.3935794576179363,6.287925352557901
100,2500,Normal Traffic,0.64,0.8776190612396321,0.31130833372859473,0.3799721620196464,0.8776190612396321,0.31130833372859473,0.3799721620196464,1.1889273949682269,1.2575912232592785,0.6912804957482411,1.5688995569878732,3.0289866244155714,3.8714363105651715,1.0757776244938888,3.0289866244155714,3.8714363105651715,1.0757776244938888,6.900422934980742,4.1047642489094605,4.94721393505906,7.9762005594746315
101,2525,Wormhole Attack,0.72,0.9615363474425709,0.2112810745346535,0.6229764158699238,0.9615363474425709,0.2112810745346535,0.6229764158699238,1.1728174219772245,1.5845127633124947,0.8342574904045773,1.7957938378471483,3.535120539547866,1.9466967854159072,3.2493324335316927,3.535120539547866,1.9466967854159072,3.2493324335316927,5.481817324963773,6.784452973079558,5.1960292189476,8.731149758495466
102,2550,Blackhole Attack,0.8,0.9158574365689461,0.25203616344264007,0.5510928959992761,0.9158574365689461,0.25203616344264007,0.5510928959992761,1.1678936000115863,1.4669503325682223,0.8031290594419163,1.7189864960108623,3.259615371953002,2.7309123193043487,2.6063693255620812,3.259615371953002,2.7309123193043487,2.6063693255620812,5.99052769125735,5.865984697515083,5.3372816448664295,8.596897016819431
103,2575,Wormhole Attack,0.84,0.666127279957052,0.22151868713843975,0.6038079432566849,0.666127279957052,0.22151868713843975,0.6038079432566849,0.8876459670954917,1.2699352232137369,0.8253266303951245,1.4914539103521767,1.753407204223281,2.143690462744089,3.077879773052402,1.753407204223281,2.143690462744089,3.077879773052402,3.89709766696737,4.831286977275683,5.2215702357964915,6.974977440019772
104,2600,Normal Traffic,0.64,0.7834018749683965,0.2910535923314594,0.36309222820640025,0.7834018749683965,0.2910535923314594,0.36309222820640025,1.0744554672998559,1.1464941031747968,0.6541458205378596,1.437547695506256,2.4607304817551916,3.481691538461041,0.9247948300172679,2.4607304817551916,3.481691538461041,0.9247948300172679,5.942422020216233,3.3855253117724597,4.406486368478309,6.8672168502335005
105,2625,Normal Traffic,0.64,0.8991460675563462,0.29581180226500553,0.36681213124322487,0.8991460675563462,0.29581180226500553,0.36681213124322487,1.1949578698213517,1.265958198799571,0.6626239335082305,1.5617700010645765,3.1588233777372556,3.573249727717204,0.9580675526414002,3.1588233777372556,3.573249727717204,0.9580675526414002,6.732073105454459,4.116890930378656,4.531317280358604,7.690140658095859
106,2650,Blackhole Attack,0.92,0.6555111643687213,0.22160969654445128,0.4182773528770561,0.6555111643687213,0.22160969654445128,0.4182773528770561,0.8771208609131725,1.0737885172457773,0.6398870494215074,1.2953982137902287,1.6893777725132901,2.1454416793856557,1.4183989180722796,1.6893777725132901,2.1454416793856557,1.4183989180722796,3.834819451898946,3.1077766905855695,3.5638405974579355,5.253218369971226
107,2675,Blackhole Attack,0.84,0.7414695389232476,0.3324989164410718,0.5364284274286626,0.7414695389232476,0.3324989164410718,0.5364284274286626,1.0739684553643194,1.2778979663519103,0.8689273438697345,1.610396882792982,2.207822191062266,4.279188681632037,2.4752027896738684,2.207822191062266,4.279188681632037,2.4752027896738684,6.487010872694302,4.683024980736135,6.754391471305905,8.962213662368171
108,2700,Normal Traffic,0.72,1.0001543037600427,0.27498080847691564,0.46383187405695875,1.0001543037600427,0.27498080847691564,0.46383187405695875,1.2751351122369583,1.4639861778170014,0.7388126825338743,1.738966986293917,3.7680386701235116,3.17241662067048,1.8258619439870374,3.7680386701235116,3.17241662067048,1.8258619439870374,6.940455290793992,5.593900614110549,4.998278564657517,8.76631723478103
109,2725,Normal Traffic,0.72,0.8625127570098092,0.2705697123536632,0.39217613985837235,0.8625127570098092,0.2705697123536632,0.39217613985837235,1.1330824693634725,1.2546888968681815,0.6627458522120355,1.5252586092218448,2.937875326029089,3.0875376474178484,1.1849362680174589,2.937875326029089,3.0875376474178484,1.1849362680174589,6.0254129734469375,4.1228115940465475,4.272473915435308,7.210349241464396
110,2750,Sybil Attack,0.88,0.8260408974911102,0.25606474007188484,0.4147095612138603,0.8260408974911102,0.25606474007188484,0.4147095612138603,1.0821056375629952,1.2407504587049705,0.6707743012857452,1.4968151987768554,2.7179010408059843,2.808430795076698,1.386486757670503,2.7179010408059843,2.808430795076698,1.386486757670503,5.526331835882682,4.104387798476488,4.194917552747201,6.912818593553185
111,2775,Blackhole Attack,0.96,0.7204849604109238,0.18943578890670146,0.5948954599854949,0.7204849604109238,0.18943578890670146,0.5948954599854949,0.9099207493176252,1.3153804203964188,0.7843312488921963,1.50481620930312,2.081257005742063,1.5263465226463233,2.9981619468513037,2.081257005742063,1.5263465226463233,2.9981619468513037,3.6076035283883865,5.079418952593366,4.524508469497627,6.60576547523969
112,2800,Wormhole Attack,0.84,0.5526685538880021,0.235589903408349,0.38189044879548717,0.5526685538880021,0.235589903408349,0.38189044879548717,0.7882584572963511,0.9345590026834892,0.6174803522038361,1.1701489060918382,1.069098740143806,2.4144509168429678,1.0929357662987285,1.069098740143806,2.4144509168429678,1.0929357662987285,3.4835496569867734,2.1620345064425344,3.5073866831416964,4.576485423285502
113,2825,Normal Traffic,0.76,0.76881792951765,0.26887533994387,0.5239204962387619,0.76881792951765,0.26887533994387,0.5239204962387619,1.03769326946152,1.2927384257564118,0.7927958361826319,1.5616137657002818,2.372769708200009,3.054934279358664,2.3633254313224663,2.372769708200009,3.054934279358664,2.3633254313224663,5.427703987558673,4.736095139522476,5.418259710681131,7.7910294188811395
114,2850,Sybil Attack,0.8,0.7571321852543503,0.2609702691355317,0.5560866822225421,0.7571321852543503,0.2609702691355317,0.5560866822225421,1.018102454389882,1.3132188674768925,0.8170569513580738,1.574189136612424,2.3022889793437953,2.902823721131613,2.651036313439479,2.3022889793437953,2.902823721131613,2.651036313439479,5.205112700475408,4.9533252927832745,5.553860034571092,7.856149013914887
115,2875,Sybil Attack,0.88,0.8942344663898234,0.30188461723610405,0.3486843301218394,0.8942344663898234,0.30188461723610405,0.3486843301218394,1.1961190836259274,1.2429187965116628,0.6505689473579435,1.5448034137477669,3.129199827686212,3.6901037442921125,0.7959231922840505,3.129199827686212,3.6901037442921125,0.7959231922840505,6.819303571978324,3.9251230199702625,4.486026936576163,7.615226764262374
116,2900,Flooding Attack,0.92,0.7444517134257861,0.26208291539537115,0.41005851248958125,0.7444517134257861,0.26208291539537115,0.41005851248958125,1.0065346288211572,1.1545102259153674,0.6721414278849525,1.4165931413107384,2.2258087076057986,2.924233427356496,1.3448853899514235,2.2258087076057986,2.924233427356496,1.3448853899514235,5.150042134962295,3.5706940975572223,4.26911881730792,6.494927524913718
117,2925,Blackhole Attack,0.84,0.9480855417507974,0.22173414475826372,0.5652142633133812,0.9480855417507974,0.22173414475826372,0.5652142633133812,1.169819686509061,1.5132998050641786,0.7869484080716449,1.7350339498224423,3.4539941202544995,2.1478363305826322,2.7326780849744723,3.4539941202544995,2.1478363305826322,2.7326780849744723,5.601830450837132,6.186672205228971,4.880514415557105,8.334508535811604
118,2950,Blackhole Attack,0.88,0.8564019122462831,0.2256711402932632,0.4820069216637943,0.8564019122462831,0.2256711402932632,0.4820069216637943,1.0820730525395463,1.3384088339100775,0.7076780619570575,1.5640799742033407,2.901018726812457,2.2235925892026693,1.9884289011674179,2.901018726812457,2.2235925892026693,1.9884289011674179,5.124611316015127,4.889447627979875,4.212021490370088,7.113040217182545
119,2975,Normal Traffic,0.6,0.8805558033651539,0.20570372333654027,0.40271692442018725,0.8805558033651539,0.20570372333654027,0.40271692442018725,1.0862595267016941,1.283272727785341,0.6084206477567276,1.4889764511218813,3.0466991227216984,1.8393765570786165,1.2792184569600458,3.0466991227216984,1.8393765570786165,1.2792184569600458,4.886075679800315,4.325917579681744,3.1185950140386622,6.165294136760361
120,3000,Wormhole Attack,0.88,0.676400125057786,0.26453802455854614,0.4371599430983657,0.676400125057786,0.26453802455854614,0.4371599430983657,0.9409381496163322,1.1135600681561517,0.7016979676569118,1.3780980927146977,1.8153662539691011,2.971475006132107,1.5872944996611733,1.8153662539691011,2.971475006132107,1.5872944996611733,4.786841260101208,3.4026607536302746,4.558769505793281,6.374135759762382
121,3025,Sybil Attack,0.8,0.6759532316222915,0.30597389804887654,0.4594760777001854,0.6759532316222915,0.30597389804887654,0.4594760777001854,0.981927129671168,1.1354293093224768,0.7654499757490619,1.4414032073713534,1.8126708864901435,3.7687902990693174,1.786901465030618,1.8126708864901435,3.7687902990693174,1.786901465030618,5.581461185559461,3.5995723515207616,5.555691764099936,7.368362650590079
122,3050,Sybil Attack,0.8,0.7355342179991154,0.2766705715392452,0.2767729784507317,0.7355342179991154,0.2766705715392452,0.2767729784507317,1.0122047895383606,1.0123071964498471,0.5534435499899768,1.2889777679890924,2.172024236280544,3.2049312949743816,0.15271114240179492,2.172024236280544,3.2049312949743816,0.15271114240179492,5.376955531254925,2.324735378682339,3.3576424373761764,5.52966667365672
123,3075,Normal Traffic,0.64,0.8969715168363022,0.27925934844477257,0.3780621395623394,0.8969715168363022,0.27925934844477257,0.3780621395623394,1.1762308652810747,1.2750336563986415,0.657321488007112,1.554293004843414,3.1457079170331523,3.254744928498032,1.0586934029970598,3.1457079170331523,3.254744928498032,1.0586934029970598,6.400452845531184,4.204401320030212,4.3134383314950915,7.459146248528244
124,3100,Wormhole Attack,0.8,0.8192741110754826,0.19682738972877564,0.44041126012605036,0.8192741110754826,0.19682738972877564,0.44041126012605036,1.0161015008042582,1.259685371201533,0.637238649854826,1.4565127609303086,2.6770882326662755,1.6685768143789765,1.616375948439369,2.6770882326662755,1.6685768143789765,1.616375948439369,4.345665047045252,4.293464181105644,3.2849527628183455,5.962040995484621
125,3125,Sybil Attack,0.8,0.755656475575206,0.3200406713207476,0.21300376567819812,0.755656475575206,0.3200406713207476,0.21300376567819812,1.0756971468959535,0.9686602412534041,0.5330444369989458,1.2887009125741518,2.2933884684800656,4.03946526033351,-0.41767343685620734,2.2933884684800656,4.03946526033351,-0.41767343685620734,6.332853728813576,1.8757150316238582,3.6217918234773028,5.915180291957369
126,3150,Wormhole Attack,0.76,0.7884210580386763,0.23694109269832042,0.4647137408871335,0.7884210580386763,0.23694109269832042,0.4647137408871335,1.0253621507369968,1.25313479892581,0.701654833585454,1.4900758916241303,2.4910028951407126,2.440450703834271,1.8337498136818546,2.4910028951407126,2.440450703834271,1.8337498136818546,4.931453598974984,4.324752708822567,4.2742005175161255,6.765203412656838
127,3175,Sybil Attack,0.84,0.8977830592406174,0.23736156731650931,0.46182899897249335,0.8977830592406174,0.23736156731650931,0.46182899897249335,1.1351446265571268,1.3596120582131108,0.6991905662890027,1.59697362552962,3.150602607423862,2.4485415395071857,1.8079472009207533,3.150602607423862,2.4485415395071857,1.8079472009207533,5.599144146931048,4.958549808344616,4.256488740427939,7.407091347851801
128,3200,Blackhole Attack,0.72,0.9296338124324593,0.20248441436877238,0.49777586577812677,0.9296338124324593,0.20248441436877238,0.49777586577812677,1.1321182268012318,1.427409678210586,0.7002602801468991,1.6298940925793586,3.3427054165389505,1.7774301310357277,2.129474433375564,3.3427054165389505,1.7774301310357277,2.129474433375564,5.120135547574678,5.4721798499145144,3.906904564411292,7.249609980950242
129,3225,Blackhole Attack,0.8,0.9103560538167408,0.22122636142864074,0.489070123719495,0.9103560538167408,0.22122636142864074,0.489070123719495,1.1315824152453815,1.3994261775362358,0.7102964851481357,1.6206525389648765,3.2264346470153376,2.1380654875883014,2.0516058067241123,3.2264346470153376,2.1380654875883014,2.0516058067241123,5.364500134603639,5.27804045373945,4.189671294312413,7.416105941327752
130,3250,Normal Traffic,0.72,0.8251007095204462,0.17624565737246983,0.6214264010978396,0.8251007095204462,0.17624565737246983,0.6214264010978396,1.0013463668929161,1.4465271106182858,0.7976720584703094,1.6227727679907558,2.712230444912289,1.2725400331909862,3.2354683056056897,2.712230444912289,1.2725400331909862,3.2354683056056897,3.9847704781032753,5.947698750517979,4.508008338796676,7.2202387837089645
131,3275,Sybil Attack,0.8,0.7401218092510292,0.2694575995862243,0.4050376015372354,0.7401218092510292,0.2694575995862243,0.4050376015372354,1.0095794088372534,1.1451594107882646,0.6744952011234597,1.4146170103744888,2.199693571484528,3.066138206733758,1.2999757845708284,2.199693571484528,3.066138206733758,1.2999757845708284,5.265831778218287,3.4996693560553567,4.366113991304586,6.565807562789115
132,3300,Sybil Attack,0.84,0.8092544462918425,0.27067767191085135,0.4094879856922697,0.8092544462918425,0.27067767191085135,0.4094879856922697,1.0799321182026937,1.2187424319841123,0.680165657603121,1.4894201038949635,2.616656200188569,3.0896150214108187,1.3397823053579103,2.616656200188569,3.0896150214108187,1.3397823053579103,5.706271221599388,3.9564385055464797,4.429397326768729,7.046053526957298
133,3325,Flooding Attack,0.84,0.6727758751522969,0.21118809736288094,0.625768682774703,0.6727758751522969,0.21118809736288094,0.625768682774703,0.8839639725151778,1.2985445579269999,0.8369567801375839,1.5097326552898807,1.7935071606036768,1.9449077047304084,3.2743079023263224,1.7935071606036768,1.9449077047304084,3.2743079023263224,3.738414865334085,5.067815062929999,5.21921560705673,7.012722767660407
134,3350,Sybil Attack,0.88,0.8281353117046208,0.2843705408939416,0.3524563193936885,0.8281353117046208,0.2843705408939416,0.3524563193936885,1.1125058525985625,1.1805916310983093,0.6368268602876301,1.464962171992251,2.7305331707729774,3.3530952602659543,0.8296618009362183,2.7305331707729774,3.3530952602659543,0.8296618009362183,6.083628431038932,3.560194971709196,4.182757061202173,6.91329023197515
135,3375,Wormhole Attack,0.72,0.6954671414628404,0.21319327529020507,0.512126366271759,0.6954671414628404,0.21319327529020507,0.512126366271759,0.9086604167530454,1.2075935077345994,0.725319641561964,1.4207867830248044,1.930365964989831,1.9834916391776638,2.2578326775865967,1.930365964989831,1.9834916391776638,2.2578326775865967,3.913857604167495,4.1881986425764275,4.241324316764261,6.171690281754092
136,3400,Sybil Attack,0.76,0.8358808234572196,0.29747004749478645,0.5390193501746665,0.8358808234572196,0.29747004749478645,0.5390193501746665,1.1333508709520062,1.374900173631886,0.836489397669453,1.6723702211266727,2.777249006870984,3.60515793115964,2.498377332938827,2.777249006870984,3.60515793115964,2.498377332938827,6.382406938030623,5.275626339809811,6.103535264098467,8.88078427096945
137,3425,Blackhole Attack,0.76,0.6690714510302602,0.25820304544551537,0.572338441410496,0.6690714510302602,0.25820304544551537,0.572338441410496,0.9272744964757755,1.2414098924407562,0.8305414868560113,1.4996129378862715,1.7711645090591221,2.8495763878144325,2.7964003915517317,1.7711645090591221,2.8495763878144325,2.7964003915517317,4.620740896873555,4.567564900610854,5.645976779366164,7.417141288425286
138,3450,Blackhole Attack,0.8,0.9558779236359474,0.2550104699557102,0.4252737432191635,0.9558779236359474,0.2550104699557102,0.4252737432191635,1.2108883935916577,1.381151666855111,0.6802842131748736,1.6361621368108212,3.500992646186321,2.7881443713644307,1.4809782253603025,3.500992646186321,2.7881443713644307,1.4809782253603025,6.289137017550752,4.981970871546624,4.269122596724733,7.7701152429110545
139,3475,Blackhole Attack,0.72,0.8924272715546542,0.16690675066369987,0.5257472212810419,0.8924272715546542,0.16690675066369987,0.5257472212810419,1.059334022218354,1.418174492835696,0.6926539719447418,1.585081243499396,3.1183000162323586,1.0928393894974524,2.379664597972955,3.1183000162323586,1.0928393894974524,2.379664597972955,4.211139405729811,5.497964614205314,3.4725039874704073,6.590804003702766
140,3500,Blackhole Attack,0.8,0.8624150723451306,0.31743840164082815,0.1926433386110834,0.8624150723451306,0.31743840164082815,0.1926433386110834,1.1798534739859587,1.055058410956214,0.5100817402519116,1.372496812597042,2.9372861563357007,3.9893919968211393,-0.5997875499410641,2.9372861563357007,3.9893919968211393,-0.5997875499410641,6.92667815315684,2.337498606394637,3.3896044468800755,6.326890603215776
141,3525,Flooding Attack,0.92,0.7682664848812765,0.34179900723833995,0.3669457680655977,0.7682664848812765,0.34179900723833995,0.3669457680655977,1.1100654921196165,1.1352122529468742,0.7087447753039376,1.4770112601852141,2.369443756594383,4.4581424237342,0.9592628689921664,2.369443756594383,4.4581424237342,0.9592628689921664,6.827586180328583,3.3287066255865496,5.417405292726366,7.786849049320749
142,3550,Wormhole Attack,0.92,0.8383290368943355,0.2620513693586738,0.3676408797681693,0.8383290368943355,0.2620513693586738,0.3676408797681693,1.1003804062530094,1.2059699166625046,0.6296922491268431,1.4680212860211785,2.792015021217663,2.92362641378657,0.9654803049423775,2.792015021217663,2.92362641378657,0.9654803049423775,5.715641435004233,3.7574953261600403,3.8891067187289474,6.681121739946611
143,3575,Blackhole Attack,0.8,0.8368696466192956,0.285306340818178,0.49196201358419317,0.8368696466192956,0.285306340818178,0.49196201358419317,1.1221759874374737,1.3288316602034889,0.7772683544023712,1.6141380010216668,2.7832129382734454,3.371102062774831,2.077472354420414,2.7832129382734454,3.371102062774831,2.077472354420414,6.154315001048277,4.8606852926938595,5.448574417195245,8.23178735546869
144,3600,Normal Traffic,0.72,0.8026699030336917,0.17347179505628896,0.4703758511450031,0.8026699030336917,0.17347179505628896,0.4703758511450031,0.9761416980899806,1.2730457541786948,0.6438476462012921,1.4465175492349838,2.576942562994125,1.2191649584333766,1.8843946348539042,2.576942562994125,1.2191649584333766,1.8843946348539042,3.7961075214275013,4.461337197848029,3.103559593287281,5.680502156281405
145,3625,Normal Traffic,0.68,0.8475591755802527,0.25103429910452574,0.4915316328518779,0.8475591755802527,0.25103429910452574,0.4915316328518779,1.0985934746847785,1.3390908084321307,0.7425659319564036,1.5901251075366565,2.847685151195648,2.7116342954342016,2.07362280818565,2.847685151195648,2.7116342954342016,2.07362280818565,5.55931944662985,4.921307959381298,4.785257103619852,7.6329422548155
146,3650,Wormhole Attack,0.84,0.877573393198028,0.28730650379993977,0.45222518624980956,0.877573393198028,0.28730650379993977,0.45222518624980956,1.1648798969979677,1.3297985794478375,0.7395316900497493,1.6171050832477771,3.0287111848042665,3.409589498887351,1.722045769164957,3.0287111848042665,3.409589498887351,1.722045769164957,6.438300683691617,4.750756953969224,5.1316352680523085,8.160346452856574
147,3675,Wormhole Attack,0.88,0.8238992163082179,0.27624043643702434,0.3424764689124618,0.8238992163082179,0.27624043643702434,0.3424764689124618,1.1001396527452423,1.1663756852206797,0.6187169053494861,1.442616121657704,2.7049838275462394,3.1966545708186853,0.7403968944037036,2.7049838275462394,3.1966545708186853,0.7403968944037036,5.901638398364925,3.445380721949943,3.937051465222389,6.642035292768629
148,3700,Wormhole Attack,0.8,0.996270225125342,0.25365331002922276,0.5881721382781758,0.996270225125342,0.25365331002922276,0.5881721382781758,1.2499235351545648,1.5844423634035179,0.8418254483073986,1.8380956734327407,3.744612460637797,2.7620296964897113,2.938025105631004,3.744612460637797,2.7620296964897113,2.938025105631004,6.506642157127509,6.6826375662688005,5.700054802120715,9.444667262758513
149,3725,Normal Traffic,0.68,0.9577637230467061,0.25500249652515267,0.4801918679540755,0.9577637230467061,0.25500249652515267,0.4801918679540755,1.2127662195718587,1.4379555910007815,0.7351943644792281,1.6929580875259342,3.5123665487767037,2.787990945417656,1.9721941289076208,3.5123665487767037,2.787990945417656,1.9721941289076208,6.30035749419436,5.484560677684325,4.7601850743252765,8.27255162310198
150,3750,Blackhole Attack,0.92,0.7517088925068406,0.15979644936822485,0.5312694471564803,0.7517088925068406,0.15979644936822485,0.5312694471564803,0.9115053418750654,1.282978339663321,0.6910658965247052,1.4427747890315457,2.2695792419892338,0.9560219054495667,2.429058221409471,2.2695792419892338,0.9560219054495667,2.429058221409471,3.2256011474388004,4.698637463398705,3.385080126859038,5.654659368848272
151,3775,Wormhole Attack,0.84,0.6549826545778504,0.21877068167219574,0.4752410585928352,0.6549826545778504,0.21877068167219574,0.4752410585928352,0.8737533362500461,1.1302237131706856,0.694011740265031,1.3489943948428813,1.6861901488216433,2.0908129293714017,1.9279115481492475,1.6861901488216433,2.0908129293714017,1.9279115481492475,3.777003078193045,3.6141016969708906,4.018724477520649,5.704914626342292
152,3800,Sybil Attack,0.8,0.827822607110073,0.27202778107620573,0.4153323887883315,0.827822607110073,0.27202778107620573,0.4153323887883315,1.0998503881862787,1.2431549958984045,0.6873601698645373,1.5151827769746102,2.7286471421860234,3.115594024482226,1.3920576472670583,2.7286471421860234,3.115594024482226,1.3920576472670583,5.844241166668249,4.1207047894530815,4.507651671749285,7.236298813935307
153,3825,Wormhole Attack,0.8,0.8576073414391595,0.28230717121784515,0.34686837363339684,0.8576073414391595,0.28230717121784515,0.34686837363339684,1.1399145126570047,1.2044757150725562,0.6291755448512419,1.4867828862904016,2.908289083426824,3.313391591460263,0.7796803451078457,2.908289083426824,3.313391591460263,0.7796803451078457,6.221680674887088,3.68796942853467,4.0930719365681085,7.001361019994933
154,3850,Blackhole Attack,0.84,0.913159354981439,0.26674646214384345,0.6207812800740434,0.913159354981439,0.26674646214384345,0.6207812800740434,1.1799058171252823,1.5339406350554823,0.8875277422178869,1.8006870971993258,3.2433423171508133,3.013970093406321,3.2296980119525274,3.2433423171508133,3.013970093406321,3.2296980119525274,6.257312410557134,6.473040329103341,6.243668105358848,9.48701042250966
155,3875,Normal Traffic,0.68,0.9694845896325852,0.1735267997764115,0.36641068647952046,0.9694845896325852,0.1735267997764115,0.36641068647952046,1.1430113894089966,1.3358952761121057,0.539937486255932,1.509422075888517,3.583059112398316,1.2202233675084904,0.9544768245661198,3.583059112398316,1.2202233675084904,0.9544768245661198,4.803282479906806,4.537535936964436,2.17470019207461,5.757759304472926
156,3900,Normal Traffic,0.68,0.7407792066896027,0.2516592496238304,0.4017093699083508,0.7407792066896027,0.2516592496238304,0.4017093699083508,0.9924384563134332,1.1424885765979536,0.6533686195321813,1.3941478262217841,2.203658560754778,2.723659687067057,1.2702063721102097,2.203658560754778,2.723659687067057,1.2702063721102097,4.927318247821836,3.4738649328649878,3.993866059177267,6.197524619932045
157,3925,Blackhole Attack,0.8,0.9308611002311747,0.2423329595544415,0.32033635250318304,0.9308611002311747,0.2423329595544415,0.32033635250318304,1.1731940597856163,1.251197452734358,0.5626693120576245,1.4935304122887993,3.3501076098970115,2.5442018146409455,0.5423643261191393,3.3501076098970115,2.5442018146409455,0.5423643261191393,5.894309424537957,3.892471936016151,3.086566140760085,6.436673750657096
158,3950,Blackhole Attack,0.76,0.7516562300479885,0.2868382237701871,0.4351233725646418,0.7516562300479885,0.2868382237701871,0.4351233725646418,1.0384944538181755,1.1867796026126303,0.7219615963348289,1.4736178263828172,2.2692616166502204,3.400578784314481,1.5690783671968926,2.2692616166502204,3.400578784314481,1.5690783671968926,5.669840400964701,3.838339983847113,4.969657151511374,7.238918768161594
159,3975,Normal Traffic,0.72,0.723627087416346,0.28302888496149414,0.4592949167536097,0.723627087416346,0.28302888496149414,0.4592949167536097,1.00665597237784,1.1829220041699557,0.7423238017151039,1.4659508891314499,2.1002082506530497,3.3272789155700977,1.7852810685132716,2.1002082506530497,3.3272789155700977,1.7852810685132716,5.427487166223147,3.8854893191663216,5.1125599840833695,7.212768234736419
160,4000,Normal Traffic,0.72,0.7989750462553272,0.2531562889241188,0.2563679813564329,0.7989750462553272,0.2531562889241188,0.2563679813564329,1.0521313351794461,1.0553430276117601,0.5095242702805517,1.3084993165358791,2.5546576153783955,2.7524659418338713,-0.02980162788922143,2.5546576153783955,2.7524659418338713,-0.02980162788922143,5.307123557212266,2.524855987489174,2.72266431394465,5.277321929323045
161,4025,Flooding Attack,0.88,0.7924440843677304,0.32134974133995187,0.462004130435708,0.7924440843677304,0.32134974133995187,0.462004130435708,1.1137938257076823,1.2544482148034384,0.7833538717756598,1.5757979561433904,2.5152671457943896,4.064654581998969,1.8095136666432774,2.5152671457943896,4.064654581998969,1.8095136666432774,6.579921727793359,4.324780812437667,5.874168248642246,8.389435394436635
162,4050,Blackhole Attack,0.76,0.761137430251644,0.21440804792872414,0.3761934560344567,0.761137430251644,0.21440804792872414,0.3761934560344567,0.9755454781803682,1.1373308862861007,0.5906015039631809,1.351738934214825,2.3264459846912025,2.0068664764996997,1.0419789381091251,2.3264459846912025,2.0068664764996997,1.0419789381091251,4.333312461190902,3.368424922800328,3.0488454146088246,5.375291399300027
163,4075,Blackhole Attack,0.8,0.8649526893090864,0.2441986012355672,0.5375092637092229,0.8649526893090864,0.2441986012355672,0.5375092637092229,1.1091512905446537,1.4024619530183093,0.7817078649447902,1.6466605542538766,2.952591393995163,2.5801007717089006,2.4848703442873026,2.952591393995163,2.5801007717089006,2.4848703442873026,5.532692165704064,5.437461738282465,5.064971115996203,8.017562509991366
164,4100,Wormhole Attack,0.8,0.8929181184114631,0.2556830083716432,0.2944731418473659,0.8929181184114631,0.2556830083716432,0.2944731418473659,1.1486011267831062,1.187391260258829,0.5501561502190091,1.443074268630472,3.1212604818599803,2.8010854564422267,0.31103049139234057,3.1212604818599803,2.8010854564422267,0.31103049139234057,5.9223459383022075,3.432290973252321,3.1121159478345675,6.233376429694548
165,4125,Sybil Attack,0.8,0.6450397142539465,0.2716859931114859,0.49874528422402387,0.6450397142539465,0.2716859931114859,0.49874528422402387,0.9167257073654324,1.1437849984779702,0.7704312773355098,1.4154709915894563,1.626220867857359,3.109017289198086,2.1381454096719206,1.626220867857359,3.109017289198086,2.1381454096719206,4.735238157055445,3.7643662775292794,5.247162698870007,6.873383566727366
166,4150,Sybil Attack,0.84,0.7032088204118113,0.28451777578252324,0.342101893986038,0.7032088204118113,0.28451777578252324,0.342101893986038,0.9877265961943346,1.0453107143978493,0.6266196697685613,1.3298284901803725,1.9770586841354927,3.3559283760767613,0.7370465039485018,1.9770586841354927,3.3559283760767613,0.7370465039485018,5.332987060212254,2.7141051880839946,4.092974880025263,6.070033564160756
167,4175,Normal Traffic,0.6,0.7587312633419111,0.2976609956732712,0.30285584612609096,0.7587312633419111,0.2976609956732712,0.30285584612609096,1.0563922590151824,1.061587109468002,0.6005168417993622,1.3592481051412735,2.311933567362313,3.608832184651603,0.3860097022871042,2.311933567362313,3.608832184651603,0.3860097022871042,5.920765752013915,2.697943269649417,3.994841886938707,6.30677545430102
168,4200,Wormhole Attack,0.8,0.6682059657901178,0.208342100175152,0.39261992585043637,0.6682059657901178,0.208342100175152,0.39261992585043637,0.8765480659652698,1.0608258916405542,0.6009620260255883,1.2691679918157062,1.7659444709370224,1.8901445999544924,1.188905717777909,1.7659444709370224,1.8901445999544924,1.188905717777909,3.6560890708915146,2.954850188714931,3.0790503177324013,4.844994788669424
169,4225,Blackhole Attack,0.8,0.8607520530065802,0.2663878822862534,0.4441576795930499,0.8607520530065802,0.2663878822862534,0.4441576795930499,1.1271399352928335,1.3049097325996302,0.7105455618793033,1.5712976148858835,2.9272559167170638,3.0070702460008465,1.649885847628981,2.9272559167170638,3.0070702460008465,1.649885847628981,5.934326162717911,4.577141764346045,4.6569560936298275,7.584212010346892
170,4250,Sybil Attack,0.8,0.8419025829582608,0.31733554329156977,0.3722688911624231,0.8419025829582608,0.31733554329156977,0.3722688911624231,1.1592381262498306,1.214171474120684,0.6896044344539929,1.5315070174122538,2.813568302336241,3.9874127810363165,1.0068756149539462,2.813568302336241,3.9874127810363165,1.0068756149539462,6.800981083372557,3.820443917290187,4.994288395990263,7.807856698326503
171,4275,Normal Traffic,0.64,0.8439916753332218,0.3227685280685324,0.3847931913805239,0.8439916753332218,0.3227685280685324,0.3847931913805239,1.1667602034017541,1.2287848667137458,0.7075617194490563,1.5515533947822782,2.82616833447092,4.091955089043369,1.1188993862977132,2.82616833447092,4.091955089043369,1.1188993862977132,6.918123423514288,3.945067720768633,5.2108544753410815,8.037022809812001
172,4300,Sybil Attack,0.76,0.8138178216079207,0.2775491560963712,0.4040747665059767,0.8138178216079207,0.2775491560963712,0.4040747665059767,1.091366977704292,1.2178925881138973,0.6816239226023479,1.4954417442102688,2.6441794807836922,3.221837150807215,1.2913636937150368,2.6441794807836922,3.221837150807215,1.2913636937150368,5.866016631590908,3.9355431744987293,4.513200844522252,7.157380325305945
173,4325,Blackhole Attack,0.76,0.899783236597551,0.2474554014741155,0.41656239439344783,0.899783236597551,0.2474554014741155,0.41656239439344783,1.1472386380716664,1.3163456309909989,0.6640177958675633,1.5638010324651141,3.1626663626098384,2.6427686104077055,1.4030594489054413,3.1626663626098384,2.6427686104077055,1.4030594489054413,5.805434973017544,4.5657258115152795,4.045828059313147,7.208494421922985
174,4350,Wormhole Attack,0.88,0.6015071604306895,0.18013054951342264,0.5222999846018296,0.6015071604306895,0.18013054951342264,0.5222999846018296,0.7816377099441122,1.123807145032519,0.7024305341152522,1.3039376945459418,1.3636611152816047,1.3472937104874498,2.348830743242947,1.3636611152816047,1.3472937104874498,2.348830743242947,2.7109548257690546,3.712491858524552,3.696124453730397,5.059785569012002
175,4375,Sybil Attack,0.96,0.6807554974687526,0.27585903778130005,0.36878371615063466,0.6807554974687526,0.27585903778130005,0.36878371615063466,0.9566145352500527,1.0495392136193873,0.6446427539319347,1.3253982514006872,1.8416349977520061,3.1893156406767726,0.9757024202991789,1.8416349977520061,3.1893156406767726,0.9757024202991789,5.030950638428779,2.817337418051185,4.165018060975951,6.006653058727958
176,4400,Blackhole Attack,0.88,0.8704092746184735,0.28720644188880357,0.5429367039643195,0.8704092746184735,0.28720644188880357,0.5429367039643195,1.1576157165072771,1.413345978582793,0.830143145853123,1.7005524204715967,2.9855019302011914,3.407664092584331,2.533416156470899,2.9855019302011914,3.407664092584331,2.533416156470899,6.393166022785522,5.51891808667209,5.941080249055229,8.926582179256421
177,4425,Blackhole Attack,0.84,0.6804147927478651,0.23578694233557257,0.3865164011691946,0.6804147927478651,0.23578694233557257,0.3865164011691946,0.9162017350834377,1.0669311939170596,0.6223033435047671,1.3027181362526323,1.8395800908062567,2.418242369435754,1.1343126593733934,1.8395800908062567,2.418242369435754,1.1343126593733934,4.257822460242011,2.97389275017965,3.552555028809148,5.392135119615404
178,4450,Sybil Attack,0.72,0.7796649587340347,0.2571017957946435,0.37907591447957323,0.7796649587340347,0.2571017957946435,0.37907591447957323,1.0367667545286783,1.158740873213608,0.6361777102742168,1.4158426690082515,2.4381918591447675,2.828385976848755,1.0677611263464342,2.4381918591447675,2.828385976848755,1.0677611263464342,5.266577835993523,3.5059529854912017,3.8961471031951893,6.334338962339958
179,4475,Sybil Attack,0.88,0.7129025410002837,0.2283319783059502,0.5590654852822369,0.7129025410002837,0.2283319783059502,0.5590654852822369,0.9412345193062339,1.2719680262825206,0.7873974635881871,1.5003000045884707,2.035524835457129,2.2747928333591987,2.677680257374573,2.035524835457129,2.2747928333591987,2.677680257374573,4.310317668816328,4.713205092831702,4.952473090733772,6.987997926190901
180,4500,Blackhole Attack,0.92,0.7099732254145542,0.2613592167986904,0.42096847862295395,0.7099732254145542,0.2613592167986904,0.42096847862295395,0.9713324422132446,1.1309417040375083,0.6823276954216444,1.3923009208361985,2.0178571291578824,2.9103079104069036,1.4424697284142487,2.0178571291578824,2.9103079104069036,1.4424697284142487,4.928165039564786,3.460326857572131,4.352777638821152,6.370634767979035
181,4525,Normal Traffic,0.68,0.9246183730657972,0.2670643290686053,0.37916745261789037,0.9246183730657972,0.2670643290686053,0.37916745261789037,1.1916827021344025,1.3037858256836876,0.6462317816864956,1.5708501547522928,3.3124555827130746,3.020086536451516,1.0685798904528112,3.3124555827130746,3.020086536451516,1.0685798904528112,6.332542119164591,4.381035473165886,4.088666426904327,7.401122009617403
182,4550,Normal Traffic,0.76,0.72674042945288,0.2653011650256241,0.2774560337337226,0.72674042945288,0.2653011650256241,0.2774560337337226,0.9920415944785042,1.0041964631866025,0.5427571987593467,1.2694976282122268,2.118985883550832,2.9861594694680256,0.15882073954530126,2.118985883550832,2.9861594694680256,0.15882073954530126,5.105145353018857,2.2778066230961334,3.144980209013327,5.263966092564158
183,4575,Sybil Attack,0.8,0.7419800757488675,0.30571807238441295,0.31150917447858134,0.7419800757488675,0.30571807238441295,0.31150917447858134,1.0476981481332803,1.0534892502274489,0.6172272468629942,1.3592073226118617,2.210901413640381,3.763867663260753,0.4634095138407207,2.210901413640381,3.763867663260753,0.4634095138407207,5.974769076901134,2.6743109274811014,4.227277177101474,6.438178590741854
184,4600,Sybil Attack,0.8,0.8771877418052755,0.25808955033710423,0.5349346266815138,0.8771877418052755,0.25808955033710423,0.5349346266815138,1.1352772921423797,1.4121223684867892,0.793024177018618,1.6702119188238935,3.026385189075353,2.8473924979145155,2.461841468848143,3.026385189075353,2.8473924979145155,2.461841468848143,5.873777686989868,5.488226657923496,5.309233966762658,8.33561915583801
185,4625,Wormhole Attack,0.8,0.6227710031835548,0.19965691614700162,0.40979465550133154,0.6227710031835548,0.19965691614700162,0.40979465550133154,0.8224279193305565,1.0325656586848864,0.6094515716483332,1.232222574831888,1.4919106389523105,1.723022986137559,1.3425253175797613,1.4919106389523105,1.723022986137559,1.3425253175797613,3.2149336250898695,2.834435956532072,3.0655483037173203,4.557458942669631
186,4650,Blackhole Attack,0.88,0.576070358887888,0.18656151020911033,0.5864281394281977,0.576070358887888,0.18656151020911033,0.5864281394281977,0.7626318690969984,1.1624984983160858,0.7729896496373081,1.3490600085251963,1.2102430468973768,1.471039220815511,2.9224258845175255,1.2102430468973768,1.471039220815511,2.9224258845175255,2.681282267712888,4.132668931414902,4.3934651053330365,5.603708152230413
187,4675,Blackhole Attack,0.96,0.7618335666241932,0.17978494847247656,0.6384055743007793,0.7618335666241932,0.17978494847247656,0.6384055743007793,0.9416185150966698,1.4002391409249726,0.8181905227732558,1.580024089397449,2.330644621749749,1.3406436034186167,3.3873387481349533,2.330644621749749,1.3406436034186167,3.3873387481349533,3.6712882251683654,5.717983369884703,4.72798235155357,7.058626973303319
188,4700,Normal Traffic,0.68,0.6551912987117007,0.2803535932144256,0.3424483174000014,0.6551912987117007,0.2803535932144256,0.3424483174000014,0.9355448919261262,0.997639616111702,0.622801910614427,1.2779932093261277,1.6874485531041605,3.2758005504885883,0.740145092822783,1.6874485531041605,3.2758005504885883,0.740145092822783,4.963249103592749,2.4275936459269434,4.015945643311372,5.703394196415532
189,4725,Sybil Attack,0.92,0.6542741644153447,0.25105706819851886,0.3995534066157948,0.6542741644153447,0.25105706819851886,0.3995534066157948,0.9053312326138636,1.0538275710311396,0.6506104748143137,1.3048846392296585,1.6819170018216967,2.712072421756102,1.2509223295126206,1.6819170018216967,2.712072421756102,1.2509223295126206,4.393989423577799,2.9328393313343173,3.962994751268723,5.64491175309042
190,4750,Wormhole Attack,0.72,0.7984647307351368,0.20129124548516797,0.5112482914812475,0.7984647307351368,0.20129124548516797,0.5112482914812475,0.9997559762203048,1.3097130222163842,0.7125395369664155,1.5110042677015523,2.5515797275691763,1.7544709964062473,2.2499787258414266,2.5515797275691763,1.7544709964062473,2.2499787258414266,4.3060507239754235,4.801558453410603,4.004449722247674,6.55602944981685
191,4775,Blackhole Attack,0.84,0.7243423678114123,0.24809386188322127,0.4205970106024852,0.7243423678114123,0.24809386188322127,0.4205970106024852,0.9724362296946335,1.1449393784138975,0.6686908724857065,1.3930332402971186,2.104522351872872,2.6550539613665496,1.4391471277210486,2.104522351872872,2.6550539613665496,1.4391471277210486,4.759576313239421,3.5436694795939205,4.094201089087598,6.198723440960469
192,4800,Flooding Attack,0.84,0.8370415261969315,0.267630608650924,0.38386590871943305,0.8370415261969315,0.267630608650924,0.38386590871943305,1.1046721348478554,1.2209074349163647,0.6514965173703571,1.4885380435672886,2.784249602916648,3.0309829731144515,1.1106052940939066,2.784249602916648,3.0309829731144515,1.1106052940939066,5.8152325760311,3.8948548970105548,4.141588267208358,6.925837870125006
193,4825,Normal Traffic,0.72,0.8279919310412284,0.2998895001869432,0.44221381554043665,0.8279919310412284,0.2998895001869432,0.44221381554043665,1.1278814312281715,1.270205746581665,0.7421033157273799,1.5700952467686082,2.729668392849373,3.651713402771572,1.6324989295288703,2.729668392849373,3.651713402771572,1.6324989295288703,6.381381795620944,4.362167322378243,5.284212332300442,8.013880725149814
194,4850,Flooding Attack,0.8,0.8865172921569089,0.2500154761189251,0.28814239762213967,0.8865172921569089,0.2500154761189251,0.28814239762213967,1.136532768275834,1.1746596897790487,0.5381578737410648,1.4246751658979737,3.0826549048819007,2.6920299507253858,0.2544050647279708,3.0826549048819007,2.6920299507253858,0.2544050647279708,5.774684855607287,3.3370599696098715,2.9464350154533565,6.029089920335258
195,4875,Blackhole Attack,0.76,0.7085162020620965,0.1772380099823859,0.4782784835122714,0.7085162020620965,0.1772380099823859,0.4782784835122714,0.8857542120444825,1.1867946855743678,0.6555164934946573,1.3640326955567539,2.0090693219350033,1.2916350309604159,1.9550798360953487,2.0090693219350033,1.2916350309604159,1.9550798360953487,3.300704352895419,3.9641491580303523,3.246714867055765,5.255784188990768
196,4900,Wormhole Attack,0.76,0.7601607600245652,0.25483955660136265,0.30540661940773745,0.7601607600245652,0.25483955660136265,0.30540661940773745,1.0150003166259278,1.0655673794323026,0.5602461760091001,1.3204069360336652,2.32055535180504,2.784855630963669,0.4088251281294183,2.32055535180504,2.784855630963669,0.4088251281294183,5.105410982768709,2.7293804799344583,3.1936807590930876,5.5142361108981275
197,4925,Blackhole Attack,0.88,0.867909511711026,0.28088778835560024,0.589033869801176,0.867909511711026,0.28088778835560024,0.589033869801176,1.1487973000666263,1.4569433815122022,0.8699216581567762,1.7378311698678024,2.970425003330735,3.286079613522476,2.9457328748006355,2.970425003330735,3.286079613522476,2.9457328748006355,6.256504616853211,5.91615787813137,6.231812488323111,9.202237491653847
198,4950,Blackhole Attack,0.8,0.8666153204834783,0.2239813469545531,0.4101860025593534,0.8666153204834783,0.2239813469545531,0.4101860025593534,1.0905966674380314,1.2768013230428317,0.6341673495139065,1.5007826699973847,2.96261929246272,2.1910773323161115,1.3460257265910798,2.96261929246272,2.1910773323161115,1.3460257265910798,5.153696624778831,4.3086450190538,3.5371030589071912,6.499722351369911
199,4975,Sybil Attack,0.72,0.8944942320209297,0.2569390670650147,0.34469477902051887,0.8944942320209297,0.2569390670650147,0.34469477902051887,1.1514332990859444,1.2391890110414485,0.6016338460855335,1.4961280781064632,3.1307665632402037,2.8252547262244967,0.7602385989290711,3.1307665632402037,2.8252547262244967,0.7602385989290711,5.956021289464701,3.8910051621692747,3.5854933251535677,6.716259888393772
200,5000,Sybil Attack,0.76,0.6692200072945178,0.30765195519017213,0.3515485989967146,0.6692200072945178,0.30765195519017213,0.3515485989967146,0.97687196248469,1.0207686062912324,0.6592005541868867,1.3284205614814046,1.772060502805444,3.8010797262848364,0.8215426836662798,1.772060502805444,3.8010797262848364,0.8215426836662798,5.5731402290902805,2.5936031864717237,4.622622409951116,6.3946829127565605
201,5025,Sybil Attack,0.8,0.9338261144828981,0.24832320251068235,0.3677237468423272,0.9338261144828981,0.24832320251068235,0.3677237468423272,1.1821493169935804,1.3015498613252254,0.6160469493530096,1.5498730638359075,3.3679906270863262,2.6594669681204492,0.96622151059904,3.3679906270863262,2.6594669681204492,0.96622151059904,6.0274575952067755,4.334212137685366,3.625688478719489,6.993679105805816
202,5050,Blackhole Attack,0.88,0.8880203173880927,0.2863924679515048,0.3381421650040907,0.8880203173880927,0.2863924679515048,0.3381421650040907,1.1744127853395976,1.2261624823921835,0.6245346329555955,1.5125549503436884,3.091720165202188,3.392001483989581,0.7016286549403904,3.091720165202188,3.392001483989581,0.7016286549403904,6.483721649191769,3.7933488201425782,4.093630138929972,7.185350304132159
203,5075,Blackhole Attack,0.8,0.8723491999136468,0.16681015748317268,0.6982611072534075,0.8723491999136468,0.16681015748317268,0.6982611072534075,1.0391593573968194,1.5706103071670543,0.8650712647365801,1.737420464650227,2.997202284551733,1.0909807290291087,3.9227173657325864,2.997202284551733,1.0909807290291087,3.9227173657325864,4.088183013580842,6.919919650284319,5.013698094761695,8.010900379313428
204,5100,Sybil Attack,0.84,0.8620093315884073,0.30056847201716264,0.5142843006524666,0.8620093315884073,0.30056847201716264,0.5142843006524666,1.1625778036055698,1.3762936322408739,0.8148527726696292,1.6768621042580363,2.9348389947671953,3.664778280572057,2.2771343506086037,2.9348389947671953,3.664778280572057,2.2771343506086037,6.599617275339252,5.2119733453757995,5.94191263118066,8.876751625947856
205,5125,Sybil Attack,0.72,0.7867794339808867,0.3089289226892551,0.336472291247521,0.7867794339808867,0.3089289226892551,0.336472291247521,1.0957083566701418,1.1232517252284078,0.6454012139367761,1.4321806479176629,2.481101697793421,3.8256513264428547,0.6866924467194657,2.481101697793421,3.8256513264428547,0.6866924467194657,6.306753024236276,3.1677941445128868,4.51234377316232,6.993445470955741
206,5150,Flooding Attack,0.92,0.8018596878373839,0.36829711153867717,0.2833216115661836,0.8018596878373839,0.36829711153867717,0.2833216115661836,1.170156799376061,1.0851812994035674,0.6516187231048607,1.4534784109422447,2.5720558774497997,4.9680229213043665,0.21128547916828044,2.5720558774497997,4.9680229213043665,0.21128547916828044,7.540078798754166,2.78334135661808,5.179308400472647,7.7513642779224465
207,5175,Normal Traffic,0.6,0.6546201569272271,0.22605733511042317,0.4384033016846526,0.6546201569272271,0.22605733511042317,0.4384033016846526,0.8806774920376502,1.0930234586118797,0.6644606367950757,1.3190807937223028,1.6840038012472882,2.2310238078023343,1.598415737218798,1.6840038012472882,2.2310238078023343,1.598415737218798,3.9150276090496225,3.282419538466086,3.829439545021132,5.513443346268421
208,5200,Normal Traffic,0.68,0.925872544125277,0.18204360053748062,0.29782849170477915,0.925872544125277,0.18204360053748062,0.29782849170477915,1.1079161446627577,1.2237010358300562,0.4798720922422598,1.4057446363675368,3.320019918230849,1.3841049252433442,0.3410424632118889,3.320019918230849,1.3841049252433442,0.3410424632118889,4.704124843474193,3.661062381442738,1.725147388455233,5.045167306686082
209,5225,Flooding Attack,0.8,0.7940728869284678,0.27458026708035577,0.3074929988077536,0.7940728869284678,0.27458026708035577,0.3074929988077536,1.0686531540088235,1.1015658857362214,0.5820732658881094,1.376146152816577,2.5250910122984833,3.164709343038065,0.42748677666655294,2.5250910122984833,3.164709343038065,0.42748677666655294,5.689800355336548,2.952577788965036,3.5921961197046177,6.117287132003101
210,5250,Blackhole Attack,0.92,0.8963067373963333,0.2585697631760522,0.42772242946462263,0.8963067373963333,0.2585697631760522,0.42772242946462263,1.1548765005723856,1.3240291668609558,0.6862921926406749,1.5825989300370082,3.1416984043823595,2.8566328253918,1.502880532337701,3.1416984043823595,2.8566328253918,1.502880532337701,5.998331229774159,4.644578936720061,4.359513357729501,7.50121176211186
211,5275,Blackhole Attack,0.76,0.8480117966470391,0.25558273707912,0.5359448349682333,0.8480117966470391,0.25558273707912,0.5359448349682333,1.103594533726159,1.3839566316152725,0.7915275720473534,1.6395393686943924,2.8504150639820303,2.7991560211911515,2.4708772904230276,2.8504150639820303,2.7991560211911515,2.4708772904230276,5.649571085173182,5.321292354405058,5.2700333116141795,8.12044837559621
212,5300,Flooding Attack,0.76,0.7138241375009853,0.2851572497344978,0.3288000522700353,0.7138241375009853,0.2851572497344978,0.3288000522700353,0.9989813872354831,1.0426241897710207,0.613957302004533,1.3277814395055185,2.041083299823389,3.3682332297795146,0.6180680022442017,2.041083299823389,3.3682332297795146,0.6180680022442017,5.409316529602904,2.659151302067591,3.9863012320237163,6.0273845318471055
213,5325,Wormhole Attack,0.72,0.6671149010535776,0.22494838679833448,0.4577219438805204,0.6671149010535776,0.22494838679833448,0.4577219438805204,0.8920632878519121,1.124836844934098,0.6826703306788549,1.3497852317324326,1.7593638855564084,2.209685258042751,1.7712115915447908,1.7593638855564084,2.209685258042751,1.7712115915447908,3.9690491435991593,3.5305754771011992,3.980896849587542,5.74026073514395
214,5350,Normal Traffic,0.72,0.7805794429623535,0.20473238253661016,0.3232047050424357,0.7805794429623535,0.20473238253661016,0.3232047050424357,0.9853118254989637,1.1037841480047892,0.5279370875790459,1.3085165305413993,2.4437074269586074,1.8206858717086345,0.568020343892185,2.4437074269586074,1.8206858717086345,0.568020343892185,4.264393298667242,3.0117277708507926,2.3887062156008194,4.832413642559427
215,5375,Wormhole Attack,0.8,0.8887654790899441,0.274841343578712,0.4441422726581566,0.8887654790899441,0.274841343578712,0.4441422726581566,1.163606822668656,1.3329077517481007,0.7189836162368686,1.6077490953268125,3.0962144908248326,3.1697330161799977,1.6497480400931075,3.0962144908248326,3.1697330161799977,1.6497480400931075,6.26594750700483,4.74596253091794,4.819481056273105,7.915695547097937
216,5400,Normal Traffic,0.72,0.6881051752849298,0.186012769613872,0.33951884353105377,0.6881051752849298,0.186012769613872,0.33951884353105377,0.8741179448988018,1.0276240188159835,0.5255316131449258,1.2136367884298556,1.8859634237102378,1.460480271972763,0.7139423744961939,1.8859634237102378,1.460480271972763,0.7139423744961939,3.346443695683001,2.5999057982064318,2.174422646468957,4.060386070179195
217,5425,Normal Traffic,0.72,0.9277446607799207,0.3265608448278513,0.45806809767286333,0.9277446607799207,0.3265608448278513,0.45806809767286333,1.254305505607772,1.385812758452784,0.7846289425007147,1.7123736032806354,3.3313112954294364,4.164927416960449,1.77430776878487,3.3313112954294364,4.164927416960449,1.77430776878487,7.496238712389886,5.105619064214307,5.939235185745319,9.270546481174756
218,5450,Sybil Attack,0.8,0.8053897541656266,0.2622355681082008,0.4897721355094066,0.8053897541656266,0.2622355681082008,0.4897721355094066,1.0676253222738274,1.2951618896750332,0.7520077036176074,1.5573974577832341,2.5933469173801114,2.927170793754138,2.0578849605981175,2.5933469173801114,2.927170793754138,2.0578849605981175,5.520517711134249,4.651231877978229,4.985055754352255,7.578402671732366
219,5475,Wormhole Attack,0.8,0.607115494640475,0.21655158079440437,0.3969573552487886,0.607115494640475,0.21655158079440437,0.3969573552487886,0.8236670754348794,1.0040728498892637,0.613508936043193,1.220624430683668,1.3974869011167728,2.0481126574235606,1.2277019132282945,1.3974869011167728,2.0481126574235606,1.2277019132282945,3.4455995585403336,2.6251888143450675,3.275814570651855,4.673301471768628
220,5500,Sybil Attack,0.8,0.7012316542288088,0.1694354356913952,0.33557511980192556,0.7012316542288088,0.1694354356913952,0.33557511980192556,0.870667089920204,1.0368067740307345,0.5050105554933207,1.2062422097221295,1.9651337172264083,1.1414967260942863,0.6786676846866709,1.9651337172264083,1.1414967260942863,0.6786676846866709,3.106630443320695,2.643801401913079,1.8201644107809574,3.7852981280073656
221,5525,Normal Traffic,0.68,0.8751589303843712,0.2703633440017824,0.3237053908121167,0.8751589303843712,0.2703633440017824,0.3237053908121167,1.1455222743861535,1.198864321196488,0.5940687348138991,1.4692276651982703,3.0141487320354514,3.083566676636426,0.5724987344769746,3.0141487320354514,3.083566676636426,0.5724987344769746,6.097715408671878,3.586647466512426,3.6560654111134006,6.670214143148852
222,5550,Blackhole Attack,0.88,0.8443393775789868,0.28388741879661494,0.3690173958903698,0.8443393775789868,0.28388741879661494,0.3690173958903698,1.1282267963756016,1.2133567734693567,0.6529048146869847,1.4972441922659714,2.828265445887556,3.343798952402568,0.9777925718666035,2.828265445887556,3.343798952402568,0.9777925718666035,6.172064398290123,3.806058017754159,4.321591524269172,7.149856970156727
223,5575,Blackhole Attack,0.72,0.7969818350622158,0.3130704937685434,0.39478241568430467,0.7969818350622158,0.3130704937685434,0.39478241568430467,1.110052328830759,1.1917642507465205,0.7078529094528481,1.5048347445150638,2.5426358755140326,3.905344058371714,1.2082481371118348,2.5426358755140326,3.905344058371714,1.2082481371118348,6.447979933885747,3.7508840126258676,5.113592195483549,7.656228070997582
224,5600,Blackhole Attack,0.8,0.8858483613024749,0.2894063807268537,0.42229180613812095,0.8858483613024749,0.2894063807268537,0.42229180613812095,1.1752547420293287,1.308140167440596,0.7116981868649747,1.5975465481674496,3.0786203536276013,3.4499956456892322,1.4543062491292131,3.0786203536276013,3.4499956456892322,1.4543062491292131,6.528615999316834,4.532926602756815,4.904301894818445,7.982922248446047
225,5625,Sybil Attack,0.8,0.5178217748483155,0.25820123208269435,0.4140621943826244,0.5178217748483155,0.25820123208269435,0.4140621943826244,0.7760230069310099,0.93188396923094,0.6722634264653188,1.1900852013136343,0.8589258722741954,2.8495414948150324,1.3806963763625637,0.8589258722741954,2.8495414948150324,1.3806963763625637,3.7084673670892276,2.239622248636759,4.2302378711775965,5.089163743451792
226,5650,Wormhole Attack,0.8,0.7120402954765357,0.25459226426565335,0.5166060097413016,0.7120402954765357,0.25459226426565335,0.5166060097413016,0.966632559742189,1.2286463052178371,0.771198274006955,1.4832385694834906,2.030324337174993,2.780097194746964,2.2979009087048805,2.030324337174993,2.780097194746964,2.2979009087048805,4.810421531921957,4.328225245879874,5.077998103451844,7.1083224406268375
227,5675,Sybil Attack,0.84,0.9154351915663327,0.28781305727626577,0.31460708080074085,0.9154351915663327,0.28781305727626577,0.31460708080074085,1.2032482488425984,1.2300422723670734,0.6024201380770067,1.5178553296433392,3.257068667620822,3.4193366768600675,0.49111877850498087,3.257068667620822,3.4193366768600675,0.49111877850498087,6.676405344480889,3.7481874461258027,3.9104554553650486,7.16752412298587
228,5700,Normal Traffic,0.72,0.859549660645936,0.33057559227641736,0.34977330096332826,0.859549660645936,0.33057559227641736,0.34977330096332826,1.1901252529223534,1.2093229616092642,0.6803488932397457,1.5398985538856818,2.9200038762787406,4.242179789563849,0.8056635065868544,2.9200038762787406,4.242179789563849,0.8056635065868544,7.16218366584259,3.725667382865595,5.047843296150703,7.967847172429444
229,5725,Blackhole Attack,0.76,0.8627423597494244,0.2823331982200483,0.3758248556124498,0.8627423597494244,0.2823331982200483,0.3758248556124498,1.1450755579694727,1.2385672153618743,0.6581580538324981,1.5209004135819226,2.939260138846385,3.313892406940616,1.0386819866888424,2.939260138846385,3.313892406940616,1.0386819866888424,6.253152545787001,3.977942125535227,4.3525743936294585,7.291834532475844
230,5750,Blackhole Attack,0.72,0.674250062682688,0.2104548249147244,0.4662958510030989,0.674250062682688,0.2104548249147244,0.4662958510030989,0.8847048875974124,1.140545913685787,0.6767506759178232,1.3510007386005114,1.8023984908665698,1.9307979662946746,1.8479010188418377,1.8023984908665698,1.9307979662946746,1.8479010188418377,3.7331964571612444,3.6502995097084074,3.7786989851365123,5.581097476003082
231,5775,Normal Traffic,0.64,0.7425204006870554,0.2740687266901858,0.3324740509164401,0.7425204006870554,0.2740687266901858,0.3324740509164401,1.0165891273772412,1.0749944516034955,0.6065427776066259,1.3490631782936813,2.2141602985350533,3.1548662061211425,0.6509301324323086,2.2141602985350533,3.1548662061211425,0.6509301324323086,5.369026504656196,2.8650904309673617,3.805796338553451,6.019956637088504
232,5800,Sybil Attack,0.8,0.9522786723746917,0.3155058612038095,0.23693995935916795,0.9522786723746917,0.3155058612038095,0.23693995935916795,1.2677845335785012,1.1892186317338596,0.5524458205629774,1.504724492937669,3.479284328212373,3.9522057638577124,-0.2035758313163985,3.479284328212373,3.9522057638577124,-0.2035758313163985,7.431490092070085,3.2757084968959744,3.7486299325413137,7.227914260753686
233,5825,Blackhole Attack,0.88,0.7650926460320234,0.23457510808403315,0.5575587027516246,0.7650926460320234,0.23457510808403315,0.5575587027516246,0.9996677541160566,1.322651348783648,0.7921338108356577,1.557226456867681,2.3503012466842477,2.394924072996728,2.664202820812477,2.3503012466842477,2.394924072996728,2.664202820812477,4.7452253196809755,5.014504067496725,5.059126893809205,7.4094281404934526
234,5850,Blackhole Attack,0.84,0.8420395352806345,0.31928615865898946,0.4813673449925667,0.8420395352806345,0.31928615865898946,0.4813673449925667,1.161325693939624,1.3234068802732013,0.8006535036515562,1.6426930389321908,2.814394308731894,4.024946814521697,1.9827081990501967,2.814394308731894,4.024946814521697,1.9827081990501967,6.8393411232535914,4.797102507782091,6.007655013571894,8.822049322303789
235,5875,Wormhole Attack,0.8,0.588273381196192,0.225637218013349,0.402277127905272,0.588273381196192,0.225637218013349,0.402277127905272,0.813910599209541,0.9905505091014639,0.6279143459186209,1.216187727114813,1.2838436569363165,2.222939851604336,1.2752846911314808,1.2838436569363165,2.222939851604336,1.2752846911314808,3.5067835085406527,2.559128348067797,3.4982245427358167,4.782068199672134
236,5900,Sybil Attack,0.76,0.7183255579638771,0.29029881217948295,0.34979666030348067,0.7183255579638771,0.29029881217948295,0.34979666030348067,1.0086243701433601,1.0681222182673578,0.6400954724829636,1.358421030446841,2.0682329094643674,3.4671679455623243,0.805872444518268,2.0682329094643674,3.4671679455623243,0.805872444518268,5.535400855026692,2.8741053539826353,4.273040390080593,6.3412732995449606
237,5925,Blackhole Attack,0.68,0.7797759243522268,0.27991232871916394,0.34439535806706356,0.7797759243522268,0.27991232871916394,0.34439535806706356,1.0596882530713907,1.1241712824192902,0.6243076867862275,1.4040836111384543,2.438861130820746,3.2673096728826305,0.7575604241934533,2.438861130820746,3.2673096728826305,0.7575604241934533,5.706170803703376,3.196421555014199,4.024870097076084,6.4637312278968295
238,5950,Sybil Attack,0.84,0.4941979636299972,0.2287214883439533,0.30282570233855094,0.4941979636299972,0.2287214883439533,0.30282570233855094,0.7229194519739505,0.7970236659685481,0.5315471906825042,1.0257451543125014,0.7164425699262349,2.2822878439356,0.38574008077500266,0.7164425699262349,2.2822878439356,0.38574008077500266,2.9987304138618347,1.1021826507012376,2.6680279247106027,3.3844704946368376
239,5975,Flooding Attack,0.72,0.6128265470188908,0.28109070439049616,0.3324572433793443,0.6128265470188908,0.28109070439049616,0.3324572433793443,0.8939172514093869,0.9452837903982352,0.6135479477698405,1.2263744947887312,1.4319322154328593,3.2899841543026396,0.6507797971912423,1.4319322154328593,3.2899841543026396,0.6507797971912423,4.721916369735499,2.0827120126241017,3.940763951493882,5.372696166926742
240,6000,Normal Traffic,0.72,0.7685964590871937,0.18297109541784917,0.3715350256517014,0.7685964590871937,0.18297109541784917,0.3715350256517014,0.9515675545050428,1.140131484738895,0.5545061210695506,1.3231025801567442,2.3714339441265397,1.4019519208523878,1.0003115450467626,2.3714339441265397,1.4019519208523878,1.0003115450467626,3.773385864978928,3.3717454891733025,2.4022634658991504,4.77369741002569
241,6025,Blackhole Attack,0.92,0.804095281094965,0.2604960952391503,0.4768317352135894,0.804095281094965,0.2604960952391503,0.4768317352135894,1.0645913763341153,1.2809270163085544,0.7373278304527398,1.5414231115477046,2.5855395066196767,2.8936995958930143,1.942139376526254,2.5855395066196767,2.8936995958930143,1.942139376526254,5.479239102512691,4.5276788831459305,4.8358389724192685,7.421378479038945
242,6050,Blackhole Attack,0.92,0.6413433193150848,0.2503999094767582,0.4118857562878072,0.6413433193150848,0.2503999094767582,0.4118857562878072,0.891743228791843,1.053229075602892,0.6622856657645655,1.30362898507965,1.6039266430684773,2.6994272750604713,1.3612291966214318,1.6039266430684773,2.6994272750604713,1.3612291966214318,4.303353918128948,2.965155839689909,4.060656471681903,5.66458311475038
243,6075,Sybil Attack,0.72,0.645313397885134,0.2760561989451629,0.26327926644231964,0.645313397885134,0.2760561989451629,0.26327926644231964,0.9213695968302968,0.9085926643274536,0.5393354653874826,1.1846488632726164,1.6278715476401344,3.193109445365308,0.03201645429264819,1.6278715476401344,3.193109445365308,0.03201645429264819,4.820980993005442,1.6598880019327826,3.225125899657956,4.85299744729809
244,6100,Sybil Attack,0.84,0.6387106966861432,0.2955643428066578,0.36301040420950265,0.6387106966861432,0.2955643428066578,0.36301040420950265,0.934275039492801,1.001721100895646,0.6585747470161605,1.2972854437023036,1.588048393680982,3.568488075701622,0.9240629541791558,1.588048393680982,3.568488075701622,0.9240629541791558,5.156536469382604,2.512111347860138,4.492551029880778,6.080599423561759
245,6125,Normal Traffic,0.76,0.7880773879037962,0.24632015435412044,0.35917140776434403,0.7880773879037962,0.24632015435412044,0.35917140776434403,1.0343975422579166,1.1472487956681403,0.6054915621184644,1.3935689500222606,2.4889301027668,2.620924015041658,0.8897249989662619,2.4889301027668,2.620924015041658,0.8897249989662619,5.109854117808458,3.3786551017330617,3.51064901400792,5.99957911677472
246,6150,Flooding Attack,0.72,0.8642573433526972,0.2299008878601739,0.4876058514411679,0.8642573433526972,0.2299008878601739,0.4876058514411679,1.094158231212871,1.351863194793865,0.7175067393013418,1.581764082654039,2.9483975242073868,2.3049820263325236,2.038508603683957,2.9483975242073868,2.3049820263325236,2.038508603683957,5.25337955053991,4.986906127891343,4.343490630016481,7.291888154223868
247,6175,Flooding Attack,0.88,0.9515551053249962,0.2966860108541838,0.2783071685815109,0.9515551053249962,0.2966860108541838,0.2783071685815109,1.24824111617918,1.229862273906507,0.5749931794356946,1.5265482847606908,3.474920247338291,3.590071380518406,0.16643372661132105,3.474920247338291,3.590071380518406,0.16643372661132105,7.064991627856697,3.641353973949612,3.756505107129727,7.231425354468018
248,6200,Wormhole Attack,0.8,0.7859754385816414,0.2397294189562036,0.5350129973066737,0.7859754385816414,0.2397294189562036,0.5350129973066737,1.025704857537845,1.320988435888315,0.7747424162628773,1.5607178548445186,2.47625252597697,2.494104095927657,2.4625424559564126,2.47625252597697,2.494104095927657,2.4625424559564126,4.970356621904627,4.938794981933382,4.95664655188407,7.432899077861039
249,6225,Wormhole Attack,0.92,0.7881944767976076,0.1942387297934648,0.6328682999329713,0.7881944767976076,0.1942387297934648,0.6328682999329713,0.9824332065910724,1.421062776730579,0.8271070297264361,1.6153015065240437,2.4896363060167466,1.618765431613778,3.337810523256527,2.4896363060167466,1.618765431613778,3.337810523256527,4.108401737630524,5.827446829273274,4.9565759548703054,7.446212260887052
250,6250,Normal Traffic,0.6,0.9821165917815062,0.21760641781450885,0.5231522555979351,0.9821165917815062,0.21760641781450885,0.5231522555979351,1.1997230095960152,1.5052688473794413,0.740758673412444,1.7228752651939503,3.6592470468857523,2.068409989586279,2.3564538926028344,3.6592470468857523,2.068409989586279,2.3564538926028344,5.727657036472031,6.015700939488587,4.424863882189113,8.084110929074866
251,6275,Blackhole Attack,0.8,0.8163675853376704,0.27554115522206546,0.5435995458102263,0.8163675853376704,0.27554115522206546,0.5435995458102263,1.0919087405597359,1.3599671311478967,0.8191407010322918,1.6355082863699621,2.6595579797508733,3.1831988967907074,2.5393449542551956,2.6595579797508733,3.1831988967907074,2.5393449542551956,5.84275687654158,5.198902934006069,5.722543851045903,8.382101830796776
252,6300,Wormhole Attack,0.8,0.9355926905444654,0.24876962707945757,0.4502568888294432,0.9355926905444654,0.24876962707945757,0.4502568888294432,1.1843623176239229,1.3858495793739085,0.6990265159089007,1.634619206453366,3.3786454527947956,2.668057136634947,1.7044403064791478,3.3786454527947956,2.668057136634947,1.7044403064791478,6.046702589429742,5.083085759273944,4.372497443114095,7.75114289590889
253,6325,Wormhole Attack,0.76,0.7262326874973128,0.20730338120134983,0.3533154200460027,0.7262326874973128,0.20730338120134983,0.3533154200460027,0.9335360686986627,1.0795481075433155,0.5606188012473525,1.2868514887446654,2.1159235177919267,1.8701574136563734,0.8373460382476999,2.1159235177919267,1.8701574136563734,0.8373460382476999,3.9860809314483,2.9532695560396265,2.7075034519040733,4.823426969696
254,6350,Normal Traffic,0.64,0.8102175769822755,0.2639831322849255,0.5594291286946002,0.8102175769822755,0.2639831322849255,0.5594291286946002,1.074200709267201,1.3696467056768755,0.8234122609795256,1.6336298379618013,2.6224651714886424,2.9607976857711957,2.6809328707555884,2.6224651714886424,2.9607976857711957,2.6809328707555884,5.583262857259838,5.303398042244231,5.641730556526785,8.264195728015427
255,6375,Blackhole Attack,0.8,0.7253923319955706,0.21657891399027315,0.810734506348195,0.7253923319955706,0.21657891399027315,0.810734506348195,0.9419712459858438,1.5361268383437656,1.0273134203384682,1.7527057523340388,2.1108550457351543,2.0486386068783515,4.928737193031278,2.1108550457351543,2.0486386068783515,4.928737193031278,4.159493652613506,7.039592238766432,6.9773757999096295,9.088230845644784
256,6400,Wormhole Attack,0.76,0.7729160542408456,0.25287573520291073,0.4109031753054984,0.7729160542408456,0.25287573520291073,0.4109031753054984,1.0257917894437565,1.183819229546344,0.6637789105084091,1.4366949647492548,2.3974869030081845,2.7470674850483077,1.3524404878415341,2.3974869030081845,2.7470674850483077,1.3524404878415341,5.144554388056492,3.7499273908497184,4.099507972889842,6.496994875898026
257,6425,Blackhole Attack,0.96,0.7582460349355643,0.29480290390405106,0.49505124273198,0.7582460349355643,0.29480290390405106,0.49505124273198,1.0530489388396154,1.2532972776675444,0.789854146636031,1.5481001815715953,2.3090069885351117,3.553836354124488,2.105104005982073,2.3090069885351117,3.553836354124488,2.105104005982073,5.8628433426596,4.414110994517184,5.658940360106561,7.9679473486416725
258,6450,Wormhole Attack,0.84,0.9399205214063983,0.20712904929108147,0.4958214001039832,0.9399205214063983,0.20712904929108147,0.4958214001039832,1.1470495706974797,1.4357419215103815,0.7029504493950647,1.6428709708014628,3.4047480840558113,1.8668028928898122,2.1119926889294294,3.4047480840558113,1.8668028928898122,2.1119926889294294,5.2715509769456235,5.516740772985241,3.9787955818192415,7.383543665875052
259,6475,Flooding Attack,0.88,0.6456474382150826,0.30883886958308765,0.3632412467287065,0.6456474382150826,0.30883886958308765,0.3632412467287065,0.9544863077981702,1.008888684943789,0.6720801163117942,1.3177275545268767,1.6298862593599597,3.823918511066329,0.9261277281894704,1.6298862593599597,3.823918511066329,0.9261277281894704,5.453804770426289,2.55601398754943,4.750046239255799,6.3799324986157595
260,6500,Sybil Attack,0.8,0.7450984644395541,0.20332279041362983,0.42637675804477937,0.7450984644395541,0.20332279041362983,0.42637675804477937,0.9484212548531838,1.1714752224843334,0.6296995484584091,1.3747980128979633,2.2297094846390615,1.7935622886443527,1.4908441562675636,2.2297094846390615,1.7935622886443527,1.4908441562675636,4.0232717732834145,3.7205536409066253,3.2844064449119164,5.514115929550978
261,6525,Blackhole Attack,0.88,0.810179601914747,0.24464181458042147,0.5541047297511504,0.810179601914747,0.24464181458042147,0.5541047297511504,1.0548214164951686,1.3642843316658975,0.7987465443315719,1.608926146246319,2.6222361308406987,2.5886291493710396,2.633308712966559,2.6222361308406987,2.5886291493710396,2.633308712966559,5.210865280211738,5.255544843807257,5.221937862337599,7.844173993178297
262,6550,Flooding Attack,0.84,0.6654814983494715,0.30960354850827615,0.30163424395230504,0.6654814983494715,0.30960354850827615,0.30163424395230504,0.9750850468577477,0.9671157423017764,0.6112377924605812,1.2767192908100526,1.7495122740109914,3.838632577643974,0.3750830652530078,1.7495122740109914,3.838632577643974,0.3750830652530078,5.588144851654965,2.1245953392639993,4.2137156428969815,5.9632279169079725
263,6575,Wormhole Attack,0.72,0.7886754520364115,0.22218258534268615,0.6134744640153175,0.7886754520364115,0.22218258534268615,0.6134744640153175,1.0108580373790976,1.402149916051729,0.8356570493580036,1.6243325013944152,2.492537232532755,2.1564652915726095,3.1643420976771184,2.492537232532755,2.1564652915726095,3.1643420976771184,4.649002524105365,5.656879330209874,5.320807389249728,7.813344621782483
264,6600,Blackhole Attack,0.8,0.5575085482166905,0.2006038226841929,0.4816339935321363,0.5575085482166905,0.2006038226841929,0.4816339935321363,0.7581123709008835,1.0391425417488267,0.6822378162163292,1.2397463644330198,1.0982904048131452,1.7412435037588665,1.9850932404900947,1.0982904048131452,1.7412435037588665,1.9850932404900947,2.8395339085720117,3.0833836453032397,3.726336744248961,4.824627149062106
265,6625,Blackhole Attack,0.92,0.6294543076211333,0.3220314009532575,0.4199179326424248,0.6294543076211333,0.3220314009532575,0.4199179326424248,0.9514857085743909,1.0493722402635581,0.7419493335956823,1.3714036412168156,1.5322199386695619,4.077771178524757,1.4330731057958588,1.5322199386695619,4.077771178524757,1.4330731057958588,5.609991117194319,2.9652930444654206,5.510844284320616,7.043064222990178
266,6650,Sybil Attack,0.76,0.7230998311214858,0.3237393452457337,0.43952884138983084,0.7230998311214858,0.3237393452457337,0.43952884138983084,1.0468391763672196,1.1626286725113166,0.7632681866355646,1.4863680177570504,2.0970281872254697,4.110635698786262,1.608483142213529,2.0970281872254697,4.110635698786262,1.608483142213529,6.207663886011732,3.7055113294389987,5.719118840999791,7.816147028225261
267,6675,Wormhole Attack,0.8,0.7784282472027915,0.25970512749681385,0.52261886646263,0.7784282472027915,0.25970512749681385,0.52261886646263,1.0381333746996053,1.3010471136654216,0.7823239939594439,1.5607522411622354,2.430732828025915,2.878479675952578,2.3516829863254274,2.430732828025915,2.878479675952578,2.3516829863254274,5.309212503978493,4.782415814351342,5.230162662278005,7.66089549030392
268,6700,Wormhole Attack,0.88,0.6258931473120364,0.2535665922460262,0.3896510029063755,0.6258931473120364,0.2535665922460262,0.3896510029063755,0.8794597395580626,1.015544150218412,0.6432175951524017,1.2691107424644381,1.5107413602834816,2.760361059898078,1.1623501466696677,1.5107413602834816,2.760361059898078,1.1623501466696677,4.27110242018156,2.673091506953149,3.9227112065677456,5.433452566851227
269,6725,Normal Traffic,0.72,0.8206440964325512,0.1938374051360196,0.4703943883715461,0.8206440964325512,0.1938374051360196,0.4703943883715461,1.0144815015685709,1.2910384848040972,0.6642317935075657,1.4848758899401169,2.6853510839073196,1.611043082357921,1.884560441325439,2.6853510839073196,1.611043082357921,1.884560441325439,4.296394166265241,4.569911525232759,3.49560352368336,6.18095460759068
270,6750,Blackhole Attack,0.88,0.739233139929432,0.22669800915989718,0.5257709357540101,0.739233139929432,0.22669800915989718,0.5257709357540101,0.9659311490893292,1.265004075683442,0.7524689449139073,1.4917020848433393,2.194333702220998,2.243351753961183,2.379876712394605,2.194333702220998,2.243351753961183,2.379876712394605,4.437685456182181,4.574210414615603,4.623228466355788,6.817562168576786
271,6775,Blackhole Attack,0.8,0.9218991517812088,0.2109933609774537,0.4772480919879678,0.9218991517812088,0.2109933609774537,0.4772480919879678,1.1328925127586627,1.3991472437691765,0.6882414529654215,1.6101406047466305,3.2960550271523115,1.94116055799224,1.9458634852810877,3.2960550271523115,1.94116055799224,1.9458634852810877,5.237215585144551,5.241918512433399,3.8870240432733274,7.183079070425639
272,6800,Wormhole Attack,0.88,0.7641584962116256,0.26104823837931185,0.5002756747183843,0.7641584962116256,0.26104823837931185,0.5002756747183843,1.0252067345909375,1.2644341709300098,0.7613239130976961,1.5254824093093218,2.3446670689443394,2.904324017015545,2.151834007982518,2.3446670689443394,2.904324017015545,2.151834007982518,5.248991085959885,4.496501076926857,5.056158024998062,7.4008250939424025
273,6825,Blackhole Attack,0.72,0.8517621154617756,0.2897478672982324,0.3823632601237668,0.8517621154617756,0.2897478672982324,0.3823632601237668,1.141509982760008,1.2341253755855424,0.6721111274219992,1.5238732428837747,2.8730345221483313,3.4565665815174933,1.0971648335684026,2.8730345221483313,3.4565665815174933,1.0971648335684026,6.329601103665825,3.970199355716734,4.553731415085895,7.426765937234228
274,6850,Normal Traffic,0.6,0.5833427915130056,0.3205304515920061,0.39661120658780474,0.5833427915130056,0.3205304515920061,0.39661120658780474,0.9038732431050117,0.9799539981008103,0.7171416581798109,1.3004844496928165,1.254105580633098,4.048889685778397,1.2246057818857254,1.254105580633098,4.048889685778397,1.2246057818857254,5.302995266411495,2.4787113625188235,5.273495467664122,6.52760104829722
275,6875,Flooding Attack,0.84,0.3548295379029953,0.24001264496956387,0.3475220486414698,0.3548295379029953,0.24001264496956387,0.3475220486414698,0.5948421828725592,0.7023515865444652,0.5875346936110337,0.942364231514029,-0.12413617315234624,2.499553973359648,0.7855271499881429,-0.12413617315234624,2.499553973359648,0.7855271499881429,2.375417800207302,0.6613909768357966,3.285081123347791,3.1609449501954447
276,6900,Flooding Attack,0.8,0.5921925522122283,0.21018945206240644,0.4509842909190217,0.5921925522122283,0.21018945206240644,0.4509842909190217,0.8023820042746348,1.04317684313125,0.6611737429814282,1.2533662951936564,1.3074815206015267,1.9256916220653717,1.7109465642291937,1.3074815206015267,1.9256916220653717,1.7109465642291937,3.2331731426668986,3.0184280848307203,3.636638186294565,4.9441197068960925
277,6925,Wormhole Attack,0.76,0.6667926184137353,0.1866811165731102,0.4185770133500781,0.6667926184137353,0.1866811165731102,0.4185770133500781,0.8534737349868455,1.0853696317638133,0.6052581299231883,1.2720507483369237,1.7574200884954774,1.4733407044121336,1.4210792351938755,1.7574200884954774,1.4733407044121336,1.4210792351938755,3.2307607929076108,3.178499323689353,2.894419939606009,4.6518400281014864
278,6950,Sybil Attack,0.84,0.6886741731229489,0.2752430779078886,0.40968722800127466,0.6886741731229489,0.2752430779078886,0.40968722800127466,0.9639172510308375,1.0983614011242235,0.6849303059091633,1.373604479032112,1.889395244691221,3.1774632484007603,1.34156443086411,1.889395244691221,3.1774632484007603,1.34156443086411,5.066858493091981,3.230959675555331,4.5190276792648705,6.408422923956091
279,6975,Blackhole Attack,0.84,0.7388793916291578,0.2462945630765651,0.4691021779976021,0.7388793916291578,0.2462945630765651,0.4691021779976021,0.985173954705723,1.20798156962676,0.7153967410741673,1.4542761327033251,2.1922001249773757,2.620431583840337,1.8730022482976534,2.1922001249773757,2.620431583840337,1.8730022482976534,4.812631708817713,4.065202373275029,4.49343383213799,6.685633957115366
280,7000,Sybil Attack,0.8,0.7012973630882943,0.2643463182381304,0.2745015711152648,0.7012973630882943,0.2643463182381304,0.2745015711152648,0.9656436813264246,0.9757989342035591,0.5388478893533952,1.2401452524416894,1.9655300298792007,2.9677861643593886,0.13239450901343605,1.9655300298792007,2.9677861643593886,0.13239450901343605,4.933316194238589,2.0979245388926366,3.1001806733728245,5.065710703252026
281,7025,Blackhole Attack,0.84,1.009658646644047,0.23937717826721933,0.6376433381454931,1.009658646644047,0.23937717826721933,0.6376433381454931,1.2490358249112663,1.64730198478954,0.8770205164127125,1.8866791630567594,3.825362619601663,2.4873262277553487,3.3805209166168044,3.825362619601663,2.4873262277553487,3.3805209166168044,6.312688847357012,7.205883536218467,5.867847144372153,9.693209763973815
282,7050,Sybil Attack,0.8,0.7064924926061454,0.2987445075287611,0.34431900336502647,0.7064924926061454,0.2987445075287611,0.34431900336502647,1.0052370001349065,1.0508114959711718,0.6430635108937875,1.349556003499933,1.996863636594396,3.6296812822979327,0.7568774685366044,1.996863636594396,3.6296812822979327,0.7568774685366044,5.626544918892328,2.7537411051310006,4.386558750834537,6.383422387428933
283,7075,Blackhole Attack,0.84,0.7154475502200786,0.24865191236878367,0.4382526885144583,0.7154475502200786,0.24865191236878367,0.4382526885144583,0.9640994625888623,1.1537002387345368,0.686904600883242,1.4023521511033206,2.050874658345198,2.6657920525153647,1.5970685756971652,2.050874658345198,2.6657920525153647,1.5970685756971652,4.716666710860563,3.6479432340423634,4.26286062821253,6.313735286557728
284,7100,Wormhole Attack,0.76,0.5364474789552706,0.1687094144932778,0.4014049047059003,0.5364474789552706,0.1687094144932778,0.4014049047059003,0.7051568934485484,0.9378523836611709,0.5701143191991781,1.1065617981544487,0.971263877568493,1.1275265172994684,1.2674830790217737,0.971263877568493,1.1275265172994684,1.2674830790217737,2.0987903948679616,2.2387469565902665,2.395009596321242,3.366273473889735
285,7125,Wormhole Attack,0.76,0.8624740063786024,0.27198662050638706,0.4472396970905439,0.8624740063786024,0.27198662050638706,0.4472396970905439,1.1344606268849895,1.3097137034691464,0.7192263175969309,1.5817003239755334,2.9376416076907823,3.1148020066238336,1.6774529944878345,2.9376416076907823,3.1148020066238336,1.6774529944878345,6.052443614314615,4.615094602178617,4.792255001111668,7.72989660880245
286,7150,Normal Traffic,0.6,0.8616834439929352,0.2690276242463983,0.3284981570776983,0.8616834439929352,0.2690276242463983,0.3284981570776983,1.1307110682393335,1.1901816010706334,0.5975257813240966,1.459209225317032,2.9328734549832887,3.0578645567500278,0.615367696645709,2.9328734549832887,3.0578645567500278,0.615367696645709,5.990738011733317,3.548241151628998,3.673232253395737,6.606105708379026
287,7175,Wormhole Attack,0.88,0.7398274875244827,0.23769991822844752,0.4351638106804945,0.7398274875244827,0.23769991822844752,0.4351638106804945,0.9775274057529302,1.174991298204977,0.672863728908942,1.4126912164334247,2.1979184162750847,2.455052138506155,1.5694400664667096,2.1979184162750847,2.455052138506155,1.5694400664667096,4.652970554781239,3.7673584827417943,4.024492204972864,6.222410621247949
288,7200,Blackhole Attack,0.68,0.8621338263068479,0.22390344891338776,0.3909703563699092,0.8621338263068479,0.22390344891338776,0.3909703563699092,1.0860372752202356,1.253104182676757,0.6148738052832969,1.4770076315901448,2.9355898650837737,2.189578406523574,1.1741511214264766,2.9355898650837737,2.189578406523574,1.1741511214264766,5.125168271607348,4.10974098651025,3.3637295279500505,6.299319393033825
289,7225,Sybil Attack,0.84,0.8612638384505209,0.2919857085826692,0.4377913977987819,0.8612638384505209,0.2919857085826692,0.4377913977987819,1.15324954703319,1.2990552362493029,0.7297771063814511,1.591040944831972,2.930342670140226,3.499627459181002,1.5929425547014968,2.930342670140226,3.499627459181002,1.5929425547014968,6.429970129321228,4.523285224841723,5.092570013882499,8.022912684022725
290,7250,Normal Traffic,0.68,0.532902294145324,0.23153189279290373,0.40788026442002606,0.532902294145324,0.23153189279290373,0.40788026442002606,0.7644341869382277,0.94078255856535,0.6394121572129298,1.1723144513582537,0.9498816528932751,2.3363660678931533,1.3254020208669626,0.9498816528932751,2.3363660678931533,1.3254020208669626,3.2862477207864282,2.2752836737602378,3.661768088760116,4.611649741653391
291,7275,Flooding Attack,0.72,0.8243904980976133,0.28956701608439234,0.3742199085936568,0.8243904980976133,0.28956701608439234,0.3742199085936568,1.1139575141820057,1.1986104066912702,0.6637869246780491,1.4881774227756626,2.70794691640136,3.4530866153337327,1.0243265165451063,2.70794691640136,3.4530866153337327,1.0243265165451063,6.161033531735093,3.7322734329464664,4.477413131878839,7.1853600482802
292,7300,Blackhole Attack,0.84,0.7553177193760048,0.241412681069744,0.5463338612823649,0.7553177193760048,0.241412681069744,0.5463338612823649,0.9967304004457488,1.3016515806583697,0.787746542352109,1.5430642617281136,2.291345313736448,2.5264936779998384,2.5638020756830175,2.291345313736448,2.5264936779998384,2.5638020756830175,4.817838991736286,4.855147389419466,5.090295753682856,7.381641067419304
293,7325,Wormhole Attack,0.72,0.784577233861829,0.23425935811247484,0.45207424586673006,0.784577233861829,0.23425935811247484,0.45207424586673006,1.0188365919743039,1.236651479728559,0.686333603979205,1.4709108378410338,2.4678194740872352,2.38884836468261,1.720695680883282,2.4678194740872352,2.38884836468261,1.720695680883282,4.856667838769845,4.188515154970517,4.109544045565892,6.577363519653128
294,7350,Wormhole Attack,0.88,0.7103639689806268,0.20701135025181236,0.5061163377544955,0.7103639689806268,0.20701135025181236,0.5061163377544955,0.9173753192324392,1.2164803067351224,0.7131276880063079,1.4234916569869347,2.0202138375293948,1.864538110321751,2.2040758968752554,2.0202138375293948,1.864538110321751,2.2040758968752554,3.8847519478511456,4.22428973440465,4.068614007197007,6.088827844726401
295,7375,Flooding Attack,0.8,0.6949575368075567,0.26815562889527034,0.4044082195287296,0.6949575368075567,0.26815562889527034,0.4044082195287296,0.963113165702827,1.0993657563362862,0.672563848424,1.3675213852315566,1.9272923646505085,3.041085491407367,1.2943462687511071,1.9272923646505085,3.041085491407367,1.2943462687511071,4.9683778560578755,3.2216386334016156,4.335431760158475,6.262724124808983
296,7400,Wormhole Attack,0.68,0.6964453190320656,0.286938768897994,0.4623488169367619,0.6964453190320656,0.286938768897994,0.4623488169367619,0.9833840879300597,1.1587941359688276,0.7492875858347559,1.4457329048668215,1.9362656891731094,3.4025134887451602,1.8125967196767347,1.9362656891731094,3.4025134887451602,1.8125967196767347,5.338779177918269,3.748862408849844,5.215110208421895,7.151375897595004
297,7425,Wormhole Attack,0.84,0.7587595189367061,0.2377777099022719,0.451790414780422,0.7587595189367061,0.2377777099022719,0.451790414780422,0.996537228838978,1.2105499337171282,0.6895681246826939,1.4483276436194,2.3121039865389226,2.4565490175623625,1.7181569499235374,2.3121039865389226,2.4565490175623625,1.7181569499235374,4.768653004101285,4.03026093646246,4.1747059674859,6.486809954024823
298,7450,Blackhole Attack,0.8,0.8367274374597905,0.22983934795191635,0.5106364828181236,0.8367274374597905,0.22983934795191635,0.5106364828181236,1.066566785411707,1.347363920277914,0.7404758307700399,1.5772032682298305,2.78235522609131,2.3037978661870606,2.2445063950452613,2.78235522609131,2.3037978661870606,2.2445063950452613,5.086153092278371,5.026861621136572,4.548304261232322,7.330659487323633
299,7475,Sybil Attack,0.84,0.7242416455780893,0.25208234002538404,0.3436391983040439,0.7242416455780893,0.25208234002538404,0.3436391983040439,0.9763239856034733,1.0678808438821332,0.5957215383294279,1.3199631839075172,2.103914861561885,2.7318008560358344,0.7507969430474609,2.103914861561885,2.7318008560358344,0.7507969430474609,4.8357157175977195,2.854711804609346,3.4825977990832953,5.58651266064518
300,7500,Flooding Attack,0.76,0.7031505311267128,0.17323452543455922,0.4926879831913236,0.7031505311267128,0.17323452543455922,0.4926879831913236,0.876385056561272,1.1958385143180363,0.6659225086258829,1.3690730397525956,1.976707121478833,1.2145993807824387,2.0839657993119833,1.976707121478833,1.2145993807824387,2.0839657993119833,3.1913065022612717,4.060672920790816,3.298565180094422,5.2752723015732546
301,7525,Normal Traffic,0.64,0.894608815112462,0.23716690348584815,0.48762414574011415,0.894608815112462,0.23716690348584815,0.48762414574011415,1.1317757185983102,1.3822329608525763,0.7247910492259623,1.6193998643384244,3.1314576531377605,2.444795788878708,2.0386722372863426,3.1314576531377605,2.444795788878708,2.0386722372863426,5.576253442016469,5.1701298904241035,4.483468026165051,7.614925679302812
302,7550,Sybil Attack,0.76,0.8392074851038283,0.29873381022454215,0.3974339030576578,0.8392074851038283,0.29873381022454215,0.3974339030576578,1.1379412953283703,1.2366413881614862,0.6961677132822,1.5353751983860282,2.7973132434508785,3.629475443165594,1.2319644014987354,2.7973132434508785,3.629475443165594,1.2319644014987354,6.426788686616472,4.029277644949614,4.861439844664329,7.6587530881152075
303,7575,Normal Traffic,0.68,0.7912789357198553,0.27227854656019246,0.2231716787014871,0.7912789357198553,0.27227854656019246,0.2231716787014871,1.0635574822800478,1.0144506144213423,0.4954502252616796,1.2867291609815348,2.5082397349527903,3.1204192915390454,-0.3267264023929147,2.5082397349527903,3.1204192915390454,-0.3267264023929147,5.628659026491835,2.1815133325598755,2.7936928891461306,5.301932624098921
304,7600,Blackhole Attack,0.76,0.7186768738607202,0.20916129916658524,0.6134175697721346,0.7186768738607202,0.20916129916658524,0.6134175697721346,0.9278381730273054,1.3320944436328548,0.8225788689387198,1.54125574279944,2.070351816049209,1.9059077498246375,3.1638332063555987,2.070351816049209,1.9059077498246375,3.1638332063555987,3.9762595658738467,5.234185022404808,5.069740956180237,7.140092772229446
305,7625,Normal Traffic,0.72,0.8422465110984839,0.1866478402795237,0.5275316556275548,0.8422465110984839,0.1866478402795237,0.5275316556275548,1.0288943513780076,1.3697781667260387,0.7141794959070784,1.5564260070055624,2.8156426508288073,1.472700396979614,2.3956254949277263,2.8156426508288073,1.472700396979614,2.3956254949277263,4.2883430478084215,5.2112681457565335,3.8683258919073404,6.683968542736148
306,7650,Blackhole Attack,0.8,0.9359187482418877,0.21018014927089376,0.5142792372543236,0.9359187482418877,0.21018014927089376,0.5142792372543236,1.1460988975127815,1.4501979854962113,0.7244593865252174,1.6603781347671052,3.380612018521865,1.9255126163556986,2.2770890609759764,3.380612018521865,1.9255126163556986,2.2770890609759764,5.3061246348775635,5.6577010794978415,4.202601677331675,7.58321369585354
307,7675,Normal Traffic,0.6,0.8015893682005669,0.13423248243756292,0.5091506409061499,0.8015893682005669,0.13423248243756292,0.5091506409061499,0.9358218506381298,1.3107400091067167,0.6433831233437128,1.4449724915442799,2.570425487070058,0.4641162192640346,2.2312162621275466,2.570425487070058,0.4641162192640346,2.2312162621275466,3.0345417063340925,4.8016417491976044,2.6953324813915813,5.265757968461639
308,7700,Wormhole Attack,0.8,0.8709300462830267,0.21434700304790857,0.46772342454231935,0.8709300462830267,0.21434700304790857,0.46772342454231935,1.0852770493309354,1.3386534708253461,0.682070427590228,1.5530004738732548,2.9886428826008298,2.0056918417465277,1.860669969517654,2.9886428826008298,2.0056918417465277,1.860669969517654,4.9943347243473575,4.849312852118484,3.8663618112641815,6.855004693865012
309,7725,Sybil Attack,0.72,0.7309570014610196,0.3152359750294378,0.25638888034756174,0.7309570014610196,0.3152359750294378,0.25638888034756174,1.0461929764904574,0.9873458818085814,0.5716248553769996,1.3025818568380192,2.144417474531454,3.9470125736084682,-0.029614696582660395,2.144417474531454,3.9470125736084682,-0.029614696582660395,6.091430048139922,2.1148027779487935,3.9173978770258078,6.061815351557262
310,7750,Blackhole Attack,0.76,0.7298574470739815,0.2692284564232676,0.48703754876395805,0.7298574470739815,0.2692284564232676,0.48703754876395805,0.999085903497249,1.2168949958379396,0.7562660051872256,1.486123452261207,2.1377856851589208,3.0617289996214714,2.0334254127625355,2.1377856851589208,3.0617289996214714,2.0334254127625355,5.199514684780392,4.171211097921456,5.095154412384007,7.232940097542928
311,7775,Blackhole Attack,0.84,0.8238331224326664,0.18305934822965853,0.5169485002010114,0.8238331224326664,0.18305934822965853,0.5169485002010114,1.0068924706623248,1.3407816226336777,0.7000078484306699,1.5238409708633363,2.7045851927295903,1.403650094694837,2.30096431921707,2.7045851927295903,1.403650094694837,2.30096431921707,4.108235287424427,5.00554951194666,3.704614413911907,6.409199606641497
312,7800,Blackhole Attack,0.68,0.8387476304137322,0.26330367876403665,0.4571544188816238,0.8387476304137322,0.26330367876403665,0.4571544188816238,1.1020513091777688,1.2959020492953561,0.7204580976456605,1.5592057280593927,2.794539702203043,2.9477235392065984,1.7661353565774764,2.794539702203043,2.9477235392065984,1.7661353565774764,5.742263241409642,4.56067505878052,4.713858895784075,7.508398597987118
313,7825,Flooding Attack,0.76,0.7155700342118233,0.25962877401528967,0.43330263103075595,0.7155700342118233,0.25962877401528967,0.43330263103075595,0.975198808227113,1.1488726652425791,0.6929314050460456,1.408501439257869,2.0516134012799125,2.8770104708083344,1.5527927201175178,2.0516134012799125,2.8770104708083344,1.5527927201175178,4.928623872088247,3.6044061213974303,4.429803190925853,6.481416592205765
314,7850,Wormhole Attack,0.76,1.0092972707059902,0.24548750675448094,0.45600935202354376,1.0092972707059902,0.24548750675448094,0.45600935202354376,1.254784777460471,1.465306622729534,0.7014968587780247,1.7107941294840148,3.823183037460256,2.6049020850351643,1.755893290701613,3.823183037460256,2.6049020850351643,1.755893290701613,6.42808512249542,5.579076328161869,4.360795375736777,8.183978413197034
315,7875,Sybil Attack,0.84,0.9863766600524162,0.22100889750080902,0.6618726228111433,0.9863766600524162,0.22100889750080902,0.6618726228111433,1.2073855575532253,1.6482492828635595,0.8828815203119523,1.8692581803643686,3.6849409787351717,2.1338810140701336,3.5972400784015925,3.6849409787351717,2.1338810140701336,3.5972400784015925,5.818821992805305,7.282181057136764,5.731121092471726,9.416062071206898
316,7900,Sybil Attack,0.84,0.8937574094304417,0.22467804222054455,0.30926287136079633,0.8937574094304417,0.22467804222054455,0.30926287136079633,1.1184354516509862,1.203020280791238,0.5339409135813409,1.4276983230117826,3.1263225336563614,2.204483247126175,0.44331742546424946,3.1263225336563614,2.204483247126175,0.44331742546424946,5.330805780782536,3.569639959120611,2.6478006725904244,5.774123206246785
317,7925,Normal Traffic,0.72,0.7181193410606411,0.2503570967865575,0.3784005603429553,0.7181193410606411,0.2503570967865575,0.3784005603429553,0.9684764378471986,1.0965199014035965,0.6287576571295128,1.346876998190154,2.066989144641601,2.6986034668538745,1.06172041220999,2.066989144641601,2.6986034668538745,1.06172041220999,4.765592611495475,3.128709556851591,3.7603238790638644,5.827313023705465
318,7950,Blackhole Attack,0.84,0.8971703714430201,0.26280080521774496,0.46850023175672295,0.8971703714430201,0.26280080521774496,0.46850023175672295,1.1599711766607652,1.3656706031997432,0.7313010369744679,1.628471408417488,3.1469072773222457,2.938047170999578,1.8676181320695842,3.1469072773222457,2.938047170999578,1.8676181320695842,6.084954448321824,5.01452540939183,4.805665303069162,7.952572580391408
319,7975,Blackhole Attack,0.92,0.7539383059809622,0.22305908578064046,0.6206671104903911,0.7539383059809622,0.22305908578064046,0.6206671104903911,0.9769973917616027,1.3746054164713533,0.8437261962710316,1.5976645022519937,2.283025598766991,2.17333104447173,3.228676820579696,2.283025598766991,2.17333104447173,3.228676820579696,4.4563566432387205,5.511702419346687,5.402007865051425,7.685033463818416
320,8000,Sybil Attack,0.92,0.7087208984709703,0.2827163890215047,0.35312662952261054,0.7087208984709703,0.2827163890215047,0.35312662952261054,0.9914372874924751,1.0618475279935808,0.6358430185441153,1.3445639170150856,2.0103039161351335,3.3212658218195212,0.8356573988781496,2.0103039161351335,3.3212658218195212,0.8356573988781496,5.331569737954655,2.845961315013283,4.156923220697671,6.167227136832804
321,8025,Blackhole Attack,0.88,0.8601595038301443,0.21081873861663167,0.46411505212865495,0.8601595038301443,0.21081873861663167,0.46411505212865495,1.070978242446776,1.3242745559587992,0.6749337907452866,1.535093294575431,2.923682049542038,1.9378004483325584,1.8283948340488243,2.923682049542038,1.9378004483325584,1.8283948340488243,4.861482497874596,4.752076883590862,3.766195282381383,6.68987733192342
322,8050,Normal Traffic,0.68,0.8179552251937809,0.3172715444443953,0.26510251434945237,0.8179552251937809,0.3172715444443953,0.26510251434945237,1.1352267696381761,1.0830577395432333,0.5823740587938477,1.4003292839876285,2.669133579875144,3.986181305619382,0.04832451966115875,2.669133579875144,3.986181305619382,0.04832451966115875,6.655314885494526,2.7174580995363025,4.034505825280541,6.703639405155685
323,8075,Blackhole Attack,0.76,0.8290025057397463,0.23705339891702337,0.47202838660202445,0.8290025057397463,0.23705339891702337,0.47202838660202445,1.0660559046567697,1.3010308923417708,0.7090817855190479,1.5380842912587942,2.735763515223297,2.4426117169400934,1.8991757604218844,2.735763515223297,2.4426117169400934,1.8991757604218844,5.17837523216339,4.6349392756451815,4.341787477361978,7.077550992585274
324,8100,Blackhole Attack,0.88,0.9277048742137002,0.24564319497153775,0.29776473360318895,0.9277048742137002,0.24564319497153775,0.29776473360318895,1.1733480691852378,1.2254696078168892,0.5434079285747266,1.4711128027884268,3.331071329012003,2.60789786106046,0.34047217801675034,3.331071329012003,2.60789786106046,0.34047217801675034,5.938969190072463,3.6715435070287534,2.9483700390772105,6.279441368089213
325,8125,Blackhole Attack,0.84,0.8294043456288651,0.25351201002828333,0.5296861373347075,0.8294043456288651,0.25351201002828333,0.5296861373347075,1.0829163556571484,1.3590904829635726,0.7831981473629908,1.6126024929918559,2.7381871493222856,2.7593107806771284,2.414896285464797,2.7381871493222856,2.7593107806771284,2.414896285464797,5.497497929999414,5.153083434787082,5.174207066141925,7.912394215464211
326,8150,Wormhole Attack,0.8,0.9823742636974442,0.252210361576574,0.5171763498301492,0.9823742636974442,0.252210361576574,0.5171763498301492,1.2345846252740182,1.4995506135275933,0.7693867114067232,1.7517609751041674,3.660801154525958,2.7342642659266168,2.3030023232820325,3.660801154525958,2.7342642659266168,2.3030023232820325,6.395065420452575,5.963803477807991,5.037266589208649,8.698067743734608
327,8175,Sybil Attack,0.8,0.6516976625849191,0.26598994376677815,0.41509339507960685,0.6516976625849191,0.26598994376677815,0.41509339507960685,0.9176876063516972,1.0667910576645259,0.6810833388463851,1.3327810014313042,1.6663772362050489,2.9994130533197163,1.3899199648327074,1.6663772362050489,2.9994130533197163,1.3899199648327074,4.665790289524765,3.056297201037756,4.389333018152424,6.055710254357473
328,8200,Flooding Attack,0.76,0.8144061926773595,0.34343184801209475,0.3702963893876248,0.8144061926773595,0.34343184801209475,0.3702963893876248,1.1578380406894542,1.1847025820649844,0.7137282373997196,1.528134430077079,2.6477281483634023,4.489561790823203,0.9892325463635091,2.6477281483634023,4.489561790823203,0.9892325463635091,7.137289939186605,3.6369606947269113,5.478794337186712,8.126522485550113
329,8225,Wormhole Attack,0.72,0.7520395196148946,0.24047273541412872,0.6411832950396095,0.7520395196148946,0.24047273541412872,0.6411832950396095,0.9925122550290233,1.393222814654504,0.8816560304537382,1.6336955500686328,2.2715733673979552,2.5084071027059243,3.4121841085530815,2.2715733673979552,2.5084071027059243,3.4121841085530815,4.7799804701038795,5.683757475951037,5.920591211259006,8.19216457865696
330,8250,Sybil Attack,0.76,0.7956813887384728,0.2875225002001375,0.3463232828778261,0.7956813887384728,0.2875225002001375,0.3463232828778261,1.0832038889386104,1.142004671616299,0.6338457830779636,1.4295271718164364,2.534792438016975,3.4137457340186605,0.7748047735309678,2.534792438016975,3.4137457340186605,0.7748047735309678,5.948538172035636,3.309597211547943,4.188550507549628,6.723342945566603
331,8275,Sybil Attack,0.84,0.9537819515557244,0.3097900949371291,0.38720258076703606,0.9537819515557244,0.3097900949371291,0.38720258076703606,1.2635720464928535,1.3409845323227605,0.6969926757041651,1.6507746272598895,3.4883511201912385,3.842222132009275,1.1404502019930005,3.4883511201912385,3.842222132009275,1.1404502019930005,7.330573252200514,4.6288013221842395,4.982672334002276,8.471023454193514
332,8300,Blackhole Attack,0.84,0.804856836502094,0.27886801856914994,0.4587616216168279,0.804856836502094,0.27886801856914994,0.4587616216168279,1.083724855071244,1.263618458118922,0.7376296401859779,1.542486476688072,2.590132708297675,3.247214900333187,1.780511003006917,2.590132708297675,3.247214900333187,1.780511003006917,5.837347608630862,4.3706437113045915,5.027725903340104,7.6178586116377796
333,8325,Sybil Attack,0.76,0.9293071159896182,0.31712866063043593,0.31190421037027405,0.9293071159896182,0.31712866063043593,0.31190421037027405,1.2464357766200542,1.2412113263598923,0.62903287100071,1.5583399869903283,3.3407349983193346,3.9834319138391026,0.46694291767430235,3.3407349983193346,3.9834319138391026,0.46694291767430235,7.324166912158438,3.807677915993637,4.450374831513405,7.79110982983274
334,8350,Blackhole Attack,0.72,0.9362792846574379,0.2759387319420463,0.35054461812222654,0.9362792846574379,0.2759387319420463,0.35054461812222654,1.2122180165994842,1.2868239027796644,0.6264833500642728,1.5627626347217107,3.3827865372152948,3.190849127671698,0.8125625632636551,3.3827865372152948,3.190849127671698,0.8125625632636551,6.573635664886993,4.19534910047895,4.003411690935353,7.386198228150648
335,8375,Wormhole Attack,0.8,0.7720597801655774,0.23765826951028785,0.38537769896761803,0.7720597801655774,0.23765826951028785,0.38537769896761803,1.0097180496758653,1.1574374791331954,0.6230359684779059,1.3950957486434834,2.392322420578501,2.4542507276241645,1.1241275222530216,2.392322420578501,2.4542507276241645,1.1241275222530216,4.8465731482026655,3.516449942831523,3.5783782498771863,5.970700670455687
336,8400,Flooding Attack,0.8,0.7728137392563071,0.274827931381022,0.37977240380651406,0.7728137392563071,0.274827931381022,0.37977240380651406,1.0476416706373293,1.1525861430628213,0.654600335187536,1.4274140744438433,2.3968698062687124,3.1694749366602646,1.0739908844763,2.3968698062687124,3.1694749366602646,1.0739908844763,5.566344742928977,3.4708606907450124,4.243465821136565,6.6403356274052765
337,8425,Blackhole Attack,0.8,0.6313167613252766,0.25991207030317076,0.3791502764937256,0.6313167613252766,0.25991207030317076,0.3791502764937256,0.8912288316284473,1.0104670378190022,0.6390623467968963,1.270379108122173,1.543453035301775,2.8824617004731956,1.0684262583797617,1.543453035301775,2.8824617004731956,1.0684262583797617,4.42591473577497,2.611879293681537,3.9508879588529573,5.494340994154732
338,8450,Normal Traffic,0.72,0.8592792285569993,0.2747821102292727,0.42907776799477004,0.8592792285569993,0.2747821102292727,0.42907776799477004,1.134061338786272,1.2883569965517694,0.7038598782240427,1.5631391067810418,2.918372807661723,3.1685932391852916,1.5150033760056607,2.918372807661723,3.1685932391852916,1.5150033760056607,6.086966046847015,4.4333761836673835,4.683596615190952,7.601969422852675
339,8475,Normal Traffic,0.68,0.7527515653134791,0.23874798776113917,0.3492976211617642,0.7527515653134791,0.23874798776113917,0.3492976211617642,0.9914995530746182,1.1020491864752433,0.5880456089229034,1.3407971742363824,2.275867959054627,2.475219249660976,0.8014087822194006,2.275867959054627,2.475219249660976,0.8014087822194006,4.751087208715603,3.077276741274028,3.2766280318803767,5.552495990935004
340,8500,Blackhole Attack,0.84,0.6587762178276841,0.24512672969149132,0.34014388919640104,0.6587762178276841,0.24512672969149132,0.34014388919640104,0.9039029475191754,0.9989201070240852,0.5852706188878923,1.2440468367155764,1.7090704289977328,2.5979599586738185,0.7195331038363513,1.7090704289977328,2.5979599586738185,0.7195331038363513,4.307030387671551,2.4286035328340843,3.3174930625101697,5.026563491507902
341,8525,Wormhole Attack,0.84,0.6442567910045469,0.17392494977081158,0.4490086478877992,0.6442567910045469,0.17392494977081158,0.4490086478877992,0.8181817407753584,1.0932654388923462,0.6229335976586108,1.2671903886631577,1.6214987893989543,1.2278846294218448,1.693275398628523,1.6214987893989543,1.2278846294218448,1.693275398628523,2.849383418820799,3.314774188027477,2.921160028050368,4.542658817449322
342,8550,Blackhole Attack,0.8,0.7922619315188412,0.16536252120097802,0.6141723267950632,0.7922619315188412,0.16536252120097802,0.6141723267950632,0.9576244527198192,1.4064342583139045,0.7795348479960412,1.5717967795148824,2.514168519531168,1.0631250945467339,3.1705841406740256,2.514168519531168,1.0631250945467339,3.1705841406740256,3.577293614077902,5.684752660205193,4.2337092352207595,6.7478777547519275
343,8575,Blackhole Attack,0.72,0.9063506175438198,0.27110838370742635,0.5195242749321549,0.9063506175438198,0.27110838370742635,0.5195242749321549,1.1774590012512463,1.4258748924759748,0.7906326586395813,1.6969832761834012,3.202276488019064,3.0979028424057797,2.3240033708598644,3.202276488019064,3.0979028424057797,2.3240033708598644,6.300179330424844,5.526279858878929,5.421906213265644,8.624182701284708
344,8600,Wormhole Attack,0.8,0.7157286158037853,0.18878311034454762,0.46325929036239466,0.7157286158037853,0.18878311034454762,0.46325929036239466,0.904511726148333,1.17898790616618,0.6520424007069423,1.3677710165107277,2.052569861213728,1.5137875838538548,1.820740461448451,2.052569861213728,1.5137875838538548,1.820740461448451,3.566357445067583,3.873310322662179,3.3345280453023056,5.387097906516034
345,8625,Wormhole Attack,0.8,0.6364131084641115,0.22725846912790398,0.5463567066473894,0.6364131084641115,0.22725846912790398,0.5463567066473894,0.8636715775920154,1.182769815111501,0.7736151757752934,1.410028284239405,1.5741908516321776,2.254136208732607,2.5640064163570035,1.5741908516321776,2.254136208732607,2.5640064163570035,3.828327060364785,4.138197267989181,4.81814262508961,6.392333476721788
346,8650,Sybil Attack,0.8,0.7282536727816632,0.27759062907357573,0.26609578300967734,0.7282536727816632,0.27759062907357573,0.26609578300967734,1.005844301855239,0.9943494557913406,0.5436864120832531,1.2719400848649163,2.12811277271992,3.222635180055386,0.05720882451957788,2.12811277271992,3.222635180055386,0.05720882451957788,5.350747952775306,2.185321597239498,3.279844004574964,5.407956777294884
347,8675,Blackhole Attack,0.8,0.8256091228926811,0.2479131468498211,0.36721822070664434,0.8256091228926811,0.2479131468498211,0.36721822070664434,1.0735222697425022,1.1928273435993253,0.6151313675564655,1.4407404904491465,2.7152968602152403,2.65157661558724,0.9616998252956015,2.7152968602152403,2.65157661558724,0.9616998252956015,5.36687347580248,3.676996685510842,3.6132764408828413,6.328573301098082
348,8700,Normal Traffic,0.56,0.921898794206934,0.22781158959422498,0.510198352204516,0.921898794206934,0.22781158959422498,0.510198352204516,1.149710383801159,1.43209714641145,0.738009941798741,1.6599087360056752,3.2960528704993037,2.2647794357116933,2.2405875298932956,3.2960528704993037,2.2647794357116933,2.2405875298932956,5.5608323062109974,5.536640400392599,4.505366965604988,7.801419836104293
349,8725,Sybil Attack,0.8,0.9466528925215121,0.3092694057115664,0.36235380435079106,0.9466528925215121,0.3092694057115664,0.36235380435079106,1.2559222982330784,1.309006696872303,0.6716232100623575,1.6182761025838694,3.445353321722527,3.8322029518294327,0.9181899879330777,3.445353321722527,3.8322029518294327,0.9181899879330777,7.27755627355196,4.363543309655605,4.75039293976251,8.195746261485038
350,8750,Wormhole Attack,0.96,0.45678671266357446,0.20683243085561495,0.4823889111245845,0.45678671266357446,0.20683243085561495,0.4823889111245845,0.6636191435191894,0.939175623788159,0.6892213419801995,1.1460080546437739,0.4908024929122899,1.8610953164628363,1.9918456110247436,0.4908024929122899,1.8610953164628363,1.9918456110247436,2.351897809375126,2.4826481039370334,3.85294092748758,4.3437434203998695
351,8775,Sybil Attack,0.72,0.8986661070559753,0.3158433873324878,0.25276706542816063,0.8986661070559753,0.3158433873324878,0.25276706542816063,1.2145094943884631,1.1514331724841358,0.5686104527606484,1.4672765598166237,3.1559285714565317,3.9587004922534796,-0.06201006872441504,3.1559285714565317,3.9587004922534796,-0.06201006872441504,7.114629063710011,3.0939185027321168,3.8966904235290647,7.052618994985596
352,8800,Flooding Attack,0.84,0.8433800998096628,0.24484457930920397,0.3249247911584615,0.8433800998096628,0.24484457930920397,0.3249247911584615,1.0882246791188668,1.1683048909681242,0.5697693704676655,1.4131494702773284,2.8224797128752517,2.5925307786962737,0.5834056772359815,2.8224797128752517,2.5925307786962737,0.5834056772359815,5.415010491571525,3.405885390111233,3.175936455932255,5.998416168807507
353,8825,Blackhole Attack,0.88,0.9415322068313139,0.208459141565844,0.5555074028463718,0.9415322068313139,0.208459141565844,0.5555074028463718,1.1499913483971578,1.4970396096776857,0.7639665444122158,1.7054987512435296,3.41446871124699,1.8923967279499874,2.6458549412869274,3.41446871124699,1.8923967279499874,2.6458549412869274,5.306865439196978,6.060323652533917,4.538251669236915,7.952720380483905
354,8850,Wormhole Attack,0.76,0.5597958957437478,0.24316446421463841,0.2892012604615288,0.5597958957437478,0.24316446421463841,0.2892012604615288,0.8029603599583862,0.8489971562052765,0.5323657246761672,1.092161620419915,1.1120861817206347,2.560201752035248,0.2638760776020238,1.1120861817206347,2.560201752035248,0.2638760776020238,3.6722879337558827,1.3759622593226584,2.8240778296372717,3.9361640113579064
355,8875,Sybil Attack,0.8,0.7347567208970477,0.29496573829889594,0.4199536269282955,0.7347567208970477,0.29496573829889594,0.4199536269282955,1.0297224591959435,1.1547103478253433,0.7149193652271915,1.449676086124239,2.16733488477647,3.556969637974684,1.4333923738147525,2.16733488477647,3.556969637974684,1.4333923738147525,5.724304522751154,3.6007272585912227,4.990362011789436,7.157696896565907
356,8900,Flooding Attack,0.8,0.8026861154707038,0.2655185269678402,0.23501613591020148,0.8026861154707038,0.2655185269678402,0.23501613591020148,1.0682046424385438,1.0377022513809053,0.5005346628780416,1.3032207783487453,2.5770403457584408,2.990341980563679,-0.22078349596829852,2.5770403457584408,2.990341980563679,-0.22078349596829852,5.56738232632212,2.3562568497901424,2.7695584845953807,5.346598830353821
357,8925,Sybil Attack,0.8,0.8004251881689576,0.2890359751454732,0.3297064304694952,0.8004251881689576,0.2890359751454732,0.3297064304694952,1.0894611633144309,1.130131618638453,0.6187424056149684,1.419167593783926,2.5634039182851436,3.442868245932765,0.6261751142104678,2.5634039182851436,3.442868245932765,0.6261751142104678,6.006272164217909,3.1895790324956113,4.069043360143233,6.632447278428376
358,8950,Blackhole Attack,0.76,0.8924663009448102,0.26091653781483914,0.4936464635439319,0.8924663009448102,0.26091653781483914,0.4936464635439319,1.1533828387596494,1.386112764488742,0.754563001358771,1.6470293023035814,3.1185354158614307,2.9017898149993364,2.0925389396861576,3.1185354158614307,2.9017898149993364,2.0925389396861576,6.020325230860767,5.211074355547588,4.994328754685494,8.112864170546924
359,8975,Flooding Attack,0.76,0.7061002362493938,0.28617710233059507,0.3635299394256806,0.7061002362493938,0.28617710233059507,0.3635299394256806,0.9922773385799888,1.0696301756750743,0.6497070417562757,1.3558072780056694,1.9944978040638,3.387857386407945,0.9287099438910476,1.9944978040638,3.387857386407945,0.9287099438910476,5.3823551904717455,2.9232077479548475,4.316567330298993,6.311065134362793
360,9000,Wormhole Attack,0.72,0.7578297241835857,0.24762434864272528,0.39879486874787773,0.7578297241835857,0.24762434864272528,0.39879486874787773,1.005454072826311,1.1566245929314634,0.646419217390603,1.4042489415741888,2.3064960757024324,2.6460195171675798,1.2441375773754655,2.3064960757024324,2.6460195171675798,1.2441375773754655,4.952515592870013,3.550633653077898,3.8901570945430453,6.196653170245478
361,9025,Wormhole Attack,0.84,0.5764749919219214,0.22131721757413655,0.4316481082886915,0.5764749919219214,0.22131721757413655,0.4316481082886915,0.797792209496058,1.008123100210613,0.6529653258628281,1.2294403177847495,1.2126835274106753,2.139813755168036,1.5379938192518057,1.2126835274106753,2.139813755168036,1.5379938192518057,3.352497282578711,2.750677346662481,3.6778075744198415,4.890491101830516
362,9050,Wormhole Attack,0.84,0.7574586572377816,0.2071026126143349,0.35147032539557005,0.7574586572377816,0.2071026126143349,0.35147032539557005,0.9645612698521165,1.1089289826333517,0.5585729380099049,1.3160315952476866,2.304258043771778,1.8662941943904456,0.8208425643906179,2.304258043771778,1.8662941943904456,0.8208425643906179,4.170552238162224,3.1251006081623958,2.6871367587810635,4.991394802552842
363,9075,Flooding Attack,0.76,0.6886703680869266,0.2785359916517423,0.3730974097845149,0.6886703680869266,0.2785359916517423,0.3730974097845149,0.9672063597386689,1.0617677778714416,0.6516334014362573,1.3403037695231839,1.8893722952148222,3.2408259885855517,1.0142863108857734,1.8893722952148222,3.2408259885855517,1.0142863108857734,5.1301982838003735,2.9036586061005956,4.255112299471325,6.144484594686147
364,9100,Sybil Attack,0.88,0.659469239740116,0.26540611543057757,0.4365847779771489,0.659469239740116,0.26540611543057757,0.4365847779771489,0.9248753551706935,1.0960540177172649,0.7019908934077265,1.3614601331478424,1.7132502816798527,2.9881789409023343,1.5821499275172557,1.7132502816798527,2.9881789409023343,1.5821499275172557,4.7014292225821865,3.2954002091971084,4.57032886841959,6.283579150099442
365,9125,Wormhole Attack,0.88,0.8154896866242071,0.23305427398560083,0.41101182771906647,0.8154896866242071,0.23305427398560083,0.41101182771906647,1.048543960609808,1.2265015143432736,0.6440661017046673,1.4595557883288743,2.654263071716547,2.3656599551548916,1.3534123308125214,2.654263071716547,2.3656599551548916,1.3534123308125214,5.019923026871439,4.007675402529069,3.719072285967413,6.37333535768396
366,9150,Flooding Attack,0.84,0.8140337457125867,0.3299913102613431,0.42099464213690196,0.8140337457125867,0.3299913102613431,0.42099464213690196,1.1440250559739298,1.2350283878494888,0.7509859523982451,1.5650196981108317,2.6454817930653567,4.230936947389529,1.4427037483158018,2.6454817930653567,4.230936947389529,1.4427037483158018,6.876418740454886,4.088185541381159,5.673640695705331,8.319122488770688
367,9175,Blackhole Attack,0.84,0.8709295102889987,0.29940018440397004,0.4656363346203649,0.8709295102889987,0.29940018440397004,0.4656363346203649,1.1703296946929687,1.3365658449093636,0.7650365190243349,1.6359660293133336,2.9886396498371384,3.642297915079944,1.842001965707509,2.9886396498371384,3.642297915079944,1.842001965707509,6.630937564917082,4.830641615544647,5.484299880787453,8.472939530624592
368,9200,Flooding Attack,0.8,0.820084671693221,0.3133351158376725,0.2999571960401528,0.820084671693221,0.3133351158376725,0.2999571960401528,1.1334197875308933,1.1200418677333737,0.6132923118778253,1.4333769835710461,2.681977001565639,3.910435955918282,0.3600826877012173,2.681977001565639,3.910435955918282,0.3600826877012173,6.592412957483921,3.042059689266856,4.270518643619499,6.952495645185138
369,9225,Wormhole Attack,0.8,0.6505964694385818,0.27366951494030456,0.47564053929167577,0.6505964694385818,0.27366951494030456,0.47564053929167577,0.9242659843788864,1.1262370087302576,0.7493100542319804,1.3999065236705621,1.6597355629135093,3.14718451374956,1.9314847086200007,1.6597355629135093,3.14718451374956,1.9314847086200007,4.8069200766630695,3.59122027153351,5.078669222369561,6.73840478528307
370,9250,Normal Traffic,0.68,0.7729689674047351,0.14968589780296523,0.6049801974734267,0.7729689674047351,0.14968589780296523,0.6049801974734267,0.9226548652077003,1.3779491648781619,0.754666095276392,1.527635062681127,2.3978060404352055,0.7614731556834263,3.0883650166225984,2.3978060404352055,0.7614731556834263,3.0883650166225984,3.1592791961186317,5.486171057057804,3.8498381723060247,6.24764421274123
371,9275,Wormhole Attack,0.92,0.9602242855410709,0.29392484526839,0.3859399729573852,0.9602242855410709,0.29392484526839,0.3859399729573852,1.254149130809461,1.3461642584984561,0.6798648182257752,1.6400891037668461,3.5272070445202006,3.5369406181513705,1.129156789498723,3.5272070445202006,3.5369406181513705,1.129156789498723,7.064147662671571,4.656363834018924,4.666097407650094,8.193304452170294
372,9300,Sybil Attack,0.84,0.8157623677817288,0.24940026848608338,0.41912169026074714,0.8157623677817288,0.24940026848608338,0.41912169026074714,1.0651626362678122,1.234884058042476,0.6685219587468305,1.4842843265285592,2.6559077052370537,2.6801920331752496,1.4259511051294775,2.6559077052370537,2.6801920331752496,1.4259511051294775,5.336099738412303,4.081858810366532,4.106143138304727,6.762050843541781
373,9325,Normal Traffic,0.72,0.8625974998382442,0.3037644020519131,0.39127514382599965,0.8625974998382442,0.3037644020519131,0.39127514382599965,1.1663619018901572,1.2538726436642438,0.6950395458779127,1.5576370457161568,2.9383864390723713,3.7262748456790655,1.1768772969169188,2.9383864390723713,3.7262748456790655,1.1768772969169188,6.664661284751437,4.11526373598929,4.903152142595984,7.841538581668356
374,9350,Flooding Attack,0.72,0.9380349677398309,0.23803061364839376,0.5387793353324073,0.9380349677398309,0.23803061364839376,0.5387793353324073,1.1760655813882246,1.476814303072238,0.776809948980801,1.7148449167206319,3.393375663632874,2.461415429379918,2.4962305169618753,3.393375663632874,2.461415429379918,2.4962305169618753,5.854791093012792,5.889606180594749,4.957645946341794,8.351021609974667
375,9375,Sybil Attack,0.8,0.7666344357384532,0.34480216136506664,0.44283550219358353,0.7666344357384532,0.34480216136506664,0.44283550219358353,1.1114365971035198,1.2094699379320368,0.7876376635586502,1.5542720992971033,2.359600308840987,4.515929565903304,1.6380596141393322,2.359600308840987,4.515929565903304,1.6380596141393322,6.875529874744291,3.9976599229803194,6.153989180042636,8.513589488883623
376,9400,Blackhole Attack,0.92,1.0283773748286944,0.3069521217270094,0.26501558463327585,1.0283773748286944,0.3069521217270094,0.26501558463327585,1.3353294965557039,1.2933929594619702,0.5719677063602853,1.6003450811889797,3.938261684991853,3.7876134258140848,0.04754697564845112,3.938261684991853,3.7876134258140848,0.04754697564845112,7.725875110805937,3.985808660640304,3.835160401462536,7.773422086454389
377,9425,Sybil Attack,0.76,0.649834229875117,0.23022311644054289,0.32720784746659115,0.649834229875117,0.23022311644054289,0.32720784746659115,0.8800573463156598,0.9770420773417081,0.557430963907134,1.207265193782251,1.6551382348541601,2.311182397009145,0.6038265050166208,1.6551382348541601,2.311182397009145,0.6038265050166208,3.9663206318633053,2.258964739870781,2.915008902025766,4.5701471368799265
378,9450,Sybil Attack,0.72,0.7087554002256955,0.23751277044763877,0.3328710577445834,0.7087554002256955,0.23751277044763877,0.3328710577445834,0.9462681706733342,1.041626457970279,0.5703838281922222,1.2791392284179177,2.010512008043108,2.4514510128363196,0.6544811653334174,2.010512008043108,2.4514510128363196,0.6544811653334174,4.461963020879427,2.664993173376525,3.105932178169737,5.116444186212845
379,9475,Sybil Attack,0.8,0.6689294099703343,0.21303609611355737,0.4942924509600376,0.6689294099703343,0.21303609611355737,0.4942924509600376,0.8819655060838917,1.163221860930372,0.7073285470735949,1.3762579570439293,1.7703078107431642,1.9804671738842812,2.0983169827969568,1.7703078107431642,1.9804671738842812,2.0983169827969568,3.750774984627445,3.8686247935401212,4.0787841566812375,5.8490919674244015
380,9500,Blackhole Attack,0.72,0.9224455315844416,0.2468334510029232,0.6026418764077136,0.9224455315844416,0.2468334510029232,0.6026418764077136,1.1692789825873648,1.5250874079921553,0.8494753274106368,1.7719208589950783,3.299350431013331,2.6308009461506257,3.0674498724762476,3.299350431013331,2.6308009461506257,3.0674498724762476,5.9301513771639565,6.366800303489578,5.698250818626873,8.997601249640205
381,9525,Sybil Attack,0.72,0.7683415057905424,0.251110749639935,0.396731581400076,0.7683415057905424,0.251110749639935,0.396731581400076,1.0194522554304775,1.1650730871906183,0.647842331040011,1.4161838368305535,2.369896233411039,2.7131053681038604,1.2256824760091973,2.369896233411039,2.7131053681038604,1.2256824760091973,5.0830016015148995,3.5955787094202365,3.9387878441130577,6.308684077524097
382,9550,Sybil Attack,0.92,0.8056275750824706,0.30017753082331083,0.41606561027416045,0.8056275750824706,0.30017753082331083,0.41606561027416045,1.1058051059057814,1.221693185356631,0.7162431410974712,1.5218707161799419,2.594781296840995,3.6572557314801473,1.398615956684947,2.594781296840995,3.6572557314801473,1.398615956684947,6.252037028321142,3.9933972535259423,5.0558716881650945,7.650652985006089
383,9575,Blackhole Attack,0.76,0.8542810464941223,0.1795182185196831,0.5898560732990775,0.8542810464941223,0.1795182185196831,0.5898560732990775,1.0337992650138055,1.4441371197931998,0.7693742918187606,1.623655338312883,2.8882270585497913,1.335511145658404,2.9530870850194106,2.8882270585497913,1.335511145658404,2.9530870850194106,4.223738204208195,5.8413141435692015,4.288598230677815,7.176825289227606
384,9600,Blackhole Attack,0.76,0.7732965579501132,0.2537859475910301,0.47577887551216164,0.7732965579501132,0.2537859475910301,0.47577887551216164,1.0270825055411432,1.249075433462275,0.7295648231031917,1.502861381053305,2.399781851293669,2.7645819283491795,1.9327220588002423,2.399781851293669,2.7645819283491795,1.9327220588002423,5.164363779642848,4.332503910093911,4.6973039871494215,7.09708583844309
385,9625,Wormhole Attack,0.88,0.884992601247288,0.24448927326374648,0.5545235020633388,0.884992601247288,0.24448927326374648,0.5545235020633388,1.1294818745110344,1.4395161033106267,0.7990127753270853,1.6840053765743732,3.0734589714292047,2.5856939264749155,2.6370544275317442,3.0734589714292047,2.5856939264749155,2.6370544275317442,5.65915289790412,5.7105133989609485,5.22274835400666,8.296207325435864
386,9650,Wormhole Attack,0.84,0.8632952859862374,0.21583609836036044,0.5574266986930527,0.8632952859862374,0.21583609836036044,0.5574266986930527,1.079131384346598,1.42072198467929,0.7732627970534132,1.6365580830396507,2.9425950264920693,2.0343452371078214,2.663022108739436,2.9425950264920693,2.0343452371078214,2.663022108739436,4.976940263599891,5.605617135231505,4.697367345847257,7.639962372339327
387,9675,Wormhole Attack,0.84,0.6876541776560732,0.2214094412557844,0.4996978939874886,0.6876541776560732,0.2214094412557844,0.4996978939874886,0.9090636189118576,1.1873520716435617,0.721107335243273,1.4087615128993463,1.8832433024344313,2.141588337083534,2.146666040482733,1.8832433024344313,2.141588337083534,2.146666040482733,4.0248316395179655,4.029909342917164,4.2882543775662665,6.171497680000698
388,9700,Normal Traffic,0.72,0.8777839958632251,0.2570409220165411,0.6207505699139102,0.8777839958632251,0.2570409220165411,0.6207505699139102,1.1348249178797662,1.4985345657771352,0.8777914919304513,1.7555754877936764,3.029981401660609,2.827214634479655,3.2294233245131667,3.029981401660609,2.827214634479655,3.2294233245131667,5.857196036140264,6.259404726173775,6.056637958992821,9.086619360653431
389,9725,Normal Traffic,0.64,0.6931716723400664,0.3005469005198199,0.44148830185113835,0.6931716723400664,0.3005469005198199,0.44148830185113835,0.9937185728598863,1.1346599741912047,0.7420352023709582,1.4352068747110247,1.9165212039549562,3.664363198584539,1.626009562600468,1.9165212039549562,3.664363198584539,1.626009562600468,5.580884402539495,3.542530766555424,5.290372761185007,7.2068939651399635
390,9750,Sybil Attack,0.84,0.9172518106628332,0.21274417614800728,0.41529546641455345,0.9172518106628332,0.21274417614800728,0.41529546641455345,1.1299959868108405,1.3325472770773867,0.6280396425625607,1.5452914532253939,3.268025320024862,1.9748500061201915,1.3917273945993998,3.268025320024862,1.9748500061201915,1.3917273945993998,5.242875326145054,4.659752714624261,3.366577400719591,6.634602720744454
391,9775,Wormhole Attack,0.72,0.6575917215620687,0.25118497258435224,0.6014638427855489,0.6575917215620687,0.25118497258435224,0.6014638427855489,0.9087766941464209,1.2590555643476176,0.8526488153699011,1.5102405369319698,1.7019263260422854,2.714533577133519,3.0569129349367015,1.7019263260422854,2.714533577133519,3.0569129349367015,4.416459903175804,4.758839260978987,5.77144651207022,7.473372838112505
392,9800,Normal Traffic,0.6,0.733188507132951,0.2898156084576761,0.4692248421916432,0.733188507132951,0.2898156084576761,0.4692248421916432,1.023004115590627,1.202413349324594,0.7590404506493194,1.4922289577822703,2.1578764500712877,3.457870067068447,1.8740994198270826,2.1578764500712877,3.457870067068447,1.8740994198270826,5.615746517139735,4.03197586989837,5.331969486895529,7.489845936966818
393,9825,Blackhole Attack,0.84,0.7743052600502691,0.19064632168393839,0.5500254881748062,0.7743052600502691,0.19064632168393839,0.5500254881748062,0.9649515817342075,1.3243307482250755,0.7406718098587446,1.5149770699090137,2.405865679385052,1.549639775921604,2.596821881954322,2.405865679385052,1.549639775921604,2.596821881954322,3.955505455306656,5.002687561339374,4.146461657875926,6.552327337260978
394,9850,Normal Traffic,0.76,0.6182977609115674,0.251368068190978,0.3040562961492042,0.6182977609115674,0.251368068190978,0.3040562961492042,0.8696658291025454,0.9223540570607716,0.5554243643401822,1.1737221252517496,1.4649309816385474,2.7180567302599132,0.3967471436257031,1.4649309816385474,2.7180567302599132,0.3967471436257031,4.182987711898461,1.8616781252642505,3.1148038738856165,4.579734855524164
395,9875,Blackhole Attack,0.8,0.869490201827374,0.2208141561590056,0.5031731129860503,0.869490201827374,0.2208141561590056,0.5031731129860503,1.0903043579863796,1.3726633148134244,0.7239872691450558,1.59347747097243,2.979958687192524,2.1301337719606313,2.1777501834436097,2.979958687192524,2.1301337719606313,2.1777501834436097,5.110092459153155,5.157708870636133,4.307883955404241,7.287842642596765
396,9900,Blackhole Attack,0.76,0.8446652710740007,0.3297223207980034,0.22641903561907004,0.8446652710740007,0.3297223207980034,0.22641903561907004,1.1743875918720041,1.0710843066930706,0.5561413564170734,1.4008066274910742,2.830231021253621,4.2257610117884665,-0.2976803748726582,2.830231021253621,4.2257610117884665,-0.2976803748726582,7.055992033042088,2.5325506463809626,3.9280806369158086,6.75831165816943
397,9925,Wormhole Attack,0.84,0.9779828662441425,0.27107588317910863,0.5518057233444675,0.9779828662441425,0.27107588317910863,0.5518057233444675,1.2490587494232512,1.52978858958861,0.8228816065235762,1.8008644727677188,3.634315131365408,3.0972774623649246,2.612745219315402,3.634315131365408,3.0972774623649246,2.612745219315402,6.7315925937303325,6.24706035068081,5.710022681680327,9.344337813045735
398,9950,Normal Traffic,0.64,0.6464290832496952,0.20946108713811903,0.49822602887948086,0.6464290832496952,0.20946108713811903,0.49822602887948086,0.8558901703878142,1.144655112129176,0.7076871160175999,1.354116199267295,1.6346006284668853,1.9116763149400393,2.1335009232756232,1.6346006284668853,1.9116763149400393,2.1335009232756232,3.546276943406925,3.7681015517425083,4.045177238215663,5.679777866682548
399,9975,Sybil Attack,0.72,0.748365032860733,0.27545899347988223,0.20283441215194337,0.748365032860733,0.27545899347988223,0.20283441215194337,1.0238240263406153,0.9511994450126764,0.4782934056318256,1.2266584384925587,2.2494112783798714,3.1816179282236434,-0.5086333559176051,2.2494112783798714,3.1816179282236434,-0.5086333559176051,5.431029206603515,1.7407779224622664,2.6729845723060386,4.92239585068591
400,10000,Sybil Attack,0.68,0.7614867899172335,0.3160484633590053,0.26233067962384504,0.7614867899172335,0.3160484633590053,0.26233067962384504,1.0775352532762388,1.0238174695410787,0.5783791429828504,1.339865932900084,2.328553092574869,3.962646595916418,0.023531806767277424,2.328553092574869,3.962646595916418,0.023531806767277424,6.291199688491287,2.3520848993421466,3.9861784026836955,6.314731495258564
401,10025,Blackhole Attack,0.92,0.8119083091448567,0.2359142277054822,0.6300975674933452,0.8119083091448567,0.2359142277054822,0.6300975674933452,1.0478225368503389,1.442005876638202,0.8660117951988274,1.6779201043436842,2.632662556647379,2.4206916136159164,3.3130276697743946,2.632662556647379,2.4206916136159164,3.3130276697743946,5.053354170263296,5.945690226421774,5.733719283390311,8.36638184003769
402,10050,Flooding Attack,0.76,0.8415331283621312,0.3038448605972955,0.4344884254812203,0.8415331283621312,0.3038448605972955,0.4344884254812203,1.1453779889594267,1.2760215538433515,0.7383332860785158,1.579866414440647,2.8113399950390954,3.7278230410778144,1.5633990744899198,2.8113399950390954,3.7278230410778144,1.5633990744899198,6.53916303611691,4.374739069529015,5.291222115567734,8.10256211060683
403,10075,Normal Traffic,0.72,0.811825047169699,0.19124829212149766,0.4015576746967003,0.811825047169699,0.19124829212149766,0.4015576746967003,1.0030733392911968,1.2133827218663993,0.592805966818198,1.404631013987897,2.6321603751377642,1.5612229813745824,1.2688495322542532,2.6321603751377642,1.5612229813745824,1.2688495322542532,4.193383356512347,3.9010099073920177,2.830072513628836,5.4622328887666
404,10100,Sybil Attack,0.8,0.8957740027287804,0.2949952640515926,0.43883300209871334,0.8957740027287804,0.2949952640515926,0.43883300209871334,1.1907692667803729,1.3346070048274936,0.7338282661503059,1.6296022688790863,3.138485299011397,3.5575377769368326,1.602259198337807,3.138485299011397,3.5575377769368326,1.602259198337807,6.696023075948229,4.740744497349204,5.15979697527464,8.298282274286036
405,10125,Normal Traffic,0.64,0.8316850894565302,0.2634447216159131,0.39289615705674125,0.8316850894565302,0.2634447216159131,0.39289615705674125,1.0951298110724432,1.2245812465132715,0.6563408786726543,1.4880259681291845,2.75194309705537,2.9504375069183397,1.1913764715089947,2.75194309705537,2.9504375069183397,1.1913764715089947,5.70238060397371,3.943319568564365,4.141813978427335,6.893757075482704
406,10150,Normal Traffic,0.72,0.7865478518810202,0.2826711402479802,0.45589586175560504,0.7865478518810202,0.2826711402479802,0.45589586175560504,1.0692189921290003,1.242443713636625,0.7385670020035853,1.5251148538846053,2.479704946776038,3.3203951381322048,1.754878175477296,2.479704946776038,3.3203951381322048,1.754878175477296,5.800100084908243,4.234583122253333,5.0752733136095,7.554978260385539
407,10175,Wormhole Attack,0.76,0.789737121410331,0.16969320698337442,0.58555949036215,0.789737121410331,0.16969320698337442,0.58555949036215,0.9594303283937055,1.3752966117724812,0.7552526973455245,1.5449898187558555,2.498940524406356,1.146456799959344,2.9146562412912904,2.498940524406356,1.146456799959344,2.9146562412912904,3.6453973243656996,5.413596765697646,4.061113041250635,6.56005356565699
408,10200,Normal Traffic,0.64,0.8468247182276472,0.1853840110698776,0.5354656575330783,0.8468247182276472,0.1853840110698776,0.5354656575330783,1.0322087292975248,1.3822903757607254,0.7208496686029559,1.5676743868306031,2.8432553871721424,1.4483816057576373,2.46659128142499,2.8432553871721424,1.4483816057576373,2.46659128142499,4.29163699292978,5.309846668597133,3.9149728871826275,6.75822827435477
409,10225,Wormhole Attack,0.88,0.6852622393143603,0.28220218022748106,0.40148076772282715,0.6852622393143603,0.28220218022748106,0.40148076772282715,0.9674644195418414,1.0867430070371875,0.6836829479503082,1.3689451872646685,1.8688167024760092,3.3113713390753956,1.2681616367945567,1.8688167024760092,3.3113713390753956,1.2681616367945567,5.180188041551405,3.136978339270566,4.579532975869952,6.448349678345962
410,10250,Normal Traffic,0.68,0.6329162262414184,0.261896937980253,0.3574550869010593,0.6329162262414184,0.261896937980253,0.3574550869010593,0.8948131642216715,0.9903713131424777,0.6193520248813122,1.2522682511227308,1.5530999564160477,2.9206548220388298,0.8743733439761279,1.5530999564160477,2.9206548220388298,0.8743733439761279,4.473754778454877,2.4274733003921756,3.7950281660149576,5.348128122431005
411,10275,Wormhole Attack,0.96,0.6457826694614616,0.2597290436287142,0.42977610798395083,0.6457826694614616,0.2597290436287142,0.42977610798395083,0.9055117130901758,1.0755587774454125,0.689505151612665,1.3352878210741266,1.630701885356402,2.8789398737499408,1.5212496874087629,1.630701885356402,2.8789398737499408,1.5212496874087629,4.5096417591063425,3.1519515727651646,4.400189561158704,6.030891446515105
412,10300,Wormhole Attack,0.72,0.8979003997922355,0.15745309090389278,0.534756645527786,0.8979003997922355,0.15745309090389278,0.534756645527786,1.0553534906961282,1.4326570453200214,0.6922097364316788,1.590110136223914,3.1513103285082953,0.9109306503833057,2.460249514030589,3.1513103285082953,0.9109306503833057,2.460249514030589,4.062240978891601,5.611559842538885,3.371180164413895,6.52249049292219
413,10325,Blackhole Attack,0.88,0.786593772630007,0.2636916158501072,0.4303046739061529,0.786593772630007,0.2636916158501072,0.4303046739061529,1.0502853884801142,1.2168984465361599,0.6939962897562602,1.4805900623862671,2.4799819105521816,2.9551882828059752,1.5259774523918552,2.4799819105521816,2.9551882828059752,1.5259774523918552,5.435170193358157,4.005959362944036,4.4811657351978305,6.961147645750012
414,10350,Blackhole Attack,0.8,0.840173254578202,0.21633410515339363,0.36166195238859006,0.840173254578202,0.21633410515339363,0.36166195238859006,1.0565073597315957,1.2018352069667921,0.5779960575419837,1.4181693121201857,2.8031381301613227,2.0439279585186454,0.9120017087743484,2.8031381301613227,2.0439279585186454,0.9120017087743484,4.847066088679968,3.715139838935671,2.9559296672929936,5.759067797454317
415,10375,Normal Traffic,0.72,0.5468502525717741,0.26395645794674066,0.45085666793786405,0.5468502525717741,0.26395645794674066,0.45085666793786405,0.8108067105185148,0.9977069205096382,0.7148131258846047,1.2616633784563789,1.0340065707249775,2.9602844141547857,1.7098050387618664,1.0340065707249775,2.9602844141547857,1.7098050387618664,3.994290984879763,2.743811609486844,4.670089452916653,5.704096023641629
416,10400,Normal Traffic,0.68,0.9757128480036595,0.24555596702199906,0.40544954564950714,0.9757128480036595,0.24555596702199906,0.40544954564950714,1.2212688150256585,1.3811623936531667,0.6510055126715062,1.6267183606751656,3.6206238733247353,2.606219407771549,1.3036604242102428,3.6206238733247353,2.606219407771549,1.3036604242102428,6.226843281096285,4.924284297534978,3.9098798319817916,7.530503705306527
417,10425,Wormhole Attack,0.8,0.5902355481512221,0.21763012717123612,0.5506689898724778,0.5902355481512221,0.21763012717123612,0.5506689898724778,0.8078656753224582,1.1409045380237,0.7682991170437139,1.3585346651949362,1.2956781583606232,2.068866208584746,2.6025776915232353,1.2956781583606232,2.068866208584746,2.6025776915232353,3.3645443669453687,3.898255849883858,4.671443900107981,5.967122058468604
418,10450,Normal Traffic,0.68,0.8725509802606783,0.24671766817672508,0.39215420886428964,0.8725509802606783,0.24671766817672508,0.39215420886428964,1.1192686484374035,1.2647051891249679,0.6388718770410147,1.5114228573016932,2.9984192909834335,2.628573035641902,1.1847401059466303,2.9984192909834335,2.628573035641902,1.1847401059466303,5.626992326625336,4.183159396930064,3.8133131415885324,6.811732432571967
419,10475,Normal Traffic,0.64,0.8499085613955931,0.18272765152853304,0.4656266994489188,0.8499085613955931,0.18272765152853304,0.4656266994489188,1.0326362129241262,1.3155352608445119,0.6483543509774519,1.498262912373045,2.861855102282947,1.397267537018434,1.841915783787231,2.861855102282947,1.397267537018434,1.841915783787231,4.259122639301381,4.703770886070178,3.2391833208056653,6.101038423088612
420,10500,Blackhole Attack,0.8,0.7960273399366692,0.2379368676454206,0.5024817074602725,0.7960273399366692,0.2379368676454206,0.5024817074602725,1.0339642075820898,1.2985090473969416,0.7404185751056931,1.5364459150423624,2.5368789882655665,2.459611554729136,2.1715658974414587,2.5368789882655665,2.459611554729136,2.1715658974414587,4.996490542994703,4.708444885707025,4.631177452170595,7.168056440436162
421,10525,Wormhole Attack,0.76,0.8490742739577088,0.2591218152155187,0.36527914748872237,0.8490742739577088,0.2591218152155187,0.36527914748872237,1.1081960891732274,1.214353421446431,0.6244009627042411,1.4734752366619497,2.8568232287990867,2.867255493541092,0.9443557588806675,2.8568232287990867,2.867255493541092,0.9443557588806675,5.724078722340179,3.801178987679754,3.8116112524217596,6.668434481220847
422,10550,Blackhole Attack,0.76,0.7677996909272944,0.1979398591125994,0.49141611156049875,0.7677996909272944,0.1979398591125994,0.49141611156049875,0.9657395500398938,1.259215802487793,0.6893559706730982,1.4571556616003924,2.3666283622676683,1.6899831171290345,2.072589526444919,2.3666283622676683,1.6899831171290345,2.072589526444919,4.056611479396703,4.439217888712587,3.7625726435739537,6.129201005841622
423,10575,Sybil Attack,0.76,0.8871839917423838,0.3099522054522628,0.3309195335399687,0.8871839917423838,0.3099522054522628,0.3309195335399687,1.1971361971946466,1.2181035252823524,0.6408717389922316,1.5280557307346152,3.0866759985883565,3.845341486857489,0.6370257309009509,3.0866759985883565,3.845341486857489,0.6370257309009509,6.932017485445845,3.7237017294893073,4.48236721775844,7.569043216346796
424,10600,Normal Traffic,0.64,0.8435442251207403,0.17804198706809019,0.4269804492539853,0.8435442251207403,0.17804198706809019,0.4269804492539853,1.0215862121888306,1.2705246743747256,0.6050224363220755,1.4485666614428159,2.8234696088791225,1.307105278637292,1.4962438803882445,2.8234696088791225,1.307105278637292,1.4962438803882445,4.130574887516414,4.319713489267367,2.8033491590255366,5.626818767904659
425,10625,Blackhole Attack,0.8,0.8494072643623108,0.18301054180052187,0.4501521833454817,0.8494072643623108,0.18301054180052187,0.4501521833454817,1.0324178061628326,1.2995594477077925,0.6331627251460036,1.4825699895083142,2.858831608059292,1.4027109540645954,1.7035037668729833,2.858831608059292,1.4027109540645954,1.7035037668729833,4.261542562123887,4.5623353749322755,3.1062147209375786,5.965046328996871
426,10650,Flooding Attack,0.8,0.7366519789300602,0.17610550642677264,0.4423081309432514,0.7366519789300602,0.17610550642677264,0.4423081309432514,0.9127574853568328,1.1789601098733116,0.618413637370024,1.355065616300084,2.1787658355595396,1.2698432276717286,1.6333425349148099,2.1787658355595396,1.2698432276717286,1.6333425349148099,3.4486090632312685,3.8121083704743493,2.9031857625865385,5.0819515981460786
427,10675,Wormhole Attack,0.84,0.754235504344768,0.2645115390898354,0.42486824411569657,0.754235504344768,0.2645115390898354,0.42486824411569657,1.0187470434346033,1.1791037484604647,0.689379783205532,1.4436152875502999,2.2848181039616917,2.9709653687704467,1.4773512331886176,2.2848181039616917,2.9709653687704467,1.4773512331886176,5.255783472732139,3.7621693371503095,4.448316601959064,6.733134705920756
428,10700,Flooding Attack,0.76,0.7938006352258745,0.29335173434143197,0.46601897604898523,0.7938006352258745,0.29335173434143197,0.46601897604898523,1.0871523695673064,1.2598196112748599,0.7593707103904173,1.5531713456162917,2.523448968967843,3.5259127317302066,1.845424507099839,2.523448968967843,3.5259127317302066,1.845424507099839,6.04936170069805,4.368873476067682,5.371337238830046,7.894786207797889
429,10725,Normal Traffic,0.6,0.8867405458629718,0.25582517401095634,0.2685066299541028,0.8867405458629718,0.25582517401095634,0.2685066299541028,1.142565719873928,1.1552471758170746,0.5243318039650591,1.4110723498280309,3.0840014245017575,2.803821028998239,0.07877267736117721,3.0840014245017575,2.803821028998239,0.07877267736117721,5.8878224534999966,3.1627741018629347,2.8825937063594163,5.966595130861174
430,10750,Blackhole Attack,0.8,0.8868336778101358,0.24146366015248033,0.4970892103455416,0.8868336778101358,0.24146366015248033,0.4970892103455416,1.128297337962616,1.3839228881556773,0.738552870498022,1.6253865483081575,3.0845631351954044,2.527474625156535,2.123332634645707,3.0845631351954044,2.527474625156535,2.123332634645707,5.61203776035194,5.2078957698411115,4.650807259802242,7.735370394997647
431,10775,Wormhole Attack,0.88,0.7969695845623505,0.2500115188207398,0.4802384901281394,0.7969695845623505,0.2500115188207398,0.4802384901281394,1.0469811033830903,1.27720807469049,0.7302500089488793,1.5272195935112296,2.542561988550575,2.691953803800123,1.9726111415690817,2.542561988550575,2.691953803800123,1.9726111415690817,5.234515792350698,4.515173130119656,4.664564945369205,7.207126933919779
432,10800,Blackhole Attack,0.8,0.8394195532336388,0.2816404373611112,0.5515539287903157,0.8394195532336388,0.2816404373611112,0.5515539287903157,1.12105999059475,1.3909734820239545,0.833194366151427,1.6726139193850658,2.7985922990265824,3.3005621985812397,2.6104930395473747,2.7985922990265824,3.3005621985812397,2.6104930395473747,6.099154497607822,5.4090853385739575,5.911055238128615,8.709647537155197
433,10825,Flooding Attack,0.8,0.8113580705016927,0.25461581433325436,0.6584896226203388,0.8113580705016927,0.25461581433325436,0.6584896226203388,1.0659738848349471,1.4698476931220315,0.9131054369535931,1.7244635074552859,2.6293438788001455,2.780550348680171,3.566980787804032,2.6293438788001455,2.780550348680171,3.566980787804032,5.409894227480317,6.196324666604177,6.347531136484203,8.97687501528435
434,10850,Normal Traffic,0.68,0.842351116325873,0.29394810029065843,0.488294142907813,0.842351116325873,0.29394810029065843,0.488294142907813,1.1362992166165315,1.330645259233686,0.7822422431984715,1.6245933595243445,2.816273560807875,3.537388094778031,2.0446650359424137,2.816273560807875,3.537388094778031,2.0446650359424137,6.353661655585906,4.860938596750289,5.582053130720444,8.39832669152832
435,10875,Normal Traffic,0.68,0.8901051987541427,0.2545934464433338,0.4704314317709248,0.8901051987541427,0.2545934464433338,0.4704314317709248,1.1446986451974765,1.3605366305250675,0.7250248782142585,1.6151300769684014,3.1042947992988315,2.780119942387214,1.8848917765082058,3.1042947992988315,2.780119942387214,1.8848917765082058,5.8844147416860455,4.989186575807038,4.665011718895419,7.769306518194251
436,10900,Blackhole Attack,0.8,0.6962861279294086,0.22213654705131602,0.3789111773137697,0.6962861279294086,0.22213654705131602,0.3789111773137697,0.9184226749807246,1.0751973052431782,0.6010477243650858,1.2973338522944944,1.9353055530713867,2.1555794158644828,1.0662876325565678,1.9353055530713867,2.1555794158644828,1.0662876325565678,4.090884968935869,3.0015931856279545,3.2218670484210508,5.157172601492437
437,10925,Sybil Attack,0.92,0.8439975496861002,0.30344702041445665,0.3033024679888104,0.8439975496861002,0.30344702041445665,0.3033024679888104,1.147444570100557,1.1473000176749106,0.606749488403267,1.4507470380893672,2.8262037647065212,3.720167740604992,0.3900045175306816,2.8262037647065212,3.720167740604992,0.3900045175306816,6.546371505311513,3.216208282237203,4.110172258135673,6.936376022842195
438,10950,Sybil Attack,0.72,0.8982587020129515,0.28702873841632215,0.2772795719411476,0.8982587020129515,0.28702873841632215,0.2772795719411476,1.1852874404292737,1.1755382739540992,0.5643083103574698,1.4625670123704213,3.1534713720069263,3.4042446957119434,0.1572423746739642,3.1534713720069263,3.4042446957119434,0.1572423746739642,6.55771606771887,3.3107137466808907,3.561487070385908,6.714958442392834
439,10975,Normal Traffic,0.6,0.8753811364665488,0.21229578445628827,0.5824449142433898,0.8753811364665488,0.21229578445628827,0.5824449142433898,1.0876769209228372,1.4578260507099388,0.7947406986996781,1.670121835166227,3.0154889330765906,1.9662219859309469,2.8867978734076707,3.0154889330765906,1.9662219859309469,2.8867978734076707,4.981710919007537,5.902286806484261,4.853019859338618,7.8685087924152075
440,11000,Flooding Attack,0.76,0.8461782177719519,0.3525350994812337,0.22270726575644886,0.8461782177719519,0.3525350994812337,0.22270726575644886,1.1987133172531856,1.0688854835284007,0.5752423652376826,1.4214205830096345,2.839356121340493,4.664727921048293,-0.330880350211002,2.839356121340493,4.664727921048293,-0.330880350211002,7.5040840423887865,2.508475771129491,4.333847570837291,7.173203692177784
441,11025,Blackhole Attack,0.92,0.8484096979154916,0.28013770091134693,0.39699797677787585,0.8484096979154916,0.28013770091134693,0.39699797677787585,1.1285473988268384,1.2454076746933676,0.6771356776892228,1.5255453756047141,2.8528149429098466,3.2716463184096574,1.2280652530402487,2.8528149429098466,3.2716463184096574,1.2280652530402487,6.124461261319504,4.080880195950096,4.499711571449906,7.352526514359752
442,11050,Normal Traffic,0.64,0.921429084055273,0.20180685093903006,0.3258759773938314,0.921429084055273,0.20180685093903006,0.3258759773938314,1.123235934994303,1.2473050614491044,0.5276828283328614,1.4491119123881344,3.293219887584882,1.7643923538884785,0.5919135752806495,3.293219887584882,1.7643923538884785,0.5919135752806495,5.057612241473361,3.8851334628655314,2.356305929169128,5.649525816754011
443,11075,Blackhole Attack,0.84,0.892498608550532,0.24515517996860753,0.5071016277499566,0.892498608550532,0.24515517996860753,0.5071016277499566,1.1376537885191396,1.3996002363004885,0.7522568077185641,1.644755416269096,3.118730274104737,2.598507403173531,2.2128888364596415,3.118730274104737,2.598507403173531,2.2128888364596415,5.717237677278268,5.331619110564379,4.811396239633172,7.9301265137379096
444,11100,Normal Traffic,0.72,0.9266374574778729,0.28504375420926475,0.5216291171150008,0.9266374574778729,0.28504375420926475,0.5216291171150008,1.2116812116871376,1.4482665745928736,0.8066728713242656,1.7333103288021383,3.324633372828869,3.366049331859048,2.3428301600057413,3.324633372828869,3.366049331859048,2.3428301600057413,6.690682704687918,5.66746353283461,5.708879491864789,9.033512864693659
445,11125,Normal Traffic,0.72,0.895058779585201,0.2687449376399128,0.422568375969726,0.895058779585201,0.2687449376399128,0.422568375969726,1.1638037172251137,1.317627155554927,0.6913133136096388,1.5863720931948397,3.1341715430949146,3.05242505866603,1.45678003169884,3.1341715430949146,3.05242505866603,1.45678003169884,6.186596601760945,4.590951574793754,4.50920509036487,7.643376633459785
446,11150,Sybil Attack,0.84,0.8577689701235922,0.2962760725535468,0.4135683008070565,0.8577689701235922,0.2962760725535468,0.4135683008070565,1.1540450426771391,1.2713372709306487,0.7098443733606032,1.5676133434841957,2.9092639214196994,3.582183286248237,1.3762787386491515,2.9092639214196994,3.582183286248237,1.3762787386491515,6.491447207667936,4.285542660068851,4.958462024897388,7.867725946317088
447,11175,Wormhole Attack,0.76,0.7750244670243207,0.1924016383227956,0.570816055895938,0.7750244670243207,0.1924016383227956,0.570816055895938,0.9674261053471163,1.3458405229202586,0.7632176942187336,1.5382421612430544,2.4102034631485414,1.5834158419778586,2.782783393890383,2.4102034631485414,1.5834158419778586,2.782783393890383,3.9936193051264,5.192986857038925,4.366199235868242,6.776402699016783
448,11200,Blackhole Attack,0.72,0.8058877009325293,0.25343856879308996,0.6094896823548898,0.8058877009325293,0.25343856879308996,0.6094896823548898,1.0593262697256192,1.415377383287419,0.8629282511479797,1.668815952080509,2.596350204998951,2.7578976134136086,3.128700164650198,2.596350204998951,2.7578976134136086,3.128700164650198,5.35424781841256,5.725050369649149,5.886597778063807,8.482947983062758
449,11225,Blackhole Attack,0.84,0.8733386883543474,0.25466234000777077,0.3823774405163631,0.8733386883543474,0.25466234000777077,0.3823774405163631,1.1280010283621182,1.2557161288707104,0.6370397805241339,1.5103784688784814,3.0031702284775985,2.781445602687904,1.097291670280243,3.0031702284775985,2.781445602687904,1.097291670280243,5.784615831165503,4.100461898757842,3.8787372729681473,6.881907501445746
450,11250,Normal Traffic,0.72,0.8092987912858266,0.2705924213354577,0.512300527946985,0.8092987912858266,0.2705924213354577,0.512300527946985,1.0798912126212843,1.3215993192328117,0.7828929492824427,1.5921917405682693,2.616923660046213,3.087974617051805,2.2593904690274442,2.616923660046213,3.087974617051805,2.2593904690274442,5.704898277098018,4.876314129073657,5.347365086079249,7.964288746125463
451,11275,Sybil Attack,0.72,0.8742266779342648,0.2801987683906472,0.3365916491234596,0.8742266779342648,0.2801987683906472,0.3365916491234596,1.154425446324912,1.2108183270577244,0.6167904175141068,1.4910170954483717,3.0085259979860806,3.272821388006262,0.6877600448422657,3.0085259979860806,3.272821388006262,0.6877600448422657,6.281347385992342,3.6962860428283464,3.960581432848528,6.969107430834608
452,11300,Normal Traffic,0.72,0.8741379033516469,0.27271739411610296,0.44084576927064023,0.8741379033516469,0.27271739411610296,0.44084576927064023,1.14685529746775,1.314983672622287,0.7135631633867432,1.5877010667383902,3.0079905680514667,3.1288636620354753,1.6202624213131158,3.0079905680514667,3.1288636620354753,1.6202624213131158,6.136854230086942,4.628252989364583,4.749126083348591,7.757116651400057
453,11325,Wormhole Attack,0.72,0.8751182576989595,0.23902059219993435,0.675973083117541,0.8751182576989595,0.23902059219993435,0.675973083117541,1.1141388498988938,1.5510913408165004,0.9149936753174753,1.7901119330164348,3.0139034211294646,2.4804647451619863,3.723361834803028,3.0139034211294646,2.4804647451619863,3.723361834803028,5.494368166291451,6.737265255932493,6.203826579965014,9.21773000109448
454,11350,Sybil Attack,0.8,0.7443770556196384,0.3190584937589231,0.4725772270070848,0.7443770556196384,0.3190584937589231,0.4725772270070848,1.0634355493785614,1.2169542826267232,0.7916357207660079,1.5360127763856464,2.2253584207884995,4.02056605236568,1.9040848707889328,2.2253584207884995,4.02056605236568,1.9040848707889328,6.245924473154179,4.129443291577433,5.924650923154613,8.150009343943113
455,11375,Sybil Attack,0.96,0.7713488506441739,0.25304687919465185,0.4066564709156709,0.7713488506441739,0.25304687919465185,0.4066564709156709,1.0243957298388258,1.1780053215598447,0.6597033501103228,1.4310522007544968,2.3880345609689693,2.7503606634083915,1.3144557834471877,2.3880345609689693,2.7503606634083915,1.3144557834471877,5.13839522437736,3.702490344416157,4.064816446855579,6.452851007824548
456,11400,Wormhole Attack,0.84,0.8453039715465599,0.25200937552728564,0.5663674656152821,0.8453039715465599,0.25200937552728564,0.5663674656152821,1.0973133470738454,1.411671437161842,0.8183768411425677,1.6636808126891274,2.834083242713589,2.730396862219005,2.7429929184367476,2.834083242713589,2.730396862219005,2.7429929184367476,5.564480104932594,5.5770761611503366,5.4733897806557525,8.307473023369342
457,11425,Wormhole Attack,0.72,0.8622374668005579,0.2082130507741659,0.5769921082411889,0.8622374668005579,0.2082130507741659,0.5769921082411889,1.0704505175747239,1.4392295750417468,0.7852051590153548,1.6474426258159127,2.936214956423368,1.8876614120237585,2.838025176958758,2.936214956423368,1.8876614120237585,2.838025176958758,4.823876368447126,5.774240133382126,4.725686588982517,7.661901545405884
458,11450,Blackhole Attack,0.76,0.6432966486390409,0.2557753662266917,0.5353997206434217,0.6432966486390409,0.2557753662266917,0.5353997206434217,0.8990720148657326,1.1786963692824626,0.7911750868701134,1.4344717355091543,1.6157078417107422,2.8028626201424256,2.4660015080307582,1.6157078417107422,2.8028626201424256,2.4660015080307582,4.418570461853168,4.081709349741501,5.268864128173184,6.884571969883926
459,11475,Wormhole Attack,0.8,0.9071121970030012,0.21368253212047345,0.44251620396825153,0.9071121970030012,0.21368253212047345,0.44251620396825153,1.1207947291234746,1.3496284009712527,0.6561987360887249,1.563310933091726,3.206869834763233,1.9929059924925032,1.635203646878713,3.206869834763233,1.9929059924925032,1.635203646878713,5.199775827255737,4.842073481641946,3.628109639371216,6.83497947413445
460,11500,Blackhole Attack,0.84,0.8646681269010282,0.29970041604929787,0.4939331574354335,0.8646681269010282,0.29970041604929787,0.4939331574354335,1.164368542950326,1.3586012843364617,0.7936335734847313,1.6583017003857596,2.9508751005804585,3.6480750174330403,2.095103277045367,2.9508751005804585,3.6480750174330403,2.095103277045367,6.598950118013499,5.045978377625826,5.743178294478407,8.694053395058866
461,11525,Flooding Attack,0.88,0.6564029873554743,0.24869159398230933,0.31310197833259673,0.6564029873554743,0.24869159398230933,0.31310197833259673,0.9050945813377836,0.969504965688071,0.5617935723149061,1.2181965596703803,1.6947566626122705,2.666555612074929,0.4776563692841739,1.6947566626122705,2.666555612074929,0.4776563692841739,4.3613122746872,2.1724130318964443,3.144211981359103,4.8389686439713735
462,11550,Sybil Attack,0.84,0.6882583631617861,0.23820326382395876,0.3387980142585873,0.6882583631617861,0.23820326382395876,0.3387980142585873,0.9264616269857449,1.0270563774203734,0.5770012780825461,1.2652596412443322,1.8868873522995944,2.464737589955063,0.7074949073969964,1.8868873522995944,2.464737589955063,0.7074949073969964,4.351624942254658,2.594382259696591,3.1722324973520593,5.059119849651654
463,11575,Wormhole Attack,0.8,0.8403695891474978,0.19840516963913654,0.6134763637562327,0.8403695891474978,0.19840516963913654,0.6134763637562327,1.0387747587866343,1.4538459529037304,0.8118815333953693,1.652251122542867,2.8043222912409984,1.6989366920756157,3.1643590899352243,2.8043222912409984,1.6989366920756157,3.1643590899352243,4.503258983316615,5.968681381176223,4.86329578201084,7.667618073251839
464,11600,Blackhole Attack,0.8,0.7926301879934146,0.21323659921314447,0.4911691255934032,0.7926301879934146,0.21323659921314447,0.4911691255934032,1.005866787206559,1.2837993135868178,0.7044057248065476,1.4970359127999622,2.516389600546561,1.9843252846013009,2.0703803571483346,2.516389600546561,1.9843252846013009,2.0703803571483346,4.500714885147862,4.586769957694896,4.054705641749635,6.571095242296197
465,11625,Normal Traffic,0.72,0.7070883308400737,0.14675749122650497,0.6787941168095177,0.7070883308400737,0.14675749122650497,0.6787941168095177,0.8538458220665787,1.3858824476495915,0.8255516080360227,1.5326399388760965,2.0004573412024587,0.7051243170884215,3.7485946085117203,2.0004573412024587,0.7051243170884215,3.7485946085117203,2.70558165829088,5.749051949714179,4.453718925600142,6.4541762668026
466,11650,Wormhole Attack,0.8,0.9021601175527202,0.2499609687109959,0.4403374140181272,0.9021601175527202,0.2499609687109959,0.4403374140181272,1.1521210862637161,1.3424975315708474,0.6902983827291231,1.5924585002818432,3.177002146309205,2.690981111006091,1.615715430936231,3.177002146309205,2.690981111006091,1.615715430936231,5.867983257315296,4.792717577245436,4.306696541942322,7.483698688251527
467,11675,Blackhole Attack,0.84,0.7179029013736445,0.23463527947315083,0.6518088003188166,0.7179029013736445,0.23463527947315083,0.6518088003188166,0.9525381808467954,1.3697117016924611,0.8864440797919675,1.604346981165612,2.0656837227061886,2.3960818998916285,3.507224083089111,2.0656837227061886,2.3960818998916285,3.507224083089111,4.461765622597817,5.5729078057953,5.90330598298074,7.968989705686928
468,11700,Wormhole Attack,0.76,0.6779844786058488,0.28995366822152796,0.2759227474382394,0.6779844786058488,0.28995366822152796,0.2759227474382394,0.9679381468273767,0.9539072260440882,0.5658764156597673,1.243860894265616,1.824922033243177,3.4605266337529663,0.14510623970270775,1.824922033243177,3.4605266337529663,0.14510623970270775,5.285448666996143,1.9700282729458847,3.605632873455674,5.430554906698851
469,11725,Flooding Attack,0.84,0.9215705939685778,0.34475776020110255,0.1906403546301916,0.9215705939685778,0.34475776020110255,0.1906403546301916,1.2663283541696804,1.1122109485987695,0.5353981148312942,1.456968708799872,3.2940733823735213,4.515075192046287,-0.6177032670328951,3.2940733823735213,4.515075192046287,-0.6177032670328951,7.809148574419808,2.6763701153406263,3.897371925013392,7.191445307386913
470,11750,Flooding Attack,0.88,0.7255250449711276,0.21607029207532835,0.49545588506825267,0.7255250449711276,0.21607029207532835,0.49545588506825267,0.9415953370464559,1.2209809300393801,0.711526177143581,1.4370512221147087,2.11165548317715,2.038851627699473,2.1087233347880936,2.11165548317715,2.038851627699473,2.1087233347880936,4.150507110876623,4.220378817965244,4.147574962487567,6.259230445664716
471,11775,Blackhole Attack,0.76,0.7724601989546609,0.23236767390625307,0.37442689377522664,0.7724601989546609,0.23236767390625307,0.37442689377522664,1.004827872860914,1.1468870927298875,0.6067945676814797,1.3792547666361406,2.3947374835361046,2.3524482934404687,1.0261778982788514,2.3947374835361046,2.3524482934404687,1.0261778982788514,4.747185776976574,3.420915381814956,3.37862619171932,5.773363675255425
472,11800,Wormhole Attack,0.8,0.8785379905076116,0.17744719196214656,0.6733751823846921,0.8785379905076116,0.17744719196214656,0.6733751823846921,1.0559851824697581,1.5519131728923037,0.8508223743468386,1.7293603648544502,3.0345290017871105,1.2956601419915368,3.700124876841108,3.0345290017871105,1.2956601419915368,3.700124876841108,4.3301891437786475,6.734653878628219,4.9957850188326445,8.030314020619755
473,11825,Blackhole Attack,0.88,0.8667843533594917,0.23693348313663581,0.5584541484709447,0.8667843533594917,0.23693348313663581,0.5584541484709447,1.1037178364961275,1.4252385018304363,0.7953876316075805,1.6621719849670722,2.963638787672751,2.440304279506928,2.6722121470634477,2.963638787672751,2.440304279506928,2.6722121470634477,5.403943067179679,5.635850934736199,5.112516426570376,8.076155214243126
474,11850,Blackhole Attack,0.88,0.6448205693855241,0.26178625739204686,0.44789528923878824,0.6448205693855241,0.26178625739204686,0.44789528923878824,0.906606826777571,1.0927158586243124,0.709681546630835,1.3545021160163593,1.6248991300455866,2.918525089558866,1.6833169472541176,1.6248991300455866,2.918525089558866,1.6833169472541176,4.543424219604453,3.3082160772997042,4.601842036812983,6.22674116685857
475,11875,Wormhole Attack,0.84,0.6902869981438358,0.2085528396428506,0.33356157277069637,0.6902869981438358,0.2085528396428506,0.33356157277069637,0.8988398377866864,1.0238485709145322,0.542114412413547,1.2324014105573828,1.8991227451762906,1.8941996804021326,0.6606574862493689,1.8991227451762906,1.8941996804021326,0.6606574862493689,3.793322425578423,2.5597802314256595,2.5548571666515016,4.453979911827792
476,11900,Blackhole Attack,0.76,0.8528451491591539,0.2453444284976241,0.2968378320122552,0.8528451491591539,0.2453444284976241,0.2968378320122552,1.098189577656778,1.149682981171409,0.5421822605098794,1.3950274096690332,2.8795666695791797,2.6021489517554866,0.3321814943000772,2.8795666695791797,2.6021489517554866,0.3321814943000772,5.481715621334667,3.211748163879257,2.9343304460555637,5.813897115634744
477,11925,Wormhole Attack,0.76,0.6999154783834276,0.17837698699160326,0.5356733349493119,0.6999154783834276,0.17837698699160326,0.5356733349493119,0.8782924653750308,1.2355888133327395,0.7140503219409151,1.4139658003243427,1.9571954095931707,1.313551397414349,2.468448854860973,1.9571954095931707,1.313551397414349,2.468448854860973,3.2707468070075194,4.425644264454144,3.782000252275322,5.739195661868493
478,11950,Normal Traffic,0.72,0.6205692741011528,0.2944420028619746,0.565026078572477,0.6205692741011528,0.2944420028619746,0.565026078572477,0.9150112769631273,1.1855953526736298,0.8594680814344515,1.4800373555356043,1.4786312562296393,3.5468918421389573,2.7309948640345136,1.4786312562296393,3.5468918421389573,2.7309948640345136,5.025523098368597,4.2096261202641525,6.27788670617347,7.756517962403111
479,11975,Sybil Attack,0.8,0.7584706785107677,0.3161909396102,0.3455379216141746,0.7584706785107677,0.3161909396102,0.3455379216141746,1.0746616181209676,1.1040086001249423,0.6617288612243746,1.4201995397351421,2.3103618909321226,3.9653881453128457,0.7677800991707674,2.3103618909321226,3.9653881453128457,0.7677800991707674,6.275750036244968,3.07814199010289,4.733168244483613,7.043530135415736
480,12000,Blackhole Attack,0.76,0.9030856454423246,0.27628965817226203,0.5118591037488229,0.9030856454423246,0.27628965817226203,0.5118591037488229,1.1793753036145866,1.4149447491911475,0.788148761921085,1.6912344073634096,3.1825843222293937,3.1976017028312174,2.255442144364239,3.1825843222293937,3.1976017028312174,2.255442144364239,6.3801860250606115,5.438026466593633,5.453043847195456,8.635628169424852
481,12025,Flooding Attack,0.88,0.8357692964050986,0.24355575035563717,0.3843392486084324,0.8357692964050986,0.24355575035563717,0.3843392486084324,1.0793250467607358,1.220108545013531,0.6278949989640695,1.4636642953691683,2.7765763489945523,2.5677309386519007,1.1148390890820299,2.7765763489945523,2.5677309386519007,1.1148390890820299,5.344307287646453,3.8914154380765824,3.682570027733931,6.459146376728483
482,12050,Normal Traffic,0.68,0.8315568504938791,0.21380900681956305,0.5311208664471689,0.8315568504938791,0.21380900681956305,0.5311208664471689,1.0453658573134421,1.362677716941048,0.744929873266732,1.576486723760611,2.751169643918645,1.9953396376231485,2.4277292392614758,2.751169643918645,1.9953396376231485,2.4277292392614758,4.746509281541794,5.178898883180121,4.423068876884624,7.17423852080327
483,12075,Wormhole Attack,0.68,0.763685912792651,0.22398614394467015,0.3890548006300737,0.763685912792651,0.22398614394467015,0.3890548006300737,0.9876720567373212,1.1527407134227245,0.6130409445747438,1.376726857367395,2.341816756369958,2.1911696367194753,1.1570174074098294,2.341816756369958,2.1911696367194753,1.1570174074098294,4.532986393089433,3.4988341637797875,3.348187044129305,5.690003800499262
484,12100,Blackhole Attack,0.84,0.86693034452316,0.21693988192531388,0.5283594807260866,0.86693034452316,0.21693988192531388,0.5283594807260866,1.0838702264484739,1.3952898252492467,0.7452993626514005,1.6122297071745604,2.964519310418249,2.0555844060283346,2.4030299876287664,2.964519310418249,2.0555844060283346,2.4030299876287664,5.020103716446584,5.367549298047015,4.4586143936571005,7.42313370407535
485,12125,Sybil Attack,0.76,0.8625048006579539,0.3331837391335412,0.24662623077879664,0.8625048006579539,0.3331837391335412,0.24662623077879664,1.1956885397914951,1.1091310314367506,0.5798099699123378,1.4423147705702917,2.9378273385440674,4.292366142601543,-0.11693684663940108,2.9378273385440674,4.292366142601543,-0.11693684663940108,7.23019348114561,2.8208904919046662,4.175429295962142,7.113256634506209
486,12150,Sybil Attack,0.92,0.9459865462841697,0.2601745079697264,0.5196452978258745,0.9459865462841697,0.2601745079697264,0.5196452978258745,1.206161054253896,1.4656318441100442,0.779819805795601,1.7258063520797706,3.441334359179766,2.887511565417793,2.325085861756546,3.441334359179766,2.887511565417793,2.325085861756546,6.328845924597559,5.766420220936312,5.212597427174339,8.653931786354105
487,12175,Flooding Attack,0.92,0.7430638410376809,0.23657301220608604,0.6312830487282194,0.7430638410376809,0.23657301220608604,0.6312830487282194,0.9796368532437669,1.3743468897659001,0.8678560609343055,1.6109199019719864,2.217437973549922,2.4333680437919085,3.3236312225857474,2.217437973549922,2.4333680437919085,3.3236312225857474,4.65080601734183,5.54106919613567,5.756999266377656,7.974437239927578
488,12200,Normal Traffic,0.72,0.6903501874551703,0.25822500259176806,0.404156974989008,0.6903501874551703,0.25822500259176806,0.404156974989008,0.9485751900469384,1.0945071624441782,0.662381977580776,1.3527321650359463,1.8995038615706281,2.849998890516122,1.2920990085945305,1.8995038615706281,2.849998890516122,1.2920990085945305,4.74950275208675,3.1916028701651586,4.142097899110652,6.041601760681281
489,12225,Normal Traffic,0.68,0.9562298238216076,0.30822017631182175,0.2531744355976183,0.9562298238216076,0.30822017631182175,0.2531744355976183,1.2644500001334293,1.2094042594192258,0.5613946119094401,1.5176244357310478,3.503115076817279,3.8120135223388014,-0.05836634077787115,3.503115076817279,3.8120135223388014,-0.05836634077787115,7.315128599156081,3.444748736039408,3.7536471815609302,7.25676225837821
490,12250,Normal Traffic,0.6,0.8192980680770813,0.27716285065325946,0.3168464838575184,0.8192980680770813,0.27716285065325946,0.3168464838575184,1.0964609187303407,1.1361445519345996,0.5940093345107779,1.4133074025878591,2.6772327255540054,3.214403803526392,0.5111491491931904,2.6772327255540054,3.214403803526392,0.5111491491931904,5.891636529080397,3.1883818747471957,3.7255529527195823,6.402785678273588
491,12275,Blackhole Attack,0.8,0.9327193301252585,0.264838709649154,0.6407405011689481,0.9327193301252585,0.264838709649154,0.6407405011689481,1.1975580397744126,1.5734598312942065,0.9055792108181021,1.8382985409433608,3.3613152312830756,2.9772608337472968,3.408223532835829,3.3613152312830756,2.9772608337472968,3.408223532835829,6.338576065030372,6.769538764118904,6.385484366583126,9.7467995978662
492,12300,Normal Traffic,0.6,0.48452535987227313,0.22904954524947857,0.2574235365503728,0.48452535987227313,0.22904954524947857,0.2574235365503728,0.7135749051217517,0.7419488964226459,0.4864730817998514,0.9709984416721245,0.6581037814484829,2.2886003641191066,-0.020360200294268677,0.6581037814484829,2.2886003641191066,-0.020360200294268677,2.9467041455675895,0.6377435811542143,2.2682401638248377,2.9263439452733206
493,12325,Blackhole Attack,0.84,0.8105230344548696,0.28936795155543743,0.4386457652739295,0.8105230344548696,0.28936795155543743,0.4386457652739295,1.099890986010307,1.2491687997287992,0.728013716829367,1.5385367512842365,2.6243074901991954,3.449256185808599,1.6005844560463052,2.6243074901991954,3.449256185808599,1.6005844560463052,6.073563676007794,4.224891946245501,5.049840641854904,7.674148132054099
494,12350,Wormhole Attack,0.96,0.8429472004578584,0.2622772406288925,0.45391862652697107,0.8429472004578584,0.2622772406288925,0.45391862652697107,1.1052244410867509,1.2968658269848294,0.7161958671558636,1.559143067613722,2.8198687485114005,2.9279726626480205,1.7371927684455153,2.8198687485114005,2.9279726626480205,1.7371927684455153,5.7478414111594205,4.5570615169569155,4.665165431093536,7.485034179604936
495,12375,Wormhole Attack,0.84,0.8277310635954489,0.2711428900554369,0.32710198701138554,0.8277310635954489,0.2711428900554369,0.32710198701138554,1.0988739536508858,1.1548330506068345,0.5982448770668225,1.4259759406622714,2.728095011873448,3.0985668187300304,0.6028796347546671,2.728095011873448,3.0985668187300304,0.6028796347546671,5.826661830603479,3.3309746466281154,3.7014464534846976,6.429541465358146
496,12400,Blackhole Attack,0.72,0.7823829753458006,0.2707151720651792,0.48758906282039255,0.7823829753458006,0.2707151720651792,0.48758906282039255,1.0530981474109797,1.2699720381661932,0.7583042348855717,1.5406872102313722,2.4545851489108457,3.0903366050052874,2.0383584376401727,2.4545851489108457,3.0903366050052874,2.0383584376401727,5.5449217539161335,4.492943586551018,5.12869504264546,7.583280191556306
497,12425,Flooding Attack,0.84,1.0202363653178697,0.25460603898652223,0.3922111496322603,1.0202363653178697,0.25460603898652223,0.3922111496322603,1.2748424043043918,1.4124475149501299,0.6468171886187826,1.667053553936652,3.8891604663599915,2.7803622499920833,1.185249413409738,3.8891604663599915,2.7803622499920833,1.185249413409738,6.669522716352075,5.074409879769729,3.9656116634018215,7.854772129761813
498,12450,Blackhole Attack,0.76,0.6927801995086166,0.2891257235969386,0.4890259523424128,0.6927801995086166,0.2891257235969386,0.4890259523424128,0.9819059231055551,1.1818061518510294,0.7781516759393514,1.4709318754479679,1.9141600971340031,3.444595199097817,2.051210715249138,1.9141600971340031,3.444595199097817,2.051210715249138,5.35875529623182,3.9653708123831413,5.495805914346954,7.409966011480957
499,12475,Wormhole Attack,0.88,0.7078115509003531,0.2773650811009403,0.4198729117938006,0.7078115509003531,0.2773650811009403,0.4198729117938006,0.9851766320012934,1.1276844626941536,0.697237992894741,1.4050495437950938,2.004819329264444,3.2182951521345275,1.432670416211279,2.004819329264444,3.2182951521345275,1.432670416211279,5.223114481398971,3.437489745475723,4.650965568345807,6.65578489761025
500,12500,Flooding Attack,0.84,0.7473744794032813,0.35184781766140105,0.27681458666247777,0.7473744794032813,0.35184781766140105,0.27681458666247777,1.0992222970646823,1.024189066065759,0.6286624043238789,1.3760368837271602,2.243436910972953,4.651503141181202,0.15308330761002995,2.243436910972953,4.651503141181202,0.15308330761002995,6.894940052154155,2.396520218582983,4.804586448791231,7.048023359764184
501,12525,Sybil Attack,0.76,0.9480327348320096,0.17808197214948152,0.5013597701079081,0.9480327348320096,0.17808197214948152,0.5013597701079081,1.126114706981491,1.4493925049399177,0.6794417422573896,1.627474477089399,3.4536756236281008,1.3078746775710466,2.1615307137398045,3.4536756236281008,1.3078746775710466,2.1615307137398045,4.761550301199147,5.615206337367905,3.4694053913108513,6.923081014938951
502,12550,Sybil Attack,0.8,0.8224422541654351,0.30996891455543796,0.2901887778625072,0.8224422541654351,0.30996891455543796,0.2901887778625072,1.132411168720873,1.1126310320279424,0.6001576924179451,1.4225999465833803,2.696196389499889,3.845663005927092,0.27270894024494535,2.696196389499889,3.845663005927092,0.27270894024494535,6.541859395426981,2.968905329744834,4.118371946172037,6.814568335671926
503,12575,Flooding Attack,0.8,0.8434360305770702,0.2792367844570085,0.4109171581186418,0.8434360305770702,0.2792367844570085,0.4109171581186418,1.1226728150340786,1.254353188695712,0.6901539425756503,1.5335899731527203,2.8228170505033514,3.254310748860956,1.3525655573013078,2.8228170505033514,3.254310748860956,1.3525655573013078,6.077127799364307,4.175382607804659,4.606876306162264,7.429693356665615
504,12600,Flooding Attack,0.8,0.5713177660663462,0.28089993358554605,0.38874663390505904,0.5713177660663462,0.28089993358554605,0.38874663390505904,0.8522176996518922,0.9600643999714052,0.6696465674906051,1.2409643335569513,1.1815785306738722,3.286313313858835,1.154261006003154,1.1815785306738722,3.286313313858835,1.154261006003154,4.467891844532708,2.3358395366770264,4.440574319861989,5.622152850535862
505,12625,Blackhole Attack,0.8,0.711000575374873,0.25521886612917144,0.5650178265902178,0.711000575374873,0.25521886612917144,0.5650178265902178,0.9662194415040445,1.2760184019650909,0.8202366927193893,1.5312372680942623,2.024053428885327,2.79215436179287,2.7309210540684763,2.024053428885327,2.79215436179287,2.7309210540684763,4.816207790678197,4.754974482953804,5.523075415861346,7.547128844746673
506,12650,Blackhole Attack,0.8,0.8877398890690179,0.25342482000901767,0.5347781074510249,0.8877398890690179,0.25342482000901767,0.5347781074510249,1.1411647090780357,1.422517996520043,0.7882029274600426,1.6759428165290606,3.0900288058950713,2.75763305724822,2.4604414804909616,3.0900288058950713,2.75763305724822,2.4604414804909616,5.8476618631432915,5.550470286386033,5.218074537739182,8.308103343634253
507,12675,Blackhole Attack,0.76,0.8900842491464287,0.2351902785563371,0.32108960389796315,0.8900842491464287,0.2351902785563371,0.32108960389796315,1.1252745277027658,1.2111738530443918,0.5562798824543003,1.446364131600729,3.104168445034382,2.406761275498222,0.5491017933263903,3.104168445034382,2.406761275498222,0.5491017933263903,5.510929720532603,3.653270238360772,2.955863068824612,6.060031513858994
508,12700,Blackhole Attack,0.88,0.6640575054381272,0.16773202193141049,0.5349924908938704,0.6640575054381272,0.16773202193141049,0.5349924908938704,0.8317895273695377,1.1990499963319976,0.7027245128252808,1.366782018263408,1.7409236846994125,1.1087193830185473,2.462359036071951,1.7409236846994125,1.1087193830185473,2.462359036071951,2.8496430677179596,4.203282720771363,3.5710784190904983,5.312002103789911
509,12725,Normal Traffic,0.72,0.8838318013548653,0.23891947938384725,0.33354554076275994,0.8838318013548653,0.23891947938384725,0.33354554076275994,1.1227512807387126,1.2173773421176253,0.5724650201466072,1.4562968215014724,3.0664577894222433,2.4785191171882692,0.6605140877392744,3.0664577894222433,2.4785191171882692,0.6605140877392744,5.544976906610513,3.726971877161518,3.139033204927544,6.205490994349788
510,12750,Wormhole Attack,0.76,0.6741309534186045,0.22332033309061158,0.5433898308871505,0.6741309534186045,0.22332033309061158,0.5433898308871505,0.8974512865092161,1.217520784305755,0.7667101639777621,1.4408411173963667,1.8016801020710447,2.178358004396378,2.5374691563119254,1.8016801020710447,2.178358004396378,2.5374691563119254,3.980038106467423,4.33914925838297,4.7158271607083035,6.517507262779349
511,12775,Blackhole Attack,0.8,0.7743421771309346,0.23656932721744908,0.6053914640898598,0.7743421771309346,0.23656932721744908,0.6053914640898598,1.0109115043483836,1.3797336412207943,0.8419607913073088,1.6163029684382435,2.4060883389516077,2.4332971366878207,3.092043596391394,2.4060883389516077,2.4332971366878207,3.092043596391394,4.839385475639428,5.498131935343002,5.525340733079215,7.931429072030822
512,12800,Blackhole Attack,0.8,0.7393556053545726,0.28882119272215595,0.418788052703664,0.7393556053545726,0.28882119272215595,0.418788052703664,1.0281767980767285,1.1581436580582365,0.7076092454258199,1.4469648507803925,2.195072333174159,3.4387353703266816,1.4229668795236141,2.195072333174159,3.4387353703266816,1.4229668795236141,5.633807703500841,3.618039212697773,4.861702249850296,7.056774583024454
513,12825,Wormhole Attack,0.8,0.8844470123249918,0.20636956527392863,0.45585954351772495,0.8844470123249918,0.20636956527392863,0.45585954351772495,1.0908165775989205,1.3403065558427167,0.6622291087916536,1.5466761211166453,3.070168337642183,1.852188787511808,1.754553326511283,3.070168337642183,1.852188787511808,1.754553326511283,4.922357125153991,4.824721664153466,3.606742114023091,6.6769104516652735
514,12850,Sybil Attack,0.72,0.872354228590311,0.33521205470313953,0.3023403230263007,0.872354228590311,0.33521205470313953,0.3023403230263007,1.2075662832934504,1.1746945516166116,0.6375523777294403,1.509906606319751,2.997232614224237,4.331395295032005,0.38139859900407463,2.997232614224237,4.331395295032005,0.38139859900407463,7.328627909256242,3.378631213228312,4.712793894036079,7.7100265082603165
515,12875,Sybil Attack,0.76,0.6471333629141233,0.26872119371049735,0.2873494040895928,0.6471333629141233,0.26872119371049735,0.2873494040895928,0.9158545566246206,0.9344827670037161,0.5560705978000902,1.2032039607142133,1.6388483805098077,3.0519681744147116,0.24731212343623082,1.6388483805098077,3.0519681744147116,0.24731212343623082,4.6908165549245195,1.8861605039460385,3.2992802978509426,4.9381286783607505
516,12900,Wormhole Attack,0.72,0.941365168711134,0.2894631812703453,0.4329219085724808,0.941365168711134,0.2894631812703453,0.4329219085724808,1.2308283499814792,1.3742870772836149,0.7223850898428261,1.6637502585539599,3.4134612470930783,3.451088610266981,1.549387342981188,3.4134612470930783,3.451088610266981,1.549387342981188,6.864549857360059,4.962848590074266,5.000475953248169,8.413937200341246
517,12925,Normal Traffic,0.68,0.8604835223011538,0.31977736966955517,0.40357895019758755,0.8604835223011538,0.31977736966955517,0.40357895019758755,1.180260891970709,1.2640624724987413,0.7233563198671427,1.5838398421682964,2.9256363159956815,4.034398770466938,1.2869288580921074,2.9256363159956815,4.034398770466938,1.2869288580921074,6.96003508646262,4.212565174087789,5.321327628559045,8.246963944554727
518,12950,Blackhole Attack,0.8,0.8052059727517328,0.2583708635675856,0.5248519050759861,0.8052059727517328,0.2583708635675856,0.5248519050759861,1.0635768363193183,1.330057877827719,0.7832227686435718,1.5884287413953044,2.5922384686831683,2.85280556929144,2.3716564301640597,2.5922384686831683,2.85280556929144,2.3716564301640597,5.445044037974608,4.963894898847228,5.2244619994554995,7.816700468138667
519,12975,Sybil Attack,0.76,0.7543001533655085,0.2409499399657372,0.29941689121711296,0.7543001533655085,0.2409499399657372,0.29941689121711296,0.9952500933312457,1.0537170445826214,0.5403668311828501,1.2946669845483587,2.285208024363761,2.5175895442669893,0.3552499239620765,2.285208024363761,2.5175895442669893,0.3552499239620765,4.8027975686307505,2.6404579483258375,2.8728394682290657,5.158047492592827
520,13000,Normal Traffic,0.72,0.8190323109011595,0.3552246125103131,0.34527583593423944,0.8190323109011595,0.3552246125103131,0.34527583593423944,1.1742569234114726,1.1643081468353988,0.7005004484445525,1.519532759345712,2.675629852939673,4.7164799341713985,0.7654358702900909,2.675629852939673,4.7164799341713985,0.7654358702900909,7.392109787111071,3.4410657232297637,5.481915804461489,8.157545657401162
521,13025,Sybil Attack,0.72,0.9265531485199278,0.28010185923780007,0.4098674065934298,0.9265531485199278,0.28010185923780007,0.4098674065934298,1.2066550077577278,1.3364205551133574,0.6899692658312299,1.6165224143511576,3.3241248766072173,3.270956647551143,1.3431760406991613,3.3241248766072173,3.270956647551143,1.3431760406991613,6.59508152415836,4.667300917306378,4.614132688250304,7.938257564857521
522,13050,Flooding Attack,0.8,0.8337105036813331,0.27467329666426626,0.40680030026057484,0.8337105036813331,0.27467329666426626,0.40680030026057484,1.1083838003455995,1.240510803941908,0.6814735969248411,1.5151841006061744,2.7641590644412206,3.166499432245783,1.31574226695249,2.7641590644412206,3.166499432245783,1.31574226695249,5.930658496687004,4.07990133139371,4.482241699198273,7.246400763639494
523,13075,Sybil Attack,0.88,0.6414940288009892,0.32034096433926135,0.26091607421300483,0.6414940288009892,0.32034096433926135,0.26091607421300483,0.9618349931402506,0.9024101030139939,0.5812570385522662,1.2227510673532553,1.6048356236325518,4.045243543638656,0.010878849689756193,1.6048356236325518,4.045243543638656,0.010878849689756193,5.650079167271208,1.615714473322308,4.056122393328412,5.660958016960964
524,13100,Blackhole Attack,0.84,0.7350599825356624,0.2666695320199659,0.41583627318784466,0.7350599825356624,0.2666695320199659,0.41583627318784466,1.0017295145556284,1.1508962557235072,0.6825058052078106,1.417565787743473,2.1691639596596866,3.0124897924234193,1.3965646480392988,2.1691639596596866,3.0124897924234193,1.3965646480392988,5.181653752083106,3.5657286076989854,4.409054440462718,6.578218400122404
525,13125,Blackhole Attack,0.84,0.8386475054207985,0.2633938069883935,0.48731513580046193,0.8386475054207985,0.2633938069883935,0.48731513580046193,1.102041312409192,1.3259626412212604,0.7507089427888554,1.5893564482096538,2.793935814053543,2.949457800018591,2.035908293735028,2.793935814053543,2.949457800018591,2.035908293735028,5.743393614072135,4.8298441077885705,4.985366093753619,7.779301907807163
526,13150,Wormhole Attack,0.76,0.8726233751493438,0.26855869630367213,0.4630810086223781,0.8726233751493438,0.26855869630367213,0.4630810086223781,1.141182071453016,1.335704383771722,0.7316397049260502,1.6042630800753943,2.998855929369799,3.0488413749385375,1.8191458180328037,2.998855929369799,3.0488413749385375,1.8191458180328037,6.047697304308336,4.818001747402603,4.867987192971341,7.86684312234114
527,13175,Sybil Attack,0.84,0.8478942634020542,0.2588393007778562,0.5085227052704178,0.8478942634020542,0.2588393007778562,0.5085227052704178,1.1067335641799105,1.3564169686724719,0.767362006048274,1.6152562694503283,2.8497061806978574,2.861819308355412,2.225599683408506,2.8497061806978574,2.861819308355412,2.225599683408506,5.711525489053269,5.0753058641063635,5.0874189917639185,7.937125172461775
528,13200,Wormhole Attack,0.8,0.6229275337853335,0.16274363151720542,0.647315279913659,0.6229275337853335,0.16274363151720542,0.647315279913659,0.7856711653025389,1.2702428136989925,0.8100589114308644,1.4329864452161978,1.4928547286613683,1.0127320264272777,3.467031729534027,1.4928547286613683,1.0127320264272777,3.467031729534027,2.505586755088646,4.959886458195395,4.479763755961304,5.972618484622673
529,13225,Flooding Attack,0.88,0.8670421256044937,0.34047198177667787,0.40406704180258424,0.8670421256044937,0.34047198177667787,0.40406704180258424,1.2075141073811715,1.271109167407078,0.7445390235792622,1.6115811491837557,2.965193500431929,4.432607600751715,1.2912946000018979,2.965193500431929,4.432607600751715,1.2912946000018979,7.397801101183644,4.256488100433827,5.723902200753613,8.689095701185542
530,13250,Flooding Attack,0.76,0.671922522929821,0.2501520115988876,0.17272865382624225,0.671922522929821,0.2501520115988876,0.17272865382624225,0.9220745345287087,0.8446511767560633,0.42288066542512986,1.094803188354951,1.788360300869628,2.6946571869106695,-0.7779147152014432,1.788360300869628,2.6946571869106695,-0.7779147152014432,4.483017487780297,1.0104455856681849,1.9167424717092263,3.7051027725788543
531,13275,Normal Traffic,0.68,0.8079385477261111,0.2571334547884934,0.38551875877429553,0.8079385477261111,0.2571334547884934,0.38551875877429553,1.0650720025146045,1.1934573065004066,0.642652213562789,1.4505907612889,2.6087195649239354,2.828995163957154,1.1253892335864977,2.6087195649239354,2.828995163957154,1.1253892335864977,5.437714728881089,3.734108798510433,3.9543843975436515,6.563103962467587
532,13300,Blackhole Attack,0.88,0.7360080778663647,0.2649318843662522,0.4464598635696794,0.7360080778663647,0.2649318843662522,0.4464598635696794,1.000939962232617,1.1824679414360442,0.7113917479359316,1.4473998258022964,2.1748822475519636,2.979053715629582,1.6704777630971601,2.1748822475519636,2.979053715629582,1.6704777630971601,5.153935963181546,3.8453600106491237,4.649531478726742,6.824413726278706
533,13325,Wormhole Attack,0.92,0.781976066133358,0.25032053844404706,0.499000059498749,0.781976066133358,0.25032053844404706,0.499000059498749,1.0322966045774051,1.280976125632107,0.749320597942796,1.531296664076154,2.4521309399854174,2.6979000057436653,2.140424250535109,2.4521309399854174,2.6979000057436653,2.140424250535109,5.150030945729083,4.592555190520526,4.838324256278774,7.290455196264192
534,13350,Wormhole Attack,0.72,0.7562622476313969,0.24726400092650744,0.4792337658211438,0.7562622476313969,0.24726400092650744,0.4792337658211438,1.0035262485579044,1.2354960134525408,0.7264977667476512,1.4827600143790483,2.2970420873749404,2.6390856523612176,1.9636243715244182,2.2970420873749404,2.6390856523612176,1.9636243715244182,4.936127739736158,4.260666458899358,4.602710023885636,6.899752111260575
535,13375,Wormhole Attack,0.84,0.8327001702447985,0.24949045344211462,0.4289324371236804,0.8327001702447985,0.24949045344211462,0.4289324371236804,1.082190623686913,1.261632607368479,0.678422890565795,1.5111230608105934,2.7580653972010083,2.681927385626631,1.5137034620792438,2.7580653972010083,2.681927385626631,1.5137034620792438,5.439992782827639,4.271768859280252,4.195630847705875,6.953696244906883
536,13400,Flooding Attack,0.84,0.8025254428726175,0.26286722898981507,0.35514424932504907,0.8025254428726175,0.26286722898981507,0.35514424932504907,1.0653926718624325,1.1576696921976666,0.6180114783148641,1.4205369211874816,2.5760712742500123,2.939325307185085,0.8537040262721793,2.5760712742500123,2.939325307185085,0.8537040262721793,5.515396581435097,3.4297753005221914,3.7930293334572642,6.369100607707277
537,13425,Flooding Attack,0.84,0.7313525824047197,0.26112408465586334,0.6089629176203107,0.7313525824047197,0.26112408465586334,0.6089629176203107,0.992476667060583,1.3403155000250304,0.8700870022761741,1.6014395846808938,2.146803358785414,2.9057834624456254,3.1239885104139673,2.146803358785414,2.9057834624456254,3.1239885104139673,5.052586821231039,5.270791869199382,6.029771972859592,8.176575331645006
538,13450,Wormhole Attack,0.76,0.8241220239227539,0.26530302154075047,0.3936949382936123,0.8241220239227539,0.26530302154075047,0.3936949382936123,1.0894250454635044,1.2178169622163662,0.6589979598343627,1.4831199837571167,2.7063276566352026,2.9861951928105577,1.198521180999718,2.7063276566352026,2.9861951928105577,1.198521180999718,5.69252284944576,3.904848837634921,4.184716373810276,6.891044030445478
539,13475,Blackhole Attack,0.72,0.6351231362767994,0.13478848873576016,0.5878680161590596,0.6351231362767994,0.13478848873576016,0.5878680161590596,0.7699116250125595,1.222991152435859,0.7226565048948197,1.3577796411716192,1.5664105872418694,0.47481497585294835,2.9353048812560547,1.5664105872418694,0.47481497585294835,2.9353048812560547,2.0412255630948177,4.501715468497924,3.4101198571090032,4.976530444350873
540,13500,Normal Traffic,0.72,0.7832301345854467,0.2809003536892954,0.5309054483386694,0.7832301345854467,0.2809003536892954,0.5309054483386694,1.064130488274742,1.314135582924116,0.8118058020279648,1.5950359366134115,2.459694656642848,3.286321397558194,2.4258024290996607,2.459694656642848,3.286321397558194,2.4258024290996607,5.746016054201042,4.885497085742509,5.712123826657855,8.171818483300703
541,13525,Wormhole Attack,0.76,0.7092130774183484,0.21232672603774813,0.39140799940964577,0.7092130774183484,0.21232672603774813,0.39140799940964577,0.9215398034560965,1.100621076827994,0.6037347254473939,1.3129478028657422,2.013272416057542,1.9668173684825265,1.178065625467412,2.013272416057542,1.9668173684825265,1.178065625467412,3.9800897845400685,3.191338041524954,3.1448829939499383,5.15815541000748
542,13550,Normal Traffic,0.72,1.2480582688338546,0.3147041431206907,0.3608094919070206,1.2480582688338546,0.3147041431206907,0.3608094919070206,1.5627624119545453,1.6088677607408752,0.6755136350277113,1.923571903861566,5.2632324507731285,3.936778984247429,0.9043768645591868,5.2632324507731285,3.936778984247429,0.9043768645591868,9.200011435020556,6.1676093153323155,4.841155848806616,10.104388299579742
543,13575,Wormhole Attack,0.84,0.851209451496174,0.23322850303774426,0.616712013567365,0.851209451496174,0.23322850303774426,0.616712013567365,1.0844379545339182,1.467921465063539,0.8499405166051093,1.7011499681012832,2.8697012163502147,2.3690124967099844,3.193300403084755,2.8697012163502147,2.3690124967099844,3.193300403084755,5.238713713060199,6.06300161943497,5.5623128997947395,8.432014116144954
544,13600,Normal Traffic,0.72,0.6340891197826898,0.19878049011097804,0.6094433838911054,0.6340891197826898,0.19878049011097804,0.6094433838911054,0.8328696098936679,1.2435325036737952,0.8082238740020835,1.4423129937847734,1.5601740793642263,1.7061586648915494,3.1282860474196763,1.5601740793642263,1.7061586648915494,3.1282860474196763,3.2663327442557755,4.688460126783903,4.8344447123112255,6.394618791675452
545,13625,Wormhole Attack,0.8,0.8258352795355652,0.2428650392344249,0.5737811103547921,0.8258352795355652,0.2428650392344249,0.5737811103547921,1.0687003187699902,1.3996163898903573,0.816646149589217,1.6424814291247822,2.716660888442027,2.5544401716532787,2.8093043632807877,2.716660888442027,2.5544401716532787,2.8093043632807877,5.271101060095306,5.525965251722814,5.363744534934066,8.080405423376094
546,13650,Wormhole Attack,0.88,0.8340970909955799,0.2095402054844472,0.5631556254024422,0.8340970909955799,0.2095402054844472,0.5631556254024422,1.0436372964800271,1.3972527163980222,0.7726958308868894,1.6067929218824695,2.7664907050334464,1.9131987220275617,2.714264570558606,2.7664907050334464,1.9131987220275617,2.714264570558606,4.6796894270610085,5.4807552755920526,4.627463292586167,7.393953997619615
547,13675,Normal Traffic,0.64,0.707638818728987,0.2419938391914255,0.45852766026763137,0.707638818728987,0.2419938391914255,0.45852766026763137,0.9496326579204125,1.1661664789966184,0.7005214994590568,1.408160318188044,2.003777522336234,2.5376764097489213,1.7784183325798866,2.003777522336234,2.5376764097489213,1.7784183325798866,4.5414539320851555,3.7821958549161208,4.316094742328808,6.319872264665042
548,13700,Normal Traffic,0.68,0.7681099594410634,0.19437358345474304,0.3693486625685316,0.7681099594410634,0.19437358345474304,0.3693486625685316,0.9624835428958065,1.137458622009595,0.5637222460232747,1.3318322054643381,2.3684996980164965,1.6213603059916721,0.9807555911141439,2.3684996980164965,1.6213603059916721,0.9807555911141439,3.9898600040081686,3.3492552891306406,2.602115897105816,4.970615595122313
549,13725,Sybil Attack,0.92,0.7720250362013686,0.28988491915809156,0.376750920338564,0.7720250362013686,0.28988491915809156,0.376750920338564,1.0619099553594602,1.1487759565399327,0.6666358394966556,1.4386608756980241,2.3921128678221155,3.459203753962204,1.0469651850569086,2.3921128678221155,3.459203753962204,1.0469651850569086,5.851316621784319,3.439078052879024,4.506168939019112,6.8982818068412275
550,13750,Wormhole Attack,0.8,0.6679929536555319,0.19275358593429373,0.4841431460320021,0.6679929536555319,0.19275358593429373,0.4841431460320021,0.8607465395898256,1.152136099687534,0.6768967319662959,1.3448896856218278,1.7646597217449678,1.5901880707092177,2.00753638869133,1.7646597217449678,1.5901880707092177,2.00753638869133,3.3548477924541853,3.772196110436298,3.597724459400548,5.362384181145515
551,13775,Sybil Attack,0.72,0.7045977819989935,0.2988035556835213,0.2910560160745553,0.7045977819989935,0.2988035556835213,0.2910560160745553,1.0034013376825148,0.9956537980735487,0.5898595717580766,1.29445735375707,1.9854359875243177,3.6308174957488455,0.28046596406865126,1.9854359875243177,3.6308174957488455,0.28046596406865126,5.616253483273163,2.265901951592969,3.9112834598174966,5.896719447341814
552,13800,Normal Traffic,0.72,0.9196226492709453,0.3132406915859358,0.29477724830751056,0.9196226492709453,0.3132406915859358,0.29477724830751056,1.232863340856881,1.2143998975784558,0.6080179398934464,1.5276405891643916,3.282324660258156,3.908619030303057,0.3137505757054085,3.282324660258156,3.908619030303057,0.3137505757054085,7.1909436905612125,3.5960752359635646,4.222369606008465,7.504694266266621
553,13825,Normal Traffic,0.64,0.9665945843965031,0.2592683136264748,0.4291888019410209,0.9665945843965031,0.2592683136264748,0.4291888019410209,1.225862898022978,1.395783386337524,0.6884571155674957,1.6550516999639988,3.565628500291131,2.870074437938959,1.515996520627683,3.565628500291131,2.870074437938959,1.515996520627683,6.43570293823009,5.081625020918814,4.386070958566642,7.951699458857773
554,13850,Blackhole Attack,0.84,0.7482960493351555,0.22951341385949936,0.37238242758032475,0.7482960493351555,0.22951341385949936,0.37238242758032475,0.9778094631946548,1.1206784769154803,0.6018958414398241,1.3501918907749795,2.2489952150935095,2.2975261934917977,1.0078911429672255,2.2489952150935095,2.2975261934917977,1.0078911429672255,4.546521408585307,3.256886358060735,3.305417336459023,5.554412551552533
555,13875,Normal Traffic,0.72,0.8174882546498251,0.28204041734077023,0.36171859102963627,0.8174882546498251,0.28204041734077023,0.36171859102963627,1.0995286719905955,1.1792068456794613,0.6437590083704066,1.4612472630202318,2.6663171204737726,3.308258673345438,0.9125083138591269,2.6663171204737726,3.308258673345438,0.9125083138591269,5.974575793819211,3.5788254343328996,4.220766987204565,6.887084107678338
556,13900,Flooding Attack,0.84,0.7259817458588521,0.2809458249986212,0.31206275274087153,0.7259817458588521,0.2809458249986212,0.31206275274087153,1.0069275708574734,1.0380444985997237,0.5930085777394927,1.318990323598345,2.11441000276194,3.2871963633127788,0.46836100203533054,2.11441000276194,3.2871963633127788,0.46836100203533054,5.401606366074718,2.5827710047972703,3.755557365348109,5.869967368110049
557,13925,Wormhole Attack,0.88,0.6336771661338514,0.2528586113734058,0.40456995251703454,0.6336771661338514,0.2528586113734058,0.40456995251703454,0.8865357775072572,1.038247118650886,0.6574285638904404,1.2911057300242916,1.5576894457139507,2.7467379857524596,1.2957928916350294,1.5576894457139507,2.7467379857524596,1.2957928916350294,4.304427431466411,2.8534823373489804,4.042530877387489,5.60022032310144
558,13950,Blackhole Attack,0.84,0.8931307782006188,0.29850109689083487,0.4356622259858143,0.8931307782006188,0.29850109689083487,0.4356622259858143,1.1916318750914536,1.328793004186433,0.7341633228766491,1.627294101077268,3.1225431059359816,3.6249975382922113,1.573898148852557,3.1225431059359816,3.6249975382922113,1.573898148852557,6.747540644228193,4.696441254788539,5.198895687144768,8.32143879308075
559,13975,Wormhole Attack,0.88,0.8686414769274802,0.29314416495816226,0.5433514984831903,0.8686414769274802,0.29314416495816226,0.5433514984831903,1.1617856418856425,1.4119929754106706,0.8364956634413525,1.7051371403688327,2.974839736426949,3.5219186505226485,2.5371262916103836,2.974839736426949,3.5219186505226485,2.5371262916103836,6.4967583869495975,5.511966028037333,6.059044942133032,9.033884678559982
560,14000,Blackhole Attack,0.68,0.9644055601893367,0.2720821999238161,0.4306680365639494,0.9644055601893367,0.2720821999238161,0.4306680365639494,1.2364877601131528,1.3950735967532861,0.7027502364877656,1.6671557966771022,3.5524257450255092,3.1166411601105817,1.5292275545598812,3.5524257450255092,3.1166411601105817,1.5292275545598812,6.669066905136091,5.0816532995853905,4.645868714670463,8.198294459695973
561,14025,Blackhole Attack,0.8,0.8934450976096663,0.2723780846411705,0.46837904187392376,0.8934450976096663,0.2723780846411705,0.46837904187392376,1.1658231822508367,1.36182413948359,0.7407571265150943,1.6342022241247605,3.1244388740226494,3.1223346182235896,1.8665341475368393,3.1244388740226494,3.1223346182235896,1.8665341475368393,6.2467734922462395,4.990973021559489,4.988868765760429,8.113307639783079
562,14050,Wormhole Attack,0.84,0.8617638558899317,0.19046817152547313,0.4719205793672244,0.8617638558899317,0.19046817152547313,0.4719205793672244,1.0522320274154047,1.333684435257156,0.6623887508926976,1.524152606782629,2.93335844669467,1.546211783850514,1.898211477163728,2.93335844669467,1.546211783850514,1.898211477163728,4.479570230545184,4.831569923858398,3.444423261014242,6.377781707708912
563,14075,Wormhole Attack,0.88,0.7410395559996554,0.27314404116316376,0.5631825272598181,0.7410395559996554,0.27314404116316376,0.5631825272598181,1.0141835971628193,1.3042220832594735,0.8363265684229819,1.5773661244226374,2.2052288166765472,3.137073268510586,2.714505194582856,2.2052288166765472,3.137073268510586,2.714505194582856,5.342302085187134,4.919734011259403,5.851578463093443,8.05680727976999
564,14100,Blackhole Attack,0.88,0.7960936569960769,0.2739266647059876,0.4683071538629896,0.7960936569960769,0.2739266647059876,0.4683071538629896,1.0700203217020645,1.2644008108590665,0.7422338185689772,1.5383274755650542,2.5372789691805466,3.1521326281123994,1.8658911442584918,2.5372789691805466,3.1521326281123994,1.8658911442584918,5.6894115972929455,4.403170113439039,5.018023772370891,7.555302741551437
565,14125,Wormhole Attack,0.84,0.6130749950726053,0.22629519652866908,0.6297770393422524,0.6130749950726053,0.22629519652866908,0.6297770393422524,0.8393701916012744,1.2428520344148577,0.8560722358709214,1.4691472309435267,1.4334306907985832,2.235600772890604,3.3101607014263053,1.4334306907985832,2.235600772890604,3.3101607014263053,3.6690314636891874,4.7435913922248885,5.54576147431691,6.979192165115492
566,14150,Blackhole Attack,0.88,0.8182057849914115,0.22903458107999414,0.4008349572597707,0.8182057849914115,0.22903458107999414,0.4008349572597707,1.0472403660714056,1.2190407422511822,0.6298695383397648,1.4480753233311763,2.6706447918922103,2.288312421325314,1.262385176442681,2.6706447918922103,2.288312421325314,1.262385176442681,4.958957213217524,3.9330299683348913,3.550697597767995,6.221342389660205
567,14175,Normal Traffic,0.72,0.7946878724055854,0.18913038729713008,0.7020246574168698,0.7946878724055854,0.18913038729713008,0.7020246574168698,0.9838182597027154,1.4967125298224553,0.8911550447139999,1.6858429171195852,2.5288002004928,1.5204699390657763,3.9563804906665587,2.5288002004928,1.5204699390657763,3.9563804906665587,4.049270139558576,6.485180691159359,5.476850429732335,8.005650630225135
568,14200,Flooding Attack,0.8,0.8441483077318672,0.29258360413049816,0.42652764821579814,0.8441483077318672,0.29258360413049816,0.42652764821579814,1.1367319118623653,1.2706759559476652,0.7191112523462964,1.5632595600781634,2.827113038151771,3.5111322549945703,1.4921937954267877,2.827113038151771,3.5111322549945703,1.4921937954267877,6.3382452931463416,4.319306833578558,5.003326050421358,7.830439088573129
569,14225,Flooding Attack,0.76,0.7415972383372084,0.216470695043066,0.3404635822198904,0.7415972383372084,0.216470695043066,0.3404635822198904,0.9580679333802744,1.0820608205570987,0.5569342772629564,1.2985315156001649,2.2085923899959132,2.0465562416637275,0.7223926023743864,2.2085923899959132,2.0465562416637275,0.7223926023743864,4.25514863165964,2.9309849923702997,2.768948844038114,4.977541234034026
570,14250,Normal Traffic,0.68,0.9140085702515113,0.2296291659952032,0.49535451256177976,0.9140085702515113,0.2296291659952032,0.49535451256177976,1.1436377362467145,1.409363082813291,0.724983678556983,1.6389922488084943,3.2484642255070058,2.299753513449427,2.107816607043796,3.2484642255070058,2.299753513449427,2.107816607043796,5.548217738956433,5.356280832550802,4.407570120493222,7.656034346000229
571,14275,Sybil Attack,0.84,0.8147812501789806,0.2802251690587434,0.5622388024243413,0.8147812501789806,0.2802251690587434,0.5622388024243413,1.095006419237724,1.377020052603322,0.8424639714830847,1.6572452216620652,2.649990248703923,3.2733293936217764,2.706064035129644,2.649990248703923,3.2733293936217764,2.706064035129644,5.9233196423256995,5.356054283833567,5.97939342875142,8.629383677455344
572,14300,Wormhole Attack,0.72,0.6580644297024737,0.16465953513903697,0.3499579240177998,0.6580644297024737,0.16465953513903697,0.3499579240177998,0.8227239648415107,1.0080223537202735,0.5146174591568368,1.1726818888593105,1.704777390854361,1.0495981312974108,0.8073148699747278,1.704777390854361,1.0495981312974108,0.8073148699747278,2.754375522151772,2.512092260829089,1.8569130012721384,3.5616903921264997
573,14325,Wormhole Attack,0.84,0.6294140624025684,0.17478398852522464,0.4168769816162879,0.6294140624025684,0.17478398852522464,0.4168769816162879,0.8041980509277931,1.0462910440188562,0.5916609701415125,1.221075032544081,1.5319772059626395,1.2444143819870734,1.4058732785410621,1.5319772059626395,1.2444143819870734,1.4058732785410621,2.776391587949713,2.9378504845037017,2.650287660528136,4.182264866490775
574,14350,Wormhole Attack,0.88,0.6973204665864603,0.22194108434349152,0.435431803166047,0.6973204665864603,0.22194108434349152,0.435431803166047,0.9192615509299518,1.1327522697525074,0.6573728875095386,1.354693354095999,1.9415440040241527,2.1518182931218,1.5718371288494841,1.9415440040241527,2.1518182931218,1.5718371288494841,4.093362297145953,3.513381132873637,3.7236554219712845,5.6651994259954375
575,14375,Normal Traffic,0.72,0.8699669021785438,0.22278068214636246,0.6379179291551611,0.8699669021785438,0.22278068214636246,0.6379179291551611,1.0927475843249062,1.5078848313337048,0.8606986113015236,1.7306655134800673,2.9828338303960233,2.16797395998138,3.3829769995870644,2.9828338303960233,2.16797395998138,3.3829769995870644,5.150807790377403,6.365810829983088,5.5509509595684445,8.533784789964468
576,14400,Wormhole Attack,0.8,0.9266334483880984,0.23909231860555707,0.5311650357914172,0.9266334483880984,0.23909231860555707,0.5311650357914172,1.1657257669936554,1.4577984841795155,0.7702573543969742,1.6968908027850724,3.3246091926343526,2.48184491541769,2.4281243125537397,3.3246091926343526,2.48184491541769,2.4281243125537397,5.806454108052042,5.752733505188092,4.9099692279714295,8.234578420605782
577,14425,Sybil Attack,0.72,0.7936552952572726,0.25670550686372473,0.5223024912463816,0.7936552952572726,0.25670550686372473,0.5223024912463816,1.0503608021209974,1.3159577865036542,0.7790079981101063,1.572663293367379,2.522572373802983,2.820760525798061,2.3488531639587755,2.522572373802983,2.820760525798061,2.3488531639587755,5.3433328996010445,4.871425537761759,5.1696136897568365,7.69218606355982
578,14450,Wormhole Attack,0.76,0.789798475947097,0.20655058341672125,0.6275744197878018,0.789798475947097,0.20655058341672125,0.6275744197878018,0.9963490593638182,1.4173728957348988,0.8341250032045231,1.6239234791516202,2.4993105746464144,1.8556719657675125,3.2904593412681966,2.4993105746464144,1.8556719657675125,3.2904593412681966,4.354982540413927,5.789769915914611,5.146131307035709,7.645441881682123
579,14475,Blackhole Attack,0.84,0.8334191472363616,0.28770841454322454,0.49380976850559233,0.8334191472363616,0.28770841454322454,0.49380976850559233,1.1211275617795862,1.327228915741954,0.7815181830488169,1.6149373302851786,2.762401793861285,3.417323125694844,2.09399962310685,2.762401793861285,3.417323125694844,2.09399962310685,6.179724919556129,4.856401416968135,5.511322748801694,8.273724542662979
580,14500,Blackhole Attack,0.8,0.7678414621105702,0.24989680480102083,0.36069974589373655,0.7678414621105702,0.24989680480102083,0.36069974589373655,1.017738266911591,1.128541208004307,0.6105965506947574,1.3784380128053275,2.3668802985907758,2.689746459425989,0.9033952398708663,2.3668802985907758,2.689746459425989,0.9033952398708663,5.0566267580167645,3.270275538461642,3.5931416992968552,5.9600219978876305
581,14525,Flooding Attack,0.84,0.7513521783005926,0.3091369332601953,0.5507232225681816,0.7513521783005926,0.3091369332601953,0.5507232225681816,1.060489111560788,1.3020754008687743,0.8598601558283769,1.6112123341289695,2.2674277763501407,3.829653897049745,2.6030627765976173,2.2674277763501407,3.829653897049745,2.6030627765976173,6.097081673399886,4.870490552947758,6.432716673647363,8.700144449997504
582,14550,Sybil Attack,0.76,0.6426579564089349,0.23916692404839016,0.4268996333053035,0.6426579564089349,0.23916692404839016,0.4268996333053035,0.881824880457325,1.0695575897142384,0.6660665573536937,1.3087245137626284,1.6118556699638342,2.483280484539239,1.495521021050924,1.6118556699638342,2.483280484539239,1.495521021050924,4.0951361545030736,3.107376691014758,3.9788015055901633,5.590657175553997
583,14575,Blackhole Attack,0.76,0.9463691273190074,0.2682898701583171,0.5436514280942818,0.9463691273190074,0.2682898701583171,0.5436514280942818,1.2146589974773245,1.490020555413289,0.8119412982525989,1.7583104255716062,3.4436418365277524,3.043668581926634,2.5398090160410534,3.4436418365277524,3.043668581926634,2.5398090160410534,6.487310418454387,5.983450852568806,5.583477597967687,9.02711943449544
584,14600,Blackhole Attack,0.8,0.8201340677891634,0.2853404357247125,0.44853339115330787,0.8201340677891634,0.2853404357247125,0.44853339115330787,1.105474503513876,1.2686674589424713,0.7338738268780204,1.5540078946671838,2.6822749263504226,3.3717581220804846,1.6890244583901775,2.6822749263504226,3.3717581220804846,1.6890244583901775,6.054033048430908,4.3712993847406,5.060782580470662,7.743057506821085
585,14625,Sybil Attack,0.84,0.7617533711606684,0.2902696628286668,0.3549485816957343,0.7617533711606684,0.2902696628286668,0.3549485816957343,1.0520230339893353,1.1167019528564026,0.645218244524401,1.4069716156850696,2.3301609354228163,3.466607049381619,0.8519538745364316,2.3301609354228163,3.466607049381619,0.8519538745364316,5.796767984804435,3.182114809959248,4.31856092391805,6.648721859340867
586,14650,Sybil Attack,0.8,0.855348425016045,0.29335383133046555,0.510144017959418,0.855348425016045,0.29335383133046555,0.510144017959418,1.1487022563465106,1.3654924429754631,0.8034978492898835,1.6588462743059287,2.894664784251769,3.525953082307732,2.2401015365089942,2.894664784251769,3.525953082307732,2.2401015365089942,6.4206178665595015,5.134766320760763,5.766054618816726,8.660719403068496
587,14675,Wormhole Attack,0.72,0.7765756364564621,0.20018597028548796,0.3481694714468317,0.7765756364564621,0.20018597028548796,0.3481694714468317,0.97676160674195,1.1247451079032937,0.5483554417323196,1.3249310781887818,2.4195590976458803,1.7332031252265856,0.791318031957403,2.4195590976458803,1.7332031252265856,0.791318031957403,4.152762222872466,3.210877129603283,2.5245211571839885,4.94408025482987
588,14700,Blackhole Attack,0.72,0.9078040613129875,0.3099213843131365,0.3697554416866417,0.9078040613129875,0.3099213843131365,0.3697554416866417,1.217725445626124,1.2775595029996292,0.6796768259997782,1.5874808873127657,3.2110427055482447,3.844748421875357,0.984394032393979,3.2110427055482447,3.844748421875357,0.984394032393979,7.055791127423602,4.195436737942224,4.829142454269336,8.04018515981758
589,14725,Normal Traffic,0.72,0.7544718000437579,0.2877146750053926,0.29720331583555226,0.7544718000437579,0.2877146750053926,0.29720331583555226,1.0421864750491505,1.05167511587931,0.5849179908409449,1.3393897908847028,2.28624328431094,3.417443590446929,0.3354505692613833,2.28624328431094,3.417443590446929,0.3354505692613833,5.703686874757869,2.621693853572323,3.7528941597083123,6.039137444019253
590,14750,Blackhole Attack,0.8,0.7741508691772848,0.2234904449010283,0.23210759888290639,0.7741508691772848,0.2234904449010283,0.23210759888290639,0.9976413140783131,1.0062584680601911,0.45559804378393465,1.2297489129612196,2.40493449511373,2.181631321368594,-0.24679894443380926,2.40493449511373,2.181631321368594,-0.24679894443380926,4.586565816482324,2.1581355506799205,1.9348323769347846,4.339766872048514
591,14775,Normal Traffic,0.72,0.8180832223804491,0.22332283458580765,0.5908895863735717,0.8180832223804491,0.22332283458580765,0.5908895863735717,1.0414060569662567,1.4089728087540208,0.8142124209593793,1.6322956433398284,2.6699055747780482,2.1784061385421567,2.962331356581234,2.6699055747780482,2.1784061385421567,2.962331356581234,4.848311713320205,5.632236931359282,5.140737495123391,7.81064306990144
592,14800,Flooding Attack,0.96,0.30926030434855045,0.22741715758429065,0.47981479320538273,0.30926030434855045,0.22741715758429065,0.47981479320538273,0.5366774619328412,0.7890750975539331,0.7072319507896734,1.0164922551382238,-0.3989798392441293,2.2571897158131136,1.968821378758593,-0.3989798392441293,2.2571897158131136,1.968821378758593,1.8582098765689843,1.5698415395144638,4.226011094571707,3.8270312553275776
593,14825,Normal Traffic,0.76,0.8457022078238282,0.23161753471002264,0.4465174330974586,0.8457022078238282,0.23161753471002264,0.4465174330974586,1.0773197425338508,1.292219640921287,0.6781349678074813,1.5238371756313094,2.8364851421943955,2.3380140025083436,1.6709926945108118,2.8364851421943955,2.3380140025083436,1.6709926945108118,5.1744991447027395,4.507477836705207,4.009006697019156,6.845491839213551
594,14850,Blackhole Attack,0.88,0.9327938374623094,0.18611662678688864,0.5248969865910037,0.9327938374623094,0.18611662678688864,0.5248969865910037,1.118910464249198,1.457690824053313,0.7110136133778924,1.6438074508402019,3.3617646105696797,1.4624787072741623,2.372059662380009,3.3617646105696797,1.4624787072741623,2.372059662380009,4.824243317843842,5.733824272949689,3.8345383696541715,7.196302980223852
595,14875,Wormhole Attack,0.88,0.9069671258183669,0.2696173056941573,0.4788222373757648,0.9069671258183669,0.2696173056941573,0.4788222373757648,1.1765844315125242,1.3857893631941316,0.7484395430699221,1.655406668888289,3.2059948607266056,3.069211295617964,1.959943449823103,3.2059948607266056,3.069211295617964,1.959943449823103,6.27520615634457,5.165938310549708,5.029154745441067,8.235149606167672
596,14900,Normal Traffic,0.72,0.6932373207673459,0.20227166610185407,0.4554109846200006,0.6932373207673459,0.20227166610185407,0.4554109846200006,0.8955089868692,1.1486483053873466,0.6576826507218547,1.3509199714892006,1.916917152120402,1.7733363969721887,1.7505411854321142,1.916917152120402,1.7733363969721887,1.7505411854321142,3.6902535490925907,3.6674583375525165,3.523877582404303,5.4407947345247045
597,14925,Normal Traffic,0.72,0.8304808766790776,0.2453868801215284,0.48627344144130713,0.8304808766790776,0.2453868801215284,0.48627344144130713,1.0758677568006059,1.3167543181203847,0.7316603215628356,1.562141198241913,2.7446800770593414,2.6029658122702477,2.026590844562786,2.7446800770593414,2.6029658122702477,2.026590844562786,5.3476458893295895,4.771270921622127,4.629556656833033,7.374236733892376
598,14950,Wormhole Attack,0.76,0.7376182855094051,0.21011971960866144,0.5657816048192424,0.7376182855094051,0.21011971960866144,0.5657816048192424,0.9477380051180666,1.3033998903286474,0.7759013244279038,1.5135196099373092,2.1845939617341537,1.924349819730786,2.7377526786858697,2.1845939617341537,1.924349819730786,2.7377526786858697,4.10894378146494,4.922346640420024,4.6621024984166555,6.84669646015081
599,14975,Wormhole Attack,0.8,0.6209217848711749,0.28480653461569955,0.4329721830808372,0.6209217848711749,0.28480653461569955,0.4329721830808372,0.9057283194868744,1.053893967952012,0.7177787176965367,1.3387005025677117,1.480757369504157,3.361484716857556,1.5498370239957324,1.480757369504157,3.361484716857556,1.5498370239957324,4.842242086361713,3.0305943934998893,4.911321740853288,6.392079110357446
600,15000,Wormhole Attack,0.84,0.7383657227550673,0.22619889143682365,0.41599790500529576,0.7383657227550673,0.22619889143682365,0.41599790500529576,0.9645646141918909,1.154363627760363,0.6421967964421194,1.3805625191971866,2.1891020119414475,2.233747655867887,1.3980103659991614,2.1891020119414475,2.233747655867887,1.3980103659991614,4.422849667809334,3.587112377940609,3.631758021867048,5.820860033808495
601,15025,Wormhole Attack,0.92,0.5836982432776608,0.19247052287545727,0.4746317903604343,0.5836982432776608,0.19247052287545727,0.4746317903604343,0.7761687661531181,1.0583300336380952,0.6671023132358915,1.2508005565135525,1.256249432054253,1.5847413288726164,1.92246194026977,1.256249432054253,1.5847413288726164,1.92246194026977,2.8409907609268696,3.178711372324023,3.5072032691423862,4.763452701196639
602,15050,Wormhole Attack,0.84,0.5880508034192888,0.2778125363350681,0.532611366226652,0.5880508034192888,0.2778125363350681,0.532611366226652,0.8658633397543569,1.1206621696459407,0.81042390256172,1.398474705981009,1.2825012140768919,3.226905152866336,2.4410610345376242,1.2825012140768919,3.226905152866336,2.4410610345376242,4.509406366943228,3.723562248614516,5.667966187403961,6.950467401480852
603,15075,Blackhole Attack,0.84,0.9314509047807721,0.23137927275544518,0.4637407995855624,0.9314509047807721,0.23137927275544518,0.4637407995855624,1.1628301775362173,1.3951917043663344,0.6951200723410076,1.6265709771217798,3.353664923286873,2.333429330239903,1.8250473271556544,3.353664923286873,2.333429330239903,1.8250473271556544,5.6870942535267766,5.178712250442527,4.158476657395558,7.512141580682431
604,15100,Sybil Attack,0.72,0.9957615698963781,0.25419467290327186,0.45505157474202035,0.9957615698963781,0.25419467290327186,0.45505157474202035,1.24995624279965,1.4508131446383985,0.7092462476452922,1.7050078175416703,3.7415445866140176,2.7724466821147042,1.7473264389561902,3.7415445866140176,2.7724466821147042,1.7473264389561902,6.513991268728722,5.488871025570208,4.5197731210708945,8.261317707684912
605,15125,Blackhole Attack,0.88,0.8188410857912916,0.1904852836735335,0.6067416401775796,0.8188410857912916,0.1904852836735335,0.6067416401775796,1.0093263694648251,1.4255827259688711,0.7972269238511132,1.6160680096424047,2.674476508761037,1.5465410583702544,3.104120264523794,2.674476508761037,1.5465410583702544,3.104120264523794,4.221017567131291,5.778596773284831,4.650661322894049,7.325137831655085
606,15150,Flooding Attack,0.76,0.8461519936890538,0.2831421300908265,0.39852455331530684,0.8461519936890538,0.2831421300908265,0.39852455331530684,1.1292941237798804,1.2446765470043606,0.6816666834061333,1.5278186770951871,2.8391979549084203,3.3294579953350847,1.2417197373619175,2.8391979549084203,3.3294579953350847,1.2417197373619175,6.1686559502435045,4.080917692270338,4.571177732697002,7.410375687605422
607,15175,Normal Traffic,0.72,0.47095111974356185,0.25459683469981353,0.536238858834809,0.47095111974356185,0.25459683469981353,0.536238858834809,0.7255479544433754,1.007189978578371,0.7908356935346226,1.2617868132781844,0.5762328867596848,2.7801851397266235,2.4735071908426365,0.5762328867596848,2.7801851397266235,2.4735071908426365,3.3564180264863084,3.0497400776023214,5.25369233056926,5.829925217328945
608,15200,Normal Traffic,0.6,0.8830888814402099,0.30886575143274564,0.43248530904331345,0.8830888814402099,0.30886575143274564,0.43248530904331345,1.1919546328729556,1.3155741904835234,0.7413510604760591,1.624439941916269,3.061976984786534,3.824435775649632,1.5454821726345402,3.061976984786534,3.824435775649632,1.5454821726345402,6.886412760436166,4.607459157421074,5.369917948284172,8.431894933070705
609,15225,Normal Traffic,0.76,0.8760851752993823,0.23972341207185455,0.45843900886016564,0.8760851752993823,0.23972341207185455,0.45843900886016564,1.115808587371237,1.334524184159548,0.6981624209320202,1.5742475962314026,3.019735232581623,2.493988510558001,1.7776253888763422,3.019735232581623,2.493988510558001,1.7776253888763422,5.513723743139624,4.797360621457965,4.271613899434343,7.2913491320159665
610,15250,Flooding Attack,0.76,0.7066375646443676,0.3439205515005749,0.3502392054760795,0.7066375646443676,0.3439205515005749,0.3502392054760795,1.0505581161449424,1.0568767701204471,0.6941597569766544,1.4007973216210219,1.9977386157793044,4.498965496652353,0.8098307957523635,1.9977386157793044,4.498965496652353,0.8098307957523635,6.496704112431658,2.807569411531668,5.3087962924047165,7.306534908184021
611,15275,Sybil Attack,0.8,0.8253766997027308,0.24106183372732112,0.4873830106786415,0.8253766997027308,0.24106183372732112,0.4873830106786415,1.066438533430052,1.3127597103813722,0.7284448444059626,1.5538215441086933,2.713895036295284,2.519742620811061,2.036515401493606,2.713895036295284,2.519742620811061,2.036515401493606,5.233637657106345,4.75041043778889,4.556258022304667,7.270153058599951
612,15300,Normal Traffic,0.76,0.7890036170380523,0.26014791563115075,0.43291915220622934,0.7890036170380523,0.26014791563115075,0.43291915220622934,1.0491515326692031,1.2219227692442818,0.69306706783738,1.4820706848754326,2.494516508133829,2.886999871650162,1.5493626886262686,2.494516508133829,2.886999871650162,1.5493626886262686,5.381516379783991,4.0438791967600975,4.4363625602764305,6.93087906841026
613,15325,Wormhole Attack,0.76,0.8664961945456188,0.24902593545304302,0.6804927663494554,0.8664961945456188,0.24902593545304302,0.6804927663494554,1.1155221299986617,1.5469889608950742,0.9295187018024984,1.796014896348117,2.961900803101936,2.6729890608048397,3.7637882021130746,2.961900803101936,2.6729890608048397,3.7637882021130746,5.634889863906776,6.725689005215011,6.436777262917914,9.398678066019851
614,15350,Normal Traffic,0.72,0.9629703029903037,0.2750905565007066,0.3410027446097644,0.9629703029903037,0.2750905565007066,0.3410027446097644,1.2380608594910103,1.3039730476000682,0.616093301110471,1.5790636041007746,3.5437692169341264,3.1745284086060854,0.7272151476047464,3.5437692169341264,3.1745284086060854,0.7272151476047464,6.718297625540211,4.270984364538872,3.901743556210832,7.445512773144958
615,15375,Blackhole Attack,0.76,0.9514404857011735,0.22771437509139286,0.4704393163360377,0.9514404857011735,0.22771437509139286,0.4704393163360377,1.1791548607925664,1.4218798020372112,0.6981536914274306,1.649594177128604,3.47422893710197,2.262908819666362,1.8849623001066482,3.47422893710197,2.262908819666362,1.8849623001066482,5.737137756768332,5.359191237208618,4.14787111977301,7.622100056874981
616,15400,Sybil Attack,0.84,0.6237107559228356,0.2693813096352586,0.3852255585537612,0.6237107559228356,0.2693813096352586,0.3852255585537612,0.8930920655580943,1.0089363144765968,0.6546068681890198,1.2783176241118555,1.4975786098163617,3.06467022405405,1.1227667002799577,1.4975786098163617,3.06467022405405,1.1227667002799577,4.562248833870411,2.6203453100963197,4.1874369243340075,5.685015534150369
617,15425,Normal Traffic,0.64,0.7760121447376737,0.2883036525059117,0.3617719623199493,0.7760121447376737,0.2883036525059117,0.3617719623199493,1.0643157972435855,1.137784107057623,0.6500756148258611,1.4260877595635348,2.4161604859571595,3.4287767838564855,0.9129856940814332,2.4161604859571595,3.4287767838564855,0.9129856940814332,5.844937269813645,3.3291461800385926,4.341762477937919,6.757922963895078
618,15450,Wormhole Attack,0.8,0.6374427969744665,0.24849527694582357,0.5728853565328841,0.6374427969744665,0.24849527694582357,0.5728853565328841,0.88593807392029,1.2103281535073505,0.8213806334787077,1.4588234304531742,1.5804012559564118,2.6627780502120006,2.8012922812020857,1.5804012559564118,2.6627780502120006,2.8012922812020857,4.243179306168413,4.3816935371584975,5.464070331414087,7.044471587370499
619,15475,Sybil Attack,0.84,0.766038669059956,0.3287182979456603,0.3707782302113887,0.766038669059956,0.3287182979456603,0.3707782302113887,1.0947569670056163,1.1368168992713448,0.6994965281570491,1.465535197217005,2.3560070358082537,4.206441453463761,0.993542378076694,2.3560070358082537,4.206441453463761,0.993542378076694,6.562448489272015,3.3495494138849478,5.199983831540455,7.555990867348709
620,15500,Blackhole Attack,0.88,0.7981450298421072,0.21594560747727284,0.4617596598896405,0.7981450298421072,0.21594560747727284,0.4617596598896405,1.01409063731938,1.2599046897317479,0.6777052673669134,1.4758502972090206,2.5496515019081483,2.036452427961435,1.8073269965638292,2.5496515019081483,2.036452427961435,1.8073269965638292,4.586103929869584,4.356978498471977,3.8437794245252643,6.393430926433413
621,15525,Blackhole Attack,0.76,0.8482749034360969,0.277243519445714,0.5518635724591001,0.8482749034360969,0.277243519445714,0.5518635724591001,1.125518422881811,1.4001384758951971,0.8291070919048141,1.677381995340911,2.852001951204785,3.2159560445308393,2.6132626514974153,2.852001951204785,3.2159560445308393,2.6132626514974153,6.067957995735624,5.4652646027022005,5.829218696028255,8.68122064723304
622,15550,Blackhole Attack,0.84,0.7724223311395814,0.19652319193624007,0.44522347326177825,0.7724223311395814,0.19652319193624007,0.44522347326177825,0.9689455230758215,1.2176458044013596,0.6417466651980184,1.4141689963375996,2.3945090897644405,1.6627233948264009,1.6594188533990522,2.3945090897644405,1.6627233948264009,1.6594188533990522,4.057232484590841,4.053927943163493,3.322142248225453,5.7166513379898936
623,15575,Sybil Attack,0.8,0.7346632739381754,0.3105544678390246,0.3410801973787092,0.7346632739381754,0.3105544678390246,0.3410801973787092,1.0452177417772,1.0757434713168847,0.6516346652177338,1.3862979391559092,2.1667712741392426,3.8569303100408128,0.7279079249357846,2.1667712741392426,3.8569303100408128,0.7279079249357846,6.023701584180055,2.894679199075027,4.584838234976598,6.75160950911584
624,15600,Sybil Attack,0.88,0.7825706781250897,0.27799880136037286,0.3813295414297087,0.7825706781250897,0.27799880136037286,0.3813295414297087,1.0605694794854625,1.1639002195547985,0.6593283427900816,1.4418990209151712,2.4557172487065073,3.2304892924223534,1.0879187228396305,2.4557172487065073,3.2304892924223534,1.0879187228396305,5.686206541128861,3.543635971546138,4.3184080152619835,6.774125263968491
625,15625,Sybil Attack,0.84,0.7269379691942058,0.2567226107477655,0.4331543912310033,0.7269379691942058,0.2567226107477655,0.4331543912310033,0.9836605799419713,1.1600923604252091,0.6898770019787688,1.4168149711729745,2.1201773134360846,2.821089641300296,1.5514667872396446,2.1201773134360846,2.821089641300296,1.5514667872396446,4.941266954736381,3.671644100675729,4.372556428539941,6.492733741976026
626,15650,Sybil Attack,0.76,0.8160277547891859,0.3081600568438123,0.48622194348909653,0.8160277547891859,0.3081600568438123,0.48622194348909653,1.1241878116329982,1.3022496982782825,0.7943820003329088,1.6104097551220948,2.6575083452385027,3.810856694517654,2.0261302204382723,2.6575083452385027,3.810856694517654,2.0261302204382723,6.468365039756156,4.683638565676775,5.836986914955926,8.494495260194428
627,15675,Sybil Attack,0.8,0.828662806812237,0.2726238534106095,0.34386469845133627,0.828662806812237,0.2726238534106095,0.34386469845133627,1.1012866602228466,1.1725275052635733,0.6164885518619458,1.4451513586741829,2.7337146745621403,3.1270637377495913,0.7528139321405328,2.7337146745621403,3.1270637377495913,0.7528139321405328,5.860778412311731,3.4865286067026733,3.8798776698901243,6.613592344452264
628,15700,Normal Traffic,0.64,0.837251684617386,0.22233120102373125,0.37952632180940654,0.837251684617386,0.22233120102373125,0.37952632180940654,1.0595828856411171,1.2167780064267926,0.6018575228331378,1.4391092074505236,2.7855171403806867,2.159324976799112,1.0717898007514026,2.7855171403806867,2.159324976799112,1.0717898007514026,4.944842117179799,3.857306941132089,3.2311147775505145,6.016631917931202
629,15725,Wormhole Attack,0.72,0.7127912169663165,0.24668442914413016,0.42875299960987556,0.7127912169663165,0.24668442914413016,0.42875299960987556,0.9594756461104467,1.1415442165761922,0.6754374287540057,1.3882286457203223,2.0348534020527658,2.6279334451909713,1.5120984808294398,2.0348534020527658,2.6279334451909713,1.5120984808294398,4.662786847243737,3.5469518828822055,4.140031926020411,6.174885328073177
630,15750,Wormhole Attack,0.76,0.7683734446494981,0.2743713879360425,0.5645897180163493,0.7683734446494981,0.2743713879360425,0.5645897180163493,1.0427448325855406,1.3329631626658474,0.8389611059523918,1.60733455060189,2.3700888676162135,3.1606900592120466,2.727091831185425,2.3700888676162135,3.1606900592120466,2.727091831185425,5.53077892682826,5.097180698801639,5.887781890397472,8.257870758013684
631,15775,Wormhole Attack,0.8,0.5838561956754583,0.22798979238842793,0.5001753581958256,0.5838561956754583,0.22798979238842793,0.5001753581958256,0.8118459880638862,1.084031553871284,0.7281651505842535,1.3120213462597117,1.2572020971024105,2.268208440607543,2.150936725500509,1.2572020971024105,2.268208440607543,2.150936725500509,3.5254105377099534,3.4081388226029197,4.419145166108052,5.676347263210463
632,15800,Normal Traffic,0.72,0.8774831529035673,0.236056917012317,0.48573423177676817,0.8774831529035673,0.236056917012317,0.48573423177676817,1.1135400699158842,1.3632173846803355,0.7217911487890851,1.5992743016926523,3.0281669146591663,2.4234372626609293,2.0217678764835507,3.0281669146591663,2.4234372626609293,2.0217678764835507,5.451604177320096,5.049934791142717,4.4452051391444805,7.473372053803647
633,15825,Blackhole Attack,0.76,0.8881793316399128,0.2803202091701456,0.4899790809475612,0.8881793316399128,0.2803202091701456,0.4899790809475612,1.1684995408100585,1.378158412587474,0.7702992901177068,1.6584786217576197,3.0926792346558987,3.2751581697010628,2.059735986846351,3.0926792346558987,3.2751581697010628,2.059735986846351,6.367837404356962,5.15241522150225,5.3348941565474135,8.427573391203314
634,15850,Sybil Attack,0.92,0.7218142353397752,0.27134910667689843,0.3967935578237223,0.7218142353397752,0.27134910667689843,0.3967935578237223,0.9931633420166737,1.1186077931634975,0.6681426645006208,1.389956899840396,2.089274318437325,3.102534869891966,1.2262368249620608,2.089274318437325,3.102534869891966,1.2262368249620608,5.191809188329291,3.3155111433993856,4.3287716948540265,6.4180460132913515
635,15875,Blackhole Attack,0.72,0.6348577786180799,0.2129941281406388,0.5911319516796486,0.6348577786180799,0.2129941281406388,0.5911319516796486,0.8478519067587187,1.2259897302977285,0.8041260798202874,1.4389838584383674,1.5648101242527155,1.979659619854333,2.9644991963133402,1.5648101242527155,1.979659619854333,2.9644991963133402,3.5444697441070483,4.529309320566056,4.944158816167674,6.508968940420388
636,15900,Blackhole Attack,0.76,0.8530062364479986,0.21189688186975714,0.5691991768333798,0.8530062364479986,0.21189688186975714,0.5691991768333798,1.0649031183177557,1.4222054132813784,0.781096058703137,1.6341022951511355,2.880538242229704,1.9585462425269202,2.768321197421094,2.880538242229704,1.9585462425269202,2.768321197421094,4.839084484756624,5.648859439650797,4.726867439948014,7.607405682177718
637,15925,Flooding Attack,0.92,0.8520096729400981,0.2885332635228874,0.3273770874314657,0.8520096729400981,0.2885332635228874,0.3273770874314657,1.1405429364629855,1.1793867603715638,0.6159103509543531,1.4679200238944512,2.874527626148628,3.433194993485982,0.6053402741531937,2.874527626148628,3.433194993485982,0.6053402741531937,6.30772261963461,3.479867900301822,4.038535267639175,6.913062893787804
638,15950,Blackhole Attack,0.88,0.7006983971184444,0.27815470083959853,0.613347598959094,0.7006983971184444,0.27815470083959853,0.613347598959094,0.978853097958043,1.3140459960775384,0.8915022997986926,1.592200696917137,1.961917460823786,3.233489133585991,3.163207351479534,1.961917460823786,3.233489133585991,3.163207351479534,5.195406594409777,5.125124812303319,6.396696485065525,8.35861394588931
639,15975,Blackhole Attack,0.8,0.736223785886803,0.20460039527178006,0.48856768834836956,0.736223785886803,0.20460039527178006,0.48856768834836956,0.9408241811585831,1.2247914742351727,0.6931680836201496,1.4293918695069527,2.1761832565555896,1.8181461529611451,2.047111766805728,2.1761832565555896,1.8181461529611451,2.047111766805728,3.9943294095167348,4.223295023361318,3.865257919766873,6.041441176322463
640,16000,Sybil Attack,0.96,0.638619791024847,0.2471826677564748,0.4090279318934726,0.638619791024847,0.2471826677564748,0.4090279318934726,0.8858024587813218,1.0476477229183196,0.6562105996499474,1.2948303906747944,1.5875001104804471,2.6375206273037586,1.3356673479818653,1.5875001104804471,2.6375206273037586,1.3356673479818653,4.225020737784206,2.9231674584623124,3.973187975285624,5.560688085766071
641,16025,Blackhole Attack,0.72,0.8822442515508506,0.1721160603482629,0.5198851100183923,0.8822442515508506,0.1721160603482629,0.5198851100183923,1.0543603118991136,1.402129361569243,0.6920011703666552,1.574245421917506,3.056882732433028,1.193077707826069,2.3272308651301667,3.056882732433028,1.193077707826069,2.3272308651301667,4.2499604402590965,5.384113597563195,3.520308572956236,6.577191305389263
642,16050,Blackhole Attack,0.84,0.7252545768109878,0.16953086916397794,0.5661549181612001,0.7252545768109878,0.16953086916397794,0.5661549181612001,0.8947854459749658,1.291409494972188,0.7356857873251781,1.460940364136166,2.1100241970023434,1.1433330712884113,2.7410917848818874,2.1100241970023434,1.1433330712884113,2.7410917848818874,3.2533572682907548,4.851115981884231,3.8844248561702988,5.994449053172643
643,16075,Flooding Attack,0.88,0.7021914770057784,0.2112958068860808,0.5332815474684088,0.7021914770057784,0.2112958068860808,0.5332815474684088,0.9134872838918593,1.2354730244741874,0.7445773543544896,1.4467688313602682,1.9709227373666205,1.9469802675318724,2.4470554796465773,1.9709227373666205,1.9469802675318724,2.4470554796465773,3.917903004898493,4.417978217013198,4.3940357471784495,6.36495848454507
644,16100,Blackhole Attack,0.84,0.9281385538224676,0.24611520764628972,0.43372074805834393,0.9281385538224676,0.24611520764628972,0.43372074805834393,1.1742537614687574,1.3618593018808114,0.6798359557046336,1.6079745095271014,3.3336869993730254,2.6169803997482894,1.5565325734808027,3.3336869993730254,2.6169803997482894,1.5565325734808027,5.950667399121315,4.8902195728538285,4.1735129732290925,7.507199972602118
645,16125,Normal Traffic,0.68,0.9436720502580319,0.26593884407087054,0.5597696335161948,0.9436720502580319,0.26593884407087054,0.5597696335161948,1.2096108943289026,1.5034416837742266,0.8257084775870653,1.7693805278450974,3.427374840369371,2.9984297853062865,2.6839785207010154,3.427374840369371,2.9984297853062865,2.6839785207010154,6.425804625675657,6.111353361070386,5.682408306007302,9.109783146376673
646,16150,Normal Traffic,0.72,0.9003798532409043,0.30710874112702113,0.3792908798934127,0.9003798532409043,0.30710874112702113,0.3792908798934127,1.2074885943679254,1.2796707331343171,0.6863996210204338,1.5867794742613381,3.166264762071938,3.790627119801473,1.0696838873747883,3.166264762071938,3.790627119801473,1.0696838873747883,6.9568918818734105,4.235948649446726,4.860311007176261,8.026575769248199
647,16175,Blackhole Attack,0.96,0.7294333646627555,0.24133662972995845,0.37053267215721747,0.7294333646627555,0.24133662972995845,0.37053267215721747,0.9707699943927139,1.099966036819973,0.6118693018871759,1.3413026665499315,2.1352278987856406,2.5250302867122496,0.99134598076642,2.1352278987856406,2.5250302867122496,0.99134598076642,4.66025818549789,3.1265738795520606,3.5163762674786696,5.65160416626431
648,16200,Normal Traffic,0.72,0.6984464514245571,0.23185457345820487,0.3516009566323149,0.6984464514245571,0.23185457345820487,0.3516009566323149,0.9303010248827619,1.050047408056872,0.5834555300905198,1.2819019815150767,1.9483352045058666,2.3425751376558503,0.8220109972404076,1.9483352045058666,2.3425751376558503,0.8220109972404076,4.290910342161717,2.7703462017462743,3.164586134896258,5.112921339402124
649,16225,Wormhole Attack,0.72,0.6488664794302093,0.2561454749050601,0.5299255403590015,0.6488664794302093,0.2561454749050601,0.5299255403590015,0.9050119543352694,1.1787920197892108,0.7860710152640616,1.434937494694271,1.6493014002314623,2.8099843068465993,2.4170376290277495,1.6493014002314623,2.8099843068465993,2.4170376290277495,4.459285707078061,4.066339029259212,5.227021935874349,6.876323336105811
650,16250,Sybil Attack,0.84,0.8163699249235423,0.315196812006891,0.3828139215664434,0.8163699249235423,0.315196812006891,0.3828139215664434,1.1315667369304334,1.1991838464899858,0.6980107335733343,1.5143806584968769,2.6595720905951428,3.9462589928543057,1.101195780889107,2.6595720905951428,3.9462589928543057,1.101195780889107,6.6058310834494485,3.7607678714842496,5.047454773743413,7.707026864338555
651,16275,Flooding Attack,0.8,0.8307215043887447,0.1583549693968062,0.5190562063695373,0.8307215043887447,0.1583549693968062,0.5190562063695373,0.9890764737855509,1.349777710758282,0.6774111757663435,1.508132680155088,2.7461313852497495,0.9282847316225692,2.3198167253212896,2.7461313852497495,0.9282847316225692,2.3198167253212896,3.674416116872319,5.065948110571039,3.248101456943859,5.994232842193608
652,16300,Flooding Attack,0.76,0.8375646203707119,0.2615227777982233,0.23419561345944762,0.8375646203707119,0.2615227777982233,0.23419561345944762,1.099087398168935,1.0717602338301595,0.4957183912576709,1.3332830116283827,2.787404563165459,2.9134551756934943,-0.22812267003830633,2.787404563165459,2.9134551756934943,-0.22812267003830633,5.700859738858954,2.559281893127153,2.6853325056551878,5.472737068820647
653,16325,Normal Traffic,0.64,0.7393819175084952,0.1256137151584542,0.6461910317954389,0.7393819175084952,0.1256137151584542,0.6461910317954389,0.8649956326669495,1.3855729493039342,0.7718047469538931,1.5111866644623884,2.195231030792767,0.2982726064944415,3.4569758771561725,2.195231030792767,0.2982726064944415,3.4569758771561725,2.493503637287209,5.65220690794894,3.755248483650614,5.950479514443382
654,16350,Blackhole Attack,0.88,0.8317711003271553,0.29293432666072944,0.3551582113679663,0.8317711003271553,0.29293432666072944,0.3551582113679663,1.1247054269878847,1.1869293116951216,0.6480925380286957,1.479863638355851,2.7524618580957134,3.5178809105284348,0.8538289099523865,2.7524618580957134,3.5178809105284348,0.8538289099523865,6.270342768624149,3.6062907680481,4.371709820480821,7.124171678576535
655,16375,Blackhole Attack,0.8,0.6847103961798385,0.2341568171936318,0.5057744305067534,0.6847103961798385,0.2341568171936318,0.5057744305067534,0.9188672133734703,1.190484826686592,0.7399312477003852,1.4246416438802236,1.865488347391469,2.386875256941453,2.201017702910336,1.865488347391469,2.386875256941453,2.201017702910336,4.252363604332922,4.066506050301805,4.587892959851789,6.453381307243259
656,16400,Wormhole Attack,0.8,0.7976617296878201,0.2585896657423711,0.49117951295592877,0.7976617296878201,0.2585896657423711,0.49117951295592877,1.0562513954301913,1.2888412426437488,0.7497691786982998,1.54743090838612,2.5467365530300135,2.8570157935582237,2.0704732670518156,2.5467365530300135,2.8570157935582237,2.0704732670518156,5.403752346588237,4.617209820081829,4.927489060610039,7.474225613640053
657,16425,Normal Traffic,0.72,0.8887259695734058,0.23964759904330066,0.5631283388300976,0.8887259695734058,0.23964759904330066,0.5631283388300976,1.1283735686167065,1.4518543084035034,0.8027759378733983,1.691501907446804,3.0959761953889893,2.492529704890877,2.7140205054461557,3.0959761953889893,2.492529704890877,2.7140205054461557,5.588505900279866,5.8099967008351445,5.206550210337033,8.302526405726022
658,16450,Sybil Attack,0.8,0.6469108318244261,0.2619313808908287,0.3450174513784047,0.6469108318244261,0.2619313808908287,0.3450174513784047,0.9088422127152548,0.9919282832028309,0.6069488322692334,1.2538596640936595,1.637506219236924,2.9213175776904436,0.7631247461635903,1.637506219236924,2.9213175776904436,0.7631247461635903,4.558823796927368,2.4006309654005142,3.684442323854034,5.321948543090958
659,16475,Sybil Attack,0.8,0.7195671518317068,0.28483900281740515,0.4300107088966652,0.7195671518317068,0.28483900281740515,0.4300107088966652,1.004406154649112,1.149577860728372,0.7148497117140704,1.4344168635457772,2.075721387628559,3.362109474864892,1.52334807842026,2.075721387628559,3.362109474864892,1.52334807842026,5.437830862493451,3.599069466048819,4.885457553285152,6.961178940913711
660,16500,Sybil Attack,0.84,0.6923234912355841,0.27750370849231243,0.32399140652074915,0.6923234912355841,0.27750370849231243,0.32399140652074915,0.9698271997278965,1.0163148977563332,0.6014951150130616,1.2938186062486456,1.9114055330058901,3.220962641192934,0.5750570058204115,1.9114055330058901,3.220962641192934,0.5750570058204115,5.132368174198824,2.4864625388263017,3.7960196470133454,5.707425180019236
661,16525,Wormhole Attack,0.72,0.8461845125671879,0.2612680124323063,0.3713138661111823,0.8461845125671879,0.2612680124323063,0.3713138661111823,1.1074525249994942,1.2174983786783702,0.6325818785434886,1.4787663911106765,2.8393940874080568,2.9085529423086043,0.9983333805692137,2.8393940874080568,2.9085529423086043,0.9983333805692137,5.747947029716661,3.8377274679772704,3.906886322877818,6.746280410285875
662,16550,Flooding Attack,0.84,0.6571084148461065,0.2595626329350127,0.461857826536465,0.6571084148461065,0.2595626329350127,0.461857826536465,0.9166710477811192,1.1189662413825716,0.7214204594714777,1.3785288743175843,1.699011337588439,2.8757377742207137,1.8082050494534874,1.699011337588439,2.8757377742207137,1.8082050494534874,4.574749111809153,3.507216387041926,4.683942823674201,6.38295416126264
663,16575,Normal Traffic,0.64,0.7236907168457909,0.2268702428285964,0.4387640150318493,0.7236907168457909,0.2268702428285964,0.4387640150318493,0.9505609596743874,1.1624547318776401,0.6656342578604457,1.3893249747062366,2.1005920215505585,2.246665900048742,1.6016421425926177,2.1005920215505585,2.246665900048742,1.6016421425926177,4.347257921599301,3.702234164143176,3.8483080426413596,5.9489000641919185
664,16600,Flooding Attack,0.8,0.6595015908853054,0.18113796783345162,0.38642437408829305,0.6595015908853054,0.18113796783345162,0.38642437408829305,0.840639558718757,1.0459259649735984,0.5675623419217447,1.22706393280705,1.7134454025246109,1.3666786049106763,1.1334895219135095,1.7134454025246109,1.3666786049106763,1.1334895219135095,3.080124007435287,2.8469349244381204,2.5001681268241858,4.213613529348796
665,16625,Wormhole Attack,0.76,0.6978199862378951,0.21801195585043695,0.48875602935396467,0.6978199862378951,0.21801195585043695,0.48875602935396467,0.9158319420883321,1.1865760155918599,0.7067679852044016,1.4045879714422966,1.9445567782487005,2.076213413302896,2.0487963854573112,1.9445567782487005,2.076213413302896,2.0487963854573112,4.0207701915515965,3.993353163706012,4.125009798760207,6.069566577008908
666,16650,Sybil Attack,0.84,0.4744293420702669,0.21168992988505678,0.3435600967789453,0.4744293420702669,0.21168992988505678,0.3435600967789453,0.6861192719553236,0.8179894388492122,0.555250026664002,1.029679368734269,0.5972112377475665,1.9545640413952412,0.7500894183948833,0.5972112377475665,1.9545640413952412,0.7500894183948833,2.5517752791428077,1.3473006561424499,2.7046534597901246,3.301864697537691
667,16675,Wormhole Attack,0.84,0.7203183018081172,0.2622277101299491,0.53656783245432,0.7203183018081172,0.2622277101299491,0.53656783245432,0.9825460119380662,1.2568861342624373,0.7987955425842692,1.5191138443923862,2.080251830587507,2.9270195893579496,2.4764496997963077,2.080251830587507,2.9270195893579496,2.4764496997963077,5.007271419945456,4.5567015303838145,5.403469289154257,7.483721119741764
668,16700,Blackhole Attack,0.72,0.7931897026010446,0.22578477662652932,0.5488008293465718,0.7931897026010446,0.22578477662652932,0.5488008293465718,1.018974479227574,1.3419905319476164,0.7745856059731011,1.5677753085741457,2.519764224914759,2.2257791965724287,2.5858679046334987,2.519764224914759,2.2257791965724287,2.5858679046334987,4.745543421487188,5.105632129548258,4.811647101205928,7.331411326120687
669,16725,Blackhole Attack,0.8,0.85433593039586,0.221673019522812,0.49099773231130595,0.85433593039586,0.221673019522812,0.49099773231130595,1.076008949918672,1.345333662707166,0.712670751834118,1.567006682229978,2.8885580821722314,2.146660149633498,2.0688473276369717,2.8885580821722314,2.146660149633498,2.0688473276369717,5.035218231805729,4.957405409809203,4.215507477270469,7.1040655594427005
670,16750,Normal Traffic,0.68,0.9642849101796369,0.2614751518319092,0.44489574667770665,0.9642849101796369,0.2614751518319092,0.44489574667770665,1.225760062011546,1.4091806568573435,0.7063708985096159,1.6706558086892527,3.5516980634650923,2.9125387497059503,1.6564874985706002,3.5516980634650923,2.9125387497059503,1.6564874985706002,6.464236813171043,5.208185562035693,4.5690262482765505,8.120724311741643
671,16775,Blackhole Attack,0.8,0.7463090810201969,0.21599371529667863,0.5450685303829577,0.7463090810201969,0.21599371529667863,0.5450685303829577,0.9623027963168755,1.2913776114031545,0.7610622456796363,1.5073713266998332,2.2370111281669876,2.037378125838446,2.552484306475877,2.2370111281669876,2.037378125838446,2.552484306475877,4.274389254005433,4.789495434642864,4.589862432314323,6.82687356048131
672,16800,Sybil Attack,0.88,0.7729242377105446,0.3044176480555423,0.3696923435601722,0.7729242377105446,0.3044176480555423,0.3696923435601722,1.0773418857660868,1.1426165812707167,0.6741099916157145,1.447034229326259,2.397536260318764,3.738844703265517,0.9838296503551628,2.397536260318764,3.738844703265517,0.9838296503551628,6.136380963584282,3.3813659106739267,4.72267435362068,7.120210613939444
673,16825,Normal Traffic,0.76,0.6153320757927699,0.24491122572728383,0.25504045362530486,0.6153320757927699,0.24491122572728383,0.25504045362530486,0.8602433015200538,0.8703725294180749,0.49995167935258866,1.1152837551453587,1.447043918219974,2.5938131990696958,-0.04167571749220517,1.447043918219974,2.5938131990696958,-0.04167571749220517,4.0408571172896695,1.4053682007277688,2.5521374815774904,3.999181399797464
674,16850,Normal Traffic,0.68,0.8626336553172694,0.2446411787113244,0.4526883796185017,0.8626336553172694,0.2446411787113244,0.4526883796185017,1.1072748340285938,1.3153220349357713,0.6973295583298261,1.5599632136470956,2.9386045051584015,2.5886169138824964,1.7261888084660533,2.9386045051584015,2.5886169138824964,1.7261888084660533,5.527221419040898,4.664793313624455,4.31480572234855,7.253410227506951
675,16875,Normal Traffic,0.72,0.602739501374871,0.22427296038678268,0.4849393532662494,0.602739501374871,0.22427296038678268,0.4849393532662494,0.8270124617616537,1.0876788546411205,0.7092123136530321,1.311951815027903,1.3710937858919008,2.1966886017200693,2.014658074981049,1.3710937858919008,2.1966886017200693,2.014658074981049,3.5677823876119703,3.3857518608729498,4.211346676701119,5.58244046259302
676,16900,Wormhole Attack,0.88,0.6305329256541848,0.20398500311510284,0.5617324369930771,0.6305329256541848,0.20398500311510284,0.5617324369930771,0.8345179287692877,1.192265362647262,0.7657174401081799,1.3962503657623646,1.5387254537154185,1.8063046847756883,2.701534842735617,1.5387254537154185,1.8063046847756883,2.701534842735617,3.345030138491107,4.240260296451035,4.5078395275113055,6.046564981226724
677,16925,Blackhole Attack,0.88,0.8332317861578841,0.25938493077357433,0.5831880916452016,0.8332317861578841,0.25938493077357433,0.5831880916452016,1.0926167169314585,1.4164198778030856,0.842573022418776,1.6758048085766601,2.7612717549803336,2.872318402575613,2.8934452336496497,2.7612717549803336,2.872318402575613,2.8934452336496497,5.633590157555947,5.654716988629984,5.7657636362252624,8.527035391205597
678,16950,Sybil Attack,0.84,0.8468607671119301,0.3418758431591307,0.3239466799947362,0.8468607671119301,0.3418758431591307,0.3239466799947362,1.1887366102710608,1.1708074471066663,0.6658225231538669,1.512683290265797,2.8434728103487474,4.459620912047177,0.574656948808377,2.8434728103487474,4.459620912047177,0.574656948808377,7.303093722395924,3.4181297591571242,5.034277860855553,7.877750671204301
679,16975,Sybil Attack,0.72,0.5923245626492748,0.28079595894320525,0.31754380560592027,0.5923245626492748,0.28079595894320525,0.31754380560592027,0.87312052159248,0.9098683682551951,0.5983397645491255,1.1906643271984003,1.3082777207929757,3.2843126181950804,0.5173863529279834,1.3082777207929757,3.2843126181950804,0.5173863529279834,4.592590338988056,1.825664073720959,3.8016989711230638,5.109976691916039
680,17000,Sybil Attack,0.8,0.5718408939718588,0.21045454818111928,0.45931737089280006,0.5718408939718588,0.21045454818111928,0.45931737089280006,0.7822954421529781,1.031158264864659,0.6697719190739193,1.2416128130457782,1.1847336943703213,1.930792641345136,1.7854819098625347,1.1847336943703213,1.930792641345136,1.7854819098625347,3.1155263357154572,2.9702156042328562,3.716274551207671,4.901008245577992
681,17025,Blackhole Attack,0.8,0.945591441188919,0.25544484029222336,0.45224205958177083,0.945591441188919,0.25544484029222336,0.45224205958177083,1.2010362814811424,1.39783350077069,0.7076868998739942,1.6532783410629133,3.438951344930898,2.79650259053365,1.7221966929090802,3.438951344930898,2.79650259053365,1.7221966929090802,6.235453935464548,5.161148037839978,4.51869928344273,7.957650628373628
682,17050,Flooding Attack,0.76,0.8426190539697588,0.3129208963323535,0.3064838162181975,0.8426190539697588,0.3129208963323535,0.3064838162181975,1.1555399503021122,1.1491028701879562,0.619404712550551,1.4620237665203097,2.817889584571838,3.902465482065455,0.4184601294537086,2.817889584571838,3.902465482065455,0.4184601294537086,6.720355066637293,3.236349714025547,4.320925611519163,7.138815196091001
683,17075,Sybil Attack,0.76,0.7000249717691363,0.27204855270121864,0.33871425625422674,0.7000249717691363,0.27204855270121864,0.33871425625422674,0.9720735244703549,1.038739228023363,0.6107628089554453,1.3107877807245816,1.9578558017304448,3.1159937152063955,0.7067457328031825,1.9578558017304448,3.1159937152063955,0.7067457328031825,5.07384951693684,2.6646015345336274,3.822739448009578,5.780595249740022
684,17100,Normal Traffic,0.64,0.8957945089295521,0.2861543594654135,0.432673506973772,0.8957945089295521,0.2861543594654135,0.432673506973772,1.1819488683949657,1.3284680159033242,0.7188278664391855,1.6146223753687377,3.1386089789366034,3.387419764784771,1.547165511548645,3.1386089789366034,3.387419764784771,1.547165511548645,6.526028743721374,4.685774490485248,4.934585276333416,8.07319425527002
685,17125,Wormhole Attack,0.92,0.6973691565092799,0.2672225596910237,0.4637049996257361,0.6973691565092799,0.2672225596910237,0.4637049996257361,0.9645917162003036,1.161074156135016,0.7309275593167598,1.4282967158260398,1.9418376696367963,3.023131233822132,1.824727113934647,1.9418376696367963,3.023131233822132,1.824727113934647,4.964968903458928,3.766564783571443,4.847858347756779,6.789696017393575
686,17150,Blackhole Attack,0.92,0.7718319593234477,0.29012008708832476,0.31300636389777364,0.7718319593234477,0.29012008708832476,0.31300636389777364,1.0619520464117724,1.0848383232212213,0.6031264509860984,1.374958410309546,2.3909483549956723,3.463728890550119,0.4768011446890061,2.3909483549956723,3.463728890550119,0.4768011446890061,5.854677245545791,2.8677494996846784,3.9405300352391253,6.331478390234797
687,17175,Sybil Attack,0.8,0.7132800720364774,0.2717734665520678,0.47385032306864383,0.7132800720364774,0.2717734665520678,0.47385032306864383,0.9850535385885452,1.1871303951051213,0.7456237896207116,1.458903861657189,2.0378018545324426,3.1107004662624735,1.9154720955931273,2.0378018545324426,3.1107004662624735,1.9154720955931273,5.1485023207949165,3.9532739501255696,5.026172561855601,7.063974416388044
688,17200,Sybil Attack,0.84,0.7833597224974562,0.13156040329095567,0.29780605034248464,0.7833597224974562,0.13156040329095567,0.29780605034248464,0.9149201257884119,1.0811657728399409,0.4293664536334403,1.2127261761308965,2.4604762457554963,0.4126996715224805,0.3408417361457419,2.4604762457554963,0.4126996715224805,0.3408417361457419,2.873175917277977,2.801317981901238,0.7535414076682224,3.214017653423719
689,17225,Blackhole Attack,0.8,0.7805581440885355,0.25546774639671443,0.6375668120656883,0.7805581440885355,0.25546774639671443,0.6375668120656883,1.03602589048525,1.418124956154224,0.8930345584624028,1.6735927025509383,2.4435789661505765,2.796943353232103,3.379836428069213,2.4435789661505765,2.796943353232103,3.379836428069213,5.240522319382679,5.82341539421979,6.176779781301316,8.620358747451892
690,17250,Sybil Attack,0.76,0.8393641892643123,0.3155992431994993,0.3900445283856149,0.8393641892643123,0.3155992431994993,0.3900445283856149,1.1549634324638116,1.2294087176499273,0.7056437715851142,1.5450079608494265,2.798258379951975,3.954002634225748,1.1658700405987947,2.798258379951975,3.954002634225748,1.1658700405987947,6.752261014177723,3.96412842055077,5.119872674824543,7.918131054776517
691,17275,Flooding Attack,0.84,0.9012534424555756,0.28193447812905914,0.5109274269622653,0.9012534424555756,0.28193447812905914,0.5109274269622653,1.1831879205846347,1.412180869417841,0.7928619050913245,1.6941153475469002,3.1715336780419996,3.3062201751431815,2.247108748846238,3.1715336780419996,3.3062201751431815,2.247108748846238,6.477753853185181,5.418642426888237,5.553328923989419,8.724862602031418
692,17300,Wormhole Attack,0.8,0.6580822953272979,0.32515380340319316,0.44105630670076484,0.6580822953272979,0.32515380340319316,0.44105630670076484,0.9832360987304911,1.0991386020280627,0.766210110103958,1.424292405431256,1.7048851445609896,4.137852914815879,1.6221455761817205,1.7048851445609896,4.137852914815879,1.6221455761817205,5.8427380593768685,3.32703072074271,5.759998490997599,7.464883635558589
693,17325,Wormhole Attack,0.8,0.7622645978911361,0.1459517157455223,0.5736617908663586,0.7622645978911361,0.1459517157455223,0.5736617908663586,0.9082163136366583,1.3359263887574948,0.719613506611881,1.481878104503017,2.333244319053528,0.6896194644198455,2.808237108515543,2.333244319053528,0.6896194644198455,2.808237108515543,3.0228637834733734,5.141481427569071,3.4978565729353885,5.831100891988916
694,17350,Flooding Attack,0.76,0.6019678471420268,0.27117472560346867,0.2888680072331746,0.6019678471420268,0.27117472560346867,0.2888680072331746,0.8731425727454954,0.8908358543752013,0.5600427328366433,1.16201057997867,1.3664396747347152,3.0991794031204787,0.26089528962963326,1.3664396747347152,3.0991794031204787,0.26089528962963326,4.465619077855194,1.6273349643643484,3.360074692750112,4.7265143674848265
695,17375,Blackhole Attack,0.84,0.8893396458404801,0.2705401453376203,0.43192636957261926,0.8893396458404801,0.2705401453376203,0.43192636957261926,1.1598797911781005,1.3212660154130993,0.7024665149102396,1.5918061607507197,3.0996774872888126,3.086968714460201,1.5404827310394276,3.0996774872888126,3.086968714460201,1.5404827310394276,6.186646201749014,4.640160218328241,4.627451445499629,7.727128932788441
696,17400,Wormhole Attack,0.92,0.9296650880752657,0.30372500762168286,0.3921464618232768,0.9296650880752657,0.30372500762168286,0.3921464618232768,1.2333900956969486,1.3218115498985425,0.6958714694449597,1.6255365575202254,3.342894050660216,3.7255168121435487,1.184670812434346,3.342894050660216,3.7255168121435487,1.184670812434346,7.0684108628037645,4.527564863094562,4.910187624577895,8.25308167523811
697,17425,Flooding Attack,0.8,0.59783176962558,0.2759147364079234,0.47599806136245504,0.59783176962558,0.2759147364079234,0.47599806136245504,0.8737465060335035,1.0738298309880352,0.7519127977703784,1.3497445673959585,1.3414935736223972,3.190387402004859,1.9346825695790857,1.3414935736223972,3.190387402004859,1.9346825695790857,4.5318809756272564,3.276176143201483,5.125069971583945,6.466563545206342
698,17450,Normal Traffic,0.72,0.9131410698609912,0.2820682354566335,0.3770358704684248,0.9131410698609912,0.2820682354566335,0.3770358704684248,1.1952093053176247,1.2901769403294159,0.6591041059250583,1.5722451757860494,3.2432320333223004,3.3087939537034994,1.0495139253167252,3.2432320333223004,3.3087939537034994,1.0495139253167252,6.5520259870258,4.292745958639026,4.3583078790202245,7.601539912342526
699,17475,Blackhole Attack,0.8,0.9039449431427825,0.2649833824745008,0.4996280754525643,0.9039449431427825,0.2649833824745008,0.4996280754525643,1.1689283256172833,1.4035730185953468,0.7646114579270651,1.6685564010698477,3.1877670411789216,2.9800446499530384,2.1460415476603227,3.1877670411789216,2.9800446499530384,2.1460415476603227,6.16781169113196,5.333808588839244,5.126086197613361,8.313853238792284
700,17500,Normal Traffic,0.68,0.8633574617624594,0.23821917123108433,0.5998846234705063,0.8633574617624594,0.23821917123108433,0.5998846234705063,1.1015766329935437,1.4632420852329657,0.8381037947015906,1.70146125646405,2.9429700299087616,2.465043682669029,3.042787586584359,2.9429700299087616,2.465043682669029,3.042787586584359,5.408013712577791,5.985757616493121,5.507831269253388,8.45080129916215
701,17525,Wormhole Attack,1.0,0.8993439529863237,0.23892288409605852,0.6039173042728605,0.8993439529863237,0.23892288409605852,0.6039173042728605,1.1382668370823823,1.5032612572591844,0.842840188368919,1.7421841413552428,3.160016892589249,2.4785846311713335,3.0788579541289205,3.160016892589249,2.4785846311713335,3.0788579541289205,5.638601523760583,6.238874846718169,5.5574425853002545,8.717459477889504
702,17550,Blackhole Attack,0.76,0.9771021377417647,0.2161428026204319,0.46394103380743057,0.9771021377417647,0.2161428026204319,0.46394103380743057,1.1932449403621965,1.4410431715491954,0.6800838364278625,1.657185974169627,3.6290031559042486,2.040246886484684,1.8268383248397675,3.6290031559042486,2.040246886484684,1.8268383248397675,5.669250042388933,5.4558414807440165,3.8670852113244516,7.496088367228701
703,17575,Wormhole Attack,0.8,0.7210153887535224,0.1906121361451639,0.5567489799340788,0.7210153887535224,0.1906121361451639,0.5567489799340788,0.9116275248986864,1.2777643686876012,0.7473611160792427,1.468376504832765,2.08445620087675,1.548981972656794,2.6569602442066014,2.08445620087675,1.548981972656794,2.6569602442066014,3.633438173533544,4.741416445083352,4.205942216863395,6.290398417740145
704,17600,Flooding Attack,0.8,0.7694794903265413,0.2569451618136835,0.364394266538267,0.7694794903265413,0.2569451618136835,0.364394266538267,1.0264246521402247,1.1338737568648083,0.6213394283519504,1.3908189186784918,2.3767598081836105,2.8253720022925726,0.9364409293465589,2.3767598081836105,2.8253720022925726,0.9364409293465589,5.202131810476184,3.3132007375301695,3.7618129316391316,6.1385727398227425
705,17625,Wormhole Attack,0.72,0.6704728444173647,0.245884590153635,0.2941024801096661,0.6704728444173647,0.245884590153635,0.2941024801096661,0.9163574345709997,0.9645753245270308,0.5399870702633012,1.2104599146806658,1.7796167928941877,2.6125428233628094,0.3077151025061852,1.7796167928941877,2.6125428233628094,0.3077151025061852,4.392159616256997,2.087331895400373,2.9202579258689947,4.699874718763182
706,17650,Normal Traffic,0.64,0.7092443878388597,0.20300300273219332,0.6514945054743253,0.7092443878388597,0.20300300273219332,0.6514945054743253,0.912247390571053,1.360738893313185,0.8544975082065186,1.5637418960453782,2.013461259935066,1.7874088861111164,3.5044128686355536,2.013461259935066,1.7874088861111164,3.5044128686355536,3.800870146046182,5.51787412857062,5.29182175474667,7.305283014681736
707,17675,Normal Traffic,0.68,0.5422126536737507,0.2701843414324514,0.3190793303364015,0.5422126536737507,0.2701843414324514,0.3190793303364015,0.8123969951062021,0.8612919840101523,0.5892636717688529,1.1314763254426037,1.0060356222675475,3.0801222823475984,0.531120874482451,1.0060356222675475,3.0801222823475984,0.531120874482451,4.0861579046151455,1.5371564967499984,3.6112431568300494,4.617278779097597
708,17700,Blackhole Attack,0.8,0.6907023373818338,0.30146209227687637,0.3899390710577496,0.6907023373818338,0.30146209227687637,0.3899390710577496,0.9921644296587102,1.0806414084395835,0.691401163334626,1.3821035007164597,1.9016277984751742,3.6819734556493855,1.1649267761147457,1.9016277984751742,3.6819734556493855,1.1649267761147457,5.583601254124559,3.0665545745899196,4.846900231764131,6.748528030239305
709,17725,Normal Traffic,0.64,0.6591968602746813,0.24631403206072097,0.34954597707107227,0.6591968602746813,0.24631403206072097,0.34954597707107227,0.9055108923354023,1.0087428373457534,0.5958600091317933,1.2550568694064745,1.711607467767726,2.620806208953743,0.8036302049824856,1.711607467767726,2.620806208953743,0.8036302049824856,4.332413676721469,2.5152376727502115,3.424436413936229,5.136043881703954
710,17750,Blackhole Attack,0.84,0.6948556695645353,0.228095876906616,0.5897798470957413,0.6948556695645353,0.228095876906616,0.5897798470957413,0.9229515464711513,1.2846355166602765,0.8178757240023573,1.5127313935668925,1.9266779683935862,2.270249734818825,2.952405278720916,1.9266779683935862,2.270249734818825,2.952405278720916,4.1969277032124115,4.879083247114502,5.222655013539741,7.149332981933327
711,17775,Normal Traffic,0.68,0.6462512596776833,0.26049970364368075,0.3868226490212456,0.6462512596776833,0.26049970364368075,0.3868226490212456,0.906750963321364,1.033073908698929,0.6473223526649263,1.2935736123426096,1.6335281135563393,2.893769029354237,1.137051897395099,1.6335281135563393,2.893769029354237,1.137051897395099,4.527297142910577,2.7705800109514382,4.030820926749336,5.664349040305676
712,17800,Normal Traffic,0.68,0.711814310991165,0.2565387255656152,0.3597047572346143,0.711814310991165,0.2565387255656152,0.3597047572346143,0.9683530365567802,1.0715190682257794,0.6162434828002294,1.3280577937913944,2.028961347289176,2.8175512950432253,0.8944955504592329,2.028961347289176,2.8175512950432253,0.8944955504592329,4.846512642332401,2.923456897748409,3.7120468455024582,5.741008192791634
713,17825,Blackhole Attack,0.92,0.9113566764182098,0.25797927601939585,0.44821540192833687,0.9113566764182098,0.25797927601939585,0.44821540192833687,1.1693359524376057,1.3595720783465466,0.7061946779477327,1.6175513543659426,3.2324697448809503,2.8452705829524083,1.6861801995008505,3.2324697448809503,2.8452705829524083,1.6861801995008505,6.077740327833359,4.918649944381801,4.531450782453259,7.76392052733421
714,17850,Blackhole Attack,0.88,0.7370018923469638,0.1645889943269116,0.715092306313049,0.7370018923469638,0.1645889943269116,0.715092306313049,0.9015908866738753,1.4520941986600127,0.8796813006399606,1.6166831929869243,2.1808762833071755,1.048240774409619,4.073264251551699,2.1808762833071755,1.048240774409619,4.073264251551699,3.2291170577167945,6.254140534858874,5.1215050259613175,7.302381309268493
715,17875,Blackhole Attack,0.92,0.7770545082025067,0.20390062942114348,0.4520340770848162,0.7770545082025067,0.20390062942114348,0.4520340770848162,0.9809551376236502,1.2290885852873228,0.6559347065059596,1.4329892147084664,2.422447337276099,1.804681153500763,1.7203363906744946,2.422447337276099,1.804681153500763,1.7203363906744946,4.227128490776862,4.142783727950594,3.525017544175258,5.947464881451356
716,17900,Flooding Attack,0.96,0.6247098610059916,0.27664469398079383,0.41272086300755917,0.6247098610059916,0.27664469398079383,0.41272086300755917,0.9013545549867854,1.0374307240135507,0.689365556988353,1.3140754179943446,1.5036045550089099,3.2044333551131174,1.3686988198811751,1.5036045550089099,3.2044333551131174,1.3686988198811751,4.7080379101220275,2.872303374890085,4.573132174994292,6.076736730003203
717,17925,Wormhole Attack,0.72,0.9455224226717395,0.19582568128052463,0.5206082687686199,0.9455224226717395,0.19582568128052463,0.5206082687686199,1.1413481039522642,1.4661306914403593,0.7164339500491446,1.661956372720884,3.4385350705981907,1.6493017901649627,2.3336991682744537,3.4385350705981907,1.6493017901649627,2.3336991682744537,5.0878368607631534,5.772234238872644,3.9830009584394164,7.421536029037608
718,17950,Flooding Attack,0.72,0.7777268889073823,0.24423129685563652,0.46393536653279654,0.7777268889073823,0.24423129685563652,0.46393536653279654,1.021958185763019,1.2416622554401788,0.708166663388433,1.4858935522958154,2.4265026957608233,2.5807299057345032,1.8267876338257636,2.4265026957608233,2.5807299057345032,1.8267876338257636,5.007232601495327,4.253290329586587,4.407517539560267,6.83402023532109
719,17975,Wormhole Attack,0.68,0.8982697990948847,0.22301976756897876,0.6059530932264846,0.8982697990948847,0.22301976756897876,0.6059530932264846,1.1212895666638634,1.5042228923213692,0.8289728607954634,1.727242659890348,3.1535383023115098,2.1725744775453415,3.0970670957395114,3.1535383023115098,2.1725744775453415,3.0970670957395114,5.326112779856851,6.250605398051022,5.2696415732848525,8.423179875596363
720,18000,Sybil Attack,0.76,0.662298282246093,0.2443243918869033,0.4118337123336977,0.662298282246093,0.2443243918869033,0.4118337123336977,0.9066226741329964,1.0741319945797907,0.6561581042206011,1.318456386466694,1.7303132066672398,2.5825212542900684,1.360763688775607,1.7303132066672398,2.5825212542900684,1.360763688775607,4.312834460957308,3.0910768954428467,3.9432849430656756,5.673598149732915
721,18025,Wormhole Attack,0.76,0.7767873801954505,0.21875655977848957,0.541529989374269,0.7767873801954505,0.21875655977848957,0.541529989374269,0.9955439399739401,1.3183173695697195,0.7602865491527586,1.537073929348209,2.420836196709353,2.0905411937744725,2.5208337789458053,2.420836196709353,2.0905411937744725,2.5208337789458053,4.511377390483825,4.941669975655158,4.611374972720277,7.0322111694296305
722,18050,Sybil Attack,0.8,0.8920775526387126,0.2258430270494753,0.640887243668878,0.8920775526387126,0.2258430270494753,0.640887243668878,1.117920579688188,1.5329647963075905,0.8667302707183533,1.7588078233570659,3.116190741586688,2.226900059948115,3.4095360730953477,3.116190741586688,2.226900059948115,3.4095360730953477,5.343090801534803,6.525726814682036,5.636436133043462,8.75262687463015
723,18075,Normal Traffic,0.64,0.8506319554625922,0.2972514485490392,0.35505566299919655,0.8506319554625922,0.2972514485490392,0.35505566299919655,1.1478834040116315,1.2056876184617886,0.6523071115482357,1.502939067010828,2.866218139839098,3.6009516174564924,0.8529116646919975,2.866218139839098,3.6009516174564924,0.8529116646919975,6.46716975729559,3.7191298045310957,4.45386328214849,7.320081421987587
724,18100,Blackhole Attack,0.96,0.7945698168687226,0.22056788225864588,0.4841139061945221,0.7945698168687226,0.22056788225864588,0.4841139061945221,1.0151376991273686,1.2786837230632448,0.704681788453168,1.4992516053218907,2.5280881670873003,2.1253949326296846,2.0072748525726696,2.5280881670873003,2.1253949326296846,2.0072748525726696,4.6534830997169845,4.53536301965997,4.132669785202355,6.660757952289654
725,18125,Flooding Attack,0.76,0.7421646946216045,0.2526743705632391,0.3313314274143471,0.7421646946216045,0.2526743705632391,0.3313314274143471,0.9948390651848436,1.0734961220359516,0.5840057979775862,1.3261704925991906,2.21201491333864,2.7431927964477536,0.6407099211868543,2.21201491333864,2.7431927964477536,0.6407099211868543,4.955207709786394,2.8527248345254943,3.3839027176346077,5.595917630973248
726,18150,Normal Traffic,0.6,0.9595872517017742,0.343775602611468,0.2702738551917932,0.9595872517017742,0.343775602611468,0.2702738551917932,1.3033628543132423,1.2298611068935674,0.6140494578032611,1.5736367095050354,3.5233648750966653,4.496176368386331,0.09457964721118493,3.5233648750966653,4.496176368386331,0.09457964721118493,8.019541243482998,3.6179445223078504,4.590756015597516,8.114120890694183
727,18175,Blackhole Attack,0.76,0.7974581453332862,0.25784311647391805,0.43960436207992415,0.7974581453332862,0.25784311647391805,0.43960436207992415,1.0553012618072042,1.2370625074132104,0.6974474785538423,1.4949056238871283,2.5455086660107558,2.8426505805548685,1.6091586380393565,2.5455086660107558,2.8426505805548685,1.6091586380393565,5.388159246565625,4.154667304050112,4.451809218594225,6.997317884604981
728,18200,Sybil Attack,0.68,0.8674032427164267,0.3298661471271376,0.3535389647498402,0.8674032427164267,0.3298661471271376,0.3535389647498402,1.1972693898435642,1.2209422074662668,0.6834051118769777,1.5508083545934044,2.9673715215042726,4.2285285395871135,0.8393455368505529,2.9673715215042726,4.2285285395871135,0.8393455368505529,7.195900061091386,3.8067170583548258,5.067874076437667,8.03524559794194
729,18225,Wormhole Attack,0.88,0.6374262032640347,0.25239687901116536,0.42410369391237907,0.6374262032640347,0.25239687901116536,0.42410369391237907,0.8898230822752,1.0615298971764138,0.6765005729235445,1.313926776187579,1.5803011736014232,2.7378532623799874,1.470512703636804,1.5803011736014232,2.7378532623799874,1.470512703636804,4.318154435981411,3.050813877238227,4.208365966016792,5.788667139618215
730,18250,Sybil Attack,0.84,0.5060540456296753,0.2879898467762711,0.3239252268730079,0.5060540456296753,0.2879898467762711,0.3239252268730079,0.7940438924059463,0.8299792725026831,0.611915073649279,1.1179691192789543,0.7879506640525729,3.4227384869369772,0.5744650610732341,0.7879506640525729,3.4227384869369772,0.5744650610732341,4.21068915098955,1.3624157251258069,3.9972035480102113,4.785154212062785
731,18275,Flooding Attack,0.8,0.6154369253718174,0.26213991981778784,0.32904583664343845,0.6154369253718174,0.26213991981778784,0.32904583664343845,0.8775768451896052,0.9444827620152558,0.5911857564612263,1.2066226818330437,1.4476763019676433,2.925330315003102,0.6202664238698822,1.4476763019676433,2.925330315003102,0.6202664238698822,4.373006616970745,2.0679427258375256,3.5455967388729843,4.993273040840627
732,18300,Blackhole Attack,0.8,0.7919386999489092,0.27189287797092654,0.30994831705942866,0.7919386999489092,0.27189287797092654,0.30994831705942866,1.0638315779198357,1.101887017008338,0.5818411950303553,1.3737798949792643,2.5122189991476276,3.112998198695449,0.44944840371253364,2.5122189991476276,3.112998198695449,0.44944840371253364,5.625217197843076,2.961667402860161,3.5624466024079826,6.07466560155561
